r,c,o,a,count
2,33,0,0,1
2,33,0,1,0
2,33,0,2,0
2,33,0,3,0
2,33,0,4,0
2,33,0,5,0
2,33,0,6,0
2,33,0,7,0
2,33,0,8,0
2,33,0,9,0
2,33,0,10,0
2,33,0,11,0
2,33,0,12,0
2,33,0,13,0
2,33,0,14,0
2,33,0,15,0
2,33,0,16,0
2,33,0,17,0
2,33,0,18,0
2,33,0,19,0
2,33,0,20,0
2,33,0,21,0
2,33,0,22,0
2,33,0,23,0
2,33,0,24,0
2,33,0,25,0
2,33,0,26,0
2,33,0,27,0
2,33,0,28,0
2,33,0,29,0
2,33,0,30,0
2,33,0,31,0
2,33,0,32,0
2,33,0,33,0
2,33,0,34,0
2,33,0,35,0
2,33,0,36,0
2,33,0,37,0
2,33,0,38,0
2,33,0,39,0
2,33,0,40,0
2,33,0,41,0
2,33,0,42,0
2,33,0,43,0
2,33,0,44,0
2,33,0,45,0
2,33,0,46,0
2,33,0,47,0
2,33,0,48,0
2,33,0,49,0
2,33,0,50,0
2,33,0,51,0
2,33,0,52,0
2,33,0,53,0
2,33,0,54,0
2,33,0,55,0
2,33,0,56,0
2,33,0,57,0
2,33,0,58,0
2,33,0,59,0
2,33,0,60,0
2,33,0,61,0
2,33,0,62,0
2,33,0,63,0
2,33,0,64,0
2,33,0,65,0
2,33,0,66,0
2,33,0,67,0
2,33,0,68,0
2,33,0,69,0
2,33,0,70,0
2,33,0,71,0
2,33,0,72,0
2,33,0,73,0
2,33,0,74,0
2,33,0,75,0
2,33,0,76,0
2,33,0,77,0
2,33,0,78,0
2,33,0,79,0
2,33,0,80,0
2,33,0,81,0
2,33,0,82,0
2,33,0,83,0
2,33,0,84,0
2,33,0,85,0
2,33,0,86,0
2,33,0,87,0
2,33,0,88,0
2,33,0,89,0
2,33,0,90,0
2,33,0,91,0
2,33,0,92,0
2,33,0,93,0
2,33,0,94,0
2,33,0,95,0
2,33,0,96,0
2,33,0,97,0
2,33,1,0,66
2,33,1,1,0
2,33,1,2,0
2,33,1,3,0
2,33,1,4,0
2,33,1,5,0
2,33,1,6,0
2,33,1,7,0
2,33,1,8,0
2,33,1,9,0
2,33,1,10,0
2,33,1,11,0
2,33,1,12,0
2,33,1,13,0
2,33,1,14,0
2,33,1,15,0
2,33,1,16,0
2,33,1,17,0
2,33,1,18,0
2,33,1,19,0
2,33,1,20,0
2,33,1,21,0
2,33,1,22,0
2,33,1,23,0
2,33,1,24,0
2,33,1,25,0
2,33,1,26,0
2,33,1,27,0
2,33,1,28,0
2,33,1,29,0
2,33,1,30,0
2,33,1,31,0
2,33,1,32,0
2,33,1,33,0
2,33,1,34,0
2,33,1,35,0
2,33,1,36,0
2,33,1,37,0
2,33,1,38,0
2,33,1,39,0
2,33,1,40,0
2,33,1,41,0
2,33,1,42,0
2,33,1,43,0
2,33,1,44,0
2,33,1,45,0
2,33,1,46,0
2,33,1,47,0
2,33,1,48,0
2,33,1,49,0
2,33,1,50,0
2,33,1,51,0
2,33,1,52,0
2,33,1,53,0
2,33,1,54,0
2,33,1,55,0
2,33,1,56,0
2,33,1,57,0
2,33,1,58,0
2,33,1,59,0
2,33,1,60,0
2,33,1,61,0
2,33,1,62,0
2,33,1,63,0
2,33,1,64,0
2,33,1,65,0
2,33,1,66,0
2,33,1,67,0
2,33,1,68,0
2,33,1,69,0
2,33,1,70,0
2,33,1,71,0
2,33,1,72,0
2,33,1,73,0
2,33,1,74,0
2,33,1,75,0
2,33,1,76,0
2,33,1,77,0
2,33,1,78,0
2,33,1,79,0
2,33,1,80,0
2,33,1,81,0
2,33,1,82,0
2,33,1,83,0
2,33,1,84,0
2,33,1,85,0
2,33,1,86,0
2,33,1,87,0
2,33,1,88,0
2,33,1,89,0
2,33,1,90,0
2,33,1,91,0
2,33,1,92,0
2,33,1,93,0
2,33,1,94,0
2,33,1,95,0
2,33,1,96,0
2,33,1,97,0
2,33,2,0,2048
2,33,2,1,97
2,33,2,2,0
2,33,2,3,0
2,33,2,4,0
2,33,2,5,0
2,33,2,6,0
2,33,2,7,0
2,33,2,8,0
2,33,2,9,0
2,33,2,10,0
2,33,2,11,0
2,33,2,12,0
2,33,2,13,0
2,33,2,14,0
2,33,2,15,0
2,33,2,16,0
2,33,2,17,0
2,33,2,18,0
2,33,2,19,0
2,33,2,20,0
2,33,2,21,0
2,33,2,22,0
2,33,2,23,0
2,33,2,24,0
2,33,2,25,0
2,33,2,26,0
2,33,2,27,0
2,33,2,28,0
2,33,2,29,0
2,33,2,30,0
2,33,2,31,0
2,33,2,32,0
2,33,2,33,0
2,33,2,34,0
2,33,2,35,0
2,33,2,36,0
2,33,2,37,0
2,33,2,38,0
2,33,2,39,0
2,33,2,40,0
2,33,2,41,0
2,33,2,42,0
2,33,2,43,0
2,33,2,44,0
2,33,2,45,0
2,33,2,46,0
2,33,2,47,0
2,33,2,48,0
2,33,2,49,0
2,33,2,50,0
2,33,2,51,0
2,33,2,52,0
2,33,2,53,0
2,33,2,54,0
2,33,2,55,0
2,33,2,56,0
2,33,2,57,0
2,33,2,58,0
2,33,2,59,0
2,33,2,60,0
2,33,2,61,0
2,33,2,62,0
2,33,2,63,0
2,33,2,64,0
2,33,2,65,0
2,33,2,66,0
2,33,2,67,0
2,33,2,68,0
2,33,2,69,0
2,33,2,70,0
2,33,2,71,0
2,33,2,72,0
2,33,2,73,0
2,33,2,74,0
2,33,2,75,0
2,33,2,76,0
2,33,2,77,0
2,33,2,78,0
2,33,2,79,0
2,33,2,80,0
2,33,2,81,0
2,33,2,82,0
2,33,2,83,0
2,33,2,84,0
2,33,2,85,0
2,33,2,86,0
2,33,2,87,0
2,33,2,88,0
2,33,2,89,0
2,33,2,90,0
2,33,2,91,0
2,33,2,92,0
2,33,2,93,0
2,33,2,94,0
2,33,2,95,0
2,33,2,96,0
2,33,2,97,0
2,33,3,0,39742
2,33,3,1,5828
2,33,3,2,190
2,33,3,3,0
2,33,3,4,0
2,33,3,5,0
2,33,3,6,0
2,33,3,7,0
2,33,3,8,0
2,33,3,9,0
2,33,3,10,0
2,33,3,11,0
2,33,3,12,0
2,33,3,13,0
2,33,3,14,0
2,33,3,15,0
2,33,3,16,0
2,33,3,17,0
2,33,3,18,0
2,33,3,19,0
2,33,3,20,0
2,33,3,21,0
2,33,3,22,0
2,33,3,23,0
2,33,3,24,0
2,33,3,25,0
2,33,3,26,0
2,33,3,27,0
2,33,3,28,0
2,33,3,29,0
2,33,3,30,0
2,33,3,31,0
2,33,3,32,0
2,33,3,33,0
2,33,3,34,0
2,33,3,35,0
2,33,3,36,0
2,33,3,37,0
2,33,3,38,0
2,33,3,39,0
2,33,3,40,0
2,33,3,41,0
2,33,3,42,0
2,33,3,43,0
2,33,3,44,0
2,33,3,45,0
2,33,3,46,0
2,33,3,47,0
2,33,3,48,0
2,33,3,49,0
2,33,3,50,0
2,33,3,51,0
2,33,3,52,0
2,33,3,53,0
2,33,3,54,0
2,33,3,55,0
2,33,3,56,0
2,33,3,57,0
2,33,3,58,0
2,33,3,59,0
2,33,3,60,0
2,33,3,61,0
2,33,3,62,0
2,33,3,63,0
2,33,3,64,0
2,33,3,65,0
2,33,3,66,0
2,33,3,67,0
2,33,3,68,0
2,33,3,69,0
2,33,3,70,0
2,33,3,71,0
2,33,3,72,0
2,33,3,73,0
2,33,3,74,0
2,33,3,75,0
2,33,3,76,0
2,33,3,77,0
2,33,3,78,0
2,33,3,79,0
2,33,3,80,0
2,33,3,81,0
2,33,3,82,0
2,33,3,83,0
2,33,3,84,0
2,33,3,85,0
2,33,3,86,0
2,33,3,87,0
2,33,3,88,0
2,33,3,89,0
2,33,3,90,0
2,33,3,91,0
2,33,3,92,0
2,33,3,93,0
2,33,3,94,0
2,33,3,95,0
2,33,3,96,0
2,33,3,97,0
2,33,4,0,541200
2,33,4,1,163860
2,33,4,2,15320
2,33,4,3,308
2,33,4,4,32
2,33,4,5,0
2,33,4,6,0
2,33,4,7,0
2,33,4,8,0
2,33,4,9,0
2,33,4,10,0
2,33,4,11,0
2,33,4,12,0
2,33,4,13,0
2,33,4,14,0
2,33,4,15,0
2,33,4,16,0
2,33,4,17,0
2,33,4,18,0
2,33,4,19,0
2,33,4,20,0
2,33,4,21,0
2,33,4,22,0
2,33,4,23,0
2,33,4,24,0
2,33,4,25,0
2,33,4,26,0
2,33,4,27,0
2,33,4,28,0
2,33,4,29,0
2,33,4,30,0
2,33,4,31,0
2,33,4,32,0
2,33,4,33,0
2,33,4,34,0
2,33,4,35,0
2,33,4,36,0
2,33,4,37,0
2,33,4,38,0
2,33,4,39,0
2,33,4,40,0
2,33,4,41,0
2,33,4,42,0
2,33,4,43,0
2,33,4,44,0
2,33,4,45,0
2,33,4,46,0
2,33,4,47,0
2,33,4,48,0
2,33,4,49,0
2,33,4,50,0
2,33,4,51,0
2,33,4,52,0
2,33,4,53,0
2,33,4,54,0
2,33,4,55,0
2,33,4,56,0
2,33,4,57,0
2,33,4,58,0
2,33,4,59,0
2,33,4,60,0
2,33,4,61,0
2,33,4,62,0
2,33,4,63,0
2,33,4,64,0
2,33,4,65,0
2,33,4,66,0
2,33,4,67,0
2,33,4,68,0
2,33,4,69,0
2,33,4,70,0
2,33,4,71,0
2,33,4,72,0
2,33,4,73,0
2,33,4,74,0
2,33,4,75,0
2,33,4,76,0
2,33,4,77,0
2,33,4,78,0
2,33,4,79,0
2,33,4,80,0
2,33,4,81,0
2,33,4,82,0
2,33,4,83,0
2,33,4,84,0
2,33,4,85,0
2,33,4,86,0
2,33,4,87,0
2,33,4,88,0
2,33,4,89,0
2,33,4,90,0
2,33,4,91,0
2,33,4,92,0
2,33,4,93,0
2,33,4,94,0
2,33,4,95,0
2,33,4,96,0
2,33,4,97,0
2,33,5,0,5502170
2,33,5,1,2866708
2,33,5,2,532038
2,33,5,3,33548
2,33,5,4,2340
2,33,5,5,124
2,33,5,6,0
2,33,5,7,0
2,33,5,8,0
2,33,5,9,0
2,33,5,10,0
2,33,5,11,0
2,33,5,12,0
2,33,5,13,0
2,33,5,14,0
2,33,5,15,0
2,33,5,16,0
2,33,5,17,0
2,33,5,18,0
2,33,5,19,0
2,33,5,20,0
2,33,5,21,0
2,33,5,22,0
2,33,5,23,0
2,33,5,24,0
2,33,5,25,0
2,33,5,26,0
2,33,5,27,0
2,33,5,28,0
2,33,5,29,0
2,33,5,30,0
2,33,5,31,0
2,33,5,32,0
2,33,5,33,0
2,33,5,34,0
2,33,5,35,0
2,33,5,36,0
2,33,5,37,0
2,33,5,38,0
2,33,5,39,0
2,33,5,40,0
2,33,5,41,0
2,33,5,42,0
2,33,5,43,0
2,33,5,44,0
2,33,5,45,0
2,33,5,46,0
2,33,5,47,0
2,33,5,48,0
2,33,5,49,0
2,33,5,50,0
2,33,5,51,0
2,33,5,52,0
2,33,5,53,0
2,33,5,54,0
2,33,5,55,0
2,33,5,56,0
2,33,5,57,0
2,33,5,58,0
2,33,5,59,0
2,33,5,60,0
2,33,5,61,0
2,33,5,62,0
2,33,5,63,0
2,33,5,64,0
2,33,5,65,0
2,33,5,66,0
2,33,5,67,0
2,33,5,68,0
2,33,5,69,0
2,33,5,70,0
2,33,5,71,0
2,33,5,72,0
2,33,5,73,0
2,33,5,74,0
2,33,5,75,0
2,33,5,76,0
2,33,5,77,0
2,33,5,78,0
2,33,5,79,0
2,33,5,80,0
2,33,5,81,0
2,33,5,82,0
2,33,5,83,0
2,33,5,84,0
2,33,5,85,0
2,33,5,86,0
2,33,5,87,0
2,33,5,88,0
2,33,5,89,0
2,33,5,90,0
2,33,5,91,0
2,33,5,92,0
2,33,5,93,0
2,33,5,94,0
2,33,5,95,0
2,33,5,96,0
2,33,5,97,0
2,33,6,0,43381856
2,33,6,1,35007224
2,33,6,2,10924204
2,33,6,3,1417239
2,33,6,4,117404
2,33,6,5,10570
2,33,6,6,240
2,33,6,7,31
2,33,6,8,0
2,33,6,9,0
2,33,6,10,0
2,33,6,11,0
2,33,6,12,0
2,33,6,13,0
2,33,6,14,0
2,33,6,15,0
2,33,6,16,0
2,33,6,17,0
2,33,6,18,0
2,33,6,19,0
2,33,6,20,0
2,33,6,21,0
2,33,6,22,0
2,33,6,23,0
2,33,6,24,0
2,33,6,25,0
2,33,6,26,0
2,33,6,27,0
2,33,6,28,0
2,33,6,29,0
2,33,6,30,0
2,33,6,31,0
2,33,6,32,0
2,33,6,33,0
2,33,6,34,0
2,33,6,35,0
2,33,6,36,0
2,33,6,37,0
2,33,6,38,0
2,33,6,39,0
2,33,6,40,0
2,33,6,41,0
2,33,6,42,0
2,33,6,43,0
2,33,6,44,0
2,33,6,45,0
2,33,6,46,0
2,33,6,47,0
2,33,6,48,0
2,33,6,49,0
2,33,6,50,0
2,33,6,51,0
2,33,6,52,0
2,33,6,53,0
2,33,6,54,0
2,33,6,55,0
2,33,6,56,0
2,33,6,57,0
2,33,6,58,0
2,33,6,59,0
2,33,6,60,0
2,33,6,61,0
2,33,6,62,0
2,33,6,63,0
2,33,6,64,0
2,33,6,65,0
2,33,6,66,0
2,33,6,67,0
2,33,6,68,0
2,33,6,69,0
2,33,6,70,0
2,33,6,71,0
2,33,6,72,0
2,33,6,73,0
2,33,6,74,0
2,33,6,75,0
2,33,6,76,0
2,33,6,77,0
2,33,6,78,0
2,33,6,79,0
2,33,6,80,0
2,33,6,81,0
2,33,6,82,0
2,33,6,83,0
2,33,6,84,0
2,33,6,85,0
2,33,6,86,0
2,33,6,87,0
2,33,6,88,0
2,33,6,89,0
2,33,6,90,0
2,33,6,91,0
2,33,6,92,0
2,33,6,93,0
2,33,6,94,0
2,33,6,95,0
2,33,6,96,0
2,33,6,97,0
2,33,7,0,272061558
2,33,7,1,317336724
2,33,7,2,151142206
2,33,7,3,33564424
2,33,7,4,4194064
2,33,7,5,458232
2,33,7,6,29904
2,33,7,7,2208
2,33,7,8,120
2,33,7,9,0
2,33,7,10,0
2,33,7,11,0
2,33,7,12,0
2,33,7,13,0
2,33,7,14,0
2,33,7,15,0
2,33,7,16,0
2,33,7,17,0
2,33,7,18,0
2,33,7,19,0
2,33,7,20,0
2,33,7,21,0
2,33,7,22,0
2,33,7,23,0
2,33,7,24,0
2,33,7,25,0
2,33,7,26,0
2,33,7,27,0
2,33,7,28,0
2,33,7,29,0
2,33,7,30,0
2,33,7,31,0
2,33,7,32,0
2,33,7,33,0
2,33,7,34,0
2,33,7,35,0
2,33,7,36,0
2,33,7,37,0
2,33,7,38,0
2,33,7,39,0
2,33,7,40,0
2,33,7,41,0
2,33,7,42,0
2,33,7,43,0
2,33,7,44,0
2,33,7,45,0
2,33,7,46,0
2,33,7,47,0
2,33,7,48,0
2,33,7,49,0
2,33,7,50,0
2,33,7,51,0
2,33,7,52,0
2,33,7,53,0
2,33,7,54,0
2,33,7,55,0
2,33,7,56,0
2,33,7,57,0
2,33,7,58,0
2,33,7,59,0
2,33,7,60,0
2,33,7,61,0
2,33,7,62,0
2,33,7,63,0
2,33,7,64,0
2,33,7,65,0
2,33,7,66,0
2,33,7,67,0
2,33,7,68,0
2,33,7,69,0
2,33,7,70,0
2,33,7,71,0
2,33,7,72,0
2,33,7,73,0
2,33,7,74,0
2,33,7,75,0
2,33,7,76,0
2,33,7,77,0
2,33,7,78,0
2,33,7,79,0
2,33,7,80,0
2,33,7,81,0
2,33,7,82,0
2,33,7,83,0
2,33,7,84,0
2,33,7,85,0
2,33,7,86,0
2,33,7,87,0
2,33,7,88,0
2,33,7,89,0
2,33,7,90,0
2,33,7,91,0
2,33,7,92,0
2,33,7,93,0
2,33,7,94,0
2,33,7,95,0
2,33,7,96,0
2,33,7,97,0
2,33,8,0,1381251872
2,33,8,1,2217378748
2,33,8,2,1511980656
2,33,8,3,517861964
2,33,8,4,99642141
2,33,8,5,13862300
2,33,8,6,1464516
2,33,8,7,119092
2,33,8,8,10569
2,33,8,9,232
2,33,8,10,30
2,33,8,11,0
2,33,8,12,0
2,33,8,13,0
2,33,8,14,0
2,33,8,15,0
2,33,8,16,0
2,33,8,17,0
2,33,8,18,0
2,33,8,19,0
2,33,8,20,0
2,33,8,21,0
2,33,8,22,0
2,33,8,23,0
2,33,8,24,0
2,33,8,25,0
2,33,8,26,0
2,33,8,27,0
2,33,8,28,0
2,33,8,29,0
2,33,8,30,0
2,33,8,31,0
2,33,8,32,0
2,33,8,33,0
2,33,8,34,0
2,33,8,35,0
2,33,8,36,0
2,33,8,37,0
2,33,8,38,0
2,33,8,39,0
2,33,8,40,0
2,33,8,41,0
2,33,8,42,0
2,33,8,43,0
2,33,8,44,0
2,33,8,45,0
2,33,8,46,0
2,33,8,47,0
2,33,8,48,0
2,33,8,49,0
2,33,8,50,0
2,33,8,51,0
2,33,8,52,0
2,33,8,53,0
2,33,8,54,0
2,33,8,55,0
2,33,8,56,0
2,33,8,57,0
2,33,8,58,0
2,33,8,59,0
2,33,8,60,0
2,33,8,61,0
2,33,8,62,0
2,33,8,63,0
2,33,8,64,0
2,33,8,65,0
2,33,8,66,0
2,33,8,67,0
2,33,8,68,0
2,33,8,69,0
2,33,8,70,0
2,33,8,71,0
2,33,8,72,0
2,33,8,73,0
2,33,8,74,0
2,33,8,75,0
2,33,8,76,0
2,33,8,77,0
2,33,8,78,0
2,33,8,79,0
2,33,8,80,0
2,33,8,81,0
2,33,8,82,0
2,33,8,83,0
2,33,8,84,0
2,33,8,85,0
2,33,8,86,0
2,33,8,87,0
2,33,8,88,0
2,33,8,89,0
2,33,8,90,0
2,33,8,91,0
2,33,8,92,0
2,33,8,93,0
2,33,8,94,0
2,33,8,95,0
2,33,8,96,0
2,33,8,97,0
2,33,9,0,5749494450
2,33,9,1,12244388900
2,33,9,2,11419008454
2,33,9,3,5638642836
2,33,9,4,1608466280
2,33,9,5,304924936
2,33,9,6,43851774
2,33,9,7,4831076
2,33,9,8,488640
2,33,9,9,31844
2,33,9,10,2134
2,33,9,11,116
2,33,9,12,0
2,33,9,13,0
2,33,9,14,0
2,33,9,15,0
2,33,9,16,0
2,33,9,17,0
2,33,9,18,0
2,33,9,19,0
2,33,9,20,0
2,33,9,21,0
2,33,9,22,0
2,33,9,23,0
2,33,9,24,0
2,33,9,25,0
2,33,9,26,0
2,33,9,27,0
2,33,9,28,0
2,33,9,29,0
2,33,9,30,0
2,33,9,31,0
2,33,9,32,0
2,33,9,33,0
2,33,9,34,0
2,33,9,35,0
2,33,9,36,0
2,33,9,37,0
2,33,9,38,0
2,33,9,39,0
2,33,9,40,0
2,33,9,41,0
2,33,9,42,0
2,33,9,43,0
2,33,9,44,0
2,33,9,45,0
2,33,9,46,0
2,33,9,47,0
2,33,9,48,0
2,33,9,49,0
2,33,9,50,0
2,33,9,51,0
2,33,9,52,0
2,33,9,53,0
2,33,9,54,0
2,33,9,55,0
2,33,9,56,0
2,33,9,57,0
2,33,9,58,0
2,33,9,59,0
2,33,9,60,0
2,33,9,61,0
2,33,9,62,0
2,33,9,63,0
2,33,9,64,0
2,33,9,65,0
2,33,9,66,0
2,33,9,67,0
2,33,9,68,0
2,33,9,69,0
2,33,9,70,0
2,33,9,71,0
2,33,9,72,0
2,33,9,73,0
2,33,9,74,0
2,33,9,75,0
2,33,9,76,0
2,33,9,77,0
2,33,9,78,0
2,33,9,79,0
2,33,9,80,0
2,33,9,81,0
2,33,9,82,0
2,33,9,83,0
2,33,9,84,0
2,33,9,85,0
2,33,9,86,0
2,33,9,87,0
2,33,9,88,0
2,33,9,89,0
2,33,9,90,0
2,33,9,91,0
2,33,9,92,0
2,33,9,93,0
2,33,9,94,0
2,33,9,95,0
2,33,9,96,0
2,33,9,97,0
2,33,10,0,19804348032
2,33,10,1,54363108912
2,33,10,2,66988642452
2,33,10,3,45480240912
2,33,10,4,18418295304
2,33,10,5,4846784811
2,33,10,6,924415248
2,33,10,7,136324332
2,33,10,8,16593792
2,33,10,9,1658508
2,33,10,10,126084
2,33,10,11,10568
2,33,10,12,224
2,33,10,13,29
2,33,10,14,0
2,33,10,15,0
2,33,10,16,0
2,33,10,17,0
2,33,10,18,0
2,33,10,19,0
2,33,10,20,0
2,33,10,21,0
2,33,10,22,0
2,33,10,23,0
2,33,10,24,0
2,33,10,25,0
2,33,10,26,0
2,33,10,27,0
2,33,10,28,0
2,33,10,29,0
2,33,10,30,0
2,33,10,31,0
2,33,10,32,0
2,33,10,33,0
2,33,10,34,0
2,33,10,35,0
2,33,10,36,0
2,33,10,37,0
2,33,10,38,0
2,33,10,39,0
2,33,10,40,0
2,33,10,41,0
2,33,10,42,0
2,33,10,43,0
2,33,10,44,0
2,33,10,45,0
2,33,10,46,0
2,33,10,47,0
2,33,10,48,0
2,33,10,49,0
2,33,10,50,0
2,33,10,51,0
2,33,10,52,0
2,33,10,53,0
2,33,10,54,0
2,33,10,55,0
2,33,10,56,0
2,33,10,57,0
2,33,10,58,0
2,33,10,59,0
2,33,10,60,0
2,33,10,61,0
2,33,10,62,0
2,33,10,63,0
2,33,10,64,0
2,33,10,65,0
2,33,10,66,0
2,33,10,67,0
2,33,10,68,0
2,33,10,69,0
2,33,10,70,0
2,33,10,71,0
2,33,10,72,0
2,33,10,73,0
2,33,10,74,0
2,33,10,75,0
2,33,10,76,0
2,33,10,77,0
2,33,10,78,0
2,33,10,79,0
2,33,10,80,0
2,33,10,81,0
2,33,10,82,0
2,33,10,83,0
2,33,10,84,0
2,33,10,85,0
2,33,10,86,0
2,33,10,87,0
2,33,10,88,0
2,33,10,89,0
2,33,10,90,0
2,33,10,91,0
2,33,10,92,0
2,33,10,93,0
2,33,10,94,0
2,33,10,95,0
2,33,10,96,0
2,33,10,97,0
2,33,11,0,56836459246
2,33,11,1,196460397476
2,33,11,2,311312471646
2,33,11,3,280500829776
2,33,11,4,155322706586
2,33,11,5,56133865524
2,33,11,6,14275913164
2,33,11,7,2755282424
2,33,11,8,424327128
2,33,11,9,54381936
2,33,11,10,5606340
2,33,11,11,519144
2,33,11,12,33406
2,33,11,13,2060
2,33,11,14,112
2,33,11,15,0
2,33,11,16,0
2,33,11,17,0
2,33,11,18,0
2,33,11,19,0
2,33,11,20,0
2,33,11,21,0
2,33,11,22,0
2,33,11,23,0
2,33,11,24,0
2,33,11,25,0
2,33,11,26,0
2,33,11,27,0
2,33,11,28,0
2,33,11,29,0
2,33,11,30,0
2,33,11,31,0
2,33,11,32,0
2,33,11,33,0
2,33,11,34,0
2,33,11,35,0
2,33,11,36,0
2,33,11,37,0
2,33,11,38,0
2,33,11,39,0
2,33,11,40,0
2,33,11,41,0
2,33,11,42,0
2,33,11,43,0
2,33,11,44,0
2,33,11,45,0
2,33,11,46,0
2,33,11,47,0
2,33,11,48,0
2,33,11,49,0
2,33,11,50,0
2,33,11,51,0
2,33,11,52,0
2,33,11,53,0
2,33,11,54,0
2,33,11,55,0
2,33,11,56,0
2,33,11,57,0
2,33,11,58,0
2,33,11,59,0
2,33,11,60,0
2,33,11,61,0
2,33,11,62,0
2,33,11,63,0
2,33,11,64,0
2,33,11,65,0
2,33,11,66,0
2,33,11,67,0
2,33,11,68,0
2,33,11,69,0
2,33,11,70,0
2,33,11,71,0
2,33,11,72,0
2,33,11,73,0
2,33,11,74,0
2,33,11,75,0
2,33,11,76,0
2,33,11,77,0
2,33,11,78,0
2,33,11,79,0
2,33,11,80,0
2,33,11,81,0
2,33,11,82,0
2,33,11,83,0
2,33,11,84,0
2,33,11,85,0
2,33,11,86,0
2,33,11,87,0
2,33,11,88,0
2,33,11,89,0
2,33,11,90,0
2,33,11,91,0
2,33,11,92,0
2,33,11,93,0
2,33,11,94,0
2,33,11,95,0
2,33,11,96,0
2,33,11,97,0
2,33,12,0,136585481648
2,33,12,1,583045147300
2,33,12,2,1162148369144
2,33,12,3,1351898584996
2,33,12,4,992433945696
2,33,12,5,482500812720
2,33,12,6,163546333476
2,33,12,7,41131135528
2,33,12,8,8096312144
2,33,12,9,1299070144
2,33,12,10,173024958
2,33,12,11,19295832
2,33,12,12,1825712
2,33,12,13,131464
2,33,12,14,10514
2,33,12,15,216
2,33,12,16,28
2,33,12,17,0
2,33,12,18,0
2,33,12,19,0
2,33,12,20,0
2,33,12,21,0
2,33,12,22,0
2,33,12,23,0
2,33,12,24,0
2,33,12,25,0
2,33,12,26,0
2,33,12,27,0
2,33,12,28,0
2,33,12,29,0
2,33,12,30,0
2,33,12,31,0
2,33,12,32,0
2,33,12,33,0
2,33,12,34,0
2,33,12,35,0
2,33,12,36,0
2,33,12,37,0
2,33,12,38,0
2,33,12,39,0
2,33,12,40,0
2,33,12,41,0
2,33,12,42,0
2,33,12,43,0
2,33,12,44,0
2,33,12,45,0
2,33,12,46,0
2,33,12,47,0
2,33,12,48,0
2,33,12,49,0
2,33,12,50,0
2,33,12,51,0
2,33,12,52,0
2,33,12,53,0
2,33,12,54,0
2,33,12,55,0
2,33,12,56,0
2,33,12,57,0
2,33,12,58,0
2,33,12,59,0
2,33,12,60,0
2,33,12,61,0
2,33,12,62,0
2,33,12,63,0
2,33,12,64,0
2,33,12,65,0
2,33,12,66,0
2,33,12,67,0
2,33,12,68,0
2,33,12,69,0
2,33,12,70,0
2,33,12,71,0
2,33,12,72,0
2,33,12,73,0
2,33,12,74,0
2,33,12,75,0
2,33,12,76,0
2,33,12,77,0
2,33,12,78,0
2,33,12,79,0
2,33,12,80,0
2,33,12,81,0
2,33,12,82,0
2,33,12,83,0
2,33,12,84,0
2,33,12,85,0
2,33,12,86,0
2,33,12,87,0
2,33,12,88,0
2,33,12,89,0
2,33,12,90,0
2,33,12,91,0
2,33,12,92,0
2,33,12,93,0
2,33,12,94,0
2,33,12,95,0
2,33,12,96,0
2,33,12,97,0
2,33,13,0,275848947402
2,33,13,1,1430143019508
2,33,13,2,3520010591174
2,33,13,3,5170066809116
2,33,13,4,4905654705404
2,33,13,5,3138304978908
2,33,13,6,1404664281456
2,33,13,7,460324179744
2,33,13,8,115971333330
2,33,13,9,23386130004
2,33,13,10,3895990500
2,33,13,11,542067136
2,33,13,12,64117612
2,33,13,13,6269872
2,33,13,14,542340
2,33,13,15,34560
2,33,13,16,1986
2,33,13,17,108
2,33,13,18,0
2,33,13,19,0
2,33,13,20,0
2,33,13,21,0
2,33,13,22,0
2,33,13,23,0
2,33,13,24,0
2,33,13,25,0
2,33,13,26,0
2,33,13,27,0
2,33,13,28,0
2,33,13,29,0
2,33,13,30,0
2,33,13,31,0
2,33,13,32,0
2,33,13,33,0
2,33,13,34,0
2,33,13,35,0
2,33,13,36,0
2,33,13,37,0
2,33,13,38,0
2,33,13,39,0
2,33,13,40,0
2,33,13,41,0
2,33,13,42,0
2,33,13,43,0
2,33,13,44,0
2,33,13,45,0
2,33,13,46,0
2,33,13,47,0
2,33,13,48,0
2,33,13,49,0
2,33,13,50,0
2,33,13,51,0
2,33,13,52,0
2,33,13,53,0
2,33,13,54,0
2,33,13,55,0
2,33,13,56,0
2,33,13,57,0
2,33,13,58,0
2,33,13,59,0
2,33,13,60,0
2,33,13,61,0
2,33,13,62,0
2,33,13,63,0
2,33,13,64,0
2,33,13,65,0
2,33,13,66,0
2,33,13,67,0
2,33,13,68,0
2,33,13,69,0
2,33,13,70,0
2,33,13,71,0
2,33,13,72,0
2,33,13,73,0
2,33,13,74,0
2,33,13,75,0
2,33,13,76,0
2,33,13,77,0
2,33,13,78,0
2,33,13,79,0
2,33,13,80,0
2,33,13,81,0
2,33,13,82,0
2,33,13,83,0
2,33,13,84,0
2,33,13,85,0
2,33,13,86,0
2,33,13,87,0
2,33,13,88,0
2,33,13,89,0
2,33,13,90,0
2,33,13,91,0
2,33,13,92,0
2,33,13,93,0
2,33,13,94,0
2,33,13,95,0
2,33,13,96,0
2,33,13,97,0
2,33,14,0,469398016480
2,33,14,1,2912848959080
2,33,14,2,8713254021756
2,33,14,3,15861169208280
2,33,14,4,19046328270904
2,33,14,5,15705546053824
2,33,14,6,9153914003916
2,33,14,7,3894540137278
2,33,14,8,1257166787640
2,33,14,9,319841072532
2,33,14,10,66286490132
2,33,14,11,11443062078
2,33,14,12,1665923816
2,33,14,13,206554200
2,33,14,14,21619544
2,33,14,15,1958939
2,33,14,16,135276
2,33,14,17,10410
2,33,14,18,208
2,33,14,19,27
2,33,14,20,0
2,33,14,21,0
2,33,14,22,0
2,33,14,23,0
2,33,14,24,0
2,33,14,25,0
2,33,14,26,0
2,33,14,27,0
2,33,14,28,0
2,33,14,29,0
2,33,14,30,0
2,33,14,31,0
2,33,14,32,0
2,33,14,33,0
2,33,14,34,0
2,33,14,35,0
2,33,14,36,0
2,33,14,37,0
2,33,14,38,0
2,33,14,39,0
2,33,14,40,0
2,33,14,41,0
2,33,14,42,0
2,33,14,43,0
2,33,14,44,0
2,33,14,45,0
2,33,14,46,0
2,33,14,47,0
2,33,14,48,0
2,33,14,49,0
2,33,14,50,0
2,33,14,51,0
2,33,14,52,0
2,33,14,53,0
2,33,14,54,0
2,33,14,55,0
2,33,14,56,0
2,33,14,57,0
2,33,14,58,0
2,33,14,59,0
2,33,14,60,0
2,33,14,61,0
2,33,14,62,0
2,33,14,63,0
2,33,14,64,0
2,33,14,65,0
2,33,14,66,0
2,33,14,67,0
2,33,14,68,0
2,33,14,69,0
2,33,14,70,0
2,33,14,71,0
2,33,14,72,0
2,33,14,73,0
2,33,14,74,0
2,33,14,75,0
2,33,14,76,0
2,33,14,77,0
2,33,14,78,0
2,33,14,79,0
2,33,14,80,0
2,33,14,81,0
2,33,14,82,0
2,33,14,83,0
2,33,14,84,0
2,33,14,85,0
2,33,14,86,0
2,33,14,87,0
2,33,14,88,0
2,33,14,89,0
2,33,14,90,0
2,33,14,91,0
2,33,14,92,0
2,33,14,93,0
2,33,14,94,0
2,33,14,95,0
2,33,14,96,0
2,33,14,97,0
2,33,15,0,674152795558
2,33,15,1,4942361120500
2,33,15,2,17718088667390
2,33,15,3,39342375958360
2,33,15,4,58725719409342
2,33,15,5,61277476363620
2,33,15,6,45799057736564
2,33,15,7,25095057382384
2,33,15,8,10370372078088
2,33,15,9,3337186621824
2,33,15,10,862763518254
2,33,15,11,183983668680
2,33,15,12,32921513450
2,33,15,13,5011604012
2,33,15,14,650230204
2,33,15,15,72516688
2,33,15,16,6811696
2,33,15,17,558616
2,33,15,18,35330
2,33,15,19,1912
2,33,15,20,104
2,33,15,21,0
2,33,15,22,0
2,33,15,23,0
2,33,15,24,0
2,33,15,25,0
2,33,15,26,0
2,33,15,27,0
2,33,15,28,0
2,33,15,29,0
2,33,15,30,0
2,33,15,31,0
2,33,15,32,0
2,33,15,33,0
2,33,15,34,0
2,33,15,35,0
2,33,15,36,0
2,33,15,37,0
2,33,15,38,0
2,33,15,39,0
2,33,15,40,0
2,33,15,41,0
2,33,15,42,0
2,33,15,43,0
2,33,15,44,0
2,33,15,45,0
2,33,15,46,0
2,33,15,47,0
2,33,15,48,0
2,33,15,49,0
2,33,15,50,0
2,33,15,51,0
2,33,15,52,0
2,33,15,53,0
2,33,15,54,0
2,33,15,55,0
2,33,15,56,0
2,33,15,57,0
2,33,15,58,0
2,33,15,59,0
2,33,15,60,0
2,33,15,61,0
2,33,15,62,0
2,33,15,63,0
2,33,15,64,0
2,33,15,65,0
2,33,15,66,0
2,33,15,67,0
2,33,15,68,0
2,33,15,69,0
2,33,15,70,0
2,33,15,71,0
2,33,15,72,0
2,33,15,73,0
2,33,15,74,0
2,33,15,75,0
2,33,15,76,0
2,33,15,77,0
2,33,15,78,0
2,33,15,79,0
2,33,15,80,0
2,33,15,81,0
2,33,15,82,0
2,33,15,83,0
2,33,15,84,0
2,33,15,85,0
2,33,15,86,0
2,33,15,87,0
2,33,15,88,0
2,33,15,89,0
2,33,15,90,0
2,33,15,91,0
2,33,15,92,0
2,33,15,93,0
2,33,15,94,0
2,33,15,95,0
2,33,15,96,0
2,33,15,97,0
2,33,16,0,818017823808
2,33,16,1,7001350744140
2,33,16,2,29704796750720
2,33,16,3,79339099536380
2,33,16,4,144942535065200
2,33,16,5,188273193053608
2,33,16,6,177732233667952
2,33,16,7,124093427115064
2,33,16,8,65378022002403
2,33,16,9,26634730638780
2,33,16,10,8619759192528
2,33,16,11,2274166677500
2,33,16,12,499527670046
2,33,16,13,92784347528
2,33,16,14,14726620124
2,33,16,15,2004415112
2,33,16,16,235700978
2,33,16,17,23534280
2,33,16,18,2059584
2,33,16,19,137616
2,33,16,20,10259
2,33,16,21,200
2,33,16,22,26
2,33,16,23,0
2,33,16,24,0
2,33,16,25,0
2,33,16,26,0
2,33,16,27,0
2,33,16,28,0
2,33,16,29,0
2,33,16,30,0
2,33,16,31,0
2,33,16,32,0
2,33,16,33,0
2,33,16,34,0
2,33,16,35,0
2,33,16,36,0
2,33,16,37,0
2,33,16,38,0
2,33,16,39,0
2,33,16,40,0
2,33,16,41,0
2,33,16,42,0
2,33,16,43,0
2,33,16,44,0
2,33,16,45,0
2,33,16,46,0
2,33,16,47,0
2,33,16,48,0
2,33,16,49,0
2,33,16,50,0
2,33,16,51,0
2,33,16,52,0
2,33,16,53,0
2,33,16,54,0
2,33,16,55,0
2,33,16,56,0
2,33,16,57,0
2,33,16,58,0
2,33,16,59,0
2,33,16,60,0
2,33,16,61,0
2,33,16,62,0
2,33,16,63,0
2,33,16,64,0
2,33,16,65,0
2,33,16,66,0
2,33,16,67,0
2,33,16,68,0
2,33,16,69,0
2,33,16,70,0
2,33,16,71,0
2,33,16,72,0
2,33,16,73,0
2,33,16,74,0
2,33,16,75,0
2,33,16,76,0
2,33,16,77,0
2,33,16,78,0
2,33,16,79,0
2,33,16,80,0
2,33,16,81,0
2,33,16,82,0
2,33,16,83,0
2,33,16,84,0
2,33,16,85,0
2,33,16,86,0
2,33,16,87,0
2,33,16,88,0
2,33,16,89,0
2,33,16,90,0
2,33,16,91,0
2,33,16,92,0
2,33,16,93,0
2,33,16,94,0
2,33,16,95,0
2,33,16,96,0
2,33,16,97,0
2,33,17,0,838944980514
2,33,17,1,8291588335236
2,33,17,2,41158501218630
2,33,17,3,130584091066980
2,33,17,4,287978502826960
2,33,17,5,458904443370364
2,33,17,6,539398294734752
2,33,17,7,474261337785608
2,33,17,8,316340451744122
2,33,17,9,162893522370392
2,33,17,10,66142011364374
2,33,17,11,21668126334372
2,33,17,12,5851984313526
2,33,17,13,1326330821480
2,33,17,14,255743515660
2,33,17,15,42299069168
2,33,17,16,6043147710
2,33,17,17,745011268
2,33,17,18,79455788
2,33,17,19,7232408
2,33,17,20,568410
2,33,17,21,35740
2,33,17,22,1838
2,33,17,23,100
2,33,17,24,0
2,33,17,25,0
2,33,17,26,0
2,33,17,27,0
2,33,17,28,0
2,33,17,29,0
2,33,17,30,0
2,33,17,31,0
2,33,17,32,0
2,33,17,33,0
2,33,17,34,0
2,33,17,35,0
2,33,17,36,0
2,33,17,37,0
2,33,17,38,0
2,33,17,39,0
2,33,17,40,0
2,33,17,41,0
2,33,17,42,0
2,33,17,43,0
2,33,17,44,0
2,33,17,45,0
2,33,17,46,0
2,33,17,47,0
2,33,17,48,0
2,33,17,49,0
2,33,17,50,0
2,33,17,51,0
2,33,17,52,0
2,33,17,53,0
2,33,17,54,0
2,33,17,55,0
2,33,17,56,0
2,33,17,57,0
2,33,17,58,0
2,33,17,59,0
2,33,17,60,0
2,33,17,61,0
2,33,17,62,0
2,33,17,63,0
2,33,17,64,0
2,33,17,65,0
2,33,17,66,0
2,33,17,67,0
2,33,17,68,0
2,33,17,69,0
2,33,17,70,0
2,33,17,71,0
2,33,17,72,0
2,33,17,73,0
2,33,17,74,0
2,33,17,75,0
2,33,17,76,0
2,33,17,77,0
2,33,17,78,0
2,33,17,79,0
2,33,17,80,0
2,33,17,81,0
2,33,17,82,0
2,33,17,83,0
2,33,17,84,0
2,33,17,85,0
2,33,17,86,0
2,33,17,87,0
2,33,17,88,0
2,33,17,89,0
2,33,17,90,0
2,33,17,91,0
2,33,17,92,0
2,33,17,93,0
2,33,17,94,0
2,33,17,95,0
2,33,17,96,0
2,33,17,97,0
2,33,18,0,727126954496
2,33,18,1,8214116380704
2,33,18,2,47200167895140
2,33,18,3,175861942151520
2,33,18,4,462385599000360
2,33,18,5,892059909220056
2,33,18,6,1288260647214684
2,33,18,7,1409338962388368
2,33,18,8,1179730042301512
2,33,18,9,764605781500783
2,33,18,10,389619387397096
2,33,18,11,159000040492072
2,33,18,12,52992326641112
2,33,18,13,14691352850928
2,33,18,14,3440727971904
2,33,18,15,688767931104
2,33,18,16,118824786216
2,33,18,17,17766722140
2,33,18,18,2301671316
2,33,18,19,259886976
2,33,18,20,25028128
2,33,18,21,2129224
2,33,18,22,138580
2,33,18,23,10064
2,33,18,24,192
2,33,18,25,25
2,33,18,26,0
2,33,18,27,0
2,33,18,28,0
2,33,18,29,0
2,33,18,30,0
2,33,18,31,0
2,33,18,32,0
2,33,18,33,0
2,33,18,34,0
2,33,18,35,0
2,33,18,36,0
2,33,18,37,0
2,33,18,38,0
2,33,18,39,0
2,33,18,40,0
2,33,18,41,0
2,33,18,42,0
2,33,18,43,0
2,33,18,44,0
2,33,18,45,0
2,33,18,46,0
2,33,18,47,0
2,33,18,48,0
2,33,18,49,0
2,33,18,50,0
2,33,18,51,0
2,33,18,52,0
2,33,18,53,0
2,33,18,54,0
2,33,18,55,0
2,33,18,56,0
2,33,18,57,0
2,33,18,58,0
2,33,18,59,0
2,33,18,60,0
2,33,18,61,0
2,33,18,62,0
2,33,18,63,0
2,33,18,64,0
2,33,18,65,0
2,33,18,66,0
2,33,18,67,0
2,33,18,68,0
2,33,18,69,0
2,33,18,70,0
2,33,18,71,0
2,33,18,72,0
2,33,18,73,0
2,33,18,74,0
2,33,18,75,0
2,33,18,76,0
2,33,18,77,0
2,33,18,78,0
2,33,18,79,0
2,33,18,80,0
2,33,18,81,0
2,33,18,82,0
2,33,18,83,0
2,33,18,84,0
2,33,18,85,0
2,33,18,86,0
2,33,18,87,0
2,33,18,88,0
2,33,18,89,0
2,33,18,90,0
2,33,18,91,0
2,33,18,92,0
2,33,18,93,0
2,33,18,94,0
2,33,18,95,0
2,33,18,96,0
2,33,18,97,0
2,33,19,0,532225891230
2,33,19,1,6806420744580
2,33,19,2,44827623498270
2,33,19,3,194076185754144
2,33,19,4,601472775420066
2,33,19,5,1387939988697300
2,33,19,6,2432262040538580
2,33,19,7,3271872415412232
2,33,19,8,3403605710919768
2,33,19,9,2759046455357760
2,33,19,10,1760665177177518
2,33,19,11,896501456042192
2,33,19,12,370131666808142
2,33,19,13,126023341394972
2,33,19,14,35953745753226
2,33,19,15,8711888866008
2,33,19,16,1811920290762
2,33,19,17,326012225820
2,33,19,18,50968008066
2,33,19,19,6947244624
2,33,19,20,823888480
2,33,19,21,84864640
2,33,19,22,7534186
2,33,19,23,572160
2,33,19,24,35814
2,33,19,25,1764
2,33,19,26,96
2,33,19,27,0
2,33,19,28,0
2,33,19,29,0
2,33,19,30,0
2,33,19,31,0
2,33,19,32,0
2,33,19,33,0
2,33,19,34,0
2,33,19,35,0
2,33,19,36,0
2,33,19,37,0
2,33,19,38,0
2,33,19,39,0
2,33,19,40,0
2,33,19,41,0
2,33,19,42,0
2,33,19,43,0
2,33,19,44,0
2,33,19,45,0
2,33,19,46,0
2,33,19,47,0
2,33,19,48,0
2,33,19,49,0
2,33,19,50,0
2,33,19,51,0
2,33,19,52,0
2,33,19,53,0
2,33,19,54,0
2,33,19,55,0
2,33,19,56,0
2,33,19,57,0
2,33,19,58,0
2,33,19,59,0
2,33,19,60,0
2,33,19,61,0
2,33,19,62,0
2,33,19,63,0
2,33,19,64,0
2,33,19,65,0
2,33,19,66,0
2,33,19,67,0
2,33,19,68,0
2,33,19,69,0
2,33,19,70,0
2,33,19,71,0
2,33,19,72,0
2,33,19,73,0
2,33,19,74,0
2,33,19,75,0
2,33,19,76,0
2,33,19,77,0
2,33,19,78,0
2,33,19,79,0
2,33,19,80,0
2,33,19,81,0
2,33,19,82,0
2,33,19,83,0
2,33,19,84,0
2,33,19,85,0
2,33,19,86,0
2,33,19,87,0
2,33,19,88,0
2,33,19,89,0
2,33,19,90,0
2,33,19,91,0
2,33,19,92,0
2,33,19,93,0
2,33,19,94,0
2,33,19,95,0
2,33,19,96,0
2,33,19,97,0
2,33,20,0,328578611536
2,33,20,1,4713998645300
2,33,20,2,35253293151240
2,33,20,3,175603910330580
2,33,20,4,634741485036096
2,33,20,5,1732356981676032
2,33,20,6,3641285397803712
2,33,20,7,5954546131910040
2,33,20,8,7619405160600648
2,33,20,9,7665243945018652
2,33,20,10,6099634286289248
2,33,20,11,3873420312133380
2,33,20,12,1986316444435200
2,33,20,13,834214432512108
2,33,20,14,291214979730580
2,33,20,15,85689457248420
2,33,20,16,21511267596304
2,33,20,17,4651875729036
2,33,20,18,872843503856
2,33,20,19,142767513972
2,33,20,20,20420095920
2,33,20,21,2548190996
2,33,20,22,278735920
2,33,20,23,26098004
2,33,20,24,2169560
2,33,20,25,138264
2,33,20,26,9828
2,33,20,27,184
2,33,20,28,24
2,33,20,29,0
2,33,20,30,0
2,33,20,31,0
2,33,20,32,0
2,33,20,33,0
2,33,20,34,0
2,33,20,35,0
2,33,20,36,0
2,33,20,37,0
2,33,20,38,0
2,33,20,39,0
2,33,20,40,0
2,33,20,41,0
2,33,20,42,0
2,33,20,43,0
2,33,20,44,0
2,33,20,45,0
2,33,20,46,0
2,33,20,47,0
2,33,20,48,0
2,33,20,49,0
2,33,20,50,0
2,33,20,51,0
2,33,20,52,0
2,33,20,53,0
2,33,20,54,0
2,33,20,55,0
2,33,20,56,0
2,33,20,57,0
2,33,20,58,0
2,33,20,59,0
2,33,20,60,0
2,33,20,61,0
2,33,20,62,0
2,33,20,63,0
2,33,20,64,0
2,33,20,65,0
2,33,20,66,0
2,33,20,67,0
2,33,20,68,0
2,33,20,69,0
2,33,20,70,0
2,33,20,71,0
2,33,20,72,0
2,33,20,73,0
2,33,20,74,0
2,33,20,75,0
2,33,20,76,0
2,33,20,77,0
2,33,20,78,0
2,33,20,79,0
2,33,20,80,0
2,33,20,81,0
2,33,20,82,0
2,33,20,83,0
2,33,20,84,0
2,33,20,85,0
2,33,20,86,0
2,33,20,87,0
2,33,20,88,0
2,33,20,89,0
2,33,20,90,0
2,33,20,91,0
2,33,20,92,0
2,33,20,93,0
2,33,20,94,0
2,33,20,95,0
2,33,20,96,0
2,33,20,97,0
2,33,21,0,170763634106
2,33,21,1,2724806985940
2,33,21,2,22935043321670
2,33,21,3,130234528507500
2,33,21,4,543655187438820
2,33,21,5,1736571051456924
2,33,21,6,4330402715601456
2,33,21,7,8514204573886464
2,33,21,8,13263001882514256
2,33,21,9,16415008310618816
2,33,21,10,16190587258983622
2,33,21,11,12789157356713780
2,33,21,12,8152894315785880
2,33,21,13,4238422135917612
2,33,21,14,1819293496419066
2,33,21,15,653254889497500
2,33,21,16,198681675011542
2,33,21,17,51745711619760
2,33,21,18,11644255325034
2,33,21,19,2279424890708
2,33,21,20,390036554854
2,33,21,21,58475291288
2,33,21,22,7690720430
2,33,21,23,885122068
2,33,21,24,88713258
2,33,21,25,7720624
2,33,21,26,570304
2,33,21,27,35576
2,33,21,28,1690
2,33,21,29,92
2,33,21,30,0
2,33,21,31,0
2,33,21,32,0
2,33,21,33,0
2,33,21,34,0
2,33,21,35,0
2,33,21,36,0
2,33,21,37,0
2,33,21,38,0
2,33,21,39,0
2,33,21,40,0
2,33,21,41,0
2,33,21,42,0
2,33,21,43,0
2,33,21,44,0
2,33,21,45,0
2,33,21,46,0
2,33,21,47,0
2,33,21,48,0
2,33,21,49,0
2,33,21,50,0
2,33,21,51,0
2,33,21,52,0
2,33,21,53,0
2,33,21,54,0
2,33,21,55,0
2,33,21,56,0
2,33,21,57,0
2,33,21,58,0
2,33,21,59,0
2,33,21,60,0
2,33,21,61,0
2,33,21,62,0
2,33,21,63,0
2,33,21,64,0
2,33,21,65,0
2,33,21,66,0
2,33,21,67,0
2,33,21,68,0
2,33,21,69,0
2,33,21,70,0
2,33,21,71,0
2,33,21,72,0
2,33,21,73,0
2,33,21,74,0
2,33,21,75,0
2,33,21,76,0
2,33,21,77,0
2,33,21,78,0
2,33,21,79,0
2,33,21,80,0
2,33,21,81,0
2,33,21,82,0
2,33,21,83,0
2,33,21,84,0
2,33,21,85,0
2,33,21,86,0
2,33,21,87,0
2,33,21,88,0
2,33,21,89,0
2,33,21,90,0
2,33,21,91,0
2,33,21,92,0
2,33,21,93,0
2,33,21,94,0
2,33,21,95,0
2,33,21,96,0
2,33,21,97,0
2,33,22,0,74501171808
2,33,22,1,1311449454552
2,33,22,2,12321395272780
2,33,22,3,79072396631080
2,33,22,4,377711301501400
2,33,22,5,1398277932970512
2,33,22,6,4094078602846476
2,33,22,7,9576206279451264
2,33,22,8,17973363414060576
2,33,22,9,27113224153765056
2,33,22,10,32904573542180544
2,33,22,11,32185691164358030
2,33,22,12,25475389990728872
2,33,22,13,16425252304151300
2,33,22,14,8706100456303380
2,33,22,15,3835469808809718
2,33,22,16,1420875253920984
2,33,22,17,447626889562152
2,33,22,18,121128004863192
2,33,22,19,28390502873682
2,33,22,20,5801371679296
2,33,22,21,1038386908972
2,33,22,22,163244036560
2,33,22,23,22575847098
2,33,22,24,2737283688
2,33,22,25,292049616
2,33,22,26,26748888
2,33,22,27,2182407
2,33,22,28,136764
2,33,22,29,9554
2,33,22,30,176
2,33,22,31,23
2,33,22,32,0
2,33,22,33,0
2,33,22,34,0
2,33,22,35,0
2,33,22,36,0
2,33,22,37,0
2,33,22,38,0
2,33,22,39,0
2,33,22,40,0
2,33,22,41,0
2,33,22,42,0
2,33,22,43,0
2,33,22,44,0
2,33,22,45,0
2,33,22,46,0
2,33,22,47,0
2,33,22,48,0
2,33,22,49,0
2,33,22,50,0
2,33,22,51,0
2,33,22,52,0
2,33,22,53,0
2,33,22,54,0
2,33,22,55,0
2,33,22,56,0
2,33,22,57,0
2,33,22,58,0
2,33,22,59,0
2,33,22,60,0
2,33,22,61,0
2,33,22,62,0
2,33,22,63,0
2,33,22,64,0
2,33,22,65,0
2,33,22,66,0
2,33,22,67,0
2,33,22,68,0
2,33,22,69,0
2,33,22,70,0
2,33,22,71,0
2,33,22,72,0
2,33,22,73,0
2,33,22,74,0
2,33,22,75,0
2,33,22,76,0
2,33,22,77,0
2,33,22,78,0
2,33,22,79,0
2,33,22,80,0
2,33,22,81,0
2,33,22,82,0
2,33,22,83,0
2,33,22,84,0
2,33,22,85,0
2,33,22,86,0
2,33,22,87,0
2,33,22,88,0
2,33,22,89,0
2,33,22,90,0
2,33,22,91,0
2,33,22,92,0
2,33,22,93,0
2,33,22,94,0
2,33,22,95,0
2,33,22,96,0
2,33,22,97,0
2,33,23,0,27182654422
2,33,23,1,523810747988
2,33,23,2,5450522731710
2,33,23,3,39215307761320
2,33,23,4,212530973189190
2,33,23,5,903544965032708
2,33,23,6,3076219756586772
2,33,23,7,8473801944242304
2,33,23,8,18968681959737486
2,33,23,9,34543219631703844
2,33,23,10,51155059441332464
2,33,23,11,61583911071296640
2,33,23,12,60326829213940308
2,33,23,13,48236519910173896
2,33,23,14,31661785684325368
2,33,23,15,17198512893212160
2,33,23,16,7806849040965820
2,33,23,17,2992512618664800
2,33,23,18,978618932674674
2,33,23,19,275572597147064
2,33,23,20,67348386156258
2,33,23,21,14375468115980
2,33,23,22,2692458039170
2,33,23,23,443839356032
2,33,23,24,64469393374
2,33,23,25,8250126748
2,33,23,26,927697614
2,33,23,27,91008440
2,33,23,28,7796612
2,33,23,29,563280
2,33,23,30,35050
2,33,23,31,1616
2,33,23,32,88
2,33,23,33,0
2,33,23,34,0
2,33,23,35,0
2,33,23,36,0
2,33,23,37,0
2,33,23,38,0
2,33,23,39,0
2,33,23,40,0
2,33,23,41,0
2,33,23,42,0
2,33,23,43,0
2,33,23,44,0
2,33,23,45,0
2,33,23,46,0
2,33,23,47,0
2,33,23,48,0
2,33,23,49,0
2,33,23,50,0
2,33,23,51,0
2,33,23,52,0
2,33,23,53,0
2,33,23,54,0
2,33,23,55,0
2,33,23,56,0
2,33,23,57,0
2,33,23,58,0
2,33,23,59,0
2,33,23,60,0
2,33,23,61,0
2,33,23,62,0
2,33,23,63,0
2,33,23,64,0
2,33,23,65,0
2,33,23,66,0
2,33,23,67,0
2,33,23,68,0
2,33,23,69,0
2,33,23,70,0
2,33,23,71,0
2,33,23,72,0
2,33,23,73,0
2,33,23,74,0
2,33,23,75,0
2,33,23,76,0
2,33,23,77,0
2,33,23,78,0
2,33,23,79,0
2,33,23,80,0
2,33,23,81,0
2,33,23,82,0
2,33,23,83,0
2,33,23,84,0
2,33,23,85,0
2,33,23,86,0
2,33,23,87,0
2,33,23,88,0
2,33,23,89,0
2,33,23,90,0
2,33,23,91,0
2,33,23,92,0
2,33,23,93,0
2,33,23,94,0
2,33,23,95,0
2,33,23,96,0
2,33,23,97,0
2,33,24,0,8251811680
2,33,24,1,172804804060
2,33,24,2,1977024782480
2,33,24,3,15830109437868
2,33,24,4,96580717864912
2,33,24,5,467584260063800
2,33,24,6,1834459227494640
2,33,24,7,5894344849563896
2,33,24,8,15582436736161104
2,33,24,9,33924827658956440
2,33,24,10,60759795575499784
2,33,24,11,89364587732503496
2,33,24,12,107796811036535734
2,33,24,13,106664193790521096
2,33,24,14,86782157281583880
2,33,24,15,58335519546079256
2,33,24,16,32628270831497914
2,33,24,17,15317483741512140
2,33,24,18,6092901652147260
2,33,24,19,2072934217836180
2,33,24,20,608463659819220
2,33,24,21,155249226939260
2,33,24,22,34644929728184
2,33,24,23,6793419246964
2,33,24,24,1174267003702
2,33,24,25,179197542876
2,33,24,26,24155921204
2,33,24,27,2864944996
2,33,24,28,299792975
2,33,24,29,26993104
2,33,24,30,2169684
2,33,24,31,134176
2,33,24,32,9245
2,33,24,33,168
2,33,24,34,22
2,33,24,35,0
2,33,24,36,0
2,33,24,37,0
2,33,24,38,0
2,33,24,39,0
2,33,24,40,0
2,33,24,41,0
2,33,24,42,0
2,33,24,43,0
2,33,24,44,0
2,33,24,45,0
2,33,24,46,0
2,33,24,47,0
2,33,24,48,0
2,33,24,49,0
2,33,24,50,0
2,33,24,51,0
2,33,24,52,0
2,33,24,53,0
2,33,24,54,0
2,33,24,55,0
2,33,24,56,0
2,33,24,57,0
2,33,24,58,0
2,33,24,59,0
2,33,24,60,0
2,33,24,61,0
2,33,24,62,0
2,33,24,63,0
2,33,24,64,0
2,33,24,65,0
2,33,24,66,0
2,33,24,67,0
2,33,24,68,0
2,33,24,69,0
2,33,24,70,0
2,33,24,71,0
2,33,24,72,0
2,33,24,73,0
2,33,24,74,0
2,33,24,75,0
2,33,24,76,0
2,33,24,77,0
2,33,24,78,0
2,33,24,79,0
2,33,24,80,0
2,33,24,81,0
2,33,24,82,0
2,33,24,83,0
2,33,24,84,0
2,33,24,85,0
2,33,24,86,0
2,33,24,87,0
2,33,24,88,0
2,33,24,89,0
2,33,24,90,0
2,33,24,91,0
2,33,24,92,0
2,33,24,93,0
2,33,24,94,0
2,33,24,95,0
2,33,24,96,0
2,33,24,97,0
2,33,25,0,2069818002
2,33,25,1,46781378532
2,33,25,2,584517185222
2,33,25,3,5174259239732
2,33,25,4,35290676514104
2,33,25,5,193100887940796
2,33,25,6,865843107031584
2,33,25,7,3216471781938456
2,33,25,8,9948367403958878
2,33,25,9,25647250242315788
2,33,25,10,55042094299584836
2,33,25,11,98088505360958616
2,33,25,12,144747339527519370
2,33,25,13,176516366066561988
2,33,25,14,177798508300091644
2,33,25,15,148167831539656120
2,33,25,16,102564689983696126
2,33,25,17,59337847669052612
2,33,25,18,28915050545805314
2,33,25,19,11970500037066140
2,33,25,20,4246907822356692
2,33,25,21,1301812396188708
2,33,25,22,347271366519126
2,33,25,23,81104921227724
2,33,25,24,16661890529486
2,33,25,25,3021072294224
2,33,25,26,484387601258
2,33,25,27,68705834828
2,33,25,28,8611512794
2,33,25,29,951273076
2,33,25,30,91790308
2,33,25,31,7768216
2,33,25,32,551526
2,33,25,33,34260
2,33,25,34,1542
2,33,25,35,84
2,33,25,36,0
2,33,25,37,0
2,33,25,38,0
2,33,25,39,0
2,33,25,40,0
2,33,25,41,0
2,33,25,42,0
2,33,25,43,0
2,33,25,44,0
2,33,25,45,0
2,33,25,46,0
2,33,25,47,0
2,33,25,48,0
2,33,25,49,0
2,33,25,50,0
2,33,25,51,0
2,33,25,52,0
2,33,25,53,0
2,33,25,54,0
2,33,25,55,0
2,33,25,56,0
2,33,25,57,0
2,33,25,58,0
2,33,25,59,0
2,33,25,60,0
2,33,25,61,0
2,33,25,62,0
2,33,25,63,0
2,33,25,64,0
2,33,25,65,0
2,33,25,66,0
2,33,25,67,0
2,33,25,68,0
2,33,25,69,0
2,33,25,70,0
2,33,25,71,0
2,33,25,72,0
2,33,25,73,0
2,33,25,74,0
2,33,25,75,0
2,33,25,76,0
2,33,25,77,0
2,33,25,78,0
2,33,25,79,0
2,33,25,80,0
2,33,25,81,0
2,33,25,82,0
2,33,25,83,0
2,33,25,84,0
2,33,25,85,0
2,33,25,86,0
2,33,25,87,0
2,33,25,88,0
2,33,25,89,0
2,33,25,90,0
2,33,25,91,0
2,33,25,92,0
2,33,25,93,0
2,33,25,94,0
2,33,25,95,0
2,33,25,96,0
2,33,25,97,0
2,33,26,0,425000576
2,33,26,1,10300346896
2,33,26,2,139693727796
2,33,26,3,1359282278576
2,33,26,4,10301820272456
2,33,26,5,63290780894440
2,33,26,6,321999723104092
2,33,26,7,1371976822126768
2,33,26,8,4921975907387352
2,33,26,9,14889460050911072
2,33,26,10,37938738704417628
2,33,26,11,81200267237210368
2,33,26,12,145465599759030928
2,33,26,13,217350290281364954
2,33,26,14,270141413196460716
2,33,26,15,278974979422635592
2,33,26,16,239604257928014608
2,33,26,17,171701616967306808
2,33,26,18,103207068114913652
2,33,26,19,52396603080792480
2,33,26,20,22644646163893000
2,33,26,21,8398651227697294
2,33,26,22,2693983590560724
2,33,26,23,752568835125504
2,33,26,24,184178143592344
2,33,26,25,39677485923296
2,33,26,26,7550697450304
2,33,26,27,1272172089520
2,33,26,28,189909467928
2,33,26,29,25114898131
2,33,26,30,2929699156
2,33,26,31,302078748
2,33,26,32,26849600
2,33,26,33,2133404
2,33,26,34,130596
2,33,26,35,8904
2,33,26,36,160
2,33,26,37,21
2,33,26,38,0
2,33,26,39,0
2,33,26,40,0
2,33,26,41,0
2,33,26,42,0
2,33,26,43,0
2,33,26,44,0
2,33,26,45,0
2,33,26,46,0
2,33,26,47,0
2,33,26,48,0
2,33,26,49,0
2,33,26,50,0
2,33,26,51,0
2,33,26,52,0
2,33,26,53,0
2,33,26,54,0
2,33,26,55,0
2,33,26,56,0
2,33,26,57,0
2,33,26,58,0
2,33,26,59,0
2,33,26,60,0
2,33,26,61,0
2,33,26,62,0
2,33,26,63,0
2,33,26,64,0
2,33,26,65,0
2,33,26,66,0
2,33,26,67,0
2,33,26,68,0
2,33,26,69,0
2,33,26,70,0
2,33,26,71,0
2,33,26,72,0
2,33,26,73,0
2,33,26,74,0
2,33,26,75,0
2,33,26,76,0
2,33,26,77,0
2,33,26,78,0
2,33,26,79,0
2,33,26,80,0
2,33,26,81,0
2,33,26,82,0
2,33,26,83,0
2,33,26,84,0
2,33,26,85,0
2,33,26,86,0
2,33,26,87,0
2,33,26,88,0
2,33,26,89,0
2,33,26,90,0
2,33,26,91,0
2,33,26,92,0
2,33,26,93,0
2,33,26,94,0
2,33,26,95,0
2,33,26,96,0
2,33,26,97,0
2,33,27,0,70534478
2,33,27,1,1821982820
2,33,27,2,26674224094
2,33,27,3,283972556016
2,33,27,4,2380026184106
2,33,27,5,16330251195508
2,33,27,6,93703227322932
2,33,27,7,454820625162200
2,33,27,8,1878230513351852
2,33,27,9,6611925935882872
2,33,27,10,19827371214622730
2,33,27,11,50517431666368192
2,33,27,12,108947860280740596
2,33,27,13,198028781856393368
2,33,27,14,302115659460645218
2,33,27,15,385601190130967024
2,33,27,16,411028454907663220
2,33,27,17,366006799793433080
2,33,27,18,272932421926027178
2,33,27,19,171209176927226368
2,33,27,20,90901665544885030
2,33,27,21,41143775242513196
2,33,27,22,15995801174089520
2,33,27,23,5381215919956664
2,33,27,24,1577125988432384
2,33,27,25,405061035976240
2,33,27,26,91610617791098
2,33,27,27,18312509645824
2,33,27,28,3243598815614
2,33,27,29,509692901564
2,33,27,30,71048245846
2,33,27,31,8769980456
2,33,27,32,956120888
2,33,27,33,91128848
2,33,27,34,7642558
2,33,27,35,535480
2,33,27,36,33230
2,33,27,37,1468
2,33,27,38,80
2,33,27,39,0
2,33,27,40,0
2,33,27,41,0
2,33,27,42,0
2,33,27,43,0
2,33,27,44,0
2,33,27,45,0
2,33,27,46,0
2,33,27,47,0
2,33,27,48,0
2,33,27,49,0
2,33,27,50,0
2,33,27,51,0
2,33,27,52,0
2,33,27,53,0
2,33,27,54,0
2,33,27,55,0
2,33,27,56,0
2,33,27,57,0
2,33,27,58,0
2,33,27,59,0
2,33,27,60,0
2,33,27,61,0
2,33,27,62,0
2,33,27,63,0
2,33,27,64,0
2,33,27,65,0
2,33,27,66,0
2,33,27,67,0
2,33,27,68,0
2,33,27,69,0
2,33,27,70,0
2,33,27,71,0
2,33,27,72,0
2,33,27,73,0
2,33,27,74,0
2,33,27,75,0
2,33,27,76,0
2,33,27,77,0
2,33,27,78,0
2,33,27,79,0
2,33,27,80,0
2,33,27,81,0
2,33,27,82,0
2,33,27,83,0
2,33,27,84,0
2,33,27,85,0
2,33,27,86,0
2,33,27,87,0
2,33,27,88,0
2,33,27,89,0
2,33,27,90,0
2,33,27,91,0
2,33,27,92,0
2,33,27,93,0
2,33,27,94,0
2,33,27,95,0
2,33,27,96,0
2,33,27,97,0
2,33,28,0,9296112
2,33,28,1,254477508
2,33,28,2,4003011864
2,33,28,3,46474660356
2,33,28,4,429353550624
2,33,28,5,3277796625360
2,33,28,6,21118468447104
2,33,28,7,116157161118936
2,33,28,8,548752306151448
2,33,28,9,2232087575315796
2,33,28,10,7815588043910856
2,33,28,11,23506999964733772
2,33,28,12,60516105570975568
2,33,28,13,132750242839894420
2,33,28,14,246931613725217088
2,33,28,15,387683319887667444
2,33,28,16,511790775257672328
2,33,28,17,566777595810865092
2,33,28,18,526329118374057732
2,33,28,19,410549478934993284
2,33,28,20,269996333804324480
2,33,28,21,150515951349940952
2,33,28,22,71594652250749164
2,33,28,23,29263421210810016
2,33,28,24,10350987185303952
2,33,28,25,3189496361604132
2,33,28,26,861181156230384
2,33,28,27,204758517031548
2,33,28,28,43039006749168
2,33,28,29,8019756867028
2,33,28,30,1326944722672
2,33,28,31,195007237804
2,33,28,32,25438747728
2,33,28,33,2932404516
2,33,28,34,299151966
2,33,28,35,26343228
2,33,28,36,2075664
2,33,28,37,126120
2,33,28,38,8534
2,33,28,39,152
2,33,28,40,20
2,33,28,41,0
2,33,28,42,0
2,33,28,43,0
2,33,28,44,0
2,33,28,45,0
2,33,28,46,0
2,33,28,47,0
2,33,28,48,0
2,33,28,49,0
2,33,28,50,0
2,33,28,51,0
2,33,28,52,0
2,33,28,53,0
2,33,28,54,0
2,33,28,55,0
2,33,28,56,0
2,33,28,57,0
2,33,28,58,0
2,33,28,59,0
2,33,28,60,0
2,33,28,61,0
2,33,28,62,0
2,33,28,63,0
2,33,28,64,0
2,33,28,65,0
2,33,28,66,0
2,33,28,67,0
2,33,28,68,0
2,33,28,69,0
2,33,28,70,0
2,33,28,71,0
2,33,28,72,0
2,33,28,73,0
2,33,28,74,0
2,33,28,75,0
2,33,28,76,0
2,33,28,77,0
2,33,28,78,0
2,33,28,79,0
2,33,28,80,0
2,33,28,81,0
2,33,28,82,0
2,33,28,83,0
2,33,28,84,0
2,33,28,85,0
2,33,28,86,0
2,33,28,87,0
2,33,28,88,0
2,33,28,89,0
2,33,28,90,0
2,33,28,91,0
2,33,28,92,0
2,33,28,93,0
2,33,28,94,0
2,33,28,95,0
2,33,28,96,0
2,33,28,97,0
2,33,29,0,948650
2,33,29,1,27374260
2,33,29,2,460996806
2,33,29,3,5830231740
2,33,29,4,59312149964
2,33,29,5,503015518044
2,33,29,6,3630591120496
2,33,29,7,22555240358096
2,33,29,8,121376503039044
2,33,29,9,567407275484040
2,33,29,10,2305052546470794
2,33,29,11,8124845287814076
2,33,29,12,24772289490704836
2,33,29,13,65058559076407420
2,33,29,14,146443357167822614
2,33,29,15,281037662108097924
2,33,29,16,457493272482075636
2,33,29,17,629032229065328964
2,33,29,18,728390721170402050
2,33,29,19,709548176230019516
2,33,29,20,582019391412604086
2,33,29,21,403198357150793904
2,33,29,22,237008061505797612
2,33,29,23,118918572484669480
2,33,29,24,51269095621135668
2,33,29,25,19121560356152128
2,33,29,26,6209670539215962
2,33,29,27,1766207492513100
2,33,29,28,442219890587696
2,33,29,29,97868367863364
2,33,29,30,19203745308470
2,33,29,31,3347660255460
2,33,29,32,518842631630
2,33,29,33,71464997976
2,33,29,34,8729039894
2,33,29,35,943065660
2,33,29,36,89120450
2,33,29,37,7427696
2,33,29,38,515580
2,33,29,39,31984
2,33,29,40,1394
2,33,29,41,76
2,33,29,42,0
2,33,29,43,0
2,33,29,44,0
2,33,29,45,0
2,33,29,46,0
2,33,29,47,0
2,33,29,48,0
2,33,29,49,0
2,33,29,50,0
2,33,29,51,0
2,33,29,52,0
2,33,29,53,0
2,33,29,54,0
2,33,29,55,0
2,33,29,56,0
2,33,29,57,0
2,33,29,58,0
2,33,29,59,0
2,33,29,60,0
2,33,29,61,0
2,33,29,62,0
2,33,29,63,0
2,33,29,64,0
2,33,29,65,0
2,33,29,66,0
2,33,29,67,0
2,33,29,68,0
2,33,29,69,0
2,33,29,70,0
2,33,29,71,0
2,33,29,72,0
2,33,29,73,0
2,33,29,74,0
2,33,29,75,0
2,33,29,76,0
2,33,29,77,0
2,33,29,78,0
2,33,29,79,0
2,33,29,80,0
2,33,29,81,0
2,33,29,82,0
2,33,29,83,0
2,33,29,84,0
2,33,29,85,0
2,33,29,86,0
2,33,29,87,0
2,33,29,88,0
2,33,29,89,0
2,33,29,90,0
2,33,29,91,0
2,33,29,92,0
2,33,29,93,0
2,33,29,94,0
2,33,29,95,0
2,33,29,96,0
2,33,29,97,0
2,33,30,0,72160
2,33,30,1,2184008
2,33,30,2,39298588
2,33,30,3,542741368
2,33,30,4,6095577720
2,33,30,5,57523768800
2,33,30,6,465475766988
2,33,30,7,3265086174112
2,33,30,8,19981769877680
2,33,30,9,107042258438032
2,33,30,10,502403123471064
2,33,30,11,2064110420446800
2,33,30,12,7405528382318144
2,33,30,13,23117641097503312
2,33,30,14,62501951171927708
2,33,30,15,145582370527685964
2,33,30,16,290508771193335368
2,33,30,17,493953473173360920
2,33,30,18,712253110479006356
2,33,30,19,867939705324632836
2,33,30,20,892226856135405200
2,33,30,21,773877610462925608
2,33,30,22,567585652912648656
2,33,30,23,353409564933349710
2,33,30,24,187815805107572952
2,33,30,25,85719445551053236
2,33,30,26,33817818553792392
2,33,30,27,11606441070652190
2,33,30,28,3485795818828656
2,33,30,29,920890299034128
2,33,30,30,214928972847876
2,33,30,31,44466215330468
2,33,30,32,8173805695432
2,33,30,33,1336677073776
2,33,30,34,194454688304
2,33,30,35,25142664084
2,33,30,36,2876026376
2,33,30,37,291374120
2,33,30,38,25504024
2,33,30,39,1998635
2,33,30,40,120844
2,33,30,41,8138
2,33,30,42,144
2,33,30,43,19
2,33,30,44,0
2,33,30,45,0
2,33,30,46,0
2,33,30,47,0
2,33,30,48,0
2,33,30,49,0
2,33,30,50,0
2,33,30,51,0
2,33,30,52,0
2,33,30,53,0
2,33,30,54,0
2,33,30,55,0
2,33,30,56,0
2,33,30,57,0
2,33,30,58,0
2,33,30,59,0
2,33,30,60,0
2,33,30,61,0
2,33,30,62,0
2,33,30,63,0
2,33,30,64,0
2,33,30,65,0
2,33,30,66,0
2,33,30,67,0
2,33,30,68,0
2,33,30,69,0
2,33,30,70,0
2,33,30,71,0
2,33,30,72,0
2,33,30,73,0
2,33,30,74,0
2,33,30,75,0
2,33,30,76,0
2,33,30,77,0
2,33,30,78,0
2,33,30,79,0
2,33,30,80,0
2,33,30,81,0
2,33,30,82,0
2,33,30,83,0
2,33,30,84,0
2,33,30,85,0
2,33,30,86,0
2,33,30,87,0
2,33,30,88,0
2,33,30,89,0
2,33,30,90,0
2,33,30,91,0
2,33,30,92,0
2,33,30,93,0
2,33,30,94,0
2,33,30,95,0
2,33,30,96,0
2,33,30,97,0
2,33,31,0,3846
2,33,31,1,121524
2,33,31,2,2339454
2,33,31,3,35624184
2,33,31,4,445677774
2,33,31,5,4713287076
2,33,31,6,43005128244
2,33,31,7,341991923856
2,33,31,8,2385785888850
2,33,31,9,14655888183612
2,33,31,10,79396174490700
2,33,31,11,379238701751920
2,33,31,12,1594599622308760
2,33,31,13,5885411839002016
2,33,31,14,18992747508533268
2,33,31,15,53333477728687968
2,33,31,16,129612080972935794
2,33,31,17,271026144758789076
2,33,31,18,484860362752476900
2,33,31,19,738294615873709152
2,33,31,20,953002796025802112
2,33,31,21,1040241137631672944
2,33,31,22,959603985032011322
2,33,31,23,749157249529847088
2,33,31,24,496571022965438736
2,33,31,25,280782061184668704
2,33,31,26,136216194548957796
2,33,31,27,57051680447569680
2,33,31,28,20759317170007188
2,33,31,29,6601493145094152
2,33,31,30,1844483035929480
2,33,31,31,454876176911424
2,33,31,32,99378954641196
2,33,31,33,19286324981184
2,33,31,34,3330395464434
2,33,31,35,511967982552
2,33,31,36,70021940358
2,33,31,37,8499791460
2,33,31,38,913418038
2,33,31,39,85884448
2,33,31,40,7132504
2,33,31,41,492264
2,33,31,42,30546
2,33,31,43,1320
2,33,31,44,72
2,33,31,45,0
2,33,31,46,0
2,33,31,47,0
2,33,31,48,0
2,33,31,49,0
2,33,31,50,0
2,33,31,51,0
2,33,31,52,0
2,33,31,53,0
2,33,31,54,0
2,33,31,55,0
2,33,31,56,0
2,33,31,57,0
2,33,31,58,0
2,33,31,59,0
2,33,31,60,0
2,33,31,61,0
2,33,31,62,0
2,33,31,63,0
2,33,31,64,0
2,33,31,65,0
2,33,31,66,0
2,33,31,67,0
2,33,31,68,0
2,33,31,69,0
2,33,31,70,0
2,33,31,71,0
2,33,31,72,0
2,33,31,73,0
2,33,31,74,0
2,33,31,75,0
2,33,31,76,0
2,33,31,77,0
2,33,31,78,0
2,33,31,79,0
2,33,31,80,0
2,33,31,81,0
2,33,31,82,0
2,33,31,83,0
2,33,31,84,0
2,33,31,85,0
2,33,31,86,0
2,33,31,87,0
2,33,31,88,0
2,33,31,89,0
2,33,31,90,0
2,33,31,91,0
2,33,31,92,0
2,33,31,93,0
2,33,31,94,0
2,33,31,95,0
2,33,31,96,0
2,33,31,97,0
2,33,32,0,128
2,33,32,1,4204
2,33,32,2,87456
2,33,32,3,1509724
2,33,32,4,21523504
2,33,32,5,259596360
2,33,32,6,2710864368
2,33,32,7,24730095544
2,33,32,8,198421924704
2,33,32,9,1406720392944
2,33,32,10,8831505524696
2,33,32,11,49132588365648
2,33,32,12,242061114467840
2,33,32,13,1054088813276040
2,33,32,14,4045149456344480
2,33,32,15,13626403509177368
2,33,32,16,40098986835489657
2,33,32,17,102522724468057008
2,33,32,18,226410639843512864
2,33,32,19,429340379674681064
2,33,32,20,695269408730339172
2,33,32,21,957125840456909844
2,33,32,22,1116548646243858496
2,33,32,23,1102243825696469404
2,33,32,24,921328274877334164
2,33,32,25,653664029876543440
2,33,32,26,395245500379552176
2,33,32,27,204755461762536640
2,33,32,28,91420780608674806
2,33,32,29,35397620048373216
2,33,32,30,11957013985558676
2,33,32,31,3543090451604016
2,33,32,32,925434165768042
2,33,32,33,213917814846124
2,33,32,34,43896368025584
2,33,32,35,8013007391028
2,33,32,36,1302588971052
2,33,32,37,188527283340
2,33,32,38,24268105248
2,33,32,39,2765381668
2,33,32,40,279207116
2,33,32,41,24366488
2,33,32,42,1904552
2,33,32,43,114864
2,33,32,44,7719
2,33,32,45,136
2,33,32,46,18
2,33,32,47,0
2,33,32,48,0
2,33,32,49,0
2,33,32,50,0
2,33,32,51,0
2,33,32,52,0
2,33,32,53,0
2,33,32,54,0
2,33,32,55,0
2,33,32,56,0
2,33,32,57,0
2,33,32,58,0
2,33,32,59,0
2,33,32,60,0
2,33,32,61,0
2,33,32,62,0
2,33,32,63,0
2,33,32,64,0
2,33,32,65,0
2,33,32,66,0
2,33,32,67,0
2,33,32,68,0
2,33,32,69,0
2,33,32,70,0
2,33,32,71,0
2,33,32,72,0
2,33,32,73,0
2,33,32,74,0
2,33,32,75,0
2,33,32,76,0
2,33,32,77,0
2,33,32,78,0
2,33,32,79,0
2,33,32,80,0
2,33,32,81,0
2,33,32,82,0
2,33,32,83,0
2,33,32,84,0
2,33,32,85,0
2,33,32,86,0
2,33,32,87,0
2,33,32,88,0
2,33,32,89,0
2,33,32,90,0
2,33,32,91,0
2,33,32,92,0
2,33,32,93,0
2,33,32,94,0
2,33,32,95,0
2,33,32,96,0
2,33,32,97,0
2,33,33,0,2
2,33,33,1,68
2,33,33,2,1606
2,33,33,3,34564
2,33,33,4,596896
2,33,33,5,8564732
2,33,33,6,106056224
2,33,33,7,1141036968
2,33,33,8,10757101218
2,33,33,9,89492642868
2,33,33,10,659345563800
2,33,33,11,4311140112096
2,33,33,12,25034760712238
2,33,33,13,129033021669980
2,33,33,14,589271351906620
2,33,33,15,2377849843437736
2,33,33,16,8446692375104614
2,33,33,17,26292387820158832
2,33,33,18,71336870159289840
2,33,33,19,167735389989797744
2,33,33,20,339758447282853424
2,33,33,21,589466889594388672
2,33,33,22,871588388856599934
2,33,33,23,1094136034027197204
2,33,33,24,1163567800183738706
2,33,33,25,1047958480005697048
2,33,33,26,800635823540617848
2,33,33,27,520624258221023440
2,33,33,28,289511390420613244
2,33,33,29,138452969381534888
2,33,33,30,57287287684800540
2,33,33,31,20632538020726904
2,33,33,32,6505085461633426
2,33,33,33,1804554461287932
2,33,33,34,442372050467230
2,33,33,35,96164848522244
2,33,33,36,18584604472052
2,33,33,37,3197970023604
2,33,33,38,490156790262
2,33,33,39,66871801004
2,33,33,40,8099959768
2,33,33,41,868905284
2,33,33,42,81559660
2,33,33,43,6766552
2,33,33,44,465970
2,33,33,45,28940
2,33,33,46,1246
2,33,33,47,68
2,33,33,48,0
2,33,33,49,0
2,33,33,50,0
2,33,33,51,0
2,33,33,52,0
2,33,33,53,0
2,33,33,54,0
2,33,33,55,0
2,33,33,56,0
2,33,33,57,0
2,33,33,58,0
2,33,33,59,0
2,33,33,60,0
2,33,33,61,0
2,33,33,62,0
2,33,33,63,0
2,33,33,64,0
2,33,33,65,0
2,33,33,66,0
2,33,33,67,0
2,33,33,68,0
2,33,33,69,0
2,33,33,70,0
2,33,33,71,0
2,33,33,72,0
2,33,33,73,0
2,33,33,74,0
2,33,33,75,0
2,33,33,76,0
2,33,33,77,0
2,33,33,78,0
2,33,33,79,0
2,33,33,80,0
2,33,33,81,0
2,33,33,82,0
2,33,33,83,0
2,33,33,84,0
2,33,33,85,0
2,33,33,86,0
2,33,33,87,0
2,33,33,88,0
2,33,33,89,0
2,33,33,90,0
2,33,33,91,0
2,33,33,92,0
2,33,33,93,0
2,33,33,94,0
2,33,33,95,0
2,33,33,96,0
2,33,33,97,0
2,33,34,0,0
2,33,34,1,0
2,33,34,2,4
2,33,34,3,256
2,33,34,4,6760
2,33,34,5,130936
2,33,34,6,2126044
2,33,34,7,28933840
2,33,34,8,337126376
2,33,34,9,3421793264
2,33,34,10,30476670740
2,33,34,11,239541808080
2,33,34,12,1667570669040
2,33,34,13,10298412786888
2,33,34,14,56434085384852
2,33,34,15,274129207552400
2,33,34,16,1177792321708160
2,33,34,17,4461644577200113
2,33,34,18,14840334831489040
2,33,34,19,43129725168943312
2,33,34,20,108915539291498352
2,33,34,21,237590742242041968
2,33,34,22,445094325539697984
2,33,34,23,712232445160424512
2,33,34,24,969230513873999104
2,33,34,25,1118361265748647456
2,33,34,26,1092883188151663144
2,33,34,27,905155077523754848
2,33,34,28,637012498156209856
2,33,34,29,382505776403013216
2,33,34,30,197000717336891832
2,33,34,31,87536414295292608
2,33,34,32,33762240470484816
2,33,34,33,11369468999077044
2,33,34,34,3360870915160380
2,33,34,35,876210044105984
2,33,34,36,202254828150296
2,33,34,37,41459838087704
2,33,34,38,7562536259012
2,33,34,39,1228716717104
2,33,34,40,177774412136
2,33,34,41,22879165904
2,33,34,42,2606859956
2,33,34,43,263197040
2,33,34,44,22968864
2,33,34,45,1795704
2,33,34,46,108276
2,33,34,47,7280
2,33,34,48,128
2,33,34,49,17
2,33,34,50,0
2,33,34,51,0
2,33,34,52,0
2,33,34,53,0
2,33,34,54,0
2,33,34,55,0
2,33,34,56,0
2,33,34,57,0
2,33,34,58,0
2,33,34,59,0
2,33,34,60,0
2,33,34,61,0
2,33,34,62,0
2,33,34,63,0
2,33,34,64,0
2,33,34,65,0
2,33,34,66,0
2,33,34,67,0
2,33,34,68,0
2,33,34,69,0
2,33,34,70,0
2,33,34,71,0
2,33,34,72,0
2,33,34,73,0
2,33,34,74,0
2,33,34,75,0
2,33,34,76,0
2,33,34,77,0
2,33,34,78,0
2,33,34,79,0
2,33,34,80,0
2,33,34,81,0
2,33,34,82,0
2,33,34,83,0
2,33,34,84,0
2,33,34,85,0
2,33,34,86,0
2,33,34,87,0
2,33,34,88,0
2,33,34,89,0
2,33,34,90,0
2,33,34,91,0
2,33,34,92,0
2,33,34,93,0
2,33,34,94,0
2,33,34,95,0
2,33,34,96,0
2,33,34,97,0
2,33,35,0,0
2,33,35,1,0
2,33,35,2,0
2,33,35,3,0
2,33,35,4,2
2,33,35,5,308
2,33,35,6,12580
2,33,35,7,280808
2,33,35,8,4693112
2,33,35,9,64538624
2,33,35,10,748046798
2,33,35,11,7456880368
2,33,35,12,64786803860
2,33,35,13,494099538632
2,33,35,14,3322768603806
2,33,35,15,19749326556272
2,33,35,16,103796234976940
2,33,35,17,481927566110152
2,33,35,18,1972429242600734
2,33,35,19,7092634188453392
2,33,35,20,22312739711685608
2,33,35,21,61101365676354192
2,33,35,22,144837131851834664
2,33,35,23,295478397666099888
2,33,35,24,515898996631304166
2,33,35,25,767143786493840964
2,33,35,26,967970279153075150
2,33,35,27,1034241313564607232
2,33,35,28,935554221514605320
2,33,35,29,717697769894525552
2,33,35,30,468512835438887652
2,33,35,31,261501863582308816
2,33,35,32,125501997406545108
2,33,35,33,52104391537108152
2,33,35,34,18826267517101832
2,33,35,35,5953699966570896
2,33,35,36,1656353032162906
2,33,35,37,407142953072228
2,33,35,38,88732141532464
2,33,35,39,17189165300312
2,33,35,40,2964471670694
2,33,35,41,455319906388
2,33,35,42,62240827048
2,33,35,43,7552805744
2,33,35,44,811599136
2,33,35,45,76300928
2,33,35,46,6339986
2,33,35,47,437136
2,33,35,48,27190
2,33,35,49,1172
2,33,35,50,64
2,33,35,51,0
2,33,35,52,0
2,33,35,53,0
2,33,35,54,0
2,33,35,55,0
2,33,35,56,0
2,33,35,57,0
2,33,35,58,0
2,33,35,59,0
2,33,35,60,0
2,33,35,61,0
2,33,35,62,0
2,33,35,63,0
2,33,35,64,0
2,33,35,65,0
2,33,35,66,0
2,33,35,67,0
2,33,35,68,0
2,33,35,69,0
2,33,35,70,0
2,33,35,71,0
2,33,35,72,0
2,33,35,73,0
2,33,35,74,0
2,33,35,75,0
2,33,35,76,0
2,33,35,77,0
2,33,35,78,0
2,33,35,79,0
2,33,35,80,0
2,33,35,81,0
2,33,35,82,0
2,33,35,83,0
2,33,35,84,0
2,33,35,85,0
2,33,35,86,0
2,33,35,87,0
2,33,35,88,0
2,33,35,89,0
2,33,35,90,0
2,33,35,91,0
2,33,35,92,0
2,33,35,93,0
2,33,35,94,0
2,33,35,95,0
2,33,35,96,0
2,33,35,97,0
2,33,36,0,0
2,33,36,1,0
2,33,36,2,0
2,33,36,3,0
2,33,36,4,0
2,33,36,5,0
2,33,36,6,0
2,33,36,7,120
2,33,36,8,10664
2,33,36,9,344732
2,33,36,10,6742840
2,33,36,11,99616324
2,33,36,12,1201702736
2,33,36,13,12200873004
2,33,36,14,106335801304
2,33,36,15,805178951420
2,33,36,16,5332959827000
2,33,36,17,31012852635196
2,33,36,18,158577062595160
2,33,36,19,712674272842860
2,33,36,20,2809824672868624
2,33,36,21,9688270238538976
2,33,36,22,29092635382111112
2,33,36,23,75706984470794304
2,33,36,24,169799952444124480
2,33,36,25,326419846870044612
2,33,36,26,535061252769563400
2,33,36,27,744655853248796692
2,33,36,28,877340477678049584
2,33,36,29,874043592134587992
2,33,36,30,736837216989314384
2,33,36,31,526994792422287368
2,33,36,32,321101371068059136
2,33,36,33,167564548969211536
2,33,36,34,75338664328838832
2,33,36,35,29364909575552400
2,33,36,36,9981879486984048
2,33,36,37,2975492057707048
2,33,36,38,781558412923424
2,33,36,39,181617241718016
2,33,36,40,37453475201400
2,33,36,41,6868736812024
2,33,36,42,1121445356336
2,33,36,43,162971164688
2,33,36,44,21058411136
2,33,36,45,2408125236
2,33,36,46,243957768
2,33,36,47,21352420
2,33,36,48,1674424
2,33,36,49,101176
2,33,36,50,6824
2,33,36,51,120
2,33,36,52,16
2,33,36,53,0
2,33,36,54,0
2,33,36,55,0
2,33,36,56,0
2,33,36,57,0
2,33,36,58,0
2,33,36,59,0
2,33,36,60,0
2,33,36,61,0
2,33,36,62,0
2,33,36,63,0
2,33,36,64,0
2,33,36,65,0
2,33,36,66,0
2,33,36,67,0
2,33,36,68,0
2,33,36,69,0
2,33,36,70,0
2,33,36,71,0
2,33,36,72,0
2,33,36,73,0
2,33,36,74,0
2,33,36,75,0
2,33,36,76,0
2,33,36,77,0
2,33,36,78,0
2,33,36,79,0
2,33,36,80,0
2,33,36,81,0
2,33,36,82,0
2,33,36,83,0
2,33,36,84,0
2,33,36,85,0
2,33,36,86,0
2,33,36,87,0
2,33,36,88,0
2,33,36,89,0
2,33,36,90,0
2,33,36,91,0
2,33,36,92,0
2,33,36,93,0
2,33,36,94,0
2,33,36,95,0
2,33,36,96,0
2,33,36,97,0
2,33,37,0,0
2,33,37,1,0
2,33,37,2,0
2,33,37,3,0
2,33,37,4,0
2,33,37,5,0
2,33,37,6,0
2,33,37,7,0
2,33,37,8,0
2,33,37,9,0
2,33,37,10,3366
2,33,37,11,223188
2,33,37,12,6137304
2,33,37,13,107072844
2,33,37,14,1415361354
2,33,37,15,15193838172
2,33,37,16,136732276164
2,33,37,17,1051509182748
2,33,37,18,6988916518950
2,33,37,19,40400703311460
2,33,37,20,203745347892862
2,33,37,21,897011340206776
2,33,37,22,3443476691036224
2,33,37,23,11495273197070016
2,33,37,24,33242113076762106
2,33,37,25,82881997221757956
2,33,37,26,177249476665947582
2,33,37,27,323450328549298668
2,33,37,28,501296172175178400
2,33,37,29,657457261639958180
2,33,37,30,728130555137444948
2,33,37,31,680764594216648088
2,33,37,32,538197039006734580
2,33,37,33,361011729483362208
2,33,37,34,206459060359203408
2,33,37,35,101249325938617296
2,33,37,36,42846034069382544
2,33,37,37,15743908938160704
2,33,37,38,5053294765651068
2,33,37,39,1424343401510088
2,33,37,40,354174729861858
2,33,37,41,77980316282604
2,33,37,42,15243884320944
2,33,37,43,2650309658664
2,33,37,44,410020616364
2,33,37,45,56413248816
2,33,37,46,6885942486
2,33,37,47,743841508
2,33,37,48,70275658
2,33,37,49,5863408
2,33,37,50,406200
2,33,37,51,25320
2,33,37,52,1098
2,33,37,53,60
2,33,37,54,0
2,33,37,55,0
2,33,37,56,0
2,33,37,57,0
2,33,37,58,0
2,33,37,59,0
2,33,37,60,0
2,33,37,61,0
2,33,37,62,0
2,33,37,63,0
2,33,37,64,0
2,33,37,65,0
2,33,37,66,0
2,33,37,67,0
2,33,37,68,0
2,33,37,69,0
2,33,37,70,0
2,33,37,71,0
2,33,37,72,0
2,33,37,73,0
2,33,37,74,0
2,33,37,75,0
2,33,37,76,0
2,33,37,77,0
2,33,37,78,0
2,33,37,79,0
2,33,37,80,0
2,33,37,81,0
2,33,37,82,0
2,33,37,83,0
2,33,37,84,0
2,33,37,85,0
2,33,37,86,0
2,33,37,87,0
2,33,37,88,0
2,33,37,89,0
2,33,37,90,0
2,33,37,91,0
2,33,37,92,0
2,33,37,93,0
2,33,37,94,0
2,33,37,95,0
2,33,37,96,0
2,33,37,97,0
2,33,38,0,0
2,33,38,1,0
2,33,38,2,0
2,33,38,3,0
2,33,38,4,0
2,33,38,5,0
2,33,38,6,0
2,33,38,7,0
2,33,38,8,0
2,33,38,9,0
2,33,38,10,0
2,33,38,11,0
2,33,38,12,0
2,33,38,13,58688
2,33,38,14,3188268
2,33,38,15,77005160
2,33,38,16,1209032216
2,33,38,17,14380472352
2,33,38,18,138163032764
2,33,38,19,1106792967792
2,33,38,20,7531107148848
2,33,38,21,43995412551592
2,33,38,22,221914439062264
2,33,38,23,968787876147056
2,33,38,24,3660224774830304
2,33,38,25,11945033988903384
2,33,38,26,33560550913582380
2,33,38,27,80830854316448076
2,33,38,28,166097228228125864
2,33,38,29,289822851077905032
2,33,38,30,427664316680089188
2,33,38,31,532107668265227812
2,33,38,32,557514665617370896
2,33,38,33,492185479438213472
2,33,38,34,367029311780568464
2,33,38,35,232159697006116710
2,33,38,36,125243740670531832
2,33,38,37,57984964310517524
2,33,38,38,23189637187354344
2,33,38,39,8062255998909910
2,33,38,40,2451107049954640
2,33,38,41,655035884997192
2,33,38,42,154542477355316
2,33,38,43,32298818274148
2,33,38,44,5993810912328
2,33,38,45,988920674632
2,33,38,46,145062080144
2,33,38,47,18902299908
2,33,38,48,2177803016
2,33,38,49,222154456
2,33,38,50,19560728
2,33,38,51,1543079
2,33,38,52,93660
2,33,38,53,6354
2,33,38,54,112
2,33,38,55,15
2,33,38,56,0
2,33,38,57,0
2,33,38,58,0
2,33,38,59,0
2,33,38,60,0
2,33,38,61,0
2,33,38,62,0
2,33,38,63,0
2,33,38,64,0
2,33,38,65,0
2,33,38,66,0
2,33,38,67,0
2,33,38,68,0
2,33,38,69,0
2,33,38,70,0
2,33,38,71,0
2,33,38,72,0
2,33,38,73,0
2,33,38,74,0
2,33,38,75,0
2,33,38,76,0
2,33,38,77,0
2,33,38,78,0
2,33,38,79,0
2,33,38,80,0
2,33,38,81,0
2,33,38,82,0
2,33,38,83,0
2,33,38,84,0
2,33,38,85,0
2,33,38,86,0
2,33,38,87,0
2,33,38,88,0
2,33,38,89,0
2,33,38,90,0
2,33,38,91,0
2,33,38,92,0
2,33,38,93,0
2,33,38,94,0
2,33,38,95,0
2,33,38,96,0
2,33,38,97,0
2,33,39,0,0
2,33,39,1,0
2,33,39,2,0
2,33,39,3,0
2,33,39,4,0
2,33,39,5,0
2,33,39,6,0
2,33,39,7,0
2,33,39,8,0
2,33,39,9,0
2,33,39,10,0
2,33,39,11,0
2,33,39,12,0
2,33,39,13,0
2,33,39,14,0
2,33,39,15,0
2,33,39,16,713450
2,33,39,17,33197956
2,33,39,18,715400060
2,33,39,19,10147844144
2,33,39,20,108788113564
2,33,39,21,936499277256
2,33,39,22,6678312976066
2,33,39,23,40162060290944
2,33,39,24,205732644412290
2,33,39,25,902231324434684
2,33,39,26,3393073328259886
2,33,39,27,10934787355799256
2,33,39,28,30122787254720490
2,33,39,29,70676232801878124
2,33,39,30,140644235684728344
2,33,39,31,236394507805982976
2,33,39,32,334435713462014574
2,33,39,33,397367162741838900
2,33,39,34,396336477105671916
2,33,39,35,332320098661886416
2,33,39,36,235025972765301004
2,33,39,37,140890078889536152
2,33,39,38,72024774778041000
2,33,39,39,31609385143663648
2,33,39,40,11990178383813938
2,33,39,41,3956595984970412
2,33,39,42,1142489185263750
2,33,39,43,290145105681176
2,33,39,44,65073454372594
2,33,39,45,12928949838940
2,33,39,46,2280252266500
2,33,39,47,357277172960
2,33,39,48,49714160966
2,33,39,49,6130080764
2,33,39,50,668168590
2,33,39,51,63660360
2,33,39,52,5347756
2,33,39,53,373600
2,33,39,54,23354
2,33,39,55,1024
2,33,39,56,56
2,33,39,57,0
2,33,39,58,0
2,33,39,59,0
2,33,39,60,0
2,33,39,61,0
2,33,39,62,0
2,33,39,63,0
2,33,39,64,0
2,33,39,65,0
2,33,39,66,0
2,33,39,67,0
2,33,39,68,0
2,33,39,69,0
2,33,39,70,0
2,33,39,71,0
2,33,39,72,0
2,33,39,73,0
2,33,39,74,0
2,33,39,75,0
2,33,39,76,0
2,33,39,77,0
2,33,39,78,0
2,33,39,79,0
2,33,39,80,0
2,33,39,81,0
2,33,39,82,0
2,33,39,83,0
2,33,39,84,0
2,33,39,85,0
2,33,39,86,0
2,33,39,87,0
2,33,39,88,0
2,33,39,89,0
2,33,39,90,0
2,33,39,91,0
2,33,39,92,0
2,33,39,93,0
2,33,39,94,0
2,33,39,95,0
2,33,39,96,0
2,33,39,97,0
2,33,40,0,0
2,33,40,1,0
2,33,40,2,0
2,33,40,3,0
2,33,40,4,0
2,33,40,5,0
2,33,40,6,0
2,33,40,7,0
2,33,40,8,0
2,33,40,9,0
2,33,40,10,0
2,33,40,11,0
2,33,40,12,0
2,33,40,13,0
2,33,40,14,0
2,33,40,15,0
2,33,40,16,0
2,33,40,17,0
2,33,40,18,0
2,33,40,19,6430632
2,33,40,20,262370400
2,33,40,21,5082531060
2,33,40,22,65178076584
2,33,40,23,629133671052
2,33,40,24,4844039354304
2,33,40,25,30666168158700
2,33,40,26,162377356930992
2,33,40,27,725851176108636
2,33,40,28,2751202017149904
2,33,40,29,8851314380101600
2,33,40,30,24141699100134976
2,33,40,31,55670551269997264
2,33,40,32,108163859316519756
2,33,40,33,176454793929263952
2,33,40,34,241034527597453392
2,33,40,35,275293764363814944
2,33,40,36,262985744956729098
2,33,40,37,210613159972548456
2,33,40,38,141991451583821240
2,33,40,39,81044409627857192
2,33,40,40,39424224110589098
2,33,40,41,16461565120643244
2,33,40,42,5941693394480412
2,33,40,43,1866149599699068
2,33,40,44,513011857704300
2,33,40,45,124051702191288
2,33,40,46,26490143537328
2,33,40,47,5009513549272
2,33,40,48,840379839316
2,33,40,49,125099432764
2,33,40,50,16516327248
2,33,40,51,1925157156
2,33,40,52,198486945
2,33,40,53,17638944
2,33,40,54,1404060
2,33,40,55,85824
2,33,40,56,5873
2,33,40,57,104
2,33,40,58,14
2,33,40,59,0
2,33,40,60,0
2,33,40,61,0
2,33,40,62,0
2,33,40,63,0
2,33,40,64,0
2,33,40,65,0
2,33,40,66,0
2,33,40,67,0
2,33,40,68,0
2,33,40,69,0
2,33,40,70,0
2,33,40,71,0
2,33,40,72,0
2,33,40,73,0
2,33,40,74,0
2,33,40,75,0
2,33,40,76,0
2,33,40,77,0
2,33,40,78,0
2,33,40,79,0
2,33,40,80,0
2,33,40,81,0
2,33,40,82,0
2,33,40,83,0
2,33,40,84,0
2,33,40,85,0
2,33,40,86,0
2,33,40,87,0
2,33,40,88,0
2,33,40,89,0
2,33,40,90,0
2,33,40,91,0
2,33,40,92,0
2,33,40,93,0
2,33,40,94,0
2,33,40,95,0
2,33,40,96,0
2,33,40,97,0
2,33,41,0,0
2,33,41,1,0
2,33,41,2,0
2,33,41,3,0
2,33,41,4,0
2,33,41,5,0
2,33,41,6,0
2,33,41,7,0
2,33,41,8,0
2,33,41,9,0
2,33,41,10,0
2,33,41,11,0
2,33,41,12,0
2,33,41,13,0
2,33,41,14,0
2,33,41,15,0
2,33,41,16,0
2,33,41,17,0
2,33,41,18,0
2,33,41,19,0
2,33,41,20,0
2,33,41,21,0
2,33,41,22,44623502
2,33,41,23,1616622756
2,33,41,24,28229438288
2,33,41,25,326759079700
2,33,41,26,2831465079966
2,33,41,27,19424837430036
2,33,41,28,108652674778392
2,33,41,29,503668179674844
2,33,41,30,1951659723590412
2,33,41,31,6345208665226112
2,33,41,32,17318995391488274
2,33,41,33,39629210026565148
2,33,41,34,75831808100822640
2,33,41,35,121028627721435216
2,33,41,36,160793240793451774
2,33,41,37,177712404936801572
2,33,41,38,163588623698259468
2,33,41,39,125819898913055256
2,33,41,40,81260303331184950
2,33,41,41,44353950972078772
2,33,41,42,20610120995362466
2,33,41,43,8215188784334924
2,33,41,44,2829705320763948
2,33,41,45,847979002262852
2,33,41,46,222386409060144
2,33,41,47,51289148260056
2,33,41,48,10441487927824
2,33,41,49,1881247049104
2,33,41,50,300348902126
2,33,41,51,42491419828
2,33,41,52,5317729990
2,33,41,53,587233908
2,33,41,54,56637188
2,33,41,55,4804184
2,33,41,56,339774
2,33,41,57,21316
2,33,41,58,950
2,33,41,59,52
2,33,41,60,0
2,33,41,61,0
2,33,41,62,0
2,33,41,63,0
2,33,41,64,0
2,33,41,65,0
2,33,41,66,0
2,33,41,67,0
2,33,41,68,0
2,33,41,69,0
2,33,41,70,0
2,33,41,71,0
2,33,41,72,0
2,33,41,73,0
2,33,41,74,0
2,33,41,75,0
2,33,41,76,0
2,33,41,77,0
2,33,41,78,0
2,33,41,79,0
2,33,41,80,0
2,33,41,81,0
2,33,41,82,0
2,33,41,83,0
2,33,41,84,0
2,33,41,85,0
2,33,41,86,0
2,33,41,87,0
2,33,41,88,0
2,33,41,89,0
2,33,41,90,0
2,33,41,91,0
2,33,41,92,0
2,33,41,93,0
2,33,41,94,0
2,33,41,95,0
2,33,41,96,0
2,33,41,97,0
2,33,42,0,0
2,33,42,1,0
2,33,42,2,0
2,33,42,3,0
2,33,42,4,0
2,33,42,5,0
2,33,42,6,0
2,33,42,7,0
2,33,42,8,0
2,33,42,9,0
2,33,42,10,0
2,33,42,11,0
2,33,42,12,0
2,33,42,13,0
2,33,42,14,0
2,33,42,15,0
2,33,42,16,0
2,33,42,17,0
2,33,42,18,0
2,33,42,19,0
2,33,42,20,0
2,33,42,21,0
2,33,42,22,0
2,33,42,23,0
2,33,42,24,0
2,33,42,25,244396544
2,33,42,26,7911416212
2,33,42,27,124496635216
2,33,42,28,1296443110536
2,33,42,29,10039728666696
2,33,42,30,61039810119228
2,33,42,31,299778047867760
2,33,42,32,1207887792852312
2,33,42,33,4024811888056992
2,33,42,34,11127046781312252
2,33,42,35,25533214178059488
2,33,42,36,48575926340308240
2,33,42,37,76494750920573482
2,33,42,38,99602586957383564
2,33,42,39,107261165727314824
2,33,42,40,95729693480962128
2,33,42,41,71096843036539416
2,33,42,42,44198603235380564
2,33,42,43,23166709707668352
2,33,42,44,10320106790780872
2,33,42,45,3939035206137150
2,33,42,46,1298176967381876
2,33,42,47,371994559376704
2,33,42,48,93235107737624
2,33,42,49,20537883306544
2,33,42,50,3990373234880
2,33,42,51,685441234480
2,33,42,52,104178664920
2,33,42,53,14010014363
2,33,42,54,1659760948
2,33,42,55,173673116
2,33,42,56,15633088
2,33,42,57,1259772
2,33,42,58,77764
2,33,42,59,5384
2,33,42,60,96
2,33,42,61,13
2,33,42,62,0
2,33,42,63,0
2,33,42,64,0
2,33,42,65,0
2,33,42,66,0
2,33,42,67,0
2,33,42,68,0
2,33,42,69,0
2,33,42,70,0
2,33,42,71,0
2,33,42,72,0
2,33,42,73,0
2,33,42,74,0
2,33,42,75,0
2,33,42,76,0
2,33,42,77,0
2,33,42,78,0
2,33,42,79,0
2,33,42,80,0
2,33,42,81,0
2,33,42,82,0
2,33,42,83,0
2,33,42,84,0
2,33,42,85,0
2,33,42,86,0
2,33,42,87,0
2,33,42,88,0
2,33,42,89,0
2,33,42,90,0
2,33,42,91,0
2,33,42,92,0
2,33,42,93,0
2,33,42,94,0
2,33,42,95,0
2,33,42,96,0
2,33,42,97,0
2,33,43,0,0
2,33,43,1,0
2,33,43,2,0
2,33,43,3,0
2,33,43,4,0
2,33,43,5,0
2,33,43,6,0
2,33,43,7,0
2,33,43,8,0
2,33,43,9,0
2,33,43,10,0
2,33,43,11,0
2,33,43,12,0
2,33,43,13,0
2,33,43,14,0
2,33,43,15,0
2,33,43,16,0
2,33,43,17,0
2,33,43,18,0
2,33,43,19,0
2,33,43,20,0
2,33,43,21,0
2,33,43,22,0
2,33,43,23,0
2,33,43,24,0
2,33,43,25,0
2,33,43,26,0
2,33,43,27,0
2,33,43,28,1074801042
2,33,43,29,31158809492
2,33,43,30,440811341204
2,33,43,31,4110508221560
2,33,43,32,28284506851392
2,33,43,33,151392435926544
2,33,43,34,647949350854614
2,33,43,35,2250563765336432
2,33,43,36,6391277717568776
2,33,43,37,14885693112551168
2,33,43,38,28452880926591342
2,33,43,39,44621085076313040
2,33,43,40,57412609500464100
2,33,43,41,60680748022976536
2,33,43,42,52842417553810354
2,33,43,43,38105486750685520
2,33,43,44,22910435083518662
2,33,43,45,11578356238332764
2,33,43,46,4961637135869144
2,33,43,47,1818650173583064
2,33,43,48,574848102364518
2,33,43,49,157821240572388
2,33,43,50,37862720900312
2,33,43,51,7975560941504
2,33,43,52,1480173943034
2,33,43,53,242516552132
2,33,43,54,35097159434
2,33,43,55,4481880488
2,33,43,56,503730904
2,33,43,57,49390480
2,33,43,58,4243942
2,33,43,59,305160
2,33,43,60,19230
2,33,43,61,876
2,33,43,62,48
2,33,43,63,0
2,33,43,64,0
2,33,43,65,0
2,33,43,66,0
2,33,43,67,0
2,33,43,68,0
2,33,43,69,0
2,33,43,70,0
2,33,43,71,0
2,33,43,72,0
2,33,43,73,0
2,33,43,74,0
2,33,43,75,0
2,33,43,76,0
2,33,43,77,0
2,33,43,78,0
2,33,43,79,0
2,33,43,80,0
2,33,43,81,0
2,33,43,82,0
2,33,43,83,0
2,33,43,84,0
2,33,43,85,0
2,33,43,86,0
2,33,43,87,0
2,33,43,88,0
2,33,43,89,0
2,33,43,90,0
2,33,43,91,0
2,33,43,92,0
2,33,43,93,0
2,33,43,94,0
2,33,43,95,0
2,33,43,96,0
2,33,43,97,0
2,33,44,0,0
2,33,44,1,0
2,33,44,2,0
2,33,44,3,0
2,33,44,4,0
2,33,44,5,0
2,33,44,6,0
2,33,44,7,0
2,33,44,8,0
2,33,44,9,0
2,33,44,10,0
2,33,44,11,0
2,33,44,12,0
2,33,44,13,0
2,33,44,14,0
2,33,44,15,0
2,33,44,16,0
2,33,44,17,0
2,33,44,18,0
2,33,44,19,0
2,33,44,20,0
2,33,44,21,0
2,33,44,22,0
2,33,44,23,0
2,33,44,24,0
2,33,44,25,0
2,33,44,26,0
2,33,44,27,0
2,33,44,28,0
2,33,44,29,0
2,33,44,30,0
2,33,44,31,3842321560
2,33,44,32,99704889880
2,33,44,33,1263061410188
2,33,44,34,10485798589272
2,33,44,35,63677015287380
2,33,44,36,297766318281680
2,33,44,37,1101268670222796
2,33,44,38,3267487007757544
2,33,44,39,7833575374249660
2,33,44,40,15225270176240984
2,33,44,41,24026358641421636
2,33,44,42,30824896876947604
2,33,44,43,32226440940304276
2,33,44,44,27566950324750880
2,33,44,45,19412163898850136
2,33,44,46,11342075072330084
2,33,44,47,5548850490246160
2,33,44,48,2294982755526320
2,33,44,49,810037792761080
2,33,44,50,246112271277480
2,33,44,51,64852024159040
2,33,44,52,14913143133904
2,33,44,53,3006966239164
2,33,44,54,533394713812
2,33,44,55,83373596196
2,33,44,56,11491876024
2,33,44,57,1391166916
2,33,44,58,148432230
2,33,44,59,13589324
2,33,44,60,1112624
2,33,44,61,69576
2,33,44,62,4890
2,33,44,63,88
2,33,44,64,12
2,33,44,65,0
2,33,44,66,0
2,33,44,67,0
2,33,44,68,0
2,33,44,69,0
2,33,44,70,0
2,33,44,71,0
2,33,44,72,0
2,33,44,73,0
2,33,44,74,0
2,33,44,75,0
2,33,44,76,0
2,33,44,77,0
2,33,44,78,0
2,33,44,79,0
2,33,44,80,0
2,33,44,81,0
2,33,44,82,0
2,33,44,83,0
2,33,44,84,0
2,33,44,85,0
2,33,44,86,0
2,33,44,87,0
2,33,44,88,0
2,33,44,89,0
2,33,44,90,0
2,33,44,91,0
2,33,44,92,0
2,33,44,93,0
2,33,44,94,0
2,33,44,95,0
2,33,44,96,0
2,33,44,97,0
2,33,45,0,0
2,33,45,1,0
2,33,45,2,0
2,33,45,3,0
2,33,45,4,0
2,33,45,5,0
2,33,45,6,0
2,33,45,7,0
2,33,45,8,0
2,33,45,9,0
2,33,45,10,0
2,33,45,11,0
2,33,45,12,0
2,33,45,13,0
2,33,45,14,0
2,33,45,15,0
2,33,45,16,0
2,33,45,17,0
2,33,45,18,0
2,33,45,19,0
2,33,45,20,0
2,33,45,21,0
2,33,45,22,0
2,33,45,23,0
2,33,45,24,0
2,33,45,25,0
2,33,45,26,0
2,33,45,27,0
2,33,45,28,0
2,33,45,29,0
2,33,45,30,0
2,33,45,31,0
2,33,45,32,0
2,33,45,33,0
2,33,45,34,11265589302
2,33,45,35,261003015604
2,33,45,36,2945174773000
2,33,45,37,21621845594972
2,33,45,38,114988940533234
2,33,45,39,465789843829644
2,33,45,40,1475011416814220
2,33,45,41,3702487415585660
2,33,45,42,7420953855601754
2,33,45,43,11925063691571692
2,33,45,44,15410957567181158
2,33,45,45,16075304317572464
2,33,45,46,13606378295213972
2,33,45,47,9413280292710888
2,33,45,48,5371523324039030
2,33,45,49,2554273009646676
2,33,45,50,1022978763565264
2,33,45,51,348606838023944
2,33,45,52,102021514017992
2,33,45,53,25844347465000
2,33,45,54,5703306284482
2,33,45,55,1101682026476
2,33,45,56,186867596438
2,33,45,57,27869529568
2,33,45,58,3654692894
2,33,45,59,420315596
2,33,45,60,42103298
2,33,45,61,3678256
2,33,45,62,270196
2,33,45,63,17120
2,33,45,64,802
2,33,45,65,44
2,33,45,66,0
2,33,45,67,0
2,33,45,68,0
2,33,45,69,0
2,33,45,70,0
2,33,45,71,0
2,33,45,72,0
2,33,45,73,0
2,33,45,74,0
2,33,45,75,0
2,33,45,76,0
2,33,45,77,0
2,33,45,78,0
2,33,45,79,0
2,33,45,80,0
2,33,45,81,0
2,33,45,82,0
2,33,45,83,0
2,33,45,84,0
2,33,45,85,0
2,33,45,86,0
2,33,45,87,0
2,33,45,88,0
2,33,45,89,0
2,33,45,90,0
2,33,45,91,0
2,33,45,92,0
2,33,45,93,0
2,33,45,94,0
2,33,45,95,0
2,33,45,96,0
2,33,45,97,0
2,33,46,0,0
2,33,46,1,0
2,33,46,2,0
2,33,46,3,0
2,33,46,4,0
2,33,46,5,0
2,33,46,6,0
2,33,46,7,0
2,33,46,8,0
2,33,46,9,0
2,33,46,10,0
2,33,46,11,0
2,33,46,12,0
2,33,46,13,0
2,33,46,14,0
2,33,46,15,0
2,33,46,16,0
2,33,46,17,0
2,33,46,18,0
2,33,46,19,0
2,33,46,20,0
2,33,46,21,0
2,33,46,22,0
2,33,46,23,0
2,33,46,24,0
2,33,46,25,0
2,33,46,26,0
2,33,46,27,0
2,33,46,28,0
2,33,46,29,0
2,33,46,30,0
2,33,46,31,0
2,33,46,32,0
2,33,46,33,0
2,33,46,34,0
2,33,46,35,0
2,33,46,36,0
2,33,46,37,27266245056
2,33,46,38,561710028220
2,33,46,39,5610562429240
2,33,46,40,36149285554360
2,33,46,41,166940588509680
2,33,46,42,580408379607900
2,33,46,43,1558428747149136
2,33,46,44,3276646900626528
2,33,46,45,5437636228801368
2,33,46,46,7161895919756736
2,33,46,47,7527178217786486
2,33,46,48,6355424460060200
2,33,46,49,4348393639410668
2,33,46,50,2436311051550564
2,33,46,51,1130825728336782
2,33,46,52,440006771352792
2,33,46,53,145143803478912
2,33,46,54,40996388739672
2,33,46,55,9998873979978
2,33,46,56,2119765171744
2,33,46,57,392533179820
2,33,46,58,63674032048
2,33,46,59,9064494546
2,33,46,60,1128579816
2,33,46,61,123468288
2,33,46,62,11553240
2,33,46,63,965019
2,33,46,64,61356
2,33,46,65,4394
2,33,46,66,80
2,33,46,67,11
2,33,46,68,0
2,33,46,69,0
2,33,46,70,0
2,33,46,71,0
2,33,46,72,0
2,33,46,73,0
2,33,46,74,0
2,33,46,75,0
2,33,46,76,0
2,33,46,77,0
2,33,46,78,0
2,33,46,79,0
2,33,46,80,0
2,33,46,81,0
2,33,46,82,0
2,33,46,83,0
2,33,46,84,0
2,33,46,85,0
2,33,46,86,0
2,33,46,87,0
2,33,46,88,0
2,33,46,89,0
2,33,46,90,0
2,33,46,91,0
2,33,46,92,0
2,33,46,93,0
2,33,46,94,0
2,33,46,95,0
2,33,46,96,0
2,33,46,97,0
2,33,47,0,0
2,33,47,1,0
2,33,47,2,0
2,33,47,3,0
2,33,47,4,0
2,33,47,5,0
2,33,47,6,0
2,33,47,7,0
2,33,47,8,0
2,33,47,9,0
2,33,47,10,0
2,33,47,11,0
2,33,47,12,0
2,33,47,13,0
2,33,47,14,0
2,33,47,15,0
2,33,47,16,0
2,33,47,17,0
2,33,47,18,0
2,33,47,19,0
2,33,47,20,0
2,33,47,21,0
2,33,47,22,0
2,33,47,23,0
2,33,47,24,0
2,33,47,25,0
2,33,47,26,0
2,33,47,27,0
2,33,47,28,0
2,33,47,29,0
2,33,47,30,0
2,33,47,31,0
2,33,47,32,0
2,33,47,33,0
2,33,47,34,0
2,33,47,35,0
2,33,47,36,0
2,33,47,37,0
2,33,47,38,0
2,33,47,39,0
2,33,47,40,54734043130
2,33,47,41,997305180260
2,33,47,42,8754611661420
2,33,47,43,49093540029120
2,33,47,44,195075804323940
2,33,47,45,576432904928088
2,33,47,46,1299043437736458
2,33,47,47,2264746243582656
2,33,47,48,3082795311674886
2,33,47,49,3302074366458196
2,33,47,50,2807130503685706
2,33,47,51,1913638287056936
2,33,47,52,1058878057669958
2,33,47,53,481908687813012
2,33,47,54,182807013373872
2,33,47,55,58524143780240
2,33,47,56,15985319502570
2,33,47,57,3758897480020
2,33,47,58,766256565234
2,33,47,59,136097065544
2,33,47,60,21115257486
2,33,47,61,2866220516
2,33,47,62,339529878
2,33,47,63,34953968
2,33,47,64,3118208
2,33,47,65,235320
2,33,47,66,15010
2,33,47,67,728
2,33,47,68,40
2,33,47,69,0
2,33,47,70,0
2,33,47,71,0
2,33,47,72,0
2,33,47,73,0
2,33,47,74,0
2,33,47,75,0
2,33,47,76,0
2,33,47,77,0
2,33,47,78,0
2,33,47,79,0
2,33,47,80,0
2,33,47,81,0
2,33,47,82,0
2,33,47,83,0
2,33,47,84,0
2,33,47,85,0
2,33,47,86,0
2,33,47,87,0
2,33,47,88,0
2,33,47,89,0
2,33,47,90,0
2,33,47,91,0
2,33,47,92,0
2,33,47,93,0
2,33,47,94,0
2,33,47,95,0
2,33,47,96,0
2,33,47,97,0
2,33,48,0,0
2,33,48,1,0
2,33,48,2,0
2,33,48,3,0
2,33,48,4,0
2,33,48,5,0
2,33,48,6,0
2,33,48,7,0
2,33,48,8,0
2,33,48,9,0
2,33,48,10,0
2,33,48,11,0
2,33,48,12,0
2,33,48,13,0
2,33,48,14,0
2,33,48,15,0
2,33,48,16,0
2,33,48,17,0
2,33,48,18,0
2,33,48,19,0
2,33,48,20,0
2,33,48,21,0
2,33,48,22,0
2,33,48,23,0
2,33,48,24,0
2,33,48,25,0
2,33,48,26,0
2,33,48,27,0
2,33,48,28,0
2,33,48,29,0
2,33,48,30,0
2,33,48,31,0
2,33,48,32,0
2,33,48,33,0
2,33,48,34,0
2,33,48,35,0
2,33,48,36,0
2,33,48,37,0
2,33,48,38,0
2,33,48,39,0
2,33,48,40,0
2,33,48,41,0
2,33,48,42,0
2,33,48,43,91437047240
2,33,48,44,1464255788880
2,33,48,45,11206845097956
2,33,48,46,54205896137544
2,33,48,47,183519735642780
2,33,48,48,456145263226752
2,33,48,49,853744581226572
2,33,48,50,1221791621801088
2,33,48,51,1352203131596316
2,33,48,52,1170144361467030
2,33,48,53,801650543602672
2,33,48,54,440985613327108
2,33,48,55,197770515313536
2,33,48,56,73411344017217
2,33,48,57,22870851970012
2,33,48,58,6052725846016
2,33,48,59,1374051820292
2,33,48,60,269565105042
2,33,48,61,45928364684
2,33,48,62,6819829548
2,33,48,63,880537316
2,33,48,64,99453446
2,33,48,65,9569128
2,33,48,66,819344
2,33,48,67,53200
2,33,48,68,3899
2,33,48,69,72
2,33,48,70,10
2,33,48,71,0
2,33,48,72,0
2,33,48,73,0
2,33,48,74,0
2,33,48,75,0
2,33,48,76,0
2,33,48,77,0
2,33,48,78,0
2,33,48,79,0
2,33,48,80,0
2,33,48,81,0
2,33,48,82,0
2,33,48,83,0
2,33,48,84,0
2,33,48,85,0
2,33,48,86,0
2,33,48,87,0
2,33,48,88,0
2,33,48,89,0
2,33,48,90,0
2,33,48,91,0
2,33,48,92,0
2,33,48,93,0
2,33,48,94,0
2,33,48,95,0
2,33,48,96,0
2,33,48,97,0
2,33,49,0,0
2,33,49,1,0
2,33,49,2,0
2,33,49,3,0
2,33,49,4,0
2,33,49,5,0
2,33,49,6,0
2,33,49,7,0
2,33,49,8,0
2,33,49,9,0
2,33,49,10,0
2,33,49,11,0
2,33,49,12,0
2,33,49,13,0
2,33,49,14,0
2,33,49,15,0
2,33,49,16,0
2,33,49,17,0
2,33,49,18,0
2,33,49,19,0
2,33,49,20,0
2,33,49,21,0
2,33,49,22,0
2,33,49,23,0
2,33,49,24,0
2,33,49,25,0
2,33,49,26,0
2,33,49,27,0
2,33,49,28,0
2,33,49,29,0
2,33,49,30,0
2,33,49,31,0
2,33,49,32,0
2,33,49,33,0
2,33,49,34,0
2,33,49,35,0
2,33,49,36,0
2,33,49,37,0
2,33,49,38,0
2,33,49,39,0
2,33,49,40,0
2,33,49,41,0
2,33,49,42,0
2,33,49,43,0
2,33,49,44,0
2,33,49,45,0
2,33,49,46,127421652510
2,33,49,47,1780380279300
2,33,49,48,11777644913664
2,33,49,49,48661150644516
2,33,49,50,138911372284230
2,33,49,51,287279030843460
2,33,49,52,441760727994912
2,33,49,53,513845721332988
2,33,49,54,458716367501040
2,33,49,55,319077880898568
2,33,49,56,175851611973002
2,33,49,57,78156730636472
2,33,49,58,28504616908982
2,33,49,59,8667039193476
2,33,49,60,2226832653078
2,33,49,61,488653972872
2,33,49,62,92334173250
2,33,49,63,15093630756
2,33,49,64,2143190484
2,33,49,65,263726020
2,33,49,66,28112620
2,33,49,67,2574616
2,33,49,68,200970
2,33,49,69,12924
2,33,49,70,654
2,33,49,71,36
2,33,49,72,0
2,33,49,73,0
2,33,49,74,0
2,33,49,75,0
2,33,49,76,0
2,33,49,77,0
2,33,49,78,0
2,33,49,79,0
2,33,49,80,0
2,33,49,81,0
2,33,49,82,0
2,33,49,83,0
2,33,49,84,0
2,33,49,85,0
2,33,49,86,0
2,33,49,87,0
2,33,49,88,0
2,33,49,89,0
2,33,49,90,0
2,33,49,91,0
2,33,49,92,0
2,33,49,93,0
2,33,49,94,0
2,33,49,95,0
2,33,49,96,0
2,33,49,97,0
2,33,50,0,0
2,33,50,1,0
2,33,50,2,0
2,33,50,3,0
2,33,50,4,0
2,33,50,5,0
2,33,50,6,0
2,33,50,7,0
2,33,50,8,0
2,33,50,9,0
2,33,50,10,0
2,33,50,11,0
2,33,50,12,0
2,33,50,13,0
2,33,50,14,0
2,33,50,15,0
2,33,50,16,0
2,33,50,17,0
2,33,50,18,0
2,33,50,19,0
2,33,50,20,0
2,33,50,21,0
2,33,50,22,0
2,33,50,23,0
2,33,50,24,0
2,33,50,25,0
2,33,50,26,0
2,33,50,27,0
2,33,50,28,0
2,33,50,29,0
2,33,50,30,0
2,33,50,31,0
2,33,50,32,0
2,33,50,33,0
2,33,50,34,0
2,33,50,35,0
2,33,50,36,0
2,33,50,37,0
2,33,50,38,0
2,33,50,39,0
2,33,50,40,0
2,33,50,41,0
2,33,50,42,0
2,33,50,43,0
2,33,50,44,0
2,33,50,45,0
2,33,50,46,0
2,33,50,47,0
2,33,50,48,0
2,33,50,49,148348809216
2,33,50,50,1793991814692
2,33,50,51,10161190212000
2,33,50,52,35489333863848
2,33,50,53,84475030156056
2,33,50,54,143701773000220
2,33,50,55,179562901398416
2,33,50,56,168161182069320
2,33,50,57,120278940064575
2,33,50,58,67034864948328
2,33,50,59,29724253067560
2,33,50,60,10701249044312
2,33,50,61,3185732457776
2,33,50,62,796331903808
2,33,50,63,169145338208
2,33,50,64,30793702824
2,33,50,65,4834892412
2,33,50,66,654602836
2,33,50,67,77011520
2,33,50,68,7679264
2,33,50,69,677960
2,33,50,70,45204
2,33,50,71,3408
2,33,50,72,64
2,33,50,73,9
2,33,50,74,0
2,33,50,75,0
2,33,50,76,0
2,33,50,77,0
2,33,50,78,0
2,33,50,79,0
2,33,50,80,0
2,33,50,81,0
2,33,50,82,0
2,33,50,83,0
2,33,50,84,0
2,33,50,85,0
2,33,50,86,0
2,33,50,87,0
2,33,50,88,0
2,33,50,89,0
2,33,50,90,0
2,33,50,91,0
2,33,50,92,0
2,33,50,93,0
2,33,50,94,0
2,33,50,95,0
2,33,50,96,0
2,33,50,97,0
2,33,51,0,0
2,33,51,1,0
2,33,51,2,0
2,33,51,3,0
2,33,51,4,0
2,33,51,5,0
2,33,51,6,0
2,33,51,7,0
2,33,51,8,0
2,33,51,9,0
2,33,51,10,0
2,33,51,11,0
2,33,51,12,0
2,33,51,13,0
2,33,51,14,0
2,33,51,15,0
2,33,51,16,0
2,33,51,17,0
2,33,51,18,0
2,33,51,19,0
2,33,51,20,0
2,33,51,21,0
2,33,51,22,0
2,33,51,23,0
2,33,51,24,0
2,33,51,25,0
2,33,51,26,0
2,33,51,27,0
2,33,51,28,0
2,33,51,29,0
2,33,51,30,0
2,33,51,31,0
2,33,51,32,0
2,33,51,33,0
2,33,51,34,0
2,33,51,35,0
2,33,51,36,0
2,33,51,37,0
2,33,51,38,0
2,33,51,39,0
2,33,51,40,0
2,33,51,41,0
2,33,51,42,0
2,33,51,43,0
2,33,51,44,0
2,33,51,45,0
2,33,51,46,0
2,33,51,47,0
2,33,51,48,0
2,33,51,49,0
2,33,51,50,0
2,33,51,51,0
2,33,51,52,144411206178
2,33,51,53,1498108952820
2,33,51,54,7191087918340
2,33,51,55,20993202133000
2,33,51,56,41169590395400
2,33,51,57,56914119968800
2,33,51,58,57149707278942
2,33,51,59,42719283448176
2,33,51,60,24359449306286
2,33,51,61,10864466032188
2,33,51,62,3882478516906
2,33,51,63,1135791075000
2,33,51,64,276828513044
2,33,51,65,57004518376
2,33,51,66,10002491948
2,33,51,67,1507869520
2,33,51,68,194992928
2,33,51,69,21737728
2,33,51,70,2057914
2,33,51,71,167584
2,33,51,72,10886
2,33,51,73,580
2,33,51,74,32
2,33,51,75,0
2,33,51,76,0
2,33,51,77,0
2,33,51,78,0
2,33,51,79,0
2,33,51,80,0
2,33,51,81,0
2,33,51,82,0
2,33,51,83,0
2,33,51,84,0
2,33,51,85,0
2,33,51,86,0
2,33,51,87,0
2,33,51,88,0
2,33,51,89,0
2,33,51,90,0
2,33,51,91,0
2,33,51,92,0
2,33,51,93,0
2,33,51,94,0
2,33,51,95,0
2,33,51,96,0
2,33,51,97,0
2,33,52,0,0
2,33,52,1,0
2,33,52,2,0
2,33,52,3,0
2,33,52,4,0
2,33,52,5,0
2,33,52,6,0
2,33,52,7,0
2,33,52,8,0
2,33,52,9,0
2,33,52,10,0
2,33,52,11,0
2,33,52,12,0
2,33,52,13,0
2,33,52,14,0
2,33,52,15,0
2,33,52,16,0
2,33,52,17,0
2,33,52,18,0
2,33,52,19,0
2,33,52,20,0
2,33,52,21,0
2,33,52,22,0
2,33,52,23,0
2,33,52,24,0
2,33,52,25,0
2,33,52,26,0
2,33,52,27,0
2,33,52,28,0
2,33,52,29,0
2,33,52,30,0
2,33,52,31,0
2,33,52,32,0
2,33,52,33,0
2,33,52,34,0
2,33,52,35,0
2,33,52,36,0
2,33,52,37,0
2,33,52,38,0
2,33,52,39,0
2,33,52,40,0
2,33,52,41,0
2,33,52,42,0
2,33,52,43,0
2,33,52,44,0
2,33,52,45,0
2,33,52,46,0
2,33,52,47,0
2,33,52,48,0
2,33,52,49,0
2,33,52,50,0
2,33,52,51,0
2,33,52,52,0
2,33,52,53,0
2,33,52,54,0
2,33,52,55,117561917880
2,33,52,56,1036047591560
2,33,52,57,4167684564860
2,33,52,58,10045145861240
2,33,52,59,16020046771300
2,33,52,60,17768739384016
2,33,52,61,14182019602924
2,33,52,62,8400341337396
2,33,52,63,3807697197348
2,33,52,64,1359788683968
2,33,52,65,392616885320
2,33,52,66,93558305192
2,33,52,67,18695985872
2,33,52,68,3167913968
2,33,52,69,457075028
2,33,52,70,56701616
2,33,52,71,5923188
2,33,52,72,543192
2,33,52,73,37464
2,33,52,74,2924
2,33,52,75,56
2,33,52,76,8
2,33,52,77,0
2,33,52,78,0
2,33,52,79,0
2,33,52,80,0
2,33,52,81,0
2,33,52,82,0
2,33,52,83,0
2,33,52,84,0
2,33,52,85,0
2,33,52,86,0
2,33,52,87,0
2,33,52,88,0
2,33,52,89,0
2,33,52,90,0
2,33,52,91,0
2,33,52,92,0
2,33,52,93,0
2,33,52,94,0
2,33,52,95,0
2,33,52,96,0
2,33,52,97,0
2,33,53,0,0
2,33,53,1,0
2,33,53,2,0
2,33,53,3,0
2,33,53,4,0
2,33,53,5,0
2,33,53,6,0
2,33,53,7,0
2,33,53,8,0
2,33,53,9,0
2,33,53,10,0
2,33,53,11,0
2,33,53,12,0
2,33,53,13,0
2,33,53,14,0
2,33,53,15,0
2,33,53,16,0
2,33,53,17,0
2,33,53,18,0
2,33,53,19,0
2,33,53,20,0
2,33,53,21,0
2,33,53,22,0
2,33,53,23,0
2,33,53,24,0
2,33,53,25,0
2,33,53,26,0
2,33,53,27,0
2,33,53,28,0
2,33,53,29,0
2,33,53,30,0
2,33,53,31,0
2,33,53,32,0
2,33,53,33,0
2,33,53,34,0
2,33,53,35,0
2,33,53,36,0
2,33,53,37,0
2,33,53,38,0
2,33,53,39,0
2,33,53,40,0
2,33,53,41,0
2,33,53,42,0
2,33,53,43,0
2,33,53,44,0
2,33,53,45,0
2,33,53,46,0
2,33,53,47,0
2,33,53,48,0
2,33,53,49,0
2,33,53,50,0
2,33,53,51,0
2,33,53,52,0
2,33,53,53,0
2,33,53,54,0
2,33,53,55,0
2,33,53,56,0
2,33,53,57,0
2,33,53,58,79995909190
2,33,53,59,592498194580
2,33,53,60,1972824965432
2,33,53,61,3872458039148
2,33,53,62,4950957859994
2,33,53,63,4347084512700
2,33,53,64,2729975683028
2,33,53,65,1274831396652
2,33,53,66,458966770060
2,33,53,67,131457021208
2,33,53,68,30737000818
2,33,53,69,5966826732
2,33,53,70,977040158
2,33,53,71,135084724
2,33,53,72,15972650
2,33,53,73,1578032
2,33,53,74,135600
2,33,53,75,8920
2,33,53,76,506
2,33,53,77,28
2,33,53,78,0
2,33,53,79,0
2,33,53,80,0
2,33,53,81,0
2,33,53,82,0
2,33,53,83,0
2,33,53,84,0
2,33,53,85,0
2,33,53,86,0
2,33,53,87,0
2,33,53,88,0
2,33,53,89,0
2,33,53,90,0
2,33,53,91,0
2,33,53,92,0
2,33,53,93,0
2,33,53,94,0
2,33,53,95,0
2,33,53,96,0
2,33,53,97,0
2,33,54,0,0
2,33,54,1,0
2,33,54,2,0
2,33,54,3,0
2,33,54,4,0
2,33,54,5,0
2,33,54,6,0
2,33,54,7,0
2,33,54,8,0
2,33,54,9,0
2,33,54,10,0
2,33,54,11,0
2,33,54,12,0
2,33,54,13,0
2,33,54,14,0
2,33,54,15,0
2,33,54,16,0
2,33,54,17,0
2,33,54,18,0
2,33,54,19,0
2,33,54,20,0
2,33,54,21,0
2,33,54,22,0
2,33,54,23,0
2,33,54,24,0
2,33,54,25,0
2,33,54,26,0
2,33,54,27,0
2,33,54,28,0
2,33,54,29,0
2,33,54,30,0
2,33,54,31,0
2,33,54,32,0
2,33,54,33,0
2,33,54,34,0
2,33,54,35,0
2,33,54,36,0
2,33,54,37,0
2,33,54,38,0
2,33,54,39,0
2,33,54,40,0
2,33,54,41,0
2,33,54,42,0
2,33,54,43,0
2,33,54,44,0
2,33,54,45,0
2,33,54,46,0
2,33,54,47,0
2,33,54,48,0
2,33,54,49,0
2,33,54,50,0
2,33,54,51,0
2,33,54,52,0
2,33,54,53,0
2,33,54,54,0
2,33,54,55,0
2,33,54,56,0
2,33,54,57,0
2,33,54,58,0
2,33,54,59,0
2,33,54,60,0
2,33,54,61,45443741760
2,33,54,62,279520857676
2,33,54,63,759721417480
2,33,54,64,1195852166744
2,33,54,65,1206418851264
2,33,54,66,827142518396
2,33,54,67,405339718918
2,33,54,68,148861650680
2,33,54,69,42584470452
2,33,54,70,9802447492
2,33,54,71,1855133478
2,33,54,72,292718376
2,33,54,73,39001920
2,33,54,74,4336984
2,33,54,75,417319
2,33,54,76,30076
2,33,54,77,2450
2,33,54,78,48
2,33,54,79,7
2,33,54,80,0
2,33,54,81,0
2,33,54,82,0
2,33,54,83,0
2,33,54,84,0
2,33,54,85,0
2,33,54,86,0
2,33,54,87,0
2,33,54,88,0
2,33,54,89,0
2,33,54,90,0
2,33,54,91,0
2,33,54,92,0
2,33,54,93,0
2,33,54,94,0
2,33,54,95,0
2,33,54,96,0
2,33,54,97,0
2,33,55,0,0
2,33,55,1,0
2,33,55,2,0
2,33,55,3,0
2,33,55,4,0
2,33,55,5,0
2,33,55,6,0
2,33,55,7,0
2,33,55,8,0
2,33,55,9,0
2,33,55,10,0
2,33,55,11,0
2,33,55,12,0
2,33,55,13,0
2,33,55,14,0
2,33,55,15,0
2,33,55,16,0
2,33,55,17,0
2,33,55,18,0
2,33,55,19,0
2,33,55,20,0
2,33,55,21,0
2,33,55,22,0
2,33,55,23,0
2,33,55,24,0
2,33,55,25,0
2,33,55,26,0
2,33,55,27,0
2,33,55,28,0
2,33,55,29,0
2,33,55,30,0
2,33,55,31,0
2,33,55,32,0
2,33,55,33,0
2,33,55,34,0
2,33,55,35,0
2,33,55,36,0
2,33,55,37,0
2,33,55,38,0
2,33,55,39,0
2,33,55,40,0
2,33,55,41,0
2,33,55,42,0
2,33,55,43,0
2,33,55,44,0
2,33,55,45,0
2,33,55,46,0
2,33,55,47,0
2,33,55,48,0
2,33,55,49,0
2,33,55,50,0
2,33,55,51,0
2,33,55,52,0
2,33,55,53,0
2,33,55,54,0
2,33,55,55,0
2,33,55,56,0
2,33,55,57,0
2,33,55,58,0
2,33,55,59,0
2,33,55,60,0
2,33,55,61,0
2,33,55,62,0
2,33,55,63,0
2,33,55,64,21507034122
2,33,55,65,108391422020
2,33,55,66,236661977180
2,33,55,67,293459861840
2,33,55,68,229563220524
2,33,55,69,121324472040
2,33,55,70,46160955822
2,33,55,71,13324657632
2,33,55,72,3030529872
2,33,55,73,561113304
2,33,55,74,85352206
2,33,55,75,10942168
2,33,55,76,1144276
2,33,55,77,105456
2,33,55,78,7050
2,33,55,79,432
2,33,55,80,24
2,33,55,81,0
2,33,55,82,0
2,33,55,83,0
2,33,55,84,0
2,33,55,85,0
2,33,55,86,0
2,33,55,87,0
2,33,55,88,0
2,33,55,89,0
2,33,55,90,0
2,33,55,91,0
2,33,55,92,0
2,33,55,93,0
2,33,55,94,0
2,33,55,95,0
2,33,55,96,0
2,33,55,97,0
2,33,56,0,0
2,33,56,1,0
2,33,56,2,0
2,33,56,3,0
2,33,56,4,0
2,33,56,5,0
2,33,56,6,0
2,33,56,7,0
2,33,56,8,0
2,33,56,9,0
2,33,56,10,0
2,33,56,11,0
2,33,56,12,0
2,33,56,13,0
2,33,56,14,0
2,33,56,15,0
2,33,56,16,0
2,33,56,17,0
2,33,56,18,0
2,33,56,19,0
2,33,56,20,0
2,33,56,21,0
2,33,56,22,0
2,33,56,23,0
2,33,56,24,0
2,33,56,25,0
2,33,56,26,0
2,33,56,27,0
2,33,56,28,0
2,33,56,29,0
2,33,56,30,0
2,33,56,31,0
2,33,56,32,0
2,33,56,33,0
2,33,56,34,0
2,33,56,35,0
2,33,56,36,0
2,33,56,37,0
2,33,56,38,0
2,33,56,39,0
2,33,56,40,0
2,33,56,41,0
2,33,56,42,0
2,33,56,43,0
2,33,56,44,0
2,33,56,45,0
2,33,56,46,0
2,33,56,47,0
2,33,56,48,0
2,33,56,49,0
2,33,56,50,0
2,33,56,51,0
2,33,56,52,0
2,33,56,53,0
2,33,56,54,0
2,33,56,55,0
2,33,56,56,0
2,33,56,57,0
2,33,56,58,0
2,33,56,59,0
2,33,56,60,0
2,33,56,61,0
2,33,56,62,0
2,33,56,63,0
2,33,56,64,0
2,33,56,65,0
2,33,56,66,0
2,33,56,67,8453107432
2,33,56,68,34371082816
2,33,56,69,59162755028
2,33,56,70,56599361000
2,33,56,71,33694506156
2,33,56,72,13589826842
2,33,56,73,4009466724
2,33,56,74,908349780
2,33,56,75,164519452
2,33,56,76,24293683
2,33,56,77,2952560
2,33,56,78,302564
2,33,56,79,23136
2,33,56,80,1989
2,33,56,81,40
2,33,56,82,6
2,33,56,83,0
2,33,56,84,0
2,33,56,85,0
2,33,56,86,0
2,33,56,87,0
2,33,56,88,0
2,33,56,89,0
2,33,56,90,0
2,33,56,91,0
2,33,56,92,0
2,33,56,93,0
2,33,56,94,0
2,33,56,95,0
2,33,56,96,0
2,33,56,97,0
2,33,57,0,0
2,33,57,1,0
2,33,57,2,0
2,33,57,3,0
2,33,57,4,0
2,33,57,5,0
2,33,57,6,0
2,33,57,7,0
2,33,57,8,0
2,33,57,9,0
2,33,57,10,0
2,33,57,11,0
2,33,57,12,0
2,33,57,13,0
2,33,57,14,0
2,33,57,15,0
2,33,57,16,0
2,33,57,17,0
2,33,57,18,0
2,33,57,19,0
2,33,57,20,0
2,33,57,21,0
2,33,57,22,0
2,33,57,23,0
2,33,57,24,0
2,33,57,25,0
2,33,57,26,0
2,33,57,27,0
2,33,57,28,0
2,33,57,29,0
2,33,57,30,0
2,33,57,31,0
2,33,57,32,0
2,33,57,33,0
2,33,57,34,0
2,33,57,35,0
2,33,57,36,0
2,33,57,37,0
2,33,57,38,0
2,33,57,39,0
2,33,57,40,0
2,33,57,41,0
2,33,57,42,0
2,33,57,43,0
2,33,57,44,0
2,33,57,45,0
2,33,57,46,0
2,33,57,47,0
2,33,57,48,0
2,33,57,49,0
2,33,57,50,0
2,33,57,51,0
2,33,57,52,0
2,33,57,53,0
2,33,57,54,0
2,33,57,55,0
2,33,57,56,0
2,33,57,57,0
2,33,57,58,0
2,33,57,59,0
2,33,57,60,0
2,33,57,61,0
2,33,57,62,0
2,33,57,63,0
2,33,57,64,0
2,33,57,65,0
2,33,57,66,0
2,33,57,67,0
2,33,57,68,0
2,33,57,69,0
2,33,57,70,2746713774
2,33,57,71,8848760932
2,33,57,72,11737509296
2,33,57,73,8451683636
2,33,57,74,3759153646
2,33,57,75,1152619716
2,33,57,76,263415136
2,33,57,77,46677800
2,33,57,78,6749028
2,33,57,79,765208
2,33,57,80,77590
2,33,57,81,5300
2,33,57,82,358
2,33,57,83,20
2,33,57,84,0
2,33,57,85,0
2,33,57,86,0
2,33,57,87,0
2,33,57,88,0
2,33,57,89,0
2,33,57,90,0
2,33,57,91,0
2,33,57,92,0
2,33,57,93,0
2,33,57,94,0
2,33,57,95,0
2,33,57,96,0
2,33,57,97,0
2,33,58,0,0
2,33,58,1,0
2,33,58,2,0
2,33,58,3,0
2,33,58,4,0
2,33,58,5,0
2,33,58,6,0
2,33,58,7,0
2,33,58,8,0
2,33,58,9,0
2,33,58,10,0
2,33,58,11,0
2,33,58,12,0
2,33,58,13,0
2,33,58,14,0
2,33,58,15,0
2,33,58,16,0
2,33,58,17,0
2,33,58,18,0
2,33,58,19,0
2,33,58,20,0
2,33,58,21,0
2,33,58,22,0
2,33,58,23,0
2,33,58,24,0
2,33,58,25,0
2,33,58,26,0
2,33,58,27,0
2,33,58,28,0
2,33,58,29,0
2,33,58,30,0
2,33,58,31,0
2,33,58,32,0
2,33,58,33,0
2,33,58,34,0
2,33,58,35,0
2,33,58,36,0
2,33,58,37,0
2,33,58,38,0
2,33,58,39,0
2,33,58,40,0
2,33,58,41,0
2,33,58,42,0
2,33,58,43,0
2,33,58,44,0
2,33,58,45,0
2,33,58,46,0
2,33,58,47,0
2,33,58,48,0
2,33,58,49,0
2,33,58,50,0
2,33,58,51,0
2,33,58,52,0
2,33,58,53,0
2,33,58,54,0
2,33,58,55,0
2,33,58,56,0
2,33,58,57,0
2,33,58,58,0
2,33,58,59,0
2,33,58,60,0
2,33,58,61,0
2,33,58,62,0
2,33,58,63,0
2,33,58,64,0
2,33,58,65,0
2,33,58,66,0
2,33,58,67,0
2,33,58,68,0
2,33,58,69,0
2,33,58,70,0
2,33,58,71,0
2,33,58,72,0
2,33,58,73,733189632
2,33,58,74,1831141812
2,33,58,75,1819363824
2,33,58,76,957564360
2,33,58,77,313966563
2,33,58,78,73484112
2,33,58,79,12845484
2,33,58,80,1796928
2,33,58,81,201084
2,33,58,82,16740
2,33,58,83,1544
2,33,58,84,32
2,33,58,85,5
2,33,58,86,0
2,33,58,87,0
2,33,58,88,0
2,33,58,89,0
2,33,58,90,0
2,33,58,91,0
2,33,58,92,0
2,33,58,93,0
2,33,58,94,0
2,33,58,95,0
2,33,58,96,0
2,33,58,97,0
2,33,59,0,0
2,33,59,1,0
2,33,59,2,0
2,33,59,3,0
2,33,59,4,0
2,33,59,5,0
2,33,59,6,0
2,33,59,7,0
2,33,59,8,0
2,33,59,9,0
2,33,59,10,0
2,33,59,11,0
2,33,59,12,0
2,33,59,13,0
2,33,59,14,0
2,33,59,15,0
2,33,59,16,0
2,33,59,17,0
2,33,59,18,0
2,33,59,19,0
2,33,59,20,0
2,33,59,21,0
2,33,59,22,0
2,33,59,23,0
2,33,59,24,0
2,33,59,25,0
2,33,59,26,0
2,33,59,27,0
2,33,59,28,0
2,33,59,29,0
2,33,59,30,0
2,33,59,31,0
2,33,59,32,0
2,33,59,33,0
2,33,59,34,0
2,33,59,35,0
2,33,59,36,0
2,33,59,37,0
2,33,59,38,0
2,33,59,39,0
2,33,59,40,0
2,33,59,41,0
2,33,59,42,0
2,33,59,43,0
2,33,59,44,0
2,33,59,45,0
2,33,59,46,0
2,33,59,47,0
2,33,59,48,0
2,33,59,49,0
2,33,59,50,0
2,33,59,51,0
2,33,59,52,0
2,33,59,53,0
2,33,59,54,0
2,33,59,55,0
2,33,59,56,0
2,33,59,57,0
2,33,59,58,0
2,33,59,59,0
2,33,59,60,0
2,33,59,61,0
2,33,59,62,0
2,33,59,63,0
2,33,59,64,0
2,33,59,65,0
2,33,59,66,0
2,33,59,67,0
2,33,59,68,0
2,33,59,69,0
2,33,59,70,0
2,33,59,71,0
2,33,59,72,0
2,33,59,73,0
2,33,59,74,0
2,33,59,75,0
2,33,59,76,159369650
2,33,59,77,300376404
2,33,59,78,215474036
2,33,59,79,80169880
2,33,59,80,19423986
2,33,59,81,3470524
2,33,59,82,448526
2,33,59,83,52440
2,33,59,84,3694
2,33,59,85,284
2,33,59,86,16
2,33,59,87,0
2,33,59,88,0
2,33,59,89,0
2,33,59,90,0
2,33,59,91,0
2,33,59,92,0
2,33,59,93,0
2,33,59,94,0
2,33,59,95,0
2,33,59,96,0
2,33,59,97,0
2,33,60,0,0
2,33,60,1,0
2,33,60,2,0
2,33,60,3,0
2,33,60,4,0
2,33,60,5,0
2,33,60,6,0
2,33,60,7,0
2,33,60,8,0
2,33,60,9,0
2,33,60,10,0
2,33,60,11,0
2,33,60,12,0
2,33,60,13,0
2,33,60,14,0
2,33,60,15,0
2,33,60,16,0
2,33,60,17,0
2,33,60,18,0
2,33,60,19,0
2,33,60,20,0
2,33,60,21,0
2,33,60,22,0
2,33,60,23,0
2,33,60,24,0
2,33,60,25,0
2,33,60,26,0
2,33,60,27,0
2,33,60,28,0
2,33,60,29,0
2,33,60,30,0
2,33,60,31,0
2,33,60,32,0
2,33,60,33,0
2,33,60,34,0
2,33,60,35,0
2,33,60,36,0
2,33,60,37,0
2,33,60,38,0
2,33,60,39,0
2,33,60,40,0
2,33,60,41,0
2,33,60,42,0
2,33,60,43,0
2,33,60,44,0
2,33,60,45,0
2,33,60,46,0
2,33,60,47,0
2,33,60,48,0
2,33,60,49,0
2,33,60,50,0
2,33,60,51,0
2,33,60,52,0
2,33,60,53,0
2,33,60,54,0
2,33,60,55,0
2,33,60,56,0
2,33,60,57,0
2,33,60,58,0
2,33,60,59,0
2,33,60,60,0
2,33,60,61,0
2,33,60,62,0
2,33,60,63,0
2,33,60,64,0
2,33,60,65,0
2,33,60,66,0
2,33,60,67,0
2,33,60,68,0
2,33,60,69,0
2,33,60,70,0
2,33,60,71,0
2,33,60,72,0
2,33,60,73,0
2,33,60,74,0
2,33,60,75,0
2,33,60,76,0
2,33,60,77,0
2,33,60,78,0
2,33,60,79,27866072
2,33,60,80,38297848
2,33,60,81,18870380
2,33,60,82,4805854
2,33,60,83,891524
2,33,60,84,114960
2,33,60,85,10984
2,33,60,86,1118
2,33,60,87,24
2,33,60,88,4
2,33,60,89,0
2,33,60,90,0
2,33,60,91,0
2,33,60,92,0
2,33,60,93,0
2,33,60,94,0
2,33,60,95,0
2,33,60,96,0
2,33,60,97,0
2,33,61,0,0
2,33,61,1,0
2,33,61,2,0
2,33,61,3,0
2,33,61,4,0
2,33,61,5,0
2,33,61,6,0
2,33,61,7,0
2,33,61,8,0
2,33,61,9,0
2,33,61,10,0
2,33,61,11,0
2,33,61,12,0
2,33,61,13,0
2,33,61,14,0
2,33,61,15,0
2,33,61,16,0
2,33,61,17,0
2,33,61,18,0
2,33,61,19,0
2,33,61,20,0
2,33,61,21,0
2,33,61,22,0
2,33,61,23,0
2,33,61,24,0
2,33,61,25,0
2,33,61,26,0
2,33,61,27,0
2,33,61,28,0
2,33,61,29,0
2,33,61,30,0
2,33,61,31,0
2,33,61,32,0
2,33,61,33,0
2,33,61,34,0
2,33,61,35,0
2,33,61,36,0
2,33,61,37,0
2,33,61,38,0
2,33,61,39,0
2,33,61,40,0
2,33,61,41,0
2,33,61,42,0
2,33,61,43,0
2,33,61,44,0
2,33,61,45,0
2,33,61,46,0
2,33,61,47,0
2,33,61,48,0
2,33,61,49,0
2,33,61,50,0
2,33,61,51,0
2,33,61,52,0
2,33,61,53,0
2,33,61,54,0
2,33,61,55,0
2,33,61,56,0
2,33,61,57,0
2,33,61,58,0
2,33,61,59,0
2,33,61,60,0
2,33,61,61,0
2,33,61,62,0
2,33,61,63,0
2,33,61,64,0
2,33,61,65,0
2,33,61,66,0
2,33,61,67,0
2,33,61,68,0
2,33,61,69,0
2,33,61,70,0
2,33,61,71,0
2,33,61,72,0
2,33,61,73,0
2,33,61,74,0
2,33,61,75,0
2,33,61,76,0
2,33,61,77,0
2,33,61,78,0
2,33,61,79,0
2,33,61,80,0
2,33,61,81,0
2,33,61,82,3852630
2,33,61,83,3688564
2,33,61,84,1161832
2,33,61,85,200980
2,33,61,86,30444
2,33,61,87,2256
2,33,61,88,210
2,33,61,89,12
2,33,61,90,0
2,33,61,91,0
2,33,61,92,0
2,33,61,93,0
2,33,61,94,0
2,33,61,95,0
2,33,61,96,0
2,33,61,97,0
2,33,62,0,0
2,33,62,1,0
2,33,62,2,0
2,33,62,3,0
2,33,62,4,0
2,33,62,5,0
2,33,62,6,0
2,33,62,7,0
2,33,62,8,0
2,33,62,9,0
2,33,62,10,0
2,33,62,11,0
2,33,62,12,0
2,33,62,13,0
2,33,62,14,0
2,33,62,15,0
2,33,62,16,0
2,33,62,17,0
2,33,62,18,0
2,33,62,19,0
2,33,62,20,0
2,33,62,21,0
2,33,62,22,0
2,33,62,23,0
2,33,62,24,0
2,33,62,25,0
2,33,62,26,0
2,33,62,27,0
2,33,62,28,0
2,33,62,29,0
2,33,62,30,0
2,33,62,31,0
2,33,62,32,0
2,33,62,33,0
2,33,62,34,0
2,33,62,35,0
2,33,62,36,0
2,33,62,37,0
2,33,62,38,0
2,33,62,39,0
2,33,62,40,0
2,33,62,41,0
2,33,62,42,0
2,33,62,43,0
2,33,62,44,0
2,33,62,45,0
2,33,62,46,0
2,33,62,47,0
2,33,62,48,0
2,33,62,49,0
2,33,62,50,0
2,33,62,51,0
2,33,62,52,0
2,33,62,53,0
2,33,62,54,0
2,33,62,55,0
2,33,62,56,0
2,33,62,57,0
2,33,62,58,0
2,33,62,59,0
2,33,62,60,0
2,33,62,61,0
2,33,62,62,0
2,33,62,63,0
2,33,62,64,0
2,33,62,65,0
2,33,62,66,0
2,33,62,67,0
2,33,62,68,0
2,33,62,69,0
2,33,62,70,0
2,33,62,71,0
2,33,62,72,0
2,33,62,73,0
2,33,62,74,0
2,33,62,75,0
2,33,62,76,0
2,33,62,77,0
2,33,62,78,0
2,33,62,79,0
2,33,62,80,0
2,33,62,81,0
2,33,62,82,0
2,33,62,83,0
2,33,62,84,0
2,33,62,85,410816
2,33,62,86,256988
2,33,62,87,46219
2,33,62,88,5964
2,33,62,89,714
2,33,62,90,16
2,33,62,91,3
2,33,62,92,0
2,33,62,93,0
2,33,62,94,0
2,33,62,95,0
2,33,62,96,0
2,33,62,97,0
2,33,63,0,0
2,33,63,1,0
2,33,63,2,0
2,33,63,3,0
2,33,63,4,0
2,33,63,5,0
2,33,63,6,0
2,33,63,7,0
2,33,63,8,0
2,33,63,9,0
2,33,63,10,0
2,33,63,11,0
2,33,63,12,0
2,33,63,13,0
2,33,63,14,0
2,33,63,15,0
2,33,63,16,0
2,33,63,17,0
2,33,63,18,0
2,33,63,19,0
2,33,63,20,0
2,33,63,21,0
2,33,63,22,0
2,33,63,23,0
2,33,63,24,0
2,33,63,25,0
2,33,63,26,0
2,33,63,27,0
2,33,63,28,0
2,33,63,29,0
2,33,63,30,0
2,33,63,31,0
2,33,63,32,0
2,33,63,33,0
2,33,63,34,0
2,33,63,35,0
2,33,63,36,0
2,33,63,37,0
2,33,63,38,0
2,33,63,39,0
2,33,63,40,0
2,33,63,41,0
2,33,63,42,0
2,33,63,43,0
2,33,63,44,0
2,33,63,45,0
2,33,63,46,0
2,33,63,47,0
2,33,63,48,0
2,33,63,49,0
2,33,63,50,0
2,33,63,51,0
2,33,63,52,0
2,33,63,53,0
2,33,63,54,0
2,33,63,55,0
2,33,63,56,0
2,33,63,57,0
2,33,63,58,0
2,33,63,59,0
2,33,63,60,0
2,33,63,61,0
2,33,63,62,0
2,33,63,63,0
2,33,63,64,0
2,33,63,65,0
2,33,63,66,0
2,33,63,67,0
2,33,63,68,0
2,33,63,69,0
2,33,63,70,0
2,33,63,71,0
2,33,63,72,0
2,33,63,73,0
2,33,63,74,0
2,33,63,75,0
2,33,63,76,0
2,33,63,77,0
2,33,63,78,0
2,33,63,79,0
2,33,63,80,0
2,33,63,81,0
2,33,63,82,0
2,33,63,83,0
2,33,63,84,0
2,33,63,85,0
2,33,63,86,0
2,33,63,87,0
2,33,63,88,32538
2,33,63,89,12068
2,33,63,90,1010
2,33,63,91,136
2,33,63,92,8
2,33,63,93,0
2,33,63,94,0
2,33,63,95,0
2,33,63,96,0
2,33,63,97,0
2,33,64,0,0
2,33,64,1,0
2,33,64,2,0
2,33,64,3,0
2,33,64,4,0
2,33,64,5,0
2,33,64,6,0
2,33,64,7,0
2,33,64,8,0
2,33,64,9,0
2,33,64,10,0
2,33,64,11,0
2,33,64,12,0
2,33,64,13,0
2,33,64,14,0
2,33,64,15,0
2,33,64,16,0
2,33,64,17,0
2,33,64,18,0
2,33,64,19,0
2,33,64,20,0
2,33,64,21,0
2,33,64,22,0
2,33,64,23,0
2,33,64,24,0
2,33,64,25,0
2,33,64,26,0
2,33,64,27,0
2,33,64,28,0
2,33,64,29,0
2,33,64,30,0
2,33,64,31,0
2,33,64,32,0
2,33,64,33,0
2,33,64,34,0
2,33,64,35,0
2,33,64,36,0
2,33,64,37,0
2,33,64,38,0
2,33,64,39,0
2,33,64,40,0
2,33,64,41,0
2,33,64,42,0
2,33,64,43,0
2,33,64,44,0
2,33,64,45,0
2,33,64,46,0
2,33,64,47,0
2,33,64,48,0
2,33,64,49,0
2,33,64,50,0
2,33,64,51,0
2,33,64,52,0
2,33,64,53,0
2,33,64,54,0
2,33,64,55,0
2,33,64,56,0
2,33,64,57,0
2,33,64,58,0
2,33,64,59,0
2,33,64,60,0
2,33,64,61,0
2,33,64,62,0
2,33,64,63,0
2,33,64,64,0
2,33,64,65,0
2,33,64,66,0
2,33,64,67,0
2,33,64,68,0
2,33,64,69,0
2,33,64,70,0
2,33,64,71,0
2,33,64,72,0
2,33,64,73,0
2,33,64,74,0
2,33,64,75,0
2,33,64,76,0
2,33,64,77,0
2,33,64,78,0
2,33,64,79,0
2,33,64,80,0
2,33,64,81,0
2,33,64,82,0
2,33,64,83,0
2,33,64,84,0
2,33,64,85,0
2,33,64,86,0
2,33,64,87,0
2,33,64,88,0
2,33,64,89,0
2,33,64,90,0
2,33,64,91,1800
2,33,64,92,335
2,33,64,93,8
2,33,64,94,2
2,33,64,95,0
2,33,64,96,0
2,33,64,97,0
2,33,65,0,0
2,33,65,1,0
2,33,65,2,0
2,33,65,3,0
2,33,65,4,0
2,33,65,5,0
2,33,65,6,0
2,33,65,7,0
2,33,65,8,0
2,33,65,9,0
2,33,65,10,0
2,33,65,11,0
2,33,65,12,0
2,33,65,13,0
2,33,65,14,0
2,33,65,15,0
2,33,65,16,0
2,33,65,17,0
2,33,65,18,0
2,33,65,19,0
2,33,65,20,0
2,33,65,21,0
2,33,65,22,0
2,33,65,23,0
2,33,65,24,0
2,33,65,25,0
2,33,65,26,0
2,33,65,27,0
2,33,65,28,0
2,33,65,29,0
2,33,65,30,0
2,33,65,31,0
2,33,65,32,0
2,33,65,33,0
2,33,65,34,0
2,33,65,35,0
2,33,65,36,0
2,33,65,37,0
2,33,65,38,0
2,33,65,39,0
2,33,65,40,0
2,33,65,41,0
2,33,65,42,0
2,33,65,43,0
2,33,65,44,0
2,33,65,45,0
2,33,65,46,0
2,33,65,47,0
2,33,65,48,0
2,33,65,49,0
2,33,65,50,0
2,33,65,51,0
2,33,65,52,0
2,33,65,53,0
2,33,65,54,0
2,33,65,55,0
2,33,65,56,0
2,33,65,57,0
2,33,65,58,0
2,33,65,59,0
2,33,65,60,0
2,33,65,61,0
2,33,65,62,0
2,33,65,63,0
2,33,65,64,0
2,33,65,65,0
2,33,65,66,0
2,33,65,67,0
2,33,65,68,0
2,33,65,69,0
2,33,65,70,0
2,33,65,71,0
2,33,65,72,0
2,33,65,73,0
2,33,65,74,0
2,33,65,75,0
2,33,65,76,0
2,33,65,77,0
2,33,65,78,0
2,33,65,79,0
2,33,65,80,0
2,33,65,81,0
2,33,65,82,0
2,33,65,83,0
2,33,65,84,0
2,33,65,85,0
2,33,65,86,0
2,33,65,87,0
2,33,65,88,0
2,33,65,89,0
2,33,65,90,0
2,33,65,91,0
2,33,65,92,0
2,33,65,93,0
2,33,65,94,62
2,33,65,95,4
2,33,65,96,0
2,33,65,97,0
2,33,66,0,0
2,33,66,1,0
2,33,66,2,0
2,33,66,3,0
2,33,66,4,0
2,33,66,5,0
2,33,66,6,0
2,33,66,7,0
2,33,66,8,0
2,33,66,9,0
2,33,66,10,0
2,33,66,11,0
2,33,66,12,0
2,33,66,13,0
2,33,66,14,0
2,33,66,15,0
2,33,66,16,0
2,33,66,17,0
2,33,66,18,0
2,33,66,19,0
2,33,66,20,0
2,33,66,21,0
2,33,66,22,0
2,33,66,23,0
2,33,66,24,0
2,33,66,25,0
2,33,66,26,0
2,33,66,27,0
2,33,66,28,0
2,33,66,29,0
2,33,66,30,0
2,33,66,31,0
2,33,66,32,0
2,33,66,33,0
2,33,66,34,0
2,33,66,35,0
2,33,66,36,0
2,33,66,37,0
2,33,66,38,0
2,33,66,39,0
2,33,66,40,0
2,33,66,41,0
2,33,66,42,0
2,33,66,43,0
2,33,66,44,0
2,33,66,45,0
2,33,66,46,0
2,33,66,47,0
2,33,66,48,0
2,33,66,49,0
2,33,66,50,0
2,33,66,51,0
2,33,66,52,0
2,33,66,53,0
2,33,66,54,0
2,33,66,55,0
2,33,66,56,0
2,33,66,57,0
2,33,66,58,0
2,33,66,59,0
2,33,66,60,0
2,33,66,61,0
2,33,66,62,0
2,33,66,63,0
2,33,66,64,0
2,33,66,65,0
2,33,66,66,0
2,33,66,67,0
2,33,66,68,0
2,33,66,69,0
2,33,66,70,0
2,33,66,71,0
2,33,66,72,0
2,33,66,73,0
2,33,66,74,0
2,33,66,75,0
2,33,66,76,0
2,33,66,77,0
2,33,66,78,0
2,33,66,79,0
2,33,66,80,0
2,33,66,81,0
2,33,66,82,0
2,33,66,83,0
2,33,66,84,0
2,33,66,85,0
2,33,66,86,0
2,33,66,87,0
2,33,66,88,0
2,33,66,89,0
2,33,66,90,0
2,33,66,91,0
2,33,66,92,0
2,33,66,93,0
2,33,66,94,0
2,33,66,95,0
2,33,66,96,0
2,33,66,97,1
.DONE.
