r,c,o,a,count
2,35,0,0,1
2,35,0,1,0
2,35,0,2,0
2,35,0,3,0
2,35,0,4,0
2,35,0,5,0
2,35,0,6,0
2,35,0,7,0
2,35,0,8,0
2,35,0,9,0
2,35,0,10,0
2,35,0,11,0
2,35,0,12,0
2,35,0,13,0
2,35,0,14,0
2,35,0,15,0
2,35,0,16,0
2,35,0,17,0
2,35,0,18,0
2,35,0,19,0
2,35,0,20,0
2,35,0,21,0
2,35,0,22,0
2,35,0,23,0
2,35,0,24,0
2,35,0,25,0
2,35,0,26,0
2,35,0,27,0
2,35,0,28,0
2,35,0,29,0
2,35,0,30,0
2,35,0,31,0
2,35,0,32,0
2,35,0,33,0
2,35,0,34,0
2,35,0,35,0
2,35,0,36,0
2,35,0,37,0
2,35,0,38,0
2,35,0,39,0
2,35,0,40,0
2,35,0,41,0
2,35,0,42,0
2,35,0,43,0
2,35,0,44,0
2,35,0,45,0
2,35,0,46,0
2,35,0,47,0
2,35,0,48,0
2,35,0,49,0
2,35,0,50,0
2,35,0,51,0
2,35,0,52,0
2,35,0,53,0
2,35,0,54,0
2,35,0,55,0
2,35,0,56,0
2,35,0,57,0
2,35,0,58,0
2,35,0,59,0
2,35,0,60,0
2,35,0,61,0
2,35,0,62,0
2,35,0,63,0
2,35,0,64,0
2,35,0,65,0
2,35,0,66,0
2,35,0,67,0
2,35,0,68,0
2,35,0,69,0
2,35,0,70,0
2,35,0,71,0
2,35,0,72,0
2,35,0,73,0
2,35,0,74,0
2,35,0,75,0
2,35,0,76,0
2,35,0,77,0
2,35,0,78,0
2,35,0,79,0
2,35,0,80,0
2,35,0,81,0
2,35,0,82,0
2,35,0,83,0
2,35,0,84,0
2,35,0,85,0
2,35,0,86,0
2,35,0,87,0
2,35,0,88,0
2,35,0,89,0
2,35,0,90,0
2,35,0,91,0
2,35,0,92,0
2,35,0,93,0
2,35,0,94,0
2,35,0,95,0
2,35,0,96,0
2,35,0,97,0
2,35,0,98,0
2,35,0,99,0
2,35,0,100,0
2,35,0,101,0
2,35,0,102,0
2,35,0,103,0
2,35,1,0,70
2,35,1,1,0
2,35,1,2,0
2,35,1,3,0
2,35,1,4,0
2,35,1,5,0
2,35,1,6,0
2,35,1,7,0
2,35,1,8,0
2,35,1,9,0
2,35,1,10,0
2,35,1,11,0
2,35,1,12,0
2,35,1,13,0
2,35,1,14,0
2,35,1,15,0
2,35,1,16,0
2,35,1,17,0
2,35,1,18,0
2,35,1,19,0
2,35,1,20,0
2,35,1,21,0
2,35,1,22,0
2,35,1,23,0
2,35,1,24,0
2,35,1,25,0
2,35,1,26,0
2,35,1,27,0
2,35,1,28,0
2,35,1,29,0
2,35,1,30,0
2,35,1,31,0
2,35,1,32,0
2,35,1,33,0
2,35,1,34,0
2,35,1,35,0
2,35,1,36,0
2,35,1,37,0
2,35,1,38,0
2,35,1,39,0
2,35,1,40,0
2,35,1,41,0
2,35,1,42,0
2,35,1,43,0
2,35,1,44,0
2,35,1,45,0
2,35,1,46,0
2,35,1,47,0
2,35,1,48,0
2,35,1,49,0
2,35,1,50,0
2,35,1,51,0
2,35,1,52,0
2,35,1,53,0
2,35,1,54,0
2,35,1,55,0
2,35,1,56,0
2,35,1,57,0
2,35,1,58,0
2,35,1,59,0
2,35,1,60,0
2,35,1,61,0
2,35,1,62,0
2,35,1,63,0
2,35,1,64,0
2,35,1,65,0
2,35,1,66,0
2,35,1,67,0
2,35,1,68,0
2,35,1,69,0
2,35,1,70,0
2,35,1,71,0
2,35,1,72,0
2,35,1,73,0
2,35,1,74,0
2,35,1,75,0
2,35,1,76,0
2,35,1,77,0
2,35,1,78,0
2,35,1,79,0
2,35,1,80,0
2,35,1,81,0
2,35,1,82,0
2,35,1,83,0
2,35,1,84,0
2,35,1,85,0
2,35,1,86,0
2,35,1,87,0
2,35,1,88,0
2,35,1,89,0
2,35,1,90,0
2,35,1,91,0
2,35,1,92,0
2,35,1,93,0
2,35,1,94,0
2,35,1,95,0
2,35,1,96,0
2,35,1,97,0
2,35,1,98,0
2,35,1,99,0
2,35,1,100,0
2,35,1,101,0
2,35,1,102,0
2,35,1,103,0
2,35,2,0,2312
2,35,2,1,103
2,35,2,2,0
2,35,2,3,0
2,35,2,4,0
2,35,2,5,0
2,35,2,6,0
2,35,2,7,0
2,35,2,8,0
2,35,2,9,0
2,35,2,10,0
2,35,2,11,0
2,35,2,12,0
2,35,2,13,0
2,35,2,14,0
2,35,2,15,0
2,35,2,16,0
2,35,2,17,0
2,35,2,18,0
2,35,2,19,0
2,35,2,20,0
2,35,2,21,0
2,35,2,22,0
2,35,2,23,0
2,35,2,24,0
2,35,2,25,0
2,35,2,26,0
2,35,2,27,0
2,35,2,28,0
2,35,2,29,0
2,35,2,30,0
2,35,2,31,0
2,35,2,32,0
2,35,2,33,0
2,35,2,34,0
2,35,2,35,0
2,35,2,36,0
2,35,2,37,0
2,35,2,38,0
2,35,2,39,0
2,35,2,40,0
2,35,2,41,0
2,35,2,42,0
2,35,2,43,0
2,35,2,44,0
2,35,2,45,0
2,35,2,46,0
2,35,2,47,0
2,35,2,48,0
2,35,2,49,0
2,35,2,50,0
2,35,2,51,0
2,35,2,52,0
2,35,2,53,0
2,35,2,54,0
2,35,2,55,0
2,35,2,56,0
2,35,2,57,0
2,35,2,58,0
2,35,2,59,0
2,35,2,60,0
2,35,2,61,0
2,35,2,62,0
2,35,2,63,0
2,35,2,64,0
2,35,2,65,0
2,35,2,66,0
2,35,2,67,0
2,35,2,68,0
2,35,2,69,0
2,35,2,70,0
2,35,2,71,0
2,35,2,72,0
2,35,2,73,0
2,35,2,74,0
2,35,2,75,0
2,35,2,76,0
2,35,2,77,0
2,35,2,78,0
2,35,2,79,0
2,35,2,80,0
2,35,2,81,0
2,35,2,82,0
2,35,2,83,0
2,35,2,84,0
2,35,2,85,0
2,35,2,86,0
2,35,2,87,0
2,35,2,88,0
2,35,2,89,0
2,35,2,90,0
2,35,2,91,0
2,35,2,92,0
2,35,2,93,0
2,35,2,94,0
2,35,2,95,0
2,35,2,96,0
2,35,2,97,0
2,35,2,98,0
2,35,2,99,0
2,35,2,100,0
2,35,2,101,0
2,35,2,102,0
2,35,2,103,0
2,35,3,0,47938
2,35,3,1,6600
2,35,3,2,202
2,35,3,3,0
2,35,3,4,0
2,35,3,5,0
2,35,3,6,0
2,35,3,7,0
2,35,3,8,0
2,35,3,9,0
2,35,3,10,0
2,35,3,11,0
2,35,3,12,0
2,35,3,13,0
2,35,3,14,0
2,35,3,15,0
2,35,3,16,0
2,35,3,17,0
2,35,3,18,0
2,35,3,19,0
2,35,3,20,0
2,35,3,21,0
2,35,3,22,0
2,35,3,23,0
2,35,3,24,0
2,35,3,25,0
2,35,3,26,0
2,35,3,27,0
2,35,3,28,0
2,35,3,29,0
2,35,3,30,0
2,35,3,31,0
2,35,3,32,0
2,35,3,33,0
2,35,3,34,0
2,35,3,35,0
2,35,3,36,0
2,35,3,37,0
2,35,3,38,0
2,35,3,39,0
2,35,3,40,0
2,35,3,41,0
2,35,3,42,0
2,35,3,43,0
2,35,3,44,0
2,35,3,45,0
2,35,3,46,0
2,35,3,47,0
2,35,3,48,0
2,35,3,49,0
2,35,3,50,0
2,35,3,51,0
2,35,3,52,0
2,35,3,53,0
2,35,3,54,0
2,35,3,55,0
2,35,3,56,0
2,35,3,57,0
2,35,3,58,0
2,35,3,59,0
2,35,3,60,0
2,35,3,61,0
2,35,3,62,0
2,35,3,63,0
2,35,3,64,0
2,35,3,65,0
2,35,3,66,0
2,35,3,67,0
2,35,3,68,0
2,35,3,69,0
2,35,3,70,0
2,35,3,71,0
2,35,3,72,0
2,35,3,73,0
2,35,3,74,0
2,35,3,75,0
2,35,3,76,0
2,35,3,77,0
2,35,3,78,0
2,35,3,79,0
2,35,3,80,0
2,35,3,81,0
2,35,3,82,0
2,35,3,83,0
2,35,3,84,0
2,35,3,85,0
2,35,3,86,0
2,35,3,87,0
2,35,3,88,0
2,35,3,89,0
2,35,3,90,0
2,35,3,91,0
2,35,3,92,0
2,35,3,93,0
2,35,3,94,0
2,35,3,95,0
2,35,3,96,0
2,35,3,97,0
2,35,3,98,0
2,35,3,99,0
2,35,3,100,0
2,35,3,101,0
2,35,3,102,0
2,35,3,103,0
2,35,4,0,700416
2,35,4,1,198720
2,35,4,2,17397
2,35,4,3,328
2,35,4,4,34
2,35,4,5,0
2,35,4,6,0
2,35,4,7,0
2,35,4,8,0
2,35,4,9,0
2,35,4,10,0
2,35,4,11,0
2,35,4,12,0
2,35,4,13,0
2,35,4,14,0
2,35,4,15,0
2,35,4,16,0
2,35,4,17,0
2,35,4,18,0
2,35,4,19,0
2,35,4,20,0
2,35,4,21,0
2,35,4,22,0
2,35,4,23,0
2,35,4,24,0
2,35,4,25,0
2,35,4,26,0
2,35,4,27,0
2,35,4,28,0
2,35,4,29,0
2,35,4,30,0
2,35,4,31,0
2,35,4,32,0
2,35,4,33,0
2,35,4,34,0
2,35,4,35,0
2,35,4,36,0
2,35,4,37,0
2,35,4,38,0
2,35,4,39,0
2,35,4,40,0
2,35,4,41,0
2,35,4,42,0
2,35,4,43,0
2,35,4,44,0
2,35,4,45,0
2,35,4,46,0
2,35,4,47,0
2,35,4,48,0
2,35,4,49,0
2,35,4,50,0
2,35,4,51,0
2,35,4,52,0
2,35,4,53,0
2,35,4,54,0
2,35,4,55,0
2,35,4,56,0
2,35,4,57,0
2,35,4,58,0
2,35,4,59,0
2,35,4,60,0
2,35,4,61,0
2,35,4,62,0
2,35,4,63,0
2,35,4,64,0
2,35,4,65,0
2,35,4,66,0
2,35,4,67,0
2,35,4,68,0
2,35,4,69,0
2,35,4,70,0
2,35,4,71,0
2,35,4,72,0
2,35,4,73,0
2,35,4,74,0
2,35,4,75,0
2,35,4,76,0
2,35,4,77,0
2,35,4,78,0
2,35,4,79,0
2,35,4,80,0
2,35,4,81,0
2,35,4,82,0
2,35,4,83,0
2,35,4,84,0
2,35,4,85,0
2,35,4,86,0
2,35,4,87,0
2,35,4,88,0
2,35,4,89,0
2,35,4,90,0
2,35,4,91,0
2,35,4,92,0
2,35,4,93,0
2,35,4,94,0
2,35,4,95,0
2,35,4,96,0
2,35,4,97,0
2,35,4,98,0
2,35,4,99,0
2,35,4,100,0
2,35,4,101,0
2,35,4,102,0
2,35,4,103,0
2,35,5,0,7674174
2,35,5,1,3739592
2,35,5,2,648276
2,35,5,3,38216
2,35,5,4,2624
2,35,5,5,132
2,35,5,6,0
2,35,5,7,0
2,35,5,8,0
2,35,5,9,0
2,35,5,10,0
2,35,5,11,0
2,35,5,12,0
2,35,5,13,0
2,35,5,14,0
2,35,5,15,0
2,35,5,16,0
2,35,5,17,0
2,35,5,18,0
2,35,5,19,0
2,35,5,20,0
2,35,5,21,0
2,35,5,22,0
2,35,5,23,0
2,35,5,24,0
2,35,5,25,0
2,35,5,26,0
2,35,5,27,0
2,35,5,28,0
2,35,5,29,0
2,35,5,30,0
2,35,5,31,0
2,35,5,32,0
2,35,5,33,0
2,35,5,34,0
2,35,5,35,0
2,35,5,36,0
2,35,5,37,0
2,35,5,38,0
2,35,5,39,0
2,35,5,40,0
2,35,5,41,0
2,35,5,42,0
2,35,5,43,0
2,35,5,44,0
2,35,5,45,0
2,35,5,46,0
2,35,5,47,0
2,35,5,48,0
2,35,5,49,0
2,35,5,50,0
2,35,5,51,0
2,35,5,52,0
2,35,5,53,0
2,35,5,54,0
2,35,5,55,0
2,35,5,56,0
2,35,5,57,0
2,35,5,58,0
2,35,5,59,0
2,35,5,60,0
2,35,5,61,0
2,35,5,62,0
2,35,5,63,0
2,35,5,64,0
2,35,5,65,0
2,35,5,66,0
2,35,5,67,0
2,35,5,68,0
2,35,5,69,0
2,35,5,70,0
2,35,5,71,0
2,35,5,72,0
2,35,5,73,0
2,35,5,74,0
2,35,5,75,0
2,35,5,76,0
2,35,5,77,0
2,35,5,78,0
2,35,5,79,0
2,35,5,80,0
2,35,5,81,0
2,35,5,82,0
2,35,5,83,0
2,35,5,84,0
2,35,5,85,0
2,35,5,86,0
2,35,5,87,0
2,35,5,88,0
2,35,5,89,0
2,35,5,90,0
2,35,5,91,0
2,35,5,92,0
2,35,5,93,0
2,35,5,94,0
2,35,5,95,0
2,35,5,96,0
2,35,5,97,0
2,35,5,98,0
2,35,5,99,0
2,35,5,100,0
2,35,5,101,0
2,35,5,102,0
2,35,5,103,0
2,35,6,0,65520920
2,35,6,1,49357260
2,35,6,2,14351904
2,35,6,3,1735608
2,35,6,4,138024
2,35,6,5,11980
2,35,6,6,256
2,35,6,7,33
2,35,6,8,0
2,35,6,9,0
2,35,6,10,0
2,35,6,11,0
2,35,6,12,0
2,35,6,13,0
2,35,6,14,0
2,35,6,15,0
2,35,6,16,0
2,35,6,17,0
2,35,6,18,0
2,35,6,19,0
2,35,6,20,0
2,35,6,21,0
2,35,6,22,0
2,35,6,23,0
2,35,6,24,0
2,35,6,25,0
2,35,6,26,0
2,35,6,27,0
2,35,6,28,0
2,35,6,29,0
2,35,6,30,0
2,35,6,31,0
2,35,6,32,0
2,35,6,33,0
2,35,6,34,0
2,35,6,35,0
2,35,6,36,0
2,35,6,37,0
2,35,6,38,0
2,35,6,39,0
2,35,6,40,0
2,35,6,41,0
2,35,6,42,0
2,35,6,43,0
2,35,6,44,0
2,35,6,45,0
2,35,6,46,0
2,35,6,47,0
2,35,6,48,0
2,35,6,49,0
2,35,6,50,0
2,35,6,51,0
2,35,6,52,0
2,35,6,53,0
2,35,6,54,0
2,35,6,55,0
2,35,6,56,0
2,35,6,57,0
2,35,6,58,0
2,35,6,59,0
2,35,6,60,0
2,35,6,61,0
2,35,6,62,0
2,35,6,63,0
2,35,6,64,0
2,35,6,65,0
2,35,6,66,0
2,35,6,67,0
2,35,6,68,0
2,35,6,69,0
2,35,6,70,0
2,35,6,71,0
2,35,6,72,0
2,35,6,73,0
2,35,6,74,0
2,35,6,75,0
2,35,6,76,0
2,35,6,77,0
2,35,6,78,0
2,35,6,79,0
2,35,6,80,0
2,35,6,81,0
2,35,6,82,0
2,35,6,83,0
2,35,6,84,0
2,35,6,85,0
2,35,6,86,0
2,35,6,87,0
2,35,6,88,0
2,35,6,89,0
2,35,6,90,0
2,35,6,91,0
2,35,6,92,0
2,35,6,93,0
2,35,6,94,0
2,35,6,95,0
2,35,6,96,0
2,35,6,97,0
2,35,6,98,0
2,35,6,99,0
2,35,6,100,0
2,35,6,101,0
2,35,6,102,0
2,35,6,103,0
2,35,7,0,447238522
2,35,7,1,486081528
2,35,7,2,215210280
2,35,7,3,44421660
2,35,7,4,5234962
2,35,7,5,551080
2,35,7,6,34076
2,35,7,7,2484
2,35,7,8,128
2,35,7,9,0
2,35,7,10,0
2,35,7,11,0
2,35,7,12,0
2,35,7,13,0
2,35,7,14,0
2,35,7,15,0
2,35,7,16,0
2,35,7,17,0
2,35,7,18,0
2,35,7,19,0
2,35,7,20,0
2,35,7,21,0
2,35,7,22,0
2,35,7,23,0
2,35,7,24,0
2,35,7,25,0
2,35,7,26,0
2,35,7,27,0
2,35,7,28,0
2,35,7,29,0
2,35,7,30,0
2,35,7,31,0
2,35,7,32,0
2,35,7,33,0
2,35,7,34,0
2,35,7,35,0
2,35,7,36,0
2,35,7,37,0
2,35,7,38,0
2,35,7,39,0
2,35,7,40,0
2,35,7,41,0
2,35,7,42,0
2,35,7,43,0
2,35,7,44,0
2,35,7,45,0
2,35,7,46,0
2,35,7,47,0
2,35,7,48,0
2,35,7,49,0
2,35,7,50,0
2,35,7,51,0
2,35,7,52,0
2,35,7,53,0
2,35,7,54,0
2,35,7,55,0
2,35,7,56,0
2,35,7,57,0
2,35,7,58,0
2,35,7,59,0
2,35,7,60,0
2,35,7,61,0
2,35,7,62,0
2,35,7,63,0
2,35,7,64,0
2,35,7,65,0
2,35,7,66,0
2,35,7,67,0
2,35,7,68,0
2,35,7,69,0
2,35,7,70,0
2,35,7,71,0
2,35,7,72,0
2,35,7,73,0
2,35,7,74,0
2,35,7,75,0
2,35,7,76,0
2,35,7,77,0
2,35,7,78,0
2,35,7,79,0
2,35,7,80,0
2,35,7,81,0
2,35,7,82,0
2,35,7,83,0
2,35,7,84,0
2,35,7,85,0
2,35,7,86,0
2,35,7,87,0
2,35,7,88,0
2,35,7,89,0
2,35,7,90,0
2,35,7,91,0
2,35,7,92,0
2,35,7,93,0
2,35,7,94,0
2,35,7,95,0
2,35,7,96,0
2,35,7,97,0
2,35,7,98,0
2,35,7,99,0
2,35,7,100,0
2,35,7,101,0
2,35,7,102,0
2,35,7,103,0
2,35,8,0,2485013888
2,35,8,1,3710551320
2,35,8,2,2346448332
2,35,8,3,744862320
2,35,8,4,133816860
2,35,8,5,17722128
2,35,8,6,1783700
2,35,8,7,140080
2,35,8,8,12012
2,35,8,9,248
2,35,8,10,32
2,35,8,11,0
2,35,8,12,0
2,35,8,13,0
2,35,8,14,0
2,35,8,15,0
2,35,8,16,0
2,35,8,17,0
2,35,8,18,0
2,35,8,19,0
2,35,8,20,0
2,35,8,21,0
2,35,8,22,0
2,35,8,23,0
2,35,8,24,0
2,35,8,25,0
2,35,8,26,0
2,35,8,27,0
2,35,8,28,0
2,35,8,29,0
2,35,8,30,0
2,35,8,31,0
2,35,8,32,0
2,35,8,33,0
2,35,8,34,0
2,35,8,35,0
2,35,8,36,0
2,35,8,37,0
2,35,8,38,0
2,35,8,39,0
2,35,8,40,0
2,35,8,41,0
2,35,8,42,0
2,35,8,43,0
2,35,8,44,0
2,35,8,45,0
2,35,8,46,0
2,35,8,47,0
2,35,8,48,0
2,35,8,49,0
2,35,8,50,0
2,35,8,51,0
2,35,8,52,0
2,35,8,53,0
2,35,8,54,0
2,35,8,55,0
2,35,8,56,0
2,35,8,57,0
2,35,8,58,0
2,35,8,59,0
2,35,8,60,0
2,35,8,61,0
2,35,8,62,0
2,35,8,63,0
2,35,8,64,0
2,35,8,65,0
2,35,8,66,0
2,35,8,67,0
2,35,8,68,0
2,35,8,69,0
2,35,8,70,0
2,35,8,71,0
2,35,8,72,0
2,35,8,73,0
2,35,8,74,0
2,35,8,75,0
2,35,8,76,0
2,35,8,77,0
2,35,8,78,0
2,35,8,79,0
2,35,8,80,0
2,35,8,81,0
2,35,8,82,0
2,35,8,83,0
2,35,8,84,0
2,35,8,85,0
2,35,8,86,0
2,35,8,87,0
2,35,8,88,0
2,35,8,89,0
2,35,8,90,0
2,35,8,91,0
2,35,8,92,0
2,35,8,93,0
2,35,8,94,0
2,35,8,95,0
2,35,8,96,0
2,35,8,97,0
2,35,8,98,0
2,35,8,99,0
2,35,8,100,0
2,35,8,101,0
2,35,8,102,0
2,35,8,103,0
2,35,9,0,11387193846
2,35,9,1,22518510840
2,35,9,2,19431230476
2,35,9,3,8867739440
2,35,9,4,2346833988
2,35,9,5,418231176
2,35,9,6,57150130
2,35,9,7,6011508
2,35,9,8,588226
2,35,9,9,36400
2,35,9,10,2406
2,35,9,11,124
2,35,9,12,0
2,35,9,13,0
2,35,9,14,0
2,35,9,15,0
2,35,9,16,0
2,35,9,17,0
2,35,9,18,0
2,35,9,19,0
2,35,9,20,0
2,35,9,21,0
2,35,9,22,0
2,35,9,23,0
2,35,9,24,0
2,35,9,25,0
2,35,9,26,0
2,35,9,27,0
2,35,9,28,0
2,35,9,29,0
2,35,9,30,0
2,35,9,31,0
2,35,9,32,0
2,35,9,33,0
2,35,9,34,0
2,35,9,35,0
2,35,9,36,0
2,35,9,37,0
2,35,9,38,0
2,35,9,39,0
2,35,9,40,0
2,35,9,41,0
2,35,9,42,0
2,35,9,43,0
2,35,9,44,0
2,35,9,45,0
2,35,9,46,0
2,35,9,47,0
2,35,9,48,0
2,35,9,49,0
2,35,9,50,0
2,35,9,51,0
2,35,9,52,0
2,35,9,53,0
2,35,9,54,0
2,35,9,55,0
2,35,9,56,0
2,35,9,57,0
2,35,9,58,0
2,35,9,59,0
2,35,9,60,0
2,35,9,61,0
2,35,9,62,0
2,35,9,63,0
2,35,9,64,0
2,35,9,65,0
2,35,9,66,0
2,35,9,67,0
2,35,9,68,0
2,35,9,69,0
2,35,9,70,0
2,35,9,71,0
2,35,9,72,0
2,35,9,73,0
2,35,9,74,0
2,35,9,75,0
2,35,9,76,0
2,35,9,77,0
2,35,9,78,0
2,35,9,79,0
2,35,9,80,0
2,35,9,81,0
2,35,9,82,0
2,35,9,83,0
2,35,9,84,0
2,35,9,85,0
2,35,9,86,0
2,35,9,87,0
2,35,9,88,0
2,35,9,89,0
2,35,9,90,0
2,35,9,91,0
2,35,9,92,0
2,35,9,93,0
2,35,9,94,0
2,35,9,95,0
2,35,9,96,0
2,35,9,97,0
2,35,9,98,0
2,35,9,99,0
2,35,9,100,0
2,35,9,101,0
2,35,9,102,0
2,35,9,103,0
2,35,10,0,43450388072
2,35,10,1,110583892692
2,35,10,2,125806014936
2,35,10,3,78718619784
2,35,10,4,29434001744
2,35,10,5,7210880131
2,35,10,6,1295980168
2,35,10,7,181396716
2,35,10,8,21164568
2,35,10,9,2024674
2,35,10,10,148416
2,35,10,11,12044
2,35,10,12,240
2,35,10,13,31
2,35,10,14,0
2,35,10,15,0
2,35,10,16,0
2,35,10,17,0
2,35,10,18,0
2,35,10,19,0
2,35,10,20,0
2,35,10,21,0
2,35,10,22,0
2,35,10,23,0
2,35,10,24,0
2,35,10,25,0
2,35,10,26,0
2,35,10,27,0
2,35,10,28,0
2,35,10,29,0
2,35,10,30,0
2,35,10,31,0
2,35,10,32,0
2,35,10,33,0
2,35,10,34,0
2,35,10,35,0
2,35,10,36,0
2,35,10,37,0
2,35,10,38,0
2,35,10,39,0
2,35,10,40,0
2,35,10,41,0
2,35,10,42,0
2,35,10,43,0
2,35,10,44,0
2,35,10,45,0
2,35,10,46,0
2,35,10,47,0
2,35,10,48,0
2,35,10,49,0
2,35,10,50,0
2,35,10,51,0
2,35,10,52,0
2,35,10,53,0
2,35,10,54,0
2,35,10,55,0
2,35,10,56,0
2,35,10,57,0
2,35,10,58,0
2,35,10,59,0
2,35,10,60,0
2,35,10,61,0
2,35,10,62,0
2,35,10,63,0
2,35,10,64,0
2,35,10,65,0
2,35,10,66,0
2,35,10,67,0
2,35,10,68,0
2,35,10,69,0
2,35,10,70,0
2,35,10,71,0
2,35,10,72,0
2,35,10,73,0
2,35,10,74,0
2,35,10,75,0
2,35,10,76,0
2,35,10,77,0
2,35,10,78,0
2,35,10,79,0
2,35,10,80,0
2,35,10,81,0
2,35,10,82,0
2,35,10,83,0
2,35,10,84,0
2,35,10,85,0
2,35,10,86,0
2,35,10,87,0
2,35,10,88,0
2,35,10,89,0
2,35,10,90,0
2,35,10,91,0
2,35,10,92,0
2,35,10,93,0
2,35,10,94,0
2,35,10,95,0
2,35,10,96,0
2,35,10,97,0
2,35,10,98,0
2,35,10,99,0
2,35,10,100,0
2,35,10,101,0
2,35,10,102,0
2,35,10,103,0
2,35,11,0,139056632050
2,35,11,1,445062356200
2,35,11,2,649766379744
2,35,11,3,538109493252
2,35,11,4,274000718886
2,35,11,5,91515250008
2,35,11,6,21723762270
2,35,11,7,3951579992
2,35,11,8,578191926
2,35,11,9,70842992
2,35,11,10,6985342
2,35,11,11,625932
2,35,11,12,38318
2,35,11,13,2328
2,35,11,14,120
2,35,11,15,0
2,35,11,16,0
2,35,11,17,0
2,35,11,18,0
2,35,11,19,0
2,35,11,20,0
2,35,11,21,0
2,35,11,22,0
2,35,11,23,0
2,35,11,24,0
2,35,11,25,0
2,35,11,26,0
2,35,11,27,0
2,35,11,28,0
2,35,11,29,0
2,35,11,30,0
2,35,11,31,0
2,35,11,32,0
2,35,11,33,0
2,35,11,34,0
2,35,11,35,0
2,35,11,36,0
2,35,11,37,0
2,35,11,38,0
2,35,11,39,0
2,35,11,40,0
2,35,11,41,0
2,35,11,42,0
2,35,11,43,0
2,35,11,44,0
2,35,11,45,0
2,35,11,46,0
2,35,11,47,0
2,35,11,48,0
2,35,11,49,0
2,35,11,50,0
2,35,11,51,0
2,35,11,52,0
2,35,11,53,0
2,35,11,54,0
2,35,11,55,0
2,35,11,56,0
2,35,11,57,0
2,35,11,58,0
2,35,11,59,0
2,35,11,60,0
2,35,11,61,0
2,35,11,62,0
2,35,11,63,0
2,35,11,64,0
2,35,11,65,0
2,35,11,66,0
2,35,11,67,0
2,35,11,68,0
2,35,11,69,0
2,35,11,70,0
2,35,11,71,0
2,35,11,72,0
2,35,11,73,0
2,35,11,74,0
2,35,11,75,0
2,35,11,76,0
2,35,11,77,0
2,35,11,78,0
2,35,11,79,0
2,35,11,80,0
2,35,11,81,0
2,35,11,82,0
2,35,11,83,0
2,35,11,84,0
2,35,11,85,0
2,35,11,86,0
2,35,11,87,0
2,35,11,88,0
2,35,11,89,0
2,35,11,90,0
2,35,11,91,0
2,35,11,92,0
2,35,11,93,0
2,35,11,94,0
2,35,11,95,0
2,35,11,96,0
2,35,11,97,0
2,35,11,98,0
2,35,11,99,0
2,35,11,100,0
2,35,11,101,0
2,35,11,102,0
2,35,11,103,0
2,35,12,0,375282559232
2,35,12,1,1481750774448
2,35,12,2,2716020075860
2,35,12,3,2896444808720
2,35,12,4,1948121203932
2,35,12,5,870205679184
2,35,12,6,272954784483
2,35,12,7,64143042912
2,35,12,8,11900136930
2,35,12,9,1813639288
2,35,12,10,230318790
2,35,12,11,24631528
2,35,12,12,2235916
2,35,12,13,155016
2,35,12,14,12019
2,35,12,15,232
2,35,12,16,30
2,35,12,17,0
2,35,12,18,0
2,35,12,19,0
2,35,12,20,0
2,35,12,21,0
2,35,12,22,0
2,35,12,23,0
2,35,12,24,0
2,35,12,25,0
2,35,12,26,0
2,35,12,27,0
2,35,12,28,0
2,35,12,29,0
2,35,12,30,0
2,35,12,31,0
2,35,12,32,0
2,35,12,33,0
2,35,12,34,0
2,35,12,35,0
2,35,12,36,0
2,35,12,37,0
2,35,12,38,0
2,35,12,39,0
2,35,12,40,0
2,35,12,41,0
2,35,12,42,0
2,35,12,43,0
2,35,12,44,0
2,35,12,45,0
2,35,12,46,0
2,35,12,47,0
2,35,12,48,0
2,35,12,49,0
2,35,12,50,0
2,35,12,51,0
2,35,12,52,0
2,35,12,53,0
2,35,12,54,0
2,35,12,55,0
2,35,12,56,0
2,35,12,57,0
2,35,12,58,0
2,35,12,59,0
2,35,12,60,0
2,35,12,61,0
2,35,12,62,0
2,35,12,63,0
2,35,12,64,0
2,35,12,65,0
2,35,12,66,0
2,35,12,67,0
2,35,12,68,0
2,35,12,69,0
2,35,12,70,0
2,35,12,71,0
2,35,12,72,0
2,35,12,73,0
2,35,12,74,0
2,35,12,75,0
2,35,12,76,0
2,35,12,77,0
2,35,12,78,0
2,35,12,79,0
2,35,12,80,0
2,35,12,81,0
2,35,12,82,0
2,35,12,83,0
2,35,12,84,0
2,35,12,85,0
2,35,12,86,0
2,35,12,87,0
2,35,12,88,0
2,35,12,89,0
2,35,12,90,0
2,35,12,91,0
2,35,12,92,0
2,35,12,93,0
2,35,12,94,0
2,35,12,95,0
2,35,12,96,0
2,35,12,97,0
2,35,12,98,0
2,35,12,99,0
2,35,12,100,0
2,35,12,101,0
2,35,12,102,0
2,35,12,103,0
2,35,13,0,857520299118
2,35,13,1,4109091414120
2,35,13,2,9285360034692
2,35,13,3,12472429999320
2,35,13,4,10806481264920
2,35,13,5,6320238107464
2,35,13,6,2598644568150
2,35,13,7,788691656844
2,35,13,8,185687768994
2,35,13,9,35283469956
2,35,13,10,5575228704
2,35,13,11,738984960
2,35,13,12,83700906
2,35,13,13,7834480
2,35,13,14,655530
2,35,13,15,39796
2,35,13,16,2250
2,35,13,17,116
2,35,13,18,0
2,35,13,19,0
2,35,13,20,0
2,35,13,21,0
2,35,13,22,0
2,35,13,23,0
2,35,13,24,0
2,35,13,25,0
2,35,13,26,0
2,35,13,27,0
2,35,13,28,0
2,35,13,29,0
2,35,13,30,0
2,35,13,31,0
2,35,13,32,0
2,35,13,33,0
2,35,13,34,0
2,35,13,35,0
2,35,13,36,0
2,35,13,37,0
2,35,13,38,0
2,35,13,39,0
2,35,13,40,0
2,35,13,41,0
2,35,13,42,0
2,35,13,43,0
2,35,13,44,0
2,35,13,45,0
2,35,13,46,0
2,35,13,47,0
2,35,13,48,0
2,35,13,49,0
2,35,13,50,0
2,35,13,51,0
2,35,13,52,0
2,35,13,53,0
2,35,13,54,0
2,35,13,55,0
2,35,13,56,0
2,35,13,57,0
2,35,13,58,0
2,35,13,59,0
2,35,13,60,0
2,35,13,61,0
2,35,13,62,0
2,35,13,63,0
2,35,13,64,0
2,35,13,65,0
2,35,13,66,0
2,35,13,67,0
2,35,13,68,0
2,35,13,69,0
2,35,13,70,0
2,35,13,71,0
2,35,13,72,0
2,35,13,73,0
2,35,13,74,0
2,35,13,75,0
2,35,13,76,0
2,35,13,77,0
2,35,13,78,0
2,35,13,79,0
2,35,13,80,0
2,35,13,81,0
2,35,13,82,0
2,35,13,83,0
2,35,13,84,0
2,35,13,85,0
2,35,13,86,0
2,35,13,87,0
2,35,13,88,0
2,35,13,89,0
2,35,13,90,0
2,35,13,91,0
2,35,13,92,0
2,35,13,93,0
2,35,13,94,0
2,35,13,95,0
2,35,13,96,0
2,35,13,97,0
2,35,13,98,0
2,35,13,99,0
2,35,13,100,0
2,35,13,101,0
2,35,13,102,0
2,35,13,103,0
2,35,14,0,1663935545976
2,35,14,1,9539850946780
2,35,14,2,26164700457168
2,35,14,3,43463509833576
2,35,14,4,47510473836920
2,35,14,5,35659414030188
2,35,14,6,18972444372640
2,35,14,7,7413863875644
2,35,14,8,2216538233208
2,35,14,9,526797454680
2,35,14,10,102789424232
2,35,14,11,16804099293
2,35,14,12,2328787560
2,35,14,13,275758060
2,35,14,14,27672360
2,35,14,15,2408762
2,35,14,16,159920
2,35,14,17,11940
2,35,14,18,224
2,35,14,19,29
2,35,14,20,0
2,35,14,21,0
2,35,14,22,0
2,35,14,23,0
2,35,14,24,0
2,35,14,25,0
2,35,14,26,0
2,35,14,27,0
2,35,14,28,0
2,35,14,29,0
2,35,14,30,0
2,35,14,31,0
2,35,14,32,0
2,35,14,33,0
2,35,14,34,0
2,35,14,35,0
2,35,14,36,0
2,35,14,37,0
2,35,14,38,0
2,35,14,39,0
2,35,14,40,0
2,35,14,41,0
2,35,14,42,0
2,35,14,43,0
2,35,14,44,0
2,35,14,45,0
2,35,14,46,0
2,35,14,47,0
2,35,14,48,0
2,35,14,49,0
2,35,14,50,0
2,35,14,51,0
2,35,14,52,0
2,35,14,53,0
2,35,14,54,0
2,35,14,55,0
2,35,14,56,0
2,35,14,57,0
2,35,14,58,0
2,35,14,59,0
2,35,14,60,0
2,35,14,61,0
2,35,14,62,0
2,35,14,63,0
2,35,14,64,0
2,35,14,65,0
2,35,14,66,0
2,35,14,67,0
2,35,14,68,0
2,35,14,69,0
2,35,14,70,0
2,35,14,71,0
2,35,14,72,0
2,35,14,73,0
2,35,14,74,0
2,35,14,75,0
2,35,14,76,0
2,35,14,77,0
2,35,14,78,0
2,35,14,79,0
2,35,14,80,0
2,35,14,81,0
2,35,14,82,0
2,35,14,83,0
2,35,14,84,0
2,35,14,85,0
2,35,14,86,0
2,35,14,87,0
2,35,14,88,0
2,35,14,89,0
2,35,14,90,0
2,35,14,91,0
2,35,14,92,0
2,35,14,93,0
2,35,14,94,0
2,35,14,95,0
2,35,14,96,0
2,35,14,97,0
2,35,14,98,0
2,35,14,99,0
2,35,14,100,0
2,35,14,101,0
2,35,14,102,0
2,35,14,103,0
2,35,15,0,2747597899690
2,35,15,1,18611320902552
2,35,15,2,61115993938776
2,35,15,3,123606056864108
2,35,15,4,167486932985994
2,35,15,5,158446201335816
2,35,15,6,107505116814500
2,35,15,7,53703401458788
2,35,15,8,20373237564674
2,35,15,9,6068852245912
2,35,15,10,1464490183518
2,35,15,11,293622118164
2,35,15,12,49685688976
2,35,15,13,7188787728
2,35,15,14,889381296
2,35,15,15,95023648
2,35,15,16,8546166
2,35,15,17,677416
2,35,15,18,40858
2,35,15,19,2172
2,35,15,20,112
2,35,15,21,0
2,35,15,22,0
2,35,15,23,0
2,35,15,24,0
2,35,15,25,0
2,35,15,26,0
2,35,15,27,0
2,35,15,28,0
2,35,15,29,0
2,35,15,30,0
2,35,15,31,0
2,35,15,32,0
2,35,15,33,0
2,35,15,34,0
2,35,15,35,0
2,35,15,36,0
2,35,15,37,0
2,35,15,38,0
2,35,15,39,0
2,35,15,40,0
2,35,15,41,0
2,35,15,42,0
2,35,15,43,0
2,35,15,44,0
2,35,15,45,0
2,35,15,46,0
2,35,15,47,0
2,35,15,48,0
2,35,15,49,0
2,35,15,50,0
2,35,15,51,0
2,35,15,52,0
2,35,15,53,0
2,35,15,54,0
2,35,15,55,0
2,35,15,56,0
2,35,15,57,0
2,35,15,58,0
2,35,15,59,0
2,35,15,60,0
2,35,15,61,0
2,35,15,62,0
2,35,15,63,0
2,35,15,64,0
2,35,15,65,0
2,35,15,66,0
2,35,15,67,0
2,35,15,68,0
2,35,15,69,0
2,35,15,70,0
2,35,15,71,0
2,35,15,72,0
2,35,15,73,0
2,35,15,74,0
2,35,15,75,0
2,35,15,76,0
2,35,15,77,0
2,35,15,78,0
2,35,15,79,0
2,35,15,80,0
2,35,15,81,0
2,35,15,82,0
2,35,15,83,0
2,35,15,84,0
2,35,15,85,0
2,35,15,86,0
2,35,15,87,0
2,35,15,88,0
2,35,15,89,0
2,35,15,90,0
2,35,15,91,0
2,35,15,92,0
2,35,15,93,0
2,35,15,94,0
2,35,15,95,0
2,35,15,96,0
2,35,15,97,0
2,35,15,98,0
2,35,15,99,0
2,35,15,100,0
2,35,15,101,0
2,35,15,102,0
2,35,15,103,0
2,35,16,0,3866465104640
2,35,16,1,30591809387400
2,35,16,2,118826649588444
2,35,16,3,288645419603184
2,35,16,4,477510705603092
2,35,16,5,560361471738992
2,35,16,6,477859345671092
2,35,16,7,302162036514400
2,35,16,8,144931768799125
2,35,16,9,54151821648256
2,35,16,10,16205993493876
2,35,16,11,3985653311536
2,35,16,12,821756397288
2,35,16,13,144121450768
2,35,16,14,21699528712
2,35,16,15,2813379592
2,35,16,16,316146737
2,35,16,17,30247232
2,35,16,18,2544576
2,35,16,19,163224
2,35,16,20,11810
2,35,16,21,216
2,35,16,22,28
2,35,16,23,0
2,35,16,24,0
2,35,16,25,0
2,35,16,26,0
2,35,16,27,0
2,35,16,28,0
2,35,16,29,0
2,35,16,30,0
2,35,16,31,0
2,35,16,32,0
2,35,16,33,0
2,35,16,34,0
2,35,16,35,0
2,35,16,36,0
2,35,16,37,0
2,35,16,38,0
2,35,16,39,0
2,35,16,40,0
2,35,16,41,0
2,35,16,42,0
2,35,16,43,0
2,35,16,44,0
2,35,16,45,0
2,35,16,46,0
2,35,16,47,0
2,35,16,48,0
2,35,16,49,0
2,35,16,50,0
2,35,16,51,0
2,35,16,52,0
2,35,16,53,0
2,35,16,54,0
2,35,16,55,0
2,35,16,56,0
2,35,16,57,0
2,35,16,58,0
2,35,16,59,0
2,35,16,60,0
2,35,16,61,0
2,35,16,62,0
2,35,16,63,0
2,35,16,64,0
2,35,16,65,0
2,35,16,66,0
2,35,16,67,0
2,35,16,68,0
2,35,16,69,0
2,35,16,70,0
2,35,16,71,0
2,35,16,72,0
2,35,16,73,0
2,35,16,74,0
2,35,16,75,0
2,35,16,76,0
2,35,16,77,0
2,35,16,78,0
2,35,16,79,0
2,35,16,80,0
2,35,16,81,0
2,35,16,82,0
2,35,16,83,0
2,35,16,84,0
2,35,16,85,0
2,35,16,86,0
2,35,16,87,0
2,35,16,88,0
2,35,16,89,0
2,35,16,90,0
2,35,16,91,0
2,35,16,92,0
2,35,16,93,0
2,35,16,94,0
2,35,16,95,0
2,35,16,96,0
2,35,16,97,0
2,35,16,98,0
2,35,16,99,0
2,35,16,100,0
2,35,16,101,0
2,35,16,102,0
2,35,16,103,0
2,35,17,0,4640757865126
2,35,17,1,42443305079064
2,35,17,2,192872092752060
2,35,17,3,555939482931840
2,35,17,4,1107954475314092
2,35,17,5,1590116050671624
2,35,17,6,1681003715895546
2,35,17,7,1330629879243236
2,35,17,8,801900935311806
2,35,17,9,375305132863320
2,35,17,10,139563733776826
2,35,17,11,42216594642396
2,35,17,12,10609917900388
2,35,17,13,2253083757208
2,35,17,14,409428322074
2,35,17,15,64123114212
2,35,17,16,8712701224
2,35,17,17,1024414776
2,35,17,18,104649116
2,35,17,19,9119936
2,35,17,20,692040
2,35,17,21,41528
2,35,17,22,2094
2,35,17,23,108
2,35,17,24,0
2,35,17,25,0
2,35,17,26,0
2,35,17,27,0
2,35,17,28,0
2,35,17,29,0
2,35,17,30,0
2,35,17,31,0
2,35,17,32,0
2,35,17,33,0
2,35,17,34,0
2,35,17,35,0
2,35,17,36,0
2,35,17,37,0
2,35,17,38,0
2,35,17,39,0
2,35,17,40,0
2,35,17,41,0
2,35,17,42,0
2,35,17,43,0
2,35,17,44,0
2,35,17,45,0
2,35,17,46,0
2,35,17,47,0
2,35,17,48,0
2,35,17,49,0
2,35,17,50,0
2,35,17,51,0
2,35,17,52,0
2,35,17,53,0
2,35,17,54,0
2,35,17,55,0
2,35,17,56,0
2,35,17,57,0
2,35,17,58,0
2,35,17,59,0
2,35,17,60,0
2,35,17,61,0
2,35,17,62,0
2,35,17,63,0
2,35,17,64,0
2,35,17,65,0
2,35,17,66,0
2,35,17,67,0
2,35,17,68,0
2,35,17,69,0
2,35,17,70,0
2,35,17,71,0
2,35,17,72,0
2,35,17,73,0
2,35,17,74,0
2,35,17,75,0
2,35,17,76,0
2,35,17,77,0
2,35,17,78,0
2,35,17,79,0
2,35,17,80,0
2,35,17,81,0
2,35,17,82,0
2,35,17,83,0
2,35,17,84,0
2,35,17,85,0
2,35,17,86,0
2,35,17,87,0
2,35,17,88,0
2,35,17,89,0
2,35,17,90,0
2,35,17,91,0
2,35,17,92,0
2,35,17,93,0
2,35,17,94,0
2,35,17,95,0
2,35,17,96,0
2,35,17,97,0
2,35,17,98,0
2,35,17,99,0
2,35,17,100,0
2,35,17,101,0
2,35,17,102,0
2,35,17,103,0
2,35,18,0,4752575891144
2,35,18,1,49758654613860
2,35,18,2,261868914688136
2,35,18,3,885901494927880
2,35,18,4,2101651865059680
2,35,18,5,3642132021544044
2,35,18,6,4712492028062560
2,35,18,7,4616884095775704
2,35,18,8,3467666533268640
2,35,18,9,2025402682893865
2,35,18,10,936136309659936
2,35,18,11,349214330247480
2,35,18,12,107258285154920
2,35,18,13,27614153032740
2,35,18,14,6046852713680
2,35,18,15,1138370765800
2,35,18,16,185617892880
2,35,18,17,26340701724
2,35,18,18,3250359720
2,35,18,19,350712120
2,35,18,20,32337616
2,35,18,21,2644920
2,35,18,22,165024
2,35,18,23,11632
2,35,18,24,208
2,35,18,25,27
2,35,18,26,0
2,35,18,27,0
2,35,18,28,0
2,35,18,29,0
2,35,18,30,0
2,35,18,31,0
2,35,18,32,0
2,35,18,33,0
2,35,18,34,0
2,35,18,35,0
2,35,18,36,0
2,35,18,37,0
2,35,18,38,0
2,35,18,39,0
2,35,18,40,0
2,35,18,41,0
2,35,18,42,0
2,35,18,43,0
2,35,18,44,0
2,35,18,45,0
2,35,18,46,0
2,35,18,47,0
2,35,18,48,0
2,35,18,49,0
2,35,18,50,0
2,35,18,51,0
2,35,18,52,0
2,35,18,53,0
2,35,18,54,0
2,35,18,55,0
2,35,18,56,0
2,35,18,57,0
2,35,18,58,0
2,35,18,59,0
2,35,18,60,0
2,35,18,61,0
2,35,18,62,0
2,35,18,63,0
2,35,18,64,0
2,35,18,65,0
2,35,18,66,0
2,35,18,67,0
2,35,18,68,0
2,35,18,69,0
2,35,18,70,0
2,35,18,71,0
2,35,18,72,0
2,35,18,73,0
2,35,18,74,0
2,35,18,75,0
2,35,18,76,0
2,35,18,77,0
2,35,18,78,0
2,35,18,79,0
2,35,18,80,0
2,35,18,81,0
2,35,18,82,0
2,35,18,83,0
2,35,18,84,0
2,35,18,85,0
2,35,18,86,0
2,35,18,87,0
2,35,18,88,0
2,35,18,89,0
2,35,18,90,0
2,35,18,91,0
2,35,18,92,0
2,35,18,93,0
2,35,18,94,0
2,35,18,95,0
2,35,18,96,0
2,35,18,97,0
2,35,18,98,0
2,35,18,99,0
2,35,18,100,0
2,35,18,101,0
2,35,18,102,0
2,35,18,103,0
2,35,19,0,4152257037218
2,35,19,1,49317325610760
2,35,19,2,297768319068816
2,35,19,3,1170423954942804
2,35,19,4,3269415861271342
2,35,19,5,6762705153954488
2,35,19,6,10583419714157480
2,35,19,7,12690690361009468
2,35,19,8,11772111637259530
2,35,19,9,8532585825681744
2,35,19,10,4893049110605432
2,35,19,11,2254256014966400
2,35,19,12,848762909161412
2,35,19,13,265691772556240
2,35,19,14,70223893302226
2,35,19,15,15871965584400
2,35,19,16,3097431193130
2,35,19,17,525610565088
2,35,19,18,77829591634
2,35,19,19,10088116588
2,35,19,20,1140669622
2,35,19,21,112474840
2,35,19,22,9557056
2,35,19,23,699852
2,35,19,24,41830
2,35,19,25,2016
2,35,19,26,104
2,35,19,27,0
2,35,19,28,0
2,35,19,29,0
2,35,19,30,0
2,35,19,31,0
2,35,19,32,0
2,35,19,33,0
2,35,19,34,0
2,35,19,35,0
2,35,19,36,0
2,35,19,37,0
2,35,19,38,0
2,35,19,39,0
2,35,19,40,0
2,35,19,41,0
2,35,19,42,0
2,35,19,43,0
2,35,19,44,0
2,35,19,45,0
2,35,19,46,0
2,35,19,47,0
2,35,19,48,0
2,35,19,49,0
2,35,19,50,0
2,35,19,51,0
2,35,19,52,0
2,35,19,53,0
2,35,19,54,0
2,35,19,55,0
2,35,19,56,0
2,35,19,57,0
2,35,19,58,0
2,35,19,59,0
2,35,19,60,0
2,35,19,61,0
2,35,19,62,0
2,35,19,63,0
2,35,19,64,0
2,35,19,65,0
2,35,19,66,0
2,35,19,67,0
2,35,19,68,0
2,35,19,69,0
2,35,19,70,0
2,35,19,71,0
2,35,19,72,0
2,35,19,73,0
2,35,19,74,0
2,35,19,75,0
2,35,19,76,0
2,35,19,77,0
2,35,19,78,0
2,35,19,79,0
2,35,19,80,0
2,35,19,81,0
2,35,19,82,0
2,35,19,83,0
2,35,19,84,0
2,35,19,85,0
2,35,19,86,0
2,35,19,87,0
2,35,19,88,0
2,35,19,89,0
2,35,19,90,0
2,35,19,91,0
2,35,19,92,0
2,35,19,93,0
2,35,19,94,0
2,35,19,95,0
2,35,19,96,0
2,35,19,97,0
2,35,19,98,0
2,35,19,99,0
2,35,19,100,0
2,35,19,101,0
2,35,19,102,0
2,35,19,103,0
2,35,20,0,3093172083712
2,35,20,1,41321407394336
2,35,20,2,283711752222948
2,35,20,3,1283608576451088
2,35,20,4,4179722944267212
2,35,20,5,10209832117319088
2,35,20,6,19113828041715156
2,35,20,7,27751955548866568
2,35,20,8,31493186012780052
2,35,20,9,28127675794155112
2,35,20,10,19938487457003491
2,35,20,11,11341185600958440
2,35,20,12,5246709500255286
2,35,20,13,2003891011288032
2,35,20,14,641360353990212
2,35,20,15,174358177501072
2,35,20,16,40719841123752
2,35,20,17,8241841853952
2,35,20,18,1455004253408
2,35,20,19,224937114352
2,35,20,20,30527702796
2,35,20,21,3626623872
2,35,20,22,378910716
2,35,20,23,33934680
2,35,20,24,2711492
2,35,20,25,165416
2,35,20,26,11409
2,35,20,27,200
2,35,20,28,26
2,35,20,29,0
2,35,20,30,0
2,35,20,31,0
2,35,20,32,0
2,35,20,33,0
2,35,20,34,0
2,35,20,35,0
2,35,20,36,0
2,35,20,37,0
2,35,20,38,0
2,35,20,39,0
2,35,20,40,0
2,35,20,41,0
2,35,20,42,0
2,35,20,43,0
2,35,20,44,0
2,35,20,45,0
2,35,20,46,0
2,35,20,47,0
2,35,20,48,0
2,35,20,49,0
2,35,20,50,0
2,35,20,51,0
2,35,20,52,0
2,35,20,53,0
2,35,20,54,0
2,35,20,55,0
2,35,20,56,0
2,35,20,57,0
2,35,20,58,0
2,35,20,59,0
2,35,20,60,0
2,35,20,61,0
2,35,20,62,0
2,35,20,63,0
2,35,20,64,0
2,35,20,65,0
2,35,20,66,0
2,35,20,67,0
2,35,20,68,0
2,35,20,69,0
2,35,20,70,0
2,35,20,71,0
2,35,20,72,0
2,35,20,73,0
2,35,20,74,0
2,35,20,75,0
2,35,20,76,0
2,35,20,77,0
2,35,20,78,0
2,35,20,79,0
2,35,20,80,0
2,35,20,81,0
2,35,20,82,0
2,35,20,83,0
2,35,20,84,0
2,35,20,85,0
2,35,20,86,0
2,35,20,87,0
2,35,20,88,0
2,35,20,89,0
2,35,20,90,0
2,35,20,91,0
2,35,20,92,0
2,35,20,93,0
2,35,20,94,0
2,35,20,95,0
2,35,20,96,0
2,35,20,97,0
2,35,20,98,0
2,35,20,99,0
2,35,20,100,0
2,35,20,101,0
2,35,20,102,0
2,35,20,103,0
2,35,21,0,1962569928350
2,35,21,1,29250065301000
2,35,21,2,226478980919732
2,35,21,3,1169120007736104
2,35,21,4,4396394117613312
2,35,21,5,12556722569531400
2,35,21,6,27831993379476798
2,35,21,7,48428078133994956
2,35,21,8,66589515000404316
2,35,21,9,72706229029650368
2,35,21,10,63370310943791334
2,35,21,11,44408308283025740
2,35,21,12,25264397485520298
2,35,21,13,11808343753488396
2,35,21,14,4594294998051720
2,35,21,15,1507660540693344
2,35,21,16,422339957454468
2,35,21,17,102028609540496
2,35,21,18,21429424824292
2,35,21,19,3936719682168
2,35,21,20,635172623770
2,35,21,21,90154167912
2,35,21,22,11268042570
2,35,21,23,1235626164
2,35,21,24,118443312
2,35,21,25,9860352
2,35,21,26,701302
2,35,21,27,41788
2,35,21,28,1938
2,35,21,29,100
2,35,21,30,0
2,35,21,31,0
2,35,21,32,0
2,35,21,33,0
2,35,21,34,0
2,35,21,35,0
2,35,21,36,0
2,35,21,37,0
2,35,21,38,0
2,35,21,39,0
2,35,21,40,0
2,35,21,41,0
2,35,21,42,0
2,35,21,43,0
2,35,21,44,0
2,35,21,45,0
2,35,21,46,0
2,35,21,47,0
2,35,21,48,0
2,35,21,49,0
2,35,21,50,0
2,35,21,51,0
2,35,21,52,0
2,35,21,53,0
2,35,21,54,0
2,35,21,55,0
2,35,21,56,0
2,35,21,57,0
2,35,21,58,0
2,35,21,59,0
2,35,21,60,0
2,35,21,61,0
2,35,21,62,0
2,35,21,63,0
2,35,21,64,0
2,35,21,65,0
2,35,21,66,0
2,35,21,67,0
2,35,21,68,0
2,35,21,69,0
2,35,21,70,0
2,35,21,71,0
2,35,21,72,0
2,35,21,73,0
2,35,21,74,0
2,35,21,75,0
2,35,21,76,0
2,35,21,77,0
2,35,21,78,0
2,35,21,79,0
2,35,21,80,0
2,35,21,81,0
2,35,21,82,0
2,35,21,83,0
2,35,21,84,0
2,35,21,85,0
2,35,21,86,0
2,35,21,87,0
2,35,21,88,0
2,35,21,89,0
2,35,21,90,0
2,35,21,91,0
2,35,21,92,0
2,35,21,93,0
2,35,21,94,0
2,35,21,95,0
2,35,21,96,0
2,35,21,97,0
2,35,21,98,0
2,35,21,99,0
2,35,21,100,0
2,35,21,101,0
2,35,21,102,0
2,35,21,103,0
2,35,22,0,1058868074712
2,35,22,1,17471323232748
2,35,22,2,151354916357760
2,35,22,3,884134906120040
2,35,22,4,3806023761706376
2,35,22,5,12592753566826572
2,35,22,6,32726736385632576
2,35,22,7,67572896347464672
2,35,22,8,111514136724071184
2,35,22,9,147597501740910276
2,35,22,10,157154857526602536
2,35,22,11,135162601452980640
2,35,22,12,94480269726633216
2,35,22,13,54136244447831240
2,35,22,14,25696489421685840
2,35,22,15,10222535641001603
2,35,22,16,3448432076560960
2,35,22,17,997138746823288
2,35,22,18,249461021606544
2,35,22,19,54406580178072
2,35,22,20,10403817413440
2,35,22,21,1751299869976
2,35,22,22,260048472928
2,35,22,23,34098390756
2,35,22,24,3932314432
2,35,22,25,400402220
2,35,22,26,35038520
2,35,22,27,2746116
2,35,22,28,164496
2,35,22,29,11144
2,35,22,30,192
2,35,22,31,25
2,35,22,32,0
2,35,22,33,0
2,35,22,34,0
2,35,22,35,0
2,35,22,36,0
2,35,22,37,0
2,35,22,38,0
2,35,22,39,0
2,35,22,40,0
2,35,22,41,0
2,35,22,42,0
2,35,22,43,0
2,35,22,44,0
2,35,22,45,0
2,35,22,46,0
2,35,22,47,0
2,35,22,48,0
2,35,22,49,0
2,35,22,50,0
2,35,22,51,0
2,35,22,52,0
2,35,22,53,0
2,35,22,54,0
2,35,22,55,0
2,35,22,56,0
2,35,22,57,0
2,35,22,58,0
2,35,22,59,0
2,35,22,60,0
2,35,22,61,0
2,35,22,62,0
2,35,22,63,0
2,35,22,64,0
2,35,22,65,0
2,35,22,66,0
2,35,22,67,0
2,35,22,68,0
2,35,22,69,0
2,35,22,70,0
2,35,22,71,0
2,35,22,72,0
2,35,22,73,0
2,35,22,74,0
2,35,22,75,0
2,35,22,76,0
2,35,22,77,0
2,35,22,78,0
2,35,22,79,0
2,35,22,80,0
2,35,22,81,0
2,35,22,82,0
2,35,22,83,0
2,35,22,84,0
2,35,22,85,0
2,35,22,86,0
2,35,22,87,0
2,35,22,88,0
2,35,22,89,0
2,35,22,90,0
2,35,22,91,0
2,35,22,92,0
2,35,22,93,0
2,35,22,94,0
2,35,22,95,0
2,35,22,96,0
2,35,22,97,0
2,35,22,98,0
2,35,22,99,0
2,35,22,100,0
2,35,22,101,0
2,35,22,102,0
2,35,22,103,0
2,35,23,0,484685386458
2,35,23,1,8789075746360
2,35,23,2,84555043014792
2,35,23,3,554606421627580
2,35,23,4,2710726579420690
2,35,23,5,10299443337478632
2,35,23,6,31097113743409740
2,35,23,7,75474479584103412
2,35,23,8,148094818714878336
2,35,23,9,235552855340932704
2,35,23,10,304146348296791414
2,35,23,11,319367080867307160
2,35,23,12,273586695062398806
2,35,23,13,192217116620110232
2,35,23,14,111595529420072778
2,35,23,15,54040574953547068
2,35,23,16,22055892293321560
2,35,23,17,7666991310683376
2,35,23,18,2292373786407328
2,35,23,19,594624344700272
2,35,23,20,134767156799400
2,35,23,21,26835605106240
2,35,23,22,4713419169828
2,35,23,23,731994154224
2,35,23,24,100564867376
2,35,23,25,12216864752
2,35,23,26,1307604330
2,35,23,27,122538440
2,35,23,28,10034090
2,35,23,29,696840
2,35,23,30,41426
2,35,23,31,1860
2,35,23,32,96
2,35,23,33,0
2,35,23,34,0
2,35,23,35,0
2,35,23,36,0
2,35,23,37,0
2,35,23,38,0
2,35,23,39,0
2,35,23,40,0
2,35,23,41,0
2,35,23,42,0
2,35,23,43,0
2,35,23,44,0
2,35,23,45,0
2,35,23,46,0
2,35,23,47,0
2,35,23,48,0
2,35,23,49,0
2,35,23,50,0
2,35,23,51,0
2,35,23,52,0
2,35,23,53,0
2,35,23,54,0
2,35,23,55,0
2,35,23,56,0
2,35,23,57,0
2,35,23,58,0
2,35,23,59,0
2,35,23,60,0
2,35,23,61,0
2,35,23,62,0
2,35,23,63,0
2,35,23,64,0
2,35,23,65,0
2,35,23,66,0
2,35,23,67,0
2,35,23,68,0
2,35,23,69,0
2,35,23,70,0
2,35,23,71,0
2,35,23,72,0
2,35,23,73,0
2,35,23,74,0
2,35,23,75,0
2,35,23,76,0
2,35,23,77,0
2,35,23,78,0
2,35,23,79,0
2,35,23,80,0
2,35,23,81,0
2,35,23,82,0
2,35,23,83,0
2,35,23,84,0
2,35,23,85,0
2,35,23,86,0
2,35,23,87,0
2,35,23,88,0
2,35,23,89,0
2,35,23,90,0
2,35,23,91,0
2,35,23,92,0
2,35,23,93,0
2,35,23,94,0
2,35,23,95,0
2,35,23,96,0
2,35,23,97,0
2,35,23,98,0
2,35,23,99,0
2,35,23,100,0
2,35,23,101,0
2,35,23,102,0
2,35,23,103,0
2,35,24,0,187641279616
2,35,24,1,3713531625720
2,35,24,2,39395569367532
2,35,24,3,288049662795888
2,35,24,4,1586307672947844
2,35,24,5,6865121906743184
2,35,24,6,23873759838742100
2,35,24,7,67498307188147344
2,35,24,8,156044754172501020
2,35,24,9,295642920581457592
2,35,24,10,459269466489320544
2,35,24,11,585060156872952192
2,35,24,12,611693280711251516
2,35,24,13,526164691258617120
2,35,24,14,374039640398659548
2,35,24,15,221202285175372088
2,35,24,16,109735942642050204
2,35,24,17,46093968342892376
2,35,24,18,16550467563746032
2,35,24,19,5125814432962080
2,35,24,20,1380335467061798
2,35,24,21,325389478072496
2,35,24,22,67507812493344
2,35,24,23,12374854297920
2,35,24,24,2009415081352
2,35,24,25,289289082528
2,35,24,26,36929612608
2,35,24,27,4160718288
2,35,24,28,415034346
2,35,24,29,35657440
2,35,24,30,2750732
2,35,24,31,162360
2,35,24,32,10840
2,35,24,33,184
2,35,24,34,24
2,35,24,35,0
2,35,24,36,0
2,35,24,37,0
2,35,24,38,0
2,35,24,39,0
2,35,24,40,0
2,35,24,41,0
2,35,24,42,0
2,35,24,43,0
2,35,24,44,0
2,35,24,45,0
2,35,24,46,0
2,35,24,47,0
2,35,24,48,0
2,35,24,49,0
2,35,24,50,0
2,35,24,51,0
2,35,24,52,0
2,35,24,53,0
2,35,24,54,0
2,35,24,55,0
2,35,24,56,0
2,35,24,57,0
2,35,24,58,0
2,35,24,59,0
2,35,24,60,0
2,35,24,61,0
2,35,24,62,0
2,35,24,63,0
2,35,24,64,0
2,35,24,65,0
2,35,24,66,0
2,35,24,67,0
2,35,24,68,0
2,35,24,69,0
2,35,24,70,0
2,35,24,71,0
2,35,24,72,0
2,35,24,73,0
2,35,24,74,0
2,35,24,75,0
2,35,24,76,0
2,35,24,77,0
2,35,24,78,0
2,35,24,79,0
2,35,24,80,0
2,35,24,81,0
2,35,24,82,0
2,35,24,83,0
2,35,24,84,0
2,35,24,85,0
2,35,24,86,0
2,35,24,87,0
2,35,24,88,0
2,35,24,89,0
2,35,24,90,0
2,35,24,91,0
2,35,24,92,0
2,35,24,93,0
2,35,24,94,0
2,35,24,95,0
2,35,24,96,0
2,35,24,97,0
2,35,24,98,0
2,35,24,99,0
2,35,24,100,0
2,35,24,101,0
2,35,24,102,0
2,35,24,103,0
2,35,25,0,61184918102
2,35,25,1,1312833926712
2,35,25,2,15256593927276
2,35,25,3,123518993078736
2,35,25,4,761022128715284
2,35,25,5,3723092480644040
2,35,25,6,14792173014664738
2,35,25,7,48304584399906324
2,35,25,8,130416648917746786
2,35,25,9,291749066006603216
2,35,25,10,540782452812335814
2,35,25,11,829782685501169916
2,35,25,12,1053081891244982136
2,35,25,13,1105515417786686432
2,35,25,14,961693806848814944
2,35,25,15,695851553158633952
2,35,25,16,421222615591123096
2,35,25,17,214900161299883280
2,35,25,18,93183909732837850
2,35,25,19,34641655100294436
2,35,25,20,11133557827954876
2,35,25,21,3116876224980384
2,35,25,22,764996561663752
2,35,25,23,165473102586848
2,35,25,24,31669540032044
2,35,25,25,5377274876048
2,35,25,26,811081661288
2,35,25,27,108658557136
2,35,25,28,12910267620
2,35,25,29,1355712224
2,35,25,30,124782048
2,35,25,31,10083856
2,35,25,32,686916
2,35,25,33,40768
2,35,25,34,1782
2,35,25,35,92
2,35,25,36,0
2,35,25,37,0
2,35,25,38,0
2,35,25,39,0
2,35,25,40,0
2,35,25,41,0
2,35,25,42,0
2,35,25,43,0
2,35,25,44,0
2,35,25,45,0
2,35,25,46,0
2,35,25,47,0
2,35,25,48,0
2,35,25,49,0
2,35,25,50,0
2,35,25,51,0
2,35,25,52,0
2,35,25,53,0
2,35,25,54,0
2,35,25,55,0
2,35,25,56,0
2,35,25,57,0
2,35,25,58,0
2,35,25,59,0
2,35,25,60,0
2,35,25,61,0
2,35,25,62,0
2,35,25,63,0
2,35,25,64,0
2,35,25,65,0
2,35,25,66,0
2,35,25,67,0
2,35,25,68,0
2,35,25,69,0
2,35,25,70,0
2,35,25,71,0
2,35,25,72,0
2,35,25,73,0
2,35,25,74,0
2,35,25,75,0
2,35,25,76,0
2,35,25,77,0
2,35,25,78,0
2,35,25,79,0
2,35,25,80,0
2,35,25,81,0
2,35,25,82,0
2,35,25,83,0
2,35,25,84,0
2,35,25,85,0
2,35,25,86,0
2,35,25,87,0
2,35,25,88,0
2,35,25,89,0
2,35,25,90,0
2,35,25,91,0
2,35,25,92,0
2,35,25,93,0
2,35,25,94,0
2,35,25,95,0
2,35,25,96,0
2,35,25,97,0
2,35,25,98,0
2,35,25,99,0
2,35,25,100,0
2,35,25,101,0
2,35,25,102,0
2,35,25,103,0
2,35,26,0,16711687720
2,35,26,1,386345428980
2,35,26,2,4887950706744
2,35,26,3,43550456417928
2,35,26,4,298266208374384
2,35,26,5,1638167119102860
2,35,26,6,7380953864145856
2,35,26,7,27618241965294344
2,35,26,8,86355512341932288
2,35,26,9,226152162256047944
2,35,26,10,495991745641034632
2,35,26,11,909618493511223240
2,35,26,12,1392191825225068776
2,35,26,13,1775395533666300530
2,35,26,14,1885496071946453136
2,35,26,15,1669507016258940168
2,35,26,16,1236307852201528760
2,35,26,17,769514188529688768
2,35,26,18,405245425573096392
2,35,26,19,181941728641634320
2,35,26,20,70198015808541960
2,35,26,21,23457052733142850
2,35,26,22,6837199100132848
2,35,26,23,1749202633501200
2,35,26,24,394812788504880
2,35,26,25,78935465400228
2,35,26,26,14018232622176
2,35,26,27,2214926850280
2,35,26,28,311409563936
2,35,26,29,38937783687
2,35,26,30,4308129272
2,35,26,31,422827332
2,35,26,32,35807232
2,35,26,33,2727386
2,35,26,34,159104
2,35,26,35,10500
2,35,26,36,176
2,35,26,37,23
2,35,26,38,0
2,35,26,39,0
2,35,26,40,0
2,35,26,41,0
2,35,26,42,0
2,35,26,43,0
2,35,26,44,0
2,35,26,45,0
2,35,26,46,0
2,35,26,47,0
2,35,26,48,0
2,35,26,49,0
2,35,26,50,0
2,35,26,51,0
2,35,26,52,0
2,35,26,53,0
2,35,26,54,0
2,35,26,55,0
2,35,26,56,0
2,35,26,57,0
2,35,26,58,0
2,35,26,59,0
2,35,26,60,0
2,35,26,61,0
2,35,26,62,0
2,35,26,63,0
2,35,26,64,0
2,35,26,65,0
2,35,26,66,0
2,35,26,67,0
2,35,26,68,0
2,35,26,69,0
2,35,26,70,0
2,35,26,71,0
2,35,26,72,0
2,35,26,73,0
2,35,26,74,0
2,35,26,75,0
2,35,26,76,0
2,35,26,77,0
2,35,26,78,0
2,35,26,79,0
2,35,26,80,0
2,35,26,81,0
2,35,26,82,0
2,35,26,83,0
2,35,26,84,0
2,35,26,85,0
2,35,26,86,0
2,35,26,87,0
2,35,26,88,0
2,35,26,89,0
2,35,26,90,0
2,35,26,91,0
2,35,26,92,0
2,35,26,93,0
2,35,26,94,0
2,35,26,95,0
2,35,26,96,0
2,35,26,97,0
2,35,26,98,0
2,35,26,99,0
2,35,26,100,0
2,35,26,101,0
2,35,26,102,0
2,35,26,103,0
2,35,27,0,3795731282
2,35,27,1,93988272168
2,35,27,2,1287202629440
2,35,27,3,12552262286500
2,35,27,4,95018305275702
2,35,27,5,582298431078936
2,35,27,6,2955483079041680
2,35,27,7,12580282620412044
2,35,27,8,45201464139441038
2,35,27,9,137450242798245328
2,35,27,10,353729337983451834
2,35,27,11,769139406599006164
2,35,27,12,1409392806685588798
2,35,27,13,2170501931350917720
2,35,27,14,2803009239368458686
2,35,27,15,3032218866600945436
2,35,27,16,2749243553341097418
2,35,27,17,2094330887890987272
2,35,27,18,1346241151564526440
2,35,27,19,734485871381575236
2,35,27,20,342467560502882814
2,35,27,21,137476179174619544
2,35,27,22,47860255824157890
2,35,27,23,14548461873123980
2,35,27,24,3884823386140684
2,35,27,25,915895653123600
2,35,27,26,191425135738488
2,35,27,27,35572335660936
2,35,27,28,5888285852268
2,35,27,29,868744513568
2,35,27,30,114165732782
2,35,27,31,13334911236
2,35,27,32,1379789146
2,35,27,33,125230376
2,35,27,34,10016436
2,35,27,35,671980
2,35,27,36,39838
2,35,27,37,1704
2,35,27,38,88
2,35,27,39,0
2,35,27,40,0
2,35,27,41,0
2,35,27,42,0
2,35,27,43,0
2,35,27,44,0
2,35,27,45,0
2,35,27,46,0
2,35,27,47,0
2,35,27,48,0
2,35,27,49,0
2,35,27,50,0
2,35,27,51,0
2,35,27,52,0
2,35,27,53,0
2,35,27,54,0
2,35,27,55,0
2,35,27,56,0
2,35,27,57,0
2,35,27,58,0
2,35,27,59,0
2,35,27,60,0
2,35,27,61,0
2,35,27,62,0
2,35,27,63,0
2,35,27,64,0
2,35,27,65,0
2,35,27,66,0
2,35,27,67,0
2,35,27,68,0
2,35,27,69,0
2,35,27,70,0
2,35,27,71,0
2,35,27,72,0
2,35,27,73,0
2,35,27,74,0
2,35,27,75,0
2,35,27,76,0
2,35,27,77,0
2,35,27,78,0
2,35,27,79,0
2,35,27,80,0
2,35,27,81,0
2,35,27,82,0
2,35,27,83,0
2,35,27,84,0
2,35,27,85,0
2,35,27,86,0
2,35,27,87,0
2,35,27,88,0
2,35,27,89,0
2,35,27,90,0
2,35,27,91,0
2,35,27,92,0
2,35,27,93,0
2,35,27,94,0
2,35,27,95,0
2,35,27,96,0
2,35,27,97,0
2,35,27,98,0
2,35,27,99,0
2,35,27,100,0
2,35,27,101,0
2,35,27,102,0
2,35,27,103,0
2,35,28,0,710003968
2,35,28,1,18725792400
2,35,28,2,276169332852
2,35,28,3,2933713320720
2,35,28,4,24427954637500
2,35,28,5,166167542190992
2,35,28,6,944630249611700
2,35,28,7,4545045347821176
2,35,28,8,18635100758150052
2,35,28,9,65302363957813048
2,35,28,10,195641713382282100
2,35,28,11,500334747805972480
2,35,28,12,1089270255218050764
2,35,28,13,2012021818567246656
2,35,28,14,3142657075316928494
2,35,28,15,4139375371299752456
2,35,28,16,4590452618824566280
2,35,28,17,4286071463979930520
2,35,28,18,3375492728338433784
2,35,28,19,2250406014026334176
2,35,28,20,1276642769154295532
2,35,28,21,620119232135625440
2,35,28,22,259678661345883190
2,35,28,23,94392378991752280
2,35,28,24,29978440638153360
2,35,28,25,8367683262529736
2,35,28,26,2063092439161440
2,35,28,27,451163697508320
2,35,28,28,87782682583096
2,35,28,29,15227623805104
2,35,28,30,2357443340299
2,35,28,31,325597610040
2,35,28,32,40078263598
2,35,28,33,4373668400
2,35,28,34,423958110
2,35,28,35,35510456
2,35,28,36,2678220
2,35,28,37,154824
2,35,28,38,10127
2,35,28,39,168
2,35,28,40,22
2,35,28,41,0
2,35,28,42,0
2,35,28,43,0
2,35,28,44,0
2,35,28,45,0
2,35,28,46,0
2,35,28,47,0
2,35,28,48,0
2,35,28,49,0
2,35,28,50,0
2,35,28,51,0
2,35,28,52,0
2,35,28,53,0
2,35,28,54,0
2,35,28,55,0
2,35,28,56,0
2,35,28,57,0
2,35,28,58,0
2,35,28,59,0
2,35,28,60,0
2,35,28,61,0
2,35,28,62,0
2,35,28,63,0
2,35,28,64,0
2,35,28,65,0
2,35,28,66,0
2,35,28,67,0
2,35,28,68,0
2,35,28,69,0
2,35,28,70,0
2,35,28,71,0
2,35,28,72,0
2,35,28,73,0
2,35,28,74,0
2,35,28,75,0
2,35,28,76,0
2,35,28,77,0
2,35,28,78,0
2,35,28,79,0
2,35,28,80,0
2,35,28,81,0
2,35,28,82,0
2,35,28,83,0
2,35,28,84,0
2,35,28,85,0
2,35,28,86,0
2,35,28,87,0
2,35,28,88,0
2,35,28,89,0
2,35,28,90,0
2,35,28,91,0
2,35,28,92,0
2,35,28,93,0
2,35,28,94,0
2,35,28,95,0
2,35,28,96,0
2,35,28,97,0
2,35,28,98,0
2,35,28,99,0
2,35,28,100,0
2,35,28,101,0
2,35,28,102,0
2,35,28,103,0
2,35,29,0,107954126
2,35,29,1,3016753320
2,35,29,2,47689981668
2,35,29,3,549818194296
2,35,29,4,5017226625000
2,35,29,5,37729053793224
2,35,29,6,239126586082470
2,35,29,7,1293720880987324
2,35,29,8,6017029305822960
2,35,29,9,24137971530877952
2,35,29,10,83579384981913942
2,35,29,11,249488023030367004
2,35,29,12,640360839389763838
2,35,29,13,1408323474744285096
2,35,29,14,2643477941506654950
2,35,29,15,4218672917007445788
2,35,29,16,5705650499317599562
2,35,29,17,6526149243418075200
2,35,29,18,6309440011236340390
2,35,29,19,5162142432423868780
2,35,29,20,3584779140053901408
2,35,29,21,2122482505566853368
2,35,29,22,1077526948215515238
2,35,29,23,472014517857129756
2,35,29,24,179575537358125900
2,35,29,25,59707669128392952
2,35,29,26,17450387787196410
2,35,29,27,4505674918826244
2,35,29,28,1032087872964536
2,35,29,29,210425682926928
2,35,29,30,38273974908204
2,35,29,31,6218677228872
2,35,29,32,902687311116
2,35,29,33,116950052060
2,35,29,34,13487877658
2,35,29,35,1380343572
2,35,29,36,123970580
2,35,29,37,9839696
2,35,29,38,652482
2,35,29,39,38660
2,35,29,40,1626
2,35,29,41,84
2,35,29,42,0
2,35,29,43,0
2,35,29,44,0
2,35,29,45,0
2,35,29,46,0
2,35,29,47,0
2,35,29,48,0
2,35,29,49,0
2,35,29,50,0
2,35,29,51,0
2,35,29,52,0
2,35,29,53,0
2,35,29,54,0
2,35,29,55,0
2,35,29,56,0
2,35,29,57,0
2,35,29,58,0
2,35,29,59,0
2,35,29,60,0
2,35,29,61,0
2,35,29,62,0
2,35,29,63,0
2,35,29,64,0
2,35,29,65,0
2,35,29,66,0
2,35,29,67,0
2,35,29,68,0
2,35,29,69,0
2,35,29,70,0
2,35,29,71,0
2,35,29,72,0
2,35,29,73,0
2,35,29,74,0
2,35,29,75,0
2,35,29,76,0
2,35,29,77,0
2,35,29,78,0
2,35,29,79,0
2,35,29,80,0
2,35,29,81,0
2,35,29,82,0
2,35,29,83,0
2,35,29,84,0
2,35,29,85,0
2,35,29,86,0
2,35,29,87,0
2,35,29,88,0
2,35,29,89,0
2,35,29,90,0
2,35,29,91,0
2,35,29,92,0
2,35,29,93,0
2,35,29,94,0
2,35,29,95,0
2,35,29,96,0
2,35,29,97,0
2,35,29,98,0
2,35,29,99,0
2,35,29,100,0
2,35,29,101,0
2,35,29,102,0
2,35,29,103,0
2,35,30,0,13104184
2,35,30,1,386089212
2,35,30,2,6516613936
2,35,30,3,81343532648
2,35,30,4,811662395544
2,35,30,5,6730056813228
2,35,30,6,47408317011552
2,35,30,7,287310977248464
2,35,30,8,1508874675569136
2,35,30,9,6892160175988396
2,35,30,10,27412342341969528
2,35,30,11,94861153481571976
2,35,30,12,284978623633421056
2,35,30,13,740755982793248424
2,35,30,14,1659280497866681504
2,35,30,15,3188943240913638200
2,35,30,16,5236118084173814952
2,35,30,17,7318534077240789744
2,35,30,18,8685097900075313192
2,35,30,19,8741405276795183574
2,35,30,20,7466224623669006440
2,35,30,21,5424282253504121460
2,35,30,22,3365015581822136112
2,35,30,23,1791601359509544156
2,35,30,24,823461205663550640
2,35,30,25,328749569240136204
2,35,30,26,114694211549933672
2,35,30,27,35166746059036902
2,35,30,28,9524223952400352
2,35,30,29,2288218230604728
2,35,30,30,489362820058112
2,35,30,31,93398100230664
2,35,30,32,15933022550592
2,35,30,33,2430920593968
2,35,30,34,331480588560
2,35,30,35,40343644885
2,35,30,36,4359066352
2,35,30,37,418744176
2,35,30,38,34795720
2,35,30,39,2605462
2,35,30,40,149616
2,35,30,41,9724
2,35,30,42,160
2,35,30,43,21
2,35,30,44,0
2,35,30,45,0
2,35,30,46,0
2,35,30,47,0
2,35,30,48,0
2,35,30,49,0
2,35,30,50,0
2,35,30,51,0
2,35,30,52,0
2,35,30,53,0
2,35,30,54,0
2,35,30,55,0
2,35,30,56,0
2,35,30,57,0
2,35,30,58,0
2,35,30,59,0
2,35,30,60,0
2,35,30,61,0
2,35,30,62,0
2,35,30,63,0
2,35,30,64,0
2,35,30,65,0
2,35,30,66,0
2,35,30,67,0
2,35,30,68,0
2,35,30,69,0
2,35,30,70,0
2,35,30,71,0
2,35,30,72,0
2,35,30,73,0
2,35,30,74,0
2,35,30,75,0
2,35,30,76,0
2,35,30,77,0
2,35,30,78,0
2,35,30,79,0
2,35,30,80,0
2,35,30,81,0
2,35,30,82,0
2,35,30,83,0
2,35,30,84,0
2,35,30,85,0
2,35,30,86,0
2,35,30,87,0
2,35,30,88,0
2,35,30,89,0
2,35,30,90,0
2,35,30,91,0
2,35,30,92,0
2,35,30,93,0
2,35,30,94,0
2,35,30,95,0
2,35,30,96,0
2,35,30,97,0
2,35,30,98,0
2,35,30,99,0
2,35,30,100,0
2,35,30,101,0
2,35,30,102,0
2,35,30,103,0
2,35,31,0,1237770
2,35,31,1,38271960
2,35,31,2,687657144
2,35,31,3,9289897484
2,35,31,4,101352552602
2,35,31,5,926160549832
2,35,31,6,7243218413172
2,35,31,7,49079974757124
2,35,31,8,290249832364116
2,35,31,9,1504045925731104
2,35,31,10,6839745506739582
2,35,31,11,27288799637235600
2,35,31,12,95354138395974006
2,35,31,13,290966802531684152
2,35,31,14,772401782384871922
2,35,31,15,1775897804993430812
2,35,31,16,3519844131166420002
2,35,31,17,5986382570102552344
2,35,31,18,8701354328338190334
2,35,31,19,10776326714604713268
2,35,31,20,11352639286491462048
2,35,31,21,10173137939430228288
2,35,31,22,7767357158390076290
2,35,31,23,5069469342563147280
2,35,31,24,2841100407307725104
2,35,31,25,1374636439083011824
2,35,31,26,577562339413854574
2,35,31,27,211967714218940184
2,35,31,28,68332690058053362
2,35,31,29,19448196787060648
2,35,31,30,4908325815451150
2,35,31,31,1102467102047572
2,35,31,32,220996150837564
2,35,31,33,39609975565456
2,35,31,34,6353877472148
2,35,31,35,912024219320
2,35,31,36,117003155232
2,35,31,37,13375913040
2,35,31,38,1358486654
2,35,31,39,121117232
2,35,31,40,9562462
2,35,31,41,628872
2,35,31,42,37258
2,35,31,43,1548
2,35,31,44,80
2,35,31,45,0
2,35,31,46,0
2,35,31,47,0
2,35,31,48,0
2,35,31,49,0
2,35,31,50,0
2,35,31,51,0
2,35,31,52,0
2,35,31,53,0
2,35,31,54,0
2,35,31,55,0
2,35,31,56,0
2,35,31,57,0
2,35,31,58,0
2,35,31,59,0
2,35,31,60,0
2,35,31,61,0
2,35,31,62,0
2,35,31,63,0
2,35,31,64,0
2,35,31,65,0
2,35,31,66,0
2,35,31,67,0
2,35,31,68,0
2,35,31,69,0
2,35,31,70,0
2,35,31,71,0
2,35,31,72,0
2,35,31,73,0
2,35,31,74,0
2,35,31,75,0
2,35,31,76,0
2,35,31,77,0
2,35,31,78,0
2,35,31,79,0
2,35,31,80,0
2,35,31,81,0
2,35,31,82,0
2,35,31,83,0
2,35,31,84,0
2,35,31,85,0
2,35,31,86,0
2,35,31,87,0
2,35,31,88,0
2,35,31,89,0
2,35,31,90,0
2,35,31,91,0
2,35,31,92,0
2,35,31,93,0
2,35,31,94,0
2,35,31,95,0
2,35,31,96,0
2,35,31,97,0
2,35,31,98,0
2,35,31,99,0
2,35,31,100,0
2,35,31,101,0
2,35,31,102,0
2,35,31,103,0
2,35,32,0,87552
2,35,32,1,2828648
2,35,32,2,54025980
2,35,32,3,792325360
2,35,32,4,9483389172
2,35,32,5,95756185392
2,35,32,6,832990948468
2,35,32,7,6316578286656
2,35,32,8,42056946669996
2,35,32,9,246915285333192
2,35,32,10,1280716810765064
2,35,32,11,5870181180602976
2,35,32,12,23748474452449368
2,35,32,13,84603660761767600
2,35,32,14,264527778200083836
2,35,32,15,722936194969682024
2,35,32,16,1718893874873210113
2,35,32,17,3538110223632835056
2,35,32,18,6274086736360715356
2,35,32,19,9542841175919346272
2,35,32,20,12406126858885784748
2,35,32,21,13755233931096630864
2,35,32,22,12998469484991602544
2,35,32,23,10479801567541633464
2,35,32,24,7227467157995256730
2,35,32,25,4280670140880178096
2,35,32,26,2188150049167534872
2,35,32,27,970681902195330352
2,35,32,28,375821824564936212
2,35,32,29,127700880294406752
2,35,32,30,38276712598633404
2,35,32,31,10166459578236632
2,35,32,32,2401910934177618
2,35,32,33,506302987014216
2,35,32,34,95429356770584
2,35,32,35,16103449117872
2,35,32,36,2433703158800
2,35,32,37,329109282848
2,35,32,38,39761082816
2,35,32,39,4268412672
2,35,32,40,407627195
2,35,32,41,33696960
2,35,32,42,2511416
2,35,32,43,143576
2,35,32,44,9294
2,35,32,45,152
2,35,32,46,20
2,35,32,47,0
2,35,32,48,0
2,35,32,49,0
2,35,32,50,0
2,35,32,51,0
2,35,32,52,0
2,35,32,53,0
2,35,32,54,0
2,35,32,55,0
2,35,32,56,0
2,35,32,57,0
2,35,32,58,0
2,35,32,59,0
2,35,32,60,0
2,35,32,61,0
2,35,32,62,0
2,35,32,63,0
2,35,32,64,0
2,35,32,65,0
2,35,32,66,0
2,35,32,67,0
2,35,32,68,0
2,35,32,69,0
2,35,32,70,0
2,35,32,71,0
2,35,32,72,0
2,35,32,73,0
2,35,32,74,0
2,35,32,75,0
2,35,32,76,0
2,35,32,77,0
2,35,32,78,0
2,35,32,79,0
2,35,32,80,0
2,35,32,81,0
2,35,32,82,0
2,35,32,83,0
2,35,32,84,0
2,35,32,85,0
2,35,32,86,0
2,35,32,87,0
2,35,32,88,0
2,35,32,89,0
2,35,32,90,0
2,35,32,91,0
2,35,32,92,0
2,35,32,93,0
2,35,32,94,0
2,35,32,95,0
2,35,32,96,0
2,35,32,97,0
2,35,32,98,0
2,35,32,99,0
2,35,32,100,0
2,35,32,101,0
2,35,32,102,0
2,35,32,103,0
2,35,33,0,4358
2,35,33,1,146520
2,35,33,2,2979612
2,35,33,3,47916320
2,35,33,4,635338620
2,35,33,5,7145298056
2,35,33,6,69606398410
2,35,33,7,593793856452
2,35,33,8,4467654342950
2,35,33,9,29782349790160
2,35,33,10,176317192184886
2,35,33,11,927737509761900
2,35,33,12,4336305775689028
2,35,33,13,17974359737173296
2,35,33,14,65897959005298764
2,35,33,15,212935119432079048
2,35,33,16,603861477695618940
2,35,33,17,1495768209704330488
2,35,33,18,3219719843757694070
2,35,33,19,5992256978473385940
2,35,33,20,9597038738985464492
2,35,33,21,13175145324855287480
2,35,33,22,15461470644736580082
2,35,33,23,15490622835806669940
2,35,33,24,13254477939649805570
2,35,33,25,9704743293370838832
2,35,33,26,6101007903921076280
2,35,33,27,3307963664198136272
2,35,33,28,1554944980562983860
2,35,33,29,637170116130723680
2,35,33,30,228854459930409448
2,35,33,31,72422209251525600
2,35,33,32,20286988649733072
2,35,33,33,5050595833626864
2,35,33,34,1121177550835926
2,35,33,35,222481257979068
2,35,33,36,39527916297440
2,35,33,37,6292559973792
2,35,33,38,897222821644
2,35,33,39,114435339576
2,35,33,40,13014491382
2,35,33,41,1315861800
2,35,33,42,116808820
2,35,33,43,9194400
2,35,33,44,601600
2,35,33,45,35656
2,35,33,46,1470
2,35,33,47,76
2,35,33,48,0
2,35,33,49,0
2,35,33,50,0
2,35,33,51,0
2,35,33,52,0
2,35,33,53,0
2,35,33,54,0
2,35,33,55,0
2,35,33,56,0
2,35,33,57,0
2,35,33,58,0
2,35,33,59,0
2,35,33,60,0
2,35,33,61,0
2,35,33,62,0
2,35,33,63,0
2,35,33,64,0
2,35,33,65,0
2,35,33,66,0
2,35,33,67,0
2,35,33,68,0
2,35,33,69,0
2,35,33,70,0
2,35,33,71,0
2,35,33,72,0
2,35,33,73,0
2,35,33,74,0
2,35,33,75,0
2,35,33,76,0
2,35,33,77,0
2,35,33,78,0
2,35,33,79,0
2,35,33,80,0
2,35,33,81,0
2,35,33,82,0
2,35,33,83,0
2,35,33,84,0
2,35,33,85,0
2,35,33,86,0
2,35,33,87,0
2,35,33,88,0
2,35,33,89,0
2,35,33,90,0
2,35,33,91,0
2,35,33,92,0
2,35,33,93,0
2,35,33,94,0
2,35,33,95,0
2,35,33,96,0
2,35,33,97,0
2,35,33,98,0
2,35,33,99,0
2,35,33,100,0
2,35,33,101,0
2,35,33,102,0
2,35,33,103,0
2,35,34,0,136
2,35,34,1,4740
2,35,34,2,103656
2,35,34,3,1879560
2,35,34,4,28267648
2,35,34,5,360662572
2,35,34,6,3997138080
2,35,34,7,38857574584
2,35,34,8,333741758816
2,35,34,9,2545866451408
2,35,34,10,17299192321752
2,35,34,11,104864631930280
2,35,34,12,567226951285320
2,35,34,13,2735480496476464
2,35,34,14,11739811609476304
2,35,34,15,44715219343196752
2,35,34,16,150620250236165192
2,35,34,17,446796680393794487
2,35,34,18,1161606912780787664
2,35,34,19,2633306359323480720
2,35,34,20,5178103889259033224
2,35,34,21,8788473601256759580
2,35,34,22,12819066032950763248
2,35,34,23,16016836832834095832
2,35,34,24,17109804040708200056
2,35,34,25,15621218739329242204
2,35,34,26,12205121028523052800
2,35,34,27,8183303468014621680
2,35,34,28,4727212474320939888
2,35,34,29,2364141839251583128
2,35,34,30,1029056120522980656
2,35,34,31,391970976639644640
2,35,34,32,131337224931725800
2,35,34,33,38898264966863272
2,35,34,34,10226370892104072
2,35,34,35,2395004925806040
2,35,34,36,501072031234648
2,35,34,37,93835815603960
2,35,34,38,15746605889616
2,35,34,39,2368314964176
2,35,34,40,318925054408
2,35,34,41,38388795588
2,35,34,42,4107876168
2,35,34,43,391156376
2,35,34,44,32252720
2,35,34,45,2398452
2,35,34,46,136800
2,35,34,47,8840
2,35,34,48,144
2,35,34,49,19
2,35,34,50,0
2,35,34,51,0
2,35,34,52,0
2,35,34,53,0
2,35,34,54,0
2,35,34,55,0
2,35,34,56,0
2,35,34,57,0
2,35,34,58,0
2,35,34,59,0
2,35,34,60,0
2,35,34,61,0
2,35,34,62,0
2,35,34,63,0
2,35,34,64,0
2,35,34,65,0
2,35,34,66,0
2,35,34,67,0
2,35,34,68,0
2,35,34,69,0
2,35,34,70,0
2,35,34,71,0
2,35,34,72,0
2,35,34,73,0
2,35,34,74,0
2,35,34,75,0
2,35,34,76,0
2,35,34,77,0
2,35,34,78,0
2,35,34,79,0
2,35,34,80,0
2,35,34,81,0
2,35,34,82,0
2,35,34,83,0
2,35,34,84,0
2,35,34,85,0
2,35,34,86,0
2,35,34,87,0
2,35,34,88,0
2,35,34,89,0
2,35,34,90,0
2,35,34,91,0
2,35,34,92,0
2,35,34,93,0
2,35,34,94,0
2,35,34,95,0
2,35,34,96,0
2,35,34,97,0
2,35,34,98,0
2,35,34,99,0
2,35,34,100,0
2,35,34,101,0
2,35,34,102,0
2,35,34,103,0
2,35,35,0,2
2,35,35,1,72
2,35,35,2,1776
2,35,35,3,39924
2,35,35,4,725054
2,35,35,5,10958712
2,35,35,6,143290360
2,35,35,7,1633760092
2,35,35,8,16383677682
2,35,35,9,145606199248
2,35,35,10,1151632305890
2,35,35,11,8128571241132
2,35,35,12,51278268253606
2,35,35,13,289191053983288
2,35,35,14,1456948032592482
2,35,35,15,6546087753811428
2,35,35,16,26163279167891026
2,35,35,17,92709891149584248
2,35,35,18,290085948051878334
2,35,35,19,797773792546174400
2,35,35,20,1918610767150969536
2,35,35,21,4013908778549448848
2,35,35,22,7267629503503547438
2,35,35,23,11335619455426975608
2,35,35,24,15173591510141807400
2,35,35,25,17386868536913809784
2,35,35,26,17036946616695669306
2,35,35,27,14283805060887850600
2,35,35,28,10268189907159188884
2,35,35,29,6350922129523986672
2,35,35,30,3394732014348196264
2,35,35,31,1576184707757168760
2,35,35,32,639090098319912894
2,35,35,33,227491096466796600
2,35,35,34,71444955755345192
2,35,35,35,19884941443902636
2,35,35,36,4923694922490410
2,35,35,37,1088005383679608
2,35,35,38,215062790701458
2,35,35,39,38084424768252
2,35,35,40,6045839572726
2,35,35,41,859986162648
2,35,35,42,109462671756
2,35,35,43,12426725900
2,35,35,44,1254570894
2,35,35,45,111204248
2,35,35,46,8745896
2,35,35,47,571116
2,35,35,48,33878
2,35,35,49,1392
2,35,35,50,72
2,35,35,51,0
2,35,35,52,0
2,35,35,53,0
2,35,35,54,0
2,35,35,55,0
2,35,35,56,0
2,35,35,57,0
2,35,35,58,0
2,35,35,59,0
2,35,35,60,0
2,35,35,61,0
2,35,35,62,0
2,35,35,63,0
2,35,35,64,0
2,35,35,65,0
2,35,35,66,0
2,35,35,67,0
2,35,35,68,0
2,35,35,69,0
2,35,35,70,0
2,35,35,71,0
2,35,35,72,0
2,35,35,73,0
2,35,35,74,0
2,35,35,75,0
2,35,35,76,0
2,35,35,77,0
2,35,35,78,0
2,35,35,79,0
2,35,35,80,0
2,35,35,81,0
2,35,35,82,0
2,35,35,83,0
2,35,35,84,0
2,35,35,85,0
2,35,35,86,0
2,35,35,87,0
2,35,35,88,0
2,35,35,89,0
2,35,35,90,0
2,35,35,91,0
2,35,35,92,0
2,35,35,93,0
2,35,35,94,0
2,35,35,95,0
2,35,35,96,0
2,35,35,97,0
2,35,35,98,0
2,35,35,99,0
2,35,35,100,0
2,35,35,101,0
2,35,35,102,0
2,35,35,103,0
2,35,36,0,0
2,35,36,1,0
2,35,36,2,4
2,35,36,3,272
2,35,36,4,7596
2,35,36,5,154608
2,35,36,6,2640660
2,35,36,7,37937256
2,35,36,8,467881268
2,35,36,9,5043378248
2,35,36,10,47897903100
2,35,36,11,403254274592
2,35,36,12,3022609556900
2,35,36,13,20218251061008
2,35,36,14,120815072862644
2,35,36,15,644877090834280
2,35,36,16,3071288617259076
2,35,36,17,13024533130700280
2,35,36,18,49039237196297717
2,35,36,19,163333091440126776
2,35,36,20,479154005019715986
2,35,36,21,1232091835737835216
2,35,36,22,2762729769425060376
2,35,36,23,5374091250349047952
2,35,36,24,9024421814301478304
2,35,36,25,13027396807887591888
2,35,36,26,16116111737097885432
2,35,36,27,17055591800764034384
2,35,36,28,15438163885982001960
2,35,36,29,11968879295738373104
2,35,36,30,7970267283221735256
2,35,36,31,4577116697845155648
2,35,36,32,2277715883042738696
2,35,36,33,987351000118376192
2,35,36,34,374818729899129264
2,35,36,35,125249333885915712
2,35,36,36,37015244108747900
2,35,36,37,9714881640726144
2,35,36,38,2272245790933756
2,35,36,39,474918102596264
2,35,36,40,88872537916188
2,35,36,41,14905800172392
2,35,36,42,2241032490668
2,35,36,43,301712859216
2,35,36,44,36311865012
2,35,36,45,3885400992
2,35,36,46,369971652
2,35,36,47,30505432
2,35,36,48,2268996
2,35,36,49,129384
2,35,36,50,8365
2,35,36,51,136
2,35,36,52,18
2,35,36,53,0
2,35,36,54,0
2,35,36,55,0
2,35,36,56,0
2,35,36,57,0
2,35,36,58,0
2,35,36,59,0
2,35,36,60,0
2,35,36,61,0
2,35,36,62,0
2,35,36,63,0
2,35,36,64,0
2,35,36,65,0
2,35,36,66,0
2,35,36,67,0
2,35,36,68,0
2,35,36,69,0
2,35,36,70,0
2,35,36,71,0
2,35,36,72,0
2,35,36,73,0
2,35,36,74,0
2,35,36,75,0
2,35,36,76,0
2,35,36,77,0
2,35,36,78,0
2,35,36,79,0
2,35,36,80,0
2,35,36,81,0
2,35,36,82,0
2,35,36,83,0
2,35,36,84,0
2,35,36,85,0
2,35,36,86,0
2,35,36,87,0
2,35,36,88,0
2,35,36,89,0
2,35,36,90,0
2,35,36,91,0
2,35,36,92,0
2,35,36,93,0
2,35,36,94,0
2,35,36,95,0
2,35,36,96,0
2,35,36,97,0
2,35,36,98,0
2,35,36,99,0
2,35,36,100,0
2,35,36,101,0
2,35,36,102,0
2,35,36,103,0
2,35,37,0,0
2,35,37,1,0
2,35,37,2,0
2,35,37,3,0
2,35,37,4,2
2,35,37,5,328
2,35,37,6,14254
2,35,37,7,337132
2,35,37,8,5951500
2,35,37,9,86577760
2,35,37,10,1064864726
2,35,37,11,11301880044
2,35,37,12,104969827778
2,35,37,13,859900691736
2,35,37,14,6245395131442
2,35,37,15,40341818551620
2,35,37,16,232078079034986
2,35,37,17,1189105089255624
2,35,37,18,5420512551359178
2,35,37,19,21937147507324276
2,35,37,20,78584577183516232
2,35,37,21,248238712540784788
2,35,37,22,688420461310558688
2,35,37,23,1667886256225443728
2,35,37,24,3512287199218793838
2,35,37,25,6396621866402619496
2,35,37,26,10029522379072595244
2,35,37,27,13489225944890179400
2,35,37,28,15524249568485251766
2,35,37,29,15273329782403350256
2,35,37,30,12853739550854227628
2,35,37,31,9273326825216118632
2,35,37,32,5755213394022174936
2,35,37,33,3086371167183773744
2,35,37,34,1437495162638262060
2,35,37,35,584598095503880776
2,35,37,36,208686674153855178
2,35,37,37,65716638374070648
2,35,37,38,18337491583887090
2,35,37,39,4551532265574180
2,35,37,40,1008065561771558
2,35,37,41,199690084201048
2,35,37,42,35433709925590
2,35,37,43,5635740519836
2,35,37,44,803082587528
2,35,37,45,102391135512
2,35,37,46,11642153986
2,35,37,47,1177097716
2,35,37,48,104479336
2,35,37,49,8227936
2,35,37,50,537870
2,35,37,51,31948
2,35,37,52,1314
2,35,37,53,68
2,35,37,54,0
2,35,37,55,0
2,35,37,56,0
2,35,37,57,0
2,35,37,58,0
2,35,37,59,0
2,35,37,60,0
2,35,37,61,0
2,35,37,62,0
2,35,37,63,0
2,35,37,64,0
2,35,37,65,0
2,35,37,66,0
2,35,37,67,0
2,35,37,68,0
2,35,37,69,0
2,35,37,70,0
2,35,37,71,0
2,35,37,72,0
2,35,37,73,0
2,35,37,74,0
2,35,37,75,0
2,35,37,76,0
2,35,37,77,0
2,35,37,78,0
2,35,37,79,0
2,35,37,80,0
2,35,37,81,0
2,35,37,82,0
2,35,37,83,0
2,35,37,84,0
2,35,37,85,0
2,35,37,86,0
2,35,37,87,0
2,35,37,88,0
2,35,37,89,0
2,35,37,90,0
2,35,37,91,0
2,35,37,92,0
2,35,37,93,0
2,35,37,94,0
2,35,37,95,0
2,35,37,96,0
2,35,37,97,0
2,35,37,98,0
2,35,37,99,0
2,35,37,100,0
2,35,37,101,0
2,35,37,102,0
2,35,37,103,0
2,35,38,0,0
2,35,38,1,0
2,35,38,2,0
2,35,38,3,0
2,35,38,4,0
2,35,38,5,0
2,35,38,6,0
2,35,38,7,128
2,35,38,8,12144
2,35,38,9,418596
2,35,38,10,8703496
2,35,38,11,136520520
2,35,38,12,1752178432
2,35,38,13,18992161944
2,35,38,14,177430899696
2,35,38,15,1447189437232
2,35,38,16,10383914403480
2,35,38,17,65848167342960
2,35,38,18,369928589957832
2,35,38,19,1842343699052768
2,35,38,20,8128104312287784
2,35,38,21,31706835498397500
2,35,38,22,109045152112478832
2,35,38,23,329406142108841145
2,35,38,24,870215706796722440
2,35,38,25,2000808878059981452
2,35,38,26,3984042347837796720
2,35,38,27,6838098274300016728
2,35,38,28,10075423743594689448
2,35,38,29,12704940900621946932
2,35,38,30,13687107189715359792
2,35,38,31,12595058756043781920
2,35,38,32,9913938490152976464
2,35,38,33,6694054312038997624
2,35,38,34,3892988724651634816
2,35,38,35,1959485490233681664
2,35,38,36,858174216212203840
2,35,38,37,328802996013624888
2,35,38,38,110787708038517936
2,35,38,39,32986146371097684
2,35,38,40,8715589544857320
2,35,38,41,2050849404890640
2,35,38,42,430984032899112
2,35,38,43,81049281521888
2,35,38,44,13654551330552
2,35,38,45,2061277017716
2,35,38,46,278542673120
2,35,38,47,33637468368
2,35,38,48,3610382880
2,35,38,49,344786700
2,35,38,50,28500696
2,35,38,51,2125520
2,35,38,52,121424
2,35,38,53,7872
2,35,38,54,128
2,35,38,55,17
2,35,38,56,0
2,35,38,57,0
2,35,38,58,0
2,35,38,59,0
2,35,38,60,0
2,35,38,61,0
2,35,38,62,0
2,35,38,63,0
2,35,38,64,0
2,35,38,65,0
2,35,38,66,0
2,35,38,67,0
2,35,38,68,0
2,35,38,69,0
2,35,38,70,0
2,35,38,71,0
2,35,38,72,0
2,35,38,73,0
2,35,38,74,0
2,35,38,75,0
2,35,38,76,0
2,35,38,77,0
2,35,38,78,0
2,35,38,79,0
2,35,38,80,0
2,35,38,81,0
2,35,38,82,0
2,35,38,83,0
2,35,38,84,0
2,35,38,85,0
2,35,38,86,0
2,35,38,87,0
2,35,38,88,0
2,35,38,89,0
2,35,38,90,0
2,35,38,91,0
2,35,38,92,0
2,35,38,93,0
2,35,38,94,0
2,35,38,95,0
2,35,38,96,0
2,35,38,97,0
2,35,38,98,0
2,35,38,99,0
2,35,38,100,0
2,35,38,101,0
2,35,38,102,0
2,35,38,103,0
2,35,39,0,0
2,35,39,1,0
2,35,39,2,0
2,35,39,3,0
2,35,39,4,0
2,35,39,5,0
2,35,39,6,0
2,35,39,7,0
2,35,39,8,0
2,35,39,9,0
2,35,39,10,3846
2,35,39,11,273048
2,35,39,12,8029942
2,35,39,13,149538744
2,35,39,14,2110452890
2,35,39,15,24255748508
2,35,39,16,234650438838
2,35,39,17,1949424861848
2,35,39,18,14079691559586
2,35,39,19,89048923015260
2,35,39,20,495218073455100
2,35,39,21,2425920909601184
2,35,39,22,10468238195475054
2,35,39,23,39735269355661320
2,35,39,24,132333145098832602
2,35,39,25,385327877404516584
2,35,39,26,976880033420178400
2,35,39,27,2146364636263889372
2,35,39,28,4068091396862743494
2,35,39,29,6622456044162328040
2,35,39,30,9226349070922418812
2,35,39,31,10973843689206773916
2,35,39,32,11131783748676540504
2,35,39,33,9635956208248997808
2,35,39,34,7133006501609590020
2,35,39,35,4531223161930563152
2,35,39,36,2481403291243256768
2,35,39,37,1177565318118332880
2,35,39,38,486937078474744460
2,35,39,39,176415806398236560
2,35,39,40,56288815957825326
2,35,39,41,15891007178409432
2,35,39,42,3985410728189802
2,35,39,43,890878880697372
2,35,39,44,177940353366828
2,35,39,45,31809120485440
2,35,39,46,5093073439746
2,35,39,47,730133744056
2,35,39,48,93598423320
2,35,39,49,10695421728
2,35,39,50,1086229122
2,35,39,51,96823320
2,35,39,52,7651986
2,35,39,53,502312
2,35,39,54,29890
2,35,39,55,1236
2,35,39,56,64
2,35,39,57,0
2,35,39,58,0
2,35,39,59,0
2,35,39,60,0
2,35,39,61,0
2,35,39,62,0
2,35,39,63,0
2,35,39,64,0
2,35,39,65,0
2,35,39,66,0
2,35,39,67,0
2,35,39,68,0
2,35,39,69,0
2,35,39,70,0
2,35,39,71,0
2,35,39,72,0
2,35,39,73,0
2,35,39,74,0
2,35,39,75,0
2,35,39,76,0
2,35,39,77,0
2,35,39,78,0
2,35,39,79,0
2,35,39,80,0
2,35,39,81,0
2,35,39,82,0
2,35,39,83,0
2,35,39,84,0
2,35,39,85,0
2,35,39,86,0
2,35,39,87,0
2,35,39,88,0
2,35,39,89,0
2,35,39,90,0
2,35,39,91,0
2,35,39,92,0
2,35,39,93,0
2,35,39,94,0
2,35,39,95,0
2,35,39,96,0
2,35,39,97,0
2,35,39,98,0
2,35,39,99,0
2,35,39,100,0
2,35,39,101,0
2,35,39,102,0
2,35,39,103,0
2,35,40,0,0
2,35,40,1,0
2,35,40,2,0
2,35,40,3,0
2,35,40,4,0
2,35,40,5,0
2,35,40,6,0
2,35,40,7,0
2,35,40,8,0
2,35,40,9,0
2,35,40,10,0
2,35,40,11,0
2,35,40,12,0
2,35,40,13,72160
2,35,40,14,4211692
2,35,40,15,109204312
2,35,40,16,1839333892
2,35,40,17,23502970496
2,35,40,18,243466446180
2,35,40,19,2113234330704
2,35,40,20,15673300542556
2,35,40,21,100504004357392
2,35,40,22,561017885233864
2,35,40,23,2735853963359512
2,35,40,24,11669562891720376
2,35,40,25,43510969572232472
2,35,40,26,141531205529526956
2,35,40,27,400379155478065056
2,35,40,28,981250727392773384
2,35,40,29,2074525657763118608
2,35,40,30,3767192607219248956
2,35,40,31,5853090660394800832
2,35,40,32,7757091533740030964
2,35,40,33,8753339001456055544
2,35,40,34,8407708047158132128
2,35,40,35,6882948487242635824
2,35,40,36,4816019255029062120
2,35,40,37,2891986382114826432
2,35,40,38,1497879217670601904
2,35,40,39,672879274839632032
2,35,40,40,263663495405624064
2,35,40,41,90618101681202232
2,35,40,42,27456957003630372
2,35,40,43,7367645549358432
2,35,40,44,1757541281227716
2,35,40,45,373855640409264
2,35,40,46,71069698646664
2,35,40,47,12089384657832
2,35,40,48,1840866492504
2,35,40,49,250701979600
2,35,40,50,30489672624
2,35,40,51,3293330032
2,35,40,52,316371836
2,35,40,53,26286560
2,35,40,54,1970532
2,35,40,55,113016
2,35,40,56,7364
2,35,40,57,120
2,35,40,58,16
2,35,40,59,0
2,35,40,60,0
2,35,40,61,0
2,35,40,62,0
2,35,40,63,0
2,35,40,64,0
2,35,40,65,0
2,35,40,66,0
2,35,40,67,0
2,35,40,68,0
2,35,40,69,0
2,35,40,70,0
2,35,40,71,0
2,35,40,72,0
2,35,40,73,0
2,35,40,74,0
2,35,40,75,0
2,35,40,76,0
2,35,40,77,0
2,35,40,78,0
2,35,40,79,0
2,35,40,80,0
2,35,40,81,0
2,35,40,82,0
2,35,40,83,0
2,35,40,84,0
2,35,40,85,0
2,35,40,86,0
2,35,40,87,0
2,35,40,88,0
2,35,40,89,0
2,35,40,90,0
2,35,40,91,0
2,35,40,92,0
2,35,40,93,0
2,35,40,94,0
2,35,40,95,0
2,35,40,96,0
2,35,40,97,0
2,35,40,98,0
2,35,40,99,0
2,35,40,100,0
2,35,40,101,0
2,35,40,102,0
2,35,40,103,0
2,35,41,0,0
2,35,41,1,0
2,35,41,2,0
2,35,41,3,0
2,35,41,4,0
2,35,41,5,0
2,35,41,6,0
2,35,41,7,0
2,35,41,8,0
2,35,41,9,0
2,35,41,10,0
2,35,41,11,0
2,35,41,12,0
2,35,41,13,0
2,35,41,14,0
2,35,41,15,0
2,35,41,16,948650
2,35,41,17,47616024
2,35,41,18,1106688974
2,35,41,19,16938906772
2,35,41,20,196454065752
2,35,41,21,1838027392152
2,35,41,22,14330661970814
2,35,41,23,94902631384716
2,35,41,24,539844618372804
2,35,41,25,2654488978350392
2,35,41,26,11316846552384600
2,35,41,27,41857596844769816
2,35,41,28,134160877810070152
2,35,41,29,371713382068501272
2,35,41,30,887275986778561522
2,35,41,31,1817644713516345572
2,35,41,32,3183341661648355134
2,35,41,33,4750150923847611504
2,35,41,34,6024357335439034378
2,35,41,35,6486236388661514148
2,35,41,36,5931000421066650148
2,35,41,37,4615189700663000080
2,35,41,38,3066840350766305400
2,35,41,39,1748478471615021264
2,35,41,40,859945934883877534
2,35,41,41,367000927184782344
2,35,41,42,136709464572549484
2,35,41,43,44698282038943632
2,35,41,44,12892793663326608
2,35,41,45,3295195784555400
2,35,41,46,748988612873462
2,35,41,47,151826536323564
2,35,41,48,27499519893906
2,35,41,49,4454874982048
2,35,41,50,645371697300
2,35,41,51,83513989352
2,35,41,52,9624893960
2,35,41,53,984974544
2,35,41,54,88435352
2,35,41,55,7029872
2,35,41,56,464892
2,35,41,57,27728
2,35,41,58,1158
2,35,41,59,60
2,35,41,60,0
2,35,41,61,0
2,35,41,62,0
2,35,41,63,0
2,35,41,64,0
2,35,41,65,0
2,35,41,66,0
2,35,41,67,0
2,35,41,68,0
2,35,41,69,0
2,35,41,70,0
2,35,41,71,0
2,35,41,72,0
2,35,41,73,0
2,35,41,74,0
2,35,41,75,0
2,35,41,76,0
2,35,41,77,0
2,35,41,78,0
2,35,41,79,0
2,35,41,80,0
2,35,41,81,0
2,35,41,82,0
2,35,41,83,0
2,35,41,84,0
2,35,41,85,0
2,35,41,86,0
2,35,41,87,0
2,35,41,88,0
2,35,41,89,0
2,35,41,90,0
2,35,41,91,0
2,35,41,92,0
2,35,41,93,0
2,35,41,94,0
2,35,41,95,0
2,35,41,96,0
2,35,41,97,0
2,35,41,98,0
2,35,41,99,0
2,35,41,100,0
2,35,41,101,0
2,35,41,102,0
2,35,41,103,0
2,35,42,0,0
2,35,42,1,0
2,35,42,2,0
2,35,42,3,0
2,35,42,4,0
2,35,42,5,0
2,35,42,6,0
2,35,42,7,0
2,35,42,8,0
2,35,42,9,0
2,35,42,10,0
2,35,42,11,0
2,35,42,12,0
2,35,42,13,0
2,35,42,14,0
2,35,42,15,0
2,35,42,16,0
2,35,42,17,0
2,35,42,18,0
2,35,42,19,9296112
2,35,42,20,411062248
2,35,42,21,8635885132
2,35,42,22,120307236336
2,35,42,23,1266344188536
2,35,42,24,10693546206672
2,35,42,25,74782456442352
2,35,42,26,441160759532088
2,35,42,27,2218972039337368
2,35,42,28,9571307764836000
2,35,42,29,35491565069349796
2,35,42,30,113151715385336960
2,35,42,31,309670688951612712
2,35,42,32,725569931161662176
2,35,42,33,1450710414681087536
2,35,42,34,2466967996929146952
2,35,42,35,3557925170983829880
2,35,42,36,4343853390255219832
2,35,42,37,4487329297891986234
2,35,42,38,3926590856590135664
2,35,42,39,2918350932607091160
2,35,42,40,1849920138434645208
2,35,42,41,1005395186889611640
2,35,42,42,471257945475897032
2,35,42,43,191690341390422432
2,35,42,44,68075977804384352
2,35,42,45,21227406183209446
2,35,42,46,5841203311572480
2,35,42,47,1424555639580168
2,35,42,48,308982538629496
2,35,42,49,59756936684364
2,35,42,50,10321376365920
2,35,42,51,1593170330512
2,35,42,52,219622045968
2,35,42,53,27003922591
2,35,42,54,2945513112
2,35,42,55,285536820
2,35,42,56,23912800
2,35,42,57,1806566
2,35,42,58,104256
2,35,42,59,6844
2,35,42,60,112
2,35,42,61,15
2,35,42,62,0
2,35,42,63,0
2,35,42,64,0
2,35,42,65,0
2,35,42,66,0
2,35,42,67,0
2,35,42,68,0
2,35,42,69,0
2,35,42,70,0
2,35,42,71,0
2,35,42,72,0
2,35,42,73,0
2,35,42,74,0
2,35,42,75,0
2,35,42,76,0
2,35,42,77,0
2,35,42,78,0
2,35,42,79,0
2,35,42,80,0
2,35,42,81,0
2,35,42,82,0
2,35,42,83,0
2,35,42,84,0
2,35,42,85,0
2,35,42,86,0
2,35,42,87,0
2,35,42,88,0
2,35,42,89,0
2,35,42,90,0
2,35,42,91,0
2,35,42,92,0
2,35,42,93,0
2,35,42,94,0
2,35,42,95,0
2,35,42,96,0
2,35,42,97,0
2,35,42,98,0
2,35,42,99,0
2,35,42,100,0
2,35,42,101,0
2,35,42,102,0
2,35,42,103,0
2,35,43,0,0
2,35,43,1,0
2,35,43,2,0
2,35,43,3,0
2,35,43,4,0
2,35,43,5,0
2,35,43,6,0
2,35,43,7,0
2,35,43,8,0
2,35,43,9,0
2,35,43,10,0
2,35,43,11,0
2,35,43,12,0
2,35,43,13,0
2,35,43,14,0
2,35,43,15,0
2,35,43,16,0
2,35,43,17,0
2,35,43,18,0
2,35,43,19,0
2,35,43,20,0
2,35,43,21,0
2,35,43,22,70534478
2,35,43,23,2784675880
2,35,43,24,53077290070
2,35,43,25,672601394208
2,35,43,26,6413216614710
2,35,43,27,48752734867076
2,35,43,28,304779017320686
2,35,43,29,1595017526755224
2,35,43,30,7058701052688732
2,35,43,31,26554074348339260
2,35,43,32,85082012727706654
2,35,43,33,232128083502913440
2,35,43,34,538332526794916410
2,35,43,35,1058557721538256420
2,35,43,36,1760199483702634670
2,35,43,37,2469643059508285224
2,35,43,38,2920163321667618690
2,35,43,39,2910498986503633020
2,35,43,40,2449655684565817490
2,35,43,41,1747058645861908200
2,35,43,42,1060872758722108704
2,35,43,43,551695484552010820
2,35,43,44,247279399948586710
2,35,43,45,96151647694976536
2,35,43,46,32638447567901940
2,35,43,47,9727580573743204
2,35,43,48,2558430577575504
2,35,43,49,596303961777016
2,35,43,50,123573453486910
2,35,43,51,22822481233720
2,35,43,52,3761575053260
2,35,43,53,553376516864
2,35,43,54,72597987226
2,35,43,55,8471215812
2,35,43,56,876484370
2,35,43,57,79521000
2,35,43,58,6373660
2,35,43,59,426060
2,35,43,60,25486
2,35,43,61,1080
2,35,43,62,56
2,35,43,63,0
2,35,43,64,0
2,35,43,65,0
2,35,43,66,0
2,35,43,67,0
2,35,43,68,0
2,35,43,69,0
2,35,43,70,0
2,35,43,71,0
2,35,43,72,0
2,35,43,73,0
2,35,43,74,0
2,35,43,75,0
2,35,43,76,0
2,35,43,77,0
2,35,43,78,0
2,35,43,79,0
2,35,43,80,0
2,35,43,81,0
2,35,43,82,0
2,35,43,83,0
2,35,43,84,0
2,35,43,85,0
2,35,43,86,0
2,35,43,87,0
2,35,43,88,0
2,35,43,89,0
2,35,43,90,0
2,35,43,91,0
2,35,43,92,0
2,35,43,93,0
2,35,43,94,0
2,35,43,95,0
2,35,43,96,0
2,35,43,97,0
2,35,43,98,0
2,35,43,99,0
2,35,43,100,0
2,35,43,101,0
2,35,43,102,0
2,35,43,103,0
2,35,44,0,0
2,35,44,1,0
2,35,44,2,0
2,35,44,3,0
2,35,44,4,0
2,35,44,5,0
2,35,44,6,0
2,35,44,7,0
2,35,44,8,0
2,35,44,9,0
2,35,44,10,0
2,35,44,11,0
2,35,44,12,0
2,35,44,13,0
2,35,44,14,0
2,35,44,15,0
2,35,44,16,0
2,35,44,17,0
2,35,44,18,0
2,35,44,19,0
2,35,44,20,0
2,35,44,21,0
2,35,44,22,0
2,35,44,23,0
2,35,44,24,0
2,35,44,25,425000576
2,35,44,26,15088045140
2,35,44,27,261107949088
2,35,44,28,3003106467996
2,35,44,29,25852736608080
2,35,44,30,176209567302420
2,35,44,31,980050034300952
2,35,44,32,4524880746777540
2,35,44,33,17508080859374584
2,35,44,34,57041889589401684
2,35,44,35,156735282505193760
2,35,44,36,363060446651725100
2,35,44,37,707890814497766272
2,35,44,38,1159627426731306006
2,35,44,39,1593629045723952552
2,35,44,40,1836329122590169880
2,35,44,41,1775843308545982200
2,35,44,42,1444966900816614888
2,35,44,43,993379963106211424
2,35,44,44,580184282606228748
2,35,44,45,289735507464887712
2,35,44,46,124569348207170110
2,35,44,47,46428323552483256
2,35,44,48,15098898597891712
2,35,44,49,4309728075329560
2,35,44,50,1085167003166784
2,35,44,51,242038545834288
2,35,44,52,47972494050808
2,35,44,53,8467053377328
2,35,44,54,1332212235367
2,35,44,55,186800761688
2,35,44,56,23321354838
2,35,44,57,2578608848
2,35,44,58,253113606
2,35,44,59,21430200
2,35,44,60,1636172
2,35,44,61,95240
2,35,44,62,6315
2,35,44,63,104
2,35,44,64,14
2,35,44,65,0
2,35,44,66,0
2,35,44,67,0
2,35,44,68,0
2,35,44,69,0
2,35,44,70,0
2,35,44,71,0
2,35,44,72,0
2,35,44,73,0
2,35,44,74,0
2,35,44,75,0
2,35,44,76,0
2,35,44,77,0
2,35,44,78,0
2,35,44,79,0
2,35,44,80,0
2,35,44,81,0
2,35,44,82,0
2,35,44,83,0
2,35,44,84,0
2,35,44,85,0
2,35,44,86,0
2,35,44,87,0
2,35,44,88,0
2,35,44,89,0
2,35,44,90,0
2,35,44,91,0
2,35,44,92,0
2,35,44,93,0
2,35,44,94,0
2,35,44,95,0
2,35,44,96,0
2,35,44,97,0
2,35,44,98,0
2,35,44,99,0
2,35,44,100,0
2,35,44,101,0
2,35,44,102,0
2,35,44,103,0
2,35,45,0,0
2,35,45,1,0
2,35,45,2,0
2,35,45,3,0
2,35,45,4,0
2,35,45,5,0
2,35,45,6,0
2,35,45,7,0
2,35,45,8,0
2,35,45,9,0
2,35,45,10,0
2,35,45,11,0
2,35,45,12,0
2,35,45,13,0
2,35,45,14,0
2,35,45,15,0
2,35,45,16,0
2,35,45,17,0
2,35,45,18,0
2,35,45,19,0
2,35,45,20,0
2,35,45,21,0
2,35,45,22,0
2,35,45,23,0
2,35,45,24,0
2,35,45,25,0
2,35,45,26,0
2,35,45,27,0
2,35,45,28,2069818002
2,35,45,29,66287782568
2,35,45,30,1040162490862
2,35,45,31,10820334251772
2,35,45,32,83725307918436
2,35,45,33,509009311022096
2,35,45,34,2503852831722822
2,35,45,35,10131390997258892
2,35,45,36,34025863770527038
2,35,45,37,95261410438502424
2,35,45,38,222650978711170918
2,35,45,39,434354006734597324
2,35,45,40,706645660109456934
2,35,45,41,958105624627562976
2,35,45,42,1082904127665863806
2,35,45,43,1022014353438945612
2,35,45,44,808085602750710696
2,35,45,45,537936679696402360
2,35,45,46,303380284106443326
2,35,45,47,145983974134846620
2,35,45,48,60382545882377594
2,35,45,49,21625983783837216
2,35,45,50,6752264536473302
2,35,45,51,1849062008849884
2,35,45,52,446377126909842
2,35,45,53,95384752906272
2,35,45,54,18096421509588
2,35,45,55,3054062757000
2,35,45,56,458805930608
2,35,45,57,61319719676
2,35,45,58,7275851730
2,35,45,59,763967764
2,35,45,60,70288748
2,35,45,61,5695536
2,35,45,62,386266
2,35,45,63,23188
2,35,45,64,1002
2,35,45,65,52
2,35,45,66,0
2,35,45,67,0
2,35,45,68,0
2,35,45,69,0
2,35,45,70,0
2,35,45,71,0
2,35,45,72,0
2,35,45,73,0
2,35,45,74,0
2,35,45,75,0
2,35,45,76,0
2,35,45,77,0
2,35,45,78,0
2,35,45,79,0
2,35,45,80,0
2,35,45,81,0
2,35,45,82,0
2,35,45,83,0
2,35,45,84,0
2,35,45,85,0
2,35,45,86,0
2,35,45,87,0
2,35,45,88,0
2,35,45,89,0
2,35,45,90,0
2,35,45,91,0
2,35,45,92,0
2,35,45,93,0
2,35,45,94,0
2,35,45,95,0
2,35,45,96,0
2,35,45,97,0
2,35,45,98,0
2,35,45,99,0
2,35,45,100,0
2,35,45,101,0
2,35,45,102,0
2,35,45,103,0
2,35,46,0,0
2,35,46,1,0
2,35,46,2,0
2,35,46,3,0
2,35,46,4,0
2,35,46,5,0
2,35,46,6,0
2,35,46,7,0
2,35,46,8,0
2,35,46,9,0
2,35,46,10,0
2,35,46,11,0
2,35,46,12,0
2,35,46,13,0
2,35,46,14,0
2,35,46,15,0
2,35,46,16,0
2,35,46,17,0
2,35,46,18,0
2,35,46,19,0
2,35,46,20,0
2,35,46,21,0
2,35,46,22,0
2,35,46,23,0
2,35,46,24,0
2,35,46,25,0
2,35,46,26,0
2,35,46,27,0
2,35,46,28,0
2,35,46,29,0
2,35,46,30,0
2,35,46,31,8251811680
2,35,46,32,238521353504
2,35,46,33,3384113872628
2,35,46,34,31696374240984
2,35,46,35,219256578273000
2,35,46,36,1181681670196416
2,35,46,37,5105987291312424
2,35,46,38,17971959473272768
2,35,46,39,51972062296944384
2,35,46,40,123999080627517912
2,35,46,41,244486334281466840
2,35,46,42,398545481622072296
2,35,46,43,537336111156136870
2,35,46,44,599859935512994056
2,35,46,45,555871486192103908
2,35,46,46,429361401286341200
2,35,46,47,278033928582900308
2,35,46,48,152005000532830472
2,35,46,49,70713290921705560
2,35,46,50,28217807470802680
2,35,46,51,9734253966664110
2,35,46,52,2923719968163368
2,35,46,53,769358675764620
2,35,46,54,178291919099840
2,35,46,55,36535438040308
2,35,46,56,6639268045456
2,35,46,57,1071766911520
2,35,46,58,153724834896
2,35,46,59,19583069317
2,35,46,60,2204341712
2,35,46,61,219939072
2,35,46,62,18889832
2,35,46,63,1461906
2,35,46,64,86064
2,35,46,65,5780
2,35,46,66,96
2,35,46,67,13
2,35,46,68,0
2,35,46,69,0
2,35,46,70,0
2,35,46,71,0
2,35,46,72,0
2,35,46,73,0
2,35,46,74,0
2,35,46,75,0
2,35,46,76,0
2,35,46,77,0
2,35,46,78,0
2,35,46,79,0
2,35,46,80,0
2,35,46,81,0
2,35,46,82,0
2,35,46,83,0
2,35,46,84,0
2,35,46,85,0
2,35,46,86,0
2,35,46,87,0
2,35,46,88,0
2,35,46,89,0
2,35,46,90,0
2,35,46,91,0
2,35,46,92,0
2,35,46,93,0
2,35,46,94,0
2,35,46,95,0
2,35,46,96,0
2,35,46,97,0
2,35,46,98,0
2,35,46,99,0
2,35,46,100,0
2,35,46,101,0
2,35,46,102,0
2,35,46,103,0
2,35,47,0,0
2,35,47,1,0
2,35,47,2,0
2,35,47,3,0
2,35,47,4,0
2,35,47,5,0
2,35,47,6,0
2,35,47,7,0
2,35,47,8,0
2,35,47,9,0
2,35,47,10,0
2,35,47,11,0
2,35,47,12,0
2,35,47,13,0
2,35,47,14,0
2,35,47,15,0
2,35,47,16,0
2,35,47,17,0
2,35,47,18,0
2,35,47,19,0
2,35,47,20,0
2,35,47,21,0
2,35,47,22,0
2,35,47,23,0
2,35,47,24,0
2,35,47,25,0
2,35,47,26,0
2,35,47,27,0
2,35,47,28,0
2,35,47,29,0
2,35,47,30,0
2,35,47,31,0
2,35,47,32,0
2,35,47,33,0
2,35,47,34,27182654422
2,35,47,35,708142516728
2,35,47,36,9047824637238
2,35,47,37,75890680598344
2,35,47,38,466389769345938
2,35,47,39,2212899126557548
2,35,47,40,8335737740822982
2,35,47,41,25315644401259576
2,35,47,42,62505862685121438
2,35,47,43,126012662595991900
2,35,47,44,207899298274133256
2,35,47,45,281164166859420624
2,35,47,46,312375480893821530
2,35,47,47,286084982494077792
2,35,47,48,217078117770854970
2,35,47,49,137386096792930296
2,35,47,50,73101548519126766
2,35,47,51,32985779193480292
2,35,47,52,12733538940441480
2,35,47,53,4240493914223760
2,35,47,54,1227435667009594
2,35,47,55,310821439798848
2,35,47,56,69223273076640
2,35,47,57,13613812397616
2,35,47,58,2370823431348
2,35,47,59,366128697888
2,35,47,60,50136228392
2,35,47,61,6079627936
2,35,47,62,650610486
2,35,47,63,60946496
2,35,47,64,5007686
2,35,47,65,345960
2,35,47,66,20858
2,35,47,67,924
2,35,47,68,48
2,35,47,69,0
2,35,47,70,0
2,35,47,71,0
2,35,47,72,0
2,35,47,73,0
2,35,47,74,0
2,35,47,75,0
2,35,47,76,0
2,35,47,77,0
2,35,47,78,0
2,35,47,79,0
2,35,47,80,0
2,35,47,81,0
2,35,47,82,0
2,35,47,83,0
2,35,47,84,0
2,35,47,85,0
2,35,47,86,0
2,35,47,87,0
2,35,47,88,0
2,35,47,89,0
2,35,47,90,0
2,35,47,91,0
2,35,47,92,0
2,35,47,93,0
2,35,47,94,0
2,35,47,95,0
2,35,47,96,0
2,35,47,97,0
2,35,47,98,0
2,35,47,99,0
2,35,47,100,0
2,35,47,101,0
2,35,47,102,0
2,35,47,103,0
2,35,48,0,0
2,35,48,1,0
2,35,48,2,0
2,35,48,3,0
2,35,48,4,0
2,35,48,5,0
2,35,48,6,0
2,35,48,7,0
2,35,48,8,0
2,35,48,9,0
2,35,48,10,0
2,35,48,11,0
2,35,48,12,0
2,35,48,13,0
2,35,48,14,0
2,35,48,15,0
2,35,48,16,0
2,35,48,17,0
2,35,48,18,0
2,35,48,19,0
2,35,48,20,0
2,35,48,21,0
2,35,48,22,0
2,35,48,23,0
2,35,48,24,0
2,35,48,25,0
2,35,48,26,0
2,35,48,27,0
2,35,48,28,0
2,35,48,29,0
2,35,48,30,0
2,35,48,31,0
2,35,48,32,0
2,35,48,33,0
2,35,48,34,0
2,35,48,35,0
2,35,48,36,0
2,35,48,37,74501171808
2,35,48,38,1744118462652
2,35,48,39,19968356387688
2,35,48,40,149069827305972
2,35,48,41,808255604720480
2,35,48,42,3350562939383972
2,35,48,43,10913107785556416
2,35,48,44,28352650707691884
2,35,48,45,59251486492692288
2,35,48,46,100086705518254080
2,35,48,47,137122727223859608
2,35,48,48,152898699211661614
2,35,48,49,139388431677552216
2,35,48,50,104528201996628180
2,35,48,51,64980208496203680
2,35,48,52,33788534415163392
2,35,48,53,14838044789841920
2,35,48,54,5556121241383160
2,35,48,55,1790057749328568
2,35,48,56,500201013629915
2,35,48,57,122053285339648
2,35,48,58,26148949845336
2,35,48,59,4938661415184
2,35,48,60,824496337644
2,35,48,61,121794140400
2,35,48,62,15924490648
2,35,48,63,1834128160
2,35,48,64,186837765
2,35,48,65,16342336
2,35,48,66,1286320
2,35,48,67,76824
2,35,48,68,5242
2,35,48,69,88
2,35,48,70,12
2,35,48,71,0
2,35,48,72,0
2,35,48,73,0
2,35,48,74,0
2,35,48,75,0
2,35,48,76,0
2,35,48,77,0
2,35,48,78,0
2,35,48,79,0
2,35,48,80,0
2,35,48,81,0
2,35,48,82,0
2,35,48,83,0
2,35,48,84,0
2,35,48,85,0
2,35,48,86,0
2,35,48,87,0
2,35,48,88,0
2,35,48,89,0
2,35,48,90,0
2,35,48,91,0
2,35,48,92,0
2,35,48,93,0
2,35,48,94,0
2,35,48,95,0
2,35,48,96,0
2,35,48,97,0
2,35,48,98,0
2,35,48,99,0
2,35,48,100,0
2,35,48,101,0
2,35,48,102,0
2,35,48,103,0
2,35,49,0,0
2,35,49,1,0
2,35,49,2,0
2,35,49,3,0
2,35,49,4,0
2,35,49,5,0
2,35,49,6,0
2,35,49,7,0
2,35,49,8,0
2,35,49,9,0
2,35,49,10,0
2,35,49,11,0
2,35,49,12,0
2,35,49,13,0
2,35,49,14,0
2,35,49,15,0
2,35,49,16,0
2,35,49,17,0
2,35,49,18,0
2,35,49,19,0
2,35,49,20,0
2,35,49,21,0
2,35,49,22,0
2,35,49,23,0
2,35,49,24,0
2,35,49,25,0
2,35,49,26,0
2,35,49,27,0
2,35,49,28,0
2,35,49,29,0
2,35,49,30,0
2,35,49,31,0
2,35,49,32,0
2,35,49,33,0
2,35,49,34,0
2,35,49,35,0
2,35,49,36,0
2,35,49,37,0
2,35,49,38,0
2,35,49,39,0
2,35,49,40,170763634106
2,35,49,41,3577817247224
2,35,49,42,36493075224590
2,35,49,43,240819373937700
2,35,49,44,1143289258081840
2,35,49,45,4106965941296712
2,35,49,46,11466594805243182
2,35,49,47,25258870150504044
2,35,49,48,44288231347827600
2,35,49,49,62176754945391032
2,35,49,50,70256144954829404
2,35,49,51,64270066868642528
2,35,49,52,47949988182993820
2,35,49,53,29437990992574504
2,35,49,54,15024173208275754
2,35,49,55,6443292273187716
2,35,49,56,2346722578200880
2,35,49,57,733012799809264
2,35,49,58,198059881722784
2,35,49,59,46626110144336
2,35,49,60,9617523877684
2,35,49,61,1745315458112
2,35,49,62,279373239296
2,35,49,63,39471650880
2,35,49,64,4921304298
2,35,49,65,539493272
2,35,49,66,51698060
2,35,49,67,4322176
2,35,49,68,305592
2,35,49,69,18520
2,35,49,70,846
2,35,49,71,44
2,35,49,72,0
2,35,49,73,0
2,35,49,74,0
2,35,49,75,0
2,35,49,76,0
2,35,49,77,0
2,35,49,78,0
2,35,49,79,0
2,35,49,80,0
2,35,49,81,0
2,35,49,82,0
2,35,49,83,0
2,35,49,84,0
2,35,49,85,0
2,35,49,86,0
2,35,49,87,0
2,35,49,88,0
2,35,49,89,0
2,35,49,90,0
2,35,49,91,0
2,35,49,92,0
2,35,49,93,0
2,35,49,94,0
2,35,49,95,0
2,35,49,96,0
2,35,49,97,0
2,35,49,98,0
2,35,49,99,0
2,35,49,100,0
2,35,49,101,0
2,35,49,102,0
2,35,49,103,0
2,35,50,0,0
2,35,50,1,0
2,35,50,2,0
2,35,50,3,0
2,35,50,4,0
2,35,50,5,0
2,35,50,6,0
2,35,50,7,0
2,35,50,8,0
2,35,50,9,0
2,35,50,10,0
2,35,50,11,0
2,35,50,12,0
2,35,50,13,0
2,35,50,14,0
2,35,50,15,0
2,35,50,16,0
2,35,50,17,0
2,35,50,18,0
2,35,50,19,0
2,35,50,20,0
2,35,50,21,0
2,35,50,22,0
2,35,50,23,0
2,35,50,24,0
2,35,50,25,0
2,35,50,26,0
2,35,50,27,0
2,35,50,28,0
2,35,50,29,0
2,35,50,30,0
2,35,50,31,0
2,35,50,32,0
2,35,50,33,0
2,35,50,34,0
2,35,50,35,0
2,35,50,36,0
2,35,50,37,0
2,35,50,38,0
2,35,50,39,0
2,35,50,40,0
2,35,50,41,0
2,35,50,42,0
2,35,50,43,328578611536
2,35,50,44,6130286526360
2,35,50,45,55344309159196
2,35,50,46,320443617449536
2,35,50,47,1321238528874648
2,35,50,48,4077171902695248
2,35,50,49,9669794787397440
2,35,50,50,17897028827992200
2,35,50,51,26101906203174696
2,35,50,52,30226748813469088
2,35,50,53,28005751668124692
2,35,50,54,20944665455973664
2,35,50,55,12775590471697384
2,35,50,56,6430071921710880
2,35,50,57,2702969405461881
2,35,50,58,960242616890080
2,35,50,59,291420374449224
2,35,50,60,76261426998112
2,35,50,61,17340627397712
2,35,50,62,3446299243152
2,35,50,63,601170071648
2,35,50,64,92250984440
2,35,50,65,12469950888
2,35,50,66,1478727912
2,35,50,67,154604696
2,35,50,68,13837200
2,35,50,69,1111952
2,35,50,70,67616
2,35,50,71,4704
2,35,50,72,80
2,35,50,73,11
2,35,50,74,0
2,35,50,75,0
2,35,50,76,0
2,35,50,77,0
2,35,50,78,0
2,35,50,79,0
2,35,50,80,0
2,35,50,81,0
2,35,50,82,0
2,35,50,83,0
2,35,50,84,0
2,35,50,85,0
2,35,50,86,0
2,35,50,87,0
2,35,50,88,0
2,35,50,89,0
2,35,50,90,0
2,35,50,91,0
2,35,50,92,0
2,35,50,93,0
2,35,50,94,0
2,35,50,95,0
2,35,50,96,0
2,35,50,97,0
2,35,50,98,0
2,35,50,99,0
2,35,50,100,0
2,35,50,101,0
2,35,50,102,0
2,35,50,103,0
2,35,51,0,0
2,35,51,1,0
2,35,51,2,0
2,35,51,3,0
2,35,51,4,0
2,35,51,5,0
2,35,51,6,0
2,35,51,7,0
2,35,51,8,0
2,35,51,9,0
2,35,51,10,0
2,35,51,11,0
2,35,51,12,0
2,35,51,13,0
2,35,51,14,0
2,35,51,15,0
2,35,51,16,0
2,35,51,17,0
2,35,51,18,0
2,35,51,19,0
2,35,51,20,0
2,35,51,21,0
2,35,51,22,0
2,35,51,23,0
2,35,51,24,0
2,35,51,25,0
2,35,51,26,0
2,35,51,27,0
2,35,51,28,0
2,35,51,29,0
2,35,51,30,0
2,35,51,31,0
2,35,51,32,0
2,35,51,33,0
2,35,51,34,0
2,35,51,35,0
2,35,51,36,0
2,35,51,37,0
2,35,51,38,0
2,35,51,39,0
2,35,51,40,0
2,35,51,41,0
2,35,51,42,0
2,35,51,43,0
2,35,51,44,0
2,35,51,45,0
2,35,51,46,532225891230
2,35,51,47,8790416242952
2,35,51,48,69742092252054
2,35,51,49,351466878776112
2,35,51,50,1247677496849070
2,35,51,51,3277193298317268
2,35,51,52,6540619109849406
2,35,51,53,10078035051544056
2,35,51,54,12124325274591688
2,35,51,55,11503040677340604
2,35,51,56,8699545369648490
2,35,51,57,5308647803560368
2,35,51,58,2648954968105896
2,35,51,59,1095858627601920
2,35,51,60,380876997710084
2,35,51,61,112557298696848
2,35,51,62,28572868871336
2,35,51,63,6282179271352
2,35,51,64,1203746838798
2,35,51,65,201902768680
2,35,51,66,29697967272
2,35,51,67,3836201580
2,35,51,68,433511334
2,35,51,69,42739672
2,35,51,70,3650832
2,35,51,71,265612
2,35,51,72,16198
2,35,51,73,768
2,35,51,74,40
2,35,51,75,0
2,35,51,76,0
2,35,51,77,0
2,35,51,78,0
2,35,51,79,0
2,35,51,80,0
2,35,51,81,0
2,35,51,82,0
2,35,51,83,0
2,35,51,84,0
2,35,51,85,0
2,35,51,86,0
2,35,51,87,0
2,35,51,88,0
2,35,51,89,0
2,35,51,90,0
2,35,51,91,0
2,35,51,92,0
2,35,51,93,0
2,35,51,94,0
2,35,51,95,0
2,35,51,96,0
2,35,51,97,0
2,35,51,98,0
2,35,51,99,0
2,35,51,100,0
2,35,51,101,0
2,35,51,102,0
2,35,51,103,0
2,35,52,0,0
2,35,52,1,0
2,35,52,2,0
2,35,52,3,0
2,35,52,4,0
2,35,52,5,0
2,35,52,6,0
2,35,52,7,0
2,35,52,8,0
2,35,52,9,0
2,35,52,10,0
2,35,52,11,0
2,35,52,12,0
2,35,52,13,0
2,35,52,14,0
2,35,52,15,0
2,35,52,16,0
2,35,52,17,0
2,35,52,18,0
2,35,52,19,0
2,35,52,20,0
2,35,52,21,0
2,35,52,22,0
2,35,52,23,0
2,35,52,24,0
2,35,52,25,0
2,35,52,26,0
2,35,52,27,0
2,35,52,28,0
2,35,52,29,0
2,35,52,30,0
2,35,52,31,0
2,35,52,32,0
2,35,52,33,0
2,35,52,34,0
2,35,52,35,0
2,35,52,36,0
2,35,52,37,0
2,35,52,38,0
2,35,52,39,0
2,35,52,40,0
2,35,52,41,0
2,35,52,42,0
2,35,52,43,0
2,35,52,44,0
2,35,52,45,0
2,35,52,46,0
2,35,52,47,0
2,35,52,48,0
2,35,52,49,727126954496
2,35,52,50,10561675356324
2,35,52,51,73069851008304
2,35,52,52,317761437916812
2,35,52,53,962256819159984
2,35,52,54,2130647182816916
2,35,52,55,3543751330014024
2,35,52,56,4504262710272852
2,35,52,57,4434864583337256
2,35,52,58,3427543510587275
2,35,52,59,2109452796489000
2,35,52,60,1049956687633350
2,35,52,61,429405045673888
2,35,52,62,146492886196708
2,35,52,63,42254305743184
2,35,52,64,10422060238632
2,35,52,65,2218012911712
2,35,52,66,410011870464
2,35,52,67,66116998288
2,35,52,68,9327625356
2,35,52,69,1147906752
2,35,52,70,123988220
2,35,52,71,11422040
2,35,52,72,941316
2,35,52,73,58536
2,35,52,74,4169
2,35,52,75,72
2,35,52,76,10
2,35,52,77,0
2,35,52,78,0
2,35,52,79,0
2,35,52,80,0
2,35,52,81,0
2,35,52,82,0
2,35,52,83,0
2,35,52,84,0
2,35,52,85,0
2,35,52,86,0
2,35,52,87,0
2,35,52,88,0
2,35,52,89,0
2,35,52,90,0
2,35,52,91,0
2,35,52,92,0
2,35,52,93,0
2,35,52,94,0
2,35,52,95,0
2,35,52,96,0
2,35,52,97,0
2,35,52,98,0
2,35,52,99,0
2,35,52,100,0
2,35,52,101,0
2,35,52,102,0
2,35,52,103,0
2,35,53,0,0
2,35,53,1,0
2,35,53,2,0
2,35,53,3,0
2,35,53,4,0
2,35,53,5,0
2,35,53,6,0
2,35,53,7,0
2,35,53,8,0
2,35,53,9,0
2,35,53,10,0
2,35,53,11,0
2,35,53,12,0
2,35,53,13,0
2,35,53,14,0
2,35,53,15,0
2,35,53,16,0
2,35,53,17,0
2,35,53,18,0
2,35,53,19,0
2,35,53,20,0
2,35,53,21,0
2,35,53,22,0
2,35,53,23,0
2,35,53,24,0
2,35,53,25,0
2,35,53,26,0
2,35,53,27,0
2,35,53,28,0
2,35,53,29,0
2,35,53,30,0
2,35,53,31,0
2,35,53,32,0
2,35,53,33,0
2,35,53,34,0
2,35,53,35,0
2,35,53,36,0
2,35,53,37,0
2,35,53,38,0
2,35,53,39,0
2,35,53,40,0
2,35,53,41,0
2,35,53,42,0
2,35,53,43,0
2,35,53,44,0
2,35,53,45,0
2,35,53,46,0
2,35,53,47,0
2,35,53,48,0
2,35,53,49,0
2,35,53,50,0
2,35,53,51,0
2,35,53,52,838944980514
2,35,53,53,10639147310856
2,35,53,54,63648567149614
2,35,53,55,236657482619916
2,35,53,56,605342800759740
2,35,53,57,1118437408991424
2,35,53,58,1534769728779062
2,35,53,59,1594690673451948
2,35,53,60,1275911068226586
2,35,53,61,799774237597900
2,35,53,62,399975768449928
2,35,53,63,162561629316768
2,35,53,64,54637617977902
2,35,53,65,15421387091688
2,35,53,66,3702127281280
2,35,53,67,763397907760
2,35,53,68,136227706884
2,35,53,69,21117753576
2,35,53,70,2854910042
2,35,53,71,335295540
2,35,53,72,34256480
2,35,53,73,3005120
2,35,53,74,226470
2,35,53,75,13916
2,35,53,76,690
2,35,53,77,36
2,35,53,78,0
2,35,53,79,0
2,35,53,80,0
2,35,53,81,0
2,35,53,82,0
2,35,53,83,0
2,35,53,84,0
2,35,53,85,0
2,35,53,86,0
2,35,53,87,0
2,35,53,88,0
2,35,53,89,0
2,35,53,90,0
2,35,53,91,0
2,35,53,92,0
2,35,53,93,0
2,35,53,94,0
2,35,53,95,0
2,35,53,96,0
2,35,53,97,0
2,35,53,98,0
2,35,53,99,0
2,35,53,100,0
2,35,53,101,0
2,35,53,102,0
2,35,53,103,0
2,35,54,0,0
2,35,54,1,0
2,35,54,2,0
2,35,54,3,0
2,35,54,4,0
2,35,54,5,0
2,35,54,6,0
2,35,54,7,0
2,35,54,8,0
2,35,54,9,0
2,35,54,10,0
2,35,54,11,0
2,35,54,12,0
2,35,54,13,0
2,35,54,14,0
2,35,54,15,0
2,35,54,16,0
2,35,54,17,0
2,35,54,18,0
2,35,54,19,0
2,35,54,20,0
2,35,54,21,0
2,35,54,22,0
2,35,54,23,0
2,35,54,24,0
2,35,54,25,0
2,35,54,26,0
2,35,54,27,0
2,35,54,28,0
2,35,54,29,0
2,35,54,30,0
2,35,54,31,0
2,35,54,32,0
2,35,54,33,0
2,35,54,34,0
2,35,54,35,0
2,35,54,36,0
2,35,54,37,0
2,35,54,38,0
2,35,54,39,0
2,35,54,40,0
2,35,54,41,0
2,35,54,42,0
2,35,54,43,0
2,35,54,44,0
2,35,54,45,0
2,35,54,46,0
2,35,54,47,0
2,35,54,48,0
2,35,54,49,0
2,35,54,50,0
2,35,54,51,0
2,35,54,52,0
2,35,54,53,0
2,35,54,54,0
2,35,54,55,818017823808
2,35,54,56,8985346242512
2,35,54,57,46063476025540
2,35,54,58,144992201671080
2,35,54,59,309974356485000
2,35,54,60,472750212615424
2,35,54,61,529753344402744
2,35,54,62,446075180267664
2,35,54,63,288296719830643
2,35,54,64,146159955886920
2,35,54,65,59404967910684
2,35,54,66,19755393965456
2,35,54,67,5471911525680
2,35,54,68,1280902943000
2,35,54,69,256211730460
2,35,54,70,44140294368
2,35,54,71,6584952708
2,35,54,72,850115328
2,35,54,73,95673036
2,35,54,74,9141880
2,35,54,75,776892
2,35,54,76,49680
2,35,54,77,3640
2,35,54,78,64
2,35,54,79,9
2,35,54,80,0
2,35,54,81,0
2,35,54,82,0
2,35,54,83,0
2,35,54,84,0
2,35,54,85,0
2,35,54,86,0
2,35,54,87,0
2,35,54,88,0
2,35,54,89,0
2,35,54,90,0
2,35,54,91,0
2,35,54,92,0
2,35,54,93,0
2,35,54,94,0
2,35,54,95,0
2,35,54,96,0
2,35,54,97,0
2,35,54,98,0
2,35,54,99,0
2,35,54,100,0
2,35,54,101,0
2,35,54,102,0
2,35,54,103,0
2,35,55,0,0
2,35,55,1,0
2,35,55,2,0
2,35,55,3,0
2,35,55,4,0
2,35,55,5,0
2,35,55,6,0
2,35,55,7,0
2,35,55,8,0
2,35,55,9,0
2,35,55,10,0
2,35,55,11,0
2,35,55,12,0
2,35,55,13,0
2,35,55,14,0
2,35,55,15,0
2,35,55,16,0
2,35,55,17,0
2,35,55,18,0
2,35,55,19,0
2,35,55,20,0
2,35,55,21,0
2,35,55,22,0
2,35,55,23,0
2,35,55,24,0
2,35,55,25,0
2,35,55,26,0
2,35,55,27,0
2,35,55,28,0
2,35,55,29,0
2,35,55,30,0
2,35,55,31,0
2,35,55,32,0
2,35,55,33,0
2,35,55,34,0
2,35,55,35,0
2,35,55,36,0
2,35,55,37,0
2,35,55,38,0
2,35,55,39,0
2,35,55,40,0
2,35,55,41,0
2,35,55,42,0
2,35,55,43,0
2,35,55,44,0
2,35,55,45,0
2,35,55,46,0
2,35,55,47,0
2,35,55,48,0
2,35,55,49,0
2,35,55,50,0
2,35,55,51,0
2,35,55,52,0
2,35,55,53,0
2,35,55,54,0
2,35,55,55,0
2,35,55,56,0
2,35,55,57,0
2,35,55,58,674152795558
2,35,55,59,6358649001560
2,35,55,60,27659915440502
2,35,55,61,72913594921432
2,35,55,62,128800459303306
2,35,55,63,160297403915068
2,35,55,64,145161524692310
2,35,55,65,98275556065880
2,35,55,66,51078702927320
2,35,55,67,20921947642948
2,35,55,68,6919800979342
2,35,55,69,1887273416568
2,35,55,70,431618037704
2,35,55,71,83865515244
2,35,55,72,13949548896
2,35,55,73,2002105360
2,35,55,74,247135834
2,35,55,75,26419048
2,35,55,76,2396026
2,35,55,77,188616
2,35,55,78,11698
2,35,55,79,612
2,35,55,80,32
2,35,55,81,0
2,35,55,82,0
2,35,55,83,0
2,35,55,84,0
2,35,55,85,0
2,35,55,86,0
2,35,55,87,0
2,35,55,88,0
2,35,55,89,0
2,35,55,90,0
2,35,55,91,0
2,35,55,92,0
2,35,55,93,0
2,35,55,94,0
2,35,55,95,0
2,35,55,96,0
2,35,55,97,0
2,35,55,98,0
2,35,55,99,0
2,35,55,100,0
2,35,55,101,0
2,35,55,102,0
2,35,55,103,0
2,35,56,0,0
2,35,56,1,0
2,35,56,2,0
2,35,56,3,0
2,35,56,4,0
2,35,56,5,0
2,35,56,6,0
2,35,56,7,0
2,35,56,8,0
2,35,56,9,0
2,35,56,10,0
2,35,56,11,0
2,35,56,12,0
2,35,56,13,0
2,35,56,14,0
2,35,56,15,0
2,35,56,16,0
2,35,56,17,0
2,35,56,18,0
2,35,56,19,0
2,35,56,20,0
2,35,56,21,0
2,35,56,22,0
2,35,56,23,0
2,35,56,24,0
2,35,56,25,0
2,35,56,26,0
2,35,56,27,0
2,35,56,28,0
2,35,56,29,0
2,35,56,30,0
2,35,56,31,0
2,35,56,32,0
2,35,56,33,0
2,35,56,34,0
2,35,56,35,0
2,35,56,36,0
2,35,56,37,0
2,35,56,38,0
2,35,56,39,0
2,35,56,40,0
2,35,56,41,0
2,35,56,42,0
2,35,56,43,0
2,35,56,44,0
2,35,56,45,0
2,35,56,46,0
2,35,56,47,0
2,35,56,48,0
2,35,56,49,0
2,35,56,50,0
2,35,56,51,0
2,35,56,52,0
2,35,56,53,0
2,35,56,54,0
2,35,56,55,0
2,35,56,56,0
2,35,56,57,0
2,35,56,58,0
2,35,56,59,0
2,35,56,60,0
2,35,56,61,469398016480
2,35,56,62,3765859220364
2,35,56,63,13750614945144
2,35,56,64,29997798342372
2,35,56,65,43239666507072
2,35,56,66,43379886954852
2,35,56,67,31423224216240
2,35,56,68,16992214318170
2,35,56,69,7084201933216
2,35,56,70,2345155977276
2,35,56,71,632367928176
2,35,56,72,141638309148
2,35,56,73,26755415048
2,35,56,74,4304669952
2,35,56,75,592188432
2,35,56,76,70263342
2,35,56,77,7038432
2,35,56,78,621116
2,35,56,79,41144
2,35,56,80,3120
2,35,56,81,56
2,35,56,82,8
2,35,56,83,0
2,35,56,84,0
2,35,56,85,0
2,35,56,86,0
2,35,56,87,0
2,35,56,88,0
2,35,56,89,0
2,35,56,90,0
2,35,56,91,0
2,35,56,92,0
2,35,56,93,0
2,35,56,94,0
2,35,56,95,0
2,35,56,96,0
2,35,56,97,0
2,35,56,98,0
2,35,56,99,0
2,35,56,100,0
2,35,56,101,0
2,35,56,102,0
2,35,56,103,0
2,35,57,0,0
2,35,57,1,0
2,35,57,2,0
2,35,57,3,0
2,35,57,4,0
2,35,57,5,0
2,35,57,6,0
2,35,57,7,0
2,35,57,8,0
2,35,57,9,0
2,35,57,10,0
2,35,57,11,0
2,35,57,12,0
2,35,57,13,0
2,35,57,14,0
2,35,57,15,0
2,35,57,16,0
2,35,57,17,0
2,35,57,18,0
2,35,57,19,0
2,35,57,20,0
2,35,57,21,0
2,35,57,22,0
2,35,57,23,0
2,35,57,24,0
2,35,57,25,0
2,35,57,26,0
2,35,57,27,0
2,35,57,28,0
2,35,57,29,0
2,35,57,30,0
2,35,57,31,0
2,35,57,32,0
2,35,57,33,0
2,35,57,34,0
2,35,57,35,0
2,35,57,36,0
2,35,57,37,0
2,35,57,38,0
2,35,57,39,0
2,35,57,40,0
2,35,57,41,0
2,35,57,42,0
2,35,57,43,0
2,35,57,44,0
2,35,57,45,0
2,35,57,46,0
2,35,57,47,0
2,35,57,48,0
2,35,57,49,0
2,35,57,50,0
2,35,57,51,0
2,35,57,52,0
2,35,57,53,0
2,35,57,54,0
2,35,57,55,0
2,35,57,56,0
2,35,57,57,0
2,35,57,58,0
2,35,57,59,0
2,35,57,60,0
2,35,57,61,0
2,35,57,62,0
2,35,57,63,0
2,35,57,64,275848947402
2,35,57,65,1862812027608
2,35,57,66,5641273160782
2,35,57,67,10050381559476
2,35,57,68,11658488635656
2,35,57,69,9308394545400
2,35,57,70,5343061748574
2,35,57,71,2297317776188
2,35,57,72,767592961458
2,35,57,73,205602163968
2,35,57,74,45257289354
2,35,57,75,8316432740
2,35,57,76,1295497836
2,35,57,77,170907456
2,35,57,78,19379856
2,35,57,79,1833936
2,35,57,80,152500
2,35,57,81,9568
2,35,57,82,534
2,35,57,83,28
2,35,57,84,0
2,35,57,85,0
2,35,57,86,0
2,35,57,87,0
2,35,57,88,0
2,35,57,89,0
2,35,57,90,0
2,35,57,91,0
2,35,57,92,0
2,35,57,93,0
2,35,57,94,0
2,35,57,95,0
2,35,57,96,0
2,35,57,97,0
2,35,57,98,0
2,35,57,99,0
2,35,57,100,0
2,35,57,101,0
2,35,57,102,0
2,35,57,103,0
2,35,58,0,0
2,35,58,1,0
2,35,58,2,0
2,35,58,3,0
2,35,58,4,0
2,35,58,5,0
2,35,58,6,0
2,35,58,7,0
2,35,58,8,0
2,35,58,9,0
2,35,58,10,0
2,35,58,11,0
2,35,58,12,0
2,35,58,13,0
2,35,58,14,0
2,35,58,15,0
2,35,58,16,0
2,35,58,17,0
2,35,58,18,0
2,35,58,19,0
2,35,58,20,0
2,35,58,21,0
2,35,58,22,0
2,35,58,23,0
2,35,58,24,0
2,35,58,25,0
2,35,58,26,0
2,35,58,27,0
2,35,58,28,0
2,35,58,29,0
2,35,58,30,0
2,35,58,31,0
2,35,58,32,0
2,35,58,33,0
2,35,58,34,0
2,35,58,35,0
2,35,58,36,0
2,35,58,37,0
2,35,58,38,0
2,35,58,39,0
2,35,58,40,0
2,35,58,41,0
2,35,58,42,0
2,35,58,43,0
2,35,58,44,0
2,35,58,45,0
2,35,58,46,0
2,35,58,47,0
2,35,58,48,0
2,35,58,49,0
2,35,58,50,0
2,35,58,51,0
2,35,58,52,0
2,35,58,53,0
2,35,58,54,0
2,35,58,55,0
2,35,58,56,0
2,35,58,57,0
2,35,58,58,0
2,35,58,59,0
2,35,58,60,0
2,35,58,61,0
2,35,58,62,0
2,35,58,63,0
2,35,58,64,0
2,35,58,65,0
2,35,58,66,0
2,35,58,67,136585481648
2,35,58,68,767376916040
2,35,58,69,1901306114540
2,35,58,70,2724765136528
2,35,58,71,2504814763960
2,35,58,72,1571066038608
2,35,58,73,709250538420
2,35,58,74,241933179160
2,35,58,75,64782806992
2,35,58,76,14058493240
2,35,58,77,2521592527
2,35,58,78,379069240
2,35,58,79,48266180
2,35,58,80,5149376
2,35,58,81,476370
2,35,58,82,33024
2,35,58,83,2612
2,35,58,84,48
2,35,58,85,7
2,35,58,86,0
2,35,58,87,0
2,35,58,88,0
2,35,58,89,0
2,35,58,90,0
2,35,58,91,0
2,35,58,92,0
2,35,58,93,0
2,35,58,94,0
2,35,58,95,0
2,35,58,96,0
2,35,58,97,0
2,35,58,98,0
2,35,58,99,0
2,35,58,100,0
2,35,58,101,0
2,35,58,102,0
2,35,58,103,0
2,35,59,0,0
2,35,59,1,0
2,35,59,2,0
2,35,59,3,0
2,35,59,4,0
2,35,59,5,0
2,35,59,6,0
2,35,59,7,0
2,35,59,8,0
2,35,59,9,0
2,35,59,10,0
2,35,59,11,0
2,35,59,12,0
2,35,59,13,0
2,35,59,14,0
2,35,59,15,0
2,35,59,16,0
2,35,59,17,0
2,35,59,18,0
2,35,59,19,0
2,35,59,20,0
2,35,59,21,0
2,35,59,22,0
2,35,59,23,0
2,35,59,24,0
2,35,59,25,0
2,35,59,26,0
2,35,59,27,0
2,35,59,28,0
2,35,59,29,0
2,35,59,30,0
2,35,59,31,0
2,35,59,32,0
2,35,59,33,0
2,35,59,34,0
2,35,59,35,0
2,35,59,36,0
2,35,59,37,0
2,35,59,38,0
2,35,59,39,0
2,35,59,40,0
2,35,59,41,0
2,35,59,42,0
2,35,59,43,0
2,35,59,44,0
2,35,59,45,0
2,35,59,46,0
2,35,59,47,0
2,35,59,48,0
2,35,59,49,0
2,35,59,50,0
2,35,59,51,0
2,35,59,52,0
2,35,59,53,0
2,35,59,54,0
2,35,59,55,0
2,35,59,56,0
2,35,59,57,0
2,35,59,58,0
2,35,59,59,0
2,35,59,60,0
2,35,59,61,0
2,35,59,62,0
2,35,59,63,0
2,35,59,64,0
2,35,59,65,0
2,35,59,66,0
2,35,59,67,0
2,35,59,68,0
2,35,59,69,0
2,35,59,70,56836459246
2,35,59,71,262176946920
2,35,59,72,523160223958
2,35,59,73,592630537536
2,35,59,74,424482479910
2,35,59,75,206649163044
2,35,59,76,73050363110
2,35,59,77,19750608360
2,35,59,78,4238410908
2,35,59,79,744940928
2,35,59,80,108000522
2,35,59,81,13269800
2,35,59,82,1328516
2,35,59,83,118572
2,35,59,84,7550
2,35,59,85,456
2,35,59,86,24
2,35,59,87,0
2,35,59,88,0
2,35,59,89,0
2,35,59,90,0
2,35,59,91,0
2,35,59,92,0
2,35,59,93,0
2,35,59,94,0
2,35,59,95,0
2,35,59,96,0
2,35,59,97,0
2,35,59,98,0
2,35,59,99,0
2,35,59,100,0
2,35,59,101,0
2,35,59,102,0
2,35,59,103,0
2,35,60,0,0
2,35,60,1,0
2,35,60,2,0
2,35,60,3,0
2,35,60,4,0
2,35,60,5,0
2,35,60,6,0
2,35,60,7,0
2,35,60,8,0
2,35,60,9,0
2,35,60,10,0
2,35,60,11,0
2,35,60,12,0
2,35,60,13,0
2,35,60,14,0
2,35,60,15,0
2,35,60,16,0
2,35,60,17,0
2,35,60,18,0
2,35,60,19,0
2,35,60,20,0
2,35,60,21,0
2,35,60,22,0
2,35,60,23,0
2,35,60,24,0
2,35,60,25,0
2,35,60,26,0
2,35,60,27,0
2,35,60,28,0
2,35,60,29,0
2,35,60,30,0
2,35,60,31,0
2,35,60,32,0
2,35,60,33,0
2,35,60,34,0
2,35,60,35,0
2,35,60,36,0
2,35,60,37,0
2,35,60,38,0
2,35,60,39,0
2,35,60,40,0
2,35,60,41,0
2,35,60,42,0
2,35,60,43,0
2,35,60,44,0
2,35,60,45,0
2,35,60,46,0
2,35,60,47,0
2,35,60,48,0
2,35,60,49,0
2,35,60,50,0
2,35,60,51,0
2,35,60,52,0
2,35,60,53,0
2,35,60,54,0
2,35,60,55,0
2,35,60,56,0
2,35,60,57,0
2,35,60,58,0
2,35,60,59,0
2,35,60,60,0
2,35,60,61,0
2,35,60,62,0
2,35,60,63,0
2,35,60,64,0
2,35,60,65,0
2,35,60,66,0
2,35,60,67,0
2,35,60,68,0
2,35,60,69,0
2,35,60,70,0
2,35,60,71,0
2,35,60,72,0
2,35,60,73,19804348032
2,35,60,74,73869512948
2,35,60,75,116522823232
2,35,60,76,102213049212
2,35,60,77,56025217296
2,35,60,78,20980869495
2,35,60,79,5800902048
2,35,60,80,1240283706
2,35,60,81,213563048
2,35,60,82,30075006
2,35,60,83,3507640
2,35,60,84,344972
2,35,60,85,25416
2,35,60,86,2119
2,35,60,87,40
2,35,60,88,6
2,35,60,89,0
2,35,60,90,0
2,35,60,91,0
2,35,60,92,0
2,35,60,93,0
2,35,60,94,0
2,35,60,95,0
2,35,60,96,0
2,35,60,97,0
2,35,60,98,0
2,35,60,99,0
2,35,60,100,0
2,35,60,101,0
2,35,60,102,0
2,35,60,103,0
2,35,61,0,0
2,35,61,1,0
2,35,61,2,0
2,35,61,3,0
2,35,61,4,0
2,35,61,5,0
2,35,61,6,0
2,35,61,7,0
2,35,61,8,0
2,35,61,9,0
2,35,61,10,0
2,35,61,11,0
2,35,61,12,0
2,35,61,13,0
2,35,61,14,0
2,35,61,15,0
2,35,61,16,0
2,35,61,17,0
2,35,61,18,0
2,35,61,19,0
2,35,61,20,0
2,35,61,21,0
2,35,61,22,0
2,35,61,23,0
2,35,61,24,0
2,35,61,25,0
2,35,61,26,0
2,35,61,27,0
2,35,61,28,0
2,35,61,29,0
2,35,61,30,0
2,35,61,31,0
2,35,61,32,0
2,35,61,33,0
2,35,61,34,0
2,35,61,35,0
2,35,61,36,0
2,35,61,37,0
2,35,61,38,0
2,35,61,39,0
2,35,61,40,0
2,35,61,41,0
2,35,61,42,0
2,35,61,43,0
2,35,61,44,0
2,35,61,45,0
2,35,61,46,0
2,35,61,47,0
2,35,61,48,0
2,35,61,49,0
2,35,61,50,0
2,35,61,51,0
2,35,61,52,0
2,35,61,53,0
2,35,61,54,0
2,35,61,55,0
2,35,61,56,0
2,35,61,57,0
2,35,61,58,0
2,35,61,59,0
2,35,61,60,0
2,35,61,61,0
2,35,61,62,0
2,35,61,63,0
2,35,61,64,0
2,35,61,65,0
2,35,61,66,0
2,35,61,67,0
2,35,61,68,0
2,35,61,69,0
2,35,61,70,0
2,35,61,71,0
2,35,61,72,0
2,35,61,73,0
2,35,61,74,0
2,35,61,75,0
2,35,61,76,5749494450
2,35,61,77,17032087144
2,35,61,78,20763080302
2,35,61,79,13764267036
2,35,61,80,5674367508
2,35,61,81,1630063420
2,35,61,82,351738492
2,35,61,83,59253576
2,35,61,84,8194692
2,35,61,85,888592
2,35,61,86,87282
2,35,61,87,5668
2,35,61,88,378
2,35,61,89,20
2,35,61,90,0
2,35,61,91,0
2,35,61,92,0
2,35,61,93,0
2,35,61,94,0
2,35,61,95,0
2,35,61,96,0
2,35,61,97,0
2,35,61,98,0
2,35,61,99,0
2,35,61,100,0
2,35,61,101,0
2,35,61,102,0
2,35,61,103,0
2,35,62,0,0
2,35,62,1,0
2,35,62,2,0
2,35,62,3,0
2,35,62,4,0
2,35,62,5,0
2,35,62,6,0
2,35,62,7,0
2,35,62,8,0
2,35,62,9,0
2,35,62,10,0
2,35,62,11,0
2,35,62,12,0
2,35,62,13,0
2,35,62,14,0
2,35,62,15,0
2,35,62,16,0
2,35,62,17,0
2,35,62,18,0
2,35,62,19,0
2,35,62,20,0
2,35,62,21,0
2,35,62,22,0
2,35,62,23,0
2,35,62,24,0
2,35,62,25,0
2,35,62,26,0
2,35,62,27,0
2,35,62,28,0
2,35,62,29,0
2,35,62,30,0
2,35,62,31,0
2,35,62,32,0
2,35,62,33,0
2,35,62,34,0
2,35,62,35,0
2,35,62,36,0
2,35,62,37,0
2,35,62,38,0
2,35,62,39,0
2,35,62,40,0
2,35,62,41,0
2,35,62,42,0
2,35,62,43,0
2,35,62,44,0
2,35,62,45,0
2,35,62,46,0
2,35,62,47,0
2,35,62,48,0
2,35,62,49,0
2,35,62,50,0
2,35,62,51,0
2,35,62,52,0
2,35,62,53,0
2,35,62,54,0
2,35,62,55,0
2,35,62,56,0
2,35,62,57,0
2,35,62,58,0
2,35,62,59,0
2,35,62,60,0
2,35,62,61,0
2,35,62,62,0
2,35,62,63,0
2,35,62,64,0
2,35,62,65,0
2,35,62,66,0
2,35,62,67,0
2,35,62,68,0
2,35,62,69,0
2,35,62,70,0
2,35,62,71,0
2,35,62,72,0
2,35,62,73,0
2,35,62,74,0
2,35,62,75,0
2,35,62,76,0
2,35,62,77,0
2,35,62,78,0
2,35,62,79,1381251872
2,35,62,80,3180071808
2,35,62,81,2912321684
2,35,62,82,1417738872
2,35,62,83,434486325
2,35,62,84,96136848
2,35,62,85,15953568
2,35,62,86,2140680
2,35,62,87,229166
2,35,62,88,18416
2,35,62,89,1644
2,35,62,90,32
2,35,62,91,5
2,35,62,92,0
2,35,62,93,0
2,35,62,94,0
2,35,62,95,0
2,35,62,96,0
2,35,62,97,0
2,35,62,98,0
2,35,62,99,0
2,35,62,100,0
2,35,62,101,0
2,35,62,102,0
2,35,62,103,0
2,35,63,0,0
2,35,63,1,0
2,35,63,2,0
2,35,63,3,0
2,35,63,4,0
2,35,63,5,0
2,35,63,6,0
2,35,63,7,0
2,35,63,8,0
2,35,63,9,0
2,35,63,10,0
2,35,63,11,0
2,35,63,12,0
2,35,63,13,0
2,35,63,14,0
2,35,63,15,0
2,35,63,16,0
2,35,63,17,0
2,35,63,18,0
2,35,63,19,0
2,35,63,20,0
2,35,63,21,0
2,35,63,22,0
2,35,63,23,0
2,35,63,24,0
2,35,63,25,0
2,35,63,26,0
2,35,63,27,0
2,35,63,28,0
2,35,63,29,0
2,35,63,30,0
2,35,63,31,0
2,35,63,32,0
2,35,63,33,0
2,35,63,34,0
2,35,63,35,0
2,35,63,36,0
2,35,63,37,0
2,35,63,38,0
2,35,63,39,0
2,35,63,40,0
2,35,63,41,0
2,35,63,42,0
2,35,63,43,0
2,35,63,44,0
2,35,63,45,0
2,35,63,46,0
2,35,63,47,0
2,35,63,48,0
2,35,63,49,0
2,35,63,50,0
2,35,63,51,0
2,35,63,52,0
2,35,63,53,0
2,35,63,54,0
2,35,63,55,0
2,35,63,56,0
2,35,63,57,0
2,35,63,58,0
2,35,63,59,0
2,35,63,60,0
2,35,63,61,0
2,35,63,62,0
2,35,63,63,0
2,35,63,64,0
2,35,63,65,0
2,35,63,66,0
2,35,63,67,0
2,35,63,68,0
2,35,63,69,0
2,35,63,70,0
2,35,63,71,0
2,35,63,72,0
2,35,63,73,0
2,35,63,74,0
2,35,63,75,0
2,35,63,76,0
2,35,63,77,0
2,35,63,78,0
2,35,63,79,0
2,35,63,80,0
2,35,63,81,0
2,35,63,82,272061558
2,35,63,83,473921464
2,35,63,84,314291126
2,35,63,85,108781416
2,35,63,86,24901980
2,35,63,87,4231804
2,35,63,88,522030
2,35,63,89,59080
2,35,63,90,3946
2,35,63,91,300
2,35,63,92,16
2,35,63,93,0
2,35,63,94,0
2,35,63,95,0
2,35,63,96,0
2,35,63,97,0
2,35,63,98,0
2,35,63,99,0
2,35,63,100,0
2,35,63,101,0
2,35,63,102,0
2,35,63,103,0
2,35,64,0,0
2,35,64,1,0
2,35,64,2,0
2,35,64,3,0
2,35,64,4,0
2,35,64,5,0
2,35,64,6,0
2,35,64,7,0
2,35,64,8,0
2,35,64,9,0
2,35,64,10,0
2,35,64,11,0
2,35,64,12,0
2,35,64,13,0
2,35,64,14,0
2,35,64,15,0
2,35,64,16,0
2,35,64,17,0
2,35,64,18,0
2,35,64,19,0
2,35,64,20,0
2,35,64,21,0
2,35,64,22,0
2,35,64,23,0
2,35,64,24,0
2,35,64,25,0
2,35,64,26,0
2,35,64,27,0
2,35,64,28,0
2,35,64,29,0
2,35,64,30,0
2,35,64,31,0
2,35,64,32,0
2,35,64,33,0
2,35,64,34,0
2,35,64,35,0
2,35,64,36,0
2,35,64,37,0
2,35,64,38,0
2,35,64,39,0
2,35,64,40,0
2,35,64,41,0
2,35,64,42,0
2,35,64,43,0
2,35,64,44,0
2,35,64,45,0
2,35,64,46,0
2,35,64,47,0
2,35,64,48,0
2,35,64,49,0
2,35,64,50,0
2,35,64,51,0
2,35,64,52,0
2,35,64,53,0
2,35,64,54,0
2,35,64,55,0
2,35,64,56,0
2,35,64,57,0
2,35,64,58,0
2,35,64,59,0
2,35,64,60,0
2,35,64,61,0
2,35,64,62,0
2,35,64,63,0
2,35,64,64,0
2,35,64,65,0
2,35,64,66,0
2,35,64,67,0
2,35,64,68,0
2,35,64,69,0
2,35,64,70,0
2,35,64,71,0
2,35,64,72,0
2,35,64,73,0
2,35,64,74,0
2,35,64,75,0
2,35,64,76,0
2,35,64,77,0
2,35,64,78,0
2,35,64,79,0
2,35,64,80,0
2,35,64,81,0
2,35,64,82,0
2,35,64,83,0
2,35,64,84,0
2,35,64,85,43381856
2,35,64,86,55248988
2,35,64,87,25241992
2,35,64,88,6028899
2,35,64,89,1069800
2,35,64,90,131112
2,35,64,91,12120
2,35,64,92,1190
2,35,64,93,24
2,35,64,94,4
2,35,64,95,0
2,35,64,96,0
2,35,64,97,0
2,35,64,98,0
2,35,64,99,0
2,35,64,100,0
2,35,64,101,0
2,35,64,102,0
2,35,64,103,0
2,35,65,0,0
2,35,65,1,0
2,35,65,2,0
2,35,65,3,0
2,35,65,4,0
2,35,65,5,0
2,35,65,6,0
2,35,65,7,0
2,35,65,8,0
2,35,65,9,0
2,35,65,10,0
2,35,65,11,0
2,35,65,12,0
2,35,65,13,0
2,35,65,14,0
2,35,65,15,0
2,35,65,16,0
2,35,65,17,0
2,35,65,18,0
2,35,65,19,0
2,35,65,20,0
2,35,65,21,0
2,35,65,22,0
2,35,65,23,0
2,35,65,24,0
2,35,65,25,0
2,35,65,26,0
2,35,65,27,0
2,35,65,28,0
2,35,65,29,0
2,35,65,30,0
2,35,65,31,0
2,35,65,32,0
2,35,65,33,0
2,35,65,34,0
2,35,65,35,0
2,35,65,36,0
2,35,65,37,0
2,35,65,38,0
2,35,65,39,0
2,35,65,40,0
2,35,65,41,0
2,35,65,42,0
2,35,65,43,0
2,35,65,44,0
2,35,65,45,0
2,35,65,46,0
2,35,65,47,0
2,35,65,48,0
2,35,65,49,0
2,35,65,50,0
2,35,65,51,0
2,35,65,52,0
2,35,65,53,0
2,35,65,54,0
2,35,65,55,0
2,35,65,56,0
2,35,65,57,0
2,35,65,58,0
2,35,65,59,0
2,35,65,60,0
2,35,65,61,0
2,35,65,62,0
2,35,65,63,0
2,35,65,64,0
2,35,65,65,0
2,35,65,66,0
2,35,65,67,0
2,35,65,68,0
2,35,65,69,0
2,35,65,70,0
2,35,65,71,0
2,35,65,72,0
2,35,65,73,0
2,35,65,74,0
2,35,65,75,0
2,35,65,76,0
2,35,65,77,0
2,35,65,78,0
2,35,65,79,0
2,35,65,80,0
2,35,65,81,0
2,35,65,82,0
2,35,65,83,0
2,35,65,84,0
2,35,65,85,0
2,35,65,86,0
2,35,65,87,0
2,35,65,88,5502170
2,35,65,89,4894392
2,35,65,90,1433742
2,35,65,91,235652
2,35,65,92,34416
2,35,65,93,2408
2,35,65,94,222
2,35,65,95,12
2,35,65,96,0
2,35,65,97,0
2,35,65,98,0
2,35,65,99,0
2,35,65,100,0
2,35,65,101,0
2,35,65,102,0
2,35,65,103,0
2,35,66,0,0
2,35,66,1,0
2,35,66,2,0
2,35,66,3,0
2,35,66,4,0
2,35,66,5,0
2,35,66,6,0
2,35,66,7,0
2,35,66,8,0
2,35,66,9,0
2,35,66,10,0
2,35,66,11,0
2,35,66,12,0
2,35,66,13,0
2,35,66,14,0
2,35,66,15,0
2,35,66,16,0
2,35,66,17,0
2,35,66,18,0
2,35,66,19,0
2,35,66,20,0
2,35,66,21,0
2,35,66,22,0
2,35,66,23,0
2,35,66,24,0
2,35,66,25,0
2,35,66,26,0
2,35,66,27,0
2,35,66,28,0
2,35,66,29,0
2,35,66,30,0
2,35,66,31,0
2,35,66,32,0
2,35,66,33,0
2,35,66,34,0
2,35,66,35,0
2,35,66,36,0
2,35,66,37,0
2,35,66,38,0
2,35,66,39,0
2,35,66,40,0
2,35,66,41,0
2,35,66,42,0
2,35,66,43,0
2,35,66,44,0
2,35,66,45,0
2,35,66,46,0
2,35,66,47,0
2,35,66,48,0
2,35,66,49,0
2,35,66,50,0
2,35,66,51,0
2,35,66,52,0
2,35,66,53,0
2,35,66,54,0
2,35,66,55,0
2,35,66,56,0
2,35,66,57,0
2,35,66,58,0
2,35,66,59,0
2,35,66,60,0
2,35,66,61,0
2,35,66,62,0
2,35,66,63,0
2,35,66,64,0
2,35,66,65,0
2,35,66,66,0
2,35,66,67,0
2,35,66,68,0
2,35,66,69,0
2,35,66,70,0
2,35,66,71,0
2,35,66,72,0
2,35,66,73,0
2,35,66,74,0
2,35,66,75,0
2,35,66,76,0
2,35,66,77,0
2,35,66,78,0
2,35,66,79,0
2,35,66,80,0
2,35,66,81,0
2,35,66,82,0
2,35,66,83,0
2,35,66,84,0
2,35,66,85,0
2,35,66,86,0
2,35,66,87,0
2,35,66,88,0
2,35,66,89,0
2,35,66,90,0
2,35,66,91,541200
2,35,66,92,315384
2,35,66,93,52908
2,35,66,94,6624
2,35,66,95,760
2,35,66,96,16
2,35,66,97,3
2,35,66,98,0
2,35,66,99,0
2,35,66,100,0
2,35,66,101,0
2,35,66,102,0
2,35,66,103,0
2,35,67,0,0
2,35,67,1,0
2,35,67,2,0
2,35,67,3,0
2,35,67,4,0
2,35,67,5,0
2,35,67,6,0
2,35,67,7,0
2,35,67,8,0
2,35,67,9,0
2,35,67,10,0
2,35,67,11,0
2,35,67,12,0
2,35,67,13,0
2,35,67,14,0
2,35,67,15,0
2,35,67,16,0
2,35,67,17,0
2,35,67,18,0
2,35,67,19,0
2,35,67,20,0
2,35,67,21,0
2,35,67,22,0
2,35,67,23,0
2,35,67,24,0
2,35,67,25,0
2,35,67,26,0
2,35,67,27,0
2,35,67,28,0
2,35,67,29,0
2,35,67,30,0
2,35,67,31,0
2,35,67,32,0
2,35,67,33,0
2,35,67,34,0
2,35,67,35,0
2,35,67,36,0
2,35,67,37,0
2,35,67,38,0
2,35,67,39,0
2,35,67,40,0
2,35,67,41,0
2,35,67,42,0
2,35,67,43,0
2,35,67,44,0
2,35,67,45,0
2,35,67,46,0
2,35,67,47,0
2,35,67,48,0
2,35,67,49,0
2,35,67,50,0
2,35,67,51,0
2,35,67,52,0
2,35,67,53,0
2,35,67,54,0
2,35,67,55,0
2,35,67,56,0
2,35,67,57,0
2,35,67,58,0
2,35,67,59,0
2,35,67,60,0
2,35,67,61,0
2,35,67,62,0
2,35,67,63,0
2,35,67,64,0
2,35,67,65,0
2,35,67,66,0
2,35,67,67,0
2,35,67,68,0
2,35,67,69,0
2,35,67,70,0
2,35,67,71,0
2,35,67,72,0
2,35,67,73,0
2,35,67,74,0
2,35,67,75,0
2,35,67,76,0
2,35,67,77,0
2,35,67,78,0
2,35,67,79,0
2,35,67,80,0
2,35,67,81,0
2,35,67,82,0
2,35,67,83,0
2,35,67,84,0
2,35,67,85,0
2,35,67,86,0
2,35,67,87,0
2,35,67,88,0
2,35,67,89,0
2,35,67,90,0
2,35,67,91,0
2,35,67,92,0
2,35,67,93,0
2,35,67,94,39742
2,35,67,95,13768
2,35,67,96,1078
2,35,67,97,144
2,35,67,98,8
2,35,67,99,0
2,35,67,100,0
2,35,67,101,0
2,35,67,102,0
2,35,67,103,0
2,35,68,0,0
2,35,68,1,0
2,35,68,2,0
2,35,68,3,0
2,35,68,4,0
2,35,68,5,0
2,35,68,6,0
2,35,68,7,0
2,35,68,8,0
2,35,68,9,0
2,35,68,10,0
2,35,68,11,0
2,35,68,12,0
2,35,68,13,0
2,35,68,14,0
2,35,68,15,0
2,35,68,16,0
2,35,68,17,0
2,35,68,18,0
2,35,68,19,0
2,35,68,20,0
2,35,68,21,0
2,35,68,22,0
2,35,68,23,0
2,35,68,24,0
2,35,68,25,0
2,35,68,26,0
2,35,68,27,0
2,35,68,28,0
2,35,68,29,0
2,35,68,30,0
2,35,68,31,0
2,35,68,32,0
2,35,68,33,0
2,35,68,34,0
2,35,68,35,0
2,35,68,36,0
2,35,68,37,0
2,35,68,38,0
2,35,68,39,0
2,35,68,40,0
2,35,68,41,0
2,35,68,42,0
2,35,68,43,0
2,35,68,44,0
2,35,68,45,0
2,35,68,46,0
2,35,68,47,0
2,35,68,48,0
2,35,68,49,0
2,35,68,50,0
2,35,68,51,0
2,35,68,52,0
2,35,68,53,0
2,35,68,54,0
2,35,68,55,0
2,35,68,56,0
2,35,68,57,0
2,35,68,58,0
2,35,68,59,0
2,35,68,60,0
2,35,68,61,0
2,35,68,62,0
2,35,68,63,0
2,35,68,64,0
2,35,68,65,0
2,35,68,66,0
2,35,68,67,0
2,35,68,68,0
2,35,68,69,0
2,35,68,70,0
2,35,68,71,0
2,35,68,72,0
2,35,68,73,0
2,35,68,74,0
2,35,68,75,0
2,35,68,76,0
2,35,68,77,0
2,35,68,78,0
2,35,68,79,0
2,35,68,80,0
2,35,68,81,0
2,35,68,82,0
2,35,68,83,0
2,35,68,84,0
2,35,68,85,0
2,35,68,86,0
2,35,68,87,0
2,35,68,88,0
2,35,68,89,0
2,35,68,90,0
2,35,68,91,0
2,35,68,92,0
2,35,68,93,0
2,35,68,94,0
2,35,68,95,0
2,35,68,96,0
2,35,68,97,2048
2,35,68,98,357
2,35,68,99,8
2,35,68,100,2
2,35,68,101,0
2,35,68,102,0
2,35,68,103,0
2,35,69,0,0
2,35,69,1,0
2,35,69,2,0
2,35,69,3,0
2,35,69,4,0
2,35,69,5,0
2,35,69,6,0
2,35,69,7,0
2,35,69,8,0
2,35,69,9,0
2,35,69,10,0
2,35,69,11,0
2,35,69,12,0
2,35,69,13,0
2,35,69,14,0
2,35,69,15,0
2,35,69,16,0
2,35,69,17,0
2,35,69,18,0
2,35,69,19,0
2,35,69,20,0
2,35,69,21,0
2,35,69,22,0
2,35,69,23,0
2,35,69,24,0
2,35,69,25,0
2,35,69,26,0
2,35,69,27,0
2,35,69,28,0
2,35,69,29,0
2,35,69,30,0
2,35,69,31,0
2,35,69,32,0
2,35,69,33,0
2,35,69,34,0
2,35,69,35,0
2,35,69,36,0
2,35,69,37,0
2,35,69,38,0
2,35,69,39,0
2,35,69,40,0
2,35,69,41,0
2,35,69,42,0
2,35,69,43,0
2,35,69,44,0
2,35,69,45,0
2,35,69,46,0
2,35,69,47,0
2,35,69,48,0
2,35,69,49,0
2,35,69,50,0
2,35,69,51,0
2,35,69,52,0
2,35,69,53,0
2,35,69,54,0
2,35,69,55,0
2,35,69,56,0
2,35,69,57,0
2,35,69,58,0
2,35,69,59,0
2,35,69,60,0
2,35,69,61,0
2,35,69,62,0
2,35,69,63,0
2,35,69,64,0
2,35,69,65,0
2,35,69,66,0
2,35,69,67,0
2,35,69,68,0
2,35,69,69,0
2,35,69,70,0
2,35,69,71,0
2,35,69,72,0
2,35,69,73,0
2,35,69,74,0
2,35,69,75,0
2,35,69,76,0
2,35,69,77,0
2,35,69,78,0
2,35,69,79,0
2,35,69,80,0
2,35,69,81,0
2,35,69,82,0
2,35,69,83,0
2,35,69,84,0
2,35,69,85,0
2,35,69,86,0
2,35,69,87,0
2,35,69,88,0
2,35,69,89,0
2,35,69,90,0
2,35,69,91,0
2,35,69,92,0
2,35,69,93,0
2,35,69,94,0
2,35,69,95,0
2,35,69,96,0
2,35,69,97,0
2,35,69,98,0
2,35,69,99,0
2,35,69,100,66
2,35,69,101,4
2,35,69,102,0
2,35,69,103,0
2,35,70,0,0
2,35,70,1,0
2,35,70,2,0
2,35,70,3,0
2,35,70,4,0
2,35,70,5,0
2,35,70,6,0
2,35,70,7,0
2,35,70,8,0
2,35,70,9,0
2,35,70,10,0
2,35,70,11,0
2,35,70,12,0
2,35,70,13,0
2,35,70,14,0
2,35,70,15,0
2,35,70,16,0
2,35,70,17,0
2,35,70,18,0
2,35,70,19,0
2,35,70,20,0
2,35,70,21,0
2,35,70,22,0
2,35,70,23,0
2,35,70,24,0
2,35,70,25,0
2,35,70,26,0
2,35,70,27,0
2,35,70,28,0
2,35,70,29,0
2,35,70,30,0
2,35,70,31,0
2,35,70,32,0
2,35,70,33,0
2,35,70,34,0
2,35,70,35,0
2,35,70,36,0
2,35,70,37,0
2,35,70,38,0
2,35,70,39,0
2,35,70,40,0
2,35,70,41,0
2,35,70,42,0
2,35,70,43,0
2,35,70,44,0
2,35,70,45,0
2,35,70,46,0
2,35,70,47,0
2,35,70,48,0
2,35,70,49,0
2,35,70,50,0
2,35,70,51,0
2,35,70,52,0
2,35,70,53,0
2,35,70,54,0
2,35,70,55,0
2,35,70,56,0
2,35,70,57,0
2,35,70,58,0
2,35,70,59,0
2,35,70,60,0
2,35,70,61,0
2,35,70,62,0
2,35,70,63,0
2,35,70,64,0
2,35,70,65,0
2,35,70,66,0
2,35,70,67,0
2,35,70,68,0
2,35,70,69,0
2,35,70,70,0
2,35,70,71,0
2,35,70,72,0
2,35,70,73,0
2,35,70,74,0
2,35,70,75,0
2,35,70,76,0
2,35,70,77,0
2,35,70,78,0
2,35,70,79,0
2,35,70,80,0
2,35,70,81,0
2,35,70,82,0
2,35,70,83,0
2,35,70,84,0
2,35,70,85,0
2,35,70,86,0
2,35,70,87,0
2,35,70,88,0
2,35,70,89,0
2,35,70,90,0
2,35,70,91,0
2,35,70,92,0
2,35,70,93,0
2,35,70,94,0
2,35,70,95,0
2,35,70,96,0
2,35,70,97,0
2,35,70,98,0
2,35,70,99,0
2,35,70,100,0
2,35,70,101,0
2,35,70,102,0
2,35,70,103,1
.DONE.
