r,c,o,a,count
3,37,0,0,1
3,37,0,1,0
3,37,0,2,0
3,37,0,3,0
3,37,0,4,0
3,37,0,5,0
3,37,0,6,0
3,37,0,7,0
3,37,0,8,0
3,37,0,9,0
3,37,0,10,0
3,37,0,11,0
3,37,0,12,0
3,37,0,13,0
3,37,0,14,0
3,37,0,15,0
3,37,0,16,0
3,37,0,17,0
3,37,0,18,0
3,37,0,19,0
3,37,0,20,0
3,37,0,21,0
3,37,0,22,0
3,37,0,23,0
3,37,0,24,0
3,37,0,25,0
3,37,0,26,0
3,37,0,27,0
3,37,0,28,0
3,37,0,29,0
3,37,0,30,0
3,37,0,31,0
3,37,0,32,0
3,37,0,33,0
3,37,0,34,0
3,37,0,35,0
3,37,0,36,0
3,37,0,37,0
3,37,0,38,0
3,37,0,39,0
3,37,0,40,0
3,37,0,41,0
3,37,0,42,0
3,37,0,43,0
3,37,0,44,0
3,37,0,45,0
3,37,0,46,0
3,37,0,47,0
3,37,0,48,0
3,37,0,49,0
3,37,0,50,0
3,37,0,51,0
3,37,0,52,0
3,37,0,53,0
3,37,0,54,0
3,37,0,55,0
3,37,0,56,0
3,37,0,57,0
3,37,0,58,0
3,37,0,59,0
3,37,0,60,0
3,37,0,61,0
3,37,0,62,0
3,37,0,63,0
3,37,0,64,0
3,37,0,65,0
3,37,0,66,0
3,37,0,67,0
3,37,0,68,0
3,37,0,69,0
3,37,0,70,0
3,37,0,71,0
3,37,0,72,0
3,37,0,73,0
3,37,0,74,0
3,37,0,75,0
3,37,0,76,0
3,37,0,77,0
3,37,0,78,0
3,37,0,79,0
3,37,0,80,0
3,37,0,81,0
3,37,0,82,0
3,37,0,83,0
3,37,0,84,0
3,37,0,85,0
3,37,0,86,0
3,37,0,87,0
3,37,0,88,0
3,37,0,89,0
3,37,0,90,0
3,37,0,91,0
3,37,0,92,0
3,37,0,93,0
3,37,0,94,0
3,37,0,95,0
3,37,0,96,0
3,37,0,97,0
3,37,0,98,0
3,37,0,99,0
3,37,0,100,0
3,37,0,101,0
3,37,0,102,0
3,37,0,103,0
3,37,0,104,0
3,37,0,105,0
3,37,0,106,0
3,37,0,107,0
3,37,0,108,0
3,37,0,109,0
3,37,0,110,0
3,37,0,111,0
3,37,0,112,0
3,37,0,113,0
3,37,0,114,0
3,37,0,115,0
3,37,0,116,0
3,37,0,117,0
3,37,0,118,0
3,37,0,119,0
3,37,0,120,0
3,37,0,121,0
3,37,0,122,0
3,37,0,123,0
3,37,0,124,0
3,37,0,125,0
3,37,0,126,0
3,37,0,127,0
3,37,0,128,0
3,37,0,129,0
3,37,0,130,0
3,37,0,131,0
3,37,0,132,0
3,37,0,133,0
3,37,0,134,0
3,37,0,135,0
3,37,0,136,0
3,37,0,137,0
3,37,0,138,0
3,37,0,139,0
3,37,0,140,0
3,37,0,141,0
3,37,0,142,0
3,37,0,143,0
3,37,0,144,0
3,37,0,145,0
3,37,0,146,0
3,37,0,147,0
3,37,0,148,0
3,37,0,149,0
3,37,0,150,0
3,37,0,151,0
3,37,0,152,0
3,37,0,153,0
3,37,0,154,0
3,37,0,155,0
3,37,0,156,0
3,37,0,157,0
3,37,0,158,0
3,37,0,159,0
3,37,0,160,0
3,37,0,161,0
3,37,0,162,0
3,37,0,163,0
3,37,0,164,0
3,37,0,165,0
3,37,0,166,0
3,37,0,167,0
3,37,0,168,0
3,37,0,169,0
3,37,0,170,0
3,37,0,171,0
3,37,0,172,0
3,37,0,173,0
3,37,0,174,0
3,37,0,175,0
3,37,0,176,0
3,37,0,177,0
3,37,0,178,0
3,37,0,179,0
3,37,0,180,0
3,37,0,181,0
3,37,0,182,0
3,37,1,0,111
3,37,1,1,0
3,37,1,2,0
3,37,1,3,0
3,37,1,4,0
3,37,1,5,0
3,37,1,6,0
3,37,1,7,0
3,37,1,8,0
3,37,1,9,0
3,37,1,10,0
3,37,1,11,0
3,37,1,12,0
3,37,1,13,0
3,37,1,14,0
3,37,1,15,0
3,37,1,16,0
3,37,1,17,0
3,37,1,18,0
3,37,1,19,0
3,37,1,20,0
3,37,1,21,0
3,37,1,22,0
3,37,1,23,0
3,37,1,24,0
3,37,1,25,0
3,37,1,26,0
3,37,1,27,0
3,37,1,28,0
3,37,1,29,0
3,37,1,30,0
3,37,1,31,0
3,37,1,32,0
3,37,1,33,0
3,37,1,34,0
3,37,1,35,0
3,37,1,36,0
3,37,1,37,0
3,37,1,38,0
3,37,1,39,0
3,37,1,40,0
3,37,1,41,0
3,37,1,42,0
3,37,1,43,0
3,37,1,44,0
3,37,1,45,0
3,37,1,46,0
3,37,1,47,0
3,37,1,48,0
3,37,1,49,0
3,37,1,50,0
3,37,1,51,0
3,37,1,52,0
3,37,1,53,0
3,37,1,54,0
3,37,1,55,0
3,37,1,56,0
3,37,1,57,0
3,37,1,58,0
3,37,1,59,0
3,37,1,60,0
3,37,1,61,0
3,37,1,62,0
3,37,1,63,0
3,37,1,64,0
3,37,1,65,0
3,37,1,66,0
3,37,1,67,0
3,37,1,68,0
3,37,1,69,0
3,37,1,70,0
3,37,1,71,0
3,37,1,72,0
3,37,1,73,0
3,37,1,74,0
3,37,1,75,0
3,37,1,76,0
3,37,1,77,0
3,37,1,78,0
3,37,1,79,0
3,37,1,80,0
3,37,1,81,0
3,37,1,82,0
3,37,1,83,0
3,37,1,84,0
3,37,1,85,0
3,37,1,86,0
3,37,1,87,0
3,37,1,88,0
3,37,1,89,0
3,37,1,90,0
3,37,1,91,0
3,37,1,92,0
3,37,1,93,0
3,37,1,94,0
3,37,1,95,0
3,37,1,96,0
3,37,1,97,0
3,37,1,98,0
3,37,1,99,0
3,37,1,100,0
3,37,1,101,0
3,37,1,102,0
3,37,1,103,0
3,37,1,104,0
3,37,1,105,0
3,37,1,106,0
3,37,1,107,0
3,37,1,108,0
3,37,1,109,0
3,37,1,110,0
3,37,1,111,0
3,37,1,112,0
3,37,1,113,0
3,37,1,114,0
3,37,1,115,0
3,37,1,116,0
3,37,1,117,0
3,37,1,118,0
3,37,1,119,0
3,37,1,120,0
3,37,1,121,0
3,37,1,122,0
3,37,1,123,0
3,37,1,124,0
3,37,1,125,0
3,37,1,126,0
3,37,1,127,0
3,37,1,128,0
3,37,1,129,0
3,37,1,130,0
3,37,1,131,0
3,37,1,132,0
3,37,1,133,0
3,37,1,134,0
3,37,1,135,0
3,37,1,136,0
3,37,1,137,0
3,37,1,138,0
3,37,1,139,0
3,37,1,140,0
3,37,1,141,0
3,37,1,142,0
3,37,1,143,0
3,37,1,144,0
3,37,1,145,0
3,37,1,146,0
3,37,1,147,0
3,37,1,148,0
3,37,1,149,0
3,37,1,150,0
3,37,1,151,0
3,37,1,152,0
3,37,1,153,0
3,37,1,154,0
3,37,1,155,0
3,37,1,156,0
3,37,1,157,0
3,37,1,158,0
3,37,1,159,0
3,37,1,160,0
3,37,1,161,0
3,37,1,162,0
3,37,1,163,0
3,37,1,164,0
3,37,1,165,0
3,37,1,166,0
3,37,1,167,0
3,37,1,168,0
3,37,1,169,0
3,37,1,170,0
3,37,1,171,0
3,37,1,172,0
3,37,1,173,0
3,37,1,174,0
3,37,1,175,0
3,37,1,176,0
3,37,1,177,0
3,37,1,178,0
3,37,1,179,0
3,37,1,180,0
3,37,1,181,0
3,37,1,182,0
3,37,2,0,5923
3,37,2,1,182
3,37,2,2,0
3,37,2,3,0
3,37,2,4,0
3,37,2,5,0
3,37,2,6,0
3,37,2,7,0
3,37,2,8,0
3,37,2,9,0
3,37,2,10,0
3,37,2,11,0
3,37,2,12,0
3,37,2,13,0
3,37,2,14,0
3,37,2,15,0
3,37,2,16,0
3,37,2,17,0
3,37,2,18,0
3,37,2,19,0
3,37,2,20,0
3,37,2,21,0
3,37,2,22,0
3,37,2,23,0
3,37,2,24,0
3,37,2,25,0
3,37,2,26,0
3,37,2,27,0
3,37,2,28,0
3,37,2,29,0
3,37,2,30,0
3,37,2,31,0
3,37,2,32,0
3,37,2,33,0
3,37,2,34,0
3,37,2,35,0
3,37,2,36,0
3,37,2,37,0
3,37,2,38,0
3,37,2,39,0
3,37,2,40,0
3,37,2,41,0
3,37,2,42,0
3,37,2,43,0
3,37,2,44,0
3,37,2,45,0
3,37,2,46,0
3,37,2,47,0
3,37,2,48,0
3,37,2,49,0
3,37,2,50,0
3,37,2,51,0
3,37,2,52,0
3,37,2,53,0
3,37,2,54,0
3,37,2,55,0
3,37,2,56,0
3,37,2,57,0
3,37,2,58,0
3,37,2,59,0
3,37,2,60,0
3,37,2,61,0
3,37,2,62,0
3,37,2,63,0
3,37,2,64,0
3,37,2,65,0
3,37,2,66,0
3,37,2,67,0
3,37,2,68,0
3,37,2,69,0
3,37,2,70,0
3,37,2,71,0
3,37,2,72,0
3,37,2,73,0
3,37,2,74,0
3,37,2,75,0
3,37,2,76,0
3,37,2,77,0
3,37,2,78,0
3,37,2,79,0
3,37,2,80,0
3,37,2,81,0
3,37,2,82,0
3,37,2,83,0
3,37,2,84,0
3,37,2,85,0
3,37,2,86,0
3,37,2,87,0
3,37,2,88,0
3,37,2,89,0
3,37,2,90,0
3,37,2,91,0
3,37,2,92,0
3,37,2,93,0
3,37,2,94,0
3,37,2,95,0
3,37,2,96,0
3,37,2,97,0
3,37,2,98,0
3,37,2,99,0
3,37,2,100,0
3,37,2,101,0
3,37,2,102,0
3,37,2,103,0
3,37,2,104,0
3,37,2,105,0
3,37,2,106,0
3,37,2,107,0
3,37,2,108,0
3,37,2,109,0
3,37,2,110,0
3,37,2,111,0
3,37,2,112,0
3,37,2,113,0
3,37,2,114,0
3,37,2,115,0
3,37,2,116,0
3,37,2,117,0
3,37,2,118,0
3,37,2,119,0
3,37,2,120,0
3,37,2,121,0
3,37,2,122,0
3,37,2,123,0
3,37,2,124,0
3,37,2,125,0
3,37,2,126,0
3,37,2,127,0
3,37,2,128,0
3,37,2,129,0
3,37,2,130,0
3,37,2,131,0
3,37,2,132,0
3,37,2,133,0
3,37,2,134,0
3,37,2,135,0
3,37,2,136,0
3,37,2,137,0
3,37,2,138,0
3,37,2,139,0
3,37,2,140,0
3,37,2,141,0
3,37,2,142,0
3,37,2,143,0
3,37,2,144,0
3,37,2,145,0
3,37,2,146,0
3,37,2,147,0
3,37,2,148,0
3,37,2,149,0
3,37,2,150,0
3,37,2,151,0
3,37,2,152,0
3,37,2,153,0
3,37,2,154,0
3,37,2,155,0
3,37,2,156,0
3,37,2,157,0
3,37,2,158,0
3,37,2,159,0
3,37,2,160,0
3,37,2,161,0
3,37,2,162,0
3,37,2,163,0
3,37,2,164,0
3,37,2,165,0
3,37,2,166,0
3,37,2,167,0
3,37,2,168,0
3,37,2,169,0
3,37,2,170,0
3,37,2,171,0
3,37,2,172,0
3,37,2,173,0
3,37,2,174,0
3,37,2,175,0
3,37,2,176,0
3,37,2,177,0
3,37,2,178,0
3,37,2,179,0
3,37,2,180,0
3,37,2,181,0
3,37,2,182,0
3,37,3,0,202407
3,37,3,1,18978
3,37,3,2,430
3,37,3,3,0
3,37,3,4,0
3,37,3,5,0
3,37,3,6,0
3,37,3,7,0
3,37,3,8,0
3,37,3,9,0
3,37,3,10,0
3,37,3,11,0
3,37,3,12,0
3,37,3,13,0
3,37,3,14,0
3,37,3,15,0
3,37,3,16,0
3,37,3,17,0
3,37,3,18,0
3,37,3,19,0
3,37,3,20,0
3,37,3,21,0
3,37,3,22,0
3,37,3,23,0
3,37,3,24,0
3,37,3,25,0
3,37,3,26,0
3,37,3,27,0
3,37,3,28,0
3,37,3,29,0
3,37,3,30,0
3,37,3,31,0
3,37,3,32,0
3,37,3,33,0
3,37,3,34,0
3,37,3,35,0
3,37,3,36,0
3,37,3,37,0
3,37,3,38,0
3,37,3,39,0
3,37,3,40,0
3,37,3,41,0
3,37,3,42,0
3,37,3,43,0
3,37,3,44,0
3,37,3,45,0
3,37,3,46,0
3,37,3,47,0
3,37,3,48,0
3,37,3,49,0
3,37,3,50,0
3,37,3,51,0
3,37,3,52,0
3,37,3,53,0
3,37,3,54,0
3,37,3,55,0
3,37,3,56,0
3,37,3,57,0
3,37,3,58,0
3,37,3,59,0
3,37,3,60,0
3,37,3,61,0
3,37,3,62,0
3,37,3,63,0
3,37,3,64,0
3,37,3,65,0
3,37,3,66,0
3,37,3,67,0
3,37,3,68,0
3,37,3,69,0
3,37,3,70,0
3,37,3,71,0
3,37,3,72,0
3,37,3,73,0
3,37,3,74,0
3,37,3,75,0
3,37,3,76,0
3,37,3,77,0
3,37,3,78,0
3,37,3,79,0
3,37,3,80,0
3,37,3,81,0
3,37,3,82,0
3,37,3,83,0
3,37,3,84,0
3,37,3,85,0
3,37,3,86,0
3,37,3,87,0
3,37,3,88,0
3,37,3,89,0
3,37,3,90,0
3,37,3,91,0
3,37,3,92,0
3,37,3,93,0
3,37,3,94,0
3,37,3,95,0
3,37,3,96,0
3,37,3,97,0
3,37,3,98,0
3,37,3,99,0
3,37,3,100,0
3,37,3,101,0
3,37,3,102,0
3,37,3,103,0
3,37,3,104,0
3,37,3,105,0
3,37,3,106,0
3,37,3,107,0
3,37,3,108,0
3,37,3,109,0
3,37,3,110,0
3,37,3,111,0
3,37,3,112,0
3,37,3,113,0
3,37,3,114,0
3,37,3,115,0
3,37,3,116,0
3,37,3,117,0
3,37,3,118,0
3,37,3,119,0
3,37,3,120,0
3,37,3,121,0
3,37,3,122,0
3,37,3,123,0
3,37,3,124,0
3,37,3,125,0
3,37,3,126,0
3,37,3,127,0
3,37,3,128,0
3,37,3,129,0
3,37,3,130,0
3,37,3,131,0
3,37,3,132,0
3,37,3,133,0
3,37,3,134,0
3,37,3,135,0
3,37,3,136,0
3,37,3,137,0
3,37,3,138,0
3,37,3,139,0
3,37,3,140,0
3,37,3,141,0
3,37,3,142,0
3,37,3,143,0
3,37,3,144,0
3,37,3,145,0
3,37,3,146,0
3,37,3,147,0
3,37,3,148,0
3,37,3,149,0
3,37,3,150,0
3,37,3,151,0
3,37,3,152,0
3,37,3,153,0
3,37,3,154,0
3,37,3,155,0
3,37,3,156,0
3,37,3,157,0
3,37,3,158,0
3,37,3,159,0
3,37,3,160,0
3,37,3,161,0
3,37,3,162,0
3,37,3,163,0
3,37,3,164,0
3,37,3,165,0
3,37,3,166,0
3,37,3,167,0
3,37,3,168,0
3,37,3,169,0
3,37,3,170,0
3,37,3,171,0
3,37,3,172,0
3,37,3,173,0
3,37,3,174,0
3,37,3,175,0
3,37,3,176,0
3,37,3,177,0
3,37,3,178,0
3,37,3,179,0
3,37,3,180,0
3,37,3,181,0
3,37,3,182,0
3,37,4,0,4979068
3,37,4,1,949716
3,37,4,2,59199
3,37,4,3,950
3,37,4,4,72
3,37,4,5,0
3,37,4,6,0
3,37,4,7,0
3,37,4,8,0
3,37,4,9,0
3,37,4,10,0
3,37,4,11,0
3,37,4,12,0
3,37,4,13,0
3,37,4,14,0
3,37,4,15,0
3,37,4,16,0
3,37,4,17,0
3,37,4,18,0
3,37,4,19,0
3,37,4,20,0
3,37,4,21,0
3,37,4,22,0
3,37,4,23,0
3,37,4,24,0
3,37,4,25,0
3,37,4,26,0
3,37,4,27,0
3,37,4,28,0
3,37,4,29,0
3,37,4,30,0
3,37,4,31,0
3,37,4,32,0
3,37,4,33,0
3,37,4,34,0
3,37,4,35,0
3,37,4,36,0
3,37,4,37,0
3,37,4,38,0
3,37,4,39,0
3,37,4,40,0
3,37,4,41,0
3,37,4,42,0
3,37,4,43,0
3,37,4,44,0
3,37,4,45,0
3,37,4,46,0
3,37,4,47,0
3,37,4,48,0
3,37,4,49,0
3,37,4,50,0
3,37,4,51,0
3,37,4,52,0
3,37,4,53,0
3,37,4,54,0
3,37,4,55,0
3,37,4,56,0
3,37,4,57,0
3,37,4,58,0
3,37,4,59,0
3,37,4,60,0
3,37,4,61,0
3,37,4,62,0
3,37,4,63,0
3,37,4,64,0
3,37,4,65,0
3,37,4,66,0
3,37,4,67,0
3,37,4,68,0
3,37,4,69,0
3,37,4,70,0
3,37,4,71,0
3,37,4,72,0
3,37,4,73,0
3,37,4,74,0
3,37,4,75,0
3,37,4,76,0
3,37,4,77,0
3,37,4,78,0
3,37,4,79,0
3,37,4,80,0
3,37,4,81,0
3,37,4,82,0
3,37,4,83,0
3,37,4,84,0
3,37,4,85,0
3,37,4,86,0
3,37,4,87,0
3,37,4,88,0
3,37,4,89,0
3,37,4,90,0
3,37,4,91,0
3,37,4,92,0
3,37,4,93,0
3,37,4,94,0
3,37,4,95,0
3,37,4,96,0
3,37,4,97,0
3,37,4,98,0
3,37,4,99,0
3,37,4,100,0
3,37,4,101,0
3,37,4,102,0
3,37,4,103,0
3,37,4,104,0
3,37,4,105,0
3,37,4,106,0
3,37,4,107,0
3,37,4,108,0
3,37,4,109,0
3,37,4,110,0
3,37,4,111,0
3,37,4,112,0
3,37,4,113,0
3,37,4,114,0
3,37,4,115,0
3,37,4,116,0
3,37,4,117,0
3,37,4,118,0
3,37,4,119,0
3,37,4,120,0
3,37,4,121,0
3,37,4,122,0
3,37,4,123,0
3,37,4,124,0
3,37,4,125,0
3,37,4,126,0
3,37,4,127,0
3,37,4,128,0
3,37,4,129,0
3,37,4,130,0
3,37,4,131,0
3,37,4,132,0
3,37,4,133,0
3,37,4,134,0
3,37,4,135,0
3,37,4,136,0
3,37,4,137,0
3,37,4,138,0
3,37,4,139,0
3,37,4,140,0
3,37,4,141,0
3,37,4,142,0
3,37,4,143,0
3,37,4,144,0
3,37,4,145,0
3,37,4,146,0
3,37,4,147,0
3,37,4,148,0
3,37,4,149,0
3,37,4,150,0
3,37,4,151,0
3,37,4,152,0
3,37,4,153,0
3,37,4,154,0
3,37,4,155,0
3,37,4,156,0
3,37,4,157,0
3,37,4,158,0
3,37,4,159,0
3,37,4,160,0
3,37,4,161,0
3,37,4,162,0
3,37,4,163,0
3,37,4,164,0
3,37,4,165,0
3,37,4,166,0
3,37,4,167,0
3,37,4,168,0
3,37,4,169,0
3,37,4,170,0
3,37,4,171,0
3,37,4,172,0
3,37,4,173,0
3,37,4,174,0
3,37,4,175,0
3,37,4,176,0
3,37,4,177,0
3,37,4,178,0
3,37,4,179,0
3,37,4,180,0
3,37,4,181,0
3,37,4,182,0
3,37,5,0,93961446
3,37,5,1,30384180
3,37,5,2,3643565
3,37,5,3,165810
3,37,5,4,9282
3,37,5,5,424
3,37,5,6,0
3,37,5,7,0
3,37,5,8,0
3,37,5,9,0
3,37,5,10,0
3,37,5,11,0
3,37,5,12,0
3,37,5,13,0
3,37,5,14,0
3,37,5,15,0
3,37,5,16,0
3,37,5,17,0
3,37,5,18,0
3,37,5,19,0
3,37,5,20,0
3,37,5,21,0
3,37,5,22,0
3,37,5,23,0
3,37,5,24,0
3,37,5,25,0
3,37,5,26,0
3,37,5,27,0
3,37,5,28,0
3,37,5,29,0
3,37,5,30,0
3,37,5,31,0
3,37,5,32,0
3,37,5,33,0
3,37,5,34,0
3,37,5,35,0
3,37,5,36,0
3,37,5,37,0
3,37,5,38,0
3,37,5,39,0
3,37,5,40,0
3,37,5,41,0
3,37,5,42,0
3,37,5,43,0
3,37,5,44,0
3,37,5,45,0
3,37,5,46,0
3,37,5,47,0
3,37,5,48,0
3,37,5,49,0
3,37,5,50,0
3,37,5,51,0
3,37,5,52,0
3,37,5,53,0
3,37,5,54,0
3,37,5,55,0
3,37,5,56,0
3,37,5,57,0
3,37,5,58,0
3,37,5,59,0
3,37,5,60,0
3,37,5,61,0
3,37,5,62,0
3,37,5,63,0
3,37,5,64,0
3,37,5,65,0
3,37,5,66,0
3,37,5,67,0
3,37,5,68,0
3,37,5,69,0
3,37,5,70,0
3,37,5,71,0
3,37,5,72,0
3,37,5,73,0
3,37,5,74,0
3,37,5,75,0
3,37,5,76,0
3,37,5,77,0
3,37,5,78,0
3,37,5,79,0
3,37,5,80,0
3,37,5,81,0
3,37,5,82,0
3,37,5,83,0
3,37,5,84,0
3,37,5,85,0
3,37,5,86,0
3,37,5,87,0
3,37,5,88,0
3,37,5,89,0
3,37,5,90,0
3,37,5,91,0
3,37,5,92,0
3,37,5,93,0
3,37,5,94,0
3,37,5,95,0
3,37,5,96,0
3,37,5,97,0
3,37,5,98,0
3,37,5,99,0
3,37,5,100,0
3,37,5,101,0
3,37,5,102,0
3,37,5,103,0
3,37,5,104,0
3,37,5,105,0
3,37,5,106,0
3,37,5,107,0
3,37,5,108,0
3,37,5,109,0
3,37,5,110,0
3,37,5,111,0
3,37,5,112,0
3,37,5,113,0
3,37,5,114,0
3,37,5,115,0
3,37,5,116,0
3,37,5,117,0
3,37,5,118,0
3,37,5,119,0
3,37,5,120,0
3,37,5,121,0
3,37,5,122,0
3,37,5,123,0
3,37,5,124,0
3,37,5,125,0
3,37,5,126,0
3,37,5,127,0
3,37,5,128,0
3,37,5,129,0
3,37,5,130,0
3,37,5,131,0
3,37,5,132,0
3,37,5,133,0
3,37,5,134,0
3,37,5,135,0
3,37,5,136,0
3,37,5,137,0
3,37,5,138,0
3,37,5,139,0
3,37,5,140,0
3,37,5,141,0
3,37,5,142,0
3,37,5,143,0
3,37,5,144,0
3,37,5,145,0
3,37,5,146,0
3,37,5,147,0
3,37,5,148,0
3,37,5,149,0
3,37,5,150,0
3,37,5,151,0
3,37,5,152,0
3,37,5,153,0
3,37,5,154,0
3,37,5,155,0
3,37,5,156,0
3,37,5,157,0
3,37,5,158,0
3,37,5,159,0
3,37,5,160,0
3,37,5,161,0
3,37,5,162,0
3,37,5,163,0
3,37,5,164,0
3,37,5,165,0
3,37,5,166,0
3,37,5,167,0
3,37,5,168,0
3,37,5,169,0
3,37,5,170,0
3,37,5,171,0
3,37,5,172,0
3,37,5,173,0
3,37,5,174,0
3,37,5,175,0
3,37,5,176,0
3,37,5,177,0
3,37,5,178,0
3,37,5,179,0
3,37,5,180,0
3,37,5,181,0
3,37,5,182,0
3,37,6,0,1415667181
3,37,6,1,698492320
3,37,6,2,137136489
3,37,6,3,12103534
3,37,6,4,783979
3,37,6,5,58164
3,37,6,6,1384
3,37,6,7,106
3,37,6,8,0
3,37,6,9,0
3,37,6,10,0
3,37,6,11,0
3,37,6,12,0
3,37,6,13,0
3,37,6,14,0
3,37,6,15,0
3,37,6,16,0
3,37,6,17,0
3,37,6,18,0
3,37,6,19,0
3,37,6,20,0
3,37,6,21,0
3,37,6,22,0
3,37,6,23,0
3,37,6,24,0
3,37,6,25,0
3,37,6,26,0
3,37,6,27,0
3,37,6,28,0
3,37,6,29,0
3,37,6,30,0
3,37,6,31,0
3,37,6,32,0
3,37,6,33,0
3,37,6,34,0
3,37,6,35,0
3,37,6,36,0
3,37,6,37,0
3,37,6,38,0
3,37,6,39,0
3,37,6,40,0
3,37,6,41,0
3,37,6,42,0
3,37,6,43,0
3,37,6,44,0
3,37,6,45,0
3,37,6,46,0
3,37,6,47,0
3,37,6,48,0
3,37,6,49,0
3,37,6,50,0
3,37,6,51,0
3,37,6,52,0
3,37,6,53,0
3,37,6,54,0
3,37,6,55,0
3,37,6,56,0
3,37,6,57,0
3,37,6,58,0
3,37,6,59,0
3,37,6,60,0
3,37,6,61,0
3,37,6,62,0
3,37,6,63,0
3,37,6,64,0
3,37,6,65,0
3,37,6,66,0
3,37,6,67,0
3,37,6,68,0
3,37,6,69,0
3,37,6,70,0
3,37,6,71,0
3,37,6,72,0
3,37,6,73,0
3,37,6,74,0
3,37,6,75,0
3,37,6,76,0
3,37,6,77,0
3,37,6,78,0
3,37,6,79,0
3,37,6,80,0
3,37,6,81,0
3,37,6,82,0
3,37,6,83,0
3,37,6,84,0
3,37,6,85,0
3,37,6,86,0
3,37,6,87,0
3,37,6,88,0
3,37,6,89,0
3,37,6,90,0
3,37,6,91,0
3,37,6,92,0
3,37,6,93,0
3,37,6,94,0
3,37,6,95,0
3,37,6,96,0
3,37,6,97,0
3,37,6,98,0
3,37,6,99,0
3,37,6,100,0
3,37,6,101,0
3,37,6,102,0
3,37,6,103,0
3,37,6,104,0
3,37,6,105,0
3,37,6,106,0
3,37,6,107,0
3,37,6,108,0
3,37,6,109,0
3,37,6,110,0
3,37,6,111,0
3,37,6,112,0
3,37,6,113,0
3,37,6,114,0
3,37,6,115,0
3,37,6,116,0
3,37,6,117,0
3,37,6,118,0
3,37,6,119,0
3,37,6,120,0
3,37,6,121,0
3,37,6,122,0
3,37,6,123,0
3,37,6,124,0
3,37,6,125,0
3,37,6,126,0
3,37,6,127,0
3,37,6,128,0
3,37,6,129,0
3,37,6,130,0
3,37,6,131,0
3,37,6,132,0
3,37,6,133,0
3,37,6,134,0
3,37,6,135,0
3,37,6,136,0
3,37,6,137,0
3,37,6,138,0
3,37,6,139,0
3,37,6,140,0
3,37,6,141,0
3,37,6,142,0
3,37,6,143,0
3,37,6,144,0
3,37,6,145,0
3,37,6,146,0
3,37,6,147,0
3,37,6,148,0
3,37,6,149,0
3,37,6,150,0
3,37,6,151,0
3,37,6,152,0
3,37,6,153,0
3,37,6,154,0
3,37,6,155,0
3,37,6,156,0
3,37,6,157,0
3,37,6,158,0
3,37,6,159,0
3,37,6,160,0
3,37,6,161,0
3,37,6,162,0
3,37,6,163,0
3,37,6,164,0
3,37,6,165,0
3,37,6,166,0
3,37,6,167,0
3,37,6,168,0
3,37,6,169,0
3,37,6,170,0
3,37,6,171,0
3,37,6,172,0
3,37,6,173,0
3,37,6,174,0
3,37,6,175,0
3,37,6,176,0
3,37,6,177,0
3,37,6,178,0
3,37,6,179,0
3,37,6,180,0
3,37,6,181,0
3,37,6,182,0
3,37,7,0,17498832542
3,37,7,1,12295661646
3,37,7,2,3596969709
3,37,7,3,520310430
3,37,7,4,47422072
3,37,7,5,4196538
3,37,7,6,239698
3,37,7,7,13958
3,37,7,8,762
3,37,7,9,0
3,37,7,10,0
3,37,7,11,0
3,37,7,12,0
3,37,7,13,0
3,37,7,14,0
3,37,7,15,0
3,37,7,16,0
3,37,7,17,0
3,37,7,18,0
3,37,7,19,0
3,37,7,20,0
3,37,7,21,0
3,37,7,22,0
3,37,7,23,0
3,37,7,24,0
3,37,7,25,0
3,37,7,26,0
3,37,7,27,0
3,37,7,28,0
3,37,7,29,0
3,37,7,30,0
3,37,7,31,0
3,37,7,32,0
3,37,7,33,0
3,37,7,34,0
3,37,7,35,0
3,37,7,36,0
3,37,7,37,0
3,37,7,38,0
3,37,7,39,0
3,37,7,40,0
3,37,7,41,0
3,37,7,42,0
3,37,7,43,0
3,37,7,44,0
3,37,7,45,0
3,37,7,46,0
3,37,7,47,0
3,37,7,48,0
3,37,7,49,0
3,37,7,50,0
3,37,7,51,0
3,37,7,52,0
3,37,7,53,0
3,37,7,54,0
3,37,7,55,0
3,37,7,56,0
3,37,7,57,0
3,37,7,58,0
3,37,7,59,0
3,37,7,60,0
3,37,7,61,0
3,37,7,62,0
3,37,7,63,0
3,37,7,64,0
3,37,7,65,0
3,37,7,66,0
3,37,7,67,0
3,37,7,68,0
3,37,7,69,0
3,37,7,70,0
3,37,7,71,0
3,37,7,72,0
3,37,7,73,0
3,37,7,74,0
3,37,7,75,0
3,37,7,76,0
3,37,7,77,0
3,37,7,78,0
3,37,7,79,0
3,37,7,80,0
3,37,7,81,0
3,37,7,82,0
3,37,7,83,0
3,37,7,84,0
3,37,7,85,0
3,37,7,86,0
3,37,7,87,0
3,37,7,88,0
3,37,7,89,0
3,37,7,90,0
3,37,7,91,0
3,37,7,92,0
3,37,7,93,0
3,37,7,94,0
3,37,7,95,0
3,37,7,96,0
3,37,7,97,0
3,37,7,98,0
3,37,7,99,0
3,37,7,100,0
3,37,7,101,0
3,37,7,102,0
3,37,7,103,0
3,37,7,104,0
3,37,7,105,0
3,37,7,106,0
3,37,7,107,0
3,37,7,108,0
3,37,7,109,0
3,37,7,110,0
3,37,7,111,0
3,37,7,112,0
3,37,7,113,0
3,37,7,114,0
3,37,7,115,0
3,37,7,116,0
3,37,7,117,0
3,37,7,118,0
3,37,7,119,0
3,37,7,120,0
3,37,7,121,0
3,37,7,122,0
3,37,7,123,0
3,37,7,124,0
3,37,7,125,0
3,37,7,126,0
3,37,7,127,0
3,37,7,128,0
3,37,7,129,0
3,37,7,130,0
3,37,7,131,0
3,37,7,132,0
3,37,7,133,0
3,37,7,134,0
3,37,7,135,0
3,37,7,136,0
3,37,7,137,0
3,37,7,138,0
3,37,7,139,0
3,37,7,140,0
3,37,7,141,0
3,37,7,142,0
3,37,7,143,0
3,37,7,144,0
3,37,7,145,0
3,37,7,146,0
3,37,7,147,0
3,37,7,148,0
3,37,7,149,0
3,37,7,150,0
3,37,7,151,0
3,37,7,152,0
3,37,7,153,0
3,37,7,154,0
3,37,7,155,0
3,37,7,156,0
3,37,7,157,0
3,37,7,158,0
3,37,7,159,0
3,37,7,160,0
3,37,7,161,0
3,37,7,162,0
3,37,7,163,0
3,37,7,164,0
3,37,7,165,0
3,37,7,166,0
3,37,7,167,0
3,37,7,168,0
3,37,7,169,0
3,37,7,170,0
3,37,7,171,0
3,37,7,172,0
3,37,7,173,0
3,37,7,174,0
3,37,7,175,0
3,37,7,176,0
3,37,7,177,0
3,37,7,178,0
3,37,7,179,0
3,37,7,180,0
3,37,7,181,0
3,37,7,182,0
3,37,8,0,180979950458
3,37,8,1,172474015132
3,37,8,2,70633744717
3,37,8,3,15202247908
3,37,8,4,2002836616
3,37,8,5,214562838
3,37,8,6,18670303
3,37,8,7,1282680
3,37,8,8,102149
3,37,8,9,2606
3,37,8,10,208
3,37,8,11,0
3,37,8,12,0
3,37,8,13,0
3,37,8,14,0
3,37,8,15,0
3,37,8,16,0
3,37,8,17,0
3,37,8,18,0
3,37,8,19,0
3,37,8,20,0
3,37,8,21,0
3,37,8,22,0
3,37,8,23,0
3,37,8,24,0
3,37,8,25,0
3,37,8,26,0
3,37,8,27,0
3,37,8,28,0
3,37,8,29,0
3,37,8,30,0
3,37,8,31,0
3,37,8,32,0
3,37,8,33,0
3,37,8,34,0
3,37,8,35,0
3,37,8,36,0
3,37,8,37,0
3,37,8,38,0
3,37,8,39,0
3,37,8,40,0
3,37,8,41,0
3,37,8,42,0
3,37,8,43,0
3,37,8,44,0
3,37,8,45,0
3,37,8,46,0
3,37,8,47,0
3,37,8,48,0
3,37,8,49,0
3,37,8,50,0
3,37,8,51,0
3,37,8,52,0
3,37,8,53,0
3,37,8,54,0
3,37,8,55,0
3,37,8,56,0
3,37,8,57,0
3,37,8,58,0
3,37,8,59,0
3,37,8,60,0
3,37,8,61,0
3,37,8,62,0
3,37,8,63,0
3,37,8,64,0
3,37,8,65,0
3,37,8,66,0
3,37,8,67,0
3,37,8,68,0
3,37,8,69,0
3,37,8,70,0
3,37,8,71,0
3,37,8,72,0
3,37,8,73,0
3,37,8,74,0
3,37,8,75,0
3,37,8,76,0
3,37,8,77,0
3,37,8,78,0
3,37,8,79,0
3,37,8,80,0
3,37,8,81,0
3,37,8,82,0
3,37,8,83,0
3,37,8,84,0
3,37,8,85,0
3,37,8,86,0
3,37,8,87,0
3,37,8,88,0
3,37,8,89,0
3,37,8,90,0
3,37,8,91,0
3,37,8,92,0
3,37,8,93,0
3,37,8,94,0
3,37,8,95,0
3,37,8,96,0
3,37,8,97,0
3,37,8,98,0
3,37,8,99,0
3,37,8,100,0
3,37,8,101,0
3,37,8,102,0
3,37,8,103,0
3,37,8,104,0
3,37,8,105,0
3,37,8,106,0
3,37,8,107,0
3,37,8,108,0
3,37,8,109,0
3,37,8,110,0
3,37,8,111,0
3,37,8,112,0
3,37,8,113,0
3,37,8,114,0
3,37,8,115,0
3,37,8,116,0
3,37,8,117,0
3,37,8,118,0
3,37,8,119,0
3,37,8,120,0
3,37,8,121,0
3,37,8,122,0
3,37,8,123,0
3,37,8,124,0
3,37,8,125,0
3,37,8,126,0
3,37,8,127,0
3,37,8,128,0
3,37,8,129,0
3,37,8,130,0
3,37,8,131,0
3,37,8,132,0
3,37,8,133,0
3,37,8,134,0
3,37,8,135,0
3,37,8,136,0
3,37,8,137,0
3,37,8,138,0
3,37,8,139,0
3,37,8,140,0
3,37,8,141,0
3,37,8,142,0
3,37,8,143,0
3,37,8,144,0
3,37,8,145,0
3,37,8,146,0
3,37,8,147,0
3,37,8,148,0
3,37,8,149,0
3,37,8,150,0
3,37,8,151,0
3,37,8,152,0
3,37,8,153,0
3,37,8,154,0
3,37,8,155,0
3,37,8,156,0
3,37,8,157,0
3,37,8,158,0
3,37,8,159,0
3,37,8,160,0
3,37,8,161,0
3,37,8,162,0
3,37,8,163,0
3,37,8,164,0
3,37,8,165,0
3,37,8,166,0
3,37,8,167,0
3,37,8,168,0
3,37,8,169,0
3,37,8,170,0
3,37,8,171,0
3,37,8,172,0
3,37,8,173,0
3,37,8,174,0
3,37,8,175,0
3,37,8,176,0
3,37,8,177,0
3,37,8,178,0
3,37,8,179,0
3,37,8,180,0
3,37,8,181,0
3,37,8,182,0
3,37,9,0,1589413561679
3,37,9,1,1980967235028
3,37,9,2,1086237205079
3,37,9,3,326540261128
3,37,9,4,60570330291
3,37,9,5,8277084106
3,37,9,6,937299495
3,37,9,7,84928764
3,37,9,8,7588036
3,37,9,9,456490
3,37,9,10,27222
3,37,9,11,1352
3,37,9,12,35
3,37,9,13,0
3,37,9,14,0
3,37,9,15,0
3,37,9,16,0
3,37,9,17,0
3,37,9,18,0
3,37,9,19,0
3,37,9,20,0
3,37,9,21,0
3,37,9,22,0
3,37,9,23,0
3,37,9,24,0
3,37,9,25,0
3,37,9,26,0
3,37,9,27,0
3,37,9,28,0
3,37,9,29,0
3,37,9,30,0
3,37,9,31,0
3,37,9,32,0
3,37,9,33,0
3,37,9,34,0
3,37,9,35,0
3,37,9,36,0
3,37,9,37,0
3,37,9,38,0
3,37,9,39,0
3,37,9,40,0
3,37,9,41,0
3,37,9,42,0
3,37,9,43,0
3,37,9,44,0
3,37,9,45,0
3,37,9,46,0
3,37,9,47,0
3,37,9,48,0
3,37,9,49,0
3,37,9,50,0
3,37,9,51,0
3,37,9,52,0
3,37,9,53,0
3,37,9,54,0
3,37,9,55,0
3,37,9,56,0
3,37,9,57,0
3,37,9,58,0
3,37,9,59,0
3,37,9,60,0
3,37,9,61,0
3,37,9,62,0
3,37,9,63,0
3,37,9,64,0
3,37,9,65,0
3,37,9,66,0
3,37,9,67,0
3,37,9,68,0
3,37,9,69,0
3,37,9,70,0
3,37,9,71,0
3,37,9,72,0
3,37,9,73,0
3,37,9,74,0
3,37,9,75,0
3,37,9,76,0
3,37,9,77,0
3,37,9,78,0
3,37,9,79,0
3,37,9,80,0
3,37,9,81,0
3,37,9,82,0
3,37,9,83,0
3,37,9,84,0
3,37,9,85,0
3,37,9,86,0
3,37,9,87,0
3,37,9,88,0
3,37,9,89,0
3,37,9,90,0
3,37,9,91,0
3,37,9,92,0
3,37,9,93,0
3,37,9,94,0
3,37,9,95,0
3,37,9,96,0
3,37,9,97,0
3,37,9,98,0
3,37,9,99,0
3,37,9,100,0
3,37,9,101,0
3,37,9,102,0
3,37,9,103,0
3,37,9,104,0
3,37,9,105,0
3,37,9,106,0
3,37,9,107,0
3,37,9,108,0
3,37,9,109,0
3,37,9,110,0
3,37,9,111,0
3,37,9,112,0
3,37,9,113,0
3,37,9,114,0
3,37,9,115,0
3,37,9,116,0
3,37,9,117,0
3,37,9,118,0
3,37,9,119,0
3,37,9,120,0
3,37,9,121,0
3,37,9,122,0
3,37,9,123,0
3,37,9,124,0
3,37,9,125,0
3,37,9,126,0
3,37,9,127,0
3,37,9,128,0
3,37,9,129,0
3,37,9,130,0
3,37,9,131,0
3,37,9,132,0
3,37,9,133,0
3,37,9,134,0
3,37,9,135,0
3,37,9,136,0
3,37,9,137,0
3,37,9,138,0
3,37,9,139,0
3,37,9,140,0
3,37,9,141,0
3,37,9,142,0
3,37,9,143,0
3,37,9,144,0
3,37,9,145,0
3,37,9,146,0
3,37,9,147,0
3,37,9,148,0
3,37,9,149,0
3,37,9,150,0
3,37,9,151,0
3,37,9,152,0
3,37,9,153,0
3,37,9,154,0
3,37,9,155,0
3,37,9,156,0
3,37,9,157,0
3,37,9,158,0
3,37,9,159,0
3,37,9,160,0
3,37,9,161,0
3,37,9,162,0
3,37,9,163,0
3,37,9,164,0
3,37,9,165,0
3,37,9,166,0
3,37,9,167,0
3,37,9,168,0
3,37,9,169,0
3,37,9,170,0
3,37,9,171,0
3,37,9,172,0
3,37,9,173,0
3,37,9,174,0
3,37,9,175,0
3,37,9,176,0
3,37,9,177,0
3,37,9,178,0
3,37,9,179,0
3,37,9,180,0
3,37,9,181,0
3,37,9,182,0
3,37,10,0,11989070499809
3,37,10,1,18998645073150
3,37,10,2,13489199808027
3,37,10,3,5416134313740
3,37,10,4,1365631323907
3,37,10,5,243258135338
3,37,10,6,34546094900
3,37,10,7,4025959786
3,37,10,8,416577983
3,37,10,9,36429000
3,37,10,10,2571077
3,37,10,11,187610
3,37,10,12,7922
3,37,10,13,542
3,37,10,14,0
3,37,10,15,0
3,37,10,16,0
3,37,10,17,0
3,37,10,18,0
3,37,10,19,0
3,37,10,20,0
3,37,10,21,0
3,37,10,22,0
3,37,10,23,0
3,37,10,24,0
3,37,10,25,0
3,37,10,26,0
3,37,10,27,0
3,37,10,28,0
3,37,10,29,0
3,37,10,30,0
3,37,10,31,0
3,37,10,32,0
3,37,10,33,0
3,37,10,34,0
3,37,10,35,0
3,37,10,36,0
3,37,10,37,0
3,37,10,38,0
3,37,10,39,0
3,37,10,40,0
3,37,10,41,0
3,37,10,42,0
3,37,10,43,0
3,37,10,44,0
3,37,10,45,0
3,37,10,46,0
3,37,10,47,0
3,37,10,48,0
3,37,10,49,0
3,37,10,50,0
3,37,10,51,0
3,37,10,52,0
3,37,10,53,0
3,37,10,54,0
3,37,10,55,0
3,37,10,56,0
3,37,10,57,0
3,37,10,58,0
3,37,10,59,0
3,37,10,60,0
3,37,10,61,0
3,37,10,62,0
3,37,10,63,0
3,37,10,64,0
3,37,10,65,0
3,37,10,66,0
3,37,10,67,0
3,37,10,68,0
3,37,10,69,0
3,37,10,70,0
3,37,10,71,0
3,37,10,72,0
3,37,10,73,0
3,37,10,74,0
3,37,10,75,0
3,37,10,76,0
3,37,10,77,0
3,37,10,78,0
3,37,10,79,0
3,37,10,80,0
3,37,10,81,0
3,37,10,82,0
3,37,10,83,0
3,37,10,84,0
3,37,10,85,0
3,37,10,86,0
3,37,10,87,0
3,37,10,88,0
3,37,10,89,0
3,37,10,90,0
3,37,10,91,0
3,37,10,92,0
3,37,10,93,0
3,37,10,94,0
3,37,10,95,0
3,37,10,96,0
3,37,10,97,0
3,37,10,98,0
3,37,10,99,0
3,37,10,100,0
3,37,10,101,0
3,37,10,102,0
3,37,10,103,0
3,37,10,104,0
3,37,10,105,0
3,37,10,106,0
3,37,10,107,0
3,37,10,108,0
3,37,10,109,0
3,37,10,110,0
3,37,10,111,0
3,37,10,112,0
3,37,10,113,0
3,37,10,114,0
3,37,10,115,0
3,37,10,116,0
3,37,10,117,0
3,37,10,118,0
3,37,10,119,0
3,37,10,120,0
3,37,10,121,0
3,37,10,122,0
3,37,10,123,0
3,37,10,124,0
3,37,10,125,0
3,37,10,126,0
3,37,10,127,0
3,37,10,128,0
3,37,10,129,0
3,37,10,130,0
3,37,10,131,0
3,37,10,132,0
3,37,10,133,0
3,37,10,134,0
3,37,10,135,0
3,37,10,136,0
3,37,10,137,0
3,37,10,138,0
3,37,10,139,0
3,37,10,140,0
3,37,10,141,0
3,37,10,142,0
3,37,10,143,0
3,37,10,144,0
3,37,10,145,0
3,37,10,146,0
3,37,10,147,0
3,37,10,148,0
3,37,10,149,0
3,37,10,150,0
3,37,10,151,0
3,37,10,152,0
3,37,10,153,0
3,37,10,154,0
3,37,10,155,0
3,37,10,156,0
3,37,10,157,0
3,37,10,158,0
3,37,10,159,0
3,37,10,160,0
3,37,10,161,0
3,37,10,162,0
3,37,10,163,0
3,37,10,164,0
3,37,10,165,0
3,37,10,166,0
3,37,10,167,0
3,37,10,168,0
3,37,10,169,0
3,37,10,170,0
3,37,10,171,0
3,37,10,172,0
3,37,10,173,0
3,37,10,174,0
3,37,10,175,0
3,37,10,176,0
3,37,10,177,0
3,37,10,178,0
3,37,10,179,0
3,37,10,180,0
3,37,10,181,0
3,37,10,182,0
3,37,11,0,78377792746188
3,37,11,1,154398519423790
3,37,11,2,138284275096941
3,37,11,3,71723376338566
3,37,11,4,23801627127092
3,37,11,5,5510878645052
3,37,11,6,980797908654
3,37,11,7,142666342660
3,37,11,8,17732857125
3,37,11,9,1929667912
3,37,11,10,175752464
3,37,11,11,14770746
3,37,11,12,1000800
3,37,11,13,70284
3,37,11,14,2671
3,37,11,15,136
3,37,11,16,0
3,37,11,17,0
3,37,11,18,0
3,37,11,19,0
3,37,11,20,0
3,37,11,21,0
3,37,11,22,0
3,37,11,23,0
3,37,11,24,0
3,37,11,25,0
3,37,11,26,0
3,37,11,27,0
3,37,11,28,0
3,37,11,29,0
3,37,11,30,0
3,37,11,31,0
3,37,11,32,0
3,37,11,33,0
3,37,11,34,0
3,37,11,35,0
3,37,11,36,0
3,37,11,37,0
3,37,11,38,0
3,37,11,39,0
3,37,11,40,0
3,37,11,41,0
3,37,11,42,0
3,37,11,43,0
3,37,11,44,0
3,37,11,45,0
3,37,11,46,0
3,37,11,47,0
3,37,11,48,0
3,37,11,49,0
3,37,11,50,0
3,37,11,51,0
3,37,11,52,0
3,37,11,53,0
3,37,11,54,0
3,37,11,55,0
3,37,11,56,0
3,37,11,57,0
3,37,11,58,0
3,37,11,59,0
3,37,11,60,0
3,37,11,61,0
3,37,11,62,0
3,37,11,63,0
3,37,11,64,0
3,37,11,65,0
3,37,11,66,0
3,37,11,67,0
3,37,11,68,0
3,37,11,69,0
3,37,11,70,0
3,37,11,71,0
3,37,11,72,0
3,37,11,73,0
3,37,11,74,0
3,37,11,75,0
3,37,11,76,0
3,37,11,77,0
3,37,11,78,0
3,37,11,79,0
3,37,11,80,0
3,37,11,81,0
3,37,11,82,0
3,37,11,83,0
3,37,11,84,0
3,37,11,85,0
3,37,11,86,0
3,37,11,87,0
3,37,11,88,0
3,37,11,89,0
3,37,11,90,0
3,37,11,91,0
3,37,11,92,0
3,37,11,93,0
3,37,11,94,0
3,37,11,95,0
3,37,11,96,0
3,37,11,97,0
3,37,11,98,0
3,37,11,99,0
3,37,11,100,0
3,37,11,101,0
3,37,11,102,0
3,37,11,103,0
3,37,11,104,0
3,37,11,105,0
3,37,11,106,0
3,37,11,107,0
3,37,11,108,0
3,37,11,109,0
3,37,11,110,0
3,37,11,111,0
3,37,11,112,0
3,37,11,113,0
3,37,11,114,0
3,37,11,115,0
3,37,11,116,0
3,37,11,117,0
3,37,11,118,0
3,37,11,119,0
3,37,11,120,0
3,37,11,121,0
3,37,11,122,0
3,37,11,123,0
3,37,11,124,0
3,37,11,125,0
3,37,11,126,0
3,37,11,127,0
3,37,11,128,0
3,37,11,129,0
3,37,11,130,0
3,37,11,131,0
3,37,11,132,0
3,37,11,133,0
3,37,11,134,0
3,37,11,135,0
3,37,11,136,0
3,37,11,137,0
3,37,11,138,0
3,37,11,139,0
3,37,11,140,0
3,37,11,141,0
3,37,11,142,0
3,37,11,143,0
3,37,11,144,0
3,37,11,145,0
3,37,11,146,0
3,37,11,147,0
3,37,11,148,0
3,37,11,149,0
3,37,11,150,0
3,37,11,151,0
3,37,11,152,0
3,37,11,153,0
3,37,11,154,0
3,37,11,155,0
3,37,11,156,0
3,37,11,157,0
3,37,11,158,0
3,37,11,159,0
3,37,11,160,0
3,37,11,161,0
3,37,11,162,0
3,37,11,163,0
3,37,11,164,0
3,37,11,165,0
3,37,11,166,0
3,37,11,167,0
3,37,11,168,0
3,37,11,169,0
3,37,11,170,0
3,37,11,171,0
3,37,11,172,0
3,37,11,173,0
3,37,11,174,0
3,37,11,175,0
3,37,11,176,0
3,37,11,177,0
3,37,11,178,0
3,37,11,179,0
3,37,11,180,0
3,37,11,181,0
3,37,11,182,0
3,37,12,0,447306809932599
3,37,12,1,1075391875022692
3,37,12,2,1189723122736553
3,37,12,3,776696716142068
3,37,12,4,330087245476367
3,37,12,5,97980055964358
3,37,12,6,21878767502814
3,37,12,7,3922896494808
3,37,12,8,590634293977
3,37,12,9,77114450064
3,37,12,10,8713144293
3,37,12,11,864567054
3,37,12,12,75722825
3,37,12,13,6050480
3,37,12,14,401669
3,37,12,15,21900
3,37,12,16,1120
3,37,12,17,34
3,37,12,18,0
3,37,12,19,0
3,37,12,20,0
3,37,12,21,0
3,37,12,22,0
3,37,12,23,0
3,37,12,24,0
3,37,12,25,0
3,37,12,26,0
3,37,12,27,0
3,37,12,28,0
3,37,12,29,0
3,37,12,30,0
3,37,12,31,0
3,37,12,32,0
3,37,12,33,0
3,37,12,34,0
3,37,12,35,0
3,37,12,36,0
3,37,12,37,0
3,37,12,38,0
3,37,12,39,0
3,37,12,40,0
3,37,12,41,0
3,37,12,42,0
3,37,12,43,0
3,37,12,44,0
3,37,12,45,0
3,37,12,46,0
3,37,12,47,0
3,37,12,48,0
3,37,12,49,0
3,37,12,50,0
3,37,12,51,0
3,37,12,52,0
3,37,12,53,0
3,37,12,54,0
3,37,12,55,0
3,37,12,56,0
3,37,12,57,0
3,37,12,58,0
3,37,12,59,0
3,37,12,60,0
3,37,12,61,0
3,37,12,62,0
3,37,12,63,0
3,37,12,64,0
3,37,12,65,0
3,37,12,66,0
3,37,12,67,0
3,37,12,68,0
3,37,12,69,0
3,37,12,70,0
3,37,12,71,0
3,37,12,72,0
3,37,12,73,0
3,37,12,74,0
3,37,12,75,0
3,37,12,76,0
3,37,12,77,0
3,37,12,78,0
3,37,12,79,0
3,37,12,80,0
3,37,12,81,0
3,37,12,82,0
3,37,12,83,0
3,37,12,84,0
3,37,12,85,0
3,37,12,86,0
3,37,12,87,0
3,37,12,88,0
3,37,12,89,0
3,37,12,90,0
3,37,12,91,0
3,37,12,92,0
3,37,12,93,0
3,37,12,94,0
3,37,12,95,0
3,37,12,96,0
3,37,12,97,0
3,37,12,98,0
3,37,12,99,0
3,37,12,100,0
3,37,12,101,0
3,37,12,102,0
3,37,12,103,0
3,37,12,104,0
3,37,12,105,0
3,37,12,106,0
3,37,12,107,0
3,37,12,108,0
3,37,12,109,0
3,37,12,110,0
3,37,12,111,0
3,37,12,112,0
3,37,12,113,0
3,37,12,114,0
3,37,12,115,0
3,37,12,116,0
3,37,12,117,0
3,37,12,118,0
3,37,12,119,0
3,37,12,120,0
3,37,12,121,0
3,37,12,122,0
3,37,12,123,0
3,37,12,124,0
3,37,12,125,0
3,37,12,126,0
3,37,12,127,0
3,37,12,128,0
3,37,12,129,0
3,37,12,130,0
3,37,12,131,0
3,37,12,132,0
3,37,12,133,0
3,37,12,134,0
3,37,12,135,0
3,37,12,136,0
3,37,12,137,0
3,37,12,138,0
3,37,12,139,0
3,37,12,140,0
3,37,12,141,0
3,37,12,142,0
3,37,12,143,0
3,37,12,144,0
3,37,12,145,0
3,37,12,146,0
3,37,12,147,0
3,37,12,148,0
3,37,12,149,0
3,37,12,150,0
3,37,12,151,0
3,37,12,152,0
3,37,12,153,0
3,37,12,154,0
3,37,12,155,0
3,37,12,156,0
3,37,12,157,0
3,37,12,158,0
3,37,12,159,0
3,37,12,160,0
3,37,12,161,0
3,37,12,162,0
3,37,12,163,0
3,37,12,164,0
3,37,12,165,0
3,37,12,166,0
3,37,12,167,0
3,37,12,168,0
3,37,12,169,0
3,37,12,170,0
3,37,12,171,0
3,37,12,172,0
3,37,12,173,0
3,37,12,174,0
3,37,12,175,0
3,37,12,176,0
3,37,12,177,0
3,37,12,178,0
3,37,12,179,0
3,37,12,180,0
3,37,12,181,0
3,37,12,182,0
3,37,13,0,2241720504129225
3,37,13,1,6477092185918700
3,37,13,2,8699945331713219
3,37,13,3,7002003657422476
3,37,13,4,3725277109261140
3,37,13,5,1393776692177086
3,37,13,6,388724858544626
3,37,13,7,85592020462120
3,37,13,8,15590217774402
3,37,13,9,2429191555664
3,37,13,10,329574337759
3,37,13,11,39115566820
3,37,13,12,4107538344
3,37,13,13,390305550
3,37,13,14,32665721
3,37,13,15,2359090
3,37,13,16,155069
3,37,13,17,8052
3,37,13,18,462
3,37,13,19,0
3,37,13,20,0
3,37,13,21,0
3,37,13,22,0
3,37,13,23,0
3,37,13,24,0
3,37,13,25,0
3,37,13,26,0
3,37,13,27,0
3,37,13,28,0
3,37,13,29,0
3,37,13,30,0
3,37,13,31,0
3,37,13,32,0
3,37,13,33,0
3,37,13,34,0
3,37,13,35,0
3,37,13,36,0
3,37,13,37,0
3,37,13,38,0
3,37,13,39,0
3,37,13,40,0
3,37,13,41,0
3,37,13,42,0
3,37,13,43,0
3,37,13,44,0
3,37,13,45,0
3,37,13,46,0
3,37,13,47,0
3,37,13,48,0
3,37,13,49,0
3,37,13,50,0
3,37,13,51,0
3,37,13,52,0
3,37,13,53,0
3,37,13,54,0
3,37,13,55,0
3,37,13,56,0
3,37,13,57,0
3,37,13,58,0
3,37,13,59,0
3,37,13,60,0
3,37,13,61,0
3,37,13,62,0
3,37,13,63,0
3,37,13,64,0
3,37,13,65,0
3,37,13,66,0
3,37,13,67,0
3,37,13,68,0
3,37,13,69,0
3,37,13,70,0
3,37,13,71,0
3,37,13,72,0
3,37,13,73,0
3,37,13,74,0
3,37,13,75,0
3,37,13,76,0
3,37,13,77,0
3,37,13,78,0
3,37,13,79,0
3,37,13,80,0
3,37,13,81,0
3,37,13,82,0
3,37,13,83,0
3,37,13,84,0
3,37,13,85,0
3,37,13,86,0
3,37,13,87,0
3,37,13,88,0
3,37,13,89,0
3,37,13,90,0
3,37,13,91,0
3,37,13,92,0
3,37,13,93,0
3,37,13,94,0
3,37,13,95,0
3,37,13,96,0
3,37,13,97,0
3,37,13,98,0
3,37,13,99,0
3,37,13,100,0
3,37,13,101,0
3,37,13,102,0
3,37,13,103,0
3,37,13,104,0
3,37,13,105,0
3,37,13,106,0
3,37,13,107,0
3,37,13,108,0
3,37,13,109,0
3,37,13,110,0
3,37,13,111,0
3,37,13,112,0
3,37,13,113,0
3,37,13,114,0
3,37,13,115,0
3,37,13,116,0
3,37,13,117,0
3,37,13,118,0
3,37,13,119,0
3,37,13,120,0
3,37,13,121,0
3,37,13,122,0
3,37,13,123,0
3,37,13,124,0
3,37,13,125,0
3,37,13,126,0
3,37,13,127,0
3,37,13,128,0
3,37,13,129,0
3,37,13,130,0
3,37,13,131,0
3,37,13,132,0
3,37,13,133,0
3,37,13,134,0
3,37,13,135,0
3,37,13,136,0
3,37,13,137,0
3,37,13,138,0
3,37,13,139,0
3,37,13,140,0
3,37,13,141,0
3,37,13,142,0
3,37,13,143,0
3,37,13,144,0
3,37,13,145,0
3,37,13,146,0
3,37,13,147,0
3,37,13,148,0
3,37,13,149,0
3,37,13,150,0
3,37,13,151,0
3,37,13,152,0
3,37,13,153,0
3,37,13,154,0
3,37,13,155,0
3,37,13,156,0
3,37,13,157,0
3,37,13,158,0
3,37,13,159,0
3,37,13,160,0
3,37,13,161,0
3,37,13,162,0
3,37,13,163,0
3,37,13,164,0
3,37,13,165,0
3,37,13,166,0
3,37,13,167,0
3,37,13,168,0
3,37,13,169,0
3,37,13,170,0
3,37,13,171,0
3,37,13,172,0
3,37,13,173,0
3,37,13,174,0
3,37,13,175,0
3,37,13,176,0
3,37,13,177,0
3,37,13,178,0
3,37,13,179,0
3,37,13,180,0
3,37,13,181,0
3,37,13,182,0
3,37,14,0,9913357360673385
3,37,14,1,33978009644951604
3,37,14,2,54615714900335126
3,37,14,3,53276201834128318
3,37,14,4,34817996835931712
3,37,14,5,16146054482553182
3,37,14,6,5574297746559816
3,37,14,7,1502661767120506
3,37,14,8,330513114315265
3,37,14,9,61408041407874
3,37,14,10,9874392240790
3,37,14,11,1390780681392
3,37,14,12,172652423366
3,37,14,13,19278119154
3,37,14,14,1925795464
3,37,14,15,171437706
3,37,14,16,13576648
3,37,14,17,949722
3,37,14,18,65043
3,37,14,19,2470
3,37,14,20,132
3,37,14,21,0
3,37,14,22,0
3,37,14,23,0
3,37,14,24,0
3,37,14,25,0
3,37,14,26,0
3,37,14,27,0
3,37,14,28,0
3,37,14,29,0
3,37,14,30,0
3,37,14,31,0
3,37,14,32,0
3,37,14,33,0
3,37,14,34,0
3,37,14,35,0
3,37,14,36,0
3,37,14,37,0
3,37,14,38,0
3,37,14,39,0
3,37,14,40,0
3,37,14,41,0
3,37,14,42,0
3,37,14,43,0
3,37,14,44,0
3,37,14,45,0
3,37,14,46,0
3,37,14,47,0
3,37,14,48,0
3,37,14,49,0
3,37,14,50,0
3,37,14,51,0
3,37,14,52,0
3,37,14,53,0
3,37,14,54,0
3,37,14,55,0
3,37,14,56,0
3,37,14,57,0
3,37,14,58,0
3,37,14,59,0
3,37,14,60,0
3,37,14,61,0
3,37,14,62,0
3,37,14,63,0
3,37,14,64,0
3,37,14,65,0
3,37,14,66,0
3,37,14,67,0
3,37,14,68,0
3,37,14,69,0
3,37,14,70,0
3,37,14,71,0
3,37,14,72,0
3,37,14,73,0
3,37,14,74,0
3,37,14,75,0
3,37,14,76,0
3,37,14,77,0
3,37,14,78,0
3,37,14,79,0
3,37,14,80,0
3,37,14,81,0
3,37,14,82,0
3,37,14,83,0
3,37,14,84,0
3,37,14,85,0
3,37,14,86,0
3,37,14,87,0
3,37,14,88,0
3,37,14,89,0
3,37,14,90,0
3,37,14,91,0
3,37,14,92,0
3,37,14,93,0
3,37,14,94,0
3,37,14,95,0
3,37,14,96,0
3,37,14,97,0
3,37,14,98,0
3,37,14,99,0
3,37,14,100,0
3,37,14,101,0
3,37,14,102,0
3,37,14,103,0
3,37,14,104,0
3,37,14,105,0
3,37,14,106,0
3,37,14,107,0
3,37,14,108,0
3,37,14,109,0
3,37,14,110,0
3,37,14,111,0
3,37,14,112,0
3,37,14,113,0
3,37,14,114,0
3,37,14,115,0
3,37,14,116,0
3,37,14,117,0
3,37,14,118,0
3,37,14,119,0
3,37,14,120,0
3,37,14,121,0
3,37,14,122,0
3,37,14,123,0
3,37,14,124,0
3,37,14,125,0
3,37,14,126,0
3,37,14,127,0
3,37,14,128,0
3,37,14,129,0
3,37,14,130,0
3,37,14,131,0
3,37,14,132,0
3,37,14,133,0
3,37,14,134,0
3,37,14,135,0
3,37,14,136,0
3,37,14,137,0
3,37,14,138,0
3,37,14,139,0
3,37,14,140,0
3,37,14,141,0
3,37,14,142,0
3,37,14,143,0
3,37,14,144,0
3,37,14,145,0
3,37,14,146,0
3,37,14,147,0
3,37,14,148,0
3,37,14,149,0
3,37,14,150,0
3,37,14,151,0
3,37,14,152,0
3,37,14,153,0
3,37,14,154,0
3,37,14,155,0
3,37,14,156,0
3,37,14,157,0
3,37,14,158,0
3,37,14,159,0
3,37,14,160,0
3,37,14,161,0
3,37,14,162,0
3,37,14,163,0
3,37,14,164,0
3,37,14,165,0
3,37,14,166,0
3,37,14,167,0
3,37,14,168,0
3,37,14,169,0
3,37,14,170,0
3,37,14,171,0
3,37,14,172,0
3,37,14,173,0
3,37,14,174,0
3,37,14,175,0
3,37,14,176,0
3,37,14,177,0
3,37,14,178,0
3,37,14,179,0
3,37,14,180,0
3,37,14,181,0
3,37,14,182,0
3,37,15,0,38838113046241839
3,37,15,1,156151637366773750
3,37,15,2,296695868235488695
3,37,15,3,345828915185109642
3,37,15,4,273247509450094430
3,37,15,5,154648469616234296
3,37,15,6,65365041196648657
3,37,15,7,21462121673469786
3,37,15,8,5689564630651576
3,37,15,9,1259646544550584
3,37,15,10,239143578585420
3,37,15,11,39633058058490
3,37,15,12,5783138223966
3,37,15,13,752872390384
3,37,15,14,88148081857
3,37,15,15,9268176054
3,37,15,16,877609269
3,37,15,17,73746410
3,37,15,18,5940543
3,37,15,19,371804
3,37,15,20,22256
3,37,15,21,1024
3,37,15,22,33
3,37,15,23,0
3,37,15,24,0
3,37,15,25,0
3,37,15,26,0
3,37,15,27,0
3,37,15,28,0
3,37,15,29,0
3,37,15,30,0
3,37,15,31,0
3,37,15,32,0
3,37,15,33,0
3,37,15,34,0
3,37,15,35,0
3,37,15,36,0
3,37,15,37,0
3,37,15,38,0
3,37,15,39,0
3,37,15,40,0
3,37,15,41,0
3,37,15,42,0
3,37,15,43,0
3,37,15,44,0
3,37,15,45,0
3,37,15,46,0
3,37,15,47,0
3,37,15,48,0
3,37,15,49,0
3,37,15,50,0
3,37,15,51,0
3,37,15,52,0
3,37,15,53,0
3,37,15,54,0
3,37,15,55,0
3,37,15,56,0
3,37,15,57,0
3,37,15,58,0
3,37,15,59,0
3,37,15,60,0
3,37,15,61,0
3,37,15,62,0
3,37,15,63,0
3,37,15,64,0
3,37,15,65,0
3,37,15,66,0
3,37,15,67,0
3,37,15,68,0
3,37,15,69,0
3,37,15,70,0
3,37,15,71,0
3,37,15,72,0
3,37,15,73,0
3,37,15,74,0
3,37,15,75,0
3,37,15,76,0
3,37,15,77,0
3,37,15,78,0
3,37,15,79,0
3,37,15,80,0
3,37,15,81,0
3,37,15,82,0
3,37,15,83,0
3,37,15,84,0
3,37,15,85,0
3,37,15,86,0
3,37,15,87,0
3,37,15,88,0
3,37,15,89,0
3,37,15,90,0
3,37,15,91,0
3,37,15,92,0
3,37,15,93,0
3,37,15,94,0
3,37,15,95,0
3,37,15,96,0
3,37,15,97,0
3,37,15,98,0
3,37,15,99,0
3,37,15,100,0
3,37,15,101,0
3,37,15,102,0
3,37,15,103,0
3,37,15,104,0
3,37,15,105,0
3,37,15,106,0
3,37,15,107,0
3,37,15,108,0
3,37,15,109,0
3,37,15,110,0
3,37,15,111,0
3,37,15,112,0
3,37,15,113,0
3,37,15,114,0
3,37,15,115,0
3,37,15,116,0
3,37,15,117,0
3,37,15,118,0
3,37,15,119,0
3,37,15,120,0
3,37,15,121,0
3,37,15,122,0
3,37,15,123,0
3,37,15,124,0
3,37,15,125,0
3,37,15,126,0
3,37,15,127,0
3,37,15,128,0
3,37,15,129,0
3,37,15,130,0
3,37,15,131,0
3,37,15,132,0
3,37,15,133,0
3,37,15,134,0
3,37,15,135,0
3,37,15,136,0
3,37,15,137,0
3,37,15,138,0
3,37,15,139,0
3,37,15,140,0
3,37,15,141,0
3,37,15,142,0
3,37,15,143,0
3,37,15,144,0
3,37,15,145,0
3,37,15,146,0
3,37,15,147,0
3,37,15,148,0
3,37,15,149,0
3,37,15,150,0
3,37,15,151,0
3,37,15,152,0
3,37,15,153,0
3,37,15,154,0
3,37,15,155,0
3,37,15,156,0
3,37,15,157,0
3,37,15,158,0
3,37,15,159,0
3,37,15,160,0
3,37,15,161,0
3,37,15,162,0
3,37,15,163,0
3,37,15,164,0
3,37,15,165,0
3,37,15,166,0
3,37,15,167,0
3,37,15,168,0
3,37,15,169,0
3,37,15,170,0
3,37,15,171,0
3,37,15,172,0
3,37,15,173,0
3,37,15,174,0
3,37,15,175,0
3,37,15,176,0
3,37,15,177,0
3,37,15,178,0
3,37,15,179,0
3,37,15,180,0
3,37,15,181,0
3,37,15,182,0
3,37,16,0,135248574848301266
3,37,16,1,631673195987152904
3,37,16,2,1403777790983121983
3,37,16,3,1931688629490050506
3,37,16,4,1820496797532694460
3,37,16,5,1240314757248200536
3,37,16,6,634458115983573680
3,37,16,7,251937935539208626
3,37,16,8,80249451619761143
3,37,16,9,21149349407463554
3,37,16,10,4735431896546921
3,37,16,11,919507968379706
3,37,16,12,156838815275149
3,37,16,13,23742751108300
3,37,16,14,3224827466414
3,37,16,15,394470692542
3,37,16,16,43663390681
3,37,16,17,4332039914
3,37,16,18,399569818
3,37,16,19,32318412
3,37,16,20,2349675
3,37,16,21,150104
3,37,16,22,7848
3,37,16,23,448
3,37,16,24,0
3,37,16,25,0
3,37,16,26,0
3,37,16,27,0
3,37,16,28,0
3,37,16,29,0
3,37,16,30,0
3,37,16,31,0
3,37,16,32,0
3,37,16,33,0
3,37,16,34,0
3,37,16,35,0
3,37,16,36,0
3,37,16,37,0
3,37,16,38,0
3,37,16,39,0
3,37,16,40,0
3,37,16,41,0
3,37,16,42,0
3,37,16,43,0
3,37,16,44,0
3,37,16,45,0
3,37,16,46,0
3,37,16,47,0
3,37,16,48,0
3,37,16,49,0
3,37,16,50,0
3,37,16,51,0
3,37,16,52,0
3,37,16,53,0
3,37,16,54,0
3,37,16,55,0
3,37,16,56,0
3,37,16,57,0
3,37,16,58,0
3,37,16,59,0
3,37,16,60,0
3,37,16,61,0
3,37,16,62,0
3,37,16,63,0
3,37,16,64,0
3,37,16,65,0
3,37,16,66,0
3,37,16,67,0
3,37,16,68,0
3,37,16,69,0
3,37,16,70,0
3,37,16,71,0
3,37,16,72,0
3,37,16,73,0
3,37,16,74,0
3,37,16,75,0
3,37,16,76,0
3,37,16,77,0
3,37,16,78,0
3,37,16,79,0
3,37,16,80,0
3,37,16,81,0
3,37,16,82,0
3,37,16,83,0
3,37,16,84,0
3,37,16,85,0
3,37,16,86,0
3,37,16,87,0
3,37,16,88,0
3,37,16,89,0
3,37,16,90,0
3,37,16,91,0
3,37,16,92,0
3,37,16,93,0
3,37,16,94,0
3,37,16,95,0
3,37,16,96,0
3,37,16,97,0
3,37,16,98,0
3,37,16,99,0
3,37,16,100,0
3,37,16,101,0
3,37,16,102,0
3,37,16,103,0
3,37,16,104,0
3,37,16,105,0
3,37,16,106,0
3,37,16,107,0
3,37,16,108,0
3,37,16,109,0
3,37,16,110,0
3,37,16,111,0
3,37,16,112,0
3,37,16,113,0
3,37,16,114,0
3,37,16,115,0
3,37,16,116,0
3,37,16,117,0
3,37,16,118,0
3,37,16,119,0
3,37,16,120,0
3,37,16,121,0
3,37,16,122,0
3,37,16,123,0
3,37,16,124,0
3,37,16,125,0
3,37,16,126,0
3,37,16,127,0
3,37,16,128,0
3,37,16,129,0
3,37,16,130,0
3,37,16,131,0
3,37,16,132,0
3,37,16,133,0
3,37,16,134,0
3,37,16,135,0
3,37,16,136,0
3,37,16,137,0
3,37,16,138,0
3,37,16,139,0
3,37,16,140,0
3,37,16,141,0
3,37,16,142,0
3,37,16,143,0
3,37,16,144,0
3,37,16,145,0
3,37,16,146,0
3,37,16,147,0
3,37,16,148,0
3,37,16,149,0
3,37,16,150,0
3,37,16,151,0
3,37,16,152,0
3,37,16,153,0
3,37,16,154,0
3,37,16,155,0
3,37,16,156,0
3,37,16,157,0
3,37,16,158,0
3,37,16,159,0
3,37,16,160,0
3,37,16,161,0
3,37,16,162,0
3,37,16,163,0
3,37,16,164,0
3,37,16,165,0
3,37,16,166,0
3,37,16,167,0
3,37,16,168,0
3,37,16,169,0
3,37,16,170,0
3,37,16,171,0
3,37,16,172,0
3,37,16,173,0
3,37,16,174,0
3,37,16,175,0
3,37,16,176,0
3,37,16,177,0
3,37,16,178,0
3,37,16,179,0
3,37,16,180,0
3,37,16,181,0
3,37,16,182,0
3,37,17,0,419798736727350902
3,37,17,1,2258063036459761608
3,37,17,2,5815176208418020363
3,37,17,3,9349165520777866918
3,37,17,4,10388400087863284111
3,37,17,5,8417308975829993360
3,37,17,6,5153219720591272341
3,37,17,7,2454349511196300558
3,37,17,8,935021162347585258
3,37,17,9,292782198732507306
3,37,17,10,77261417784244957
3,37,17,11,17550059416854594
3,37,17,12,3486009125427955
3,37,17,13,612244314086482
3,37,17,14,96052227389108
3,37,17,15,13562896031644
3,37,17,16,1732985506093
3,37,17,17,200191282318
3,37,17,18,21120578426
3,37,17,19,2033216148
3,37,17,20,175379774
3,37,17,21,13789934
3,37,17,22,927981
3,37,17,23,64986
3,37,17,24,2397
3,37,17,25,128
3,37,17,26,0
3,37,17,27,0
3,37,17,28,0
3,37,17,29,0
3,37,17,30,0
3,37,17,31,0
3,37,17,32,0
3,37,17,33,0
3,37,17,34,0
3,37,17,35,0
3,37,17,36,0
3,37,17,37,0
3,37,17,38,0
3,37,17,39,0
3,37,17,40,0
3,37,17,41,0
3,37,17,42,0
3,37,17,43,0
3,37,17,44,0
3,37,17,45,0
3,37,17,46,0
3,37,17,47,0
3,37,17,48,0
3,37,17,49,0
3,37,17,50,0
3,37,17,51,0
3,37,17,52,0
3,37,17,53,0
3,37,17,54,0
3,37,17,55,0
3,37,17,56,0
3,37,17,57,0
3,37,17,58,0
3,37,17,59,0
3,37,17,60,0
3,37,17,61,0
3,37,17,62,0
3,37,17,63,0
3,37,17,64,0
3,37,17,65,0
3,37,17,66,0
3,37,17,67,0
3,37,17,68,0
3,37,17,69,0
3,37,17,70,0
3,37,17,71,0
3,37,17,72,0
3,37,17,73,0
3,37,17,74,0
3,37,17,75,0
3,37,17,76,0
3,37,17,77,0
3,37,17,78,0
3,37,17,79,0
3,37,17,80,0
3,37,17,81,0
3,37,17,82,0
3,37,17,83,0
3,37,17,84,0
3,37,17,85,0
3,37,17,86,0
3,37,17,87,0
3,37,17,88,0
3,37,17,89,0
3,37,17,90,0
3,37,17,91,0
3,37,17,92,0
3,37,17,93,0
3,37,17,94,0
3,37,17,95,0
3,37,17,96,0
3,37,17,97,0
3,37,17,98,0
3,37,17,99,0
3,37,17,100,0
3,37,17,101,0
3,37,17,102,0
3,37,17,103,0
3,37,17,104,0
3,37,17,105,0
3,37,17,106,0
3,37,17,107,0
3,37,17,108,0
3,37,17,109,0
3,37,17,110,0
3,37,17,111,0
3,37,17,112,0
3,37,17,113,0
3,37,17,114,0
3,37,17,115,0
3,37,17,116,0
3,37,17,117,0
3,37,17,118,0
3,37,17,119,0
3,37,17,120,0
3,37,17,121,0
3,37,17,122,0
3,37,17,123,0
3,37,17,124,0
3,37,17,125,0
3,37,17,126,0
3,37,17,127,0
3,37,17,128,0
3,37,17,129,0
3,37,17,130,0
3,37,17,131,0
3,37,17,132,0
3,37,17,133,0
3,37,17,134,0
3,37,17,135,0
3,37,17,136,0
3,37,17,137,0
3,37,17,138,0
3,37,17,139,0
3,37,17,140,0
3,37,17,141,0
3,37,17,142,0
3,37,17,143,0
3,37,17,144,0
3,37,17,145,0
3,37,17,146,0
3,37,17,147,0
3,37,17,148,0
3,37,17,149,0
3,37,17,150,0
3,37,17,151,0
3,37,17,152,0
3,37,17,153,0
3,37,17,154,0
3,37,17,155,0
3,37,17,156,0
3,37,17,157,0
3,37,17,158,0
3,37,17,159,0
3,37,17,160,0
3,37,17,161,0
3,37,17,162,0
3,37,17,163,0
3,37,17,164,0
3,37,17,165,0
3,37,17,166,0
3,37,17,167,0
3,37,17,168,0
3,37,17,169,0
3,37,17,170,0
3,37,17,171,0
3,37,17,172,0
3,37,17,173,0
3,37,17,174,0
3,37,17,175,0
3,37,17,176,0
3,37,17,177,0
3,37,17,178,0
3,37,17,179,0
3,37,17,180,0
3,37,17,181,0
3,37,17,182,0
3,37,18,0,1164069384093518609
3,37,18,1,7156181046052498576
3,37,18,2,21182641634382813781
3,37,18,3,39429555854393461426
3,37,18,4,51139199821251154916
3,37,18,5,48755174491977402402
3,37,18,6,35355610313342790790
3,37,18,7,20022425195738806944
3,37,18,8,9069634438815458654
3,37,18,9,3364010602489214018
3,37,18,10,1045017884661639817
3,37,18,11,277509240065670126
3,37,18,12,64073390850336023
3,37,18,13,13027234842746360
3,37,18,14,2356222602950391
3,37,18,15,382438887921708
3,37,18,16,56080046443463
3,37,18,17,7454981590688
3,37,18,18,901569692666
3,37,18,19,99859843060
3,37,18,20,10058599643
3,37,18,21,925590878
3,37,18,22,75700067
3,37,18,23,5995824
3,37,18,24,369910
3,37,18,25,22186
3,37,18,26,992
3,37,18,27,32
3,37,18,28,0
3,37,18,29,0
3,37,18,30,0
3,37,18,31,0
3,37,18,32,0
3,37,18,33,0
3,37,18,34,0
3,37,18,35,0
3,37,18,36,0
3,37,18,37,0
3,37,18,38,0
3,37,18,39,0
3,37,18,40,0
3,37,18,41,0
3,37,18,42,0
3,37,18,43,0
3,37,18,44,0
3,37,18,45,0
3,37,18,46,0
3,37,18,47,0
3,37,18,48,0
3,37,18,49,0
3,37,18,50,0
3,37,18,51,0
3,37,18,52,0
3,37,18,53,0
3,37,18,54,0
3,37,18,55,0
3,37,18,56,0
3,37,18,57,0
3,37,18,58,0
3,37,18,59,0
3,37,18,60,0
3,37,18,61,0
3,37,18,62,0
3,37,18,63,0
3,37,18,64,0
3,37,18,65,0
3,37,18,66,0
3,37,18,67,0
3,37,18,68,0
3,37,18,69,0
3,37,18,70,0
3,37,18,71,0
3,37,18,72,0
3,37,18,73,0
3,37,18,74,0
3,37,18,75,0
3,37,18,76,0
3,37,18,77,0
3,37,18,78,0
3,37,18,79,0
3,37,18,80,0
3,37,18,81,0
3,37,18,82,0
3,37,18,83,0
3,37,18,84,0
3,37,18,85,0
3,37,18,86,0
3,37,18,87,0
3,37,18,88,0
3,37,18,89,0
3,37,18,90,0
3,37,18,91,0
3,37,18,92,0
3,37,18,93,0
3,37,18,94,0
3,37,18,95,0
3,37,18,96,0
3,37,18,97,0
3,37,18,98,0
3,37,18,99,0
3,37,18,100,0
3,37,18,101,0
3,37,18,102,0
3,37,18,103,0
3,37,18,104,0
3,37,18,105,0
3,37,18,106,0
3,37,18,107,0
3,37,18,108,0
3,37,18,109,0
3,37,18,110,0
3,37,18,111,0
3,37,18,112,0
3,37,18,113,0
3,37,18,114,0
3,37,18,115,0
3,37,18,116,0
3,37,18,117,0
3,37,18,118,0
3,37,18,119,0
3,37,18,120,0
3,37,18,121,0
3,37,18,122,0
3,37,18,123,0
3,37,18,124,0
3,37,18,125,0
3,37,18,126,0
3,37,18,127,0
3,37,18,128,0
3,37,18,129,0
3,37,18,130,0
3,37,18,131,0
3,37,18,132,0
3,37,18,133,0
3,37,18,134,0
3,37,18,135,0
3,37,18,136,0
3,37,18,137,0
3,37,18,138,0
3,37,18,139,0
3,37,18,140,0
3,37,18,141,0
3,37,18,142,0
3,37,18,143,0
3,37,18,144,0
3,37,18,145,0
3,37,18,146,0
3,37,18,147,0
3,37,18,148,0
3,37,18,149,0
3,37,18,150,0
3,37,18,151,0
3,37,18,152,0
3,37,18,153,0
3,37,18,154,0
3,37,18,155,0
3,37,18,156,0
3,37,18,157,0
3,37,18,158,0
3,37,18,159,0
3,37,18,160,0
3,37,18,161,0
3,37,18,162,0
3,37,18,163,0
3,37,18,164,0
3,37,18,165,0
3,37,18,166,0
3,37,18,167,0
3,37,18,168,0
3,37,18,169,0
3,37,18,170,0
3,37,18,171,0
3,37,18,172,0
3,37,18,173,0
3,37,18,174,0
3,37,18,175,0
3,37,18,176,0
3,37,18,177,0
3,37,18,178,0
3,37,18,179,0
3,37,18,180,0
3,37,18,181,0
3,37,18,182,0
3,37,19,0,2889170041905424769
3,37,19,1,20159922357488429524
3,37,19,2,68091721551078810442
3,37,19,3,145577518216512871106
3,37,19,4,218452514350647128373
3,37,19,5,242755748357800248132
3,37,19,6,206550085497392968591
3,37,19,7,137901376710292836916
3,37,19,8,73783066851787019224
3,37,19,9,32281757665661047288
3,37,19,10,11781125907541027265
3,37,19,11,3654653740932898570
3,37,19,12,980052078565381643
3,37,19,13,230349226359670462
3,37,19,14,47971042794331269
3,37,19,15,8932396650029530
3,37,19,16,1498576501836766
3,37,19,17,227774617464768
3,37,19,18,31481953474604
3,37,19,19,3975933649746
3,37,19,20,459766960998
3,37,19,21,48654027106
3,37,19,22,4678626378
3,37,19,23,417390230
3,37,19,24,33275499
3,37,19,25,2368396
3,37,19,26,149863
3,37,19,27,7758
3,37,19,28,434
3,37,19,29,0
3,37,19,30,0
3,37,19,31,0
3,37,19,32,0
3,37,19,33,0
3,37,19,34,0
3,37,19,35,0
3,37,19,36,0
3,37,19,37,0
3,37,19,38,0
3,37,19,39,0
3,37,19,40,0
3,37,19,41,0
3,37,19,42,0
3,37,19,43,0
3,37,19,44,0
3,37,19,45,0
3,37,19,46,0
3,37,19,47,0
3,37,19,48,0
3,37,19,49,0
3,37,19,50,0
3,37,19,51,0
3,37,19,52,0
3,37,19,53,0
3,37,19,54,0
3,37,19,55,0
3,37,19,56,0
3,37,19,57,0
3,37,19,58,0
3,37,19,59,0
3,37,19,60,0
3,37,19,61,0
3,37,19,62,0
3,37,19,63,0
3,37,19,64,0
3,37,19,65,0
3,37,19,66,0
3,37,19,67,0
3,37,19,68,0
3,37,19,69,0
3,37,19,70,0
3,37,19,71,0
3,37,19,72,0
3,37,19,73,0
3,37,19,74,0
3,37,19,75,0
3,37,19,76,0
3,37,19,77,0
3,37,19,78,0
3,37,19,79,0
3,37,19,80,0
3,37,19,81,0
3,37,19,82,0
3,37,19,83,0
3,37,19,84,0
3,37,19,85,0
3,37,19,86,0
3,37,19,87,0
3,37,19,88,0
3,37,19,89,0
3,37,19,90,0
3,37,19,91,0
3,37,19,92,0
3,37,19,93,0
3,37,19,94,0
3,37,19,95,0
3,37,19,96,0
3,37,19,97,0
3,37,19,98,0
3,37,19,99,0
3,37,19,100,0
3,37,19,101,0
3,37,19,102,0
3,37,19,103,0
3,37,19,104,0
3,37,19,105,0
3,37,19,106,0
3,37,19,107,0
3,37,19,108,0
3,37,19,109,0
3,37,19,110,0
3,37,19,111,0
3,37,19,112,0
3,37,19,113,0
3,37,19,114,0
3,37,19,115,0
3,37,19,116,0
3,37,19,117,0
3,37,19,118,0
3,37,19,119,0
3,37,19,120,0
3,37,19,121,0
3,37,19,122,0
3,37,19,123,0
3,37,19,124,0
3,37,19,125,0
3,37,19,126,0
3,37,19,127,0
3,37,19,128,0
3,37,19,129,0
3,37,19,130,0
3,37,19,131,0
3,37,19,132,0
3,37,19,133,0
3,37,19,134,0
3,37,19,135,0
3,37,19,136,0
3,37,19,137,0
3,37,19,138,0
3,37,19,139,0
3,37,19,140,0
3,37,19,141,0
3,37,19,142,0
3,37,19,143,0
3,37,19,144,0
3,37,19,145,0
3,37,19,146,0
3,37,19,147,0
3,37,19,148,0
3,37,19,149,0
3,37,19,150,0
3,37,19,151,0
3,37,19,152,0
3,37,19,153,0
3,37,19,154,0
3,37,19,155,0
3,37,19,156,0
3,37,19,157,0
3,37,19,158,0
3,37,19,159,0
3,37,19,160,0
3,37,19,161,0
3,37,19,162,0
3,37,19,163,0
3,37,19,164,0
3,37,19,165,0
3,37,19,166,0
3,37,19,167,0
3,37,19,168,0
3,37,19,169,0
3,37,19,170,0
3,37,19,171,0
3,37,19,172,0
3,37,19,173,0
3,37,19,174,0
3,37,19,175,0
3,37,19,176,0
3,37,19,177,0
3,37,19,178,0
3,37,19,179,0
3,37,19,180,0
3,37,19,181,0
3,37,19,182,0
3,37,20,0,6428498148042122999
3,37,20,1,50596152983211777368
3,37,20,2,193721877487483847182
3,37,20,3,472326583959798971772
3,37,20,4,813677487879282963183
3,37,20,5,1045145696318623723104
3,37,20,6,1034481049212391152116
3,37,20,7,807623121542481463586
3,37,20,8,506886891091535996487
3,37,20,9,260295372554455259634
3,37,20,10,111265796805913164628
3,37,20,11,40265316460413198366
3,37,20,12,12533427413060342407
3,37,20,13,3402889624468673406
3,37,20,14,815234076929560401
3,37,20,15,173977181627383660
3,37,20,16,33342050735612861
3,37,20,17,5776369873954442
3,37,20,18,909091282168470
3,37,20,19,130516122462996
3,37,20,20,17161102749821
3,37,20,21,2070275247176
3,37,20,22,228735901421
3,37,20,23,23242860402
3,37,20,24,2170116409
3,37,20,25,183252224
3,37,20,26,14108548
3,37,20,27,934022
3,37,20,28,64393
3,37,20,29,2382
3,37,20,30,124
3,37,20,31,0
3,37,20,32,0
3,37,20,33,0
3,37,20,34,0
3,37,20,35,0
3,37,20,36,0
3,37,20,37,0
3,37,20,38,0
3,37,20,39,0
3,37,20,40,0
3,37,20,41,0
3,37,20,42,0
3,37,20,43,0
3,37,20,44,0
3,37,20,45,0
3,37,20,46,0
3,37,20,47,0
3,37,20,48,0
3,37,20,49,0
3,37,20,50,0
3,37,20,51,0
3,37,20,52,0
3,37,20,53,0
3,37,20,54,0
3,37,20,55,0
3,37,20,56,0
3,37,20,57,0
3,37,20,58,0
3,37,20,59,0
3,37,20,60,0
3,37,20,61,0
3,37,20,62,0
3,37,20,63,0
3,37,20,64,0
3,37,20,65,0
3,37,20,66,0
3,37,20,67,0
3,37,20,68,0
3,37,20,69,0
3,37,20,70,0
3,37,20,71,0
3,37,20,72,0
3,37,20,73,0
3,37,20,74,0
3,37,20,75,0
3,37,20,76,0
3,37,20,77,0
3,37,20,78,0
3,37,20,79,0
3,37,20,80,0
3,37,20,81,0
3,37,20,82,0
3,37,20,83,0
3,37,20,84,0
3,37,20,85,0
3,37,20,86,0
3,37,20,87,0
3,37,20,88,0
3,37,20,89,0
3,37,20,90,0
3,37,20,91,0
3,37,20,92,0
3,37,20,93,0
3,37,20,94,0
3,37,20,95,0
3,37,20,96,0
3,37,20,97,0
3,37,20,98,0
3,37,20,99,0
3,37,20,100,0
3,37,20,101,0
3,37,20,102,0
3,37,20,103,0
3,37,20,104,0
3,37,20,105,0
3,37,20,106,0
3,37,20,107,0
3,37,20,108,0
3,37,20,109,0
3,37,20,110,0
3,37,20,111,0
3,37,20,112,0
3,37,20,113,0
3,37,20,114,0
3,37,20,115,0
3,37,20,116,0
3,37,20,117,0
3,37,20,118,0
3,37,20,119,0
3,37,20,120,0
3,37,20,121,0
3,37,20,122,0
3,37,20,123,0
3,37,20,124,0
3,37,20,125,0
3,37,20,126,0
3,37,20,127,0
3,37,20,128,0
3,37,20,129,0
3,37,20,130,0
3,37,20,131,0
3,37,20,132,0
3,37,20,133,0
3,37,20,134,0
3,37,20,135,0
3,37,20,136,0
3,37,20,137,0
3,37,20,138,0
3,37,20,139,0
3,37,20,140,0
3,37,20,141,0
3,37,20,142,0
3,37,20,143,0
3,37,20,144,0
3,37,20,145,0
3,37,20,146,0
3,37,20,147,0
3,37,20,148,0
3,37,20,149,0
3,37,20,150,0
3,37,20,151,0
3,37,20,152,0
3,37,20,153,0
3,37,20,154,0
3,37,20,155,0
3,37,20,156,0
3,37,20,157,0
3,37,20,158,0
3,37,20,159,0
3,37,20,160,0
3,37,20,161,0
3,37,20,162,0
3,37,20,163,0
3,37,20,164,0
3,37,20,165,0
3,37,20,166,0
3,37,20,167,0
3,37,20,168,0
3,37,20,169,0
3,37,20,170,0
3,37,20,171,0
3,37,20,172,0
3,37,20,173,0
3,37,20,174,0
3,37,20,175,0
3,37,20,176,0
3,37,20,177,0
3,37,20,178,0
3,37,20,179,0
3,37,20,180,0
3,37,20,181,0
3,37,20,182,0
3,37,21,0,12839691223661084666
3,37,21,1,113333262237655956784
3,37,21,2,488969610021688460964
3,37,21,3,1350906933572839114502
3,37,21,4,2653153166011291683742
3,37,21,5,3909818071064938811926
3,37,21,6,4467058533007764532787
3,37,21,7,4047059551954180458244
3,37,21,8,2959160159589369915757
3,37,21,9,1773703524418165925686
3,37,21,10,884684464128283822573
3,37,21,11,372678003173911074982
3,37,21,12,134520607153448077282
3,37,21,13,42168100222983293122
3,37,21,14,11615267338272955397
3,37,21,15,2839374476110872478
3,37,21,16,621165390180380986
3,37,21,17,122488179380607906
3,37,21,18,21898189682612786
3,37,21,19,3565834563519252
3,37,21,20,531043231240365
3,37,21,21,72578518123542
3,37,21,22,9111863845862
3,37,21,23,1052322195790
3,37,21,24,111995465676
3,37,21,25,10953025124
3,37,21,26,980230129
3,37,21,27,78734476
3,37,21,28,6071423
3,37,21,29,371902
3,37,21,30,22188
3,37,21,31,960
3,37,21,32,31
3,37,21,33,0
3,37,21,34,0
3,37,21,35,0
3,37,21,36,0
3,37,21,37,0
3,37,21,38,0
3,37,21,39,0
3,37,21,40,0
3,37,21,41,0
3,37,21,42,0
3,37,21,43,0
3,37,21,44,0
3,37,21,45,0
3,37,21,46,0
3,37,21,47,0
3,37,21,48,0
3,37,21,49,0
3,37,21,50,0
3,37,21,51,0
3,37,21,52,0
3,37,21,53,0
3,37,21,54,0
3,37,21,55,0
3,37,21,56,0
3,37,21,57,0
3,37,21,58,0
3,37,21,59,0
3,37,21,60,0
3,37,21,61,0
3,37,21,62,0
3,37,21,63,0
3,37,21,64,0
3,37,21,65,0
3,37,21,66,0
3,37,21,67,0
3,37,21,68,0
3,37,21,69,0
3,37,21,70,0
3,37,21,71,0
3,37,21,72,0
3,37,21,73,0
3,37,21,74,0
3,37,21,75,0
3,37,21,76,0
3,37,21,77,0
3,37,21,78,0
3,37,21,79,0
3,37,21,80,0
3,37,21,81,0
3,37,21,82,0
3,37,21,83,0
3,37,21,84,0
3,37,21,85,0
3,37,21,86,0
3,37,21,87,0
3,37,21,88,0
3,37,21,89,0
3,37,21,90,0
3,37,21,91,0
3,37,21,92,0
3,37,21,93,0
3,37,21,94,0
3,37,21,95,0
3,37,21,96,0
3,37,21,97,0
3,37,21,98,0
3,37,21,99,0
3,37,21,100,0
3,37,21,101,0
3,37,21,102,0
3,37,21,103,0
3,37,21,104,0
3,37,21,105,0
3,37,21,106,0
3,37,21,107,0
3,37,21,108,0
3,37,21,109,0
3,37,21,110,0
3,37,21,111,0
3,37,21,112,0
3,37,21,113,0
3,37,21,114,0
3,37,21,115,0
3,37,21,116,0
3,37,21,117,0
3,37,21,118,0
3,37,21,119,0
3,37,21,120,0
3,37,21,121,0
3,37,21,122,0
3,37,21,123,0
3,37,21,124,0
3,37,21,125,0
3,37,21,126,0
3,37,21,127,0
3,37,21,128,0
3,37,21,129,0
3,37,21,130,0
3,37,21,131,0
3,37,21,132,0
3,37,21,133,0
3,37,21,134,0
3,37,21,135,0
3,37,21,136,0
3,37,21,137,0
3,37,21,138,0
3,37,21,139,0
3,37,21,140,0
3,37,21,141,0
3,37,21,142,0
3,37,21,143,0
3,37,21,144,0
3,37,21,145,0
3,37,21,146,0
3,37,21,147,0
3,37,21,148,0
3,37,21,149,0
3,37,21,150,0
3,37,21,151,0
3,37,21,152,0
3,37,21,153,0
3,37,21,154,0
3,37,21,155,0
3,37,21,156,0
3,37,21,157,0
3,37,21,158,0
3,37,21,159,0
3,37,21,160,0
3,37,21,161,0
3,37,21,162,0
3,37,21,163,0
3,37,21,164,0
3,37,21,165,0
3,37,21,166,0
3,37,21,167,0
3,37,21,168,0
3,37,21,169,0
3,37,21,170,0
3,37,21,171,0
3,37,21,172,0
3,37,21,173,0
3,37,21,174,0
3,37,21,175,0
3,37,21,176,0
3,37,21,177,0
3,37,21,178,0
3,37,21,179,0
3,37,21,180,0
3,37,21,181,0
3,37,21,182,0
3,37,22,0,23044878510318456425
3,37,22,1,226911772111231134456
3,37,22,2,1097147480261139860814
3,37,22,3,3414759233085861989476
3,37,22,4,7598078980306013127311
3,37,22,5,12760129642261730221636
3,37,22,6,16710515997544187171737
3,37,22,7,17445205436015038599954
3,37,22,8,14761966613369210790090
3,37,22,9,10268912788415425823746
3,37,22,10,5950235371716495184987
3,37,22,11,2909353323492178208296
3,37,22,12,1215868964305400789397
3,37,22,13,439735908375482147902
3,37,22,14,139213550013901764680
3,37,22,15,38969282124397705360
3,37,22,16,9728902231029256907
3,37,22,17,2182439876108815360
3,37,22,18,442709516288898901
3,37,22,19,81634468628132384
3,37,22,20,13743850112615324
3,37,22,21,2120881792678136
3,37,22,22,300806621380674
3,37,22,23,39276474835292
3,37,22,24,4729419861028
3,37,22,25,525646745122
3,37,22,26,53850623252
3,37,22,27,5039010972
3,37,22,28,438468084
3,37,22,29,34227966
3,37,22,30,2409761
3,37,22,31,148986
3,37,22,32,7714
3,37,22,33,420
3,37,22,34,0
3,37,22,35,0
3,37,22,36,0
3,37,22,37,0
3,37,22,38,0
3,37,22,39,0
3,37,22,40,0
3,37,22,41,0
3,37,22,42,0
3,37,22,43,0
3,37,22,44,0
3,37,22,45,0
3,37,22,46,0
3,37,22,47,0
3,37,22,48,0
3,37,22,49,0
3,37,22,50,0
3,37,22,51,0
3,37,22,52,0
3,37,22,53,0
3,37,22,54,0
3,37,22,55,0
3,37,22,56,0
3,37,22,57,0
3,37,22,58,0
3,37,22,59,0
3,37,22,60,0
3,37,22,61,0
3,37,22,62,0
3,37,22,63,0
3,37,22,64,0
3,37,22,65,0
3,37,22,66,0
3,37,22,67,0
3,37,22,68,0
3,37,22,69,0
3,37,22,70,0
3,37,22,71,0
3,37,22,72,0
3,37,22,73,0
3,37,22,74,0
3,37,22,75,0
3,37,22,76,0
3,37,22,77,0
3,37,22,78,0
3,37,22,79,0
3,37,22,80,0
3,37,22,81,0
3,37,22,82,0
3,37,22,83,0
3,37,22,84,0
3,37,22,85,0
3,37,22,86,0
3,37,22,87,0
3,37,22,88,0
3,37,22,89,0
3,37,22,90,0
3,37,22,91,0
3,37,22,92,0
3,37,22,93,0
3,37,22,94,0
3,37,22,95,0
3,37,22,96,0
3,37,22,97,0
3,37,22,98,0
3,37,22,99,0
3,37,22,100,0
3,37,22,101,0
3,37,22,102,0
3,37,22,103,0
3,37,22,104,0
3,37,22,105,0
3,37,22,106,0
3,37,22,107,0
3,37,22,108,0
3,37,22,109,0
3,37,22,110,0
3,37,22,111,0
3,37,22,112,0
3,37,22,113,0
3,37,22,114,0
3,37,22,115,0
3,37,22,116,0
3,37,22,117,0
3,37,22,118,0
3,37,22,119,0
3,37,22,120,0
3,37,22,121,0
3,37,22,122,0
3,37,22,123,0
3,37,22,124,0
3,37,22,125,0
3,37,22,126,0
3,37,22,127,0
3,37,22,128,0
3,37,22,129,0
3,37,22,130,0
3,37,22,131,0
3,37,22,132,0
3,37,22,133,0
3,37,22,134,0
3,37,22,135,0
3,37,22,136,0
3,37,22,137,0
3,37,22,138,0
3,37,22,139,0
3,37,22,140,0
3,37,22,141,0
3,37,22,142,0
3,37,22,143,0
3,37,22,144,0
3,37,22,145,0
3,37,22,146,0
3,37,22,147,0
3,37,22,148,0
3,37,22,149,0
3,37,22,150,0
3,37,22,151,0
3,37,22,152,0
3,37,22,153,0
3,37,22,154,0
3,37,22,155,0
3,37,22,156,0
3,37,22,157,0
3,37,22,158,0
3,37,22,159,0
3,37,22,160,0
3,37,22,161,0
3,37,22,162,0
3,37,22,163,0
3,37,22,164,0
3,37,22,165,0
3,37,22,166,0
3,37,22,167,0
3,37,22,168,0
3,37,22,169,0
3,37,22,170,0
3,37,22,171,0
3,37,22,172,0
3,37,22,173,0
3,37,22,174,0
3,37,22,175,0
3,37,22,176,0
3,37,22,177,0
3,37,22,178,0
3,37,22,179,0
3,37,22,180,0
3,37,22,181,0
3,37,22,182,0
3,37,23,0,37200722547075196169
3,37,23,1,406579823008375899246
3,37,23,2,2191954763344733182514
3,37,23,3,7644695565982901656464
3,37,23,4,19161915236493623054961
3,37,23,5,36451214050662397514182
3,37,23,6,54368631299399580924944
3,37,23,7,64980364432987974156728
3,37,23,8,63233827131975765864057
3,37,23,9,50758713442310543224920
3,37,23,10,34006384213220293345708
3,37,23,11,19231722886290436661514
3,37,23,12,9284951127723512599737
3,37,23,13,3869815980773853956496
3,37,23,14,1407346966053250121503
3,37,23,15,451011192343719891698
3,37,23,16,128479906794753168054
3,37,23,17,32783367039155820380
3,37,23,18,7542717347035593060
3,37,23,19,1573744757439427712
3,37,23,20,299198858077176626
3,37,23,21,52048333362527436
3,37,23,22,8313963764550460
3,37,23,23,1222554940436216
3,37,23,24,165825853691896
3,37,23,25,20780220328426
3,37,23,26,2408526593543
3,37,23,27,257244760066
3,37,23,28,25403859404
3,37,23,29,2308137410
3,37,23,30,191565771
3,37,23,31,14418418
3,37,23,32,942640
3,37,23,33,63808
3,37,23,34,2363
3,37,23,35,120
3,37,23,36,0
3,37,23,37,0
3,37,23,38,0
3,37,23,39,0
3,37,23,40,0
3,37,23,41,0
3,37,23,42,0
3,37,23,43,0
3,37,23,44,0
3,37,23,45,0
3,37,23,46,0
3,37,23,47,0
3,37,23,48,0
3,37,23,49,0
3,37,23,50,0
3,37,23,51,0
3,37,23,52,0
3,37,23,53,0
3,37,23,54,0
3,37,23,55,0
3,37,23,56,0
3,37,23,57,0
3,37,23,58,0
3,37,23,59,0
3,37,23,60,0
3,37,23,61,0
3,37,23,62,0
3,37,23,63,0
3,37,23,64,0
3,37,23,65,0
3,37,23,66,0
3,37,23,67,0
3,37,23,68,0
3,37,23,69,0
3,37,23,70,0
3,37,23,71,0
3,37,23,72,0
3,37,23,73,0
3,37,23,74,0
3,37,23,75,0
3,37,23,76,0
3,37,23,77,0
3,37,23,78,0
3,37,23,79,0
3,37,23,80,0
3,37,23,81,0
3,37,23,82,0
3,37,23,83,0
3,37,23,84,0
3,37,23,85,0
3,37,23,86,0
3,37,23,87,0
3,37,23,88,0
3,37,23,89,0
3,37,23,90,0
3,37,23,91,0
3,37,23,92,0
3,37,23,93,0
3,37,23,94,0
3,37,23,95,0
3,37,23,96,0
3,37,23,97,0
3,37,23,98,0
3,37,23,99,0
3,37,23,100,0
3,37,23,101,0
3,37,23,102,0
3,37,23,103,0
3,37,23,104,0
3,37,23,105,0
3,37,23,106,0
3,37,23,107,0
3,37,23,108,0
3,37,23,109,0
3,37,23,110,0
3,37,23,111,0
3,37,23,112,0
3,37,23,113,0
3,37,23,114,0
3,37,23,115,0
3,37,23,116,0
3,37,23,117,0
3,37,23,118,0
3,37,23,119,0
3,37,23,120,0
3,37,23,121,0
3,37,23,122,0
3,37,23,123,0
3,37,23,124,0
3,37,23,125,0
3,37,23,126,0
3,37,23,127,0
3,37,23,128,0
3,37,23,129,0
3,37,23,130,0
3,37,23,131,0
3,37,23,132,0
3,37,23,133,0
3,37,23,134,0
3,37,23,135,0
3,37,23,136,0
3,37,23,137,0
3,37,23,138,0
3,37,23,139,0
3,37,23,140,0
3,37,23,141,0
3,37,23,142,0
3,37,23,143,0
3,37,23,144,0
3,37,23,145,0
3,37,23,146,0
3,37,23,147,0
3,37,23,148,0
3,37,23,149,0
3,37,23,150,0
3,37,23,151,0
3,37,23,152,0
3,37,23,153,0
3,37,23,154,0
3,37,23,155,0
3,37,23,156,0
3,37,23,157,0
3,37,23,158,0
3,37,23,159,0
3,37,23,160,0
3,37,23,161,0
3,37,23,162,0
3,37,23,163,0
3,37,23,164,0
3,37,23,165,0
3,37,23,166,0
3,37,23,167,0
3,37,23,168,0
3,37,23,169,0
3,37,23,170,0
3,37,23,171,0
3,37,23,172,0
3,37,23,173,0
3,37,23,174,0
3,37,23,175,0
3,37,23,176,0
3,37,23,177,0
3,37,23,178,0
3,37,23,179,0
3,37,23,180,0
3,37,23,181,0
3,37,23,182,0
3,37,24,0,54050358637465736750
3,37,24,1,652609494463041246744
3,37,24,2,3904382517555231944271
3,37,24,3,15183398943830635742038
3,37,24,4,42649732818888938105340
3,37,24,5,91392118734020911843580
3,37,24,6,154355761921586623397093
3,37,24,7,209946945277838830116454
3,37,24,8,233562476289227112228682
3,37,24,9,215140797521827730473692
3,37,24,10,165838928188001247077371
3,37,24,11,108052564146233277411902
3,37,24,12,60096925163309219107601
3,37,24,13,28815388230361913810150
3,37,24,14,12027647706087183148535
3,37,24,15,4411234346956767421464
3,37,24,16,1433761709679733896589
3,37,24,17,416154114189062221832
3,37,24,18,108601112573456082174
3,37,24,19,25633321207355208048
3,37,24,20,5500568397431133930
3,37,24,21,1077886894275186716
3,37,24,22,193636239735050692
3,37,24,23,31992550942589712
3,37,24,24,4873635859917372
3,37,24,25,685924311115056
3,37,24,26,89348103906877
3,37,24,27,10771541533800
3,37,24,28,1201593778633
3,37,24,29,124067992804
3,37,24,30,11822679028
3,37,24,31,1035277466
3,37,24,32,81550145
3,37,24,33,6158596
3,37,24,34,372759
3,37,24,35,22196
3,37,24,36,928
3,37,24,37,30
3,37,24,38,0
3,37,24,39,0
3,37,24,40,0
3,37,24,41,0
3,37,24,42,0
3,37,24,43,0
3,37,24,44,0
3,37,24,45,0
3,37,24,46,0
3,37,24,47,0
3,37,24,48,0
3,37,24,49,0
3,37,24,50,0
3,37,24,51,0
3,37,24,52,0
3,37,24,53,0
3,37,24,54,0
3,37,24,55,0
3,37,24,56,0
3,37,24,57,0
3,37,24,58,0
3,37,24,59,0
3,37,24,60,0
3,37,24,61,0
3,37,24,62,0
3,37,24,63,0
3,37,24,64,0
3,37,24,65,0
3,37,24,66,0
3,37,24,67,0
3,37,24,68,0
3,37,24,69,0
3,37,24,70,0
3,37,24,71,0
3,37,24,72,0
3,37,24,73,0
3,37,24,74,0
3,37,24,75,0
3,37,24,76,0
3,37,24,77,0
3,37,24,78,0
3,37,24,79,0
3,37,24,80,0
3,37,24,81,0
3,37,24,82,0
3,37,24,83,0
3,37,24,84,0
3,37,24,85,0
3,37,24,86,0
3,37,24,87,0
3,37,24,88,0
3,37,24,89,0
3,37,24,90,0
3,37,24,91,0
3,37,24,92,0
3,37,24,93,0
3,37,24,94,0
3,37,24,95,0
3,37,24,96,0
3,37,24,97,0
3,37,24,98,0
3,37,24,99,0
3,37,24,100,0
3,37,24,101,0
3,37,24,102,0
3,37,24,103,0
3,37,24,104,0
3,37,24,105,0
3,37,24,106,0
3,37,24,107,0
3,37,24,108,0
3,37,24,109,0
3,37,24,110,0
3,37,24,111,0
3,37,24,112,0
3,37,24,113,0
3,37,24,114,0
3,37,24,115,0
3,37,24,116,0
3,37,24,117,0
3,37,24,118,0
3,37,24,119,0
3,37,24,120,0
3,37,24,121,0
3,37,24,122,0
3,37,24,123,0
3,37,24,124,0
3,37,24,125,0
3,37,24,126,0
3,37,24,127,0
3,37,24,128,0
3,37,24,129,0
3,37,24,130,0
3,37,24,131,0
3,37,24,132,0
3,37,24,133,0
3,37,24,134,0
3,37,24,135,0
3,37,24,136,0
3,37,24,137,0
3,37,24,138,0
3,37,24,139,0
3,37,24,140,0
3,37,24,141,0
3,37,24,142,0
3,37,24,143,0
3,37,24,144,0
3,37,24,145,0
3,37,24,146,0
3,37,24,147,0
3,37,24,148,0
3,37,24,149,0
3,37,24,150,0
3,37,24,151,0
3,37,24,152,0
3,37,24,153,0
3,37,24,154,0
3,37,24,155,0
3,37,24,156,0
3,37,24,157,0
3,37,24,158,0
3,37,24,159,0
3,37,24,160,0
3,37,24,161,0
3,37,24,162,0
3,37,24,163,0
3,37,24,164,0
3,37,24,165,0
3,37,24,166,0
3,37,24,167,0
3,37,24,168,0
3,37,24,169,0
3,37,24,170,0
3,37,24,171,0
3,37,24,172,0
3,37,24,173,0
3,37,24,174,0
3,37,24,175,0
3,37,24,176,0
3,37,24,177,0
3,37,24,178,0
3,37,24,179,0
3,37,24,180,0
3,37,24,181,0
3,37,24,182,0
3,37,25,0,70725052158773201041
3,37,25,1,939131445203339843580
3,37,25,2,6207067499108250418257
3,37,25,3,26790809880909188188686
3,37,25,4,83927539069885189229006
3,37,25,5,201561897318882543206016
3,37,25,6,383429722250299807265272
3,37,25,7,590249153202995828901332
3,37,25,8,746538016785875270389425
3,37,25,9,784888869776809467401180
3,37,25,10,692724952801055503379826
3,37,25,11,517832123057531100856682
3,37,25,12,330713869064090507689784
3,37,25,13,182016712966469508919758
3,37,25,14,87083351759042345403242
3,37,25,15,36528393167028595674642
3,37,25,16,13543420872221195237863
3,37,25,17,4471838606063552551930
3,37,25,18,1323875366836985668494
3,37,25,19,353545346488661045432
3,37,25,20,85627902935445589193
3,37,25,21,18897498819102024420
3,37,25,22,3815976097143695225
3,37,25,23,707595226017836270
3,37,25,24,120852039924194017
3,37,25,25,19058183149979148
3,37,25,26,2780800735901230
3,37,25,27,375975414006798
3,37,25,28,47121537140258
3,37,25,29,5477328355586
3,37,25,30,590179383515
3,37,25,31,58900862296
3,37,25,32,5384965908
3,37,25,33,458712198
3,37,25,34,35093637
3,37,25,35,2447678
3,37,25,36,148047
3,37,25,37,7656
3,37,25,38,406
3,37,25,39,0
3,37,25,40,0
3,37,25,41,0
3,37,25,42,0
3,37,25,43,0
3,37,25,44,0
3,37,25,45,0
3,37,25,46,0
3,37,25,47,0
3,37,25,48,0
3,37,25,49,0
3,37,25,50,0
3,37,25,51,0
3,37,25,52,0
3,37,25,53,0
3,37,25,54,0
3,37,25,55,0
3,37,25,56,0
3,37,25,57,0
3,37,25,58,0
3,37,25,59,0
3,37,25,60,0
3,37,25,61,0
3,37,25,62,0
3,37,25,63,0
3,37,25,64,0
3,37,25,65,0
3,37,25,66,0
3,37,25,67,0
3,37,25,68,0
3,37,25,69,0
3,37,25,70,0
3,37,25,71,0
3,37,25,72,0
3,37,25,73,0
3,37,25,74,0
3,37,25,75,0
3,37,25,76,0
3,37,25,77,0
3,37,25,78,0
3,37,25,79,0
3,37,25,80,0
3,37,25,81,0
3,37,25,82,0
3,37,25,83,0
3,37,25,84,0
3,37,25,85,0
3,37,25,86,0
3,37,25,87,0
3,37,25,88,0
3,37,25,89,0
3,37,25,90,0
3,37,25,91,0
3,37,25,92,0
3,37,25,93,0
3,37,25,94,0
3,37,25,95,0
3,37,25,96,0
3,37,25,97,0
3,37,25,98,0
3,37,25,99,0
3,37,25,100,0
3,37,25,101,0
3,37,25,102,0
3,37,25,103,0
3,37,25,104,0
3,37,25,105,0
3,37,25,106,0
3,37,25,107,0
3,37,25,108,0
3,37,25,109,0
3,37,25,110,0
3,37,25,111,0
3,37,25,112,0
3,37,25,113,0
3,37,25,114,0
3,37,25,115,0
3,37,25,116,0
3,37,25,117,0
3,37,25,118,0
3,37,25,119,0
3,37,25,120,0
3,37,25,121,0
3,37,25,122,0
3,37,25,123,0
3,37,25,124,0
3,37,25,125,0
3,37,25,126,0
3,37,25,127,0
3,37,25,128,0
3,37,25,129,0
3,37,25,130,0
3,37,25,131,0
3,37,25,132,0
3,37,25,133,0
3,37,25,134,0
3,37,25,135,0
3,37,25,136,0
3,37,25,137,0
3,37,25,138,0
3,37,25,139,0
3,37,25,140,0
3,37,25,141,0
3,37,25,142,0
3,37,25,143,0
3,37,25,144,0
3,37,25,145,0
3,37,25,146,0
3,37,25,147,0
3,37,25,148,0
3,37,25,149,0
3,37,25,150,0
3,37,25,151,0
3,37,25,152,0
3,37,25,153,0
3,37,25,154,0
3,37,25,155,0
3,37,25,156,0
3,37,25,157,0
3,37,25,158,0
3,37,25,159,0
3,37,25,160,0
3,37,25,161,0
3,37,25,162,0
3,37,25,163,0
3,37,25,164,0
3,37,25,165,0
3,37,25,166,0
3,37,25,167,0
3,37,25,168,0
3,37,25,169,0
3,37,25,170,0
3,37,25,171,0
3,37,25,172,0
3,37,25,173,0
3,37,25,174,0
3,37,25,175,0
3,37,25,176,0
3,37,25,177,0
3,37,25,178,0
3,37,25,179,0
3,37,25,180,0
3,37,25,181,0
3,37,25,182,0
3,37,26,0,83385204283539400737
3,37,26,1,1212393290672316257224
3,37,26,2,8814542043858886697872
3,37,26,3,42042513329479486259160
3,37,26,4,146224250368367242529103
3,37,26,5,391731626089150840967290
3,37,26,6,835204407047217417740695
3,37,26,7,1447758091586748237272160
3,37,26,8,2071071268543070212594008
3,37,26,9,2472767289611002925919070
3,37,26,10,2486825950344152530262509
3,37,26,11,2123723102885284611423566
3,37,26,12,1551910369395818895223626
3,37,26,13,977787113802277769413302
3,37,26,14,535242163068030591540024
3,37,26,15,256514776880634161377186
3,37,26,16,108441077917873072213499
3,37,26,17,40728812277655007620750
3,37,26,18,13680971903887044908586
3,37,26,19,4134907337865762231178
3,37,26,20,1130627220819886426445
3,37,26,21,281059457172442217228
3,37,26,22,63794528898722804032
3,37,26,23,13272178925269378056
3,37,26,24,2539420093888086237
3,37,26,25,448128130939149276
3,37,26,26,73112594683442545
3,37,26,27,11050446757298600
3,37,26,28,1549400495398246
3,37,26,29,201691897562956
3,37,26,30,24387219256006
3,37,26,31,2739484693042
3,37,26,32,284893527753
3,37,26,33,27454032460
3,37,26,34,2439879652
3,37,26,35,199046104
3,37,26,36,14707596
3,37,26,37,949072
3,37,26,38,63167
3,37,26,39,2340
3,37,26,40,116
3,37,26,41,0
3,37,26,42,0
3,37,26,43,0
3,37,26,44,0
3,37,26,45,0
3,37,26,46,0
3,37,26,47,0
3,37,26,48,0
3,37,26,49,0
3,37,26,50,0
3,37,26,51,0
3,37,26,52,0
3,37,26,53,0
3,37,26,54,0
3,37,26,55,0
3,37,26,56,0
3,37,26,57,0
3,37,26,58,0
3,37,26,59,0
3,37,26,60,0
3,37,26,61,0
3,37,26,62,0
3,37,26,63,0
3,37,26,64,0
3,37,26,65,0
3,37,26,66,0
3,37,26,67,0
3,37,26,68,0
3,37,26,69,0
3,37,26,70,0
3,37,26,71,0
3,37,26,72,0
3,37,26,73,0
3,37,26,74,0
3,37,26,75,0
3,37,26,76,0
3,37,26,77,0
3,37,26,78,0
3,37,26,79,0
3,37,26,80,0
3,37,26,81,0
3,37,26,82,0
3,37,26,83,0
3,37,26,84,0
3,37,26,85,0
3,37,26,86,0
3,37,26,87,0
3,37,26,88,0
3,37,26,89,0
3,37,26,90,0
3,37,26,91,0
3,37,26,92,0
3,37,26,93,0
3,37,26,94,0
3,37,26,95,0
3,37,26,96,0
3,37,26,97,0
3,37,26,98,0
3,37,26,99,0
3,37,26,100,0
3,37,26,101,0
3,37,26,102,0
3,37,26,103,0
3,37,26,104,0
3,37,26,105,0
3,37,26,106,0
3,37,26,107,0
3,37,26,108,0
3,37,26,109,0
3,37,26,110,0
3,37,26,111,0
3,37,26,112,0
3,37,26,113,0
3,37,26,114,0
3,37,26,115,0
3,37,26,116,0
3,37,26,117,0
3,37,26,118,0
3,37,26,119,0
3,37,26,120,0
3,37,26,121,0
3,37,26,122,0
3,37,26,123,0
3,37,26,124,0
3,37,26,125,0
3,37,26,126,0
3,37,26,127,0
3,37,26,128,0
3,37,26,129,0
3,37,26,130,0
3,37,26,131,0
3,37,26,132,0
3,37,26,133,0
3,37,26,134,0
3,37,26,135,0
3,37,26,136,0
3,37,26,137,0
3,37,26,138,0
3,37,26,139,0
3,37,26,140,0
3,37,26,141,0
3,37,26,142,0
3,37,26,143,0
3,37,26,144,0
3,37,26,145,0
3,37,26,146,0
3,37,26,147,0
3,37,26,148,0
3,37,26,149,0
3,37,26,150,0
3,37,26,151,0
3,37,26,152,0
3,37,26,153,0
3,37,26,154,0
3,37,26,155,0
3,37,26,156,0
3,37,26,157,0
3,37,26,158,0
3,37,26,159,0
3,37,26,160,0
3,37,26,161,0
3,37,26,162,0
3,37,26,163,0
3,37,26,164,0
3,37,26,165,0
3,37,26,166,0
3,37,26,167,0
3,37,26,168,0
3,37,26,169,0
3,37,26,170,0
3,37,26,171,0
3,37,26,172,0
3,37,26,173,0
3,37,26,174,0
3,37,26,175,0
3,37,26,176,0
3,37,26,177,0
3,37,26,178,0
3,37,26,179,0
3,37,26,180,0
3,37,26,181,0
3,37,26,182,0
3,37,27,0,88618998269423495163
3,37,27,1,1404847480753831078094
3,37,27,2,11188734575815564549139
3,37,27,3,58729129435185576041746
3,37,27,4,225812479127321888471367
3,37,27,5,671844716317220719787794
3,37,27,6,1598133531976827284080672
3,37,27,7,3104686702253913535428616
3,37,27,8,4999290540512689759282262
3,37,27,9,6745993523459709354931942
3,37,27,10,7695022295172188151150620
3,37,27,11,7475395007322135643927996
3,37,27,12,6227195805985159758102901
3,37,27,13,4477934256319486159541172
3,37,27,14,2798308611537900665866319
3,37,27,15,1529992218085340959732852
3,37,27,16,736897019785227822265182
3,37,27,17,314727612041830965393170
3,37,27,18,119956871249152897816495
3,37,27,19,41043391265351493526930
3,37,27,20,12674973648831649441458
3,37,27,21,3550444195346151674128
3,37,27,22,906121410323697318491
3,37,27,23,211541345963680354136
3,37,27,24,45337914745076460806
3,37,27,25,8948568077690230880
3,37,27,26,1631003357396611640
3,37,27,27,275158032174623834
3,37,27,28,43050282178898599
3,37,27,29,6255270637285936
3,37,27,30,844910394231085
3,37,27,31,106163950778344
3,37,27,32,12404183969581
3,37,27,33,1346041576154
3,37,27,34,135581669433
3,37,27,35,12638500658
3,37,27,36,1086030311
3,37,27,37,84086574
3,37,27,38,6230641
3,37,27,39,373072
3,37,27,40,22152
3,37,27,41,896
3,37,27,42,29
3,37,27,43,0
3,37,27,44,0
3,37,27,45,0
3,37,27,46,0
3,37,27,47,0
3,37,27,48,0
3,37,27,49,0
3,37,27,50,0
3,37,27,51,0
3,37,27,52,0
3,37,27,53,0
3,37,27,54,0
3,37,27,55,0
3,37,27,56,0
3,37,27,57,0
3,37,27,58,0
3,37,27,59,0
3,37,27,60,0
3,37,27,61,0
3,37,27,62,0
3,37,27,63,0
3,37,27,64,0
3,37,27,65,0
3,37,27,66,0
3,37,27,67,0
3,37,27,68,0
3,37,27,69,0
3,37,27,70,0
3,37,27,71,0
3,37,27,72,0
3,37,27,73,0
3,37,27,74,0
3,37,27,75,0
3,37,27,76,0
3,37,27,77,0
3,37,27,78,0
3,37,27,79,0
3,37,27,80,0
3,37,27,81,0
3,37,27,82,0
3,37,27,83,0
3,37,27,84,0
3,37,27,85,0
3,37,27,86,0
3,37,27,87,0
3,37,27,88,0
3,37,27,89,0
3,37,27,90,0
3,37,27,91,0
3,37,27,92,0
3,37,27,93,0
3,37,27,94,0
3,37,27,95,0
3,37,27,96,0
3,37,27,97,0
3,37,27,98,0
3,37,27,99,0
3,37,27,100,0
3,37,27,101,0
3,37,27,102,0
3,37,27,103,0
3,37,27,104,0
3,37,27,105,0
3,37,27,106,0
3,37,27,107,0
3,37,27,108,0
3,37,27,109,0
3,37,27,110,0
3,37,27,111,0
3,37,27,112,0
3,37,27,113,0
3,37,27,114,0
3,37,27,115,0
3,37,27,116,0
3,37,27,117,0
3,37,27,118,0
3,37,27,119,0
3,37,27,120,0
3,37,27,121,0
3,37,27,122,0
3,37,27,123,0
3,37,27,124,0
3,37,27,125,0
3,37,27,126,0
3,37,27,127,0
3,37,27,128,0
3,37,27,129,0
3,37,27,130,0
3,37,27,131,0
3,37,27,132,0
3,37,27,133,0
3,37,27,134,0
3,37,27,135,0
3,37,27,136,0
3,37,27,137,0
3,37,27,138,0
3,37,27,139,0
3,37,27,140,0
3,37,27,141,0
3,37,27,142,0
3,37,27,143,0
3,37,27,144,0
3,37,27,145,0
3,37,27,146,0
3,37,27,147,0
3,37,27,148,0
3,37,27,149,0
3,37,27,150,0
3,37,27,151,0
3,37,27,152,0
3,37,27,153,0
3,37,27,154,0
3,37,27,155,0
3,37,27,156,0
3,37,27,157,0
3,37,27,158,0
3,37,27,159,0
3,37,27,160,0
3,37,27,161,0
3,37,27,162,0
3,37,27,163,0
3,37,27,164,0
3,37,27,165,0
3,37,27,166,0
3,37,27,167,0
3,37,27,168,0
3,37,27,169,0
3,37,27,170,0
3,37,27,171,0
3,37,27,172,0
3,37,27,173,0
3,37,27,174,0
3,37,27,175,0
3,37,27,176,0
3,37,27,177,0
3,37,27,178,0
3,37,27,179,0
3,37,27,180,0
3,37,27,181,0
3,37,27,182,0
3,37,28,0,84927003052643241482
3,37,28,1,1461725190722401293908
3,37,28,2,12701539708944619843109
3,37,28,3,73075517630403166399818
3,37,28,4,309362848614987695920150
3,37,28,5,1017968603433958195626372
3,37,28,6,2690021476102958729798537
3,37,28,7,5831013295333673281918766
3,37,28,8,10521289174948546077600610
3,37,28,9,15973183805452162721538306
3,37,28,10,20574748415744723212426959
3,37,28,11,22641852151689689295041188
3,37,28,12,21419776344056347061961567
3,37,28,13,17522735944651874798956264
3,37,28,14,12468505736656600906622368
3,37,28,15,7763028992521816220705290
3,37,28,16,4254719162230789149382223
3,37,28,17,2065164783817208856201424
3,37,28,18,892992330915581762892872
3,37,28,19,345940333652423129955608
3,37,28,20,120701757762482628988282
3,37,28,21,38116482835529074167002
3,37,28,22,10943358816716370959003
3,37,28,23,2868162391599017580266
3,37,28,24,688781232235879909142
3,37,28,25,152066068360698347450
3,37,28,26,30956029487449404882
3,37,28,27,5825741459171853628
3,37,28,28,1015854263077138878
3,37,28,29,164437489639280626
3,37,28,30,24744754602976482
3,37,28,31,3465436031129326
3,37,28,32,451967112824680
3,37,28,33,54887392175524
3,37,28,34,6203386145532
3,37,28,35,651955617754
3,37,28,36,63626389579
3,37,28,37,5706977504
3,37,28,38,476835166
3,37,28,39,35857648
3,37,28,40,2477687
3,37,28,41,146972
3,37,28,42,7584
3,37,28,43,392
3,37,28,44,0
3,37,28,45,0
3,37,28,46,0
3,37,28,47,0
3,37,28,48,0
3,37,28,49,0
3,37,28,50,0
3,37,28,51,0
3,37,28,52,0
3,37,28,53,0
3,37,28,54,0
3,37,28,55,0
3,37,28,56,0
3,37,28,57,0
3,37,28,58,0
3,37,28,59,0
3,37,28,60,0
3,37,28,61,0
3,37,28,62,0
3,37,28,63,0
3,37,28,64,0
3,37,28,65,0
3,37,28,66,0
3,37,28,67,0
3,37,28,68,0
3,37,28,69,0
3,37,28,70,0
3,37,28,71,0
3,37,28,72,0
3,37,28,73,0
3,37,28,74,0
3,37,28,75,0
3,37,28,76,0
3,37,28,77,0
3,37,28,78,0
3,37,28,79,0
3,37,28,80,0
3,37,28,81,0
3,37,28,82,0
3,37,28,83,0
3,37,28,84,0
3,37,28,85,0
3,37,28,86,0
3,37,28,87,0
3,37,28,88,0
3,37,28,89,0
3,37,28,90,0
3,37,28,91,0
3,37,28,92,0
3,37,28,93,0
3,37,28,94,0
3,37,28,95,0
3,37,28,96,0
3,37,28,97,0
3,37,28,98,0
3,37,28,99,0
3,37,28,100,0
3,37,28,101,0
3,37,28,102,0
3,37,28,103,0
3,37,28,104,0
3,37,28,105,0
3,37,28,106,0
3,37,28,107,0
3,37,28,108,0
3,37,28,109,0
3,37,28,110,0
3,37,28,111,0
3,37,28,112,0
3,37,28,113,0
3,37,28,114,0
3,37,28,115,0
3,37,28,116,0
3,37,28,117,0
3,37,28,118,0
3,37,28,119,0
3,37,28,120,0
3,37,28,121,0
3,37,28,122,0
3,37,28,123,0
3,37,28,124,0
3,37,28,125,0
3,37,28,126,0
3,37,28,127,0
3,37,28,128,0
3,37,28,129,0
3,37,28,130,0
3,37,28,131,0
3,37,28,132,0
3,37,28,133,0
3,37,28,134,0
3,37,28,135,0
3,37,28,136,0
3,37,28,137,0
3,37,28,138,0
3,37,28,139,0
3,37,28,140,0
3,37,28,141,0
3,37,28,142,0
3,37,28,143,0
3,37,28,144,0
3,37,28,145,0
3,37,28,146,0
3,37,28,147,0
3,37,28,148,0
3,37,28,149,0
3,37,28,150,0
3,37,28,151,0
3,37,28,152,0
3,37,28,153,0
3,37,28,154,0
3,37,28,155,0
3,37,28,156,0
3,37,28,157,0
3,37,28,158,0
3,37,28,159,0
3,37,28,160,0
3,37,28,161,0
3,37,28,162,0
3,37,28,163,0
3,37,28,164,0
3,37,28,165,0
3,37,28,166,0
3,37,28,167,0
3,37,28,168,0
3,37,28,169,0
3,37,28,170,0
3,37,28,171,0
3,37,28,172,0
3,37,28,173,0
3,37,28,174,0
3,37,28,175,0
3,37,28,176,0
3,37,28,177,0
3,37,28,178,0
3,37,28,179,0
3,37,28,180,0
3,37,28,181,0
3,37,28,182,0
3,37,29,0,73416229971770803044
3,37,29,1,1366170285216455892668
3,37,29,2,12900391650979148889277
3,37,29,3,81033716394354745493686
3,37,29,4,376241921903731400619684
3,37,29,5,1363817607172103226009024
3,37,29,6,3987426676806684625190939
3,37,29,7,9604152843881907772262618
3,37,29,8,19336486567494698481149704
3,37,29,9,32887450894027427536073570
3,37,29,10,47634126010357233546743904
3,37,29,11,59140212246507405438493550
3,37,29,12,63297890889795831818528688
3,37,29,13,58711078218177526835739810
3,37,29,14,47435565820311512271113562
3,37,29,15,33557570367560641198135782
3,37,29,16,20896687164413475382983899
3,37,29,17,11516010292256516102785904
3,37,29,18,5646805424152222223892545
3,37,29,19,2476676810227251104354984
3,37,29,20,976554242441035504124645
3,37,29,21,347819115386798222112352
3,37,29,22,112400846756186713452575
3,37,29,23,33092336351141953356966
3,37,29,24,8909708535876330923390
3,37,29,25,2201266790280520192856
3,37,29,26,500623628569615170168
3,37,29,27,105098662107258217396
3,37,29,28,20417936297941698141
3,37,29,29,3678760485974131988
3,37,29,30,615830341938797708
3,37,29,31,95924831910372122
3,37,29,32,13919040405139453
3,37,29,33,1882766040931364
3,37,29,34,237436238573175
3,37,29,35,27910620822162
3,37,29,36,3057014546797
3,37,29,37,310951708142
3,37,29,38,29356919600
3,37,29,39,2559794972
3,37,29,40,205647890
3,37,29,41,14948474
3,37,29,42,953853
3,37,29,43,62414
3,37,29,44,2313
3,37,29,45,112
3,37,29,46,0
3,37,29,47,0
3,37,29,48,0
3,37,29,49,0
3,37,29,50,0
3,37,29,51,0
3,37,29,52,0
3,37,29,53,0
3,37,29,54,0
3,37,29,55,0
3,37,29,56,0
3,37,29,57,0
3,37,29,58,0
3,37,29,59,0
3,37,29,60,0
3,37,29,61,0
3,37,29,62,0
3,37,29,63,0
3,37,29,64,0
3,37,29,65,0
3,37,29,66,0
3,37,29,67,0
3,37,29,68,0
3,37,29,69,0
3,37,29,70,0
3,37,29,71,0
3,37,29,72,0
3,37,29,73,0
3,37,29,74,0
3,37,29,75,0
3,37,29,76,0
3,37,29,77,0
3,37,29,78,0
3,37,29,79,0
3,37,29,80,0
3,37,29,81,0
3,37,29,82,0
3,37,29,83,0
3,37,29,84,0
3,37,29,85,0
3,37,29,86,0
3,37,29,87,0
3,37,29,88,0
3,37,29,89,0
3,37,29,90,0
3,37,29,91,0
3,37,29,92,0
3,37,29,93,0
3,37,29,94,0
3,37,29,95,0
3,37,29,96,0
3,37,29,97,0
3,37,29,98,0
3,37,29,99,0
3,37,29,100,0
3,37,29,101,0
3,37,29,102,0
3,37,29,103,0
3,37,29,104,0
3,37,29,105,0
3,37,29,106,0
3,37,29,107,0
3,37,29,108,0
3,37,29,109,0
3,37,29,110,0
3,37,29,111,0
3,37,29,112,0
3,37,29,113,0
3,37,29,114,0
3,37,29,115,0
3,37,29,116,0
3,37,29,117,0
3,37,29,118,0
3,37,29,119,0
3,37,29,120,0
3,37,29,121,0
3,37,29,122,0
3,37,29,123,0
3,37,29,124,0
3,37,29,125,0
3,37,29,126,0
3,37,29,127,0
3,37,29,128,0
3,37,29,129,0
3,37,29,130,0
3,37,29,131,0
3,37,29,132,0
3,37,29,133,0
3,37,29,134,0
3,37,29,135,0
3,37,29,136,0
3,37,29,137,0
3,37,29,138,0
3,37,29,139,0
3,37,29,140,0
3,37,29,141,0
3,37,29,142,0
3,37,29,143,0
3,37,29,144,0
3,37,29,145,0
3,37,29,146,0
3,37,29,147,0
3,37,29,148,0
3,37,29,149,0
3,37,29,150,0
3,37,29,151,0
3,37,29,152,0
3,37,29,153,0
3,37,29,154,0
3,37,29,155,0
3,37,29,156,0
3,37,29,157,0
3,37,29,158,0
3,37,29,159,0
3,37,29,160,0
3,37,29,161,0
3,37,29,162,0
3,37,29,163,0
3,37,29,164,0
3,37,29,165,0
3,37,29,166,0
3,37,29,167,0
3,37,29,168,0
3,37,29,169,0
3,37,29,170,0
3,37,29,171,0
3,37,29,172,0
3,37,29,173,0
3,37,29,174,0
3,37,29,175,0
3,37,29,176,0
3,37,29,177,0
3,37,29,178,0
3,37,29,179,0
3,37,29,180,0
3,37,29,181,0
3,37,29,182,0
3,37,30,0,57267337179574543678
3,37,30,1,1147300911171784052764
3,37,30,2,11726275330852512407783
3,37,30,3,80112776913536279770382
3,37,30,4,406403268823038960121628
3,37,30,5,1616628166295020411103196
3,37,30,6,5209293245636070464192482
3,37,30,7,13887038240854684325118508
3,37,30,8,31072757473403042010303138
3,37,30,9,58966493255377748052875294
3,37,30,10,95651082030804857074369832
3,37,30,11,133455869776929196873295284
3,37,30,12,161002229430376849616050436
3,37,30,13,168744296688308851700798448
3,37,30,14,154345412219497105020780302
3,37,30,15,123761357512001804931129410
3,37,30,16,87398536518197594056869180
3,37,30,17,54614222449268308183521150
3,37,30,18,30344621205579802214905064
3,37,30,19,15063477270430854533975740
3,37,30,20,6712561524950538142811444
3,37,30,21,2697396513360703264626664
3,37,30,22,981671356507030028116581
3,37,30,23,324868668689656548655110
3,37,30,24,98130505986085316978734
3,37,30,25,27149814034877620643838
3,37,30,26,6902214360544913410659
3,37,30,27,1617118424104539583712
3,37,30,28,350090739814546284792
3,37,30,29,70200442974092957366
3,37,30,30,13065691674160832178
3,37,30,31,2261196605334771460
3,37,30,32,364422787403160251
3,37,30,33,54757306581640000
3,37,30,34,7676832136585685
3,37,30,35,1004522334647678
3,37,30,36,122695201092506
3,37,30,37,13977560104190
3,37,30,38,1483024440497
3,37,30,39,146289987016
3,37,30,40,13386916185
3,37,30,41,1131112442
3,37,30,42,86316331
3,37,30,43,6283464
3,37,30,44,372748
3,37,30,45,22056
3,37,30,46,864
3,37,30,47,28
3,37,30,48,0
3,37,30,49,0
3,37,30,50,0
3,37,30,51,0
3,37,30,52,0
3,37,30,53,0
3,37,30,54,0
3,37,30,55,0
3,37,30,56,0
3,37,30,57,0
3,37,30,58,0
3,37,30,59,0
3,37,30,60,0
3,37,30,61,0
3,37,30,62,0
3,37,30,63,0
3,37,30,64,0
3,37,30,65,0
3,37,30,66,0
3,37,30,67,0
3,37,30,68,0
3,37,30,69,0
3,37,30,70,0
3,37,30,71,0
3,37,30,72,0
3,37,30,73,0
3,37,30,74,0
3,37,30,75,0
3,37,30,76,0
3,37,30,77,0
3,37,30,78,0
3,37,30,79,0
3,37,30,80,0
3,37,30,81,0
3,37,30,82,0
3,37,30,83,0
3,37,30,84,0
3,37,30,85,0
3,37,30,86,0
3,37,30,87,0
3,37,30,88,0
3,37,30,89,0
3,37,30,90,0
3,37,30,91,0
3,37,30,92,0
3,37,30,93,0
3,37,30,94,0
3,37,30,95,0
3,37,30,96,0
3,37,30,97,0
3,37,30,98,0
3,37,30,99,0
3,37,30,100,0
3,37,30,101,0
3,37,30,102,0
3,37,30,103,0
3,37,30,104,0
3,37,30,105,0
3,37,30,106,0
3,37,30,107,0
3,37,30,108,0
3,37,30,109,0
3,37,30,110,0
3,37,30,111,0
3,37,30,112,0
3,37,30,113,0
3,37,30,114,0
3,37,30,115,0
3,37,30,116,0
3,37,30,117,0
3,37,30,118,0
3,37,30,119,0
3,37,30,120,0
3,37,30,121,0
3,37,30,122,0
3,37,30,123,0
3,37,30,124,0
3,37,30,125,0
3,37,30,126,0
3,37,30,127,0
3,37,30,128,0
3,37,30,129,0
3,37,30,130,0
3,37,30,131,0
3,37,30,132,0
3,37,30,133,0
3,37,30,134,0
3,37,30,135,0
3,37,30,136,0
3,37,30,137,0
3,37,30,138,0
3,37,30,139,0
3,37,30,140,0
3,37,30,141,0
3,37,30,142,0
3,37,30,143,0
3,37,30,144,0
3,37,30,145,0
3,37,30,146,0
3,37,30,147,0
3,37,30,148,0
3,37,30,149,0
3,37,30,150,0
3,37,30,151,0
3,37,30,152,0
3,37,30,153,0
3,37,30,154,0
3,37,30,155,0
3,37,30,156,0
3,37,30,157,0
3,37,30,158,0
3,37,30,159,0
3,37,30,160,0
3,37,30,161,0
3,37,30,162,0
3,37,30,163,0
3,37,30,164,0
3,37,30,165,0
3,37,30,166,0
3,37,30,167,0
3,37,30,168,0
3,37,30,169,0
3,37,30,170,0
3,37,30,171,0
3,37,30,172,0
3,37,30,173,0
3,37,30,174,0
3,37,30,175,0
3,37,30,176,0
3,37,30,177,0
3,37,30,178,0
3,37,30,179,0
3,37,30,180,0
3,37,30,181,0
3,37,30,182,0
3,37,31,0,40321167009628789509
3,37,31,1,865967623164823086544
3,37,31,2,9542024806971774938821
3,37,31,3,70632351336866322666254
3,37,31,4,390022631711778240253447
3,37,31,5,1696258513468422843715792
3,37,31,6,6001640066112259111905464
3,37,31,7,17641043682904070268133958
3,37,31,8,43700411989787732846744731
3,37,31,9,92174474354038167652896044
3,37,31,10,166810033924505334187690535
3,37,31,11,260562880137570484101706738
3,37,31,12,353034652136336429148953958
3,37,31,13,416684356095431727429344654
3,37,31,14,430154635817531450066501952
3,37,31,15,389922459995112430712090944
3,37,31,16,311603291667964762182863504
3,37,31,17,220436376204611124813493458
3,37,31,18,138632182024311756482428899
3,37,31,19,77843368346911703814651536
3,37,31,20,39195423781072674152495895
3,37,31,21,17772605066482872267838756
3,37,31,22,7287036650525276473074044
3,37,31,23,2712272129370580463392542
3,37,31,24,919816219345980537162983
3,37,31,25,285204826281447230859666
3,37,31,26,81115044265961344216518
3,37,31,27,21224328988312218051666
3,37,31,28,5123326258889791557221
3,37,31,29,1143800636725183088234
3,37,31,30,236711854778153372618
3,37,31,31,45503339597023695056
3,37,31,32,8139295205768198431
3,37,31,33,1356747226638253758
3,37,31,34,211008140392662656
3,37,31,35,30644284453026124
3,37,31,36,4157859146040226
3,37,31,37,527134818525020
3,37,31,38,62416015923931
3,37,31,39,6894984648130
3,37,31,40,709760535932
3,37,31,41,67969790650
3,37,31,42,5997726121
3,37,31,43,492751938
3,37,31,44,36491329
3,37,31,45,2500320
3,37,31,46,145695
3,37,31,47,7498
3,37,31,48,378
3,37,31,49,0
3,37,31,50,0
3,37,31,51,0
3,37,31,52,0
3,37,31,53,0
3,37,31,54,0
3,37,31,55,0
3,37,31,56,0
3,37,31,57,0
3,37,31,58,0
3,37,31,59,0
3,37,31,60,0
3,37,31,61,0
3,37,31,62,0
3,37,31,63,0
3,37,31,64,0
3,37,31,65,0
3,37,31,66,0
3,37,31,67,0
3,37,31,68,0
3,37,31,69,0
3,37,31,70,0
3,37,31,71,0
3,37,31,72,0
3,37,31,73,0
3,37,31,74,0
3,37,31,75,0
3,37,31,76,0
3,37,31,77,0
3,37,31,78,0
3,37,31,79,0
3,37,31,80,0
3,37,31,81,0
3,37,31,82,0
3,37,31,83,0
3,37,31,84,0
3,37,31,85,0
3,37,31,86,0
3,37,31,87,0
3,37,31,88,0
3,37,31,89,0
3,37,31,90,0
3,37,31,91,0
3,37,31,92,0
3,37,31,93,0
3,37,31,94,0
3,37,31,95,0
3,37,31,96,0
3,37,31,97,0
3,37,31,98,0
3,37,31,99,0
3,37,31,100,0
3,37,31,101,0
3,37,31,102,0
3,37,31,103,0
3,37,31,104,0
3,37,31,105,0
3,37,31,106,0
3,37,31,107,0
3,37,31,108,0
3,37,31,109,0
3,37,31,110,0
3,37,31,111,0
3,37,31,112,0
3,37,31,113,0
3,37,31,114,0
3,37,31,115,0
3,37,31,116,0
3,37,31,117,0
3,37,31,118,0
3,37,31,119,0
3,37,31,120,0
3,37,31,121,0
3,37,31,122,0
3,37,31,123,0
3,37,31,124,0
3,37,31,125,0
3,37,31,126,0
3,37,31,127,0
3,37,31,128,0
3,37,31,129,0
3,37,31,130,0
3,37,31,131,0
3,37,31,132,0
3,37,31,133,0
3,37,31,134,0
3,37,31,135,0
3,37,31,136,0
3,37,31,137,0
3,37,31,138,0
3,37,31,139,0
3,37,31,140,0
3,37,31,141,0
3,37,31,142,0
3,37,31,143,0
3,37,31,144,0
3,37,31,145,0
3,37,31,146,0
3,37,31,147,0
3,37,31,148,0
3,37,31,149,0
3,37,31,150,0
3,37,31,151,0
3,37,31,152,0
3,37,31,153,0
3,37,31,154,0
3,37,31,155,0
3,37,31,156,0
3,37,31,157,0
3,37,31,158,0
3,37,31,159,0
3,37,31,160,0
3,37,31,161,0
3,37,31,162,0
3,37,31,163,0
3,37,31,164,0
3,37,31,165,0
3,37,31,166,0
3,37,31,167,0
3,37,31,168,0
3,37,31,169,0
3,37,31,170,0
3,37,31,171,0
3,37,31,172,0
3,37,31,173,0
3,37,31,174,0
3,37,31,175,0
3,37,31,176,0
3,37,31,177,0
3,37,31,178,0
3,37,31,179,0
3,37,31,180,0
3,37,31,181,0
3,37,31,182,0
3,37,32,0,25634095448603072419
3,37,32,1,587611177158290772468
3,37,32,2,6952461604799888759658
3,37,32,3,55547301058003320608060
3,37,32,4,332635783752799534002280
3,37,32,5,1575917255634182078563604
3,37,32,6,6100134999960175165762354
3,37,32,7,19698397777133289168897624
3,37,32,8,53825367185872533681803847
3,37,32,9,125721085850308164345968034
3,37,32,10,252898125259304351383192318
3,37,32,11,440654702039158055284484706
3,37,32,12,668159300382386748774963928
3,37,32,13,885129953088268261757595424
3,37,32,14,1028100667510234165960861401
3,37,32,15,1050653676482010242337917712
3,37,32,16,947931417254052392136052899
3,37,32,17,757756238512871477978261410
3,37,32,18,538664768358357385929671386
3,37,32,19,341821500001690183797924704
3,37,32,20,194384002184568558554390094
3,37,32,21,99447601461623142510088186
3,37,32,22,45947984737421884407657655
3,37,32,23,19243819857606819536998634
3,37,32,24,7331870304149240335378240
3,37,32,25,2549792445704688661559302
3,37,32,26,811981944331341674002046
3,37,32,27,237486881572121853364912
3,37,32,28,63973398291154135479238
3,37,32,29,15913073374428371795860
3,37,32,30,3663901770658835062359
3,37,32,31,782561399190747858460
3,37,32,32,155357357327557758607
3,37,32,33,28716843116437809666
3,37,32,34,4949707972926126249
3,37,32,35,796505211492347310
3,37,32,36,119772711401820563
3,37,32,37,16840499769126938
3,37,32,38,2214531512564117
3,37,32,39,272292108265696
3,37,32,40,31282417509030
3,37,32,41,3355765447714
3,37,32,42,335009132089
3,37,32,43,31087948532
3,37,32,44,2666113677
3,37,32,45,211326184
3,37,32,46,15136860
3,37,32,47,956802
3,37,32,48,61549
3,37,32,49,2282
3,37,32,50,108
3,37,32,51,0
3,37,32,52,0
3,37,32,53,0
3,37,32,54,0
3,37,32,55,0
3,37,32,56,0
3,37,32,57,0
3,37,32,58,0
3,37,32,59,0
3,37,32,60,0
3,37,32,61,0
3,37,32,62,0
3,37,32,63,0
3,37,32,64,0
3,37,32,65,0
3,37,32,66,0
3,37,32,67,0
3,37,32,68,0
3,37,32,69,0
3,37,32,70,0
3,37,32,71,0
3,37,32,72,0
3,37,32,73,0
3,37,32,74,0
3,37,32,75,0
3,37,32,76,0
3,37,32,77,0
3,37,32,78,0
3,37,32,79,0
3,37,32,80,0
3,37,32,81,0
3,37,32,82,0
3,37,32,83,0
3,37,32,84,0
3,37,32,85,0
3,37,32,86,0
3,37,32,87,0
3,37,32,88,0
3,37,32,89,0
3,37,32,90,0
3,37,32,91,0
3,37,32,92,0
3,37,32,93,0
3,37,32,94,0
3,37,32,95,0
3,37,32,96,0
3,37,32,97,0
3,37,32,98,0
3,37,32,99,0
3,37,32,100,0
3,37,32,101,0
3,37,32,102,0
3,37,32,103,0
3,37,32,104,0
3,37,32,105,0
3,37,32,106,0
3,37,32,107,0
3,37,32,108,0
3,37,32,109,0
3,37,32,110,0
3,37,32,111,0
3,37,32,112,0
3,37,32,113,0
3,37,32,114,0
3,37,32,115,0
3,37,32,116,0
3,37,32,117,0
3,37,32,118,0
3,37,32,119,0
3,37,32,120,0
3,37,32,121,0
3,37,32,122,0
3,37,32,123,0
3,37,32,124,0
3,37,32,125,0
3,37,32,126,0
3,37,32,127,0
3,37,32,128,0
3,37,32,129,0
3,37,32,130,0
3,37,32,131,0
3,37,32,132,0
3,37,32,133,0
3,37,32,134,0
3,37,32,135,0
3,37,32,136,0
3,37,32,137,0
3,37,32,138,0
3,37,32,139,0
3,37,32,140,0
3,37,32,141,0
3,37,32,142,0
3,37,32,143,0
3,37,32,144,0
3,37,32,145,0
3,37,32,146,0
3,37,32,147,0
3,37,32,148,0
3,37,32,149,0
3,37,32,150,0
3,37,32,151,0
3,37,32,152,0
3,37,32,153,0
3,37,32,154,0
3,37,32,155,0
3,37,32,156,0
3,37,32,157,0
3,37,32,158,0
3,37,32,159,0
3,37,32,160,0
3,37,32,161,0
3,37,32,162,0
3,37,32,163,0
3,37,32,164,0
3,37,32,165,0
3,37,32,166,0
3,37,32,167,0
3,37,32,168,0
3,37,32,169,0
3,37,32,170,0
3,37,32,171,0
3,37,32,172,0
3,37,32,173,0
3,37,32,174,0
3,37,32,175,0
3,37,32,176,0
3,37,32,177,0
3,37,32,178,0
3,37,32,179,0
3,37,32,180,0
3,37,32,181,0
3,37,32,182,0
3,37,33,0,14720250304903041741
3,37,33,1,358552060545025023664
3,37,33,2,4536665146839051264296
3,37,33,3,38971583346885868231374
3,37,33,4,252151788006124894558663
3,37,33,5,1296624054616408486812494
3,37,33,6,5471328513009620368929162
3,37,33,7,19340729709231564509744226
3,37,33,8,58086542774947631504843683
3,37,33,9,149707594420803146314574290
3,37,33,10,333551974648016112669495823
3,37,33,11,646029252916127032039535652
3,37,33,12,1092496640363246780034206999
3,37,33,13,1619028647030897985386023134
3,37,33,14,2109377595936593320409569304
3,37,33,15,2423422934481120839047333510
3,37,33,16,2462469792272813840573418573
3,37,33,17,2219730991010090533407047214
3,37,33,18,1780711040150711584720284045
3,37,33,19,1275522063607979089854118724
3,37,33,20,818604794830199114551361612
3,37,33,21,472361643621001649391129364
3,37,33,22,245932966473701506161393381
3,37,33,23,115933269885093415359087056
3,37,33,24,49649509961247706150299413
3,37,33,25,19379760350778905350414208
3,37,33,26,6916009889840092665903301
3,37,33,27,2263161884327742509745654
3,37,33,28,680984688564701086930203
3,37,33,29,188911446197319636435084
3,37,33,30,48433166275372120411941
3,37,33,31,11502187193583202662302
3,37,33,32,2535606188519171534209
3,37,33,33,519845353702629361038
3,37,33,34,99287764572181712388
3,37,33,35,17692511999110585868
3,37,33,36,2945043881943671999
3,37,33,37,458377972580952952
3,37,33,38,66755306857557271
3,37,33,39,9099790894777882
3,37,33,40,1160991268116313
3,37,33,41,138593917159644
3,37,33,42,15464345194613
3,37,33,43,1610220065116
3,37,33,44,156071692673
3,37,33,45,14056916508
3,37,33,46,1170316207
3,37,33,47,88200412
3,37,33,48,6317633
3,37,33,49,371702
3,37,33,50,21908
3,37,33,51,832
3,37,33,52,27
3,37,33,53,0
3,37,33,54,0
3,37,33,55,0
3,37,33,56,0
3,37,33,57,0
3,37,33,58,0
3,37,33,59,0
3,37,33,60,0
3,37,33,61,0
3,37,33,62,0
3,37,33,63,0
3,37,33,64,0
3,37,33,65,0
3,37,33,66,0
3,37,33,67,0
3,37,33,68,0
3,37,33,69,0
3,37,33,70,0
3,37,33,71,0
3,37,33,72,0
3,37,33,73,0
3,37,33,74,0
3,37,33,75,0
3,37,33,76,0
3,37,33,77,0
3,37,33,78,0
3,37,33,79,0
3,37,33,80,0
3,37,33,81,0
3,37,33,82,0
3,37,33,83,0
3,37,33,84,0
3,37,33,85,0
3,37,33,86,0
3,37,33,87,0
3,37,33,88,0
3,37,33,89,0
3,37,33,90,0
3,37,33,91,0
3,37,33,92,0
3,37,33,93,0
3,37,33,94,0
3,37,33,95,0
3,37,33,96,0
3,37,33,97,0
3,37,33,98,0
3,37,33,99,0
3,37,33,100,0
3,37,33,101,0
3,37,33,102,0
3,37,33,103,0
3,37,33,104,0
3,37,33,105,0
3,37,33,106,0
3,37,33,107,0
3,37,33,108,0
3,37,33,109,0
3,37,33,110,0
3,37,33,111,0
3,37,33,112,0
3,37,33,113,0
3,37,33,114,0
3,37,33,115,0
3,37,33,116,0
3,37,33,117,0
3,37,33,118,0
3,37,33,119,0
3,37,33,120,0
3,37,33,121,0
3,37,33,122,0
3,37,33,123,0
3,37,33,124,0
3,37,33,125,0
3,37,33,126,0
3,37,33,127,0
3,37,33,128,0
3,37,33,129,0
3,37,33,130,0
3,37,33,131,0
3,37,33,132,0
3,37,33,133,0
3,37,33,134,0
3,37,33,135,0
3,37,33,136,0
3,37,33,137,0
3,37,33,138,0
3,37,33,139,0
3,37,33,140,0
3,37,33,141,0
3,37,33,142,0
3,37,33,143,0
3,37,33,144,0
3,37,33,145,0
3,37,33,146,0
3,37,33,147,0
3,37,33,148,0
3,37,33,149,0
3,37,33,150,0
3,37,33,151,0
3,37,33,152,0
3,37,33,153,0
3,37,33,154,0
3,37,33,155,0
3,37,33,156,0
3,37,33,157,0
3,37,33,158,0
3,37,33,159,0
3,37,33,160,0
3,37,33,161,0
3,37,33,162,0
3,37,33,163,0
3,37,33,164,0
3,37,33,165,0
3,37,33,166,0
3,37,33,167,0
3,37,33,168,0
3,37,33,169,0
3,37,33,170,0
3,37,33,171,0
3,37,33,172,0
3,37,33,173,0
3,37,33,174,0
3,37,33,175,0
3,37,33,176,0
3,37,33,177,0
3,37,33,178,0
3,37,33,179,0
3,37,33,180,0
3,37,33,181,0
3,37,33,182,0
3,37,34,0,7638030007389321405
3,37,34,1,196786586771654571440
3,37,34,2,2651605183093102988369
3,37,34,3,24395540365404558574422
3,37,34,4,169906062046598883484350
3,37,34,5,944873116768368997030858
3,37,34,6,4330925940847534775540633
3,37,34,7,16700269943977897988822058
3,37,34,8,54936001624933199566813761
3,37,34,9,155691179473040055462059218
3,37,34,10,382883556595796562747754429
3,37,34,11,821503080356399621753593460
3,37,34,12,1544229881952460971439123723
3,37,34,13,2551829334290858133441587680
3,37,34,14,3717859006381469224961069618
3,37,34,15,4788366061390938872530663328
3,37,34,16,5465710378661075284617743285
3,37,34,17,5543635928616730891699428962
3,37,34,18,5009576533994812807119125869
3,37,34,19,4044794633240901096847082570
3,37,34,20,2926674211031475153551750389
3,37,34,21,1903613935293772118625553952
3,37,34,22,1116567421308996304053133452
3,37,34,23,592481705029784493901010816
3,37,34,24,285309575901909709313385341
3,37,34,25,125067425358093553145216194
3,37,34,26,50055182654194292366666861
3,37,34,27,18342967269687354832991910
3,37,34,28,6171473527213539938261594
3,37,34,29,1911314885878483980051550
3,37,34,30,546217799803976285551199
3,37,34,31,144375913069921467695052
3,37,34,32,35372058109796207645545
3,37,34,33,8048900545659049895168
3,37,34,34,1704216916450393142318
3,37,34,35,336316872751411961910
3,37,34,36,61950702560507180290
3,37,34,37,10665010081911674302
3,37,34,38,1717652699916524320
3,37,34,39,258999372477189822
3,37,34,40,36580291060982574
3,37,34,41,4839870547954008
3,37,34,42,599758393096717
3,37,34,43,69559189359280
3,37,34,44,7540421882194
3,37,34,45,762770829702
3,37,34,46,71882074090
3,37,34,47,6254126096
3,37,34,48,506349232
3,37,34,49,36989948
3,37,34,50,2515365
3,37,34,51,144204
3,37,34,52,7398
3,37,34,53,364
3,37,34,54,0
3,37,34,55,0
3,37,34,56,0
3,37,34,57,0
3,37,34,58,0
3,37,34,59,0
3,37,34,60,0
3,37,34,61,0
3,37,34,62,0
3,37,34,63,0
3,37,34,64,0
3,37,34,65,0
3,37,34,66,0
3,37,34,67,0
3,37,34,68,0
3,37,34,69,0
3,37,34,70,0
3,37,34,71,0
3,37,34,72,0
3,37,34,73,0
3,37,34,74,0
3,37,34,75,0
3,37,34,76,0
3,37,34,77,0
3,37,34,78,0
3,37,34,79,0
3,37,34,80,0
3,37,34,81,0
3,37,34,82,0
3,37,34,83,0
3,37,34,84,0
3,37,34,85,0
3,37,34,86,0
3,37,34,87,0
3,37,34,88,0
3,37,34,89,0
3,37,34,90,0
3,37,34,91,0
3,37,34,92,0
3,37,34,93,0
3,37,34,94,0
3,37,34,95,0
3,37,34,96,0
3,37,34,97,0
3,37,34,98,0
3,37,34,99,0
3,37,34,100,0
3,37,34,101,0
3,37,34,102,0
3,37,34,103,0
3,37,34,104,0
3,37,34,105,0
3,37,34,106,0
3,37,34,107,0
3,37,34,108,0
3,37,34,109,0
3,37,34,110,0
3,37,34,111,0
3,37,34,112,0
3,37,34,113,0
3,37,34,114,0
3,37,34,115,0
3,37,34,116,0
3,37,34,117,0
3,37,34,118,0
3,37,34,119,0
3,37,34,120,0
3,37,34,121,0
3,37,34,122,0
3,37,34,123,0
3,37,34,124,0
3,37,34,125,0
3,37,34,126,0
3,37,34,127,0
3,37,34,128,0
3,37,34,129,0
3,37,34,130,0
3,37,34,131,0
3,37,34,132,0
3,37,34,133,0
3,37,34,134,0
3,37,34,135,0
3,37,34,136,0
3,37,34,137,0
3,37,34,138,0
3,37,34,139,0
3,37,34,140,0
3,37,34,141,0
3,37,34,142,0
3,37,34,143,0
3,37,34,144,0
3,37,34,145,0
3,37,34,146,0
3,37,34,147,0
3,37,34,148,0
3,37,34,149,0
3,37,34,150,0
3,37,34,151,0
3,37,34,152,0
3,37,34,153,0
3,37,34,154,0
3,37,34,155,0
3,37,34,156,0
3,37,34,157,0
3,37,34,158,0
3,37,34,159,0
3,37,34,160,0
3,37,34,161,0
3,37,34,162,0
3,37,34,163,0
3,37,34,164,0
3,37,34,165,0
3,37,34,166,0
3,37,34,167,0
3,37,34,168,0
3,37,34,169,0
3,37,34,170,0
3,37,34,171,0
3,37,34,172,0
3,37,34,173,0
3,37,34,174,0
3,37,34,175,0
3,37,34,176,0
3,37,34,177,0
3,37,34,178,0
3,37,34,179,0
3,37,34,180,0
3,37,34,181,0
3,37,34,182,0
3,37,35,0,3582363048059456408
3,37,35,1,97167448368502800510
3,37,35,2,1388416968128729104710
3,37,35,3,13626607694046273340592
3,37,35,4,101771880187795165919305
3,37,35,5,609845231799207855692446
3,37,35,6,3025593262737800761249660
3,37,35,7,12682331752320230009993724
3,37,35,8,45537194520488895689773272
3,37,35,9,141426131124737096742172068
3,37,35,10,382602679679695069063054376
3,37,35,11,906350586223299862480942300
3,37,35,12,1887618908690401972790171268
3,37,35,13,3467227588226290627473461316
3,37,35,14,5631822499105543238840567884
3,37,35,15,8108277994078312771208847784
3,37,35,16,10369925794944827470808428569
3,37,35,17,11806986057490328239263453502
3,37,35,18,11995016876478952920808263675
3,37,35,19,10899312185365698679301727934
3,37,35,20,8880486971476532523862770006
3,37,35,21,6505472986957609953726314288
3,37,35,22,4296743358518525923677724736
3,37,35,23,2566034743541461544350209348
3,37,35,24,1389637345680405037703545419
3,37,35,25,684383222904629463992734680
3,37,35,26,307378893299529535407435620
3,37,35,27,126243164031667526119481604
3,37,35,28,47538053707416816865140358
3,37,35,29,16453945053183816812830436
3,37,35,30,5247376540904852101829395
3,37,35,31,1545460206012953031968026
3,37,35,32,421275478372989357081379
3,37,35,33,106503361268639710046940
3,37,35,34,25020037080650418166288
3,37,35,35,5471626559664410710948
3,37,35,36,1115724691299070383582
3,37,35,37,212443113109723204344
3,37,35,38,37820078731836179314
3,37,35,39,6301650529779394018
3,37,35,40,983544656577103030
3,37,35,41,143872956728568724
3,37,35,42,19729861346204560
3,37,35,43,2536312676476980
3,37,35,44,305491352793519
3,37,35,45,34440916598434
3,37,35,46,3630880028166
3,37,35,47,356786391632
3,37,35,48,32625929088
3,37,35,49,2758192450
3,37,35,50,216027515
3,37,35,51,15272910
3,37,35,52,957746
3,37,35,53,60572
3,37,35,54,2247
3,37,35,55,104
3,37,35,56,0
3,37,35,57,0
3,37,35,58,0
3,37,35,59,0
3,37,35,60,0
3,37,35,61,0
3,37,35,62,0
3,37,35,63,0
3,37,35,64,0
3,37,35,65,0
3,37,35,66,0
3,37,35,67,0
3,37,35,68,0
3,37,35,69,0
3,37,35,70,0
3,37,35,71,0
3,37,35,72,0
3,37,35,73,0
3,37,35,74,0
3,37,35,75,0
3,37,35,76,0
3,37,35,77,0
3,37,35,78,0
3,37,35,79,0
3,37,35,80,0
3,37,35,81,0
3,37,35,82,0
3,37,35,83,0
3,37,35,84,0
3,37,35,85,0
3,37,35,86,0
3,37,35,87,0
3,37,35,88,0
3,37,35,89,0
3,37,35,90,0
3,37,35,91,0
3,37,35,92,0
3,37,35,93,0
3,37,35,94,0
3,37,35,95,0
3,37,35,96,0
3,37,35,97,0
3,37,35,98,0
3,37,35,99,0
3,37,35,100,0
3,37,35,101,0
3,37,35,102,0
3,37,35,103,0
3,37,35,104,0
3,37,35,105,0
3,37,35,106,0
3,37,35,107,0
3,37,35,108,0
3,37,35,109,0
3,37,35,110,0
3,37,35,111,0
3,37,35,112,0
3,37,35,113,0
3,37,35,114,0
3,37,35,115,0
3,37,35,116,0
3,37,35,117,0
3,37,35,118,0
3,37,35,119,0
3,37,35,120,0
3,37,35,121,0
3,37,35,122,0
3,37,35,123,0
3,37,35,124,0
3,37,35,125,0
3,37,35,126,0
3,37,35,127,0
3,37,35,128,0
3,37,35,129,0
3,37,35,130,0
3,37,35,131,0
3,37,35,132,0
3,37,35,133,0
3,37,35,134,0
3,37,35,135,0
3,37,35,136,0
3,37,35,137,0
3,37,35,138,0
3,37,35,139,0
3,37,35,140,0
3,37,35,141,0
3,37,35,142,0
3,37,35,143,0
3,37,35,144,0
3,37,35,145,0
3,37,35,146,0
3,37,35,147,0
3,37,35,148,0
3,37,35,149,0
3,37,35,150,0
3,37,35,151,0
3,37,35,152,0
3,37,35,153,0
3,37,35,154,0
3,37,35,155,0
3,37,35,156,0
3,37,35,157,0
3,37,35,158,0
3,37,35,159,0
3,37,35,160,0
3,37,35,161,0
3,37,35,162,0
3,37,35,163,0
3,37,35,164,0
3,37,35,165,0
3,37,35,166,0
3,37,35,167,0
3,37,35,168,0
3,37,35,169,0
3,37,35,170,0
3,37,35,171,0
3,37,35,172,0
3,37,35,173,0
3,37,35,174,0
3,37,35,175,0
3,37,35,176,0
3,37,35,177,0
3,37,35,178,0
3,37,35,179,0
3,37,35,180,0
3,37,35,181,0
3,37,35,182,0
3,37,36,0,1519211843436638863
3,37,36,1,43173168505322068500
3,37,36,2,651359185450744185145
3,37,36,3,6792072744148035412150
3,37,36,4,54189866326327040352899
3,37,36,5,348605825684886704390584
3,37,36,6,1865324082615392537632593
3,37,36,7,8469733730962934555270230
3,37,36,8,33081043463717068184973885
3,37,36,9,112209633461431994850723722
3,37,36,10,332825044911223499937162971
3,37,36,11,867650176159983075909610538
3,37,36,12,1995638305612765023057365298
3,37,36,13,4061825123679910704745277188
3,37,36,14,7333468942397173660100949249
3,37,36,15,11769040829075198291326072466
3,37,36,16,16820229541320856369654088889
3,37,36,17,21447442894968266406987213664
3,37,36,18,24444693573097485820704830506
3,37,36,19,24952790507605801526087948450
3,37,36,20,22861346021322975898382401665
3,37,36,21,18841787384990301339464728272
3,37,36,22,14003300176435512736882884079
3,37,36,23,9408590059321346388360051514
3,37,36,24,5729701383183811074665280971
3,37,36,25,3170960874392575730643031216
3,37,36,26,1598943895374372745702491655
3,37,36,27,736498332790810303203981212
3,37,36,28,310664160739222044725325552
3,37,36,29,120293626040794357652994942
3,37,36,30,42858911537350724710489965
3,37,36,31,14081984449550862185092182
3,37,36,32,4276108122654073452377881
3,37,36,33,1202520034745776651956224
3,37,36,34,313796087324851587647294
3,37,36,35,76123549632609202922596
3,37,36,36,17197232111498363132797
3,37,36,37,3623755178606749415432
3,37,36,38,713257921486929947212
3,37,36,39,131302987625772454148
3,37,36,40,22631530340771765996
3,37,36,41,3655469583592773242
3,37,36,42,553651755691852730
3,37,36,43,78660603344574586
3,37,36,44,10484240849707008
3,37,36,45,1310503857935398
3,37,36,46,153530386375443
3,37,36,47,16838481967464
3,37,36,48,1725797500867
3,37,36,49,164812458366
3,37,36,50,14642189542
3,37,36,51,1203387334
3,37,36,52,89724793
3,37,36,53,6332916
3,37,36,54,369901
3,37,36,55,21708
3,37,36,56,800
3,37,36,57,26
3,37,36,58,0
3,37,36,59,0
3,37,36,60,0
3,37,36,61,0
3,37,36,62,0
3,37,36,63,0
3,37,36,64,0
3,37,36,65,0
3,37,36,66,0
3,37,36,67,0
3,37,36,68,0
3,37,36,69,0
3,37,36,70,0
3,37,36,71,0
3,37,36,72,0
3,37,36,73,0
3,37,36,74,0
3,37,36,75,0
3,37,36,76,0
3,37,36,77,0
3,37,36,78,0
3,37,36,79,0
3,37,36,80,0
3,37,36,81,0
3,37,36,82,0
3,37,36,83,0
3,37,36,84,0
3,37,36,85,0
3,37,36,86,0
3,37,36,87,0
3,37,36,88,0
3,37,36,89,0
3,37,36,90,0
3,37,36,91,0
3,37,36,92,0
3,37,36,93,0
3,37,36,94,0
3,37,36,95,0
3,37,36,96,0
3,37,36,97,0
3,37,36,98,0
3,37,36,99,0
3,37,36,100,0
3,37,36,101,0
3,37,36,102,0
3,37,36,103,0
3,37,36,104,0
3,37,36,105,0
3,37,36,106,0
3,37,36,107,0
3,37,36,108,0
3,37,36,109,0
3,37,36,110,0
3,37,36,111,0
3,37,36,112,0
3,37,36,113,0
3,37,36,114,0
3,37,36,115,0
3,37,36,116,0
3,37,36,117,0
3,37,36,118,0
3,37,36,119,0
3,37,36,120,0
3,37,36,121,0
3,37,36,122,0
3,37,36,123,0
3,37,36,124,0
3,37,36,125,0
3,37,36,126,0
3,37,36,127,0
3,37,36,128,0
3,37,36,129,0
3,37,36,130,0
3,37,36,131,0
3,37,36,132,0
3,37,36,133,0
3,37,36,134,0
3,37,36,135,0
3,37,36,136,0
3,37,36,137,0
3,37,36,138,0
3,37,36,139,0
3,37,36,140,0
3,37,36,141,0
3,37,36,142,0
3,37,36,143,0
3,37,36,144,0
3,37,36,145,0
3,37,36,146,0
3,37,36,147,0
3,37,36,148,0
3,37,36,149,0
3,37,36,150,0
3,37,36,151,0
3,37,36,152,0
3,37,36,153,0
3,37,36,154,0
3,37,36,155,0
3,37,36,156,0
3,37,36,157,0
3,37,36,158,0
3,37,36,159,0
3,37,36,160,0
3,37,36,161,0
3,37,36,162,0
3,37,36,163,0
3,37,36,164,0
3,37,36,165,0
3,37,36,166,0
3,37,36,167,0
3,37,36,168,0
3,37,36,169,0
3,37,36,170,0
3,37,36,171,0
3,37,36,172,0
3,37,36,173,0
3,37,36,174,0
3,37,36,175,0
3,37,36,176,0
3,37,36,177,0
3,37,36,178,0
3,37,36,179,0
3,37,36,180,0
3,37,36,181,0
3,37,36,182,0
3,37,37,0,582687659618588659
3,37,37,1,17263604073183790756
3,37,37,2,273801887674501330555
3,37,37,3,3021026533626903792780
3,37,37,4,25648225587030487783050
3,37,37,5,176472184690646545993022
3,37,37,6,1014738285363168143079719
3,37,37,7,4973557336658715540165430
3,37,37,8,21058301796795817508215189
3,37,37,9,77749038482104033802162322
3,37,37,10,252004253156791975658099400
3,37,37,11,720615123472026893238464788
3,37,37,12,1824638677576461703146597224
3,37,37,13,4102448895654777158229592352
3,37,37,14,8208384341080425943980461423
3,37,37,15,14642278569576476097347860398
3,37,37,16,23323265526793317106088540071
3,37,37,17,33224199399508387765422701316
3,37,37,18,42390054121117548615309809993
3,37,37,19,48519258030784770382802310054
3,37,37,20,49906672083694025637848062887
3,37,37,21,46218720879504814964521023540
3,37,37,22,38617135906243255026571371769
3,37,37,23,29173780500200560044945970290
3,37,37,24,19973291338759370835286781190
3,37,37,25,12421494578004351102981504806
3,37,37,26,7033970082250848479822561570
3,37,37,27,3635481449130712357253674606
3,37,37,28,1719000901392105460916702765
3,37,37,29,745313596390228258386632146
3,37,37,30,296975268747338058466353355
3,37,37,31,108983454673790739402409950
3,37,37,32,36912259162678073495501512
3,37,37,33,11561921517276487360070614
3,37,37,34,3355717875659955489267240
3,37,37,35,904165705886065031972046
3,37,37,36,226563250546574161210659
3,37,37,37,52885548591590895332144
3,37,37,38,11517747853627014235096
3,37,37,39,2343692665053284937400
3,37,37,40,446160330528371157165
3,37,37,41,79546322290372645790
3,37,37,42,13294959374632645070
3,37,37,43,2084479101400969056
3,37,37,44,306730143142853618
3,37,37,45,42368828517886962
3,37,37,46,5493062649770777
3,37,37,47,668143891811706
3,37,37,48,76177759009265
3,37,37,49,8128857771808
3,37,37,50,810308332607
3,37,37,51,75319221508
3,37,37,52,6474242819
3,37,37,53,517511350
3,37,37,54,37352699
3,37,37,55,2522618
3,37,37,56,142487
3,37,37,57,7284
3,37,37,58,350
3,37,37,59,0
3,37,37,60,0
3,37,37,61,0
3,37,37,62,0
3,37,37,63,0
3,37,37,64,0
3,37,37,65,0
3,37,37,66,0
3,37,37,67,0
3,37,37,68,0
3,37,37,69,0
3,37,37,70,0
3,37,37,71,0
3,37,37,72,0
3,37,37,73,0
3,37,37,74,0
3,37,37,75,0
3,37,37,76,0
3,37,37,77,0
3,37,37,78,0
3,37,37,79,0
3,37,37,80,0
3,37,37,81,0
3,37,37,82,0
3,37,37,83,0
3,37,37,84,0
3,37,37,85,0
3,37,37,86,0
3,37,37,87,0
3,37,37,88,0
3,37,37,89,0
3,37,37,90,0
3,37,37,91,0
3,37,37,92,0
3,37,37,93,0
3,37,37,94,0
3,37,37,95,0
3,37,37,96,0
3,37,37,97,0
3,37,37,98,0
3,37,37,99,0
3,37,37,100,0
3,37,37,101,0
3,37,37,102,0
3,37,37,103,0
3,37,37,104,0
3,37,37,105,0
3,37,37,106,0
3,37,37,107,0
3,37,37,108,0
3,37,37,109,0
3,37,37,110,0
3,37,37,111,0
3,37,37,112,0
3,37,37,113,0
3,37,37,114,0
3,37,37,115,0
3,37,37,116,0
3,37,37,117,0
3,37,37,118,0
3,37,37,119,0
3,37,37,120,0
3,37,37,121,0
3,37,37,122,0
3,37,37,123,0
3,37,37,124,0
3,37,37,125,0
3,37,37,126,0
3,37,37,127,0
3,37,37,128,0
3,37,37,129,0
3,37,37,130,0
3,37,37,131,0
3,37,37,132,0
3,37,37,133,0
3,37,37,134,0
3,37,37,135,0
3,37,37,136,0
3,37,37,137,0
3,37,37,138,0
3,37,37,139,0
3,37,37,140,0
3,37,37,141,0
3,37,37,142,0
3,37,37,143,0
3,37,37,144,0
3,37,37,145,0
3,37,37,146,0
3,37,37,147,0
3,37,37,148,0
3,37,37,149,0
3,37,37,150,0
3,37,37,151,0
3,37,37,152,0
3,37,37,153,0
3,37,37,154,0
3,37,37,155,0
3,37,37,156,0
3,37,37,157,0
3,37,37,158,0
3,37,37,159,0
3,37,37,160,0
3,37,37,161,0
3,37,37,162,0
3,37,37,163,0
3,37,37,164,0
3,37,37,165,0
3,37,37,166,0
3,37,37,167,0
3,37,37,168,0
3,37,37,169,0
3,37,37,170,0
3,37,37,171,0
3,37,37,172,0
3,37,37,173,0
3,37,37,174,0
3,37,37,175,0
3,37,37,176,0
3,37,37,177,0
3,37,37,178,0
3,37,37,179,0
3,37,37,180,0
3,37,37,181,0
3,37,37,182,0
3,37,38,0,202153031238822208
3,37,38,1,6212713645948520632
3,37,38,2,103122053259036140650
3,37,38,3,1198974205918534568620
3,37,38,4,10789291197539290539747
3,37,38,5,79099500498148058953482
3,37,38,6,486992008065800570281186
3,37,38,7,2567369836199542970142460
3,37,38,8,11743152659939492606701059
3,37,38,9,47033085328721170007778232
3,37,38,10,166035281169859614329330336
3,37,38,11,519099365635180104437084268
3,37,38,12,1442385569216884579149996305
3,37,38,13,3571365638663218484587527512
3,37,38,14,7895540329101960822266878035
3,37,38,15,15610507556555285221541227126
3,37,38,16,27639077424351309533994008382
3,37,38,17,43876483175900098211421751998
3,37,38,18,62526379095007243856941741550
3,37,38,19,80087446496972544050918339082
3,37,38,20,92327487906911189214846288650
3,37,38,21,95945061780647707066935649152
3,37,38,22,90026135959508560332343430108
3,37,38,23,76412736645959116820389414940
3,37,38,24,58785384655472977729501594525
3,37,38,25,41075197673765101737511187996
3,37,38,26,26123172038901760666122050440
3,37,38,27,15154818803189318454364486728
3,37,38,28,8037050793871990301703622640
3,37,38,29,3904775461518896456814962594
3,37,38,30,1741662789943505446133834738
3,37,38,31,714653000102330014669622578
3,37,38,32,270309567816850833293319804
3,37,38,33,94430258537654274715676694
3,37,38,34,30525926864521119233242399
3,37,38,35,9148150010800254445763290
3,37,38,36,2546099001595293121587408
3,37,38,37,659225695814702820487152
3,37,38,38,159042288365585246510307
3,37,38,39,35807274591001987691204
3,37,38,40,7533927962071526119762
3,37,38,41,1483262571280859338670
3,37,38,42,273559116462311907842
3,37,38,43,47308291030469877224
3,37,38,44,7677320569424595918
3,37,38,45,1169792770040239842
3,37,38,46,167404519808557982
3,37,38,47,22500739210132950
3,37,38,48,2839759082256197
3,37,38,49,336300605075104
3,37,38,50,37326962258987
3,37,38,51,3878157766986
3,37,38,52,376015900671
3,37,38,53,33955281094
3,37,38,54,2835332552
3,37,38,55,219725288
3,37,38,56,15355936
3,37,38,57,956562
3,37,38,58,59483
3,37,38,59,2208
3,37,38,60,100
3,37,38,61,0
3,37,38,62,0
3,37,38,63,0
3,37,38,64,0
3,37,38,65,0
3,37,38,66,0
3,37,38,67,0
3,37,38,68,0
3,37,38,69,0
3,37,38,70,0
3,37,38,71,0
3,37,38,72,0
3,37,38,73,0
3,37,38,74,0
3,37,38,75,0
3,37,38,76,0
3,37,38,77,0
3,37,38,78,0
3,37,38,79,0
3,37,38,80,0
3,37,38,81,0
3,37,38,82,0
3,37,38,83,0
3,37,38,84,0
3,37,38,85,0
3,37,38,86,0
3,37,38,87,0
3,37,38,88,0
3,37,38,89,0
3,37,38,90,0
3,37,38,91,0
3,37,38,92,0
3,37,38,93,0
3,37,38,94,0
3,37,38,95,0
3,37,38,96,0
3,37,38,97,0
3,37,38,98,0
3,37,38,99,0
3,37,38,100,0
3,37,38,101,0
3,37,38,102,0
3,37,38,103,0
3,37,38,104,0
3,37,38,105,0
3,37,38,106,0
3,37,38,107,0
3,37,38,108,0
3,37,38,109,0
3,37,38,110,0
3,37,38,111,0
3,37,38,112,0
3,37,38,113,0
3,37,38,114,0
3,37,38,115,0
3,37,38,116,0
3,37,38,117,0
3,37,38,118,0
3,37,38,119,0
3,37,38,120,0
3,37,38,121,0
3,37,38,122,0
3,37,38,123,0
3,37,38,124,0
3,37,38,125,0
3,37,38,126,0
3,37,38,127,0
3,37,38,128,0
3,37,38,129,0
3,37,38,130,0
3,37,38,131,0
3,37,38,132,0
3,37,38,133,0
3,37,38,134,0
3,37,38,135,0
3,37,38,136,0
3,37,38,137,0
3,37,38,138,0
3,37,38,139,0
3,37,38,140,0
3,37,38,141,0
3,37,38,142,0
3,37,38,143,0
3,37,38,144,0
3,37,38,145,0
3,37,38,146,0
3,37,38,147,0
3,37,38,148,0
3,37,38,149,0
3,37,38,150,0
3,37,38,151,0
3,37,38,152,0
3,37,38,153,0
3,37,38,154,0
3,37,38,155,0
3,37,38,156,0
3,37,38,157,0
3,37,38,158,0
3,37,38,159,0
3,37,38,160,0
3,37,38,161,0
3,37,38,162,0
3,37,38,163,0
3,37,38,164,0
3,37,38,165,0
3,37,38,166,0
3,37,38,167,0
3,37,38,168,0
3,37,38,169,0
3,37,38,170,0
3,37,38,171,0
3,37,38,172,0
3,37,38,173,0
3,37,38,174,0
3,37,38,175,0
3,37,38,176,0
3,37,38,177,0
3,37,38,178,0
3,37,38,179,0
3,37,38,180,0
3,37,38,181,0
3,37,38,182,0
3,37,39,0,63436018828847332
3,37,39,1,2011859775963380816
3,37,39,2,34792443397264212757
3,37,39,3,424501176754732397394
3,37,39,4,4032982643865477115831
3,37,39,5,31384620411996670516654
3,37,39,6,206126379178229183445465
3,37,39,7,1164648264340914327328730
3,37,39,8,5734692771668416392114001
3,37,39,9,24830754491359581825513872
3,37,39,10,95152040226788897172945682
3,37,39,11,324192814495052876449428422
3,37,39,12,985388535898559262839273435
3,37,39,13,2678567194254662643836536200
3,37,39,14,6523561761197108937467825396
3,37,39,15,14254795348242760296125589772
3,37,39,16,27977982347764545112708482715
3,37,39,17,49370715229432229669567755508
3,37,39,18,78400006301517766178386014668
3,37,39,19,112141259476225136234640420734
3,37,39,20,144632613679499064413404920230
3,37,39,21,168393632386313316696116079610
3,37,39,22,177222795680559459923896686831
3,37,39,23,168847734911007444595308134540
3,37,39,24,145870368580361811050760262251
3,37,39,25,114474041408866072062257690368
3,37,39,26,81758129282965751422272356023
3,37,39,27,53245599235225449265481525224
3,37,39,28,31682878144455283745000730620
3,37,39,29,17258979499683653138300915502
3,37,39,30,8624016890358192284038436323
3,37,39,31,3960495690026798355482052994
3,37,39,32,1674789592825377263168303260
3,37,39,33,653355509112032064446227904
3,37,39,34,235563202583796520207075196
3,37,39,35,78633166547294938778860240
3,37,39,36,24344296405838626960164495
3,37,39,37,7001860083262238252858722
3,37,39,38,1873965211883107581206120
3,37,39,39,467433336835794664705130
3,37,39,40,108825676610435327827450
3,37,39,41,23680928336830908808484
3,37,39,42,4822532406521577674913
3,37,39,43,920147409180624161550
3,37,39,44,164655696260282414876
3,37,39,45,27656062433081684756
3,37,39,46,4362855642937444596
3,37,39,47,646687432255736550
3,37,39,48,90080238665405540
3,37,39,49,11790326749427500
3,37,39,50,1449341472754761
3,37,39,51,167191025725950
3,37,39,52,18075578851209
3,37,39,53,1828125772546
3,37,39,54,172407203560
3,37,39,55,15137684686
3,37,39,56,1230083867
3,37,39,57,90879646
3,37,39,58,6329057
3,37,39,59,367312
3,37,39,60,21456
3,37,39,61,768
3,37,39,62,25
3,37,39,63,0
3,37,39,64,0
3,37,39,65,0
3,37,39,66,0
3,37,39,67,0
3,37,39,68,0
3,37,39,69,0
3,37,39,70,0
3,37,39,71,0
3,37,39,72,0
3,37,39,73,0
3,37,39,74,0
3,37,39,75,0
3,37,39,76,0
3,37,39,77,0
3,37,39,78,0
3,37,39,79,0
3,37,39,80,0
3,37,39,81,0
3,37,39,82,0
3,37,39,83,0
3,37,39,84,0
3,37,39,85,0
3,37,39,86,0
3,37,39,87,0
3,37,39,88,0
3,37,39,89,0
3,37,39,90,0
3,37,39,91,0
3,37,39,92,0
3,37,39,93,0
3,37,39,94,0
3,37,39,95,0
3,37,39,96,0
3,37,39,97,0
3,37,39,98,0
3,37,39,99,0
3,37,39,100,0
3,37,39,101,0
3,37,39,102,0
3,37,39,103,0
3,37,39,104,0
3,37,39,105,0
3,37,39,106,0
3,37,39,107,0
3,37,39,108,0
3,37,39,109,0
3,37,39,110,0
3,37,39,111,0
3,37,39,112,0
3,37,39,113,0
3,37,39,114,0
3,37,39,115,0
3,37,39,116,0
3,37,39,117,0
3,37,39,118,0
3,37,39,119,0
3,37,39,120,0
3,37,39,121,0
3,37,39,122,0
3,37,39,123,0
3,37,39,124,0
3,37,39,125,0
3,37,39,126,0
3,37,39,127,0
3,37,39,128,0
3,37,39,129,0
3,37,39,130,0
3,37,39,131,0
3,37,39,132,0
3,37,39,133,0
3,37,39,134,0
3,37,39,135,0
3,37,39,136,0
3,37,39,137,0
3,37,39,138,0
3,37,39,139,0
3,37,39,140,0
3,37,39,141,0
3,37,39,142,0
3,37,39,143,0
3,37,39,144,0
3,37,39,145,0
3,37,39,146,0
3,37,39,147,0
3,37,39,148,0
3,37,39,149,0
3,37,39,150,0
3,37,39,151,0
3,37,39,152,0
3,37,39,153,0
3,37,39,154,0
3,37,39,155,0
3,37,39,156,0
3,37,39,157,0
3,37,39,158,0
3,37,39,159,0
3,37,39,160,0
3,37,39,161,0
3,37,39,162,0
3,37,39,163,0
3,37,39,164,0
3,37,39,165,0
3,37,39,166,0
3,37,39,167,0
3,37,39,168,0
3,37,39,169,0
3,37,39,170,0
3,37,39,171,0
3,37,39,172,0
3,37,39,173,0
3,37,39,174,0
3,37,39,175,0
3,37,39,176,0
3,37,39,177,0
3,37,39,178,0
3,37,39,179,0
3,37,39,180,0
3,37,39,181,0
3,37,39,182,0
3,37,40,0,18000528638233487
3,37,40,1,586017320828792088
3,37,40,2,10511410944040729944
3,37,40,3,134026405225026670420
3,37,40,4,1339028152864876613596
3,37,40,5,11018869950189350320960
3,37,40,6,76915723997731534542769
3,37,40,7,464090222094996751496514
3,37,40,8,2451339946126605624926515
3,37,40,9,11435219922449141404692944
3,37,40,10,47406449032701268723196281
3,37,40,11,175438675523832383260718836
3,37,40,12,581441964473121471961034345
3,37,40,13,1729765206752898712247926662
3,37,40,14,4626934995528048204018043354
3,37,40,15,11141746414271623596755970076
3,37,40,16,24174803594295638268460810246
3,37,40,17,47297672504156700578327117514
3,37,40,18,83496049648699707802228273266
3,37,40,19,133083568943815384591938656338
3,37,40,20,191658338783600839926208667748
3,37,40,21,249596807360795391061935914064
3,37,40,22,294229798432182821358384819547
3,37,40,23,314319279576595334642084622260
3,37,40,24,304694774150065165998112290581
3,37,40,25,268415978548259772447207357098
3,37,40,26,215227348113270979951689049904
3,37,40,27,157351884617479402003573600982
3,37,40,28,105075262738316795603314046884
3,37,40,29,64204737201615421593170992410
3,37,40,30,35963314770555982308857054185
3,37,40,31,18499585314075779599589110110
3,37,40,32,8754830414274447696848654889
3,37,40,33,3818372572480951458063514704
3,37,40,34,1537452458951238937089629877
3,37,40,35,572469911051623455814884478
3,37,40,36,197448057054775777035543201
3,37,40,37,63184480832150107705578436
3,37,40,38,18789638291736020080639213
3,37,40,39,5200583301032586238296476
3,37,40,40,1341727908561581675442962
3,37,40,41,323132931023669422840034
3,37,40,42,72743467418532265770849
3,37,40,43,15326861643567614522356
3,37,40,44,3025939814739962951242
3,37,40,45,560349466818526906730
3,37,40,46,97415235621374895210
3,37,40,47,15909837780584533764
3,37,40,48,2442251253766596592
3,37,40,49,352467694478927586
3,37,40,50,47825351282140226
3,37,40,51,6099321443887634
3,37,40,52,730670778090485
3,37,40,53,82138821276948
3,37,40,54,8650508139145
3,37,40,55,851727198416
3,37,40,56,78244559317
3,37,40,57,6656161370
3,37,40,58,526154654
3,37,40,59,37577776
3,37,40,60,2521923
3,37,40,61,140532
3,37,40,62,7156
3,37,40,63,336
3,37,40,64,0
3,37,40,65,0
3,37,40,66,0
3,37,40,67,0
3,37,40,68,0
3,37,40,69,0
3,37,40,70,0
3,37,40,71,0
3,37,40,72,0
3,37,40,73,0
3,37,40,74,0
3,37,40,75,0
3,37,40,76,0
3,37,40,77,0
3,37,40,78,0
3,37,40,79,0
3,37,40,80,0
3,37,40,81,0
3,37,40,82,0
3,37,40,83,0
3,37,40,84,0
3,37,40,85,0
3,37,40,86,0
3,37,40,87,0
3,37,40,88,0
3,37,40,89,0
3,37,40,90,0
3,37,40,91,0
3,37,40,92,0
3,37,40,93,0
3,37,40,94,0
3,37,40,95,0
3,37,40,96,0
3,37,40,97,0
3,37,40,98,0
3,37,40,99,0
3,37,40,100,0
3,37,40,101,0
3,37,40,102,0
3,37,40,103,0
3,37,40,104,0
3,37,40,105,0
3,37,40,106,0
3,37,40,107,0
3,37,40,108,0
3,37,40,109,0
3,37,40,110,0
3,37,40,111,0
3,37,40,112,0
3,37,40,113,0
3,37,40,114,0
3,37,40,115,0
3,37,40,116,0
3,37,40,117,0
3,37,40,118,0
3,37,40,119,0
3,37,40,120,0
3,37,40,121,0
3,37,40,122,0
3,37,40,123,0
3,37,40,124,0
3,37,40,125,0
3,37,40,126,0
3,37,40,127,0
3,37,40,128,0
3,37,40,129,0
3,37,40,130,0
3,37,40,131,0
3,37,40,132,0
3,37,40,133,0
3,37,40,134,0
3,37,40,135,0
3,37,40,136,0
3,37,40,137,0
3,37,40,138,0
3,37,40,139,0
3,37,40,140,0
3,37,40,141,0
3,37,40,142,0
3,37,40,143,0
3,37,40,144,0
3,37,40,145,0
3,37,40,146,0
3,37,40,147,0
3,37,40,148,0
3,37,40,149,0
3,37,40,150,0
3,37,40,151,0
3,37,40,152,0
3,37,40,153,0
3,37,40,154,0
3,37,40,155,0
3,37,40,156,0
3,37,40,157,0
3,37,40,158,0
3,37,40,159,0
3,37,40,160,0
3,37,40,161,0
3,37,40,162,0
3,37,40,163,0
3,37,40,164,0
3,37,40,165,0
3,37,40,166,0
3,37,40,167,0
3,37,40,168,0
3,37,40,169,0
3,37,40,170,0
3,37,40,171,0
3,37,40,172,0
3,37,40,173,0
3,37,40,174,0
3,37,40,175,0
3,37,40,176,0
3,37,40,177,0
3,37,40,178,0
3,37,40,179,0
3,37,40,180,0
3,37,40,181,0
3,37,40,182,0
3,37,41,0,4616118086363026
3,37,41,1,153429471684864300
3,37,41,2,2841667585794341004
3,37,41,3,37709957988530821224
3,37,41,4,394651349639740211491
3,37,41,5,3421205934305079966772
3,37,41,6,25288276614245469517300
3,37,41,7,162354771571046217104036
3,37,41,8,916671190668004750409874
3,37,41,9,4590989675598080945706482
3,37,41,10,20520334076345798619092026
3,37,41,11,82210530812167246942873510
3,37,41,12,296123467812350086378047516
3,37,41,13,961093887076209708541698452
3,37,41,14,2814926044757127744356348574
3,37,41,15,7447883634310252736407775494
3,37,41,16,17814725953314474633169027864
3,37,41,17,38541784042623597902821628230
3,37,41,18,75451859007465628025194044176
3,37,41,19,133709224011702887460463860718
3,37,41,20,214581490517428138566627198509
3,37,41,21,312025894902820490187675567460
3,37,41,22,411380474523801073397509706655
3,37,41,23,492162578842336138244208975372
3,37,41,24,534831803989242812585394071220
3,37,41,25,528536088276375627560353778026
3,37,41,26,475611701372402605848756588268
3,37,41,27,390282021040048160126079124658
3,37,41,28,292498240691332719082723311226
3,37,41,29,200533222880821680237111483124
3,37,41,30,125974789715644161812957580615
3,37,41,31,72633429343671631666116345736
3,37,41,32,38500295832949546126840710776
3,37,41,33,18792213814241526951249871572
3,37,41,34,8460194196447950333216479451
3,37,41,35,3518546330920440683240597494
3,37,41,36,1353970587748542382287769118
3,37,41,37,482827232486818733668543192
3,37,41,38,159799587105902235644850125
3,37,41,39,49160471139564686534944574
3,37,41,40,14078489790622683098070898
3,37,41,41,3758575230703477546211392
3,37,41,42,936751356381108438036406
3,37,41,43,218242413079102870080468
3,37,41,44,47589764480100176669765
3,37,41,45,9724148667324743613174
3,37,41,46,1863834218441979863071
3,37,41,47,335410014666899230674
3,37,41,48,56713342565418612958
3,37,41,49,9015388956241997098
3,37,41,50,1347831760034024430
3,37,41,51,189539004711264344
3,37,41,52,25067852810277523
3,37,41,53,3116794344879310
3,37,41,54,364022504596544
3,37,41,55,39885131071496
3,37,41,56,4093743294960
3,37,41,57,392450785838
3,37,41,58,35062345656
3,37,41,59,2896873364
3,37,41,60,222398314
3,37,41,61,15385202
3,37,41,62,953127
3,37,41,63,58282
3,37,41,64,2165
3,37,41,65,96
3,37,41,66,0
3,37,41,67,0
3,37,41,68,0
3,37,41,69,0
3,37,41,70,0
3,37,41,71,0
3,37,41,72,0
3,37,41,73,0
3,37,41,74,0
3,37,41,75,0
3,37,41,76,0
3,37,41,77,0
3,37,41,78,0
3,37,41,79,0
3,37,41,80,0
3,37,41,81,0
3,37,41,82,0
3,37,41,83,0
3,37,41,84,0
3,37,41,85,0
3,37,41,86,0
3,37,41,87,0
3,37,41,88,0
3,37,41,89,0
3,37,41,90,0
3,37,41,91,0
3,37,41,92,0
3,37,41,93,0
3,37,41,94,0
3,37,41,95,0
3,37,41,96,0
3,37,41,97,0
3,37,41,98,0
3,37,41,99,0
3,37,41,100,0
3,37,41,101,0
3,37,41,102,0
3,37,41,103,0
3,37,41,104,0
3,37,41,105,0
3,37,41,106,0
3,37,41,107,0
3,37,41,108,0
3,37,41,109,0
3,37,41,110,0
3,37,41,111,0
3,37,41,112,0
3,37,41,113,0
3,37,41,114,0
3,37,41,115,0
3,37,41,116,0
3,37,41,117,0
3,37,41,118,0
3,37,41,119,0
3,37,41,120,0
3,37,41,121,0
3,37,41,122,0
3,37,41,123,0
3,37,41,124,0
3,37,41,125,0
3,37,41,126,0
3,37,41,127,0
3,37,41,128,0
3,37,41,129,0
3,37,41,130,0
3,37,41,131,0
3,37,41,132,0
3,37,41,133,0
3,37,41,134,0
3,37,41,135,0
3,37,41,136,0
3,37,41,137,0
3,37,41,138,0
3,37,41,139,0
3,37,41,140,0
3,37,41,141,0
3,37,41,142,0
3,37,41,143,0
3,37,41,144,0
3,37,41,145,0
3,37,41,146,0
3,37,41,147,0
3,37,41,148,0
3,37,41,149,0
3,37,41,150,0
3,37,41,151,0
3,37,41,152,0
3,37,41,153,0
3,37,41,154,0
3,37,41,155,0
3,37,41,156,0
3,37,41,157,0
3,37,41,158,0
3,37,41,159,0
3,37,41,160,0
3,37,41,161,0
3,37,41,162,0
3,37,41,163,0
3,37,41,164,0
3,37,41,165,0
3,37,41,166,0
3,37,41,167,0
3,37,41,168,0
3,37,41,169,0
3,37,41,170,0
3,37,41,171,0
3,37,41,172,0
3,37,41,173,0
3,37,41,174,0
3,37,41,175,0
3,37,41,176,0
3,37,41,177,0
3,37,41,178,0
3,37,41,179,0
3,37,41,180,0
3,37,41,181,0
3,37,41,182,0
3,37,42,0,1068781223814643
3,37,42,1,36066032590907798
3,37,42,2,686658289702198671
3,37,42,3,9445568415558319116
3,37,42,4,103154047020131857423
3,37,42,5,938564531573170325240
3,37,42,6,7319679465628384142167
3,37,42,7,49824822730716495197118
3,37,42,8,299648125372912920752962
3,37,42,9,1605635284394868760128816
3,37,42,10,7711242007207429032507338
3,37,42,11,33332142635982499395622516
3,37,42,12,130060235318527011029118157
3,37,42,13,459046934848853511190791952
3,37,42,14,1467581419405806519032265356
3,37,42,15,4253747700203505687516441348
3,37,42,16,11184303474531242394506048992
3,37,42,17,26684428105610818299538776176
3,37,42,18,57783606224373488186384163214
3,37,42,19,113582724421306895332648795348
3,37,42,20,202698634738518779108977110124
3,37,42,21,328489873948374706165815094392
3,37,42,22,483591692623682362683637475195
3,37,42,23,647053061404793753724634425410
3,37,42,24,787403959522636328451274458403
3,37,42,25,872209659610219046328236888266
3,37,42,26,880344398809210937298805142686
3,37,42,27,810591523593553346977045230544
3,37,42,28,681764265085536584866888097300
3,37,42,29,524513737482424527875485702104
3,37,42,30,369663915323779925889885655984
3,37,42,31,239022562300026206262029216720
3,37,42,32,142008132551328862009061604986
3,37,42,33,77640819708645190010928198862
3,37,42,34,39122295199730927780027484504
3,37,42,35,18195464723973295325360501788
3,37,42,36,7822512021876813405356702041
3,37,42,37,3113196209651728799153945512
3,37,42,38,1148606511841297288439010024
3,37,42,39,393426089335203645080392758
3,37,42,40,125285172785740831933199135
3,37,42,41,37144261013808524708932862
3,37,42,42,10266925515769442262536287
3,37,42,43,2649308342848827543081822
3,37,42,44,639049606136625929642222
3,37,42,45,144273346937821320445680
3,37,42,46,30520519795050738547305
3,37,42,47,6056392464382706958990
3,37,42,48,1128399773180782017035
3,37,42,49,197555479117493124168
3,37,42,50,32521664046654274152
3,37,42,51,5036338315285328874
3,37,42,52,733879200287509715
3,37,42,53,100625087008356064
3,37,42,54,12979281940206110
3,37,42,55,1573962671788076
3,37,42,56,179278718557184
3,37,42,57,19153241425750
3,37,42,58,1915675818160
3,37,42,59,178762946246
3,37,42,60,15538562519
3,37,42,61,1250209712
3,37,42,62,91654675
3,37,42,63,6305814
3,37,42,64,363902
3,37,42,65,21152
3,37,42,66,736
3,37,42,67,24
3,37,42,68,0
3,37,42,69,0
3,37,42,70,0
3,37,42,71,0
3,37,42,72,0
3,37,42,73,0
3,37,42,74,0
3,37,42,75,0
3,37,42,76,0
3,37,42,77,0
3,37,42,78,0
3,37,42,79,0
3,37,42,80,0
3,37,42,81,0
3,37,42,82,0
3,37,42,83,0
3,37,42,84,0
3,37,42,85,0
3,37,42,86,0
3,37,42,87,0
3,37,42,88,0
3,37,42,89,0
3,37,42,90,0
3,37,42,91,0
3,37,42,92,0
3,37,42,93,0
3,37,42,94,0
3,37,42,95,0
3,37,42,96,0
3,37,42,97,0
3,37,42,98,0
3,37,42,99,0
3,37,42,100,0
3,37,42,101,0
3,37,42,102,0
3,37,42,103,0
3,37,42,104,0
3,37,42,105,0
3,37,42,106,0
3,37,42,107,0
3,37,42,108,0
3,37,42,109,0
3,37,42,110,0
3,37,42,111,0
3,37,42,112,0
3,37,42,113,0
3,37,42,114,0
3,37,42,115,0
3,37,42,116,0
3,37,42,117,0
3,37,42,118,0
3,37,42,119,0
3,37,42,120,0
3,37,42,121,0
3,37,42,122,0
3,37,42,123,0
3,37,42,124,0
3,37,42,125,0
3,37,42,126,0
3,37,42,127,0
3,37,42,128,0
3,37,42,129,0
3,37,42,130,0
3,37,42,131,0
3,37,42,132,0
3,37,42,133,0
3,37,42,134,0
3,37,42,135,0
3,37,42,136,0
3,37,42,137,0
3,37,42,138,0
3,37,42,139,0
3,37,42,140,0
3,37,42,141,0
3,37,42,142,0
3,37,42,143,0
3,37,42,144,0
3,37,42,145,0
3,37,42,146,0
3,37,42,147,0
3,37,42,148,0
3,37,42,149,0
3,37,42,150,0
3,37,42,151,0
3,37,42,152,0
3,37,42,153,0
3,37,42,154,0
3,37,42,155,0
3,37,42,156,0
3,37,42,157,0
3,37,42,158,0
3,37,42,159,0
3,37,42,160,0
3,37,42,161,0
3,37,42,162,0
3,37,42,163,0
3,37,42,164,0
3,37,42,165,0
3,37,42,166,0
3,37,42,167,0
3,37,42,168,0
3,37,42,169,0
3,37,42,170,0
3,37,42,171,0
3,37,42,172,0
3,37,42,173,0
3,37,42,174,0
3,37,42,175,0
3,37,42,176,0
3,37,42,177,0
3,37,42,178,0
3,37,42,179,0
3,37,42,180,0
3,37,42,181,0
3,37,42,182,0
3,37,43,0,223092514217869
3,37,43,1,7598888859712236
3,37,43,2,148066158165456753
3,37,43,3,2103040139140885468
3,37,43,4,23878295250074082266
3,37,43,5,227216756698421110602
3,37,43,6,1863067798624722645239
3,37,43,7,13399141948520976515776
3,37,43,8,85537595018385462133405
3,37,43,9,488700090091706582146526
3,37,43,10,2513274773175579356229220
3,37,43,11,11681897200187857577076420
3,37,43,12,49214438159736865100566083
3,37,43,13,188285124899314541778262148
3,37,43,14,654986986931280496203439895
3,37,43,15,2073372125184488744384500350
3,37,43,16,5974878855788055402292528737
3,37,43,17,15676878655948594167672167448
3,37,43,18,37451725461010309413570378874
3,37,43,19,81458173107667311811938518794
3,37,43,20,161291784948159884731293054537
3,37,43,21,290729723069253532458666810434
3,37,43,22,477081988914569153757512919519
3,37,43,23,712866869207593422193999197496
3,37,43,24,970267433031000004688560104050
3,37,43,25,1203579427372386924704255752460
3,37,43,26,1361661429731310761950468382596
3,37,43,27,1406241396697648603226362114258
3,37,43,28,1327085465247104361077977440483
3,37,43,29,1145760185979050663194589398852
3,37,43,30,906138967120529602057321959572
3,37,43,31,657328345087900495375253167104
3,37,43,32,437980103049610844841831502085
3,37,43,33,268421118010141278316829756718
3,37,43,34,151521969036710732281375240839
3,37,43,35,78892107495750184970552852046
3,37,43,36,37939101445743061363486149071
3,37,43,37,16874334749816510323441599020
3,37,43,38,6950857088275666494717221997
3,37,43,39,2655248041488437189732813918
3,37,43,40,941907453652850222659850829
3,37,43,41,310690522082854474521811346
3,37,43,42,95420713770648488227511250
3,37,43,43,27322853200711873680784608
3,37,43,44,7303711791189411129140422
3,37,43,45,1824933602535999664916622
3,37,43,46,426744267000041209221742
3,37,43,47,93499447422186189863616
3,37,43,48,19214930573758824064888
3,37,43,49,3707493813806422450942
3,37,43,50,672208725264708491377
3,37,43,51,114608804036521039610
3,37,43,52,18384766107275029128
3,37,43,53,2775733672607353560
3,37,43,54,394490639589098373
3,37,43,55,52770018317729074
3,37,43,56,6641307534013031
3,37,43,57,785807606356582
3,37,43,58,87318435833533
3,37,43,59,9096361585098
3,37,43,60,886432100688
3,37,43,61,80624969982
3,37,43,62,6798117348
3,37,43,63,532205690
3,37,43,64,37663185
3,37,43,65,2513124
3,37,43,66,138327
3,37,43,67,7014
3,37,43,68,322
3,37,43,69,0
3,37,43,70,0
3,37,43,71,0
3,37,43,72,0
3,37,43,73,0
3,37,43,74,0
3,37,43,75,0
3,37,43,76,0
3,37,43,77,0
3,37,43,78,0
3,37,43,79,0
3,37,43,80,0
3,37,43,81,0
3,37,43,82,0
3,37,43,83,0
3,37,43,84,0
3,37,43,85,0
3,37,43,86,0
3,37,43,87,0
3,37,43,88,0
3,37,43,89,0
3,37,43,90,0
3,37,43,91,0
3,37,43,92,0
3,37,43,93,0
3,37,43,94,0
3,37,43,95,0
3,37,43,96,0
3,37,43,97,0
3,37,43,98,0
3,37,43,99,0
3,37,43,100,0
3,37,43,101,0
3,37,43,102,0
3,37,43,103,0
3,37,43,104,0
3,37,43,105,0
3,37,43,106,0
3,37,43,107,0
3,37,43,108,0
3,37,43,109,0
3,37,43,110,0
3,37,43,111,0
3,37,43,112,0
3,37,43,113,0
3,37,43,114,0
3,37,43,115,0
3,37,43,116,0
3,37,43,117,0
3,37,43,118,0
3,37,43,119,0
3,37,43,120,0
3,37,43,121,0
3,37,43,122,0
3,37,43,123,0
3,37,43,124,0
3,37,43,125,0
3,37,43,126,0
3,37,43,127,0
3,37,43,128,0
3,37,43,129,0
3,37,43,130,0
3,37,43,131,0
3,37,43,132,0
3,37,43,133,0
3,37,43,134,0
3,37,43,135,0
3,37,43,136,0
3,37,43,137,0
3,37,43,138,0
3,37,43,139,0
3,37,43,140,0
3,37,43,141,0
3,37,43,142,0
3,37,43,143,0
3,37,43,144,0
3,37,43,145,0
3,37,43,146,0
3,37,43,147,0
3,37,43,148,0
3,37,43,149,0
3,37,43,150,0
3,37,43,151,0
3,37,43,152,0
3,37,43,153,0
3,37,43,154,0
3,37,43,155,0
3,37,43,156,0
3,37,43,157,0
3,37,43,158,0
3,37,43,159,0
3,37,43,160,0
3,37,43,161,0
3,37,43,162,0
3,37,43,163,0
3,37,43,164,0
3,37,43,165,0
3,37,43,166,0
3,37,43,167,0
3,37,43,168,0
3,37,43,169,0
3,37,43,170,0
3,37,43,171,0
3,37,43,172,0
3,37,43,173,0
3,37,43,174,0
3,37,43,175,0
3,37,43,176,0
3,37,43,177,0
3,37,43,178,0
3,37,43,179,0
3,37,43,180,0
3,37,43,181,0
3,37,43,182,0
3,37,44,0,41895108414303
3,37,44,1,1431652123272408
3,37,44,2,28426434043536782
3,37,44,3,415319601063099334
3,37,44,4,4885472227762033887
3,37,44,5,48453457338515580282
3,37,44,6,416309352569977489197
3,37,44,7,3152881531216166652222
3,37,44,8,21293638505003759141424
3,37,44,9,129280092716218844682172
3,37,44,10,709572309324736472541281
3,37,44,11,3534742274053993677076788
3,37,44,12,16025077442546694424741451
3,37,44,13,66239867289161557567250732
3,37,44,14,249930996172450010339025794
3,37,44,15,861367292207526588633834042
3,37,44,16,2712369487446451509790404795
3,37,44,17,7803871763540739419034937392
3,37,44,18,20511755195325122512435524113
3,37,44,19,49239363124013086448056763590
3,37,44,20,107921526223670532919037144124
3,37,44,21,215907650277307349535635062632
3,37,44,22,394186516976556375646429520942
3,37,44,23,656702279896312047456667085358
3,37,44,24,998370611789081949986814376198
3,37,44,25,1385381006043386709903519582816
3,37,44,26,1755406960161650028380022466437
3,37,44,27,2032235611211515498127701711452
3,37,44,28,2151244007829466237531457093974
3,37,44,29,2084123229038673205803564648884
3,37,44,30,1849821809270063567454081034051
3,37,44,31,1505938217040531754982321327914
3,37,44,32,1125857903550777745506024127690
3,37,44,33,773938022015943977451752759802
3,37,44,34,489813503218324736247776402730
3,37,44,35,285768687252449192595284308678
3,37,44,36,153890660918030528705282741489
3,37,44,37,76590196362142202499707276522
3,37,44,38,35272982329985320706610367771
3,37,44,39,15050840606494529602047974892
3,37,44,40,5957571007275053957593943302
3,37,44,41,2190325832514847418084591778
3,37,44,42,748897574231924019077445253
3,37,44,43,238427036138243194799060256
3,37,44,44,70770705919466742299237294
3,37,44,45,19609169928502914436185620
3,37,44,46,5078173728259109099780325
3,37,44,47,1230607939020649325799020
3,37,44,48,279380305524600124035957
3,37,44,49,59484925157039563053112
3,37,44,50,11890137550128955518937
3,37,44,51,2233177804328760607304
3,37,44,52,394410764682115986153
3,37,44,53,65543752804761346946
3,37,44,54,10253316635458297410
3,37,44,55,1510276708876548928
3,37,44,56,209468356483333234
3,37,44,57,27349354470981402
3,37,44,58,3359792786323479
3,37,44,59,388003664919678
3,37,44,60,42064487384915
3,37,44,61,4274063527174
3,37,44,62,405868883041
3,37,44,63,35934465740
3,37,44,64,2942228441
3,37,44,65,224026324
3,37,44,66,15359960
3,37,44,67,947318
3,37,44,68,56969
3,37,44,69,2118
3,37,44,70,92
3,37,44,71,0
3,37,44,72,0
3,37,44,73,0
3,37,44,74,0
3,37,44,75,0
3,37,44,76,0
3,37,44,77,0
3,37,44,78,0
3,37,44,79,0
3,37,44,80,0
3,37,44,81,0
3,37,44,82,0
3,37,44,83,0
3,37,44,84,0
3,37,44,85,0
3,37,44,86,0
3,37,44,87,0
3,37,44,88,0
3,37,44,89,0
3,37,44,90,0
3,37,44,91,0
3,37,44,92,0
3,37,44,93,0
3,37,44,94,0
3,37,44,95,0
3,37,44,96,0
3,37,44,97,0
3,37,44,98,0
3,37,44,99,0
3,37,44,100,0
3,37,44,101,0
3,37,44,102,0
3,37,44,103,0
3,37,44,104,0
3,37,44,105,0
3,37,44,106,0
3,37,44,107,0
3,37,44,108,0
3,37,44,109,0
3,37,44,110,0
3,37,44,111,0
3,37,44,112,0
3,37,44,113,0
3,37,44,114,0
3,37,44,115,0
3,37,44,116,0
3,37,44,117,0
3,37,44,118,0
3,37,44,119,0
3,37,44,120,0
3,37,44,121,0
3,37,44,122,0
3,37,44,123,0
3,37,44,124,0
3,37,44,125,0
3,37,44,126,0
3,37,44,127,0
3,37,44,128,0
3,37,44,129,0
3,37,44,130,0
3,37,44,131,0
3,37,44,132,0
3,37,44,133,0
3,37,44,134,0
3,37,44,135,0
3,37,44,136,0
3,37,44,137,0
3,37,44,138,0
3,37,44,139,0
3,37,44,140,0
3,37,44,141,0
3,37,44,142,0
3,37,44,143,0
3,37,44,144,0
3,37,44,145,0
3,37,44,146,0
3,37,44,147,0
3,37,44,148,0
3,37,44,149,0
3,37,44,150,0
3,37,44,151,0
3,37,44,152,0
3,37,44,153,0
3,37,44,154,0
3,37,44,155,0
3,37,44,156,0
3,37,44,157,0
3,37,44,158,0
3,37,44,159,0
3,37,44,160,0
3,37,44,161,0
3,37,44,162,0
3,37,44,163,0
3,37,44,164,0
3,37,44,165,0
3,37,44,166,0
3,37,44,167,0
3,37,44,168,0
3,37,44,169,0
3,37,44,170,0
3,37,44,171,0
3,37,44,172,0
3,37,44,173,0
3,37,44,174,0
3,37,44,175,0
3,37,44,176,0
3,37,44,177,0
3,37,44,178,0
3,37,44,179,0
3,37,44,180,0
3,37,44,181,0
3,37,44,182,0
3,37,45,0,7058136034680
3,37,45,1,240412787443976
3,37,45,2,4843704939944964
3,37,45,3,72535715451836478
3,37,45,4,881068396733735100
3,37,45,5,9078832147173740590
3,37,45,6,81482331447711461230
3,37,45,7,647792435460766853634
3,37,45,8,4613890430149791291260
3,37,45,9,29672793785836716341844
3,37,45,10,173257113881077654778375
3,37,45,11,922001336891232365994358
3,37,45,12,4483600262079641165857536
3,37,45,13,19958955495440178751394310
3,37,45,14,81420422531480004120442550
3,37,45,15,304551701971863162000252918
3,37,45,16,1044722905869855303886584834
3,37,45,17,3286323198970129430854321086
3,37,45,18,9476718770106236668490097142
3,37,45,19,25041368101200179749907720202
3,37,45,20,60603310434888893448972356522
3,37,45,21,134262858422557274192675213474
3,37,45,22,272169335964655363800104492573
3,37,45,23,504647304710744147195350038786
3,37,45,24,855656754539682500038188357271
3,37,45,25,1326600089663617039338366245420
3,37,45,26,1880842531343699271682032008216
3,37,45,27,2439278102651350481611560444852
3,37,45,28,2895156315612538941864849262180
3,37,45,29,3146777171949297040329632916400
3,37,45,30,3134673990979256582728354844073
3,37,45,31,2864553440736483791284763548692
3,37,45,32,2403861379184879515166810650924
3,37,45,33,1854517476463978521817706220520
3,37,45,34,1316806850999267794438568619459
3,37,45,35,861575224234008007321296649394
3,37,45,36,520064314282985868036973885931
3,37,45,37,289950716070864216785718972902
3,37,45,38,149486126250497650625577903407
3,37,45,39,71349228024165368552885907868
3,37,45,40,31563773814359105820260098043
3,37,45,41,12956845759415170139459144032
3,37,45,42,4941084838160628129156434833
3,37,45,43,1752525578571779280648900030
3,37,45,44,578811441342359035723624490
3,37,45,45,178220134177469470173696696
3,37,45,46,51220253698548763579740468
3,37,45,47,13756514140789101940996566
3,37,45,48,3456731143992892144311546
3,37,45,49,813593928810459969293834
3,37,45,50,179558869719221947996436
3,37,45,51,37196728478733253283810
3,37,45,52,7239419769152409715446
3,37,45,53,1324823958189584621264
3,37,45,54,228120783045107220214
3,37,45,55,36978868491067578944
3,37,45,56,5645174420134367671
3,37,45,57,811708574139840936
3,37,45,58,109921750289844834
3,37,45,59,14014470341777304
3,37,45,60,1681058463991394
3,37,45,61,189518865994990
3,37,45,62,20050937438340
3,37,45,63,1987053231870
3,37,45,64,183795351216
3,37,45,65,15840382124
3,37,45,66,1263592419
3,37,45,67,92039940
3,37,45,68,6262913
3,37,45,69,359638
3,37,45,70,20796
3,37,45,71,704
3,37,45,72,23
3,37,45,73,0
3,37,45,74,0
3,37,45,75,0
3,37,45,76,0
3,37,45,77,0
3,37,45,78,0
3,37,45,79,0
3,37,45,80,0
3,37,45,81,0
3,37,45,82,0
3,37,45,83,0
3,37,45,84,0
3,37,45,85,0
3,37,45,86,0
3,37,45,87,0
3,37,45,88,0
3,37,45,89,0
3,37,45,90,0
3,37,45,91,0
3,37,45,92,0
3,37,45,93,0
3,37,45,94,0
3,37,45,95,0
3,37,45,96,0
3,37,45,97,0
3,37,45,98,0
3,37,45,99,0
3,37,45,100,0
3,37,45,101,0
3,37,45,102,0
3,37,45,103,0
3,37,45,104,0
3,37,45,105,0
3,37,45,106,0
3,37,45,107,0
3,37,45,108,0
3,37,45,109,0
3,37,45,110,0
3,37,45,111,0
3,37,45,112,0
3,37,45,113,0
3,37,45,114,0
3,37,45,115,0
3,37,45,116,0
3,37,45,117,0
3,37,45,118,0
3,37,45,119,0
3,37,45,120,0
3,37,45,121,0
3,37,45,122,0
3,37,45,123,0
3,37,45,124,0
3,37,45,125,0
3,37,45,126,0
3,37,45,127,0
3,37,45,128,0
3,37,45,129,0
3,37,45,130,0
3,37,45,131,0
3,37,45,132,0
3,37,45,133,0
3,37,45,134,0
3,37,45,135,0
3,37,45,136,0
3,37,45,137,0
3,37,45,138,0
3,37,45,139,0
3,37,45,140,0
3,37,45,141,0
3,37,45,142,0
3,37,45,143,0
3,37,45,144,0
3,37,45,145,0
3,37,45,146,0
3,37,45,147,0
3,37,45,148,0
3,37,45,149,0
3,37,45,150,0
3,37,45,151,0
3,37,45,152,0
3,37,45,153,0
3,37,45,154,0
3,37,45,155,0
3,37,45,156,0
3,37,45,157,0
3,37,45,158,0
3,37,45,159,0
3,37,45,160,0
3,37,45,161,0
3,37,45,162,0
3,37,45,163,0
3,37,45,164,0
3,37,45,165,0
3,37,45,166,0
3,37,45,167,0
3,37,45,168,0
3,37,45,169,0
3,37,45,170,0
3,37,45,171,0
3,37,45,172,0
3,37,45,173,0
3,37,45,174,0
3,37,45,175,0
3,37,45,176,0
3,37,45,177,0
3,37,45,178,0
3,37,45,179,0
3,37,45,180,0
3,37,45,181,0
3,37,45,182,0
3,37,46,0,1062709342589
3,37,46,1,35828304646488
3,37,46,2,729446354437188
3,37,46,3,11159149501573054
3,37,46,4,139542178645178697
3,37,46,5,1489616716604115392
3,37,46,6,13925604203610462655
3,37,46,7,115884409559207619028
3,37,46,8,867927735129739509547
3,37,46,9,5895168822415540613584
3,37,46,10,36507475645461538269050
3,37,46,11,206901138763002010420488
3,37,46,12,1075855718919768505586139
3,37,46,13,5141489691436909953577666
3,37,46,14,22605329384176723192277990
3,37,46,15,91482725924064648296100776
3,37,46,16,340816907053820762837988290
3,37,46,17,1168621208873420863780884034
3,37,46,18,3686531074084467045042227992
3,37,46,19,10693219261642611597723921250
3,37,46,20,28501066241470132048879015953
3,37,46,21,69755157754733075709265522546
3,37,46,22,156661291780628045337845030146
3,37,46,23,322665125511026876264797552450
3,37,46,24,609154075403096389747600008791
3,37,46,25,1053724490324257579981391849850
3,37,46,26,1669796755691864113439590068347
3,37,46,27,2423975336087789954652353335374
3,37,46,28,3224002190001482116887181204651
3,37,46,29,3930263742276239953938451167484
3,37,46,30,4393808908013648585173516758568
3,37,46,31,4507713332278814854688588582520
3,37,46,32,4247439815120014657620229701095
3,37,46,33,3679249886945459954309174164848
3,37,46,34,2932852019666085797544843601521
3,37,46,35,2153665175499348568621212793756
3,37,46,36,1458453058230484654047889268053
3,37,46,37,911811815387768996768969231776
3,37,46,38,526850072226473250853620751694
3,37,46,39,281646622516820867911270306122
3,37,46,40,139450572905497955427275734917
3,37,46,41,64016879693220557746940114166
3,37,46,42,27276438001537598750193894507
3,37,46,43,10798505224993434889282137798
3,37,46,44,3976421458017237571894378691
3,37,46,45,1363489168308422644330065788
3,37,46,46,435840216426172851049949402
3,37,46,47,130020447080485428235077294
3,37,46,48,36241028253558035725220624
3,37,46,49,9449046981645002606598784
3,37,46,50,2307067364316689071596636
3,37,46,51,528065701945348906075800
3,37,46,52,113427407136707754611689
3,37,46,53,22885739982026528079656
3,37,46,54,4341122627137155916532
3,37,46,55,774732958543470909256
3,37,46,56,130160059317015147721
3,37,46,57,20595508440610499912
3,37,46,58,3070075832910401876
3,37,46,59,431149917426033068
3,37,46,60,57032991167534291
3,37,46,61,7102864410409074
3,37,46,62,832138429318900
3,37,46,63,91603495106430
3,37,46,64,9458195395748
3,37,46,65,913886177498
3,37,46,66,82430217800
3,37,46,67,6898540180
3,37,46,68,535596996
3,37,46,69,37606778
3,37,46,70,2496065
3,37,46,71,135860
3,37,46,72,6858
3,37,46,73,308
3,37,46,74,0
3,37,46,75,0
3,37,46,76,0
3,37,46,77,0
3,37,46,78,0
3,37,46,79,0
3,37,46,80,0
3,37,46,81,0
3,37,46,82,0
3,37,46,83,0
3,37,46,84,0
3,37,46,85,0
3,37,46,86,0
3,37,46,87,0
3,37,46,88,0
3,37,46,89,0
3,37,46,90,0
3,37,46,91,0
3,37,46,92,0
3,37,46,93,0
3,37,46,94,0
3,37,46,95,0
3,37,46,96,0
3,37,46,97,0
3,37,46,98,0
3,37,46,99,0
3,37,46,100,0
3,37,46,101,0
3,37,46,102,0
3,37,46,103,0
3,37,46,104,0
3,37,46,105,0
3,37,46,106,0
3,37,46,107,0
3,37,46,108,0
3,37,46,109,0
3,37,46,110,0
3,37,46,111,0
3,37,46,112,0
3,37,46,113,0
3,37,46,114,0
3,37,46,115,0
3,37,46,116,0
3,37,46,117,0
3,37,46,118,0
3,37,46,119,0
3,37,46,120,0
3,37,46,121,0
3,37,46,122,0
3,37,46,123,0
3,37,46,124,0
3,37,46,125,0
3,37,46,126,0
3,37,46,127,0
3,37,46,128,0
3,37,46,129,0
3,37,46,130,0
3,37,46,131,0
3,37,46,132,0
3,37,46,133,0
3,37,46,134,0
3,37,46,135,0
3,37,46,136,0
3,37,46,137,0
3,37,46,138,0
3,37,46,139,0
3,37,46,140,0
3,37,46,141,0
3,37,46,142,0
3,37,46,143,0
3,37,46,144,0
3,37,46,145,0
3,37,46,146,0
3,37,46,147,0
3,37,46,148,0
3,37,46,149,0
3,37,46,150,0
3,37,46,151,0
3,37,46,152,0
3,37,46,153,0
3,37,46,154,0
3,37,46,155,0
3,37,46,156,0
3,37,46,157,0
3,37,46,158,0
3,37,46,159,0
3,37,46,160,0
3,37,46,161,0
3,37,46,162,0
3,37,46,163,0
3,37,46,164,0
3,37,46,165,0
3,37,46,166,0
3,37,46,167,0
3,37,46,168,0
3,37,46,169,0
3,37,46,170,0
3,37,46,171,0
3,37,46,172,0
3,37,46,173,0
3,37,46,174,0
3,37,46,175,0
3,37,46,176,0
3,37,46,177,0
3,37,46,178,0
3,37,46,179,0
3,37,46,180,0
3,37,46,181,0
3,37,46,182,0
3,37,47,0,142283369541
3,37,47,1,4711233875146
3,37,47,2,96548113467048
3,37,47,3,1504272632692792
3,37,47,4,19312905624808257
3,37,47,5,213043870548776322
3,37,47,6,2069364407400291542
3,37,47,7,17980367918323537772
3,37,47,8,141243799549103401292
3,37,47,9,1010536677661416654110
3,37,47,10,6619096923394633039907
3,37,47,11,39837196548119113229488
3,37,47,12,220855518905226918636872
3,37,47,13,1129719711863238471440406
3,37,47,14,5337064654564362823412700
3,37,47,15,23297308506757044233596354
3,37,47,16,93973895520180461346531520
3,37,47,17,350184563690406495626105110
3,37,47,18,1204928172026970895486203797
3,37,47,19,3825692406880472023392852838
3,37,47,20,11199625097622456602098800486
3,37,47,21,30204656051077060474650361398
3,37,47,22,74980414253000704738710931897
3,37,47,23,171185141650523149892391989610
3,37,47,24,359171648963223829994474283886
3,37,47,25,692115381420765981192523291520
3,37,47,26,1224281993348706589026995416268
3,37,47,27,1987335637746360675851444804934
3,37,47,28,2959985250944431894854543080466
3,37,47,29,4045412619340987040687487276116
3,37,47,30,5074590150226764622999035323570
3,37,47,31,5845105842268118011858724583068
3,37,47,32,6185793814149168096324729148998
3,37,47,33,6019044393780032480796864441666
3,37,47,34,5389551865865383792256735993612
3,37,47,35,4444967392074324993316129851860
3,37,47,36,3379831948733863861506199421874
3,37,47,37,2371722354301788227017599666226
3,37,47,38,1537483234669788410980488050789
3,37,47,39,921656442984198433789592668138
3,37,47,40,511411265748143337583454597079
3,37,47,41,262930064767072560383348869672
3,37,47,42,125372536321352054883827354527
3,37,47,43,55498389014804790886738568342
3,37,47,44,22829757238321860557925963039
3,37,47,45,8735730273929356293710186236
3,37,47,46,3112559828887279520732747426
3,37,47,47,1033739573536018799223164098
3,37,47,48,320364443717824711376967417
3,37,47,49,92744922639811239095082392
3,37,47,50,25108779175387411782721694
3,37,47,51,6363936947734108312056688
3,37,47,52,1511671095364873180166637
3,37,47,53,336875469952741797454888
3,37,47,54,70499501939935895293160
3,37,47,55,13867454088073923011902
3,37,47,56,2565944278987980564183
3,37,47,57,446920526697227099706
3,37,47,58,73312201723919996959
3,37,47,59,11330332556753007984
3,37,47,60,1650074262669441263
3,37,47,61,226431779647677106
3,37,47,62,29269168287065046
3,37,47,63,3561733939295444
3,37,47,64,407648235831176
3,37,47,65,43818892248702
3,37,47,66,4415892781325
3,37,47,67,416070442122
3,37,47,68,36560270058
3,37,47,69,2970866470
3,37,47,70,224590721
3,37,47,71,15279406
3,37,47,72,939012
3,37,47,73,55544
3,37,47,74,2067
3,37,47,75,88
3,37,47,76,0
3,37,47,77,0
3,37,47,78,0
3,37,47,79,0
3,37,47,80,0
3,37,47,81,0
3,37,47,82,0
3,37,47,83,0
3,37,47,84,0
3,37,47,85,0
3,37,47,86,0
3,37,47,87,0
3,37,47,88,0
3,37,47,89,0
3,37,47,90,0
3,37,47,91,0
3,37,47,92,0
3,37,47,93,0
3,37,47,94,0
3,37,47,95,0
3,37,47,96,0
3,37,47,97,0
3,37,47,98,0
3,37,47,99,0
3,37,47,100,0
3,37,47,101,0
3,37,47,102,0
3,37,47,103,0
3,37,47,104,0
3,37,47,105,0
3,37,47,106,0
3,37,47,107,0
3,37,47,108,0
3,37,47,109,0
3,37,47,110,0
3,37,47,111,0
3,37,47,112,0
3,37,47,113,0
3,37,47,114,0
3,37,47,115,0
3,37,47,116,0
3,37,47,117,0
3,37,47,118,0
3,37,47,119,0
3,37,47,120,0
3,37,47,121,0
3,37,47,122,0
3,37,47,123,0
3,37,47,124,0
3,37,47,125,0
3,37,47,126,0
3,37,47,127,0
3,37,47,128,0
3,37,47,129,0
3,37,47,130,0
3,37,47,131,0
3,37,47,132,0
3,37,47,133,0
3,37,47,134,0
3,37,47,135,0
3,37,47,136,0
3,37,47,137,0
3,37,47,138,0
3,37,47,139,0
3,37,47,140,0
3,37,47,141,0
3,37,47,142,0
3,37,47,143,0
3,37,47,144,0
3,37,47,145,0
3,37,47,146,0
3,37,47,147,0
3,37,47,148,0
3,37,47,149,0
3,37,47,150,0
3,37,47,151,0
3,37,47,152,0
3,37,47,153,0
3,37,47,154,0
3,37,47,155,0
3,37,47,156,0
3,37,47,157,0
3,37,47,158,0
3,37,47,159,0
3,37,47,160,0
3,37,47,161,0
3,37,47,162,0
3,37,47,163,0
3,37,47,164,0
3,37,47,165,0
3,37,47,166,0
3,37,47,167,0
3,37,47,168,0
3,37,47,169,0
3,37,47,170,0
3,37,47,171,0
3,37,47,172,0
3,37,47,173,0
3,37,47,174,0
3,37,47,175,0
3,37,47,176,0
3,37,47,177,0
3,37,47,178,0
3,37,47,179,0
3,37,47,180,0
3,37,47,181,0
3,37,47,182,0
3,37,48,0,16828115642
3,37,48,1,542423843848
3,37,48,2,11148761547413
3,37,48,3,176443520979478
3,37,48,4,2320555159441584
3,37,48,5,26397711248660964
3,37,48,6,265879869186472451
3,37,48,7,2407164003799431668
3,37,48,8,19790810150387512792
3,37,48,9,148814162469302087578
3,37,48,10,1028553727760820222292
3,37,48,11,6557611448002267252018
3,37,48,12,38659809648437557094529
3,37,48,13,211089827118285090048120
3,37,48,14,1068527547952722986600820
3,37,48,15,5016606650922939558320704
3,37,48,16,21845311790672785371697294
3,37,48,17,88207850972729904991571386
3,37,48,18,330082905017131065597277849
3,37,48,19,1143896845193818099346568828
3,37,48,20,3667910493551795638447610293
3,37,48,21,10871742011307624061375333594
3,37,48,22,29757030884841189584825216982
3,37,48,23,75136700530183023816877021970
3,37,48,24,174850854983602886899475611381
3,37,48,25,374674301770808426946337159118
3,37,48,26,738720153093174090478965389541
3,37,48,27,1339308666197086304424896840722
3,37,48,28,2231859308211562650222376503568
3,37,48,29,3417684543270062999585920519170
3,37,48,30,4809010717439042297130968105262
3,37,48,31,6218743372697215302593653141490
3,37,48,32,7392939096947005623722141973247
3,37,48,33,8083796124232716291290491033972
3,37,48,34,8135311742699171550546802069695
3,37,48,35,7540826580955470424306551669614
3,37,48,36,6443332330275801610597282123871
3,37,48,37,5079645913943364926406507160566
3,37,48,38,3698156678313816066964562573624
3,37,48,39,2488677548921368058303476134014
3,37,48,40,1549476734092279313127027638636
3,37,48,41,893371856213671532453335958132
3,37,48,42,477422862355484438675279734632
3,37,48,43,236694103232494697068691459662
3,37,48,44,108961699810702324340768145237
3,37,48,45,46618092310606875752213899180
3,37,48,46,18553603796440176113566389693
3,37,48,47,6875504321583728750127302300
3,37,48,48,2374681758802385707153193291
3,37,48,49,765184921204702454174818784
3,37,48,50,230268968112509096698695216
3,37,48,51,64784269457040956068115024
3,37,48,52,17058082622656429309844613
3,37,48,53,4208006576566186068067848
3,37,48,54,973547524085505899459827
3,37,48,55,211447649566294147738986
3,37,48,56,43153530774163099391812
3,37,48,57,8282539919127616607808
3,37,48,58,1496112521052506015430
3,37,48,59,254496970683522832318
3,37,48,60,40786575366647335840
3,37,48,61,6160146554520108084
3,37,48,62,876879360172540049
3,37,48,63,117624603885801422
3,37,48,64,14862344422004236
3,37,48,65,1767621719539430
3,37,48,66,197664169021401
3,37,48,67,20750207381724
3,37,48,68,2041015758041
3,37,48,69,187428699436
3,37,48,70,16039173960
3,37,48,71,1270079190
3,37,48,72,92025889
3,37,48,73,6200048
3,37,48,74,354487
3,37,48,75,20388
3,37,48,76,672
3,37,48,77,22
3,37,48,78,0
3,37,48,79,0
3,37,48,80,0
3,37,48,81,0
3,37,48,82,0
3,37,48,83,0
3,37,48,84,0
3,37,48,85,0
3,37,48,86,0
3,37,48,87,0
3,37,48,88,0
3,37,48,89,0
3,37,48,90,0
3,37,48,91,0
3,37,48,92,0
3,37,48,93,0
3,37,48,94,0
3,37,48,95,0
3,37,48,96,0
3,37,48,97,0
3,37,48,98,0
3,37,48,99,0
3,37,48,100,0
3,37,48,101,0
3,37,48,102,0
3,37,48,103,0
3,37,48,104,0
3,37,48,105,0
3,37,48,106,0
3,37,48,107,0
3,37,48,108,0
3,37,48,109,0
3,37,48,110,0
3,37,48,111,0
3,37,48,112,0
3,37,48,113,0
3,37,48,114,0
3,37,48,115,0
3,37,48,116,0
3,37,48,117,0
3,37,48,118,0
3,37,48,119,0
3,37,48,120,0
3,37,48,121,0
3,37,48,122,0
3,37,48,123,0
3,37,48,124,0
3,37,48,125,0
3,37,48,126,0
3,37,48,127,0
3,37,48,128,0
3,37,48,129,0
3,37,48,130,0
3,37,48,131,0
3,37,48,132,0
3,37,48,133,0
3,37,48,134,0
3,37,48,135,0
3,37,48,136,0
3,37,48,137,0
3,37,48,138,0
3,37,48,139,0
3,37,48,140,0
3,37,48,141,0
3,37,48,142,0
3,37,48,143,0
3,37,48,144,0
3,37,48,145,0
3,37,48,146,0
3,37,48,147,0
3,37,48,148,0
3,37,48,149,0
3,37,48,150,0
3,37,48,151,0
3,37,48,152,0
3,37,48,153,0
3,37,48,154,0
3,37,48,155,0
3,37,48,156,0
3,37,48,157,0
3,37,48,158,0
3,37,48,159,0
3,37,48,160,0
3,37,48,161,0
3,37,48,162,0
3,37,48,163,0
3,37,48,164,0
3,37,48,165,0
3,37,48,166,0
3,37,48,167,0
3,37,48,168,0
3,37,48,169,0
3,37,48,170,0
3,37,48,171,0
3,37,48,172,0
3,37,48,173,0
3,37,48,174,0
3,37,48,175,0
3,37,48,176,0
3,37,48,177,0
3,37,48,178,0
3,37,48,179,0
3,37,48,180,0
3,37,48,181,0
3,37,48,182,0
3,37,49,0,1742936351
3,37,49,1,54115553460
3,37,49,2,1112293119255
3,37,49,3,17842183998646
3,37,49,4,239982529563644
3,37,49,5,2810958964602084
3,37,49,6,29316155697983157
3,37,49,7,276148565041825526
3,37,49,8,2372496784155250986
3,37,49,9,18717349015233609336
3,37,49,10,136256488329839443519
3,37,49,11,918391892153997056628
3,37,49,12,5744984054746800536027
3,37,49,13,33406058415423426839498
3,37,49,14,180738711735609364072140
3,37,49,15,910255111447745968570858
3,37,49,16,4267576493387322951636474
3,37,49,17,18620125744257979572441128
3,37,49,18,75566233808823142048963779
3,37,49,19,285026468801157504356599864
3,37,49,20,998279713111615161012732792
3,37,49,21,3243211861122483736085616226
3,37,49,22,9762675706476083762086740984
3,37,49,23,27197806017714227959955561634
3,37,49,24,70044794871706422068709000765
3,37,49,25,166579775832301440182382101490
3,37,49,26,365459182441673133656261872898
3,37,49,27,739000814175471205029913682840
3,37,49,28,1376341264076126779927643099903
3,37,49,29,2359636654968412338580846672112
3,37,49,30,3722617733638717567088917177209
3,37,49,31,5403432010796321553066152129906
3,37,49,32,7216537155661945014334819602880
3,37,49,33,8870080469119642320114771502926
3,37,49,34,10037858001803110878233281191189
3,37,49,35,10464234459081433118521755908080
3,37,49,36,10055775345750176463573187800852
3,37,49,37,8914395773624924899468027856070
3,37,49,38,7296063462874790097678322155421
3,37,49,39,5517882190911877301055758442516
3,37,49,40,3859367221645834201717116858844
3,37,49,41,2498572879075223036148539205096
3,37,49,42,1498540494811290826198562383340
3,37,49,43,833313587208058515682122465858
3,37,49,44,430002027553153751531417949092
3,37,49,45,206068369695693118658959022270
3,37,49,46,91788793092261920212139845073
3,37,49,47,38033864275451905404555758200
3,37,49,48,14673344595667976735251808486
3,37,49,49,5275392977589279512457587850
3,37,49,50,1769100127559372182027640051
3,37,49,51,553914297459283462046596280
3,37,49,52,162091348207106834995740686
3,37,49,53,44376046556658256385262518
3,37,49,54,11377776075724955024770027
3,37,49,55,2734836824853805822513556
3,37,49,56,616885290147817264446109
3,37,49,57,130704185776912896929528
3,37,49,58,26035737498988270105206
3,37,49,59,4879658622537378262480
3,37,49,60,861079288356344518433
3,37,49,61,143142098486995790596
3,37,49,62,22424880594429607484
3,37,49,63,3311463498332623316
3,37,49,64,460929277258114927
3,37,49,65,60459719904856072
3,37,49,66,7469408730498124
3,37,49,67,868394355234662
3,37,49,68,94893185569036
3,37,49,69,9728714483522
3,37,49,70,933612845551
3,37,49,71,83633447872
3,37,49,72,6956041902
3,37,49,73,536267898
3,37,49,74,37406211
3,37,49,75,2470590
3,37,49,76,133119
3,37,49,77,6688
3,37,49,78,294
3,37,49,79,0
3,37,49,80,0
3,37,49,81,0
3,37,49,82,0
3,37,49,83,0
3,37,49,84,0
3,37,49,85,0
3,37,49,86,0
3,37,49,87,0
3,37,49,88,0
3,37,49,89,0
3,37,49,90,0
3,37,49,91,0
3,37,49,92,0
3,37,49,93,0
3,37,49,94,0
3,37,49,95,0
3,37,49,96,0
3,37,49,97,0
3,37,49,98,0
3,37,49,99,0
3,37,49,100,0
3,37,49,101,0
3,37,49,102,0
3,37,49,103,0
3,37,49,104,0
3,37,49,105,0
3,37,49,106,0
3,37,49,107,0
3,37,49,108,0
3,37,49,109,0
3,37,49,110,0
3,37,49,111,0
3,37,49,112,0
3,37,49,113,0
3,37,49,114,0
3,37,49,115,0
3,37,49,116,0
3,37,49,117,0
3,37,49,118,0
3,37,49,119,0
3,37,49,120,0
3,37,49,121,0
3,37,49,122,0
3,37,49,123,0
3,37,49,124,0
3,37,49,125,0
3,37,49,126,0
3,37,49,127,0
3,37,49,128,0
3,37,49,129,0
3,37,49,130,0
3,37,49,131,0
3,37,49,132,0
3,37,49,133,0
3,37,49,134,0
3,37,49,135,0
3,37,49,136,0
3,37,49,137,0
3,37,49,138,0
3,37,49,139,0
3,37,49,140,0
3,37,49,141,0
3,37,49,142,0
3,37,49,143,0
3,37,49,144,0
3,37,49,145,0
3,37,49,146,0
3,37,49,147,0
3,37,49,148,0
3,37,49,149,0
3,37,49,150,0
3,37,49,151,0
3,37,49,152,0
3,37,49,153,0
3,37,49,154,0
3,37,49,155,0
3,37,49,156,0
3,37,49,157,0
3,37,49,158,0
3,37,49,159,0
3,37,49,160,0
3,37,49,161,0
3,37,49,162,0
3,37,49,163,0
3,37,49,164,0
3,37,49,165,0
3,37,49,166,0
3,37,49,167,0
3,37,49,168,0
3,37,49,169,0
3,37,49,170,0
3,37,49,171,0
3,37,49,172,0
3,37,49,173,0
3,37,49,174,0
3,37,49,175,0
3,37,49,176,0
3,37,49,177,0
3,37,49,178,0
3,37,49,179,0
3,37,49,180,0
3,37,49,181,0
3,37,49,182,0
3,37,50,0,156307463
3,37,50,1,4610684988
3,37,50,2,94661358230
3,37,50,3,1536211685736
3,37,50,4,21116820626083
3,37,50,5,254483749434392
3,37,50,6,2746473587180087
3,37,50,7,26897221005087680
3,37,50,8,241272450911843787
3,37,50,9,1995103801980755302
3,37,50,10,15278749254418034583
3,37,50,11,108718330324744621350
3,37,50,12,720463642646883019039
3,37,50,13,4453379608810064706900
3,37,50,14,25700995012525285571238
3,37,50,15,138547003244086167115296
3,37,50,16,697690987550493427477079
3,37,50,17,3281228576009348002888046
3,37,50,18,14404125677962277702017155
3,37,50,19,58977447843204131101478550
3,37,50,20,225022635632961006688026571
3,37,50,21,799169268437253943146037762
3,37,50,22,2638825907810772648593097962
3,37,50,23,8090996538763765270996531102
3,37,50,24,23007120249673028301775532804
3,37,50,25,60596518906172187895471700472
3,37,50,26,147651377947471013411445484499
3,37,50,27,332468066997285036673914541282
3,37,50,28,691125409873975544795830236573
3,37,50,29,1325246936465184446268469131852
3,37,50,30,2342531543283650829081579094019
3,37,50,31,3815248843742821475770860879644
3,37,50,32,5723968227923339335151948511539
3,37,50,33,7910143103386363169950741151172
3,37,50,34,10070327940807926173720548298624
3,37,50,35,11814360968587069762166364639202
3,37,50,36,12778646021367329685444262103889
3,37,50,37,12750326758375498912523058260856
3,37,50,38,11743942961745539889823917323583
3,37,50,39,9992745646458861061829770108014
3,37,50,40,7860908744565952239519331526540
3,37,50,41,5721682047986110048907968793486
3,37,50,42,3856417812796117543332118319890
3,37,50,43,2408774233958609296131064582768
3,37,50,44,1395391376045088726428437686435
3,37,50,45,750264715150575164835321643630
3,37,50,46,374695805255908408479953530735
3,37,50,47,173946853701350151283597483360
3,37,50,48,75120810793542943181950466687
3,37,50,49,30203135145344457675753583554
3,37,50,50,11314825277928756084217799672
3,37,50,51,3952944533194726512573107818
3,37,50,52,1289027016585199852608423615
3,37,50,53,392718126026880428654407410
3,37,50,54,111892693086638411587025034
3,37,50,55,29844118769115851680467678
3,37,50,56,7459161072324553057495092
3,37,50,57,1748754677851415720408548
3,37,50,58,384942263329617299723338
3,37,50,59,79631968182073084312194
3,37,50,60,15494208686562257337071
3,37,50,61,2837685953468846088316
3,37,50,62,489489457495794409091
3,37,50,63,79563889104108043376
3,37,50,64,12190456380888968972
3,37,50,65,1760799213076763808
3,37,50,66,239742789469814141
3,37,50,67,30759220666848034
3,37,50,68,3716373517491480
3,37,50,69,422429780126988
3,37,50,70,45107696629860
3,37,50,71,4516398438854
3,37,50,72,422879579537
3,37,50,73,36929818536
3,37,50,74,2982310844
3,37,50,75,224074530
3,37,50,76,15142680
3,37,50,77,928086
3,37,50,78,54007
3,37,50,79,2012
3,37,50,80,84
3,37,50,81,0
3,37,50,82,0
3,37,50,83,0
3,37,50,84,0
3,37,50,85,0
3,37,50,86,0
3,37,50,87,0
3,37,50,88,0
3,37,50,89,0
3,37,50,90,0
3,37,50,91,0
3,37,50,92,0
3,37,50,93,0
3,37,50,94,0
3,37,50,95,0
3,37,50,96,0
3,37,50,97,0
3,37,50,98,0
3,37,50,99,0
3,37,50,100,0
3,37,50,101,0
3,37,50,102,0
3,37,50,103,0
3,37,50,104,0
3,37,50,105,0
3,37,50,106,0
3,37,50,107,0
3,37,50,108,0
3,37,50,109,0
3,37,50,110,0
3,37,50,111,0
3,37,50,112,0
3,37,50,113,0
3,37,50,114,0
3,37,50,115,0
3,37,50,116,0
3,37,50,117,0
3,37,50,118,0
3,37,50,119,0
3,37,50,120,0
3,37,50,121,0
3,37,50,122,0
3,37,50,123,0
3,37,50,124,0
3,37,50,125,0
3,37,50,126,0
3,37,50,127,0
3,37,50,128,0
3,37,50,129,0
3,37,50,130,0
3,37,50,131,0
3,37,50,132,0
3,37,50,133,0
3,37,50,134,0
3,37,50,135,0
3,37,50,136,0
3,37,50,137,0
3,37,50,138,0
3,37,50,139,0
3,37,50,140,0
3,37,50,141,0
3,37,50,142,0
3,37,50,143,0
3,37,50,144,0
3,37,50,145,0
3,37,50,146,0
3,37,50,147,0
3,37,50,148,0
3,37,50,149,0
3,37,50,150,0
3,37,50,151,0
3,37,50,152,0
3,37,50,153,0
3,37,50,154,0
3,37,50,155,0
3,37,50,156,0
3,37,50,157,0
3,37,50,158,0
3,37,50,159,0
3,37,50,160,0
3,37,50,161,0
3,37,50,162,0
3,37,50,163,0
3,37,50,164,0
3,37,50,165,0
3,37,50,166,0
3,37,50,167,0
3,37,50,168,0
3,37,50,169,0
3,37,50,170,0
3,37,50,171,0
3,37,50,172,0
3,37,50,173,0
3,37,50,174,0
3,37,50,175,0
3,37,50,176,0
3,37,50,177,0
3,37,50,178,0
3,37,50,179,0
3,37,50,180,0
3,37,50,181,0
3,37,50,182,0
3,37,51,0,11968027
3,37,51,1,328220626
3,37,51,2,6759129585
3,37,51,3,110707079142
3,37,51,4,1556885898829
3,37,51,5,19306736893230
3,37,51,6,215718820917848
3,37,51,7,2197064124163548
3,37,51,8,20579208122948483
3,37,51,9,178347268568537778
3,37,51,10,1436325750873157670
3,37,51,11,10783458305435284378
3,37,51,12,75639517162266649975
3,37,51,13,496463604915391560638
3,37,51,14,3052045108506666494347
3,37,51,15,17582336737378700916648
3,37,51,16,94928200034305372779416
3,37,51,17,480238965896896878474292
3,37,51,18,2275381691517216925551084
3,37,51,19,10089643024409378845682754
3,37,51,20,41833764041802952278510479
3,37,51,21,162010376519851036509086418
3,37,51,22,585334023347663681711697327
3,37,51,23,1970380904931915823921025498
3,37,51,24,6171602029364790492103353326
3,37,51,25,17961959862804792747817584412
3,37,51,26,48509991661127743578040154425
3,37,51,27,121413392752099068996087843242
3,37,51,28,281277064549028916954162700900
3,37,51,29,602506275746175489860724261110
3,37,51,30,1192178823705651742512806108059
3,37,51,31,2177426422134864837390761776524
3,37,51,32,3668782330683120934999214191902
3,37,51,33,5700586712533726121322024275022
3,37,51,34,8167104376379063985782109677130
3,37,51,35,10789090121377806826989679702886
3,37,51,36,13145140754915210656132307129457
3,37,51,37,14776555398218059727119240445136
3,37,51,38,15333061371535126084575508151337
3,37,51,39,14695887294977392118106454689186
3,37,51,40,13018718252495492491210617568379
3,37,51,41,10667416282024977721264645538562
3,37,51,42,8090790432089038483976428949060
3,37,51,43,5684427491408641568671540622300
3,37,51,44,3702252522012188003526412959501
3,37,51,45,2236875071980613916280571110930
3,37,51,46,1254641806105490841218255713694
3,37,51,47,653733766214923499629012012298
3,37,51,48,316653518236578241170997888647
3,37,51,49,142682903584394585370734577730
3,37,51,50,59851326886566748675083384786
3,37,51,51,23389066569180592576456620114
3,37,51,52,8521764907722021155452116288
3,37,51,53,2897237398712927319016233876
3,37,51,54,919936174008709849128630221
3,37,51,55,273055611444298756675202468
3,37,51,56,75836954911382684223387513
3,37,51,57,19727576942679987853972746
3,37,51,58,4811262924542274986890406
3,37,51,59,1101185179802526808661738
3,37,51,60,236747600152330949871181
3,37,51,61,47853931358826105498136
3,37,51,62,9101316942750739688137
3,37,51,63,1629852349097140223670
3,37,51,64,274977872892154896330
3,37,51,65,43725610795851220458
3,37,51,66,6554965946355004230
3,37,51,67,926451398795418768
3,37,51,68,123427698991060053
3,37,51,69,15493383931206256
3,37,51,70,1831020778464721
3,37,51,71,203499033422904
3,37,51,72,21234993556877
3,37,51,73,2076485127718
3,37,51,74,189597007103
3,37,51,75,16131459454
3,37,51,76,1269537625
3,37,51,77,91603318
3,37,51,78,6116881
3,37,51,79,348416
3,37,51,80,19928
3,37,51,81,640
3,37,51,82,21
3,37,51,83,0
3,37,51,84,0
3,37,51,85,0
3,37,51,86,0
3,37,51,87,0
3,37,51,88,0
3,37,51,89,0
3,37,51,90,0
3,37,51,91,0
3,37,51,92,0
3,37,51,93,0
3,37,51,94,0
3,37,51,95,0
3,37,51,96,0
3,37,51,97,0
3,37,51,98,0
3,37,51,99,0
3,37,51,100,0
3,37,51,101,0
3,37,51,102,0
3,37,51,103,0
3,37,51,104,0
3,37,51,105,0
3,37,51,106,0
3,37,51,107,0
3,37,51,108,0
3,37,51,109,0
3,37,51,110,0
3,37,51,111,0
3,37,51,112,0
3,37,51,113,0
3,37,51,114,0
3,37,51,115,0
3,37,51,116,0
3,37,51,117,0
3,37,51,118,0
3,37,51,119,0
3,37,51,120,0
3,37,51,121,0
3,37,51,122,0
3,37,51,123,0
3,37,51,124,0
3,37,51,125,0
3,37,51,126,0
3,37,51,127,0
3,37,51,128,0
3,37,51,129,0
3,37,51,130,0
3,37,51,131,0
3,37,51,132,0
3,37,51,133,0
3,37,51,134,0
3,37,51,135,0
3,37,51,136,0
3,37,51,137,0
3,37,51,138,0
3,37,51,139,0
3,37,51,140,0
3,37,51,141,0
3,37,51,142,0
3,37,51,143,0
3,37,51,144,0
3,37,51,145,0
3,37,51,146,0
3,37,51,147,0
3,37,51,148,0
3,37,51,149,0
3,37,51,150,0
3,37,51,151,0
3,37,51,152,0
3,37,51,153,0
3,37,51,154,0
3,37,51,155,0
3,37,51,156,0
3,37,51,157,0
3,37,51,158,0
3,37,51,159,0
3,37,51,160,0
3,37,51,161,0
3,37,51,162,0
3,37,51,163,0
3,37,51,164,0
3,37,51,165,0
3,37,51,166,0
3,37,51,167,0
3,37,51,168,0
3,37,51,169,0
3,37,51,170,0
3,37,51,171,0
3,37,51,172,0
3,37,51,173,0
3,37,51,174,0
3,37,51,175,0
3,37,51,176,0
3,37,51,177,0
3,37,51,178,0
3,37,51,179,0
3,37,51,180,0
3,37,51,181,0
3,37,51,182,0
3,37,52,0,770288
3,37,52,1,18819188
3,37,52,2,396427343
3,37,52,3,6518408322
3,37,52,4,94147410416
3,37,52,5,1203609314568
3,37,52,6,13948154558771
3,37,52,7,148012223797052
3,37,52,8,1449719037164745
3,37,52,9,13182997362941486
3,37,52,10,111745364591292533
3,37,52,11,885618811262060752
3,37,52,12,6576520255715859034
3,37,52,13,45827726066719880790
3,37,52,14,299961857842581878955
3,37,52,15,1845201716859514331856
3,37,52,16,10669362704567186790042
3,37,52,17,57981729244223498105224
3,37,52,18,296023336066150069530601
3,37,52,19,1418942772209580093900182
3,37,52,20,6380305863657388291580265
3,37,52,21,26885212357203426886605192
3,37,52,22,106041285472259146619240162
3,37,52,23,390993335957459289577910556
3,37,52,24,1345867041376690043119878832
3,37,52,25,4318719492780325480731471296
3,37,52,26,12900304756407884444440920557
3,37,52,27,35819101726200650388336552462
3,37,52,28,92320387640665396204298879026
3,37,52,29,220588728902093582916787977844
3,37,52,30,488041856280858009986183373184
3,37,52,31,998776253521641465963199145320
3,37,52,32,1889041039460678749122562768764
3,37,52,33,3299780877898300606459631071816
3,37,52,34,5321041951913726281868542741481
3,37,52,35,7918876638988972389805138986918
3,37,52,36,10875784513372517782676466090513
3,37,52,37,13786166146210186988668373140524
3,37,52,38,16133908030207690375590595302218
3,37,52,39,17439572860728884144892021898966
3,37,52,40,17420726283851736984485206498908
3,37,52,41,16091578857254771143569043849628
3,37,52,42,13753796243458450239783851185760
3,37,52,43,10885256685740846390976850157450
3,37,52,44,7982706468463802807096749512403
3,37,52,45,5428212190439567978011784027398
3,37,52,46,3424927612035583284351728538140
3,37,52,47,2006404619412808875032291346066
3,37,52,48,1092032992401454405409132009092
3,37,52,49,552556429885667212633921796536
3,37,52,50,260084838661691510429711424790
3,37,52,51,113954251049921780500238247380
3,37,52,52,46506534811191193869161065719
3,37,52,53,17691828395320449003246743532
3,37,52,54,6278192490112481921505554493
3,37,52,55,2079938621978127963483081302
3,37,52,56,643864278902736841907733045
3,37,52,57,186406449354802872007554208
3,37,52,58,50519796516378676429866884
3,37,52,59,12829725452901659681514280
3,37,52,60,3055982586728390980193182
3,37,52,61,683403224494417195815000
3,37,52,62,143612766892610522094653
3,37,52,63,28383660112495970121542
3,37,52,64,5280008086332751604503
3,37,52,65,925071243962433086956
3,37,52,66,152726960044256572037
3,37,52,67,23769140200195473198
3,37,52,68,3487760188361562299
3,37,52,69,482505200353614040
3,37,52,70,62916049884120378
3,37,52,71,7728335566213164
3,37,52,72,893482887732574
3,37,52,73,97100870422314
3,37,52,74,9901667647654
3,37,52,75,945201712208
3,37,52,76,84211537951
3,37,52,77,6969424608
3,37,52,78,534164498
3,37,52,79,37058944
3,37,52,80,2436543
3,37,52,81,130092
3,37,52,82,6504
3,37,52,83,280
3,37,52,84,0
3,37,52,85,0
3,37,52,86,0
3,37,52,87,0
3,37,52,88,0
3,37,52,89,0
3,37,52,90,0
3,37,52,91,0
3,37,52,92,0
3,37,52,93,0
3,37,52,94,0
3,37,52,95,0
3,37,52,96,0
3,37,52,97,0
3,37,52,98,0
3,37,52,99,0
3,37,52,100,0
3,37,52,101,0
3,37,52,102,0
3,37,52,103,0
3,37,52,104,0
3,37,52,105,0
3,37,52,106,0
3,37,52,107,0
3,37,52,108,0
3,37,52,109,0
3,37,52,110,0
3,37,52,111,0
3,37,52,112,0
3,37,52,113,0
3,37,52,114,0
3,37,52,115,0
3,37,52,116,0
3,37,52,117,0
3,37,52,118,0
3,37,52,119,0
3,37,52,120,0
3,37,52,121,0
3,37,52,122,0
3,37,52,123,0
3,37,52,124,0
3,37,52,125,0
3,37,52,126,0
3,37,52,127,0
3,37,52,128,0
3,37,52,129,0
3,37,52,130,0
3,37,52,131,0
3,37,52,132,0
3,37,52,133,0
3,37,52,134,0
3,37,52,135,0
3,37,52,136,0
3,37,52,137,0
3,37,52,138,0
3,37,52,139,0
3,37,52,140,0
3,37,52,141,0
3,37,52,142,0
3,37,52,143,0
3,37,52,144,0
3,37,52,145,0
3,37,52,146,0
3,37,52,147,0
3,37,52,148,0
3,37,52,149,0
3,37,52,150,0
3,37,52,151,0
3,37,52,152,0
3,37,52,153,0
3,37,52,154,0
3,37,52,155,0
3,37,52,156,0
3,37,52,157,0
3,37,52,158,0
3,37,52,159,0
3,37,52,160,0
3,37,52,161,0
3,37,52,162,0
3,37,52,163,0
3,37,52,164,0
3,37,52,165,0
3,37,52,166,0
3,37,52,167,0
3,37,52,168,0
3,37,52,169,0
3,37,52,170,0
3,37,52,171,0
3,37,52,172,0
3,37,52,173,0
3,37,52,174,0
3,37,52,175,0
3,37,52,176,0
3,37,52,177,0
3,37,52,178,0
3,37,52,179,0
3,37,52,180,0
3,37,52,181,0
3,37,52,182,0
3,37,53,0,41062
3,37,53,1,811628
3,37,53,2,18549147
3,37,53,3,303265982
3,37,53,4,4523911770
3,37,53,5,60018127444
3,37,53,6,723617266769
3,37,53,7,8035951493030
3,37,53,8,82579831250468
3,37,53,9,790307565173678
3,37,53,10,7068668665393802
3,37,53,11,59258738711583552
3,37,53,12,466608633039548706
3,37,53,13,3456024098349837756
3,37,53,14,24102455147278123581
3,37,53,15,158367073166959449494
3,37,53,16,980614098528708979213
3,37,53,17,5721929207116516965070
3,37,53,18,31453268936990986370881
3,37,53,19,162792793081312812210418
3,37,53,20,792734912994010269333957
3,37,53,21,3628623979274485609273120
3,37,53,22,15595709626752296909861242
3,37,53,23,62861670844861585598222460
3,37,53,24,237303313147585244283130539
3,37,53,25,837801032464496690933443358
3,37,53,26,2762195331398454123607971112
3,37,53,27,8491609668799980420363119300
3,37,53,28,24305040870483842045950743768
3,37,53,29,64675476823864884928195919594
3,37,53,30,159778703348259529290395258729
3,37,53,31,365999607024690178150406752448
3,37,53,32,776483995248791131610877993675
3,37,53,33,1524247006994408879041509637156
3,37,53,34,2766383491315928515330872895418
3,37,53,35,4639331152259892843098859897222
3,37,53,36,7186657019141422468779141869339
3,37,53,37,10281554819609651755779600943744
3,37,53,38,13585213653204662974190531023222
3,37,53,39,16582130676222691283705027338514
3,37,53,40,18703995775637621019579653290870
3,37,53,41,19505341046848064251732763943854
3,37,53,42,18816564952324037192769172772761
3,37,53,43,16802052818713695344744284158642
3,37,53,44,13896352923332899720964977744263
3,37,53,45,10652253236247531683077608671512
3,37,53,46,7572989191069815452552099518026
3,37,53,47,4996366720346356201417426666612
3,37,53,48,3061040732775702025420559223553
3,37,53,49,1742486984968001452560285421444
3,37,53,50,922161178252634732849352449950
3,37,53,51,453972636078198526995589671204
3,37,53,52,208012530079340370431050738600
3,37,53,53,88765951186525283833980109086
3,37,53,54,35300038210714858176241526619
3,37,53,55,13090928476206949710462539334
3,37,53,56,4530547376935360238553970701
3,37,53,57,1464400819928110821913224070
3,37,53,58,442453444046624802158421066
3,37,53,59,125073385449721257432165980
3,37,53,60,33110060706968103870005746
3,37,53,61,8216181250126193951242756
3,37,53,62,1912988766307604122789728
3,37,53,63,418306759236966602122294
3,37,53,64,85981489830898564169679
3,37,53,65,16626455004297606467064
3,37,53,66,3026878754117639163715
3,37,53,67,519105865349411782364
3,37,53,68,83904627701952116107
3,37,53,69,12785465942216560310
3,37,53,70,1836944917125957510
3,37,53,71,248815638286248058
3,37,53,72,31761624923471392
3,37,53,73,3818416155243964
3,37,53,74,431902783462131
3,37,53,75,45896545658618
3,37,53,76,4573181966247
3,37,53,77,426146927582
3,37,53,78,37034696082
3,37,53,79,2976143724
3,37,53,80,222462280
3,37,53,81,14948866
3,37,53,82,914417
3,37,53,83,52358
3,37,53,84,1953
3,37,53,85,80
3,37,53,86,0
3,37,53,87,0
3,37,53,88,0
3,37,53,89,0
3,37,53,90,0
3,37,53,91,0
3,37,53,92,0
3,37,53,93,0
3,37,53,94,0
3,37,53,95,0
3,37,53,96,0
3,37,53,97,0
3,37,53,98,0
3,37,53,99,0
3,37,53,100,0
3,37,53,101,0
3,37,53,102,0
3,37,53,103,0
3,37,53,104,0
3,37,53,105,0
3,37,53,106,0
3,37,53,107,0
3,37,53,108,0
3,37,53,109,0
3,37,53,110,0
3,37,53,111,0
3,37,53,112,0
3,37,53,113,0
3,37,53,114,0
3,37,53,115,0
3,37,53,116,0
3,37,53,117,0
3,37,53,118,0
3,37,53,119,0
3,37,53,120,0
3,37,53,121,0
3,37,53,122,0
3,37,53,123,0
3,37,53,124,0
3,37,53,125,0
3,37,53,126,0
3,37,53,127,0
3,37,53,128,0
3,37,53,129,0
3,37,53,130,0
3,37,53,131,0
3,37,53,132,0
3,37,53,133,0
3,37,53,134,0
3,37,53,135,0
3,37,53,136,0
3,37,53,137,0
3,37,53,138,0
3,37,53,139,0
3,37,53,140,0
3,37,53,141,0
3,37,53,142,0
3,37,53,143,0
3,37,53,144,0
3,37,53,145,0
3,37,53,146,0
3,37,53,147,0
3,37,53,148,0
3,37,53,149,0
3,37,53,150,0
3,37,53,151,0
3,37,53,152,0
3,37,53,153,0
3,37,53,154,0
3,37,53,155,0
3,37,53,156,0
3,37,53,157,0
3,37,53,158,0
3,37,53,159,0
3,37,53,160,0
3,37,53,161,0
3,37,53,162,0
3,37,53,163,0
3,37,53,164,0
3,37,53,165,0
3,37,53,166,0
3,37,53,167,0
3,37,53,168,0
3,37,53,169,0
3,37,53,170,0
3,37,53,171,0
3,37,53,172,0
3,37,53,173,0
3,37,53,174,0
3,37,53,175,0
3,37,53,176,0
3,37,53,177,0
3,37,53,178,0
3,37,53,179,0
3,37,53,180,0
3,37,53,181,0
3,37,53,182,0
3,37,54,0,1773
3,37,54,1,22896
3,37,54,2,656129
3,37,54,3,10692270
3,37,54,4,163922477
3,37,54,5,2303918576
3,37,54,6,29015882846
3,37,54,7,340087413958
3,37,54,8,3691548927589
3,37,54,9,37390563714106
3,37,54,10,354701608625502
3,37,54,11,3158916499144948
3,37,54,12,26471217213823397
3,37,54,13,209024870096705668
3,37,54,14,1556959183071434363
3,37,54,15,10947417234638804286
3,37,54,16,72687278785969651238
3,37,54,17,455777846557929334668
3,37,54,18,2698494051831792339711
3,37,54,19,15079601310310133686192
3,37,54,20,79486855367216895719618
3,37,54,21,394905422379881879308262
3,37,54,22,1847415406905778042104683
3,37,54,23,8128772366251602986014494
3,37,54,24,33599418002181255278051959
3,37,54,25,130284785581929553061180832
3,37,54,26,473239532994287094495604418
3,37,54,27,1607817183387367304022574748
3,37,54,28,5101393982740722813991464500
3,37,54,29,15092620878609291991739268964
3,37,54,30,41572330029178180384186054114
3,37,54,31,106457546806952318418269689106
3,37,54,32,253100166368576341830195011820
3,37,54,33,557983001143616602102832317922
3,37,54,34,1139463878257446503936288897605
3,37,54,35,2153524806568031637054651163036
3,37,54,36,3764220332045517124197102457205
3,37,54,37,6082375357378537151546581969976
3,37,54,38,9083062440488407947471693676640
3,37,54,39,12535063070394720308228371810052
3,37,54,40,15988533331803500935885663393863
3,37,54,41,18853811539777286918025803533200
3,37,54,42,20562407873585217221801279903513
3,37,54,43,20751565620121113380576318910988
3,37,54,44,19389944779262192782383049252754
3,37,54,45,16784743986941546856465822061260
3,37,54,46,13469009939495264938515771162069
3,37,54,47,10025556803970614206753168074560
3,37,54,48,6926206331684873950070726267352
3,37,54,49,4443740766809170379095306082664
3,37,54,50,2649171142619903604563330523038
3,37,54,51,1468290055795185870958322430322
3,37,54,52,756974253182100136778132456617
3,37,54,53,363198417530389143324432950692
3,37,54,54,162267630184153636002442801752
3,37,54,55,67544233708594114097094553030
3,37,54,56,26210451068043519971463501044
3,37,54,57,9488012921173176653244024722
3,37,54,58,3206285988204334328298323398
3,37,54,59,1012267755342162428469004020
3,37,54,60,298828251392209974716818701
3,37,54,61,82560254022945844000821150
3,37,54,62,21367326901859355425025689
3,37,54,63,5185303555602138590980338
3,37,54,64,1181018193807191437871084
3,37,54,65,252696398300925421087248
3,37,54,66,50837064869710718854820
3,37,54,67,9623791293295491847946
3,37,54,68,1715526652278075060533
3,37,54,69,288125050696189400646
3,37,54,70,45611945671783459293
3,37,54,71,6807632374036313738
3,37,54,72,957970774942659137
3,37,54,73,127076238459789316
3,37,54,74,15883036526250347
3,37,54,75,1869069812116488
3,37,54,76,206844399355958
3,37,54,77,21491945943470
3,37,54,78,2092563571487
3,37,54,79,190245004530
3,37,54,80,16114289749
3,37,54,81,1261855658
3,37,54,82,90763371
3,37,54,83,6013042
3,37,54,84,341392
3,37,54,85,19416
3,37,54,86,608
3,37,54,87,20
3,37,54,88,0
3,37,54,89,0
3,37,54,90,0
3,37,54,91,0
3,37,54,92,0
3,37,54,93,0
3,37,54,94,0
3,37,54,95,0
3,37,54,96,0
3,37,54,97,0
3,37,54,98,0
3,37,54,99,0
3,37,54,100,0
3,37,54,101,0
3,37,54,102,0
3,37,54,103,0
3,37,54,104,0
3,37,54,105,0
3,37,54,106,0
3,37,54,107,0
3,37,54,108,0
3,37,54,109,0
3,37,54,110,0
3,37,54,111,0
3,37,54,112,0
3,37,54,113,0
3,37,54,114,0
3,37,54,115,0
3,37,54,116,0
3,37,54,117,0
3,37,54,118,0
3,37,54,119,0
3,37,54,120,0
3,37,54,121,0
3,37,54,122,0
3,37,54,123,0
3,37,54,124,0
3,37,54,125,0
3,37,54,126,0
3,37,54,127,0
3,37,54,128,0
3,37,54,129,0
3,37,54,130,0
3,37,54,131,0
3,37,54,132,0
3,37,54,133,0
3,37,54,134,0
3,37,54,135,0
3,37,54,136,0
3,37,54,137,0
3,37,54,138,0
3,37,54,139,0
3,37,54,140,0
3,37,54,141,0
3,37,54,142,0
3,37,54,143,0
3,37,54,144,0
3,37,54,145,0
3,37,54,146,0
3,37,54,147,0
3,37,54,148,0
3,37,54,149,0
3,37,54,150,0
3,37,54,151,0
3,37,54,152,0
3,37,54,153,0
3,37,54,154,0
3,37,54,155,0
3,37,54,156,0
3,37,54,157,0
3,37,54,158,0
3,37,54,159,0
3,37,54,160,0
3,37,54,161,0
3,37,54,162,0
3,37,54,163,0
3,37,54,164,0
3,37,54,165,0
3,37,54,166,0
3,37,54,167,0
3,37,54,168,0
3,37,54,169,0
3,37,54,170,0
3,37,54,171,0
3,37,54,172,0
3,37,54,173,0
3,37,54,174,0
3,37,54,175,0
3,37,54,176,0
3,37,54,177,0
3,37,54,178,0
3,37,54,179,0
3,37,54,180,0
3,37,54,181,0
3,37,54,182,0
3,37,55,0,57
3,37,55,1,300
3,37,55,2,15312
3,37,55,3,273254
3,37,55,4,4074239
3,37,55,5,64086572
3,37,55,6,850450805
3,37,55,7,10654461430
3,37,55,8,123935640247
3,37,55,9,1341332532408
3,37,55,10,13624389716386
3,37,55,11,129926995398906
3,37,55,12,1166606938168370
3,37,55,13,9878534009765186
3,37,55,14,78978014709871161
3,37,55,15,596701776554808000
3,37,55,16,4262605320587569490
3,37,55,17,28798872975060406884
3,37,55,18,184019863422079978849
3,37,55,19,1111859538688562991580
3,37,55,20,6349625418655480860450
3,37,55,21,34252508696765317497800
3,37,55,22,174396834331476055561898
3,37,55,23,837281225708594345467372
3,37,55,24,3786259715809770896110653
3,37,55,25,16107108212751998932152830
3,37,55,26,64373131344890963173088991
3,37,55,27,241347172266296965452915096
3,37,55,28,847559277383868674737901115
3,37,55,29,2783612171474589980050454690
3,37,55,30,8536350531825097363363699061
3,37,55,31,24405195333366637558477665458
3,37,55,32,64950550317311412599073989530
3,37,55,33,160677525538340714767064847418
3,37,55,34,369005068795411155229600395639
3,37,55,35,785801608713795984078284305258
3,37,55,36,1550144445595333898381798314594
3,37,55,37,2830549953044667222016184507774
3,37,55,38,4781456027995590795019843294673
3,37,55,39,7469356699834893797363912425534
3,37,55,40,10788764876556037138479572965237
3,37,55,41,14409192670486519474643210307590
3,37,55,42,17798077113178833073569275294380
3,37,55,43,20338470114268911563677614513542
3,37,55,44,21511382123361833205921175074049
3,37,55,45,21069278182468256693018702963982
3,37,55,46,19120953804612193792800897170676
3,37,55,47,16088106234606898081346420111348
3,37,55,48,12557215399141735165045466535719
3,37,55,49,9097589289995580597841026989234
3,37,55,50,6121320532554106264469472450557
3,37,55,51,3827180345574956294256147759126
3,37,55,52,2224566753609505428022208882218
3,37,55,53,1202689446478674678368934635324
3,37,55,54,605072633193412886054400293883
3,37,55,55,283408769973316243296746083448
3,37,55,56,123647328615676313631415618884
3,37,55,57,50274856189784092747350241098
3,37,55,58,19061719728187529185035374368
3,37,55,59,6743660934592281413467777452
3,37,55,60,2227712135861035457267263632
3,37,55,61,687686004789824806287291922
3,37,55,62,198543577587781133330916065
3,37,55,63,53659501316785967779479928
3,37,55,64,13588440590125217434085248
3,37,55,65,3227298296254341849944858
3,37,55,66,719558572788374236627316
3,37,55,67,150746572874532782932792
3,37,55,68,29699839476000126405772
3,37,55,69,5507069442546986755870
3,37,55,70,961687091558782054914
3,37,55,71,158242346200026068854
3,37,55,72,24544121039752021455
3,37,55,73,3589123777757086014
3,37,55,74,494804557061997441
3,37,55,75,64293174072434700
3,37,55,76,7869417747636984
3,37,55,77,906516663223744
3,37,55,78,98156077101805
3,37,55,79,9971960958250
3,37,55,80,948315804430
3,37,55,81,84145412622
3,37,55,82,6937691945
3,37,55,83,529239598
3,37,55,84,36562241
3,37,55,85,2393768
3,37,55,86,126767
3,37,55,87,6306
3,37,55,88,266
3,37,55,89,0
3,37,55,90,0
3,37,55,91,0
3,37,55,92,0
3,37,55,93,0
3,37,55,94,0
3,37,55,95,0
3,37,55,96,0
3,37,55,97,0
3,37,55,98,0
3,37,55,99,0
3,37,55,100,0
3,37,55,101,0
3,37,55,102,0
3,37,55,103,0
3,37,55,104,0
3,37,55,105,0
3,37,55,106,0
3,37,55,107,0
3,37,55,108,0
3,37,55,109,0
3,37,55,110,0
3,37,55,111,0
3,37,55,112,0
3,37,55,113,0
3,37,55,114,0
3,37,55,115,0
3,37,55,116,0
3,37,55,117,0
3,37,55,118,0
3,37,55,119,0
3,37,55,120,0
3,37,55,121,0
3,37,55,122,0
3,37,55,123,0
3,37,55,124,0
3,37,55,125,0
3,37,55,126,0
3,37,55,127,0
3,37,55,128,0
3,37,55,129,0
3,37,55,130,0
3,37,55,131,0
3,37,55,132,0
3,37,55,133,0
3,37,55,134,0
3,37,55,135,0
3,37,55,136,0
3,37,55,137,0
3,37,55,138,0
3,37,55,139,0
3,37,55,140,0
3,37,55,141,0
3,37,55,142,0
3,37,55,143,0
3,37,55,144,0
3,37,55,145,0
3,37,55,146,0
3,37,55,147,0
3,37,55,148,0
3,37,55,149,0
3,37,55,150,0
3,37,55,151,0
3,37,55,152,0
3,37,55,153,0
3,37,55,154,0
3,37,55,155,0
3,37,55,156,0
3,37,55,157,0
3,37,55,158,0
3,37,55,159,0
3,37,55,160,0
3,37,55,161,0
3,37,55,162,0
3,37,55,163,0
3,37,55,164,0
3,37,55,165,0
3,37,55,166,0
3,37,55,167,0
3,37,55,168,0
3,37,55,169,0
3,37,55,170,0
3,37,55,171,0
3,37,55,172,0
3,37,55,173,0
3,37,55,174,0
3,37,55,175,0
3,37,55,176,0
3,37,55,177,0
3,37,55,178,0
3,37,55,179,0
3,37,55,180,0
3,37,55,181,0
3,37,55,182,0
3,37,56,0,1
3,37,56,1,0
3,37,56,2,158
3,37,56,3,4688
3,37,56,4,57797
3,37,56,5,1145072
3,37,56,6,16734058
3,37,56,7,226088360
3,37,56,8,2914502590
3,37,56,9,34293371526
3,37,56,10,379271410856
3,37,56,11,3930686702700
3,37,56,12,38274418495083
3,37,56,13,351244807591946
3,37,56,14,3041235251602875
3,37,56,15,24878834331174872
3,37,56,16,192452736926863864
3,37,56,17,1408564030568978830
3,37,56,18,9757171510035247274
3,37,56,19,63972275967950967526
3,37,56,20,396927335746786713696
3,37,56,21,2329823376972890313346
3,37,56,22,12929635275859602317514
3,37,56,23,67792584042055696280530
3,37,56,24,335521420716296035374744
3,37,56,25,1565826946683839553206320
3,37,56,26,6882336363750437200170557
3,37,56,27,28452906355323710126353526
3,37,56,28,110484364935169555300029261
3,37,56,29,402353235146135751261957716
3,37,56,30,1372052253581341794045477399
3,37,56,31,4374228106472905584432569860
3,37,56,32,13017020655392721089358067625
3,37,56,33,36101732955563389830922757768
3,37,56,34,93176820495485396236195811371
3,37,56,35,223487603240827427962855076346
3,37,56,36,497538318013377293607616142794
3,37,56,37,1026977977814558415225669432292
3,37,56,38,1963692275129649643621673737348
3,37,56,39,3475911408793857470793934846592
3,37,56,40,5693039325954014440395247324682
3,37,56,41,8625571908919627741947387326824
3,37,56,42,12088526567995247300117203433456
3,37,56,43,15672953651755943332045332877650
3,37,56,44,18803378294298416151213689676249
3,37,56,45,20883159423223615565817125219808
3,37,56,46,21480187769467608405528178445458
3,37,56,47,20473545892409393976543910294980
3,37,56,48,18092813638478985259796299982110
3,37,56,49,14832876636517637269868591907896
3,37,56,50,11287414203719796633043015386683
3,37,56,51,7977133593087061261178609288994
3,37,56,52,5238453506973313902376292382914
3,37,56,53,3197938029474256602258496347430
3,37,56,54,1815694019743641825142805528876
3,37,56,55,959196563581524688689753706436
3,37,56,56,471681255901108867817179188665
3,37,56,57,215999659327194543925554925670
3,37,56,58,92155094611747930943564470545
3,37,56,59,36649178415221983328355715650
3,37,56,60,13593446360194493042994571772
3,37,56,61,4705300746160013067551889092
3,37,56,62,1521047595919666428982743865
3,37,56,63,459551463874435213855190704
3,37,56,64,129876332068988313576402088
3,37,56,65,34365555070687698269478988
3,37,56,66,8521641277160492933765669
3,37,56,67,1982187167570407692528018
3,37,56,68,432909682928717708045166
3,37,56,69,88853370082496535406988
3,37,56,70,17152941237829528967910
3,37,56,71,3116847428740318759668
3,37,56,72,533430579366377149178
3,37,56,73,86027451367322275538
3,37,56,74,13077708802476451366
3,37,56,75,1874200114089691398
3,37,56,76,253190516137926023
3,37,56,77,32230814865237714
3,37,56,78,3863681783830489
3,37,56,79,435714523520116
3,37,56,80,46158158001996
3,37,56,81,4584325637790
3,37,56,82,425752230965
3,37,56,83,36868126080
3,37,56,84,2952009293
3,37,56,85,219739924
3,37,56,86,14696992
3,37,56,87,897882
3,37,56,88,50597
3,37,56,89,1890
3,37,56,90,76
3,37,56,91,0
3,37,56,92,0
3,37,56,93,0
3,37,56,94,0
3,37,56,95,0
3,37,56,96,0
3,37,56,97,0
3,37,56,98,0
3,37,56,99,0
3,37,56,100,0
3,37,56,101,0
3,37,56,102,0
3,37,56,103,0
3,37,56,104,0
3,37,56,105,0
3,37,56,106,0
3,37,56,107,0
3,37,56,108,0
3,37,56,109,0
3,37,56,110,0
3,37,56,111,0
3,37,56,112,0
3,37,56,113,0
3,37,56,114,0
3,37,56,115,0
3,37,56,116,0
3,37,56,117,0
3,37,56,118,0
3,37,56,119,0
3,37,56,120,0
3,37,56,121,0
3,37,56,122,0
3,37,56,123,0
3,37,56,124,0
3,37,56,125,0
3,37,56,126,0
3,37,56,127,0
3,37,56,128,0
3,37,56,129,0
3,37,56,130,0
3,37,56,131,0
3,37,56,132,0
3,37,56,133,0
3,37,56,134,0
3,37,56,135,0
3,37,56,136,0
3,37,56,137,0
3,37,56,138,0
3,37,56,139,0
3,37,56,140,0
3,37,56,141,0
3,37,56,142,0
3,37,56,143,0
3,37,56,144,0
3,37,56,145,0
3,37,56,146,0
3,37,56,147,0
3,37,56,148,0
3,37,56,149,0
3,37,56,150,0
3,37,56,151,0
3,37,56,152,0
3,37,56,153,0
3,37,56,154,0
3,37,56,155,0
3,37,56,156,0
3,37,56,157,0
3,37,56,158,0
3,37,56,159,0
3,37,56,160,0
3,37,56,161,0
3,37,56,162,0
3,37,56,163,0
3,37,56,164,0
3,37,56,165,0
3,37,56,166,0
3,37,56,167,0
3,37,56,168,0
3,37,56,169,0
3,37,56,170,0
3,37,56,171,0
3,37,56,172,0
3,37,56,173,0
3,37,56,174,0
3,37,56,175,0
3,37,56,176,0
3,37,56,177,0
3,37,56,178,0
3,37,56,179,0
3,37,56,180,0
3,37,56,181,0
3,37,56,182,0
3,37,57,0,0
3,37,57,1,0
3,37,57,2,0
3,37,57,3,38
3,37,57,4,308
3,37,57,5,9358
3,37,57,6,190695
3,37,57,7,2736164
3,37,57,8,42150629
3,37,57,9,563315134
3,37,57,10,6978052612
3,37,57,11,80989906538
3,37,57,12,874380653365
3,37,57,13,8863913431854
3,37,57,14,84476996731549
3,37,57,15,758497680408212
3,37,57,16,6427789736834470
3,37,57,17,51467108857635914
3,37,57,18,389704931983933480
3,37,57,19,2791957447012353624
3,37,57,20,18930374703083366144
3,37,57,21,121476896639878999186
3,37,57,22,737600157089092841700
3,37,57,23,4236050471130796847152
3,37,57,24,22995953470518354423869
3,37,57,25,117910511986420519241008
3,37,57,26,570497989775081811657540
3,37,57,27,2601841661114415096096780
3,37,57,28,11171178143064078347375410
3,37,57,29,45094515838404452537111216
3,37,57,30,170894516861035123787513825
3,37,57,31,607089911114205831666036818
3,37,57,32,2018452836489114032474140204
3,37,57,33,6271009788520205245293712000
3,37,57,34,18177275573353877830505530275
3,37,57,35,49083256271519584076045997748
3,37,57,36,123290356157312166466752397473
3,37,57,37,287704083445223628701601612212
3,37,57,38,622988542746775562212859781407
3,37,57,39,1250560607677231814305761924732
3,37,57,40,2325304758515724090537075773928
3,37,57,41,4002731534593614610332272503394
3,37,57,42,6376427701921203484679445785647
3,37,57,43,9398839675232292116915025559738
3,37,57,44,12819155969655839557718888657635
3,37,57,45,16181404482687832764881525162192
3,37,57,46,18909749656572017295415756568875
3,37,57,47,20466972023360199019931970048318
3,37,57,48,20527483395106947122973097411553
3,37,57,49,19088243440559325642052131117886
3,37,57,50,16465876276026173162737101449901
3,37,57,51,13183490487386010000940373220202
3,37,57,52,9802380357573495152704641656663
3,37,57,53,6771794073402344625306992185100
3,37,57,54,4348577445422320578091579718492
3,37,57,55,2596853325881065927562615421616
3,37,57,56,1442705793580727888798723654408
3,37,57,57,745940516391132149981631764838
3,37,57,58,359080092553049462367790976822
3,37,57,59,160994073745896139370763783514
3,37,57,60,67258101811729444679789844959
3,37,57,61,26194011039024169519664990834
3,37,57,62,9515185535994236790372640170
3,37,57,63,3225961802940714760787830282
3,37,57,64,1021487106936497535848343536
3,37,57,65,302328311793164308463995072
3,37,57,66,83708441825302206250517171
3,37,57,67,21702075853203976364839092
3,37,57,68,5273360160203306001186881
3,37,57,69,1202111435766027434305248
3,37,57,70,257325386198673624277927
3,37,57,71,51771512310513997955240
3,37,57,72,9797770744549097077369
3,37,57,73,1745445626344696746940
3,37,57,74,292878670205757091211
3,37,57,75,46309014132526121606
3,37,57,76,6901709106548258648
3,37,57,77,969592627139522960
3,37,57,78,128377522229722583
3,37,57,79,16012628108349438
3,37,57,80,1880097526814773
3,37,57,81,207562631883928
3,37,57,82,21510728922537
3,37,57,83,2088552086584
3,37,57,84,189329103663
3,37,57,85,15985288632
3,37,57,86,1246941433
3,37,57,87,89497540
3,37,57,88,5888129
3,37,57,89,333382
3,37,57,90,18852
3,37,57,91,576
3,37,57,92,19
3,37,57,93,0
3,37,57,94,0
3,37,57,95,0
3,37,57,96,0
3,37,57,97,0
3,37,57,98,0
3,37,57,99,0
3,37,57,100,0
3,37,57,101,0
3,37,57,102,0
3,37,57,103,0
3,37,57,104,0
3,37,57,105,0
3,37,57,106,0
3,37,57,107,0
3,37,57,108,0
3,37,57,109,0
3,37,57,110,0
3,37,57,111,0
3,37,57,112,0
3,37,57,113,0
3,37,57,114,0
3,37,57,115,0
3,37,57,116,0
3,37,57,117,0
3,37,57,118,0
3,37,57,119,0
3,37,57,120,0
3,37,57,121,0
3,37,57,122,0
3,37,57,123,0
3,37,57,124,0
3,37,57,125,0
3,37,57,126,0
3,37,57,127,0
3,37,57,128,0
3,37,57,129,0
3,37,57,130,0
3,37,57,131,0
3,37,57,132,0
3,37,57,133,0
3,37,57,134,0
3,37,57,135,0
3,37,57,136,0
3,37,57,137,0
3,37,57,138,0
3,37,57,139,0
3,37,57,140,0
3,37,57,141,0
3,37,57,142,0
3,37,57,143,0
3,37,57,144,0
3,37,57,145,0
3,37,57,146,0
3,37,57,147,0
3,37,57,148,0
3,37,57,149,0
3,37,57,150,0
3,37,57,151,0
3,37,57,152,0
3,37,57,153,0
3,37,57,154,0
3,37,57,155,0
3,37,57,156,0
3,37,57,157,0
3,37,57,158,0
3,37,57,159,0
3,37,57,160,0
3,37,57,161,0
3,37,57,162,0
3,37,57,163,0
3,37,57,164,0
3,37,57,165,0
3,37,57,166,0
3,37,57,167,0
3,37,57,168,0
3,37,57,169,0
3,37,57,170,0
3,37,57,171,0
3,37,57,172,0
3,37,57,173,0
3,37,57,174,0
3,37,57,175,0
3,37,57,176,0
3,37,57,177,0
3,37,57,178,0
3,37,57,179,0
3,37,57,180,0
3,37,57,181,0
3,37,57,182,0
3,37,58,0,0
3,37,58,1,0
3,37,58,2,0
3,37,58,3,0
3,37,58,4,0
3,37,58,5,0
3,37,58,6,743
3,37,58,7,12888
3,37,58,8,267319
3,37,58,9,4847986
3,37,58,10,70963028
3,37,58,11,985369534
3,37,58,12,12391632957
3,37,58,13,143895482842
3,37,58,14,1557760806699
3,37,58,15,15744419142456
3,37,58,16,149279924632812
3,37,58,17,1330995329482474
3,37,58,18,11181370381428868
3,37,58,19,88637445832994290
3,37,58,20,663716565308431571
3,37,58,21,4697701918350380196
3,37,58,22,31440014930486853532
3,37,58,23,198981161150028756010
3,37,58,24,1190706256476651604150
3,37,58,25,6734348760911446775942
3,37,58,26,35977549051786880679706
3,37,58,27,181417186228859560831108
3,37,58,28,862637124020401241674988
3,37,58,29,3863722013202968845151564
3,37,58,30,16280866147402262809658564
3,37,58,31,64455234137435801912626392
3,37,58,32,239398829301152398912205869
3,37,58,33,832938891542419138458076288
3,37,58,34,2710555336180006287849292590
3,37,58,35,8237220369881870254474199762
3,37,58,36,23340769441056702875963010196
3,37,58,37,61577747254243612500803268818
3,37,58,38,151046834064920659467496581253
3,37,58,39,344065924231798121080608612796
3,37,58,40,727022940208536392543619220025
3,37,58,41,1423793551336606940394651941882
3,37,58,42,2582518193378532679174457601270
3,37,58,43,4336448834208786147355982082088
3,37,58,44,6739182388829372241664139137790
3,37,58,45,9692485366318170104110323422958
3,37,58,46,12902291247844080971849728193491
3,37,58,47,15900659640255278399959357746720
3,37,58,48,18148615638229423627090767690077
3,37,58,49,19193401272620777268423496765466
3,37,58,50,18817570277195667243371689862477
3,37,58,51,17112453459517578469340881563602
3,37,58,52,14442178000306222956106073627532
3,37,58,53,11317535475493265394374351553268
3,37,58,54,8239175535100322730556680210261
3,37,58,55,5574758061585032415841185341438
3,37,58,56,3507189537125253169366946891059
3,37,58,57,2052335553326676244982882525136
3,37,58,58,1117497127674590055659629415237
3,37,58,59,566369521723934851534113722286
3,37,58,60,267273409161584857612454846347
3,37,58,61,117481544018426793693697944268
3,37,58,62,48118740887556560779759543013
3,37,58,63,18373318179605974559211626770
3,37,58,64,6543649033787637318218823292
3,37,58,65,2175098857172077329030118936
3,37,58,66,675260537767444605189102538
3,37,58,67,195948412635472666719930236
3,37,58,68,53194635159339844481075199
3,37,58,69,13522358131692359239450294
3,37,58,70,3221907617933070180594057
3,37,58,71,720228123390304350205478
3,37,58,72,151193712859280247251249
3,37,58,73,29832634646349752966048
3,37,58,74,5537274377894301490146
3,37,58,75,967502818144724141904
3,37,58,76,159223361532657010732
3,37,58,77,24690867318361647480
3,37,58,78,3608578602330099109
3,37,58,79,497058546289266766
3,37,58,80,64512362054154364
3,37,58,81,7885188520876280
3,37,58,82,906842111816327
3,37,58,83,98006457672666
3,37,58,84,9935778679866
3,37,58,85,942698913916
3,37,58,86,83420389974
3,37,58,87,6860059614
3,37,58,88,521452660
3,37,58,89,35913170
3,37,58,90,2342109
3,37,58,91,123132
3,37,58,92,6094
3,37,58,93,252
3,37,58,94,0
3,37,58,95,0
3,37,58,96,0
3,37,58,97,0
3,37,58,98,0
3,37,58,99,0
3,37,58,100,0
3,37,58,101,0
3,37,58,102,0
3,37,58,103,0
3,37,58,104,0
3,37,58,105,0
3,37,58,106,0
3,37,58,107,0
3,37,58,108,0
3,37,58,109,0
3,37,58,110,0
3,37,58,111,0
3,37,58,112,0
3,37,58,113,0
3,37,58,114,0
3,37,58,115,0
3,37,58,116,0
3,37,58,117,0
3,37,58,118,0
3,37,58,119,0
3,37,58,120,0
3,37,58,121,0
3,37,58,122,0
3,37,58,123,0
3,37,58,124,0
3,37,58,125,0
3,37,58,126,0
3,37,58,127,0
3,37,58,128,0
3,37,58,129,0
3,37,58,130,0
3,37,58,131,0
3,37,58,132,0
3,37,58,133,0
3,37,58,134,0
3,37,58,135,0
3,37,58,136,0
3,37,58,137,0
3,37,58,138,0
3,37,58,139,0
3,37,58,140,0
3,37,58,141,0
3,37,58,142,0
3,37,58,143,0
3,37,58,144,0
3,37,58,145,0
3,37,58,146,0
3,37,58,147,0
3,37,58,148,0
3,37,58,149,0
3,37,58,150,0
3,37,58,151,0
3,37,58,152,0
3,37,58,153,0
3,37,58,154,0
3,37,58,155,0
3,37,58,156,0
3,37,58,157,0
3,37,58,158,0
3,37,58,159,0
3,37,58,160,0
3,37,58,161,0
3,37,58,162,0
3,37,58,163,0
3,37,58,164,0
3,37,58,165,0
3,37,58,166,0
3,37,58,167,0
3,37,58,168,0
3,37,58,169,0
3,37,58,170,0
3,37,58,171,0
3,37,58,172,0
3,37,58,173,0
3,37,58,174,0
3,37,58,175,0
3,37,58,176,0
3,37,58,177,0
3,37,58,178,0
3,37,58,179,0
3,37,58,180,0
3,37,58,181,0
3,37,58,182,0
3,37,59,0,0
3,37,59,1,0
3,37,59,2,0
3,37,59,3,0
3,37,59,4,0
3,37,59,5,0
3,37,59,6,0
3,37,59,7,0
3,37,59,8,1
3,37,59,9,9970
3,37,59,10,263607
3,37,59,11,4931008
3,37,59,12,85586075
3,37,59,13,1239773078
3,37,59,14,16331690304
3,37,59,15,196269757740
3,37,59,16,2170234011103
3,37,59,17,22294916528026
3,37,59,18,213645963961565
3,37,59,19,1917425302345846
3,37,59,20,16162143309248369
3,37,59,21,128205454740957406
3,37,59,22,958489883548695920
3,37,59,23,6760420866818228896
3,37,59,24,45012143900697950246
3,37,59,25,282993257476859479052
3,37,59,26,1679993408445668564518
3,37,59,27,9414733427850439493146
3,37,59,28,49780803745849259280390
3,37,59,29,248178575529454288818128
3,37,59,30,1165547367656821359061760
3,37,59,31,5151124603103894812063448
3,37,59,32,21397425760565468913964264
3,37,59,33,83432786174575773994380994
3,37,59,34,304940199680309037103284501
3,37,59,35,1043165504484512534061921434
3,37,59,36,3334992758644428164296635085
3,37,59,37,9949056365851055275939566708
3,37,59,38,27654891055706321875521525942
3,37,59,39,71524483747431959316152409132
3,37,59,40,171896809246850676857112016430
3,37,59,41,383452462886505831728970228608
3,37,59,42,793161430738341967247633626155
3,37,59,43,1520122440176680512292945953704
3,37,59,44,2697823469139006904713031973163
3,37,59,45,4432095944399843143294048275422
3,37,59,46,6739015971161876288306762229297
3,37,59,47,9483912329425341929271407447208
3,37,59,48,12355620422501998017468309995514
3,37,59,49,14906206707336556411743708328304
3,37,59,50,16660118465459377195073857070059
3,37,59,51,17258751644574968600963799272902
3,37,59,52,16580172523931499798672020687299
3,37,59,53,14779156211947777858095008071330
3,37,59,54,12229785176288989976172888177566
3,37,59,55,9399663505197352669137861291158
3,37,59,56,6713193386898788110993427555485
3,37,59,57,4457072052567210163297185665816
3,37,59,58,2751917604056485575577502772650
3,37,59,59,1580636017570056461437412231268
3,37,59,60,844836484102205840403085090529
3,37,59,61,420325784921212428604582293846
3,37,59,62,194716441105832946562235484549
3,37,59,63,84016434415613553557582860146
3,37,59,64,33777929238052357975936006865
3,37,59,65,12659017231895190663438246300
3,37,59,66,4424786119515541198907804260
3,37,59,67,1443370602543879325967859314
3,37,59,68,439710688697427033541449180
3,37,59,69,125201720645230524615674006
3,37,59,70,33349747257627792445330984
3,37,59,71,8318095943383997179327966
3,37,59,72,1944591554479837812008868
3,37,59,73,426511551544306636647876
3,37,59,74,87850323950414011374769
3,37,59,75,17007965349756309117552
3,37,59,76,3097456567917587997881
3,37,59,77,531004713637305918290
3,37,59,78,85736442701423863295
3,37,59,79,13042651089431195618
3,37,59,80,1869703024167625478
3,37,59,81,252557060493346612
3,37,59,82,32135569725939189
3,37,59,83,3849266260996460
3,37,59,84,433616859832863
3,37,59,85,45873107766462
3,37,59,86,4548441960920
3,37,59,87,421607037968
3,37,59,88,36425088414
3,37,59,89,2909616954
3,37,59,90,215894759
3,37,59,91,14386030
3,37,59,92,878358
3,37,59,93,48724
3,37,59,94,1823
3,37,59,95,72
3,37,59,96,0
3,37,59,97,0
3,37,59,98,0
3,37,59,99,0
3,37,59,100,0
3,37,59,101,0
3,37,59,102,0
3,37,59,103,0
3,37,59,104,0
3,37,59,105,0
3,37,59,106,0
3,37,59,107,0
3,37,59,108,0
3,37,59,109,0
3,37,59,110,0
3,37,59,111,0
3,37,59,112,0
3,37,59,113,0
3,37,59,114,0
3,37,59,115,0
3,37,59,116,0
3,37,59,117,0
3,37,59,118,0
3,37,59,119,0
3,37,59,120,0
3,37,59,121,0
3,37,59,122,0
3,37,59,123,0
3,37,59,124,0
3,37,59,125,0
3,37,59,126,0
3,37,59,127,0
3,37,59,128,0
3,37,59,129,0
3,37,59,130,0
3,37,59,131,0
3,37,59,132,0
3,37,59,133,0
3,37,59,134,0
3,37,59,135,0
3,37,59,136,0
3,37,59,137,0
3,37,59,138,0
3,37,59,139,0
3,37,59,140,0
3,37,59,141,0
3,37,59,142,0
3,37,59,143,0
3,37,59,144,0
3,37,59,145,0
3,37,59,146,0
3,37,59,147,0
3,37,59,148,0
3,37,59,149,0
3,37,59,150,0
3,37,59,151,0
3,37,59,152,0
3,37,59,153,0
3,37,59,154,0
3,37,59,155,0
3,37,59,156,0
3,37,59,157,0
3,37,59,158,0
3,37,59,159,0
3,37,59,160,0
3,37,59,161,0
3,37,59,162,0
3,37,59,163,0
3,37,59,164,0
3,37,59,165,0
3,37,59,166,0
3,37,59,167,0
3,37,59,168,0
3,37,59,169,0
3,37,59,170,0
3,37,59,171,0
3,37,59,172,0
3,37,59,173,0
3,37,59,174,0
3,37,59,175,0
3,37,59,176,0
3,37,59,177,0
3,37,59,178,0
3,37,59,179,0
3,37,59,180,0
3,37,59,181,0
3,37,59,182,0
3,37,60,0,0
3,37,60,1,0
3,37,60,2,0
3,37,60,3,0
3,37,60,4,0
3,37,60,5,0
3,37,60,6,0
3,37,60,7,0
3,37,60,8,0
3,37,60,9,0
3,37,60,10,0
3,37,60,11,34
3,37,60,12,102368
3,37,60,13,3523768
3,37,60,14,65844166
3,37,60,15,1121829236
3,37,60,16,16033736467
3,37,60,17,204728380112
3,37,60,18,2375726894258
3,37,60,19,25270299694222
3,37,60,20,248803479525415
3,37,60,21,2279306874541614
3,37,60,22,19510547799064834
3,37,60,23,156524945170688106
3,37,60,24,1179458094105469952
3,37,60,25,8360600144757590482
3,37,60,26,55807248099978827738
3,37,60,27,350994287093228795010
3,37,60,28,2080503296101809853501
3,37,60,29,11621554234413844929206
3,37,60,30,61156019794178170353034
3,37,60,31,302999762240112220978690
3,37,60,32,1412315347691502225077882
3,37,60,33,6187089003823220251062172
3,37,60,34,25445872358928854050856977
3,37,60,35,98124946217014066782032050
3,37,60,36,354310435191027722724809513
3,37,60,37,1196224164936208461347551494
3,37,60,38,3770791171097007856290405004
3,37,60,39,11081855922976877673763572728
3,37,60,40,30320754650308158613053574418
3,37,60,41,77132594631958001540728030132
3,37,60,42,182213730591503647287513965165
3,37,60,43,399310542249480108020780181008
3,37,60,44,811048304540853453551236274374
3,37,60,45,1525792578556554266392219063430
3,37,60,46,2657385337352050096658343928758
3,37,60,47,4283625839464686555999585330406
3,37,60,48,6390566650859476627014488291970
3,37,60,49,8824439260334306844069382734638
3,37,60,50,11281531619145619402552002269064
3,37,60,51,13358138916413263542714379820354
3,37,60,52,14656174223127631546199656864274
3,37,60,53,14907816248942122081027271450748
3,37,60,54,14065580393764265521361043682775
3,37,60,55,12316339780357009576854325361718
3,37,60,56,10013971226348823710833722681405
3,37,60,57,7563728828201704444938816026910
3,37,60,58,5309516852633411980950477236448
3,37,60,59,3465189256107489167371965368910
3,37,60,60,2103271184067931757150054283385
3,37,60,61,1187645033272876102953652031828
3,37,60,62,624045726608060957529588386743
3,37,60,63,305207754208730387940599630368
3,37,60,64,138975883693978323018118242606
3,37,60,65,58935536344929670574614727132
3,37,60,66,23284221785664927128303094093
3,37,60,67,8573898403616915276847283212
3,37,60,68,2944099417259781643772729916
3,37,60,69,943309322873911596376691992
3,37,60,70,282227192522972642417406164
3,37,60,71,78912312995373766594986082
3,37,60,72,20638855743891292699098248
3,37,60,73,5054061025633019849668406
3,37,60,74,1159955178916345918115053
3,37,60,75,249757448550368708418888
3,37,60,76,50499537718107820024213
3,37,60,77,9596964232340805045320
3,37,60,78,1715540754720391865390
3,37,60,79,288653558400441739216
3,37,60,80,45738552987794209593
3,37,60,81,6827464178469141952
3,37,60,82,960192909039938746
3,37,60,83,127211133390945170
3,37,60,84,15870223328701280
3,37,60,85,1863014219657852
3,37,60,86,205562335171099
3,37,60,87,21284339032798
3,37,60,88,2063969349459
3,37,60,89,186818422414
3,37,60,90,15742694862
3,37,60,91,1224723214
3,37,60,92,87797665
3,37,60,93,5741708
3,37,60,94,324353
3,37,60,95,18236
3,37,60,96,544
3,37,60,97,18
3,37,60,98,0
3,37,60,99,0
3,37,60,100,0
3,37,60,101,0
3,37,60,102,0
3,37,60,103,0
3,37,60,104,0
3,37,60,105,0
3,37,60,106,0
3,37,60,107,0
3,37,60,108,0
3,37,60,109,0
3,37,60,110,0
3,37,60,111,0
3,37,60,112,0
3,37,60,113,0
3,37,60,114,0
3,37,60,115,0
3,37,60,116,0
3,37,60,117,0
3,37,60,118,0
3,37,60,119,0
3,37,60,120,0
3,37,60,121,0
3,37,60,122,0
3,37,60,123,0
3,37,60,124,0
3,37,60,125,0
3,37,60,126,0
3,37,60,127,0
3,37,60,128,0
3,37,60,129,0
3,37,60,130,0
3,37,60,131,0
3,37,60,132,0
3,37,60,133,0
3,37,60,134,0
3,37,60,135,0
3,37,60,136,0
3,37,60,137,0
3,37,60,138,0
3,37,60,139,0
3,37,60,140,0
3,37,60,141,0
3,37,60,142,0
3,37,60,143,0
3,37,60,144,0
3,37,60,145,0
3,37,60,146,0
3,37,60,147,0
3,37,60,148,0
3,37,60,149,0
3,37,60,150,0
3,37,60,151,0
3,37,60,152,0
3,37,60,153,0
3,37,60,154,0
3,37,60,155,0
3,37,60,156,0
3,37,60,157,0
3,37,60,158,0
3,37,60,159,0
3,37,60,160,0
3,37,60,161,0
3,37,60,162,0
3,37,60,163,0
3,37,60,164,0
3,37,60,165,0
3,37,60,166,0
3,37,60,167,0
3,37,60,168,0
3,37,60,169,0
3,37,60,170,0
3,37,60,171,0
3,37,60,172,0
3,37,60,173,0
3,37,60,174,0
3,37,60,175,0
3,37,60,176,0
3,37,60,177,0
3,37,60,178,0
3,37,60,179,0
3,37,60,180,0
3,37,60,181,0
3,37,60,182,0
3,37,61,0,0
3,37,61,1,0
3,37,61,2,0
3,37,61,3,0
3,37,61,4,0
3,37,61,5,0
3,37,61,6,0
3,37,61,7,0
3,37,61,8,0
3,37,61,9,0
3,37,61,10,0
3,37,61,11,0
3,37,61,12,0
3,37,61,13,0
3,37,61,14,561
3,37,61,15,846402
3,37,61,16,34676244
3,37,61,17,675956556
3,37,61,18,11441482080
3,37,61,19,161977448320
3,37,61,20,2025633962656
3,37,61,21,22862123328692
3,37,61,22,235500719571519
3,37,61,23,2236157072634090
3,37,61,24,19692636687564848
3,37,61,25,161577301037721298
3,37,61,26,1239272418244121684
3,37,61,27,8905957857837444696
3,37,61,28,60066717853944718844
3,37,61,29,380618903287250476032
3,37,61,30,2267320098642780944609
3,37,61,31,12699790131899017503558
3,37,61,32,66879666336854914661521
3,37,61,33,331005869629297489141602
3,37,61,34,1538671351106377387148597
3,37,61,35,6712100433520151341170364
3,37,61,36,27449267311644905454664580
3,37,61,37,105113339094501486553047962
3,37,61,38,376432582371503477250153860
3,37,61,39,1259025743729870847114980894
3,37,61,40,3927359574272152280691661697
3,37,61,41,11410073116082417715100149614
3,37,61,42,30833394985862177209034154323
3,37,61,43,77403569271372803604955073638
3,37,61,44,180311583438013409340350666489
3,37,61,45,389398892469556413761696731098
3,37,61,46,779004827313970593242349172736
3,37,61,47,1442824593299010580218200533752
3,37,61,48,2473197187599957870118621610530
3,37,61,49,3922904053415350294419028852836
3,37,61,50,5758026051399207271926681086867
3,37,61,51,7822413845296728459869630004674
3,37,61,52,9839009960732532440555307465701
3,37,61,53,11462817054665541107762997803532
3,37,61,54,12375870381125630174137327477751
3,37,61,55,12388968681704433169472383424526
3,37,61,56,11505448001212906016801355575221
3,37,61,57,9917635944050982316459961640974
3,37,61,58,7938928112177760772910948683983
3,37,61,59,5904154607432012319889597100688
3,37,61,60,4080995792481692024790888408113
3,37,61,61,2622614536728511622253911992304
3,37,61,62,1567432077636596770873230671385
3,37,61,63,871440636450087778184714244022
3,37,61,64,450795412134875176907172006964
3,37,61,65,217024336247139189384391733054
3,37,61,66,97258058639756395236507280963
3,37,61,67,40583404235626342273093083412
3,37,61,68,15773263282745000417089488050
3,37,61,69,5712494943414546345878218024
3,37,61,70,1928796221426225315061811307
3,37,61,71,607542440302939438186055052
3,37,61,72,178656608313792355597605137
3,37,61,73,49088657877966959174027934
3,37,61,74,12614415898979526212400995
3,37,61,75,3034636722023474580059478
3,37,61,76,684133778125873757783755
3,37,61,77,144679789758171434832620
3,37,61,78,28729392988578052740102
3,37,61,79,5361458786283531624200
3,37,61,80,941059184259859783438
3,37,61,81,155456309907325923484
3,37,61,82,24180509015865616005
3,37,61,83,3542521277134068038
3,37,61,84,488851506644492241
3,37,61,85,63529342741280010
3,37,61,86,7771304774276583
3,37,61,87,894067418971398
3,37,61,88,96619748615841
3,37,61,89,9790708887332
3,37,61,90,928183222093
3,37,61,91,82026545476
3,37,61,92,6735965627
3,37,61,93,510769766
3,37,61,94,35108603
3,37,61,95,2281410
3,37,61,96,119175
3,37,61,97,5868
3,37,61,98,238
3,37,61,99,0
3,37,61,100,0
3,37,61,101,0
3,37,61,102,0
3,37,61,103,0
3,37,61,104,0
3,37,61,105,0
3,37,61,106,0
3,37,61,107,0
3,37,61,108,0
3,37,61,109,0
3,37,61,110,0
3,37,61,111,0
3,37,61,112,0
3,37,61,113,0
3,37,61,114,0
3,37,61,115,0
3,37,61,116,0
3,37,61,117,0
3,37,61,118,0
3,37,61,119,0
3,37,61,120,0
3,37,61,121,0
3,37,61,122,0
3,37,61,123,0
3,37,61,124,0
3,37,61,125,0
3,37,61,126,0
3,37,61,127,0
3,37,61,128,0
3,37,61,129,0
3,37,61,130,0
3,37,61,131,0
3,37,61,132,0
3,37,61,133,0
3,37,61,134,0
3,37,61,135,0
3,37,61,136,0
3,37,61,137,0
3,37,61,138,0
3,37,61,139,0
3,37,61,140,0
3,37,61,141,0
3,37,61,142,0
3,37,61,143,0
3,37,61,144,0
3,37,61,145,0
3,37,61,146,0
3,37,61,147,0
3,37,61,148,0
3,37,61,149,0
3,37,61,150,0
3,37,61,151,0
3,37,61,152,0
3,37,61,153,0
3,37,61,154,0
3,37,61,155,0
3,37,61,156,0
3,37,61,157,0
3,37,61,158,0
3,37,61,159,0
3,37,61,160,0
3,37,61,161,0
3,37,61,162,0
3,37,61,163,0
3,37,61,164,0
3,37,61,165,0
3,37,61,166,0
3,37,61,167,0
3,37,61,168,0
3,37,61,169,0
3,37,61,170,0
3,37,61,171,0
3,37,61,172,0
3,37,61,173,0
3,37,61,174,0
3,37,61,175,0
3,37,61,176,0
3,37,61,177,0
3,37,61,178,0
3,37,61,179,0
3,37,61,180,0
3,37,61,181,0
3,37,61,182,0
3,37,62,0,0
3,37,62,1,0
3,37,62,2,0
3,37,62,3,0
3,37,62,4,0
3,37,62,5,0
3,37,62,6,0
3,37,62,7,0
3,37,62,8,0
3,37,62,9,0
3,37,62,10,0
3,37,62,11,0
3,37,62,12,0
3,37,62,13,0
3,37,62,14,0
3,37,62,15,0
3,37,62,16,0
3,37,62,17,5984
3,37,62,18,5793371
3,37,62,19,267888328
3,37,62,20,5540974668
3,37,62,21,93931898292
3,37,62,22,1323238970322
3,37,62,23,16300085717484
3,37,62,24,179839054534591
3,37,62,25,1802035730013164
3,37,62,26,16570686667416809
3,37,62,27,140803547187383758
3,37,62,28,1111084474004571169
3,37,62,29,8171361461771736880
3,37,62,30,56150900121482953962
3,37,62,31,361155981582213979666
3,37,62,32,2176708467658265200345
3,37,62,33,12301195445007248436746
3,37,62,34,65197482191892931444072
3,37,62,35,324037509293761232611310
3,37,62,36,1509587555429948912821332
3,37,62,37,6587651269527913244015634
3,37,62,38,26905070109131758917772087
3,37,62,39,102735255884673892690557514
3,37,62,40,366339251555777680617109632
3,37,62,41,1218391103325552405777724668
3,37,62,42,3774615162481767609236514624
3,37,62,43,10878936603819176964791254790
3,37,62,44,29133592096604912455307819872
3,37,62,45,72410393888103638870747113282
3,37,62,46,166866412698430816748283199034
3,37,62,47,356230152348766113414296414614
3,37,62,48,704044517964333004684380529451
3,37,62,49,1287593564833313198443595110164
3,37,62,50,2178497309422238034756336543087
3,37,62,51,3409653277893388702882593363718
3,37,62,52,4937314143294545846048550383210
3,37,62,53,6616319973146568623592858216246
3,37,62,54,8208371301833414962238137847928
3,37,62,55,9432326489698706504840257258484
3,37,62,56,10044565084876401036858208229540
3,37,62,57,9918186991039962489792546516906
3,37,62,58,9085698374830313129700779712421
3,37,62,59,7725623160781693132393874924118
3,37,62,60,6100473082835005208990992831696
3,37,62,61,4475387611424217979108058656704
3,37,62,62,3051349376417162399715345009816
3,37,62,63,1934101561280292208964381391278
3,37,62,64,1139992791090665821924083797135
3,37,62,65,624959967149527967191696973822
3,37,62,66,318720925138194771240649309840
3,37,62,67,151236377734608156016293434960
3,37,62,68,66784630318542269016807923736
3,37,62,69,27452250065765076218865145864
3,37,62,70,10507455976360461258720523157
3,37,62,71,3746390191798937187318246432
3,37,62,72,1244944865054701295280931352
3,37,62,73,385822340001444737567879466
3,37,62,74,111597807502576324535929629
3,37,62,75,30153200837562924416583848
3,37,62,76,7617934656557325787986060
3,37,62,77,1801395273186518347778848
3,37,62,78,399117530613451001870896
3,37,62,79,82938995901232694824596
3,37,62,80,16181072247341937333975
3,37,62,81,2966428016892184632294
3,37,62,82,511416540021937475307
3,37,62,83,82966438232947112548
3,37,62,84,12671046614556549222
3,37,62,85,1822263589783646792
3,37,62,86,246775538063080446
3,37,62,87,31460886051383666
3,37,62,88,3773694787241191
3,37,62,89,425477764527000
3,37,62,90,45030618647857
3,37,62,91,4464724804334
3,37,62,92,413657554267
3,37,62,93,35702437506
3,37,62,94,2848744560
3,37,62,95,210915346
3,37,62,96,14014896
3,37,62,97,855722
3,37,62,98,46739
3,37,62,99,1752
3,37,62,100,68
3,37,62,101,0
3,37,62,102,0
3,37,62,103,0
3,37,62,104,0
3,37,62,105,0
3,37,62,106,0
3,37,62,107,0
3,37,62,108,0
3,37,62,109,0
3,37,62,110,0
3,37,62,111,0
3,37,62,112,0
3,37,62,113,0
3,37,62,114,0
3,37,62,115,0
3,37,62,116,0
3,37,62,117,0
3,37,62,118,0
3,37,62,119,0
3,37,62,120,0
3,37,62,121,0
3,37,62,122,0
3,37,62,123,0
3,37,62,124,0
3,37,62,125,0
3,37,62,126,0
3,37,62,127,0
3,37,62,128,0
3,37,62,129,0
3,37,62,130,0
3,37,62,131,0
3,37,62,132,0
3,37,62,133,0
3,37,62,134,0
3,37,62,135,0
3,37,62,136,0
3,37,62,137,0
3,37,62,138,0
3,37,62,139,0
3,37,62,140,0
3,37,62,141,0
3,37,62,142,0
3,37,62,143,0
3,37,62,144,0
3,37,62,145,0
3,37,62,146,0
3,37,62,147,0
3,37,62,148,0
3,37,62,149,0
3,37,62,150,0
3,37,62,151,0
3,37,62,152,0
3,37,62,153,0
3,37,62,154,0
3,37,62,155,0
3,37,62,156,0
3,37,62,157,0
3,37,62,158,0
3,37,62,159,0
3,37,62,160,0
3,37,62,161,0
3,37,62,162,0
3,37,62,163,0
3,37,62,164,0
3,37,62,165,0
3,37,62,166,0
3,37,62,167,0
3,37,62,168,0
3,37,62,169,0
3,37,62,170,0
3,37,62,171,0
3,37,62,172,0
3,37,62,173,0
3,37,62,174,0
3,37,62,175,0
3,37,62,176,0
3,37,62,177,0
3,37,62,178,0
3,37,62,179,0
3,37,62,180,0
3,37,62,181,0
3,37,62,182,0
3,37,63,0,0
3,37,63,1,0
3,37,63,2,0
3,37,63,3,0
3,37,63,4,0
3,37,63,5,0
3,37,63,6,0
3,37,63,7,0
3,37,63,8,0
3,37,63,9,0
3,37,63,10,0
3,37,63,11,0
3,37,63,12,0
3,37,63,13,0
3,37,63,14,0
3,37,63,15,0
3,37,63,16,0
3,37,63,17,0
3,37,63,18,0
3,37,63,19,0
3,37,63,20,46376
3,37,63,21,33409536
3,37,63,22,1689856358
3,37,63,23,37248151942
3,37,63,24,636497916281
3,37,63,25,8954831604194
3,37,63,26,109043876430318
3,37,63,27,1180243268951048
3,37,63,28,11539220670368759
3,37,63,29,103047981838579806
3,37,63,30,846976373089171387
3,37,63,31,6442018505410513618
3,37,63,32,45516606158066820985
3,37,63,33,299571885916912971468
3,37,63,34,1840050052167003581882
3,37,63,35,10560369955650172383274
3,37,63,36,56668295363063040383540
3,37,63,37,284389331741730316935894
3,37,63,38,1334573318999982989788697
3,37,63,39,5853853763982371501171686
3,37,63,40,23983909555169084117969393
3,37,63,41,91706665835023656739069332
3,37,63,42,326922954401015392480562546
3,37,63,43,1085354586475426194555693474
3,37,63,44,3351783830457488203498473196
3,37,63,45,9617321377199905872091998902
3,37,63,46,25610704584850852407897683769
3,37,63,47,63231436992940462476868831396
3,37,63,48,144610674912579592904746289670
3,37,63,49,306130191509038604623407790114
3,37,63,50,599534860045878146750018055228
3,37,63,51,1085864440831896626474500840322
3,37,63,52,1818555643589449579089699873120
3,37,63,53,2816344662191618660394248740046
3,37,63,54,4034074018144012839909406572629
3,37,63,55,5346273286600584317839158282582
3,37,63,56,6558484502271611160424594452546
3,37,63,57,7451217771527605867767807540700
3,37,63,58,7844495458092021247416308114278
3,37,63,59,7657070072443325488782442574360
3,37,63,60,6933590529512240867133129268123
3,37,63,61,5827380722890750669674320923654
3,37,63,62,4547860727742221732892179514653
3,37,63,63,3297097741064851276096418908444
3,37,63,64,2221220786128164510715744283451
3,37,63,65,1390926511617570230927391774112
3,37,63,66,809772005596775658179119307416
3,37,63,67,438372022303926161027656216920
3,37,63,68,220703521527106098079824456889
3,37,63,69,103353693429269621114291519900
3,37,63,70,45026392333331021958568504784
3,37,63,71,18252777272386837249135737118
3,37,63,72,6887184303662869626635863198
3,37,63,73,2419805305167740943718226374
3,37,63,74,792087071933084119447180051
3,37,63,75,241715192605766541530403852
3,37,63,76,68819960410157525749714379
3,37,63,77,18297657269244149739414096
3,37,63,78,4547553632422224262673405
3,37,63,79,1057589885001803000200856
3,37,63,80,230397832806414627478119
3,37,63,81,47067065887705059621148
3,37,63,82,9025352050708999745137
3,37,63,83,1625956928394004272240
3,37,63,84,275413831045928895439
3,37,63,85,43889355059941688408
3,37,63,86,6582825861630010573
3,37,63,87,929465306497780500
3,37,63,88,123538073554254942
3,37,63,89,15451423321548848
3,37,63,90,1817376056303811
3,37,63,91,200803104800894
3,37,63,92,20809430901003
3,37,63,93,2018571488654
3,37,63,94,182695850104
3,37,63,95,15385404642
3,37,63,96,1195149295
3,37,63,97,85655934
3,37,63,98,5573313
3,37,63,99,314272
3,37,63,100,17568
3,37,63,101,512
3,37,63,102,17
3,37,63,103,0
3,37,63,104,0
3,37,63,105,0
3,37,63,106,0
3,37,63,107,0
3,37,63,108,0
3,37,63,109,0
3,37,63,110,0
3,37,63,111,0
3,37,63,112,0
3,37,63,113,0
3,37,63,114,0
3,37,63,115,0
3,37,63,116,0
3,37,63,117,0
3,37,63,118,0
3,37,63,119,0
3,37,63,120,0
3,37,63,121,0
3,37,63,122,0
3,37,63,123,0
3,37,63,124,0
3,37,63,125,0
3,37,63,126,0
3,37,63,127,0
3,37,63,128,0
3,37,63,129,0
3,37,63,130,0
3,37,63,131,0
3,37,63,132,0
3,37,63,133,0
3,37,63,134,0
3,37,63,135,0
3,37,63,136,0
3,37,63,137,0
3,37,63,138,0
3,37,63,139,0
3,37,63,140,0
3,37,63,141,0
3,37,63,142,0
3,37,63,143,0
3,37,63,144,0
3,37,63,145,0
3,37,63,146,0
3,37,63,147,0
3,37,63,148,0
3,37,63,149,0
3,37,63,150,0
3,37,63,151,0
3,37,63,152,0
3,37,63,153,0
3,37,63,154,0
3,37,63,155,0
3,37,63,156,0
3,37,63,157,0
3,37,63,158,0
3,37,63,159,0
3,37,63,160,0
3,37,63,161,0
3,37,63,162,0
3,37,63,163,0
3,37,63,164,0
3,37,63,165,0
3,37,63,166,0
3,37,63,167,0
3,37,63,168,0
3,37,63,169,0
3,37,63,170,0
3,37,63,171,0
3,37,63,172,0
3,37,63,173,0
3,37,63,174,0
3,37,63,175,0
3,37,63,176,0
3,37,63,177,0
3,37,63,178,0
3,37,63,179,0
3,37,63,180,0
3,37,63,181,0
3,37,63,182,0
3,37,64,0,0
3,37,64,1,0
3,37,64,2,0
3,37,64,3,0
3,37,64,4,0
3,37,64,5,0
3,37,64,6,0
3,37,64,7,0
3,37,64,8,0
3,37,64,9,0
3,37,64,10,0
3,37,64,11,0
3,37,64,12,0
3,37,64,13,0
3,37,64,14,0
3,37,64,15,0
3,37,64,16,0
3,37,64,17,0
3,37,64,18,0
3,37,64,19,0
3,37,64,20,0
3,37,64,21,0
3,37,64,22,0
3,37,64,23,278256
3,37,64,24,164433196
3,37,64,25,8931340044
3,37,64,26,209495540439
3,37,64,27,3627304282482
3,37,64,28,51098576776225
3,37,64,29,616603754518496
3,37,64,30,6563242171242601
3,37,64,31,62741459037113842
3,37,64,32,545160352440293962
3,37,64,33,4341421001111225214
3,37,64,34,31872503692544820990
3,37,64,35,216612400958469741094
3,37,64,36,1366802068191631978650
3,37,64,37,8023312380206971151240
3,37,64,38,43871927128047320245271
3,37,64,39,223623088548456774072008
3,37,64,40,1062811963360948079162866
3,37,64,41,4709315384209947017045940
3,37,64,42,19446545913581406834945331
3,37,64,43,74787670128045496595396954
3,37,64,44,267647348868287831939519457
3,37,64,45,890494693695263112892904426
3,37,64,46,2751670728697472431224708104
3,37,64,47,7888858116817598472110313150
3,37,64,48,20963176114010866738821254693
3,37,64,49,51586444034617159781515958214
3,37,64,50,117466954298392122875433147197
3,37,64,51,247362360658869961079897823894
3,37,64,52,481510137295401725999554201902
3,37,64,53,866226962335293110159597110070
3,37,64,54,1440112338219527514681688239327
3,37,64,55,2212894872445367870508442594686
3,37,64,56,3143788831255587411879560948504
3,37,64,57,4131012335608399812910488809544
3,37,64,58,5023330356167118946858143279762
3,37,64,59,5655942024555651793885624198920
3,37,64,60,5900000877068491445663608888102
3,37,64,61,5705407419142295051172089431486
3,37,64,62,5117400201535636544077256348229
3,37,64,63,4259512861375601194385272321070
3,37,64,64,3291632796321486273102252920097
3,37,64,65,2362473450819907616952777820062
3,37,64,66,1575285152298212853259275318427
3,37,64,67,976094013967408812717809853910
3,37,64,68,562137807235720792404839393837
3,37,64,69,300934670050629729621318129066
3,37,64,70,149771490674342371131404570790
3,37,64,71,69304722972596111698435814744
3,37,64,72,29821849005930197900628108465
3,37,64,73,11935225219095211140419204178
3,37,64,74,4444009765254802861863882676
3,37,64,75,1540071444971340298126595366
3,37,64,76,497002881746543732842860479
3,37,64,77,149458771283100924772206620
3,37,64,78,41916100362205664032936507
3,37,64,79,10973443585672956622781642
3,37,64,80,2684443064795305161586348
3,37,64,81,614308171925099360301848
3,37,64,82,131649104085326703384558
3,37,64,83,26449430993947113530578
3,37,64,84,4986774448690970023918
3,37,64,85,883121986481548029180
3,37,64,86,147011520215202072008
3,37,64,87,23018103391745407142
3,37,64,88,3391137729275329027
3,37,64,89,470162933122450930
3,37,64,90,61338227581881358
3,37,64,91,7526885354670722
3,37,64,92,868089444567395
3,37,64,93,93985735575996
3,37,64,94,9535873071107
3,37,64,95,904697273700
3,37,64,96,79959088809
3,37,64,97,6565080402
3,37,64,98,497163578
3,37,64,99,34145216
3,37,64,100,2211515
3,37,64,101,114884
3,37,64,102,5628
3,37,64,103,224
3,37,64,104,0
3,37,64,105,0
3,37,64,106,0
3,37,64,107,0
3,37,64,108,0
3,37,64,109,0
3,37,64,110,0
3,37,64,111,0
3,37,64,112,0
3,37,64,113,0
3,37,64,114,0
3,37,64,115,0
3,37,64,116,0
3,37,64,117,0
3,37,64,118,0
3,37,64,119,0
3,37,64,120,0
3,37,64,121,0
3,37,64,122,0
3,37,64,123,0
3,37,64,124,0
3,37,64,125,0
3,37,64,126,0
3,37,64,127,0
3,37,64,128,0
3,37,64,129,0
3,37,64,130,0
3,37,64,131,0
3,37,64,132,0
3,37,64,133,0
3,37,64,134,0
3,37,64,135,0
3,37,64,136,0
3,37,64,137,0
3,37,64,138,0
3,37,64,139,0
3,37,64,140,0
3,37,64,141,0
3,37,64,142,0
3,37,64,143,0
3,37,64,144,0
3,37,64,145,0
3,37,64,146,0
3,37,64,147,0
3,37,64,148,0
3,37,64,149,0
3,37,64,150,0
3,37,64,151,0
3,37,64,152,0
3,37,64,153,0
3,37,64,154,0
3,37,64,155,0
3,37,64,156,0
3,37,64,157,0
3,37,64,158,0
3,37,64,159,0
3,37,64,160,0
3,37,64,161,0
3,37,64,162,0
3,37,64,163,0
3,37,64,164,0
3,37,64,165,0
3,37,64,166,0
3,37,64,167,0
3,37,64,168,0
3,37,64,169,0
3,37,64,170,0
3,37,64,171,0
3,37,64,172,0
3,37,64,173,0
3,37,64,174,0
3,37,64,175,0
3,37,64,176,0
3,37,64,177,0
3,37,64,178,0
3,37,64,179,0
3,37,64,180,0
3,37,64,181,0
3,37,64,182,0
3,37,65,0,0
3,37,65,1,0
3,37,65,2,0
3,37,65,3,0
3,37,65,4,0
3,37,65,5,0
3,37,65,6,0
3,37,65,7,0
3,37,65,8,0
3,37,65,9,0
3,37,65,10,0
3,37,65,11,0
3,37,65,12,0
3,37,65,13,0
3,37,65,14,0
3,37,65,15,0
3,37,65,16,0
3,37,65,17,0
3,37,65,18,0
3,37,65,19,0
3,37,65,20,0
3,37,65,21,0
3,37,65,22,0
3,37,65,23,0
3,37,65,24,0
3,37,65,25,0
3,37,65,26,1344904
3,37,65,27,697749128
3,37,65,28,40257761823
3,37,65,29,1001245388406
3,37,65,30,17635223259968
3,37,65,31,249211111839532
3,37,65,32,2985280860077664
3,37,65,33,31301959182452984
3,37,65,34,292991560138547168
3,37,65,35,2480103711126374874
3,37,65,36,19155993211545873914
3,37,65,37,135859283493371909324
3,37,65,38,888709126041061791454
3,37,65,39,5378686804892014101538
3,37,65,40,30183491583568397150863
3,37,65,41,157267346759861551516218
3,37,65,42,761417582066939993414869
3,37,65,43,3426539786561485346130376
3,37,65,44,14332008314146095166564778
3,37,65,45,55695357230827372159931234
3,37,65,46,200973115871995027086349928
3,37,65,47,672889218709942773289833690
3,37,65,48,2088700620217507243710084937
3,37,65,49,6005694170270977145409685066
3,37,65,50,15982457360189961118729260534
3,37,65,51,39335984249044626217787748358
3,37,65,52,89480491108813540027438661188
3,37,65,53,188040794688261575016832271640
3,37,65,54,364948947533430544265797031448
3,37,65,55,654064829341935558800463097502
3,37,65,56,1082555259426518556859548790830
3,37,65,57,1655101444734761773574551803878
3,37,65,58,2338357010568679810248787633922
3,37,65,59,3054380139116608540836037851052
3,37,65,60,3690701238861845143065727775369
3,37,65,61,4127944162582273721302446480708
3,37,65,62,4276295222053682718456658950093
3,37,65,63,4105560207608329036242644704750
3,37,65,64,3655040254163156196988903205497
3,37,65,65,3018878524209856913852583343960
3,37,65,66,2314307808827383115773411557000
3,37,65,67,1647304086521408274344834967930
3,37,65,68,1088993858207731408326127331642
3,37,65,69,668754551343416689255705545938
3,37,65,70,381559089921779395074854974350
3,37,65,71,202280952097442288898180779082
3,37,65,72,99650677289693317110517071878
3,37,65,73,45621799746507253481009344340
3,37,65,74,19412440093054538934185408949
3,37,65,75,7678561147177033218717611496
3,37,65,76,2824161915068647363868639070
3,37,65,77,966231379126708293716532770
3,37,65,78,307672649793584548121590473
3,37,65,79,91246010471572398620746416
3,37,65,80,25224452077873505354214075
3,37,65,81,6506304689428387001046304
3,37,65,82,1567531713740562348625346
3,37,65,83,353148147887685534713102
3,37,65,84,74481918736257406582652
3,37,65,85,14722388827365467954916
3,37,65,86,2730147856665241192421
3,37,65,87,475413110390377734684
3,37,65,88,77797227340704665786
3,37,65,89,11970603208572088664
3,37,65,90,1732544185275587786
3,37,65,91,235894971867960880
3,37,65,92,30209655765355222
3,37,65,93,3637065461593462
3,37,65,94,411292555368482
3,37,65,95,43629367462124
3,37,65,96,4333002503346
3,37,65,97,401887645530
3,37,65,98,34699021102
3,37,65,99,2769241644
3,37,65,100,204791430
3,37,65,101,13582450
3,37,65,102,829851
3,37,65,103,44642
3,37,65,104,1677
3,37,65,105,64
3,37,65,106,0
3,37,65,107,0
3,37,65,108,0
3,37,65,109,0
3,37,65,110,0
3,37,65,111,0
3,37,65,112,0
3,37,65,113,0
3,37,65,114,0
3,37,65,115,0
3,37,65,116,0
3,37,65,117,0
3,37,65,118,0
3,37,65,119,0
3,37,65,120,0
3,37,65,121,0
3,37,65,122,0
3,37,65,123,0
3,37,65,124,0
3,37,65,125,0
3,37,65,126,0
3,37,65,127,0
3,37,65,128,0
3,37,65,129,0
3,37,65,130,0
3,37,65,131,0
3,37,65,132,0
3,37,65,133,0
3,37,65,134,0
3,37,65,135,0
3,37,65,136,0
3,37,65,137,0
3,37,65,138,0
3,37,65,139,0
3,37,65,140,0
3,37,65,141,0
3,37,65,142,0
3,37,65,143,0
3,37,65,144,0
3,37,65,145,0
3,37,65,146,0
3,37,65,147,0
3,37,65,148,0
3,37,65,149,0
3,37,65,150,0
3,37,65,151,0
3,37,65,152,0
3,37,65,153,0
3,37,65,154,0
3,37,65,155,0
3,37,65,156,0
3,37,65,157,0
3,37,65,158,0
3,37,65,159,0
3,37,65,160,0
3,37,65,161,0
3,37,65,162,0
3,37,65,163,0
3,37,65,164,0
3,37,65,165,0
3,37,65,166,0
3,37,65,167,0
3,37,65,168,0
3,37,65,169,0
3,37,65,170,0
3,37,65,171,0
3,37,65,172,0
3,37,65,173,0
3,37,65,174,0
3,37,65,175,0
3,37,65,176,0
3,37,65,177,0
3,37,65,178,0
3,37,65,179,0
3,37,65,180,0
3,37,65,181,0
3,37,65,182,0
3,37,66,0,0
3,37,66,1,0
3,37,66,2,0
3,37,66,3,0
3,37,66,4,0
3,37,66,5,0
3,37,66,6,0
3,37,66,7,0
3,37,66,8,0
3,37,66,9,0
3,37,66,10,0
3,37,66,11,0
3,37,66,12,0
3,37,66,13,0
3,37,66,14,0
3,37,66,15,0
3,37,66,16,0
3,37,66,17,0
3,37,66,18,0
3,37,66,19,0
3,37,66,20,0
3,37,66,21,0
3,37,66,22,0
3,37,66,23,0
3,37,66,24,0
3,37,66,25,0
3,37,66,26,0
3,37,66,27,0
3,37,66,28,0
3,37,66,29,5379616
3,37,66,30,2573695716
3,37,66,31,156725417574
3,37,66,32,4116269263826
3,37,66,33,73960013938954
3,37,66,34,1049864042923078
3,37,66,35,12500705585756592
3,37,66,36,129268544702221189
3,37,66,37,1185858072504563994
3,37,66,38,9786476848019176889
3,37,66,39,73357666097314221796
3,37,66,40,502820857818510363081
3,37,66,41,3166631191925719107576
3,37,66,42,18384429735776730782302
3,37,66,43,98620143216817784362134
3,37,66,44,489541004648207069721646
3,37,66,45,2250583213993017954116300
3,37,66,46,9586218117005774960399607
3,37,66,47,37830880200194333032281954
3,37,66,48,138283586951743187412536249
3,37,66,49,467962677328044597170853930
3,37,66,50,1465228220137585284382494608
3,37,66,51,4241951185728398247262101482
3,37,66,52,11347717237867527714900191105
3,37,66,53,28033515637453934219917171678
3,37,66,54,63924119120300317081382380073
3,37,66,55,134501050659828541501711759524
3,37,66,56,261089567677003477282855404423
3,37,66,57,467587360854415422226998667226
3,37,66,58,772728536921626468876066430444
3,37,66,59,1178775738982458712924469669378
3,37,66,60,1660659677511020264982879341807
3,37,66,61,2161834723442294839061851188406
3,37,66,62,2602141145502283500438392080884
3,37,66,63,2897957091141561864807353087702
3,37,66,64,2988068319659688181476262358693
3,37,66,65,2854289960301917875992301945202
3,37,66,66,2527339019350612130477889506333
3,37,66,67,2075419504202642252257388419080
3,37,66,68,1581284785686135268393019374100
3,37,66,69,1118212852060736880051356547120
3,37,66,70,734110220042751176174544490822
3,37,66,71,447506364649320885462890393410
3,37,66,72,253331239386280079423634754193
3,37,66,73,133186303266304124558018342460
3,37,66,74,65032528201133236574821705499
3,37,66,75,29493236611573844516710163502
3,37,66,76,12424272054883815470033843940
3,37,66,77,4862311575519509636047396888
3,37,66,78,1768275904543114594614614023
3,37,66,79,597810320668085217808889598
3,37,66,80,187984365959164028223089105
3,37,66,81,55021939465284421346477050
3,37,66,82,15003279407566095374848609
3,37,66,83,3815160108942973914588842
3,37,66,84,905732725026193550351261
3,37,66,85,200982059348350528474986
3,37,66,86,41734679973724401328307
3,37,66,87,8119218611371901437480
3,37,66,88,1481378012421561217677
3,37,66,89,253719453567374621370
3,37,66,90,40823306299838130457
3,37,66,91,6174098098190046110
3,37,66,92,877999084123448293
3,37,66,93,117408553333214750
3,37,66,94,14760083861218364
3,37,66,95,1743445705404684
3,37,66,96,193300209448528
3,37,66,97,20086650731602
3,37,66,98,1952372825022
3,37,66,99,176959149592
3,37,66,100,14913014311
3,37,66,101,1158187910
3,37,66,102,83064883
3,37,66,103,5382446
3,37,66,104,303106
3,37,66,105,16848
3,37,66,106,480
3,37,66,107,16
3,37,66,108,0
3,37,66,109,0
3,37,66,110,0
3,37,66,111,0
3,37,66,112,0
3,37,66,113,0
3,37,66,114,0
3,37,66,115,0
3,37,66,116,0
3,37,66,117,0
3,37,66,118,0
3,37,66,119,0
3,37,66,120,0
3,37,66,121,0
3,37,66,122,0
3,37,66,123,0
3,37,66,124,0
3,37,66,125,0
3,37,66,126,0
3,37,66,127,0
3,37,66,128,0
3,37,66,129,0
3,37,66,130,0
3,37,66,131,0
3,37,66,132,0
3,37,66,133,0
3,37,66,134,0
3,37,66,135,0
3,37,66,136,0
3,37,66,137,0
3,37,66,138,0
3,37,66,139,0
3,37,66,140,0
3,37,66,141,0
3,37,66,142,0
3,37,66,143,0
3,37,66,144,0
3,37,66,145,0
3,37,66,146,0
3,37,66,147,0
3,37,66,148,0
3,37,66,149,0
3,37,66,150,0
3,37,66,151,0
3,37,66,152,0
3,37,66,153,0
3,37,66,154,0
3,37,66,155,0
3,37,66,156,0
3,37,66,157,0
3,37,66,158,0
3,37,66,159,0
3,37,66,160,0
3,37,66,161,0
3,37,66,162,0
3,37,66,163,0
3,37,66,164,0
3,37,66,165,0
3,37,66,166,0
3,37,66,167,0
3,37,66,168,0
3,37,66,169,0
3,37,66,170,0
3,37,66,171,0
3,37,66,172,0
3,37,66,173,0
3,37,66,174,0
3,37,66,175,0
3,37,66,176,0
3,37,66,177,0
3,37,66,178,0
3,37,66,179,0
3,37,66,180,0
3,37,66,181,0
3,37,66,182,0
3,37,67,0,0
3,37,67,1,0
3,37,67,2,0
3,37,67,3,0
3,37,67,4,0
3,37,67,5,0
3,37,67,6,0
3,37,67,7,0
3,37,67,8,0
3,37,67,9,0
3,37,67,10,0
3,37,67,11,0
3,37,67,12,0
3,37,67,13,0
3,37,67,14,0
3,37,67,15,0
3,37,67,16,0
3,37,67,17,0
3,37,67,18,0
3,37,67,19,0
3,37,67,20,0
3,37,67,21,0
3,37,67,22,0
3,37,67,23,0
3,37,67,24,0
3,37,67,25,0
3,37,67,26,0
3,37,67,27,0
3,37,67,28,0
3,37,67,29,0
3,37,67,30,0
3,37,67,31,0
3,37,67,32,18156204
3,37,67,33,8306807208
3,37,67,34,531897534685
3,37,67,35,14697902302736
3,37,67,36,269909859025823
3,37,67,37,3852708847207206
3,37,67,38,45642044423318966
3,37,67,39,465833603291539444
3,37,67,40,4190684640385406685
3,37,67,41,33732002167268265504
3,37,67,42,245448249728881777936
3,37,67,43,1626140565091146167818
3,37,67,44,9859159818056995995977
3,37,67,45,54897619448611941627376
3,37,67,46,281425320651815354569406
3,37,67,47,1330355733520155948762828
3,37,67,48,5804797407012538617528268
3,37,67,49,23389854773887089274228230
3,37,67,50,87043377650544844045162392
3,37,67,51,299118554627830456128273758
3,37,67,52,948869650179536748398953352
3,37,67,53,2777417939845761570724463984
3,37,67,54,7498154388876156750510018965
3,37,67,55,18662564315680778602325142752
3,37,67,56,42811279077820993927770103658
3,37,67,57,90497967535345481800217864038
3,37,67,58,176280839096229737987824157183
3,37,67,59,316461593735300401945971733378
3,37,67,60,523745281298258949597228655011
3,37,67,61,799462132254794796903014713310
3,37,67,62,1126159400349313608049323744620
3,37,67,63,1464898213772212723990722772680
3,37,67,64,1760852115838253379971578790245
3,37,67,65,1957287238685130760729068513946
3,37,67,66,2013278020548957644117384855593
3,37,67,67,1917578911186327248534697109450
3,37,67,68,1692225955035735326758716468498
3,37,67,69,1384332130802003796930545846398
3,37,67,70,1050224364066404744425556348926
3,37,67,71,739140165054976702541822907124
3,37,67,72,482701145080809429745931870633
3,37,67,73,292552997293512150476609973130
3,37,67,74,164567106911759871901224136532
3,37,67,75,85922965763858030531999813944
3,37,67,76,41639683080504708550364890290
3,37,67,77,18730250284839793363753775398
3,37,67,78,7820614422265049200295372724
3,37,67,79,3031487463237468651567675762
3,37,67,80,1091174733742909988205680425
3,37,67,81,364859982883383375965144864
3,37,67,82,113395367441225022503692483
3,37,67,83,32781086503369272231855858
3,37,67,84,8822808735979711172244691
3,37,67,85,2213126206382338275664642
3,37,67,86,517997841060515642023563
3,37,67,87,113267034011033226220202
3,37,67,88,23166778639682124577653
3,37,67,89,4437369579630016101164
3,37,67,90,796805414155164156182
3,37,67,91,134262142729608537054
3,37,67,92,21245157861424814974
3,37,67,93,3158707657984793928
3,37,67,94,441400873145785736
3,37,67,95,57974857855408974
3,37,67,96,7154817562069317
3,37,67,97,829119380742086
3,37,67,98,90118216555229
3,37,67,99,9172060254814
3,37,67,100,872274288086
3,37,67,101,77218754374
3,37,67,102,6347316666
3,37,67,103,480613298
3,37,67,104,33019489
3,37,67,105,2132268
3,37,67,106,110247
3,37,67,107,5374
3,37,67,108,210
3,37,67,109,0
3,37,67,110,0
3,37,67,111,0
3,37,67,112,0
3,37,67,113,0
3,37,67,114,0
3,37,67,115,0
3,37,67,116,0
3,37,67,117,0
3,37,67,118,0
3,37,67,119,0
3,37,67,120,0
3,37,67,121,0
3,37,67,122,0
3,37,67,123,0
3,37,67,124,0
3,37,67,125,0
3,37,67,126,0
3,37,67,127,0
3,37,67,128,0
3,37,67,129,0
3,37,67,130,0
3,37,67,131,0
3,37,67,132,0
3,37,67,133,0
3,37,67,134,0
3,37,67,135,0
3,37,67,136,0
3,37,67,137,0
3,37,67,138,0
3,37,67,139,0
3,37,67,140,0
3,37,67,141,0
3,37,67,142,0
3,37,67,143,0
3,37,67,144,0
3,37,67,145,0
3,37,67,146,0
3,37,67,147,0
3,37,67,148,0
3,37,67,149,0
3,37,67,150,0
3,37,67,151,0
3,37,67,152,0
3,37,67,153,0
3,37,67,154,0
3,37,67,155,0
3,37,67,156,0
3,37,67,157,0
3,37,67,158,0
3,37,67,159,0
3,37,67,160,0
3,37,67,161,0
3,37,67,162,0
3,37,67,163,0
3,37,67,164,0
3,37,67,165,0
3,37,67,166,0
3,37,67,167,0
3,37,67,168,0
3,37,67,169,0
3,37,67,170,0
3,37,67,171,0
3,37,67,172,0
3,37,67,173,0
3,37,67,174,0
3,37,67,175,0
3,37,67,176,0
3,37,67,177,0
3,37,67,178,0
3,37,67,179,0
3,37,67,180,0
3,37,67,181,0
3,37,67,182,0
3,37,68,0,0
3,37,68,1,0
3,37,68,2,0
3,37,68,3,0
3,37,68,4,0
3,37,68,5,0
3,37,68,6,0
3,37,68,7,0
3,37,68,8,0
3,37,68,9,0
3,37,68,10,0
3,37,68,11,0
3,37,68,12,0
3,37,68,13,0
3,37,68,14,0
3,37,68,15,0
3,37,68,16,0
3,37,68,17,0
3,37,68,18,0
3,37,68,19,0
3,37,68,20,0
3,37,68,21,0
3,37,68,22,0
3,37,68,23,0
3,37,68,24,0
3,37,68,25,0
3,37,68,26,0
3,37,68,27,0
3,37,68,28,0
3,37,68,29,0
3,37,68,30,0
3,37,68,31,0
3,37,68,32,0
3,37,68,33,0
3,37,68,34,0
3,37,68,35,52451256
3,37,68,36,23585058408
3,37,68,37,1584762905310
3,37,68,38,45931749904951
3,37,68,39,863109972888372
3,37,68,40,12399612622008883
3,37,68,41,146254816111560360
3,37,68,42,1474032741262658703
3,37,68,43,13008417296067533796
3,37,68,44,102146110652889150839
3,37,68,45,721521417928493150010
3,37,68,46,4619843563227328594661
3,37,68,47,26958791784367445088440
3,37,68,48,143919402306837013762106
3,37,68,49,704735773582253504959384
3,37,68,50,3170910688955274009696064
3,37,68,51,13124102634013977445620590
3,37,68,52,49997388739420376790563872
3,37,68,53,175358506475480328779665170
3,37,68,54,566255735045226549268094189
3,37,68,55,1683240695903621286540180364
3,37,68,56,4605142434215966153309861633
3,37,68,57,11593740682935316158816930424
3,37,68,58,26855827171841121231500729764
3,37,68,59,57238438400442766215755645840
3,37,68,60,112261790182674491353315791127
3,37,68,61,202673554260370441764928841600
3,37,68,62,336955334417229431501580470262
3,37,68,63,516181470473149951031017126756
3,37,68,64,729080876079048321127768845845
3,37,68,65,950189402929954699477416004350
3,37,68,66,1143505920285192706784655771461
3,37,68,67,1271724953273711232541972843436
3,37,68,68,1307960171448086234553685188829
3,37,68,69,1244912095267625767931377772860
3,37,68,70,1097209687022564155245444995395
3,37,68,71,895927268557141023120466135134
3,37,68,72,678064731928367798760695757937
3,37,68,73,475799891053793607054679989656
3,37,68,74,309620231726423726193598152278
3,37,68,75,186872034181003035025667180508
3,37,68,76,104615204137478101879909592768
3,37,68,77,54322850576170546889707118812
3,37,68,78,26163574798968483170805161848
3,37,68,79,11687722972809397549648943686
3,37,68,80,4842736902346187944355142451
3,37,68,81,1861340626285235142632693644
3,37,68,82,663795616354712039368907073
3,37,68,83,219727882660629005109890988
3,37,68,84,67550294939855387184218514
3,37,68,85,19301643015463421497709034
3,37,68,86,5130983316170807704124330
3,37,68,87,1270365802599856886955846
3,37,68,88,293298698720691580404538
3,37,68,89,63226716561342658495616
3,37,68,90,12742525044910237856019
3,37,68,91,2403834731396730117690
3,37,68,92,424942601275804778801
3,37,68,93,70460840600945805020
3,37,68,94,10967018811268914783
3,37,68,95,1603188338535919894
3,37,68,96,220167449844966498
3,37,68,97,28404103185647542
3,37,68,98,3441180505710859
3,37,68,99,391194765309732
3,37,68,100,41678296592745
3,37,68,101,4153793098002
3,37,68,102,386321986325
3,37,68,103,33415799876
3,37,68,104,2671032649
3,37,68,105,197513860
3,37,68,106,13087496
3,37,68,107,800622
3,37,68,108,42433
3,37,68,109,1598
3,37,68,110,60
3,37,68,111,0
3,37,68,112,0
3,37,68,113,0
3,37,68,114,0
3,37,68,115,0
3,37,68,116,0
3,37,68,117,0
3,37,68,118,0
3,37,68,119,0
3,37,68,120,0
3,37,68,121,0
3,37,68,122,0
3,37,68,123,0
3,37,68,124,0
3,37,68,125,0
3,37,68,126,0
3,37,68,127,0
3,37,68,128,0
3,37,68,129,0
3,37,68,130,0
3,37,68,131,0
3,37,68,132,0
3,37,68,133,0
3,37,68,134,0
3,37,68,135,0
3,37,68,136,0
3,37,68,137,0
3,37,68,138,0
3,37,68,139,0
3,37,68,140,0
3,37,68,141,0
3,37,68,142,0
3,37,68,143,0
3,37,68,144,0
3,37,68,145,0
3,37,68,146,0
3,37,68,147,0
3,37,68,148,0
3,37,68,149,0
3,37,68,150,0
3,37,68,151,0
3,37,68,152,0
3,37,68,153,0
3,37,68,154,0
3,37,68,155,0
3,37,68,156,0
3,37,68,157,0
3,37,68,158,0
3,37,68,159,0
3,37,68,160,0
3,37,68,161,0
3,37,68,162,0
3,37,68,163,0
3,37,68,164,0
3,37,68,165,0
3,37,68,166,0
3,37,68,167,0
3,37,68,168,0
3,37,68,169,0
3,37,68,170,0
3,37,68,171,0
3,37,68,172,0
3,37,68,173,0
3,37,68,174,0
3,37,68,175,0
3,37,68,176,0
3,37,68,177,0
3,37,68,178,0
3,37,68,179,0
3,37,68,180,0
3,37,68,181,0
3,37,68,182,0
3,37,69,0,0
3,37,69,1,0
3,37,69,2,0
3,37,69,3,0
3,37,69,4,0
3,37,69,5,0
3,37,69,6,0
3,37,69,7,0
3,37,69,8,0
3,37,69,9,0
3,37,69,10,0
3,37,69,11,0
3,37,69,12,0
3,37,69,13,0
3,37,69,14,0
3,37,69,15,0
3,37,69,16,0
3,37,69,17,0
3,37,69,18,0
3,37,69,19,0
3,37,69,20,0
3,37,69,21,0
3,37,69,22,0
3,37,69,23,0
3,37,69,24,0
3,37,69,25,0
3,37,69,26,0
3,37,69,27,0
3,37,69,28,0
3,37,69,29,0
3,37,69,30,0
3,37,69,31,0
3,37,69,32,0
3,37,69,33,0
3,37,69,34,0
3,37,69,35,0
3,37,69,36,0
3,37,69,37,0
3,37,69,38,131128140
3,37,69,39,59157929976
3,37,69,40,4167595814547
3,37,69,41,126386605368568
3,37,69,42,2432013904344992
3,37,69,43,35191232763512434
3,37,69,44,413497363563853955
3,37,69,45,4116711093195152462
3,37,69,46,35645394906368179516
3,37,69,47,273050357072099191446
3,37,69,48,1872055509616365015648
3,37,69,49,11581364317492013730058
3,37,69,50,65021802596183986958855
3,37,69,51,332643090238978679492224
3,37,69,52,1555066384996473181408150
3,37,69,53,6655936712223510783510536
3,37,69,54,26116119466966356906518784
3,37,69,55,94012604067054454250111864
3,37,69,56,310622631235055219440700335
3,37,69,57,942207963858689756762722964
3,37,69,58,2624060766908525051317890512
3,37,69,59,6710387948814042637098392114
3,37,69,60,15758573853047999741930674027
3,37,69,61,33991319802494808635924438450
3,37,69,62,67365621377620207386233535980
3,37,69,63,122721881668667658286249448920
3,37,69,64,205621644186903224766541258621
3,37,69,65,317085810451850828032748089456
3,37,69,66,450381740902306857037747159369
3,37,69,67,589709971294809416067349707070
3,37,69,68,712386837436209377341126688268
3,37,69,69,794644994742626053061516919200
3,37,69,70,819128263451418041225215628267
3,37,69,71,780844818432194352831650053856
3,37,69,72,688790027171751804608154388239
3,37,69,73,562536004227245344899888471080
3,37,69,74,425540240908903414663062941717
3,37,69,75,298260480024720379515012916134
3,37,69,76,193734698352389215443113203152
3,37,69,77,116634094692719631147581310130
3,37,69,78,65082533599063688657524490795
3,37,69,79,33659889830747324122750749580
3,37,69,80,16134117081347254902982006099
3,37,69,81,7167020382104158171897974194
3,37,69,82,2950454896805007721646097575
3,37,69,83,1125721001134482132904936204
3,37,69,84,398158844675317399435001680
3,37,69,85,130596956961554421540129390
3,37,69,86,39747999600972231404618599
3,37,69,87,11234386822109967994248634
3,37,69,88,2951678585106200311211285
3,37,69,89,721741041363148878541420
3,37,69,90,164454181374886818821428
3,37,69,91,34965764778384620310366
3,37,69,92,6946340808762421643015
3,37,69,93,1291025603583493885152
3,37,69,94,224738218416731939351
3,37,69,95,36678065427380123074
3,37,69,96,5616379072388125069
3,37,69,97,807333308498686460
3,37,69,98,108968124643698952
3,37,69,99,13808934882571128
3,37,69,100,1642248544048838
3,37,69,101,183129181904946
3,37,69,102,19120977913624
3,37,69,103,1865667609402
3,37,69,104,169622096344
3,37,69,105,14325863228
3,37,69,106,1113827143
3,37,69,107,80017396
3,37,69,108,5168577
3,37,69,109,290822
3,37,69,110,16076
3,37,69,111,448
3,37,69,112,15
3,37,69,113,0
3,37,69,114,0
3,37,69,115,0
3,37,69,116,0
3,37,69,117,0
3,37,69,118,0
3,37,69,119,0
3,37,69,120,0
3,37,69,121,0
3,37,69,122,0
3,37,69,123,0
3,37,69,124,0
3,37,69,125,0
3,37,69,126,0
3,37,69,127,0
3,37,69,128,0
3,37,69,129,0
3,37,69,130,0
3,37,69,131,0
3,37,69,132,0
3,37,69,133,0
3,37,69,134,0
3,37,69,135,0
3,37,69,136,0
3,37,69,137,0
3,37,69,138,0
3,37,69,139,0
3,37,69,140,0
3,37,69,141,0
3,37,69,142,0
3,37,69,143,0
3,37,69,144,0
3,37,69,145,0
3,37,69,146,0
3,37,69,147,0
3,37,69,148,0
3,37,69,149,0
3,37,69,150,0
3,37,69,151,0
3,37,69,152,0
3,37,69,153,0
3,37,69,154,0
3,37,69,155,0
3,37,69,156,0
3,37,69,157,0
3,37,69,158,0
3,37,69,159,0
3,37,69,160,0
3,37,69,161,0
3,37,69,162,0
3,37,69,163,0
3,37,69,164,0
3,37,69,165,0
3,37,69,166,0
3,37,69,167,0
3,37,69,168,0
3,37,69,169,0
3,37,69,170,0
3,37,69,171,0
3,37,69,172,0
3,37,69,173,0
3,37,69,174,0
3,37,69,175,0
3,37,69,176,0
3,37,69,177,0
3,37,69,178,0
3,37,69,179,0
3,37,69,180,0
3,37,69,181,0
3,37,69,182,0
3,37,70,0,0
3,37,70,1,0
3,37,70,2,0
3,37,70,3,0
3,37,70,4,0
3,37,70,5,0
3,37,70,6,0
3,37,70,7,0
3,37,70,8,0
3,37,70,9,0
3,37,70,10,0
3,37,70,11,0
3,37,70,12,0
3,37,70,13,0
3,37,70,14,0
3,37,70,15,0
3,37,70,16,0
3,37,70,17,0
3,37,70,18,0
3,37,70,19,0
3,37,70,20,0
3,37,70,21,0
3,37,70,22,0
3,37,70,23,0
3,37,70,24,0
3,37,70,25,0
3,37,70,26,0
3,37,70,27,0
3,37,70,28,0
3,37,70,29,0
3,37,70,30,0
3,37,70,31,0
3,37,70,32,0
3,37,70,33,0
3,37,70,34,0
3,37,70,35,0
3,37,70,36,0
3,37,70,37,0
3,37,70,38,0
3,37,70,39,0
3,37,70,40,0
3,37,70,41,286097760
3,37,70,42,131533777620
3,37,70,43,9713929884950
3,37,70,44,307672189814156
3,37,70,45,6065579989391008
3,37,70,46,88464006482886725
3,37,70,47,1035933661976922746
3,37,70,48,10190466826435545340
3,37,70,49,86577824715635937686
3,37,70,50,646907035772411493307
3,37,70,51,4303884079914636370356
3,37,70,52,25716287308284647396394
3,37,70,53,138847189792819738987442
3,37,70,54,680348532414264824404270
3,37,70,55,3034752824849938000181942
3,37,70,56,12349307514067631763189935
3,37,70,57,45912145153501580179135906
3,37,70,58,156102519683822433162900986
3,37,70,59,485715864198982810768280886
3,37,70,60,1383736620802206250989674962
3,37,70,61,3610710479471219822000944306
3,37,70,62,8633064083318999646705747985
3,37,70,63,18921554283235446085414750402
3,37,70,64,38035826539195786141564958941
3,37,70,65,70168774431677813929155724234
3,37,70,66,118884953761867711454799542986
3,37,70,67,185139374837760530971221064934
3,37,70,68,265244066307857271929688550909
3,37,70,69,349920525891070256165394801352
3,37,70,70,425474414863543983972076505207
3,37,70,71,477253429072868179177055203910
3,37,70,72,494268729214742759380987122953
3,37,70,73,472985646001320512820967773576
3,37,70,74,418497899894083773722669448172
3,37,70,75,342563270621446426775858192620
3,37,70,76,259526100698540624503891773809
3,37,70,77,182034086028668740887704098128
3,37,70,78,118234566178268207269537774335
3,37,70,79,71121222108702548179188136050
3,37,70,80,39620623494253920309848344145
3,37,70,81,20440266850652702235807008248
3,37,70,82,9764622120169947782900855133
3,37,70,83,4319061010869863449630142728
3,37,70,84,1768762880111394603899578195
3,37,70,85,670684854878012918865017692
3,37,70,86,235515891566368766245186287
3,37,70,87,76619605528474744069286334
3,37,70,88,23106667797427301324910868
3,37,70,89,6465053894233652027540764
3,37,70,90,1679960381647924421403656
3,37,70,91,405930660899122916575106
3,37,70,92,91331218628812790458463
3,37,70,93,19160865352031391113076
3,37,70,94,3753599104711784358104
3,37,70,95,687530247342940269210
3,37,70,96,117885896218922558579
3,37,70,97,18940543000768966292
3,37,70,98,2853771165187136287
3,37,70,99,403424758844588000
3,37,70,100,53519446757369981
3,37,70,101,6662024753004006
3,37,70,102,777706895395270
3,37,70,103,85056959473192
3,37,70,104,8701866027108
3,37,70,105,831060808778
3,37,70,106,73812205540
3,37,70,107,6082839166
3,37,70,108,461104628
3,37,70,109,31727706
3,37,70,110,2043513
3,37,70,111,105252
3,37,70,112,5106
3,37,70,113,196
3,37,70,114,0
3,37,70,115,0
3,37,70,116,0
3,37,70,117,0
3,37,70,118,0
3,37,70,119,0
3,37,70,120,0
3,37,70,121,0
3,37,70,122,0
3,37,70,123,0
3,37,70,124,0
3,37,70,125,0
3,37,70,126,0
3,37,70,127,0
3,37,70,128,0
3,37,70,129,0
3,37,70,130,0
3,37,70,131,0
3,37,70,132,0
3,37,70,133,0
3,37,70,134,0
3,37,70,135,0
3,37,70,136,0
3,37,70,137,0
3,37,70,138,0
3,37,70,139,0
3,37,70,140,0
3,37,70,141,0
3,37,70,142,0
3,37,70,143,0
3,37,70,144,0
3,37,70,145,0
3,37,70,146,0
3,37,70,147,0
3,37,70,148,0
3,37,70,149,0
3,37,70,150,0
3,37,70,151,0
3,37,70,152,0
3,37,70,153,0
3,37,70,154,0
3,37,70,155,0
3,37,70,156,0
3,37,70,157,0
3,37,70,158,0
3,37,70,159,0
3,37,70,160,0
3,37,70,161,0
3,37,70,162,0
3,37,70,163,0
3,37,70,164,0
3,37,70,165,0
3,37,70,166,0
3,37,70,167,0
3,37,70,168,0
3,37,70,169,0
3,37,70,170,0
3,37,70,171,0
3,37,70,172,0
3,37,70,173,0
3,37,70,174,0
3,37,70,175,0
3,37,70,176,0
3,37,70,177,0
3,37,70,178,0
3,37,70,179,0
3,37,70,180,0
3,37,70,181,0
3,37,70,182,0
3,37,71,0,0
3,37,71,1,0
3,37,71,2,0
3,37,71,3,0
3,37,71,4,0
3,37,71,5,0
3,37,71,6,0
3,37,71,7,0
3,37,71,8,0
3,37,71,9,0
3,37,71,10,0
3,37,71,11,0
3,37,71,12,0
3,37,71,13,0
3,37,71,14,0
3,37,71,15,0
3,37,71,16,0
3,37,71,17,0
3,37,71,18,0
3,37,71,19,0
3,37,71,20,0
3,37,71,21,0
3,37,71,22,0
3,37,71,23,0
3,37,71,24,0
3,37,71,25,0
3,37,71,26,0
3,37,71,27,0
3,37,71,28,0
3,37,71,29,0
3,37,71,30,0
3,37,71,31,0
3,37,71,32,0
3,37,71,33,0
3,37,71,34,0
3,37,71,35,0
3,37,71,36,0
3,37,71,37,0
3,37,71,38,0
3,37,71,39,0
3,37,71,40,0
3,37,71,41,0
3,37,71,42,0
3,37,71,43,0
3,37,71,44,548354040
3,37,71,45,259944588960
3,37,71,46,20131570827300
3,37,71,47,665108593747676
3,37,71,48,13438493248887963
3,37,71,49,197676191423003982
3,37,71,50,2307924552747740801
3,37,71,51,22436260909756356130
3,37,71,52,187034642706375659280
3,37,71,53,1362960771069161014012
3,37,71,54,8796670062190360693780
3,37,71,55,50746001695503255329782
3,37,71,56,263364680285795926153042
3,37,71,57,1235395440886937380142080
3,37,71,58,5255277241025008531603383
3,37,71,59,20321888080689361457860102
3,37,71,60,71557717777257754170087738
3,37,71,61,229729167299177214990785768
3,37,71,62,673062084822609633421912202
3,37,71,63,1800986007393625622671913044
3,37,71,64,4404400502111406531060228216
3,37,71,65,9851209899537161033826672864
3,37,71,66,20167164637903060512145232011
3,37,71,67,37819093150458901691538459574
3,37,71,68,65025180716369096361283284626
3,37,71,69,102607588362425782204945617396
3,37,71,70,148747121632482957862098411105
3,37,71,71,198308121504336807582383518848
3,37,71,72,243389199313863911183088010191
3,37,71,73,275269563682741894043380126170
3,37,71,74,287149314401477806661665024676
3,37,71,75,276507059198679881201350218158
3,37,71,76,245958384356558950883124285771
3,37,71,77,202222217155352499855961246618
3,37,71,78,153747014012610729569724284047
3,37,71,79,108127788034759445610229533036
3,37,71,80,70357187997401249381101375388
3,37,71,81,42360202853713529830816714418
3,37,71,82,23598344212984190262553293075
3,37,71,83,12163058464153467370668462782
3,37,71,84,5799464334509709111782061733
3,37,71,85,2557775828668545970153360548
3,37,71,86,1043355705126156438044060084
3,37,71,87,393646420253156447940264400
3,37,71,88,137391226367497394498129923
3,37,71,89,44376438578871306761358728
3,37,71,90,13272454470138334884119478
3,37,71,91,3678992739672435661454538
3,37,71,92,946155623435811147086875
3,37,71,93,226055623408225424352388
3,37,71,94,50246875557216228479346
3,37,71,95,10406186372979771794622
3,37,71,96,2010956844002688486857
3,37,71,97,363114146177144196238
3,37,71,98,61340532076300225111
3,37,71,99,9704255568320972804
3,37,71,100,1438886333393852951
3,37,71,101,200057794385946990
3,37,71,102,26086929030558949
3,37,71,103,3189662653040028
3,37,71,104,365466570062228
3,37,71,105,39197436108850
3,37,71,106,3928361784621
3,37,71,107,367029357250
3,37,71,108,31855967826
3,37,71,109,2554120158
3,37,71,110,189074509
3,37,71,111,12528782
3,37,71,112,767912
3,37,71,113,40112
3,37,71,114,1515
3,37,71,115,56
3,37,71,116,0
3,37,71,117,0
3,37,71,118,0
3,37,71,119,0
3,37,71,120,0
3,37,71,121,0
3,37,71,122,0
3,37,71,123,0
3,37,71,124,0
3,37,71,125,0
3,37,71,126,0
3,37,71,127,0
3,37,71,128,0
3,37,71,129,0
3,37,71,130,0
3,37,71,131,0
3,37,71,132,0
3,37,71,133,0
3,37,71,134,0
3,37,71,135,0
3,37,71,136,0
3,37,71,137,0
3,37,71,138,0
3,37,71,139,0
3,37,71,140,0
3,37,71,141,0
3,37,71,142,0
3,37,71,143,0
3,37,71,144,0
3,37,71,145,0
3,37,71,146,0
3,37,71,147,0
3,37,71,148,0
3,37,71,149,0
3,37,71,150,0
3,37,71,151,0
3,37,71,152,0
3,37,71,153,0
3,37,71,154,0
3,37,71,155,0
3,37,71,156,0
3,37,71,157,0
3,37,71,158,0
3,37,71,159,0
3,37,71,160,0
3,37,71,161,0
3,37,71,162,0
3,37,71,163,0
3,37,71,164,0
3,37,71,165,0
3,37,71,166,0
3,37,71,167,0
3,37,71,168,0
3,37,71,169,0
3,37,71,170,0
3,37,71,171,0
3,37,71,172,0
3,37,71,173,0
3,37,71,174,0
3,37,71,175,0
3,37,71,176,0
3,37,71,177,0
3,37,71,178,0
3,37,71,179,0
3,37,71,180,0
3,37,71,181,0
3,37,71,182,0
3,37,72,0,0
3,37,72,1,0
3,37,72,2,0
3,37,72,3,0
3,37,72,4,0
3,37,72,5,0
3,37,72,6,0
3,37,72,7,0
3,37,72,8,0
3,37,72,9,0
3,37,72,10,0
3,37,72,11,0
3,37,72,12,0
3,37,72,13,0
3,37,72,14,0
3,37,72,15,0
3,37,72,16,0
3,37,72,17,0
3,37,72,18,0
3,37,72,19,0
3,37,72,20,0
3,37,72,21,0
3,37,72,22,0
3,37,72,23,0
3,37,72,24,0
3,37,72,25,0
3,37,72,26,0
3,37,72,27,0
3,37,72,28,0
3,37,72,29,0
3,37,72,30,0
3,37,72,31,0
3,37,72,32,0
3,37,72,33,0
3,37,72,34,0
3,37,72,35,0
3,37,72,36,0
3,37,72,37,0
3,37,72,38,0
3,37,72,39,0
3,37,72,40,0
3,37,72,41,0
3,37,72,42,0
3,37,72,43,0
3,37,72,44,0
3,37,72,45,0
3,37,72,46,0
3,37,72,47,927983760
3,37,72,48,457571117430
3,37,72,49,37186037109480
3,37,72,50,1280443115729526
3,37,72,51,26524060345076144
3,37,72,52,393766275452194136
3,37,72,53,4585526007237390742
3,37,72,54,44062325046386059293
3,37,72,55,360408764407210115414
3,37,72,56,2561011417448896179634
3,37,72,57,16030179749008774480060
3,37,72,58,89247377484500858632781
3,37,72,59,445033878580792930313378
3,37,72,60,1997579421252732515006278
3,37,72,61,8100472539808254831996388
3,37,72,62,29756051469265224924796898
3,37,72,63,99213189573950919184339696
3,37,72,64,300722053409086507431717220
3,37,72,65,829679387829172760731337638
3,37,72,66,2085845151841219371018566195
3,37,72,67,4783315147046949428071075892
3,37,72,68,10016083431687360228158270333
3,37,72,69,19171232304443616290719464296
3,37,72,70,33578911863444264796029237958
3,37,72,71,53882421438016330446088497710
3,37,72,72,79305106662826281085472719609
3,37,72,73,107185855242707974431783119156
3,37,72,74,133183741133149694699523287031
3,37,72,75,152304043454921883647779107088
3,37,72,76,160453767680984084567032349596
3,37,72,77,155866119022122163334756217224
3,37,72,78,139716577889301244251833851456
3,37,72,79,115640717610611162897256972934
3,37,72,80,88420088462584648546206940523
3,37,72,81,62476606150333161778984143452
3,37,72,82,40803719497948916924390266037
3,37,72,83,24633883483188714958457474788
3,37,72,84,13746909824307212205641442719
3,37,72,85,7090372458297234511252933228
3,37,72,86,3379532503659475143637297707
3,37,72,87,1488323410446824847760696914
3,37,72,88,605536451680243638979102552
3,37,72,89,227603631394405173440638696
3,37,72,90,79045598309274947410966435
3,37,72,91,25374246455844170402968462
3,37,72,92,7533455644562255159557137
3,37,72,93,2070467880204361226816268
3,37,72,94,527371743053238594991256
3,37,72,95,124662061416868126763456
3,37,72,96,27389205854679849194252
3,37,72,97,5601931113354278305538
3,37,72,98,1068277857354293137590
3,37,72,99,190216940731593597380
3,37,72,100,31665743345691513256
3,37,72,101,4933623544171475950
3,37,72,102,719982599050059645
3,37,72,103,98461812545074534
3,37,72,104,12620081201016548
3,37,72,105,1515623579240370
3,37,72,106,170430302150041
3,37,72,107,17922075185036
3,37,72,108,1759052799225
3,37,72,109,160715654052
3,37,72,110,13625076848
3,37,72,111,1062074838
3,37,72,112,76506705
3,37,72,113,4931144
3,37,72,114,277387
3,37,72,115,15252
3,37,72,116,416
3,37,72,117,14
3,37,72,118,0
3,37,72,119,0
3,37,72,120,0
3,37,72,121,0
3,37,72,122,0
3,37,72,123,0
3,37,72,124,0
3,37,72,125,0
3,37,72,126,0
3,37,72,127,0
3,37,72,128,0
3,37,72,129,0
3,37,72,130,0
3,37,72,131,0
3,37,72,132,0
3,37,72,133,0
3,37,72,134,0
3,37,72,135,0
3,37,72,136,0
3,37,72,137,0
3,37,72,138,0
3,37,72,139,0
3,37,72,140,0
3,37,72,141,0
3,37,72,142,0
3,37,72,143,0
3,37,72,144,0
3,37,72,145,0
3,37,72,146,0
3,37,72,147,0
3,37,72,148,0
3,37,72,149,0
3,37,72,150,0
3,37,72,151,0
3,37,72,152,0
3,37,72,153,0
3,37,72,154,0
3,37,72,155,0
3,37,72,156,0
3,37,72,157,0
3,37,72,158,0
3,37,72,159,0
3,37,72,160,0
3,37,72,161,0
3,37,72,162,0
3,37,72,163,0
3,37,72,164,0
3,37,72,165,0
3,37,72,166,0
3,37,72,167,0
3,37,72,168,0
3,37,72,169,0
3,37,72,170,0
3,37,72,171,0
3,37,72,172,0
3,37,72,173,0
3,37,72,174,0
3,37,72,175,0
3,37,72,176,0
3,37,72,177,0
3,37,72,178,0
3,37,72,179,0
3,37,72,180,0
3,37,72,181,0
3,37,72,182,0
3,37,73,0,0
3,37,73,1,0
3,37,73,2,0
3,37,73,3,0
3,37,73,4,0
3,37,73,5,0
3,37,73,6,0
3,37,73,7,0
3,37,73,8,0
3,37,73,9,0
3,37,73,10,0
3,37,73,11,0
3,37,73,12,0
3,37,73,13,0
3,37,73,14,0
3,37,73,15,0
3,37,73,16,0
3,37,73,17,0
3,37,73,18,0
3,37,73,19,0
3,37,73,20,0
3,37,73,21,0
3,37,73,22,0
3,37,73,23,0
3,37,73,24,0
3,37,73,25,0
3,37,73,26,0
3,37,73,27,0
3,37,73,28,0
3,37,73,29,0
3,37,73,30,0
3,37,73,31,0
3,37,73,32,0
3,37,73,33,0
3,37,73,34,0
3,37,73,35,0
3,37,73,36,0
3,37,73,37,0
3,37,73,38,0
3,37,73,39,0
3,37,73,40,0
3,37,73,41,0
3,37,73,42,0
3,37,73,43,0
3,37,73,44,0
3,37,73,45,0
3,37,73,46,0
3,37,73,47,0
3,37,73,48,0
3,37,73,49,0
3,37,73,50,1391975640
3,37,73,51,718558273380
3,37,73,52,61328682719020
3,37,73,53,2200010766889672
3,37,73,54,46741173393895386
3,37,73,55,700805876317418248
3,37,73,56,8144052866328837416
3,37,73,57,77369958779712502030
3,37,73,58,620973972206693702437
3,37,73,59,4302226898752312514230
3,37,73,60,26110299583403375092058
3,37,73,61,140252649141258085074506
3,37,73,62,671747174134978827954702
3,37,73,63,2884292793961772189135852
3,37,73,64,11146677908355719509597865
3,37,73,65,38889431299705420729186050
3,37,73,66,122775324896928897631682869
3,37,73,67,351399706528104723238766458
3,37,73,68,913265989655179633844866468
3,37,73,69,2158362372844320075954809672
3,37,73,70,4644895702880695941572790258
3,37,73,71,9114565684476529503065264820
3,37,73,72,16330134475909064763533297575
3,37,73,73,26750121135547470544020160006
3,37,73,74,40117174674852609725275088468
3,37,73,75,55154194061698748720764958224
3,37,73,76,69602166761508719388966905663
3,37,73,77,80720019368333842324870545804
3,37,73,78,86124679462252136486574792592
3,37,73,79,84621720500478528642014608784
3,37,73,80,76630831867360702394951628360
3,37,73,81,64001065538203292833644697266
3,37,73,82,49324185784891963023140815945
3,37,73,83,35089833681850850432013841104
3,37,73,84,23048673008202976819784525689
3,37,73,85,13979396550048506595820963286
3,37,73,86,7828736630538414802451870435
3,37,73,87,4047607598955643832075691332
3,37,73,88,1931641645274968356035391142
3,37,73,89,850724634403316880196967086
3,37,73,90,345714130221420148856850257
3,37,73,91,129624693563654759704311876
3,37,73,92,44848859517485889473194082
3,37,73,93,14323822767860076816524784
3,37,73,94,4225535925353021096120619
3,37,73,95,1152448219465744700950320
3,37,73,96,290940270084092821461156
3,37,73,97,68086117987395266717462
3,37,73,98,14793967781542073039524
3,37,73,99,2989576163064093810188
3,37,73,100,562791798795975739269
3,37,73,101,98846864719444984600
3,37,73,102,16219500352258002386
3,37,73,103,2489130972283725200
3,37,73,104,357555589842596999
3,37,73,105,48098375634835812
3,37,73,106,6059687589482408
3,37,73,107,714762490267342
3,37,73,108,78869651192522
3,37,73,109,8129836824554
3,37,73,110,781325695949
3,37,73,111,69752452608
3,37,73,112,5772074188
3,37,73,113,438629730
3,37,73,114,30265955
3,37,73,115,1945094
3,37,73,116,99887
3,37,73,117,4824
3,37,73,118,182
3,37,73,119,0
3,37,73,120,0
3,37,73,121,0
3,37,73,122,0
3,37,73,123,0
3,37,73,124,0
3,37,73,125,0
3,37,73,126,0
3,37,73,127,0
3,37,73,128,0
3,37,73,129,0
3,37,73,130,0
3,37,73,131,0
3,37,73,132,0
3,37,73,133,0
3,37,73,134,0
3,37,73,135,0
3,37,73,136,0
3,37,73,137,0
3,37,73,138,0
3,37,73,139,0
3,37,73,140,0
3,37,73,141,0
3,37,73,142,0
3,37,73,143,0
3,37,73,144,0
3,37,73,145,0
3,37,73,146,0
3,37,73,147,0
3,37,73,148,0
3,37,73,149,0
3,37,73,150,0
3,37,73,151,0
3,37,73,152,0
3,37,73,153,0
3,37,73,154,0
3,37,73,155,0
3,37,73,156,0
3,37,73,157,0
3,37,73,158,0
3,37,73,159,0
3,37,73,160,0
3,37,73,161,0
3,37,73,162,0
3,37,73,163,0
3,37,73,164,0
3,37,73,165,0
3,37,73,166,0
3,37,73,167,0
3,37,73,168,0
3,37,73,169,0
3,37,73,170,0
3,37,73,171,0
3,37,73,172,0
3,37,73,173,0
3,37,73,174,0
3,37,73,175,0
3,37,73,176,0
3,37,73,177,0
3,37,73,178,0
3,37,73,179,0
3,37,73,180,0
3,37,73,181,0
3,37,73,182,0
3,37,74,0,0
3,37,74,1,0
3,37,74,2,0
3,37,74,3,0
3,37,74,4,0
3,37,74,5,0
3,37,74,6,0
3,37,74,7,0
3,37,74,8,0
3,37,74,9,0
3,37,74,10,0
3,37,74,11,0
3,37,74,12,0
3,37,74,13,0
3,37,74,14,0
3,37,74,15,0
3,37,74,16,0
3,37,74,17,0
3,37,74,18,0
3,37,74,19,0
3,37,74,20,0
3,37,74,21,0
3,37,74,22,0
3,37,74,23,0
3,37,74,24,0
3,37,74,25,0
3,37,74,26,0
3,37,74,27,0
3,37,74,28,0
3,37,74,29,0
3,37,74,30,0
3,37,74,31,0
3,37,74,32,0
3,37,74,33,0
3,37,74,34,0
3,37,74,35,0
3,37,74,36,0
3,37,74,37,0
3,37,74,38,0
3,37,74,39,0
3,37,74,40,0
3,37,74,41,0
3,37,74,42,0
3,37,74,43,0
3,37,74,44,0
3,37,74,45,0
3,37,74,46,0
3,37,74,47,0
3,37,74,48,0
3,37,74,49,0
3,37,74,50,0
3,37,74,51,0
3,37,74,52,0
3,37,74,53,1855967520
3,37,74,54,1007805016890
3,37,74,55,90415898185740
3,37,74,56,3378700597497294
3,37,74,57,73661892941102860
3,37,74,58,1116308023460770244
3,37,74,59,12953138926260456692
3,37,74,60,121704649909587777741
3,37,74,61,958602699956001615340
3,37,74,62,6475192180354003541175
3,37,74,63,38098526309694157978840
3,37,74,64,197410628866797374478397
3,37,74,65,907985971324809151652278
3,37,74,66,3728782114857624889792711
3,37,74,67,13732159666943451962472168
3,37,74,68,45505489479925181775807077
3,37,74,69,136054641801552708006047718
3,37,74,70,367842385172845604730919967
3,37,74,71,901069720171952729877185932
3,37,74,72,2003449592602400627590561856
3,37,74,73,4050005446145657364909337934
3,37,74,74,7455909104741726888341290586
3,37,74,75,12520103214301370865861233252
3,37,74,76,19206782456764832636778007403
3,37,74,77,26958386075200142543941975204
3,37,74,78,34669344089767567566999734715
3,37,74,79,40905935550344492121769882354
3,37,74,80,44334263418139243681505163334
3,37,74,81,44184240546966053066040149170
3,37,74,82,40528887627379913879526212144
3,37,74,83,34241605392639517419917481192
3,37,74,84,26661489527294018149329796077
3,37,74,85,19139490621744180651262339478
3,37,74,86,12670551656265369480384722276
3,37,74,87,7736015620674648754424515210
3,37,74,88,4355877599473919442413771893
3,37,74,89,2261542325022844431706063900
3,37,74,90,1082453353594149846328458784
3,37,74,91,477512722348838643522996670
3,37,74,92,194108399161311763111873928
3,37,74,93,72701832500390588570769248
3,37,74,94,25091291840645361531622476
3,37,74,95,7982137295414186643249522
3,37,74,96,2342104630627195380007797
3,37,74,97,634452375868630958240360
3,37,74,98,158872809657219161485566
3,37,74,99,36831951719566139580910
3,37,74,100,7918958663625913019579
3,37,74,101,1581808537401757586848
3,37,74,102,294063266239276864176
3,37,74,103,50960098265226244384
3,37,74,104,8243916682347398100
3,37,74,105,1246365907139020990
3,37,74,106,176247704167332633
3,37,74,107,23322105629851052
3,37,74,108,2888054030045226
3,37,74,109,334548695750798
3,37,74,110,36218736298714
3,37,74,111,3658780671596
3,37,74,112,344126091569
3,37,74,113,30025073462
3,37,74,114,2418588124
3,37,74,115,179466194
3,37,74,116,11905000
3,37,74,117,731598
3,37,74,118,37679
3,37,74,119,1428
3,37,74,120,52
3,37,74,121,0
3,37,74,122,0
3,37,74,123,0
3,37,74,124,0
3,37,74,125,0
3,37,74,126,0
3,37,74,127,0
3,37,74,128,0
3,37,74,129,0
3,37,74,130,0
3,37,74,131,0
3,37,74,132,0
3,37,74,133,0
3,37,74,134,0
3,37,74,135,0
3,37,74,136,0
3,37,74,137,0
3,37,74,138,0
3,37,74,139,0
3,37,74,140,0
3,37,74,141,0
3,37,74,142,0
3,37,74,143,0
3,37,74,144,0
3,37,74,145,0
3,37,74,146,0
3,37,74,147,0
3,37,74,148,0
3,37,74,149,0
3,37,74,150,0
3,37,74,151,0
3,37,74,152,0
3,37,74,153,0
3,37,74,154,0
3,37,74,155,0
3,37,74,156,0
3,37,74,157,0
3,37,74,158,0
3,37,74,159,0
3,37,74,160,0
3,37,74,161,0
3,37,74,162,0
3,37,74,163,0
3,37,74,164,0
3,37,74,165,0
3,37,74,166,0
3,37,74,167,0
3,37,74,168,0
3,37,74,169,0
3,37,74,170,0
3,37,74,171,0
3,37,74,172,0
3,37,74,173,0
3,37,74,174,0
3,37,74,175,0
3,37,74,176,0
3,37,74,177,0
3,37,74,178,0
3,37,74,179,0
3,37,74,180,0
3,37,74,181,0
3,37,74,182,0
3,37,75,0,0
3,37,75,1,0
3,37,75,2,0
3,37,75,3,0
3,37,75,4,0
3,37,75,5,0
3,37,75,6,0
3,37,75,7,0
3,37,75,8,0
3,37,75,9,0
3,37,75,10,0
3,37,75,11,0
3,37,75,12,0
3,37,75,13,0
3,37,75,14,0
3,37,75,15,0
3,37,75,16,0
3,37,75,17,0
3,37,75,18,0
3,37,75,19,0
3,37,75,20,0
3,37,75,21,0
3,37,75,22,0
3,37,75,23,0
3,37,75,24,0
3,37,75,25,0
3,37,75,26,0
3,37,75,27,0
3,37,75,28,0
3,37,75,29,0
3,37,75,30,0
3,37,75,31,0
3,37,75,32,0
3,37,75,33,0
3,37,75,34,0
3,37,75,35,0
3,37,75,36,0
3,37,75,37,0
3,37,75,38,0
3,37,75,39,0
3,37,75,40,0
3,37,75,41,0
3,37,75,42,0
3,37,75,43,0
3,37,75,44,0
3,37,75,45,0
3,37,75,46,0
3,37,75,47,0
3,37,75,48,0
3,37,75,49,0
3,37,75,50,0
3,37,75,51,0
3,37,75,52,0
3,37,75,53,0
3,37,75,54,0
3,37,75,55,0
3,37,75,56,2203961430
3,37,75,57,1263251844060
3,37,75,58,119239173490800
3,37,75,59,4642584969148012
3,37,75,60,103935453989258927
3,37,75,61,1593489938978083454
3,37,75,62,18476148564069382826
3,37,75,63,171773101333225863594
3,37,75,64,1328118052103205056878
3,37,75,65,8747786601185361499398
3,37,75,66,49900254471216318654489
3,37,75,67,249414816690592395520486
3,37,75,68,1101646491700034360920687
3,37,75,69,4327188396522449964474174
3,37,75,70,15188215468354443774252603
3,37,75,71,47818029302813173761816466
3,37,75,72,135457292741752241886239462
3,37,75,73,346160323974093016354061136
3,37,75,74,799875220875947156563460544
3,37,75,75,1674781021539114217492795162
3,37,75,76,3183825580757004003732528084
3,37,75,77,5505783571732594218148090398
3,37,75,78,8676683176961725256102820406
3,37,75,79,12482442113091058028831813874
3,37,75,80,16419386675421667505038708922
3,37,75,81,19777519516588409527246689268
3,37,75,82,21843768503764198392295393676
3,37,75,83,22148154076076788267080122274
3,37,75,84,20636659469163882500382512658
3,37,75,85,17684436233942815379952303940
3,37,75,86,13946641253761194257929078727
3,37,75,87,10126751537653633680207288182
3,37,75,88,6771890616239024685479867271
3,37,75,89,4170932311322620785570707666
3,37,75,90,2366026224864784039698292554
3,37,75,91,1235938539869542821943169140
3,37,75,92,594370801760417037590062854
3,37,75,93,263075298842477403659556484
3,37,75,94,107141263719068085883233438
3,37,75,95,40144365160697501972041764
3,37,75,96,13838854018126797295768297
3,37,75,97,4390492883693701617499438
3,37,75,98,1282729114627529124798679
3,37,75,99,345455360292758760703384
3,37,75,100,85874304127280934716914
3,37,75,101,19735840921720054843676
3,37,75,102,4201087331271499187183
3,37,75,103,829866008924830151164
3,37,75,104,152406223709496620652
3,37,75,105,26066947891768220006
3,37,75,106,4158287342551068079
3,37,75,107,619429228540942408
3,37,75,108,86235875913130651
3,37,75,109,11225362891172444
3,37,75,110,1366268178334263
3,37,75,111,155412956600792
3,37,75,112,16504647740919
3,37,75,113,1633451919286
3,37,75,114,150289186333
3,37,75,115,12812609990
3,37,75,116,1002958509
3,37,75,117,72526390
3,37,75,118,4669553
3,37,75,119,262768
3,37,75,120,14376
3,37,75,121,384
3,37,75,122,13
3,37,75,123,0
3,37,75,124,0
3,37,75,125,0
3,37,75,126,0
3,37,75,127,0
3,37,75,128,0
3,37,75,129,0
3,37,75,130,0
3,37,75,131,0
3,37,75,132,0
3,37,75,133,0
3,37,75,134,0
3,37,75,135,0
3,37,75,136,0
3,37,75,137,0
3,37,75,138,0
3,37,75,139,0
3,37,75,140,0
3,37,75,141,0
3,37,75,142,0
3,37,75,143,0
3,37,75,144,0
3,37,75,145,0
3,37,75,146,0
3,37,75,147,0
3,37,75,148,0
3,37,75,149,0
3,37,75,150,0
3,37,75,151,0
3,37,75,152,0
3,37,75,153,0
3,37,75,154,0
3,37,75,155,0
3,37,75,156,0
3,37,75,157,0
3,37,75,158,0
3,37,75,159,0
3,37,75,160,0
3,37,75,161,0
3,37,75,162,0
3,37,75,163,0
3,37,75,164,0
3,37,75,165,0
3,37,75,166,0
3,37,75,167,0
3,37,75,168,0
3,37,75,169,0
3,37,75,170,0
3,37,75,171,0
3,37,75,172,0
3,37,75,173,0
3,37,75,174,0
3,37,75,175,0
3,37,75,176,0
3,37,75,177,0
3,37,75,178,0
3,37,75,179,0
3,37,75,180,0
3,37,75,181,0
3,37,75,182,0
3,37,76,0,0
3,37,76,1,0
3,37,76,2,0
3,37,76,3,0
3,37,76,4,0
3,37,76,5,0
3,37,76,6,0
3,37,76,7,0
3,37,76,8,0
3,37,76,9,0
3,37,76,10,0
3,37,76,11,0
3,37,76,12,0
3,37,76,13,0
3,37,76,14,0
3,37,76,15,0
3,37,76,16,0
3,37,76,17,0
3,37,76,18,0
3,37,76,19,0
3,37,76,20,0
3,37,76,21,0
3,37,76,22,0
3,37,76,23,0
3,37,76,24,0
3,37,76,25,0
3,37,76,26,0
3,37,76,27,0
3,37,76,28,0
3,37,76,29,0
3,37,76,30,0
3,37,76,31,0
3,37,76,32,0
3,37,76,33,0
3,37,76,34,0
3,37,76,35,0
3,37,76,36,0
3,37,76,37,0
3,37,76,38,0
3,37,76,39,0
3,37,76,40,0
3,37,76,41,0
3,37,76,42,0
3,37,76,43,0
3,37,76,44,0
3,37,76,45,0
3,37,76,46,0
3,37,76,47,0
3,37,76,48,0
3,37,76,49,0
3,37,76,50,0
3,37,76,51,0
3,37,76,52,0
3,37,76,53,0
3,37,76,54,0
3,37,76,55,0
3,37,76,56,0
3,37,76,57,0
3,37,76,58,0
3,37,76,59,2333606220
3,37,76,60,1415442073560
3,37,76,61,140694413885990
3,37,76,62,5710351492323025
3,37,76,63,131387857529640724
3,37,76,64,2040162019958986036
3,37,76,65,23659678900616422258
3,37,76,66,217802203283653944681
3,37,76,67,1653857483444495206734
3,37,76,68,10625400116439788479835
3,37,76,69,58775816545244014673116
3,37,76,70,283440379892112854678281
3,37,76,71,1202510551681433392375132
3,37,76,72,4519112660003321338013416
3,37,76,73,15123569178507667551085636
3,37,76,74,45261518519522364508028602
3,37,76,75,121561983406564954639284654
3,37,76,76,293876859883373641841395167
3,37,76,77,641196503493594501354251840
3,37,76,78,1265705854581917275437263481
3,37,76,79,2265544540944179472698653760
3,37,76,80,3684935345809261844903930500
3,37,76,81,5457127245530668886804419582
3,37,76,82,7371781272571998239265806656
3,37,76,83,9098807069464840499002161230
3,37,76,84,10276743901037553794354389940
3,37,76,85,10635574359596392887302323498
3,37,76,86,10096967236178112803911942594
3,37,76,87,8801312411995448849228637774
3,37,76,88,7049243480178887368873477169
3,37,76,89,5190378352483631582494852590
3,37,76,90,3514417997444588557927832358
3,37,76,91,2188574303431700383903210062
3,37,76,92,1253447322009435919793915187
3,37,76,93,660102867239909877571105080
3,37,76,94,319565121582686634332416819
3,37,76,95,142171044578269236388084154
3,37,76,96,58108233040701077091083211
3,37,76,97,21814873013845782820324144
3,37,76,98,7522308151843750625692944
3,37,76,99,2383127463150079799518800
3,37,76,100,694076414275242547852409
3,37,76,101,186023616989416444192156
3,37,76,102,45944725960395740027025
3,37,76,103,10475130924515205481974
3,37,76,104,2208949466497872348505
3,37,76,105,431717301071223126922
3,37,76,106,78354654636262837817
3,37,76,107,13230449067900354034
3,37,76,108,2081662360400863803
3,37,76,109,305571222913181326
3,37,76,110,41884992826065862
3,37,76,111,5363410940102062
3,37,76,112,641577797182948
3,37,76,113,71653835126250
3,37,76,114,7462619817988
3,37,76,115,723469465808
3,37,76,116,65059284491
3,37,76,117,5415718884
3,37,76,118,413187186
3,37,76,119,28630128
3,37,76,120,1836855
3,37,76,121,94140
3,37,76,122,4528
3,37,76,123,168
3,37,76,124,0
3,37,76,125,0
3,37,76,126,0
3,37,76,127,0
3,37,76,128,0
3,37,76,129,0
3,37,76,130,0
3,37,76,131,0
3,37,76,132,0
3,37,76,133,0
3,37,76,134,0
3,37,76,135,0
3,37,76,136,0
3,37,76,137,0
3,37,76,138,0
3,37,76,139,0
3,37,76,140,0
3,37,76,141,0
3,37,76,142,0
3,37,76,143,0
3,37,76,144,0
3,37,76,145,0
3,37,76,146,0
3,37,76,147,0
3,37,76,148,0
3,37,76,149,0
3,37,76,150,0
3,37,76,151,0
3,37,76,152,0
3,37,76,153,0
3,37,76,154,0
3,37,76,155,0
3,37,76,156,0
3,37,76,157,0
3,37,76,158,0
3,37,76,159,0
3,37,76,160,0
3,37,76,161,0
3,37,76,162,0
3,37,76,163,0
3,37,76,164,0
3,37,76,165,0
3,37,76,166,0
3,37,76,167,0
3,37,76,168,0
3,37,76,169,0
3,37,76,170,0
3,37,76,171,0
3,37,76,172,0
3,37,76,173,0
3,37,76,174,0
3,37,76,175,0
3,37,76,176,0
3,37,76,177,0
3,37,76,178,0
3,37,76,179,0
3,37,76,180,0
3,37,76,181,0
3,37,76,182,0
3,37,77,0,0
3,37,77,1,0
3,37,77,2,0
3,37,77,3,0
3,37,77,4,0
3,37,77,5,0
3,37,77,6,0
3,37,77,7,0
3,37,77,8,0
3,37,77,9,0
3,37,77,10,0
3,37,77,11,0
3,37,77,12,0
3,37,77,13,0
3,37,77,14,0
3,37,77,15,0
3,37,77,16,0
3,37,77,17,0
3,37,77,18,0
3,37,77,19,0
3,37,77,20,0
3,37,77,21,0
3,37,77,22,0
3,37,77,23,0
3,37,77,24,0
3,37,77,25,0
3,37,77,26,0
3,37,77,27,0
3,37,77,28,0
3,37,77,29,0
3,37,77,30,0
3,37,77,31,0
3,37,77,32,0
3,37,77,33,0
3,37,77,34,0
3,37,77,35,0
3,37,77,36,0
3,37,77,37,0
3,37,77,38,0
3,37,77,39,0
3,37,77,40,0
3,37,77,41,0
3,37,77,42,0
3,37,77,43,0
3,37,77,44,0
3,37,77,45,0
3,37,77,46,0
3,37,77,47,0
3,37,77,48,0
3,37,77,49,0
3,37,77,50,0
3,37,77,51,0
3,37,77,52,0
3,37,77,53,0
3,37,77,54,0
3,37,77,55,0
3,37,77,56,0
3,37,77,57,0
3,37,77,58,0
3,37,77,59,0
3,37,77,60,0
3,37,77,61,0
3,37,77,62,2203961430
3,37,77,63,1417320679980
3,37,77,64,148494801280650
3,37,77,65,6287274598711424
3,37,77,66,148840901205397824
3,37,77,67,2343871530829740998
3,37,77,68,27219552282089560690
3,37,77,69,248343596867776214116
3,37,77,70,1853340642728361405027
3,37,77,71,11620726313270657838850
3,37,77,72,62365304486913521801953
3,37,77,73,290299512947941533551104
3,37,77,74,1183557038481711427840110
3,37,77,75,4257880152801369379418632
3,37,77,76,13594993301719027875595181
3,37,77,77,38706349579349493756585026
3,37,77,78,98651848717503170439931958
3,37,77,79,225848847308088851544128562
3,37,77,80,465827666251822725172697123
3,37,77,81,867981088194197279175665492
3,37,77,82,1464730188062533561331332017
3,37,77,83,2243704925415143264109924742
3,37,77,84,3126438369771794940120983305
3,37,77,85,3970460221601373474343569408
3,37,77,86,4603428505524363414943730141
3,37,77,87,4880024255079520868573037898
3,37,77,88,4736058850049702167322196496
3,37,77,89,4212333982940052703237440382
3,37,77,90,3436337220416585276132266095
3,37,77,91,2572729885709388368508011598
3,37,77,92,1768400944434217853858196773
3,37,77,93,1116164616493196938420189554
3,37,77,94,646887093293630324144721379
3,37,77,95,344195242781944801219343010
3,37,77,96,168085444918391319836314707
3,37,77,97,75309501054912116215125796
3,37,77,98,30946557680161016775628753
3,37,77,99,11660199925730247302343794
3,37,77,100,4028101239954603725568202
3,37,77,101,1276115212929430511015852
3,37,77,102,370963988595637414719704
3,37,77,103,99053575981762458179168
3,37,77,104,24329745765977924456893
3,37,77,105,5507169254492825556264
3,37,77,106,1151192261455345791421
3,37,77,107,222713124847707145448
3,37,77,108,39962252260818215965
3,37,77,109,6663588487247234514
3,37,77,110,1034295567266313024
3,37,77,111,149633409831299678
3,37,77,112,20195263307042414
3,37,77,113,2543894703888360
3,37,77,114,299049727981723
3,37,77,115,32786911424374
3,37,77,116,3347990932703
3,37,77,117,317779672566
3,37,77,118,27931141786
3,37,77,119,2264605100
3,37,77,120,168682596
3,37,77,121,11214786
3,37,77,122,691557
3,37,77,123,35134
3,37,77,124,1337
3,37,77,125,48
3,37,77,126,0
3,37,77,127,0
3,37,77,128,0
3,37,77,129,0
3,37,77,130,0
3,37,77,131,0
3,37,77,132,0
3,37,77,133,0
3,37,77,134,0
3,37,77,135,0
3,37,77,136,0
3,37,77,137,0
3,37,77,138,0
3,37,77,139,0
3,37,77,140,0
3,37,77,141,0
3,37,77,142,0
3,37,77,143,0
3,37,77,144,0
3,37,77,145,0
3,37,77,146,0
3,37,77,147,0
3,37,77,148,0
3,37,77,149,0
3,37,77,150,0
3,37,77,151,0
3,37,77,152,0
3,37,77,153,0
3,37,77,154,0
3,37,77,155,0
3,37,77,156,0
3,37,77,157,0
3,37,77,158,0
3,37,77,159,0
3,37,77,160,0
3,37,77,161,0
3,37,77,162,0
3,37,77,163,0
3,37,77,164,0
3,37,77,165,0
3,37,77,166,0
3,37,77,167,0
3,37,77,168,0
3,37,77,169,0
3,37,77,170,0
3,37,77,171,0
3,37,77,172,0
3,37,77,173,0
3,37,77,174,0
3,37,77,175,0
3,37,77,176,0
3,37,77,177,0
3,37,77,178,0
3,37,77,179,0
3,37,77,180,0
3,37,77,181,0
3,37,77,182,0
3,37,78,0,0
3,37,78,1,0
3,37,78,2,0
3,37,78,3,0
3,37,78,4,0
3,37,78,5,0
3,37,78,6,0
3,37,78,7,0
3,37,78,8,0
3,37,78,9,0
3,37,78,10,0
3,37,78,11,0
3,37,78,12,0
3,37,78,13,0
3,37,78,14,0
3,37,78,15,0
3,37,78,16,0
3,37,78,17,0
3,37,78,18,0
3,37,78,19,0
3,37,78,20,0
3,37,78,21,0
3,37,78,22,0
3,37,78,23,0
3,37,78,24,0
3,37,78,25,0
3,37,78,26,0
3,37,78,27,0
3,37,78,28,0
3,37,78,29,0
3,37,78,30,0
3,37,78,31,0
3,37,78,32,0
3,37,78,33,0
3,37,78,34,0
3,37,78,35,0
3,37,78,36,0
3,37,78,37,0
3,37,78,38,0
3,37,78,39,0
3,37,78,40,0
3,37,78,41,0
3,37,78,42,0
3,37,78,43,0
3,37,78,44,0
3,37,78,45,0
3,37,78,46,0
3,37,78,47,0
3,37,78,48,0
3,37,78,49,0
3,37,78,50,0
3,37,78,51,0
3,37,78,52,0
3,37,78,53,0
3,37,78,54,0
3,37,78,55,0
3,37,78,56,0
3,37,78,57,0
3,37,78,58,0
3,37,78,59,0
3,37,78,60,0
3,37,78,61,0
3,37,78,62,0
3,37,78,63,0
3,37,78,64,0
3,37,78,65,1855967520
3,37,78,66,1267317988530
3,37,78,67,140092807695060
3,37,78,68,6193912342811420
3,37,78,69,151073628376276324
3,37,78,70,2416581711589111469
3,37,78,71,28145317915919471640
3,37,78,72,254824600848954885819
3,37,78,73,1870916603715930912104
3,37,78,74,11458752972808545699575
3,37,78,75,59708790280515011845936
3,37,78,76,268475305061091288408170
3,37,78,77,1052678323941169990497144
3,37,78,78,3628271037064865016578532
3,37,78,79,11062874119480421601997654
3,37,78,80,29994506379431561908908257
3,37,78,81,72628115587372323267621482
3,37,78,82,157647093068305980074764745
3,37,78,83,307769848153150330824730002
3,37,78,84,542025108011445223043232276
3,37,78,85,863450964581984033105420788
3,37,78,86,1247216818716620132375675933
3,37,78,87,1637145254155358603116113902
3,37,78,88,1956693143188080671412582669
3,37,78,89,2132998814583464989881160052
3,37,78,90,2123850845075919611036216158
3,37,78,91,1933952244135274619209903968
3,37,78,92,1612011547067774602732339602
3,37,78,93,1230819673140584421257465230
3,37,78,94,861235569755785005050396524
3,37,78,95,552392780512489033429487906
3,37,78,96,324771951529510556305391137
3,37,78,97,175001207844172517472732570
3,37,78,98,86397779027714101673200479
3,37,78,99,39065535505819186960838540
3,37,78,100,16171136579602738339672234
3,37,78,101,6126369675947849453174272
3,37,78,102,2123842482607882858083541
3,37,78,103,673856412348545193793736
3,37,78,104,195785959834596976958052
3,37,78,105,52144952610004174505220
3,37,78,106,12750200091236062521062
3,37,78,107,2867722187364381522766
3,37,78,108,594623059029551990302
3,37,78,109,113934082059602755668
3,37,78,110,20219584480306228348
3,37,78,111,3330490555262588870
3,37,78,112,510076045893013331
3,37,78,113,72736796989859210
3,37,78,114,9666552250761433
3,37,78,115,1197775660599962
3,37,78,116,138359858019986
3,37,78,117,14888811694934
3,37,78,118,1490140051333
3,37,78,119,138411704060
3,37,78,120,11891290297
3,37,78,121,936525250
3,37,78,122,68070379
3,37,78,123,4383178
3,37,78,124,246932
3,37,78,125,13448
3,37,78,126,352
3,37,78,127,12
3,37,78,128,0
3,37,78,129,0
3,37,78,130,0
3,37,78,131,0
3,37,78,132,0
3,37,78,133,0
3,37,78,134,0
3,37,78,135,0
3,37,78,136,0
3,37,78,137,0
3,37,78,138,0
3,37,78,139,0
3,37,78,140,0
3,37,78,141,0
3,37,78,142,0
3,37,78,143,0
3,37,78,144,0
3,37,78,145,0
3,37,78,146,0
3,37,78,147,0
3,37,78,148,0
3,37,78,149,0
3,37,78,150,0
3,37,78,151,0
3,37,78,152,0
3,37,78,153,0
3,37,78,154,0
3,37,78,155,0
3,37,78,156,0
3,37,78,157,0
3,37,78,158,0
3,37,78,159,0
3,37,78,160,0
3,37,78,161,0
3,37,78,162,0
3,37,78,163,0
3,37,78,164,0
3,37,78,165,0
3,37,78,166,0
3,37,78,167,0
3,37,78,168,0
3,37,78,169,0
3,37,78,170,0
3,37,78,171,0
3,37,78,172,0
3,37,78,173,0
3,37,78,174,0
3,37,78,175,0
3,37,78,176,0
3,37,78,177,0
3,37,78,178,0
3,37,78,179,0
3,37,78,180,0
3,37,78,181,0
3,37,78,182,0
3,37,79,0,0
3,37,79,1,0
3,37,79,2,0
3,37,79,3,0
3,37,79,4,0
3,37,79,5,0
3,37,79,6,0
3,37,79,7,0
3,37,79,8,0
3,37,79,9,0
3,37,79,10,0
3,37,79,11,0
3,37,79,12,0
3,37,79,13,0
3,37,79,14,0
3,37,79,15,0
3,37,79,16,0
3,37,79,17,0
3,37,79,18,0
3,37,79,19,0
3,37,79,20,0
3,37,79,21,0
3,37,79,22,0
3,37,79,23,0
3,37,79,24,0
3,37,79,25,0
3,37,79,26,0
3,37,79,27,0
3,37,79,28,0
3,37,79,29,0
3,37,79,30,0
3,37,79,31,0
3,37,79,32,0
3,37,79,33,0
3,37,79,34,0
3,37,79,35,0
3,37,79,36,0
3,37,79,37,0
3,37,79,38,0
3,37,79,39,0
3,37,79,40,0
3,37,79,41,0
3,37,79,42,0
3,37,79,43,0
3,37,79,44,0
3,37,79,45,0
3,37,79,46,0
3,37,79,47,0
3,37,79,48,0
3,37,79,49,0
3,37,79,50,0
3,37,79,51,0
3,37,79,52,0
3,37,79,53,0
3,37,79,54,0
3,37,79,55,0
3,37,79,56,0
3,37,79,57,0
3,37,79,58,0
3,37,79,59,0
3,37,79,60,0
3,37,79,61,0
3,37,79,62,0
3,37,79,63,0
3,37,79,64,0
3,37,79,65,0
3,37,79,66,0
3,37,79,67,0
3,37,79,68,1391975640
3,37,79,69,1010590931520
3,37,79,70,117998544047575
3,37,79,71,5454809561816950
3,37,79,72,137308960845226118
3,37,79,73,2235408232703429880
3,37,79,74,26159679167414769559
3,37,79,75,235416916353963222648
3,37,79,76,1702797748354169652326
3,37,79,77,10199431268901471023432
3,37,79,78,51659229131624539415441
3,37,79,79,224614976202560567060088
3,37,79,80,847897840595862250004528
3,37,79,81,2803046109118586195218176
3,37,79,82,8171281151480408001798483
3,37,79,83,21123779292518393923382210
3,37,79,84,48656023726584419597902541
3,37,79,85,100268554895074692139801514
3,37,79,86,185532841492563224251211664
3,37,79,87,309240691989066429717896422
3,37,79,88,465624686553659093772025019
3,37,79,89,634962030700084476431706916
3,37,79,90,785981551577569171820333508
3,37,79,91,884880001554783655274041764
3,37,79,92,907597826620145766418213762
3,37,79,93,849267808642914959729696402
3,37,79,94,725804427611474504498605607
3,37,79,95,566993971488575291654304506
3,37,79,96,405101213167201289211857782
3,37,79,97,264792379562441896090373780
3,37,79,98,158355029509762061341290558
3,37,79,99,86632364937672027168965200
3,37,79,100,43342688465198162423614961
3,37,79,101,19822435042204390207299174
3,37,79,102,8283372638946791658505890
3,37,79,103,3161528135916726941112552
3,37,79,104,1101879350102524580454165
3,37,79,105,350717301394704675026294
3,37,79,106,101997453865478832181314
3,37,79,107,27131623310170278387056
3,37,79,108,6611441927647228441393
3,37,79,109,1478904119972385418510
3,37,79,110,304400910748524043698
3,37,79,111,57798657197238818282
3,37,79,112,10149303457625563472
3,37,79,113,1651901805907531988
3,37,79,114,249684361156463605
3,37,79,115,35099251889247420
3,37,79,116,4593327913895388
3,37,79,117,559843529767136
3,37,79,118,63538834634295
3,37,79,119,6709118762806
3,37,79,120,658033980870
3,37,79,121,59759714110
3,37,79,122,5014750407
3,37,79,123,384781958
3,37,79,124,26815921
3,37,79,125,1718640
3,37,79,126,87999
3,37,79,127,4218
3,37,79,128,154
3,37,79,129,0
3,37,79,130,0
3,37,79,131,0
3,37,79,132,0
3,37,79,133,0
3,37,79,134,0
3,37,79,135,0
3,37,79,136,0
3,37,79,137,0
3,37,79,138,0
3,37,79,139,0
3,37,79,140,0
3,37,79,141,0
3,37,79,142,0
3,37,79,143,0
3,37,79,144,0
3,37,79,145,0
3,37,79,146,0
3,37,79,147,0
3,37,79,148,0
3,37,79,149,0
3,37,79,150,0
3,37,79,151,0
3,37,79,152,0
3,37,79,153,0
3,37,79,154,0
3,37,79,155,0
3,37,79,156,0
3,37,79,157,0
3,37,79,158,0
3,37,79,159,0
3,37,79,160,0
3,37,79,161,0
3,37,79,162,0
3,37,79,163,0
3,37,79,164,0
3,37,79,165,0
3,37,79,166,0
3,37,79,167,0
3,37,79,168,0
3,37,79,169,0
3,37,79,170,0
3,37,79,171,0
3,37,79,172,0
3,37,79,173,0
3,37,79,174,0
3,37,79,175,0
3,37,79,176,0
3,37,79,177,0
3,37,79,178,0
3,37,79,179,0
3,37,79,180,0
3,37,79,181,0
3,37,79,182,0
3,37,80,0,0
3,37,80,1,0
3,37,80,2,0
3,37,80,3,0
3,37,80,4,0
3,37,80,5,0
3,37,80,6,0
3,37,80,7,0
3,37,80,8,0
3,37,80,9,0
3,37,80,10,0
3,37,80,11,0
3,37,80,12,0
3,37,80,13,0
3,37,80,14,0
3,37,80,15,0
3,37,80,16,0
3,37,80,17,0
3,37,80,18,0
3,37,80,19,0
3,37,80,20,0
3,37,80,21,0
3,37,80,22,0
3,37,80,23,0
3,37,80,24,0
3,37,80,25,0
3,37,80,26,0
3,37,80,27,0
3,37,80,28,0
3,37,80,29,0
3,37,80,30,0
3,37,80,31,0
3,37,80,32,0
3,37,80,33,0
3,37,80,34,0
3,37,80,35,0
3,37,80,36,0
3,37,80,37,0
3,37,80,38,0
3,37,80,39,0
3,37,80,40,0
3,37,80,41,0
3,37,80,42,0
3,37,80,43,0
3,37,80,44,0
3,37,80,45,0
3,37,80,46,0
3,37,80,47,0
3,37,80,48,0
3,37,80,49,0
3,37,80,50,0
3,37,80,51,0
3,37,80,52,0
3,37,80,53,0
3,37,80,54,0
3,37,80,55,0
3,37,80,56,0
3,37,80,57,0
3,37,80,58,0
3,37,80,59,0
3,37,80,60,0
3,37,80,61,0
3,37,80,62,0
3,37,80,63,0
3,37,80,64,0
3,37,80,65,0
3,37,80,66,0
3,37,80,67,0
3,37,80,68,0
3,37,80,69,0
3,37,80,70,0
3,37,80,71,927983760
3,37,80,72,717307022220
3,37,80,73,88584079996380
3,37,80,74,4288549064562223
3,37,80,75,111638735388456672
3,37,80,76,1854095653514093051
3,37,80,77,21851331697034420158
3,37,80,78,195861934612825899920
3,37,80,79,1398209576550718699040
3,37,80,80,8203757253837517211636
3,37,80,81,40448036596714934287186
3,37,80,82,170304076428335859108540
3,37,80,83,619791517105435063888342
3,37,80,84,1967976915967571779971087
3,37,80,85,5492688378073514658068102
3,37,80,86,13557997135970759919881960
3,37,80,87,29749962707149700149424312
3,37,80,88,58287951393190823525930209
3,37,80,89,102364552618589594478724980
3,37,80,90,161687048381546652057480044
3,37,80,91,230387036513562862727762292
3,37,80,92,296921509445999192806936323
3,37,80,93,346912342260749285641844302
3,37,80,94,368163656368895496727362835
3,37,80,95,355477317079581735099808130
3,37,80,96,312680160942738895976198620
3,37,80,97,250806013335317114812744976
3,37,80,98,183579817122980033564102976
3,37,80,99,122669378265223272747457202
3,37,80,100,74839378097061713652624272
3,37,80,101,41683286608804692642911762
3,37,80,102,21188542049432714551171391
3,37,80,103,9825545583316064577942162
3,37,80,104,4154428008221912355555668
3,37,80,105,1600900622975377190778256
3,37,80,106,562065089310691329571741
3,37,80,107,179796132466038603084854
3,37,80,108,52425273326930748595426
3,37,80,109,13947742295936111281076
3,37,80,110,3391309763296621846111
3,37,80,111,755212137143514532018
3,37,80,112,154426441472331257130
3,37,80,113,29074997665545538102
3,37,80,114,5054013441865148937
3,37,80,115,813087439546738806
3,37,80,116,121315813408734904
3,37,80,117,16813603371314096
3,37,80,118,2166777928327845
3,37,80,119,259754741958224
3,37,80,120,28960295636522
3,37,80,121,2999867449586
3,37,80,122,288212482849
3,37,80,123,25584797064
3,37,80,124,2092427469
3,37,80,125,156718180
3,37,80,126,10456720
3,37,80,127,647666
3,37,80,128,32477
3,37,80,129,1242
3,37,80,130,44
3,37,80,131,0
3,37,80,132,0
3,37,80,133,0
3,37,80,134,0
3,37,80,135,0
3,37,80,136,0
3,37,80,137,0
3,37,80,138,0
3,37,80,139,0
3,37,80,140,0
3,37,80,141,0
3,37,80,142,0
3,37,80,143,0
3,37,80,144,0
3,37,80,145,0
3,37,80,146,0
3,37,80,147,0
3,37,80,148,0
3,37,80,149,0
3,37,80,150,0
3,37,80,151,0
3,37,80,152,0
3,37,80,153,0
3,37,80,154,0
3,37,80,155,0
3,37,80,156,0
3,37,80,157,0
3,37,80,158,0
3,37,80,159,0
3,37,80,160,0
3,37,80,161,0
3,37,80,162,0
3,37,80,163,0
3,37,80,164,0
3,37,80,165,0
3,37,80,166,0
3,37,80,167,0
3,37,80,168,0
3,37,80,169,0
3,37,80,170,0
3,37,80,171,0
3,37,80,172,0
3,37,80,173,0
3,37,80,174,0
3,37,80,175,0
3,37,80,176,0
3,37,80,177,0
3,37,80,178,0
3,37,80,179,0
3,37,80,180,0
3,37,80,181,0
3,37,80,182,0
3,37,81,0,0
3,37,81,1,0
3,37,81,2,0
3,37,81,3,0
3,37,81,4,0
3,37,81,5,0
3,37,81,6,0
3,37,81,7,0
3,37,81,8,0
3,37,81,9,0
3,37,81,10,0
3,37,81,11,0
3,37,81,12,0
3,37,81,13,0
3,37,81,14,0
3,37,81,15,0
3,37,81,16,0
3,37,81,17,0
3,37,81,18,0
3,37,81,19,0
3,37,81,20,0
3,37,81,21,0
3,37,81,22,0
3,37,81,23,0
3,37,81,24,0
3,37,81,25,0
3,37,81,26,0
3,37,81,27,0
3,37,81,28,0
3,37,81,29,0
3,37,81,30,0
3,37,81,31,0
3,37,81,32,0
3,37,81,33,0
3,37,81,34,0
3,37,81,35,0
3,37,81,36,0
3,37,81,37,0
3,37,81,38,0
3,37,81,39,0
3,37,81,40,0
3,37,81,41,0
3,37,81,42,0
3,37,81,43,0
3,37,81,44,0
3,37,81,45,0
3,37,81,46,0
3,37,81,47,0
3,37,81,48,0
3,37,81,49,0
3,37,81,50,0
3,37,81,51,0
3,37,81,52,0
3,37,81,53,0
3,37,81,54,0
3,37,81,55,0
3,37,81,56,0
3,37,81,57,0
3,37,81,58,0
3,37,81,59,0
3,37,81,60,0
3,37,81,61,0
3,37,81,62,0
3,37,81,63,0
3,37,81,64,0
3,37,81,65,0
3,37,81,66,0
3,37,81,67,0
3,37,81,68,0
3,37,81,69,0
3,37,81,70,0
3,37,81,71,0
3,37,81,72,0
3,37,81,73,0
3,37,81,74,548354040
3,37,81,75,452004738696
3,37,81,76,59137914990375
3,37,81,77,3004297481751126
3,37,81,78,81078755343717547
3,37,81,79,1377515002634705278
3,37,81,80,16395566798533000145
3,37,81,81,146751036892716567452
3,37,81,82,1036320522729857749307
3,37,81,83,5968344060607202368786
3,37,81,84,28699191135729144843588
3,37,81,85,117220896953674841874668
3,37,81,86,411986822833651830071926
3,37,81,87,1258546195093708963532128
3,37,81,88,3368595732470624349907139
3,37,81,89,7952113667870884980202054
3,37,81,90,16648366703758231954661927
3,37,81,91,31057734720629308599454660
3,37,81,92,51838857794632384612090879
3,37,81,93,77692303154199972377897256
3,37,81,94,104878609267963910076808482
3,37,81,95,127864369402663215361943470
3,37,81,96,141111457323389671851136673
3,37,81,97,141240077625418287509309488
3,37,81,98,128413668433493436073810393
3,37,81,99,106180246362622376298928406
3,37,81,100,79915161339936891391219474
3,37,81,101,54777283888383106730399312
3,37,81,102,34202576096268167113702890
3,37,81,103,19452989662632473845764344
3,37,81,104,10075447762316055123542604
3,37,81,105,4750050579667179338754644
3,37,81,106,2037286030277640062485165
3,37,81,107,794500062553975069505994
3,37,81,108,281613911595381552524308
3,37,81,109,90717662260473765391252
3,37,81,110,26568441494396283622346
3,37,81,111,7081009537861243960988
3,37,81,112,1720236034243999646252
3,37,81,113,381793818059332680556
3,37,81,114,77626525085780168645
3,37,81,115,14501943179930226146
3,37,81,116,2496638306041501312
3,37,81,117,397154425709216002
3,37,81,118,58507070045644138
3,37,81,119,7995362726407904
3,37,81,120,1014664760118348
3,37,81,121,119631111025368
3,37,81,122,13100472318865
3,37,81,123,1330769997068
3,37,81,124,125173147877
3,37,81,125,10864861888
3,37,81,126,862841645
3,37,81,127,63132948
3,37,81,128,4071361
3,37,81,129,229846
3,37,81,130,12468
3,37,81,131,320
3,37,81,132,11
3,37,81,133,0
3,37,81,134,0
3,37,81,135,0
3,37,81,136,0
3,37,81,137,0
3,37,81,138,0
3,37,81,139,0
3,37,81,140,0
3,37,81,141,0
3,37,81,142,0
3,37,81,143,0
3,37,81,144,0
3,37,81,145,0
3,37,81,146,0
3,37,81,147,0
3,37,81,148,0
3,37,81,149,0
3,37,81,150,0
3,37,81,151,0
3,37,81,152,0
3,37,81,153,0
3,37,81,154,0
3,37,81,155,0
3,37,81,156,0
3,37,81,157,0
3,37,81,158,0
3,37,81,159,0
3,37,81,160,0
3,37,81,161,0
3,37,81,162,0
3,37,81,163,0
3,37,81,164,0
3,37,81,165,0
3,37,81,166,0
3,37,81,167,0
3,37,81,168,0
3,37,81,169,0
3,37,81,170,0
3,37,81,171,0
3,37,81,172,0
3,37,81,173,0
3,37,81,174,0
3,37,81,175,0
3,37,81,176,0
3,37,81,177,0
3,37,81,178,0
3,37,81,179,0
3,37,81,180,0
3,37,81,181,0
3,37,81,182,0
3,37,82,0,0
3,37,82,1,0
3,37,82,2,0
3,37,82,3,0
3,37,82,4,0
3,37,82,5,0
3,37,82,6,0
3,37,82,7,0
3,37,82,8,0
3,37,82,9,0
3,37,82,10,0
3,37,82,11,0
3,37,82,12,0
3,37,82,13,0
3,37,82,14,0
3,37,82,15,0
3,37,82,16,0
3,37,82,17,0
3,37,82,18,0
3,37,82,19,0
3,37,82,20,0
3,37,82,21,0
3,37,82,22,0
3,37,82,23,0
3,37,82,24,0
3,37,82,25,0
3,37,82,26,0
3,37,82,27,0
3,37,82,28,0
3,37,82,29,0
3,37,82,30,0
3,37,82,31,0
3,37,82,32,0
3,37,82,33,0
3,37,82,34,0
3,37,82,35,0
3,37,82,36,0
3,37,82,37,0
3,37,82,38,0
3,37,82,39,0
3,37,82,40,0
3,37,82,41,0
3,37,82,42,0
3,37,82,43,0
3,37,82,44,0
3,37,82,45,0
3,37,82,46,0
3,37,82,47,0
3,37,82,48,0
3,37,82,49,0
3,37,82,50,0
3,37,82,51,0
3,37,82,52,0
3,37,82,53,0
3,37,82,54,0
3,37,82,55,0
3,37,82,56,0
3,37,82,57,0
3,37,82,58,0
3,37,82,59,0
3,37,82,60,0
3,37,82,61,0
3,37,82,62,0
3,37,82,63,0
3,37,82,64,0
3,37,82,65,0
3,37,82,66,0
3,37,82,67,0
3,37,82,68,0
3,37,82,69,0
3,37,82,70,0
3,37,82,71,0
3,37,82,72,0
3,37,82,73,0
3,37,82,74,0
3,37,82,75,0
3,37,82,76,0
3,37,82,77,286097760
3,37,82,78,252005404548
3,37,82,79,35005533808718
3,37,82,80,1870773463168394
3,37,82,81,52497489401377554
3,37,82,82,915468068112098017
3,37,82,83,11041228877332362470
3,37,82,84,98996424134662772598
3,37,82,85,693510842380486926970
3,37,82,86,3930418320288806639267
3,37,82,87,18475456325338679372452
3,37,82,88,73362708704084653056722
3,37,82,89,249513350971230226292388
3,37,82,90,734732566923802482211680
3,37,82,91,1889389369777183152663620
3,37,82,92,4273009891119738351265832
3,37,82,93,8549278873612676743328254
3,37,82,94,15208516880142356191836674
3,37,82,95,24158890037126595226901254
3,37,82,96,34396385375787041818308625
3,37,82,97,44033317950056429398145682
3,37,82,98,50823503482049521667642885
3,37,82,99,53009367399550601855524910
3,37,82,100,50055737220586286205589404
3,37,82,101,42855103265429224239107166
3,37,82,102,33301661403867264999338778
3,37,82,103,23504551273307799743252892
3,37,82,104,15073677566633205111676734
3,37,82,105,8783941974811911181087310
3,37,82,106,4650135391533396451435852
3,37,82,107,2235407527222718795974234
3,37,82,108,975242842171119934517949
3,37,82,109,385897312306723901920480
3,37,82,110,138426940634448379355503
3,37,82,111,45005874768229308117042
3,37,82,112,13265716465506471592969
3,37,82,113,3548092923072881420234
3,37,82,114,862528472816867488664
3,37,82,115,191026297963855306542
3,37,82,116,38657097971308214963
3,37,82,117,7171116178285026700
3,37,82,118,1223387715708039180
3,37,82,119,192500749611236352
3,37,82,120,28006014945241548
3,37,82,121,3774131987506794
3,37,82,122,471664801066361
3,37,82,123,54687659571576
3,37,82,124,5880656177966
3,37,82,125,585712495082
3,37,82,126,53888437506
3,37,82,127,4570434854
3,37,82,128,353425348
3,37,82,129,24818834
3,37,82,130,1590293
3,37,82,131,81452
3,37,82,132,3894
3,37,82,133,140
3,37,82,134,0
3,37,82,135,0
3,37,82,136,0
3,37,82,137,0
3,37,82,138,0
3,37,82,139,0
3,37,82,140,0
3,37,82,141,0
3,37,82,142,0
3,37,82,143,0
3,37,82,144,0
3,37,82,145,0
3,37,82,146,0
3,37,82,147,0
3,37,82,148,0
3,37,82,149,0
3,37,82,150,0
3,37,82,151,0
3,37,82,152,0
3,37,82,153,0
3,37,82,154,0
3,37,82,155,0
3,37,82,156,0
3,37,82,157,0
3,37,82,158,0
3,37,82,159,0
3,37,82,160,0
3,37,82,161,0
3,37,82,162,0
3,37,82,163,0
3,37,82,164,0
3,37,82,165,0
3,37,82,166,0
3,37,82,167,0
3,37,82,168,0
3,37,82,169,0
3,37,82,170,0
3,37,82,171,0
3,37,82,172,0
3,37,82,173,0
3,37,82,174,0
3,37,82,175,0
3,37,82,176,0
3,37,82,177,0
3,37,82,178,0
3,37,82,179,0
3,37,82,180,0
3,37,82,181,0
3,37,82,182,0
3,37,83,0,0
3,37,83,1,0
3,37,83,2,0
3,37,83,3,0
3,37,83,4,0
3,37,83,5,0
3,37,83,6,0
3,37,83,7,0
3,37,83,8,0
3,37,83,9,0
3,37,83,10,0
3,37,83,11,0
3,37,83,12,0
3,37,83,13,0
3,37,83,14,0
3,37,83,15,0
3,37,83,16,0
3,37,83,17,0
3,37,83,18,0
3,37,83,19,0
3,37,83,20,0
3,37,83,21,0
3,37,83,22,0
3,37,83,23,0
3,37,83,24,0
3,37,83,25,0
3,37,83,26,0
3,37,83,27,0
3,37,83,28,0
3,37,83,29,0
3,37,83,30,0
3,37,83,31,0
3,37,83,32,0
3,37,83,33,0
3,37,83,34,0
3,37,83,35,0
3,37,83,36,0
3,37,83,37,0
3,37,83,38,0
3,37,83,39,0
3,37,83,40,0
3,37,83,41,0
3,37,83,42,0
3,37,83,43,0
3,37,83,44,0
3,37,83,45,0
3,37,83,46,0
3,37,83,47,0
3,37,83,48,0
3,37,83,49,0
3,37,83,50,0
3,37,83,51,0
3,37,83,52,0
3,37,83,53,0
3,37,83,54,0
3,37,83,55,0
3,37,83,56,0
3,37,83,57,0
3,37,83,58,0
3,37,83,59,0
3,37,83,60,0
3,37,83,61,0
3,37,83,62,0
3,37,83,63,0
3,37,83,64,0
3,37,83,65,0
3,37,83,66,0
3,37,83,67,0
3,37,83,68,0
3,37,83,69,0
3,37,83,70,0
3,37,83,71,0
3,37,83,72,0
3,37,83,73,0
3,37,83,74,0
3,37,83,75,0
3,37,83,76,0
3,37,83,77,0
3,37,83,78,0
3,37,83,79,0
3,37,83,80,131128140
3,37,83,81,123769416328
3,37,83,82,18304791107313
3,37,83,83,1032320636520032
3,37,83,84,30230259357547921
3,37,83,85,543216209855212914
3,37,83,86,6665453865727264772
3,37,83,87,60093037850840719944
3,37,83,88,419056714836183074217
3,37,83,89,2344374011469452420002
3,37,83,90,10802843762173352423126
3,37,83,91,41809292870551818501416
3,37,83,92,137928795025621820294566
3,37,83,93,392363486053261826070572
3,37,83,94,971340409038776813710194
3,37,83,95,2108485819307718693563658
3,37,83,96,4038381427968244051499818
3,37,83,97,6860875522264337073937940
3,37,83,98,10385899896596125235033114
3,37,83,99,14062755993246431656557184
3,37,83,100,17087387676075814833026480
3,37,83,101,18683079889192888859661818
3,37,83,102,18423204189071282334251276
3,37,83,103,16413522255802766542160206
3,37,83,104,13229517484698057021078461
3,37,83,105,9655985365173002036325314
3,37,83,106,6385486455426243744980934
3,37,83,107,3826602537024108993363150
3,37,83,108,2077745498740814085838098
3,37,83,109,1021771573778639726345692
3,37,83,110,454821022187533446137341
3,37,83,111,183131560459204241231924
3,37,83,112,66659850384507402876107
3,37,83,113,21927963742177723804478
3,37,83,114,6519621741244923881944
3,37,83,115,1753417286617695617102
3,37,83,116,427256921135640721656
3,37,83,117,94557752962492973806
3,37,83,118,19066409097503371074
3,37,83,119,3515043292636044708
3,37,83,120,594589105104029589
3,37,83,121,92582083695172664
3,37,83,122,13305269580345908
3,37,83,123,1768378984086314
3,37,83,124,217633171716045
3,37,83,125,24811712114502
3,37,83,126,2619286034014
3,37,83,127,255705706836
3,37,83,128,22999386390
3,37,83,129,1902402674
3,37,83,130,143568115
3,37,83,131,9629326
3,37,83,132,599802
3,37,83,133,29708
3,37,83,134,1143
3,37,83,135,40
3,37,83,136,0
3,37,83,137,0
3,37,83,138,0
3,37,83,139,0
3,37,83,140,0
3,37,83,141,0
3,37,83,142,0
3,37,83,143,0
3,37,83,144,0
3,37,83,145,0
3,37,83,146,0
3,37,83,147,0
3,37,83,148,0
3,37,83,149,0
3,37,83,150,0
3,37,83,151,0
3,37,83,152,0
3,37,83,153,0
3,37,83,154,0
3,37,83,155,0
3,37,83,156,0
3,37,83,157,0
3,37,83,158,0
3,37,83,159,0
3,37,83,160,0
3,37,83,161,0
3,37,83,162,0
3,37,83,163,0
3,37,83,164,0
3,37,83,165,0
3,37,83,166,0
3,37,83,167,0
3,37,83,168,0
3,37,83,169,0
3,37,83,170,0
3,37,83,171,0
3,37,83,172,0
3,37,83,173,0
3,37,83,174,0
3,37,83,175,0
3,37,83,176,0
3,37,83,177,0
3,37,83,178,0
3,37,83,179,0
3,37,83,180,0
3,37,83,181,0
3,37,83,182,0
3,37,84,0,0
3,37,84,1,0
3,37,84,2,0
3,37,84,3,0
3,37,84,4,0
3,37,84,5,0
3,37,84,6,0
3,37,84,7,0
3,37,84,8,0
3,37,84,9,0
3,37,84,10,0
3,37,84,11,0
3,37,84,12,0
3,37,84,13,0
3,37,84,14,0
3,37,84,15,0
3,37,84,16,0
3,37,84,17,0
3,37,84,18,0
3,37,84,19,0
3,37,84,20,0
3,37,84,21,0
3,37,84,22,0
3,37,84,23,0
3,37,84,24,0
3,37,84,25,0
3,37,84,26,0
3,37,84,27,0
3,37,84,28,0
3,37,84,29,0
3,37,84,30,0
3,37,84,31,0
3,37,84,32,0
3,37,84,33,0
3,37,84,34,0
3,37,84,35,0
3,37,84,36,0
3,37,84,37,0
3,37,84,38,0
3,37,84,39,0
3,37,84,40,0
3,37,84,41,0
3,37,84,42,0
3,37,84,43,0
3,37,84,44,0
3,37,84,45,0
3,37,84,46,0
3,37,84,47,0
3,37,84,48,0
3,37,84,49,0
3,37,84,50,0
3,37,84,51,0
3,37,84,52,0
3,37,84,53,0
3,37,84,54,0
3,37,84,55,0
3,37,84,56,0
3,37,84,57,0
3,37,84,58,0
3,37,84,59,0
3,37,84,60,0
3,37,84,61,0
3,37,84,62,0
3,37,84,63,0
3,37,84,64,0
3,37,84,65,0
3,37,84,66,0
3,37,84,67,0
3,37,84,68,0
3,37,84,69,0
3,37,84,70,0
3,37,84,71,0
3,37,84,72,0
3,37,84,73,0
3,37,84,74,0
3,37,84,75,0
3,37,84,76,0
3,37,84,77,0
3,37,84,78,0
3,37,84,79,0
3,37,84,80,0
3,37,84,81,0
3,37,84,82,0
3,37,84,83,52451256
3,37,84,84,53254723160
3,37,84,85,8416852722842
3,37,84,86,502888758899709
3,37,84,87,15434257380194164
3,37,84,88,287120792908852806
3,37,84,89,3601292164543054940
3,37,84,90,32794655008992204989
3,37,84,91,228587976438968585506
3,37,84,92,1267002560039230005778
3,37,84,93,5742185357885985016072
3,37,84,94,21724838644004392164528
3,37,84,95,69705783414153708516904
3,37,84,96,192024611111506933012253
3,37,84,97,458652848407417451154766
3,37,84,98,957467220260802259748725
3,37,84,99,1758551659564977370515136
3,37,84,100,2857542779789727727823938
3,37,84,101,4127389532684146089561508
3,37,84,102,5320151485722810507281428
3,37,84,103,6140165038142172017073756
3,37,84,104,6362572846360109422649528
3,37,84,105,5932498393281153003557568
3,37,84,106,4985752630325148416767027
3,37,84,107,3781299283356939305597384
3,37,84,108,2590016832794671274185119
3,37,84,109,1602758641511049772675594
3,37,84,110,896039220372375459783262
3,37,84,111,452407206978037199698914
3,37,84,112,206167947711751210021036
3,37,84,113,84740509192786361161874
3,37,84,114,31393380340228193848225
3,37,84,115,10477464576146042464338
3,37,84,116,3150187486414731497277
3,37,84,117,853830516617979478646
3,37,84,118,208948802118360622227
3,37,84,119,46283918731935792896
3,37,84,120,9310764706683545402
3,37,84,121,1707508921351410324
3,37,84,122,286583953163866332
3,37,84,123,44177397465603538
3,37,84,124,6273244613609555
3,37,84,125,822399935192922
3,37,84,126,99668108696191
3,37,84,127,11171712497082
3,37,84,128,1157399659171
3,37,84,129,110685705450
3,37,84,130,9738029202
3,37,84,131,781993678
3,37,84,132,57708721
3,37,84,133,3733412
3,37,84,134,211477
3,37,84,135,11436
3,37,84,136,288
3,37,84,137,10
3,37,84,138,0
3,37,84,139,0
3,37,84,140,0
3,37,84,141,0
3,37,84,142,0
3,37,84,143,0
3,37,84,144,0
3,37,84,145,0
3,37,84,146,0
3,37,84,147,0
3,37,84,148,0
3,37,84,149,0
3,37,84,150,0
3,37,84,151,0
3,37,84,152,0
3,37,84,153,0
3,37,84,154,0
3,37,84,155,0
3,37,84,156,0
3,37,84,157,0
3,37,84,158,0
3,37,84,159,0
3,37,84,160,0
3,37,84,161,0
3,37,84,162,0
3,37,84,163,0
3,37,84,164,0
3,37,84,165,0
3,37,84,166,0
3,37,84,167,0
3,37,84,168,0
3,37,84,169,0
3,37,84,170,0
3,37,84,171,0
3,37,84,172,0
3,37,84,173,0
3,37,84,174,0
3,37,84,175,0
3,37,84,176,0
3,37,84,177,0
3,37,84,178,0
3,37,84,179,0
3,37,84,180,0
3,37,84,181,0
3,37,84,182,0
3,37,85,0,0
3,37,85,1,0
3,37,85,2,0
3,37,85,3,0
3,37,85,4,0
3,37,85,5,0
3,37,85,6,0
3,37,85,7,0
3,37,85,8,0
3,37,85,9,0
3,37,85,10,0
3,37,85,11,0
3,37,85,12,0
3,37,85,13,0
3,37,85,14,0
3,37,85,15,0
3,37,85,16,0
3,37,85,17,0
3,37,85,18,0
3,37,85,19,0
3,37,85,20,0
3,37,85,21,0
3,37,85,22,0
3,37,85,23,0
3,37,85,24,0
3,37,85,25,0
3,37,85,26,0
3,37,85,27,0
3,37,85,28,0
3,37,85,29,0
3,37,85,30,0
3,37,85,31,0
3,37,85,32,0
3,37,85,33,0
3,37,85,34,0
3,37,85,35,0
3,37,85,36,0
3,37,85,37,0
3,37,85,38,0
3,37,85,39,0
3,37,85,40,0
3,37,85,41,0
3,37,85,42,0
3,37,85,43,0
3,37,85,44,0
3,37,85,45,0
3,37,85,46,0
3,37,85,47,0
3,37,85,48,0
3,37,85,49,0
3,37,85,50,0
3,37,85,51,0
3,37,85,52,0
3,37,85,53,0
3,37,85,54,0
3,37,85,55,0
3,37,85,56,0
3,37,85,57,0
3,37,85,58,0
3,37,85,59,0
3,37,85,60,0
3,37,85,61,0
3,37,85,62,0
3,37,85,63,0
3,37,85,64,0
3,37,85,65,0
3,37,85,66,0
3,37,85,67,0
3,37,85,68,0
3,37,85,69,0
3,37,85,70,0
3,37,85,71,0
3,37,85,72,0
3,37,85,73,0
3,37,85,74,0
3,37,85,75,0
3,37,85,76,0
3,37,85,77,0
3,37,85,78,0
3,37,85,79,0
3,37,85,80,0
3,37,85,81,0
3,37,85,82,0
3,37,85,83,0
3,37,85,84,0
3,37,85,85,0
3,37,85,86,18156204
3,37,85,87,19935178808
3,37,85,88,3383791976623
3,37,85,89,215257103520528
3,37,85,90,6960307567997748
3,37,85,91,134785099054713944
3,37,85,92,1737730598538512949
3,37,85,93,16068793695576963592
3,37,85,94,112498161934617956308
3,37,85,95,620474981159618729448
3,37,85,96,2776405829641391385021
3,37,85,97,10303565262885684580548
3,37,85,98,32251046251734997799521
3,37,85,99,86268245253281453368686
3,37,85,100,199273440984712195702991
3,37,85,101,400890521629203405594418
3,37,85,102,707326182758590050006843
3,37,85,103,1100940232437993662385136
3,37,85,104,1519067748453005049789126
3,37,85,105,1865646180539129597316386
3,37,85,106,2046361031356137998933093
3,37,85,107,2010112906650486638656654
3,37,85,108,1772033562494150768410228
3,37,85,109,1404188023947883054245540
3,37,85,110,1001253952139077883835932
3,37,85,111,642810917578096871981436
3,37,85,112,371625340607301239455224
3,37,85,113,193422178014946123464062
3,37,85,114,90583352960866050409884
3,37,85,115,38142447925498300788336
3,37,85,116,14429308696386720997319
3,37,85,117,4901060354692940145468
3,37,85,118,1494365664271172410643
3,37,85,119,409229939937037714280
3,37,85,120,100799121818389471257
3,37,85,121,22388495766735920148
3,37,85,122,4499802015794498515
3,37,85,123,821787222721595900
3,37,85,124,136957409335188188
3,37,85,125,20911896754669524
3,37,85,126,2935028565490797
3,37,85,127,379573518113778
3,37,85,128,45298893518706
3,37,85,129,4991142223312
3,37,85,130,507360057781
3,37,85,131,47488306668
3,37,85,132,4084336017
3,37,85,133,319134958
3,37,85,134,22634171
3,37,85,135,1451658
3,37,85,136,74487
3,37,85,137,3556
3,37,85,138,126
3,37,85,139,0
3,37,85,140,0
3,37,85,141,0
3,37,85,142,0
3,37,85,143,0
3,37,85,144,0
3,37,85,145,0
3,37,85,146,0
3,37,85,147,0
3,37,85,148,0
3,37,85,149,0
3,37,85,150,0
3,37,85,151,0
3,37,85,152,0
3,37,85,153,0
3,37,85,154,0
3,37,85,155,0
3,37,85,156,0
3,37,85,157,0
3,37,85,158,0
3,37,85,159,0
3,37,85,160,0
3,37,85,161,0
3,37,85,162,0
3,37,85,163,0
3,37,85,164,0
3,37,85,165,0
3,37,85,166,0
3,37,85,167,0
3,37,85,168,0
3,37,85,169,0
3,37,85,170,0
3,37,85,171,0
3,37,85,172,0
3,37,85,173,0
3,37,85,174,0
3,37,85,175,0
3,37,85,176,0
3,37,85,177,0
3,37,85,178,0
3,37,85,179,0
3,37,85,180,0
3,37,85,181,0
3,37,85,182,0
3,37,86,0,0
3,37,86,1,0
3,37,86,2,0
3,37,86,3,0
3,37,86,4,0
3,37,86,5,0
3,37,86,6,0
3,37,86,7,0
3,37,86,8,0
3,37,86,9,0
3,37,86,10,0
3,37,86,11,0
3,37,86,12,0
3,37,86,13,0
3,37,86,14,0
3,37,86,15,0
3,37,86,16,0
3,37,86,17,0
3,37,86,18,0
3,37,86,19,0
3,37,86,20,0
3,37,86,21,0
3,37,86,22,0
3,37,86,23,0
3,37,86,24,0
3,37,86,25,0
3,37,86,26,0
3,37,86,27,0
3,37,86,28,0
3,37,86,29,0
3,37,86,30,0
3,37,86,31,0
3,37,86,32,0
3,37,86,33,0
3,37,86,34,0
3,37,86,35,0
3,37,86,36,0
3,37,86,37,0
3,37,86,38,0
3,37,86,39,0
3,37,86,40,0
3,37,86,41,0
3,37,86,42,0
3,37,86,43,0
3,37,86,44,0
3,37,86,45,0
3,37,86,46,0
3,37,86,47,0
3,37,86,48,0
3,37,86,49,0
3,37,86,50,0
3,37,86,51,0
3,37,86,52,0
3,37,86,53,0
3,37,86,54,0
3,37,86,55,0
3,37,86,56,0
3,37,86,57,0
3,37,86,58,0
3,37,86,59,0
3,37,86,60,0
3,37,86,61,0
3,37,86,62,0
3,37,86,63,0
3,37,86,64,0
3,37,86,65,0
3,37,86,66,0
3,37,86,67,0
3,37,86,68,0
3,37,86,69,0
3,37,86,70,0
3,37,86,71,0
3,37,86,72,0
3,37,86,73,0
3,37,86,74,0
3,37,86,75,0
3,37,86,76,0
3,37,86,77,0
3,37,86,78,0
3,37,86,79,0
3,37,86,80,0
3,37,86,81,0
3,37,86,82,0
3,37,86,83,0
3,37,86,84,0
3,37,86,85,0
3,37,86,86,0
3,37,86,87,0
3,37,86,88,0
3,37,86,89,5379616
3,37,86,90,6435259252
3,37,86,91,1180933976574
3,37,86,92,80493848542820
3,37,86,93,2759648160345968
3,37,86,94,55991322931600320
3,37,86,95,746832018519561282
3,37,86,96,7056223520821537329
3,37,86,97,49901513992406171128
3,37,86,98,275260436673727093059
3,37,86,99,1221490503596533451604
3,37,86,100,4463808732917892792083
3,37,86,101,13676534907494499745152
3,37,86,102,35627054536315957330862
3,37,86,103,79790577598449119159420
3,37,86,104,155025281737338150159691
3,37,86,105,263233215305027662088390
3,37,86,106,393025076358744393155746
3,37,86,107,518612269487581944037244
3,37,86,108,607331218154622325157622
3,37,86,109,633356934353298769876824
3,37,86,110,589775234427857339864715
3,37,86,111,491398515045836667028756
3,37,86,112,366879434678437247864448
3,37,86,113,245665743846570285123130
3,37,86,114,147592027248534614882569
3,37,86,115,79550619483990797536632
3,37,86,116,38448987349106525153417
3,37,86,117,16651964437348275433354
3,37,86,118,6456715620252036614649
3,37,86,119,2239706697897102700008
3,37,86,120,694758803484166857951
3,37,86,121,192785123483492302036
3,37,86,122,47915954263720515430
3,37,86,123,10694107987222616602
3,37,86,124,2151080796895091563
3,37,86,125,391705094671585852
3,37,86,126,64879755130460162
3,37,86,127,9818159942661996
3,37,86,128,1362455184660081
3,37,86,129,173845841481042
3,37,86,130,20429356639903
3,37,86,131,2212193319496
3,37,86,132,220603387655
3,37,86,133,20191104042
3,37,86,134,1694972448
3,37,86,135,129228194
3,37,86,136,8731072
3,37,86,137,547842
3,37,86,138,26827
3,37,86,139,1040
3,37,86,140,36
3,37,86,141,0
3,37,86,142,0
3,37,86,143,0
3,37,86,144,0
3,37,86,145,0
3,37,86,146,0
3,37,86,147,0
3,37,86,148,0
3,37,86,149,0
3,37,86,150,0
3,37,86,151,0
3,37,86,152,0
3,37,86,153,0
3,37,86,154,0
3,37,86,155,0
3,37,86,156,0
3,37,86,157,0
3,37,86,158,0
3,37,86,159,0
3,37,86,160,0
3,37,86,161,0
3,37,86,162,0
3,37,86,163,0
3,37,86,164,0
3,37,86,165,0
3,37,86,166,0
3,37,86,167,0
3,37,86,168,0
3,37,86,169,0
3,37,86,170,0
3,37,86,171,0
3,37,86,172,0
3,37,86,173,0
3,37,86,174,0
3,37,86,175,0
3,37,86,176,0
3,37,86,177,0
3,37,86,178,0
3,37,86,179,0
3,37,86,180,0
3,37,86,181,0
3,37,86,182,0
3,37,87,0,0
3,37,87,1,0
3,37,87,2,0
3,37,87,3,0
3,37,87,4,0
3,37,87,5,0
3,37,87,6,0
3,37,87,7,0
3,37,87,8,0
3,37,87,9,0
3,37,87,10,0
3,37,87,11,0
3,37,87,12,0
3,37,87,13,0
3,37,87,14,0
3,37,87,15,0
3,37,87,16,0
3,37,87,17,0
3,37,87,18,0
3,37,87,19,0
3,37,87,20,0
3,37,87,21,0
3,37,87,22,0
3,37,87,23,0
3,37,87,24,0
3,37,87,25,0
3,37,87,26,0
3,37,87,27,0
3,37,87,28,0
3,37,87,29,0
3,37,87,30,0
3,37,87,31,0
3,37,87,32,0
3,37,87,33,0
3,37,87,34,0
3,37,87,35,0
3,37,87,36,0
3,37,87,37,0
3,37,87,38,0
3,37,87,39,0
3,37,87,40,0
3,37,87,41,0
3,37,87,42,0
3,37,87,43,0
3,37,87,44,0
3,37,87,45,0
3,37,87,46,0
3,37,87,47,0
3,37,87,48,0
3,37,87,49,0
3,37,87,50,0
3,37,87,51,0
3,37,87,52,0
3,37,87,53,0
3,37,87,54,0
3,37,87,55,0
3,37,87,56,0
3,37,87,57,0
3,37,87,58,0
3,37,87,59,0
3,37,87,60,0
3,37,87,61,0
3,37,87,62,0
3,37,87,63,0
3,37,87,64,0
3,37,87,65,0
3,37,87,66,0
3,37,87,67,0
3,37,87,68,0
3,37,87,69,0
3,37,87,70,0
3,37,87,71,0
3,37,87,72,0
3,37,87,73,0
3,37,87,74,0
3,37,87,75,0
3,37,87,76,0
3,37,87,77,0
3,37,87,78,0
3,37,87,79,0
3,37,87,80,0
3,37,87,81,0
3,37,87,82,0
3,37,87,83,0
3,37,87,84,0
3,37,87,85,0
3,37,87,86,0
3,37,87,87,0
3,37,87,88,0
3,37,87,89,0
3,37,87,90,0
3,37,87,91,0
3,37,87,92,1344904
3,37,87,93,1771275296
3,37,87,94,354586008418
3,37,87,95,26108468724392
3,37,87,96,956492602128949
3,37,87,97,20490060533829080
3,37,87,98,284896331236386334
3,37,87,99,2770187475581777434
3,37,87,100,19920184211248292519
3,37,87,101,110539395389022299176
3,37,87,102,488951494909899852010
3,37,87,103,1767273562304662126020
3,37,87,104,5320221031891692346307
3,37,87,105,13540373608569465470454
3,37,87,106,29482131866010650916816
3,37,87,107,55445722148365243849830
3,37,87,108,90770939629284762252856
3,37,87,109,130190480109500185321708
3,37,87,110,164457446824450026065686
3,37,87,111,183753871467369277373096
3,37,87,112,182231771572070071837853
3,37,87,113,160833911426258321561104
3,37,87,114,126575800323029353893453
3,37,87,115,88942987441161229723396
3,37,87,116,55842613226388950150145
3,37,87,117,31331353700507328493620
3,37,87,118,15704073333290433583808
3,37,87,119,7026928102253702423634
3,37,87,120,2804438347390022002387
3,37,87,121,997384739789465596038
3,37,87,122,315904609549636545630
3,37,87,123,89115708881968562126
3,37,87,124,22415015335387720229
3,37,87,125,5039245113063915550
3,37,87,126,1016423969348092469
3,37,87,127,184823202468290404
3,37,87,128,30456699051377189
3,37,87,129,4570988326672394
3,37,87,130,627402180655730
3,37,87,131,78997252085042
3,37,87,132,9141191864235
3,37,87,133,972520684958
3,37,87,134,95085163006
3,37,87,135,8516501034
3,37,87,136,694086643
3,37,87,137,51792670
3,37,87,138,3368609
3,37,87,139,191792
3,37,87,140,10352
3,37,87,141,256
3,37,87,142,9
3,37,87,143,0
3,37,87,144,0
3,37,87,145,0
3,37,87,146,0
3,37,87,147,0
3,37,87,148,0
3,37,87,149,0
3,37,87,150,0
3,37,87,151,0
3,37,87,152,0
3,37,87,153,0
3,37,87,154,0
3,37,87,155,0
3,37,87,156,0
3,37,87,157,0
3,37,87,158,0
3,37,87,159,0
3,37,87,160,0
3,37,87,161,0
3,37,87,162,0
3,37,87,163,0
3,37,87,164,0
3,37,87,165,0
3,37,87,166,0
3,37,87,167,0
3,37,87,168,0
3,37,87,169,0
3,37,87,170,0
3,37,87,171,0
3,37,87,172,0
3,37,87,173,0
3,37,87,174,0
3,37,87,175,0
3,37,87,176,0
3,37,87,177,0
3,37,87,178,0
3,37,87,179,0
3,37,87,180,0
3,37,87,181,0
3,37,87,182,0
3,37,88,0,0
3,37,88,1,0
3,37,88,2,0
3,37,88,3,0
3,37,88,4,0
3,37,88,5,0
3,37,88,6,0
3,37,88,7,0
3,37,88,8,0
3,37,88,9,0
3,37,88,10,0
3,37,88,11,0
3,37,88,12,0
3,37,88,13,0
3,37,88,14,0
3,37,88,15,0
3,37,88,16,0
3,37,88,17,0
3,37,88,18,0
3,37,88,19,0
3,37,88,20,0
3,37,88,21,0
3,37,88,22,0
3,37,88,23,0
3,37,88,24,0
3,37,88,25,0
3,37,88,26,0
3,37,88,27,0
3,37,88,28,0
3,37,88,29,0
3,37,88,30,0
3,37,88,31,0
3,37,88,32,0
3,37,88,33,0
3,37,88,34,0
3,37,88,35,0
3,37,88,36,0
3,37,88,37,0
3,37,88,38,0
3,37,88,39,0
3,37,88,40,0
3,37,88,41,0
3,37,88,42,0
3,37,88,43,0
3,37,88,44,0
3,37,88,45,0
3,37,88,46,0
3,37,88,47,0
3,37,88,48,0
3,37,88,49,0
3,37,88,50,0
3,37,88,51,0
3,37,88,52,0
3,37,88,53,0
3,37,88,54,0
3,37,88,55,0
3,37,88,56,0
3,37,88,57,0
3,37,88,58,0
3,37,88,59,0
3,37,88,60,0
3,37,88,61,0
3,37,88,62,0
3,37,88,63,0
3,37,88,64,0
3,37,88,65,0
3,37,88,66,0
3,37,88,67,0
3,37,88,68,0
3,37,88,69,0
3,37,88,70,0
3,37,88,71,0
3,37,88,72,0
3,37,88,73,0
3,37,88,74,0
3,37,88,75,0
3,37,88,76,0
3,37,88,77,0
3,37,88,78,0
3,37,88,79,0
3,37,88,80,0
3,37,88,81,0
3,37,88,82,0
3,37,88,83,0
3,37,88,84,0
3,37,88,85,0
3,37,88,86,0
3,37,88,87,0
3,37,88,88,0
3,37,88,89,0
3,37,88,90,0
3,37,88,91,0
3,37,88,92,0
3,37,88,93,0
3,37,88,94,0
3,37,88,95,278256
3,37,88,96,409620561
3,37,88,97,90560339408
3,37,88,98,7279987746806
3,37,88,99,287768169719158
3,37,88,100,6568778921892729
3,37,88,101,96049319364482238
3,37,88,102,969174732771495006
3,37,88,103,7140613716799722710
3,37,88,104,40131320078703718131
3,37,88,105,177980260316365597878
3,37,88,106,639439049203320749419
3,37,88,107,1899392808929061034202
3,37,88,108,4739717086462309581649
3,37,88,109,10062672612676137958686
3,37,88,110,18361909404751468298503
3,37,88,111,29037099632645755100484
3,37,88,112,40063211178961511329817
3,37,88,113,48492900077435487200564
3,37,88,114,51721361023112862085502
3,37,88,115,48778984283819203379164
3,37,88,116,40785890118707166176867
3,37,88,117,30290539943064661435052
3,37,88,118,20004049078416177819218
3,37,88,119,11753086669046827021500
3,37,88,120,6142800286416416697106
3,37,88,121,2854377508831911242848
3,37,88,122,1178135414371004684795
3,37,88,123,431498668159416159156
3,37,88,124,140124217606783399006
3,37,88,125,40337258287889487472
3,37,88,126,10302075363224791860
3,37,88,127,2339676595421993670
3,37,88,128,474315125130917622
3,37,88,129,86275635864510432
3,37,88,130,14162049110615088
3,37,88,131,2109637666697744
3,37,88,132,286538193162914
3,37,88,133,35608564519428
3,37,88,134,4057250666845
3,37,88,135,424004280460
3,37,88,136,40610816077
3,37,88,137,3558323942
3,37,88,138,281934650
3,37,88,139,20257040
3,37,88,140,1302579
3,37,88,141,67092
3,37,88,142,3204
3,37,88,143,112
3,37,88,144,0
3,37,88,145,0
3,37,88,146,0
3,37,88,147,0
3,37,88,148,0
3,37,88,149,0
3,37,88,150,0
3,37,88,151,0
3,37,88,152,0
3,37,88,153,0
3,37,88,154,0
3,37,88,155,0
3,37,88,156,0
3,37,88,157,0
3,37,88,158,0
3,37,88,159,0
3,37,88,160,0
3,37,88,161,0
3,37,88,162,0
3,37,88,163,0
3,37,88,164,0
3,37,88,165,0
3,37,88,166,0
3,37,88,167,0
3,37,88,168,0
3,37,88,169,0
3,37,88,170,0
3,37,88,171,0
3,37,88,172,0
3,37,88,173,0
3,37,88,174,0
3,37,88,175,0
3,37,88,176,0
3,37,88,177,0
3,37,88,178,0
3,37,88,179,0
3,37,88,180,0
3,37,88,181,0
3,37,88,182,0
3,37,89,0,0
3,37,89,1,0
3,37,89,2,0
3,37,89,3,0
3,37,89,4,0
3,37,89,5,0
3,37,89,6,0
3,37,89,7,0
3,37,89,8,0
3,37,89,9,0
3,37,89,10,0
3,37,89,11,0
3,37,89,12,0
3,37,89,13,0
3,37,89,14,0
3,37,89,15,0
3,37,89,16,0
3,37,89,17,0
3,37,89,18,0
3,37,89,19,0
3,37,89,20,0
3,37,89,21,0
3,37,89,22,0
3,37,89,23,0
3,37,89,24,0
3,37,89,25,0
3,37,89,26,0
3,37,89,27,0
3,37,89,28,0
3,37,89,29,0
3,37,89,30,0
3,37,89,31,0
3,37,89,32,0
3,37,89,33,0
3,37,89,34,0
3,37,89,35,0
3,37,89,36,0
3,37,89,37,0
3,37,89,38,0
3,37,89,39,0
3,37,89,40,0
3,37,89,41,0
3,37,89,42,0
3,37,89,43,0
3,37,89,44,0
3,37,89,45,0
3,37,89,46,0
3,37,89,47,0
3,37,89,48,0
3,37,89,49,0
3,37,89,50,0
3,37,89,51,0
3,37,89,52,0
3,37,89,53,0
3,37,89,54,0
3,37,89,55,0
3,37,89,56,0
3,37,89,57,0
3,37,89,58,0
3,37,89,59,0
3,37,89,60,0
3,37,89,61,0
3,37,89,62,0
3,37,89,63,0
3,37,89,64,0
3,37,89,65,0
3,37,89,66,0
3,37,89,67,0
3,37,89,68,0
3,37,89,69,0
3,37,89,70,0
3,37,89,71,0
3,37,89,72,0
3,37,89,73,0
3,37,89,74,0
3,37,89,75,0
3,37,89,76,0
3,37,89,77,0
3,37,89,78,0
3,37,89,79,0
3,37,89,80,0
3,37,89,81,0
3,37,89,82,0
3,37,89,83,0
3,37,89,84,0
3,37,89,85,0
3,37,89,86,0
3,37,89,87,0
3,37,89,88,0
3,37,89,89,0
3,37,89,90,0
3,37,89,91,0
3,37,89,92,0
3,37,89,93,0
3,37,89,94,0
3,37,89,95,0
3,37,89,96,0
3,37,89,97,0
3,37,89,98,46376
3,37,89,99,78036326
3,37,89,100,19384340074
3,37,89,101,1725378739982
3,37,89,102,74489918276676
3,37,89,103,1831995894087834
3,37,89,104,28463020541493392
3,37,89,105,300919323589252778
3,37,89,106,2291611991597890808
3,37,89,107,13145724705301037000
3,37,89,108,58846400028945389190
3,37,89,109,211348124215424395162
3,37,89,110,622390345652838424874
3,37,89,111,1528761411312892302964
3,37,89,112,3174825653215965217530
3,37,89,113,5635371125345711996722
3,37,89,114,8624976261097517591354
3,37,89,115,11463356806393940007566
3,37,89,116,13306765691213179180393
3,37,89,117,13552447872670570611374
3,37,89,118,12152762796545087507428
3,37,89,119,9619782630124291297982
3,37,89,120,6733443686460718014355
3,37,89,121,4171563503624548274476
3,37,89,122,2287975338921760694486
3,37,89,123,1110537509369590534724
3,37,89,124,476632489834691506650
3,37,89,125,180690779442391109972
3,37,89,126,60444185408180299304
3,37,89,127,17832844140672582492
3,37,89,128,4642562077400738925
3,37,89,129,1068681032204517842
3,37,89,130,218348391777040326
3,37,89,131,39812402147916576
3,37,89,132,6519428997478459
3,37,89,133,964849270701792
3,37,89,134,129751633217435
3,37,89,135,15917701510714
3,37,89,136,1785679426287
3,37,89,137,183316639690
3,37,89,138,17179116630
3,37,89,139,1470676044
3,37,89,140,113694754
3,37,89,141,7760370
3,37,89,142,491663
3,37,89,143,23834
3,37,89,144,933
3,37,89,145,32
3,37,89,146,0
3,37,89,147,0
3,37,89,148,0
3,37,89,149,0
3,37,89,150,0
3,37,89,151,0
3,37,89,152,0
3,37,89,153,0
3,37,89,154,0
3,37,89,155,0
3,37,89,156,0
3,37,89,157,0
3,37,89,158,0
3,37,89,159,0
3,37,89,160,0
3,37,89,161,0
3,37,89,162,0
3,37,89,163,0
3,37,89,164,0
3,37,89,165,0
3,37,89,166,0
3,37,89,167,0
3,37,89,168,0
3,37,89,169,0
3,37,89,170,0
3,37,89,171,0
3,37,89,172,0
3,37,89,173,0
3,37,89,174,0
3,37,89,175,0
3,37,89,176,0
3,37,89,177,0
3,37,89,178,0
3,37,89,179,0
3,37,89,180,0
3,37,89,181,0
3,37,89,182,0
3,37,90,0,0
3,37,90,1,0
3,37,90,2,0
3,37,90,3,0
3,37,90,4,0
3,37,90,5,0
3,37,90,6,0
3,37,90,7,0
3,37,90,8,0
3,37,90,9,0
3,37,90,10,0
3,37,90,11,0
3,37,90,12,0
3,37,90,13,0
3,37,90,14,0
3,37,90,15,0
3,37,90,16,0
3,37,90,17,0
3,37,90,18,0
3,37,90,19,0
3,37,90,20,0
3,37,90,21,0
3,37,90,22,0
3,37,90,23,0
3,37,90,24,0
3,37,90,25,0
3,37,90,26,0
3,37,90,27,0
3,37,90,28,0
3,37,90,29,0
3,37,90,30,0
3,37,90,31,0
3,37,90,32,0
3,37,90,33,0
3,37,90,34,0
3,37,90,35,0
3,37,90,36,0
3,37,90,37,0
3,37,90,38,0
3,37,90,39,0
3,37,90,40,0
3,37,90,41,0
3,37,90,42,0
3,37,90,43,0
3,37,90,44,0
3,37,90,45,0
3,37,90,46,0
3,37,90,47,0
3,37,90,48,0
3,37,90,49,0
3,37,90,50,0
3,37,90,51,0
3,37,90,52,0
3,37,90,53,0
3,37,90,54,0
3,37,90,55,0
3,37,90,56,0
3,37,90,57,0
3,37,90,58,0
3,37,90,59,0
3,37,90,60,0
3,37,90,61,0
3,37,90,62,0
3,37,90,63,0
3,37,90,64,0
3,37,90,65,0
3,37,90,66,0
3,37,90,67,0
3,37,90,68,0
3,37,90,69,0
3,37,90,70,0
3,37,90,71,0
3,37,90,72,0
3,37,90,73,0
3,37,90,74,0
3,37,90,75,0
3,37,90,76,0
3,37,90,77,0
3,37,90,78,0
3,37,90,79,0
3,37,90,80,0
3,37,90,81,0
3,37,90,82,0
3,37,90,83,0
3,37,90,84,0
3,37,90,85,0
3,37,90,86,0
3,37,90,87,0
3,37,90,88,0
3,37,90,89,0
3,37,90,90,0
3,37,90,91,0
3,37,90,92,0
3,37,90,93,0
3,37,90,94,0
3,37,90,95,0
3,37,90,96,0
3,37,90,97,0
3,37,90,98,0
3,37,90,99,0
3,37,90,100,0
3,37,90,101,5984
3,37,90,102,11916663
3,37,90,103,3409563368
3,37,90,104,342501643279
3,37,90,105,16404681645310
3,37,90,106,440618815772017
3,37,90,107,7363189985629300
3,37,90,108,82478561850442316
3,37,90,109,655809242708848768
3,37,90,110,3874324037987431300
3,37,90,111,17640735933830947234
3,37,90,112,63746517222711598000
3,37,90,113,187109890661960992566
3,37,90,114,454372374194308856164
3,37,90,115,926260606330883218512
3,37,90,116,1603688877667903238858
3,37,90,117,2380332941659985512428
3,37,90,118,3051786812374157335603
3,37,90,119,3399995264586385108314
3,37,90,120,3307148319236238979820
3,37,90,121,2818542213495767085732
3,37,90,122,2110008632345758674437
3,37,90,123,1389679323026387833402
3,37,90,124,805794218054519255917
3,37,90,125,411332209788584366188
3,37,90,126,184727990536322764847
3,37,90,127,72908802033823836308
3,37,90,128,25259804999709285175
3,37,90,129,7675964474079373972
3,37,90,130,2046190497699995534
3,37,90,131,479296482701674210
3,37,90,132,99017257323191426
3,37,90,133,18143407428147970
3,37,90,134,2969194651345716
3,37,90,135,437079248178322
3,37,90,136,58233962108030
3,37,90,137,7054561148080
3,37,90,138,779088431172
3,37,90,139,78532290712
3,37,90,140,7207034763
3,37,90,141,599245054
3,37,90,142,45380115
3,37,90,143,2976198
3,37,90,144,170758
3,37,90,145,9216
3,37,90,146,224
3,37,90,147,8
3,37,90,148,0
3,37,90,149,0
3,37,90,150,0
3,37,90,151,0
3,37,90,152,0
3,37,90,153,0
3,37,90,154,0
3,37,90,155,0
3,37,90,156,0
3,37,90,157,0
3,37,90,158,0
3,37,90,159,0
3,37,90,160,0
3,37,90,161,0
3,37,90,162,0
3,37,90,163,0
3,37,90,164,0
3,37,90,165,0
3,37,90,166,0
3,37,90,167,0
3,37,90,168,0
3,37,90,169,0
3,37,90,170,0
3,37,90,171,0
3,37,90,172,0
3,37,90,173,0
3,37,90,174,0
3,37,90,175,0
3,37,90,176,0
3,37,90,177,0
3,37,90,178,0
3,37,90,179,0
3,37,90,180,0
3,37,90,181,0
3,37,90,182,0
3,37,91,0,0
3,37,91,1,0
3,37,91,2,0
3,37,91,3,0
3,37,91,4,0
3,37,91,5,0
3,37,91,6,0
3,37,91,7,0
3,37,91,8,0
3,37,91,9,0
3,37,91,10,0
3,37,91,11,0
3,37,91,12,0
3,37,91,13,0
3,37,91,14,0
3,37,91,15,0
3,37,91,16,0
3,37,91,17,0
3,37,91,18,0
3,37,91,19,0
3,37,91,20,0
3,37,91,21,0
3,37,91,22,0
3,37,91,23,0
3,37,91,24,0
3,37,91,25,0
3,37,91,26,0
3,37,91,27,0
3,37,91,28,0
3,37,91,29,0
3,37,91,30,0
3,37,91,31,0
3,37,91,32,0
3,37,91,33,0
3,37,91,34,0
3,37,91,35,0
3,37,91,36,0
3,37,91,37,0
3,37,91,38,0
3,37,91,39,0
3,37,91,40,0
3,37,91,41,0
3,37,91,42,0
3,37,91,43,0
3,37,91,44,0
3,37,91,45,0
3,37,91,46,0
3,37,91,47,0
3,37,91,48,0
3,37,91,49,0
3,37,91,50,0
3,37,91,51,0
3,37,91,52,0
3,37,91,53,0
3,37,91,54,0
3,37,91,55,0
3,37,91,56,0
3,37,91,57,0
3,37,91,58,0
3,37,91,59,0
3,37,91,60,0
3,37,91,61,0
3,37,91,62,0
3,37,91,63,0
3,37,91,64,0
3,37,91,65,0
3,37,91,66,0
3,37,91,67,0
3,37,91,68,0
3,37,91,69,0
3,37,91,70,0
3,37,91,71,0
3,37,91,72,0
3,37,91,73,0
3,37,91,74,0
3,37,91,75,0
3,37,91,76,0
3,37,91,77,0
3,37,91,78,0
3,37,91,79,0
3,37,91,80,0
3,37,91,81,0
3,37,91,82,0
3,37,91,83,0
3,37,91,84,0
3,37,91,85,0
3,37,91,86,0
3,37,91,87,0
3,37,91,88,0
3,37,91,89,0
3,37,91,90,0
3,37,91,91,0
3,37,91,92,0
3,37,91,93,0
3,37,91,94,0
3,37,91,95,0
3,37,91,96,0
3,37,91,97,0
3,37,91,98,0
3,37,91,99,0
3,37,91,100,0
3,37,91,101,0
3,37,91,102,0
3,37,91,103,0
3,37,91,104,561
3,37,91,105,1401346
3,37,91,106,479536219
3,37,91,107,55842227860
3,37,91,108,3029171234364
3,37,91,109,90375535885796
3,37,91,110,1648412910825373
3,37,91,111,19820595322162028
3,37,91,112,166484533647084536
3,37,91,113,1023392061397263268
3,37,91,114,4781852079000261101
3,37,91,115,17515596773394374084
3,37,91,116,51557729886707084653
3,37,91,117,124390764683432673382
3,37,91,118,249885809203144227827
3,37,91,119,423259149199014262706
3,37,91,120,610580402580267181523
3,37,91,121,756190817653313235338
3,37,91,122,809134304207097307705
3,37,91,123,751674913811503460726
3,37,91,124,608446226880599923828
3,37,91,125,430186221203978195330
3,37,91,126,266033041243060244099
3,37,91,127,143963745782690372774
3,37,91,128,68148194713253189193
3,37,91,129,28191840189413025458
3,37,91,130,10179271812754265675
3,37,91,131,3204510758691052892
3,37,91,132,879289467199900293
3,37,91,133,210557576184492642
3,37,91,134,44154107053894253
3,37,91,135,8155300759315374
3,37,91,136,1336716305301300
3,37,91,137,195995889009786
3,37,91,138,25892410866641
3,37,91,139,3098605885084
3,37,91,140,336856482760
3,37,91,141,33316602966
3,37,91,142,2994583296
3,37,91,143,241854506
3,37,91,144,17682353
3,37,91,145,1142900
3,37,91,146,59255
3,37,91,147,2838
3,37,91,148,98
3,37,91,149,0
3,37,91,150,0
3,37,91,151,0
3,37,91,152,0
3,37,91,153,0
3,37,91,154,0
3,37,91,155,0
3,37,91,156,0
3,37,91,157,0
3,37,91,158,0
3,37,91,159,0
3,37,91,160,0
3,37,91,161,0
3,37,91,162,0
3,37,91,163,0
3,37,91,164,0
3,37,91,165,0
3,37,91,166,0
3,37,91,167,0
3,37,91,168,0
3,37,91,169,0
3,37,91,170,0
3,37,91,171,0
3,37,91,172,0
3,37,91,173,0
3,37,91,174,0
3,37,91,175,0
3,37,91,176,0
3,37,91,177,0
3,37,91,178,0
3,37,91,179,0
3,37,91,180,0
3,37,91,181,0
3,37,91,182,0
3,37,92,0,0
3,37,92,1,0
3,37,92,2,0
3,37,92,3,0
3,37,92,4,0
3,37,92,5,0
3,37,92,6,0
3,37,92,7,0
3,37,92,8,0
3,37,92,9,0
3,37,92,10,0
3,37,92,11,0
3,37,92,12,0
3,37,92,13,0
3,37,92,14,0
3,37,92,15,0
3,37,92,16,0
3,37,92,17,0
3,37,92,18,0
3,37,92,19,0
3,37,92,20,0
3,37,92,21,0
3,37,92,22,0
3,37,92,23,0
3,37,92,24,0
3,37,92,25,0
3,37,92,26,0
3,37,92,27,0
3,37,92,28,0
3,37,92,29,0
3,37,92,30,0
3,37,92,31,0
3,37,92,32,0
3,37,92,33,0
3,37,92,34,0
3,37,92,35,0
3,37,92,36,0
3,37,92,37,0
3,37,92,38,0
3,37,92,39,0
3,37,92,40,0
3,37,92,41,0
3,37,92,42,0
3,37,92,43,0
3,37,92,44,0
3,37,92,45,0
3,37,92,46,0
3,37,92,47,0
3,37,92,48,0
3,37,92,49,0
3,37,92,50,0
3,37,92,51,0
3,37,92,52,0
3,37,92,53,0
3,37,92,54,0
3,37,92,55,0
3,37,92,56,0
3,37,92,57,0
3,37,92,58,0
3,37,92,59,0
3,37,92,60,0
3,37,92,61,0
3,37,92,62,0
3,37,92,63,0
3,37,92,64,0
3,37,92,65,0
3,37,92,66,0
3,37,92,67,0
3,37,92,68,0
3,37,92,69,0
3,37,92,70,0
3,37,92,71,0
3,37,92,72,0
3,37,92,73,0
3,37,92,74,0
3,37,92,75,0
3,37,92,76,0
3,37,92,77,0
3,37,92,78,0
3,37,92,79,0
3,37,92,80,0
3,37,92,81,0
3,37,92,82,0
3,37,92,83,0
3,37,92,84,0
3,37,92,85,0
3,37,92,86,0
3,37,92,87,0
3,37,92,88,0
3,37,92,89,0
3,37,92,90,0
3,37,92,91,0
3,37,92,92,0
3,37,92,93,0
3,37,92,94,0
3,37,92,95,0
3,37,92,96,0
3,37,92,97,0
3,37,92,98,0
3,37,92,99,0
3,37,92,100,0
3,37,92,101,0
3,37,92,102,0
3,37,92,103,0
3,37,92,104,0
3,37,92,105,0
3,37,92,106,0
3,37,92,107,34
3,37,92,108,119048
3,37,92,109,51814410
3,37,92,110,7277761197
3,37,92,111,459952598196
3,37,92,112,15580240825038
3,37,92,113,315808911884546
3,37,92,114,4139856227537714
3,37,92,115,37237671762018036
3,37,92,116,241039169903024040
3,37,92,117,1167705103204804010
3,37,92,118,4373066945548155973
3,37,92,119,12999840616319653124
3,37,92,120,31336799203210100050
3,37,92,121,62308312410735511708
3,37,92,122,103590958176149767176
3,37,92,123,145575894631652029914
3,37,92,124,174413037040775774555
3,37,92,125,179350986560258838888
3,37,92,126,159100813117489283372
3,37,92,127,122198924931951453824
3,37,92,128,81452886939800398994
3,37,92,129,47173503270079054490
3,37,92,130,23741259718574298555
3,37,92,131,10375823011116635914
3,37,92,132,3932962916824883494
3,37,92,133,1291293921357248510
3,37,92,134,366962599887042409
3,37,92,135,90327870774840604
3,37,92,136,19316990766817125
3,37,92,137,3609752618758276
3,37,92,138,594191748269845
3,37,92,139,86934320964356
3,37,92,140,11398772587086
3,37,92,141,1348056596664
3,37,92,142,144328029081
3,37,92,143,13985689036
3,37,92,144,1230153465
3,37,92,145,96964596
3,37,92,146,6715576
3,37,92,147,431142
3,37,92,148,20729
3,37,92,149,822
3,37,92,150,28
3,37,92,151,0
3,37,92,152,0
3,37,92,153,0
3,37,92,154,0
3,37,92,155,0
3,37,92,156,0
3,37,92,157,0
3,37,92,158,0
3,37,92,159,0
3,37,92,160,0
3,37,92,161,0
3,37,92,162,0
3,37,92,163,0
3,37,92,164,0
3,37,92,165,0
3,37,92,166,0
3,37,92,167,0
3,37,92,168,0
3,37,92,169,0
3,37,92,170,0
3,37,92,171,0
3,37,92,172,0
3,37,92,173,0
3,37,92,174,0
3,37,92,175,0
3,37,92,176,0
3,37,92,177,0
3,37,92,178,0
3,37,92,179,0
3,37,92,180,0
3,37,92,181,0
3,37,92,182,0
3,37,93,0,0
3,37,93,1,0
3,37,93,2,0
3,37,93,3,0
3,37,93,4,0
3,37,93,5,0
3,37,93,6,0
3,37,93,7,0
3,37,93,8,0
3,37,93,9,0
3,37,93,10,0
3,37,93,11,0
3,37,93,12,0
3,37,93,13,0
3,37,93,14,0
3,37,93,15,0
3,37,93,16,0
3,37,93,17,0
3,37,93,18,0
3,37,93,19,0
3,37,93,20,0
3,37,93,21,0
3,37,93,22,0
3,37,93,23,0
3,37,93,24,0
3,37,93,25,0
3,37,93,26,0
3,37,93,27,0
3,37,93,28,0
3,37,93,29,0
3,37,93,30,0
3,37,93,31,0
3,37,93,32,0
3,37,93,33,0
3,37,93,34,0
3,37,93,35,0
3,37,93,36,0
3,37,93,37,0
3,37,93,38,0
3,37,93,39,0
3,37,93,40,0
3,37,93,41,0
3,37,93,42,0
3,37,93,43,0
3,37,93,44,0
3,37,93,45,0
3,37,93,46,0
3,37,93,47,0
3,37,93,48,0
3,37,93,49,0
3,37,93,50,0
3,37,93,51,0
3,37,93,52,0
3,37,93,53,0
3,37,93,54,0
3,37,93,55,0
3,37,93,56,0
3,37,93,57,0
3,37,93,58,0
3,37,93,59,0
3,37,93,60,0
3,37,93,61,0
3,37,93,62,0
3,37,93,63,0
3,37,93,64,0
3,37,93,65,0
3,37,93,66,0
3,37,93,67,0
3,37,93,68,0
3,37,93,69,0
3,37,93,70,0
3,37,93,71,0
3,37,93,72,0
3,37,93,73,0
3,37,93,74,0
3,37,93,75,0
3,37,93,76,0
3,37,93,77,0
3,37,93,78,0
3,37,93,79,0
3,37,93,80,0
3,37,93,81,0
3,37,93,82,0
3,37,93,83,0
3,37,93,84,0
3,37,93,85,0
3,37,93,86,0
3,37,93,87,0
3,37,93,88,0
3,37,93,89,0
3,37,93,90,0
3,37,93,91,0
3,37,93,92,0
3,37,93,93,0
3,37,93,94,0
3,37,93,95,0
3,37,93,96,0
3,37,93,97,0
3,37,93,98,0
3,37,93,99,0
3,37,93,100,0
3,37,93,101,0
3,37,93,102,0
3,37,93,103,0
3,37,93,104,0
3,37,93,105,0
3,37,93,106,0
3,37,93,107,0
3,37,93,108,0
3,37,93,109,0
3,37,93,110,1
3,37,93,111,6498
3,37,93,112,4035600
3,37,93,113,728591100
3,37,93,114,55897984002
3,37,93,115,2214028188828
3,37,93,116,51026687870444
3,37,93,117,743107342224616
3,37,93,118,7274285564331238
3,37,93,119,50280079896643268
3,37,93,120,255583358920819511
3,37,93,121,988478294375076040
3,37,93,122,2991971484648775202
3,37,93,123,7253066257940823568
3,37,93,124,14346033177453140195
3,37,93,125,23498211904899050878
3,37,93,126,32251442035582399669
3,37,93,127,37437137336073146576
3,37,93,128,37017362940963656609
3,37,93,129,31345234422439300824
3,37,93,130,22814218763222155504
3,37,93,131,14304534425080744664
3,37,93,132,7733424257547704145
3,37,93,133,3604211533857456808
3,37,93,134,1446561490036851032
3,37,93,135,499263737107554264
3,37,93,136,148011466066136418
3,37,93,137,37694772366458740
3,37,93,138,8267086750551795
3,37,93,139,1570088701197624
3,37,93,140,260420732333979
3,37,93,141,38103742721120
3,37,93,142,4965187772200
3,37,93,143,580555987694
3,37,93,144,61214271283
3,37,93,145,5817480772
3,37,93,146,497612555
3,37,93,147,38466724
3,37,93,148,2555393
3,37,93,149,148342
3,37,93,150,8028
3,37,93,151,192
3,37,93,152,7
3,37,93,153,0
3,37,93,154,0
3,37,93,155,0
3,37,93,156,0
3,37,93,157,0
3,37,93,158,0
3,37,93,159,0
3,37,93,160,0
3,37,93,161,0
3,37,93,162,0
3,37,93,163,0
3,37,93,164,0
3,37,93,165,0
3,37,93,166,0
3,37,93,167,0
3,37,93,168,0
3,37,93,169,0
3,37,93,170,0
3,37,93,171,0
3,37,93,172,0
3,37,93,173,0
3,37,93,174,0
3,37,93,175,0
3,37,93,176,0
3,37,93,177,0
3,37,93,178,0
3,37,93,179,0
3,37,93,180,0
3,37,93,181,0
3,37,93,182,0
3,37,94,0,0
3,37,94,1,0
3,37,94,2,0
3,37,94,3,0
3,37,94,4,0
3,37,94,5,0
3,37,94,6,0
3,37,94,7,0
3,37,94,8,0
3,37,94,9,0
3,37,94,10,0
3,37,94,11,0
3,37,94,12,0
3,37,94,13,0
3,37,94,14,0
3,37,94,15,0
3,37,94,16,0
3,37,94,17,0
3,37,94,18,0
3,37,94,19,0
3,37,94,20,0
3,37,94,21,0
3,37,94,22,0
3,37,94,23,0
3,37,94,24,0
3,37,94,25,0
3,37,94,26,0
3,37,94,27,0
3,37,94,28,0
3,37,94,29,0
3,37,94,30,0
3,37,94,31,0
3,37,94,32,0
3,37,94,33,0
3,37,94,34,0
3,37,94,35,0
3,37,94,36,0
3,37,94,37,0
3,37,94,38,0
3,37,94,39,0
3,37,94,40,0
3,37,94,41,0
3,37,94,42,0
3,37,94,43,0
3,37,94,44,0
3,37,94,45,0
3,37,94,46,0
3,37,94,47,0
3,37,94,48,0
3,37,94,49,0
3,37,94,50,0
3,37,94,51,0
3,37,94,52,0
3,37,94,53,0
3,37,94,54,0
3,37,94,55,0
3,37,94,56,0
3,37,94,57,0
3,37,94,58,0
3,37,94,59,0
3,37,94,60,0
3,37,94,61,0
3,37,94,62,0
3,37,94,63,0
3,37,94,64,0
3,37,94,65,0
3,37,94,66,0
3,37,94,67,0
3,37,94,68,0
3,37,94,69,0
3,37,94,70,0
3,37,94,71,0
3,37,94,72,0
3,37,94,73,0
3,37,94,74,0
3,37,94,75,0
3,37,94,76,0
3,37,94,77,0
3,37,94,78,0
3,37,94,79,0
3,37,94,80,0
3,37,94,81,0
3,37,94,82,0
3,37,94,83,0
3,37,94,84,0
3,37,94,85,0
3,37,94,86,0
3,37,94,87,0
3,37,94,88,0
3,37,94,89,0
3,37,94,90,0
3,37,94,91,0
3,37,94,92,0
3,37,94,93,0
3,37,94,94,0
3,37,94,95,0
3,37,94,96,0
3,37,94,97,0
3,37,94,98,0
3,37,94,99,0
3,37,94,100,0
3,37,94,101,0
3,37,94,102,0
3,37,94,103,0
3,37,94,104,0
3,37,94,105,0
3,37,94,106,0
3,37,94,107,0
3,37,94,108,0
3,37,94,109,0
3,37,94,110,0
3,37,94,111,0
3,37,94,112,0
3,37,94,113,0
3,37,94,114,171
3,37,94,115,201552
3,37,94,116,52581816
3,37,94,117,5225545680
3,37,94,118,252422547142
3,37,94,119,6818439205992
3,37,94,120,112954922440936
3,37,94,121,1227010176359472
3,37,94,122,9207380131227394
3,37,94,123,49806029903246282
3,37,94,124,201291881015744116
3,37,94,125,626382566393282196
3,37,94,126,1538738383197177596
3,37,94,127,3045305710059600934
3,37,94,128,4935343934127684885
3,37,94,129,6634905561171630850
3,37,94,130,7474277440920103537
3,37,94,131,7109980542399752218
3,37,94,132,5743446904854010462
3,37,94,133,3954680084285527912
3,37,94,134,2325871872857263949
3,37,94,135,1169114699656372334
3,37,94,136,501956619269090291
3,37,94,137,183830889005641458
3,37,94,138,57342951417751964
3,37,94,139,15227277226983738
3,37,94,140,3448184851851516
3,37,94,141,669285798949770
3,37,94,142,112325608460152
3,37,94,143,16481999110428
3,37,94,144,2138227387708
3,37,94,145,247325538104
3,37,94,146,25675969968
3,37,94,147,2395621542
3,37,94,148,198930788
3,37,94,149,14904826
3,37,94,150,972465
3,37,94,151,50964
3,37,94,152,2458
3,37,94,153,84
3,37,94,154,0
3,37,94,155,0
3,37,94,156,0
3,37,94,157,0
3,37,94,158,0
3,37,94,159,0
3,37,94,160,0
3,37,94,161,0
3,37,94,162,0
3,37,94,163,0
3,37,94,164,0
3,37,94,165,0
3,37,94,166,0
3,37,94,167,0
3,37,94,168,0
3,37,94,169,0
3,37,94,170,0
3,37,94,171,0
3,37,94,172,0
3,37,94,173,0
3,37,94,174,0
3,37,94,175,0
3,37,94,176,0
3,37,94,177,0
3,37,94,178,0
3,37,94,179,0
3,37,94,180,0
3,37,94,181,0
3,37,94,182,0
3,37,95,0,0
3,37,95,1,0
3,37,95,2,0
3,37,95,3,0
3,37,95,4,0
3,37,95,5,0
3,37,95,6,0
3,37,95,7,0
3,37,95,8,0
3,37,95,9,0
3,37,95,10,0
3,37,95,11,0
3,37,95,12,0
3,37,95,13,0
3,37,95,14,0
3,37,95,15,0
3,37,95,16,0
3,37,95,17,0
3,37,95,18,0
3,37,95,19,0
3,37,95,20,0
3,37,95,21,0
3,37,95,22,0
3,37,95,23,0
3,37,95,24,0
3,37,95,25,0
3,37,95,26,0
3,37,95,27,0
3,37,95,28,0
3,37,95,29,0
3,37,95,30,0
3,37,95,31,0
3,37,95,32,0
3,37,95,33,0
3,37,95,34,0
3,37,95,35,0
3,37,95,36,0
3,37,95,37,0
3,37,95,38,0
3,37,95,39,0
3,37,95,40,0
3,37,95,41,0
3,37,95,42,0
3,37,95,43,0
3,37,95,44,0
3,37,95,45,0
3,37,95,46,0
3,37,95,47,0
3,37,95,48,0
3,37,95,49,0
3,37,95,50,0
3,37,95,51,0
3,37,95,52,0
3,37,95,53,0
3,37,95,54,0
3,37,95,55,0
3,37,95,56,0
3,37,95,57,0
3,37,95,58,0
3,37,95,59,0
3,37,95,60,0
3,37,95,61,0
3,37,95,62,0
3,37,95,63,0
3,37,95,64,0
3,37,95,65,0
3,37,95,66,0
3,37,95,67,0
3,37,95,68,0
3,37,95,69,0
3,37,95,70,0
3,37,95,71,0
3,37,95,72,0
3,37,95,73,0
3,37,95,74,0
3,37,95,75,0
3,37,95,76,0
3,37,95,77,0
3,37,95,78,0
3,37,95,79,0
3,37,95,80,0
3,37,95,81,0
3,37,95,82,0
3,37,95,83,0
3,37,95,84,0
3,37,95,85,0
3,37,95,86,0
3,37,95,87,0
3,37,95,88,0
3,37,95,89,0
3,37,95,90,0
3,37,95,91,0
3,37,95,92,0
3,37,95,93,0
3,37,95,94,0
3,37,95,95,0
3,37,95,96,0
3,37,95,97,0
3,37,95,98,0
3,37,95,99,0
3,37,95,100,0
3,37,95,101,0
3,37,95,102,0
3,37,95,103,0
3,37,95,104,0
3,37,95,105,0
3,37,95,106,0
3,37,95,107,0
3,37,95,108,0
3,37,95,109,0
3,37,95,110,0
3,37,95,111,0
3,37,95,112,0
3,37,95,113,0
3,37,95,114,0
3,37,95,115,0
3,37,95,116,0
3,37,95,117,0
3,37,95,118,4845
3,37,95,119,2434128
3,37,95,120,352671426
3,37,95,121,22189398444
3,37,95,122,733280235058
3,37,95,123,14254599480328
3,37,95,124,176059810814118
3,37,95,125,1463216429954940
3,37,95,126,8565488155897420
3,37,95,127,36686000236772428
3,37,95,128,118718197194626075
3,37,95,129,298225158583529372
3,37,95,130,594659450721703462
3,37,95,131,958325655987298596
3,37,95,132,1266137382253368122
3,37,95,133,1386735517021113890
3,37,95,134,1269664218498568889
3,37,95,135,977597984498349032
3,37,95,136,635425622569739532
3,37,95,137,349318033210812204
3,37,95,138,162453542966513385
3,37,95,139,63847938841133422
3,37,95,140,21172734706109290
3,37,95,141,5917358091052628
3,37,95,142,1394977051945525
3,37,95,143,278625904148750
3,37,95,144,47565158707175
3,37,95,145,7024442292956
3,37,95,146,909146568450
3,37,95,147,104198098942
3,37,95,148,10636318770
3,37,95,149,974148694
3,37,95,150,79034905
3,37,95,151,5594990
3,37,95,152,366156
3,37,95,153,17512
3,37,95,154,707
3,37,95,155,24
3,37,95,156,0
3,37,95,157,0
3,37,95,158,0
3,37,95,159,0
3,37,95,160,0
3,37,95,161,0
3,37,95,162,0
3,37,95,163,0
3,37,95,164,0
3,37,95,165,0
3,37,95,166,0
3,37,95,167,0
3,37,95,168,0
3,37,95,169,0
3,37,95,170,0
3,37,95,171,0
3,37,95,172,0
3,37,95,173,0
3,37,95,174,0
3,37,95,175,0
3,37,95,176,0
3,37,95,177,0
3,37,95,178,0
3,37,95,179,0
3,37,95,180,0
3,37,95,181,0
3,37,95,182,0
3,37,96,0,0
3,37,96,1,0
3,37,96,2,0
3,37,96,3,0
3,37,96,4,0
3,37,96,5,0
3,37,96,6,0
3,37,96,7,0
3,37,96,8,0
3,37,96,9,0
3,37,96,10,0
3,37,96,11,0
3,37,96,12,0
3,37,96,13,0
3,37,96,14,0
3,37,96,15,0
3,37,96,16,0
3,37,96,17,0
3,37,96,18,0
3,37,96,19,0
3,37,96,20,0
3,37,96,21,0
3,37,96,22,0
3,37,96,23,0
3,37,96,24,0
3,37,96,25,0
3,37,96,26,0
3,37,96,27,0
3,37,96,28,0
3,37,96,29,0
3,37,96,30,0
3,37,96,31,0
3,37,96,32,0
3,37,96,33,0
3,37,96,34,0
3,37,96,35,0
3,37,96,36,0
3,37,96,37,0
3,37,96,38,0
3,37,96,39,0
3,37,96,40,0
3,37,96,41,0
3,37,96,42,0
3,37,96,43,0
3,37,96,44,0
3,37,96,45,0
3,37,96,46,0
3,37,96,47,0
3,37,96,48,0
3,37,96,49,0
3,37,96,50,0
3,37,96,51,0
3,37,96,52,0
3,37,96,53,0
3,37,96,54,0
3,37,96,55,0
3,37,96,56,0
3,37,96,57,0
3,37,96,58,0
3,37,96,59,0
3,37,96,60,0
3,37,96,61,0
3,37,96,62,0
3,37,96,63,0
3,37,96,64,0
3,37,96,65,0
3,37,96,66,0
3,37,96,67,0
3,37,96,68,0
3,37,96,69,0
3,37,96,70,0
3,37,96,71,0
3,37,96,72,0
3,37,96,73,0
3,37,96,74,0
3,37,96,75,0
3,37,96,76,0
3,37,96,77,0
3,37,96,78,0
3,37,96,79,0
3,37,96,80,0
3,37,96,81,0
3,37,96,82,0
3,37,96,83,0
3,37,96,84,0
3,37,96,85,0
3,37,96,86,0
3,37,96,87,0
3,37,96,88,0
3,37,96,89,0
3,37,96,90,0
3,37,96,91,0
3,37,96,92,0
3,37,96,93,0
3,37,96,94,0
3,37,96,95,0
3,37,96,96,0
3,37,96,97,0
3,37,96,98,0
3,37,96,99,0
3,37,96,100,0
3,37,96,101,0
3,37,96,102,0
3,37,96,103,0
3,37,96,104,0
3,37,96,105,0
3,37,96,106,0
3,37,96,107,0
3,37,96,108,0
3,37,96,109,0
3,37,96,110,0
3,37,96,111,0
3,37,96,112,0
3,37,96,113,0
3,37,96,114,0
3,37,96,115,0
3,37,96,116,0
3,37,96,117,0
3,37,96,118,0
3,37,96,119,0
3,37,96,120,0
3,37,96,121,0
3,37,96,122,54264
3,37,96,123,15290820
3,37,96,124,1411410516
3,37,96,125,60982868996
3,37,96,126,1453025648014
3,37,96,127,21063079315948
3,37,96,128,198761992155625
3,37,96,129,1285036901571464
3,37,96,130,5931932943512330
3,37,96,131,20240003685748022
3,37,96,132,52564440757806739
3,37,96,133,106484887016543052
3,37,96,134,171668575766495306
3,37,96,135,223777566538270996
3,37,96,136,238793144646253576
3,37,96,137,210524045291979306
3,37,96,138,154325819333992886
3,37,96,139,94432026665669046
3,37,96,140,48312227854540535
3,37,96,141,20661427498158554
3,37,96,142,7375720813909634
3,37,96,143,2194282927534714
3,37,96,144,543972178412015
3,37,96,145,112761530955146
3,37,96,146,19712433127839
3,37,96,147,2943470729180
3,37,96,148,381077202982
3,37,96,149,43347842372
3,37,96,150,4356833704
3,37,96,151,389351830
3,37,96,152,31048513
3,37,96,153,2105376
3,37,96,154,124511
3,37,96,155,6788
3,37,96,156,160
3,37,96,157,6
3,37,96,158,0
3,37,96,159,0
3,37,96,160,0
3,37,96,161,0
3,37,96,162,0
3,37,96,163,0
3,37,96,164,0
3,37,96,165,0
3,37,96,166,0
3,37,96,167,0
3,37,96,168,0
3,37,96,169,0
3,37,96,170,0
3,37,96,171,0
3,37,96,172,0
3,37,96,173,0
3,37,96,174,0
3,37,96,175,0
3,37,96,176,0
3,37,96,177,0
3,37,96,178,0
3,37,96,179,0
3,37,96,180,0
3,37,96,181,0
3,37,96,182,0
3,37,97,0,0
3,37,97,1,0
3,37,97,2,0
3,37,97,3,0
3,37,97,4,0
3,37,97,5,0
3,37,97,6,0
3,37,97,7,0
3,37,97,8,0
3,37,97,9,0
3,37,97,10,0
3,37,97,11,0
3,37,97,12,0
3,37,97,13,0
3,37,97,14,0
3,37,97,15,0
3,37,97,16,0
3,37,97,17,0
3,37,97,18,0
3,37,97,19,0
3,37,97,20,0
3,37,97,21,0
3,37,97,22,0
3,37,97,23,0
3,37,97,24,0
3,37,97,25,0
3,37,97,26,0
3,37,97,27,0
3,37,97,28,0
3,37,97,29,0
3,37,97,30,0
3,37,97,31,0
3,37,97,32,0
3,37,97,33,0
3,37,97,34,0
3,37,97,35,0
3,37,97,36,0
3,37,97,37,0
3,37,97,38,0
3,37,97,39,0
3,37,97,40,0
3,37,97,41,0
3,37,97,42,0
3,37,97,43,0
3,37,97,44,0
3,37,97,45,0
3,37,97,46,0
3,37,97,47,0
3,37,97,48,0
3,37,97,49,0
3,37,97,50,0
3,37,97,51,0
3,37,97,52,0
3,37,97,53,0
3,37,97,54,0
3,37,97,55,0
3,37,97,56,0
3,37,97,57,0
3,37,97,58,0
3,37,97,59,0
3,37,97,60,0
3,37,97,61,0
3,37,97,62,0
3,37,97,63,0
3,37,97,64,0
3,37,97,65,0
3,37,97,66,0
3,37,97,67,0
3,37,97,68,0
3,37,97,69,0
3,37,97,70,0
3,37,97,71,0
3,37,97,72,0
3,37,97,73,0
3,37,97,74,0
3,37,97,75,0
3,37,97,76,0
3,37,97,77,0
3,37,97,78,0
3,37,97,79,0
3,37,97,80,0
3,37,97,81,0
3,37,97,82,0
3,37,97,83,0
3,37,97,84,0
3,37,97,85,0
3,37,97,86,0
3,37,97,87,0
3,37,97,88,0
3,37,97,89,0
3,37,97,90,0
3,37,97,91,0
3,37,97,92,0
3,37,97,93,0
3,37,97,94,0
3,37,97,95,0
3,37,97,96,0
3,37,97,97,0
3,37,97,98,0
3,37,97,99,0
3,37,97,100,0
3,37,97,101,0
3,37,97,102,0
3,37,97,103,0
3,37,97,104,0
3,37,97,105,0
3,37,97,106,0
3,37,97,107,0
3,37,97,108,0
3,37,97,109,0
3,37,97,110,0
3,37,97,111,0
3,37,97,112,0
3,37,97,113,0
3,37,97,114,0
3,37,97,115,0
3,37,97,116,0
3,37,97,117,0
3,37,97,118,0
3,37,97,119,0
3,37,97,120,0
3,37,97,121,0
3,37,97,122,0
3,37,97,123,0
3,37,97,124,0
3,37,97,125,0
3,37,97,126,319770
3,37,97,127,57800204
3,37,97,128,3679818198
3,37,97,129,114918645440
3,37,97,130,2043469045942
3,37,97,131,22614533845550
3,37,97,132,165625556714836
3,37,97,133,841195408846742
3,37,97,134,3077575757702164
3,37,97,135,8374374668114686
3,37,97,136,17411871764645136
3,37,97,137,28286521870302620
3,37,97,138,36553418338722230
3,37,97,139,38098482425495144
3,37,97,140,32356410689705400
3,37,97,141,22547787543357238
3,37,97,142,12943691766017444
3,37,97,143,6129131644525380
3,37,97,144,2392273525268864
3,37,97,145,768289334241770
3,37,97,146,202802876215343
3,37,97,147,44097598854624
3,37,97,148,7961091482997
3,37,97,149,1209555669124
3,37,97,150,157166839474
3,37,97,151,17770829326
3,37,97,152,1764282693
3,37,97,153,153205898
3,37,97,154,11918979
3,37,97,155,791118
3,37,97,156,42207
3,37,97,157,2064
3,37,97,158,70
3,37,97,159,0
3,37,97,160,0
3,37,97,161,0
3,37,97,162,0
3,37,97,163,0
3,37,97,164,0
3,37,97,165,0
3,37,97,166,0
3,37,97,167,0
3,37,97,168,0
3,37,97,169,0
3,37,97,170,0
3,37,97,171,0
3,37,97,172,0
3,37,97,173,0
3,37,97,174,0
3,37,97,175,0
3,37,97,176,0
3,37,97,177,0
3,37,97,178,0
3,37,97,179,0
3,37,97,180,0
3,37,97,181,0
3,37,97,182,0
3,37,98,0,0
3,37,98,1,0
3,37,98,2,0
3,37,98,3,0
3,37,98,4,0
3,37,98,5,0
3,37,98,6,0
3,37,98,7,0
3,37,98,8,0
3,37,98,9,0
3,37,98,10,0
3,37,98,11,0
3,37,98,12,0
3,37,98,13,0
3,37,98,14,0
3,37,98,15,0
3,37,98,16,0
3,37,98,17,0
3,37,98,18,0
3,37,98,19,0
3,37,98,20,0
3,37,98,21,0
3,37,98,22,0
3,37,98,23,0
3,37,98,24,0
3,37,98,25,0
3,37,98,26,0
3,37,98,27,0
3,37,98,28,0
3,37,98,29,0
3,37,98,30,0
3,37,98,31,0
3,37,98,32,0
3,37,98,33,0
3,37,98,34,0
3,37,98,35,0
3,37,98,36,0
3,37,98,37,0
3,37,98,38,0
3,37,98,39,0
3,37,98,40,0
3,37,98,41,0
3,37,98,42,0
3,37,98,43,0
3,37,98,44,0
3,37,98,45,0
3,37,98,46,0
3,37,98,47,0
3,37,98,48,0
3,37,98,49,0
3,37,98,50,0
3,37,98,51,0
3,37,98,52,0
3,37,98,53,0
3,37,98,54,0
3,37,98,55,0
3,37,98,56,0
3,37,98,57,0
3,37,98,58,0
3,37,98,59,0
3,37,98,60,0
3,37,98,61,0
3,37,98,62,0
3,37,98,63,0
3,37,98,64,0
3,37,98,65,0
3,37,98,66,0
3,37,98,67,0
3,37,98,68,0
3,37,98,69,0
3,37,98,70,0
3,37,98,71,0
3,37,98,72,0
3,37,98,73,0
3,37,98,74,0
3,37,98,75,0
3,37,98,76,0
3,37,98,77,0
3,37,98,78,0
3,37,98,79,0
3,37,98,80,0
3,37,98,81,0
3,37,98,82,0
3,37,98,83,0
3,37,98,84,0
3,37,98,85,0
3,37,98,86,0
3,37,98,87,0
3,37,98,88,0
3,37,98,89,0
3,37,98,90,0
3,37,98,91,0
3,37,98,92,0
3,37,98,93,0
3,37,98,94,0
3,37,98,95,0
3,37,98,96,0
3,37,98,97,0
3,37,98,98,0
3,37,98,99,0
3,37,98,100,0
3,37,98,101,0
3,37,98,102,0
3,37,98,103,0
3,37,98,104,0
3,37,98,105,0
3,37,98,106,0
3,37,98,107,0
3,37,98,108,0
3,37,98,109,0
3,37,98,110,0
3,37,98,111,0
3,37,98,112,0
3,37,98,113,0
3,37,98,114,0
3,37,98,115,0
3,37,98,116,0
3,37,98,117,0
3,37,98,118,0
3,37,98,119,0
3,37,98,120,0
3,37,98,121,0
3,37,98,122,0
3,37,98,123,0
3,37,98,124,0
3,37,98,125,0
3,37,98,126,0
3,37,98,127,0
3,37,98,128,0
3,37,98,129,0
3,37,98,130,1144066
3,37,98,131,143320268
3,37,98,132,6614558730
3,37,98,133,154374203976
3,37,98,134,2095356604127
3,37,98,135,17966309406980
3,37,98,136,103021951165265
3,37,98,137,412629963681990
3,37,98,138,1196065798125279
3,37,98,139,2584952329921664
3,37,98,140,4270446399231579
3,37,98,141,5503069269547934
3,37,98,142,5619291867514252
3,37,98,143,4599501002475792
3,37,98,144,3040947242715677
3,37,98,145,1630542675644746
3,37,98,146,709702444571435
3,37,98,147,250422725135726
3,37,98,148,71504626973037
3,37,98,149,16531248708300
3,37,98,150,3115527940814
3,37,98,151,485511317172
3,37,98,152,63678818595
3,37,98,153,7161038838
3,37,98,154,703517884
3,37,98,155,59903170
3,37,98,156,4396856
3,37,98,157,296582
3,37,98,158,14183
3,37,98,159,588
3,37,98,160,20
3,37,98,161,0
3,37,98,162,0
3,37,98,163,0
3,37,98,164,0
3,37,98,165,0
3,37,98,166,0
3,37,98,167,0
3,37,98,168,0
3,37,98,169,0
3,37,98,170,0
3,37,98,171,0
3,37,98,172,0
3,37,98,173,0
3,37,98,174,0
3,37,98,175,0
3,37,98,176,0
3,37,98,177,0
3,37,98,178,0
3,37,98,179,0
3,37,98,180,0
3,37,98,181,0
3,37,98,182,0
3,37,99,0,0
3,37,99,1,0
3,37,99,2,0
3,37,99,3,0
3,37,99,4,0
3,37,99,5,0
3,37,99,6,0
3,37,99,7,0
3,37,99,8,0
3,37,99,9,0
3,37,99,10,0
3,37,99,11,0
3,37,99,12,0
3,37,99,13,0
3,37,99,14,0
3,37,99,15,0
3,37,99,16,0
3,37,99,17,0
3,37,99,18,0
3,37,99,19,0
3,37,99,20,0
3,37,99,21,0
3,37,99,22,0
3,37,99,23,0
3,37,99,24,0
3,37,99,25,0
3,37,99,26,0
3,37,99,27,0
3,37,99,28,0
3,37,99,29,0
3,37,99,30,0
3,37,99,31,0
3,37,99,32,0
3,37,99,33,0
3,37,99,34,0
3,37,99,35,0
3,37,99,36,0
3,37,99,37,0
3,37,99,38,0
3,37,99,39,0
3,37,99,40,0
3,37,99,41,0
3,37,99,42,0
3,37,99,43,0
3,37,99,44,0
3,37,99,45,0
3,37,99,46,0
3,37,99,47,0
3,37,99,48,0
3,37,99,49,0
3,37,99,50,0
3,37,99,51,0
3,37,99,52,0
3,37,99,53,0
3,37,99,54,0
3,37,99,55,0
3,37,99,56,0
3,37,99,57,0
3,37,99,58,0
3,37,99,59,0
3,37,99,60,0
3,37,99,61,0
3,37,99,62,0
3,37,99,63,0
3,37,99,64,0
3,37,99,65,0
3,37,99,66,0
3,37,99,67,0
3,37,99,68,0
3,37,99,69,0
3,37,99,70,0
3,37,99,71,0
3,37,99,72,0
3,37,99,73,0
3,37,99,74,0
3,37,99,75,0
3,37,99,76,0
3,37,99,77,0
3,37,99,78,0
3,37,99,79,0
3,37,99,80,0
3,37,99,81,0
3,37,99,82,0
3,37,99,83,0
3,37,99,84,0
3,37,99,85,0
3,37,99,86,0
3,37,99,87,0
3,37,99,88,0
3,37,99,89,0
3,37,99,90,0
3,37,99,91,0
3,37,99,92,0
3,37,99,93,0
3,37,99,94,0
3,37,99,95,0
3,37,99,96,0
3,37,99,97,0
3,37,99,98,0
3,37,99,99,0
3,37,99,100,0
3,37,99,101,0
3,37,99,102,0
3,37,99,103,0
3,37,99,104,0
3,37,99,105,0
3,37,99,106,0
3,37,99,107,0
3,37,99,108,0
3,37,99,109,0
3,37,99,110,0
3,37,99,111,0
3,37,99,112,0
3,37,99,113,0
3,37,99,114,0
3,37,99,115,0
3,37,99,116,0
3,37,99,117,0
3,37,99,118,0
3,37,99,119,0
3,37,99,120,0
3,37,99,121,0
3,37,99,122,0
3,37,99,123,0
3,37,99,124,0
3,37,99,125,0
3,37,99,126,0
3,37,99,127,0
3,37,99,128,0
3,37,99,129,0
3,37,99,130,0
3,37,99,131,0
3,37,99,132,0
3,37,99,133,0
3,37,99,134,2704156
3,37,99,135,246405072
3,37,99,136,8514726063
3,37,99,137,151756422774
3,37,99,138,1594226634385
3,37,99,139,10673080495748
3,37,99,140,48042286809746
3,37,99,141,151456904191076
3,37,99,142,345738686233396
3,37,99,143,587608674215130
3,37,99,144,760787983568242
3,37,99,145,764026628933558
3,37,99,146,603054801176099
3,37,99,147,377322454434072
3,37,99,148,187919693688319
3,37,99,149,74523582601442
3,37,99,150,23488228397105
3,37,99,151,5876844043490
3,37,99,152,1172557010082
3,37,99,153,189343749554
3,37,99,154,25265744755
3,37,99,155,2836240648
3,37,99,156,274648759
3,37,99,157,23121846
3,37,99,158,1625297
3,37,99,159,99232
3,37,99,160,5496
3,37,99,161,128
3,37,99,162,5
3,37,99,163,0
3,37,99,164,0
3,37,99,165,0
3,37,99,166,0
3,37,99,167,0
3,37,99,168,0
3,37,99,169,0
3,37,99,170,0
3,37,99,171,0
3,37,99,172,0
3,37,99,173,0
3,37,99,174,0
3,37,99,175,0
3,37,99,176,0
3,37,99,177,0
3,37,99,178,0
3,37,99,179,0
3,37,99,180,0
3,37,99,181,0
3,37,99,182,0
3,37,100,0,0
3,37,100,1,0
3,37,100,2,0
3,37,100,3,0
3,37,100,4,0
3,37,100,5,0
3,37,100,6,0
3,37,100,7,0
3,37,100,8,0
3,37,100,9,0
3,37,100,10,0
3,37,100,11,0
3,37,100,12,0
3,37,100,13,0
3,37,100,14,0
3,37,100,15,0
3,37,100,16,0
3,37,100,17,0
3,37,100,18,0
3,37,100,19,0
3,37,100,20,0
3,37,100,21,0
3,37,100,22,0
3,37,100,23,0
3,37,100,24,0
3,37,100,25,0
3,37,100,26,0
3,37,100,27,0
3,37,100,28,0
3,37,100,29,0
3,37,100,30,0
3,37,100,31,0
3,37,100,32,0
3,37,100,33,0
3,37,100,34,0
3,37,100,35,0
3,37,100,36,0
3,37,100,37,0
3,37,100,38,0
3,37,100,39,0
3,37,100,40,0
3,37,100,41,0
3,37,100,42,0
3,37,100,43,0
3,37,100,44,0
3,37,100,45,0
3,37,100,46,0
3,37,100,47,0
3,37,100,48,0
3,37,100,49,0
3,37,100,50,0
3,37,100,51,0
3,37,100,52,0
3,37,100,53,0
3,37,100,54,0
3,37,100,55,0
3,37,100,56,0
3,37,100,57,0
3,37,100,58,0
3,37,100,59,0
3,37,100,60,0
3,37,100,61,0
3,37,100,62,0
3,37,100,63,0
3,37,100,64,0
3,37,100,65,0
3,37,100,66,0
3,37,100,67,0
3,37,100,68,0
3,37,100,69,0
3,37,100,70,0
3,37,100,71,0
3,37,100,72,0
3,37,100,73,0
3,37,100,74,0
3,37,100,75,0
3,37,100,76,0
3,37,100,77,0
3,37,100,78,0
3,37,100,79,0
3,37,100,80,0
3,37,100,81,0
3,37,100,82,0
3,37,100,83,0
3,37,100,84,0
3,37,100,85,0
3,37,100,86,0
3,37,100,87,0
3,37,100,88,0
3,37,100,89,0
3,37,100,90,0
3,37,100,91,0
3,37,100,92,0
3,37,100,93,0
3,37,100,94,0
3,37,100,95,0
3,37,100,96,0
3,37,100,97,0
3,37,100,98,0
3,37,100,99,0
3,37,100,100,0
3,37,100,101,0
3,37,100,102,0
3,37,100,103,0
3,37,100,104,0
3,37,100,105,0
3,37,100,106,0
3,37,100,107,0
3,37,100,108,0
3,37,100,109,0
3,37,100,110,0
3,37,100,111,0
3,37,100,112,0
3,37,100,113,0
3,37,100,114,0
3,37,100,115,0
3,37,100,116,0
3,37,100,117,0
3,37,100,118,0
3,37,100,119,0
3,37,100,120,0
3,37,100,121,0
3,37,100,122,0
3,37,100,123,0
3,37,100,124,0
3,37,100,125,0
3,37,100,126,0
3,37,100,127,0
3,37,100,128,0
3,37,100,129,0
3,37,100,130,0
3,37,100,131,0
3,37,100,132,0
3,37,100,133,0
3,37,100,134,0
3,37,100,135,0
3,37,100,136,0
3,37,100,137,0
3,37,100,138,4457400
3,37,100,139,304811870
3,37,100,140,8051821140
3,37,100,141,111025050070
3,37,100,142,908835823115
3,37,100,143,4757352030040
3,37,100,144,16750357890189
3,37,100,145,41224685761750
3,37,100,146,73171899871841
3,37,100,147,96123532737454
3,37,100,148,95417902343310
3,37,100,149,72679973389268
3,37,100,150,42895537611377
3,37,100,151,19699783874360
3,37,100,152,7037300033348
3,37,100,153,1950838443638
3,37,100,154,420185314712
3,37,100,155,71237415786
3,37,100,156,9760450522
3,37,100,157,1104535442
3,37,100,158,104731926
3,37,100,159,8719136
3,37,100,160,598703
3,37,100,161,32972
3,37,100,162,1656
3,37,100,163,56
3,37,100,164,0
3,37,100,165,0
3,37,100,166,0
3,37,100,167,0
3,37,100,168,0
3,37,100,169,0
3,37,100,170,0
3,37,100,171,0
3,37,100,172,0
3,37,100,173,0
3,37,100,174,0
3,37,100,175,0
3,37,100,176,0
3,37,100,177,0
3,37,100,178,0
3,37,100,179,0
3,37,100,180,0
3,37,100,181,0
3,37,100,182,0
3,37,101,0,0
3,37,101,1,0
3,37,101,2,0
3,37,101,3,0
3,37,101,4,0
3,37,101,5,0
3,37,101,6,0
3,37,101,7,0
3,37,101,8,0
3,37,101,9,0
3,37,101,10,0
3,37,101,11,0
3,37,101,12,0
3,37,101,13,0
3,37,101,14,0
3,37,101,15,0
3,37,101,16,0
3,37,101,17,0
3,37,101,18,0
3,37,101,19,0
3,37,101,20,0
3,37,101,21,0
3,37,101,22,0
3,37,101,23,0
3,37,101,24,0
3,37,101,25,0
3,37,101,26,0
3,37,101,27,0
3,37,101,28,0
3,37,101,29,0
3,37,101,30,0
3,37,101,31,0
3,37,101,32,0
3,37,101,33,0
3,37,101,34,0
3,37,101,35,0
3,37,101,36,0
3,37,101,37,0
3,37,101,38,0
3,37,101,39,0
3,37,101,40,0
3,37,101,41,0
3,37,101,42,0
3,37,101,43,0
3,37,101,44,0
3,37,101,45,0
3,37,101,46,0
3,37,101,47,0
3,37,101,48,0
3,37,101,49,0
3,37,101,50,0
3,37,101,51,0
3,37,101,52,0
3,37,101,53,0
3,37,101,54,0
3,37,101,55,0
3,37,101,56,0
3,37,101,57,0
3,37,101,58,0
3,37,101,59,0
3,37,101,60,0
3,37,101,61,0
3,37,101,62,0
3,37,101,63,0
3,37,101,64,0
3,37,101,65,0
3,37,101,66,0
3,37,101,67,0
3,37,101,68,0
3,37,101,69,0
3,37,101,70,0
3,37,101,71,0
3,37,101,72,0
3,37,101,73,0
3,37,101,74,0
3,37,101,75,0
3,37,101,76,0
3,37,101,77,0
3,37,101,78,0
3,37,101,79,0
3,37,101,80,0
3,37,101,81,0
3,37,101,82,0
3,37,101,83,0
3,37,101,84,0
3,37,101,85,0
3,37,101,86,0
3,37,101,87,0
3,37,101,88,0
3,37,101,89,0
3,37,101,90,0
3,37,101,91,0
3,37,101,92,0
3,37,101,93,0
3,37,101,94,0
3,37,101,95,0
3,37,101,96,0
3,37,101,97,0
3,37,101,98,0
3,37,101,99,0
3,37,101,100,0
3,37,101,101,0
3,37,101,102,0
3,37,101,103,0
3,37,101,104,0
3,37,101,105,0
3,37,101,106,0
3,37,101,107,0
3,37,101,108,0
3,37,101,109,0
3,37,101,110,0
3,37,101,111,0
3,37,101,112,0
3,37,101,113,0
3,37,101,114,0
3,37,101,115,0
3,37,101,116,0
3,37,101,117,0
3,37,101,118,0
3,37,101,119,0
3,37,101,120,0
3,37,101,121,0
3,37,101,122,0
3,37,101,123,0
3,37,101,124,0
3,37,101,125,0
3,37,101,126,0
3,37,101,127,0
3,37,101,128,0
3,37,101,129,0
3,37,101,130,0
3,37,101,131,0
3,37,101,132,0
3,37,101,133,0
3,37,101,134,0
3,37,101,135,0
3,37,101,136,0
3,37,101,137,0
3,37,101,138,0
3,37,101,139,0
3,37,101,140,0
3,37,101,141,0
3,37,101,142,5311735
3,37,101,143,278084950
3,37,101,144,5684608930
3,37,101,145,61003122180
3,37,101,146,389219550720
3,37,101,147,1584819463218
3,37,101,148,4319001721566
3,37,101,149,8166290718280
3,37,101,150,11029444118311
3,37,101,151,10896379097602
3,37,101,152,8017766763379
3,37,101,153,4444690577562
3,37,101,154,1864416831098
3,37,101,155,590973271458
3,37,101,156,141243735411
3,37,101,157,25643600036
3,37,101,158,3643628240
3,37,101,159,419855112
3,37,101,160,39570121
3,37,101,161,3119362
3,37,101,162,222297
3,37,101,163,10742
3,37,101,164,465
3,37,101,165,16
3,37,101,166,0
3,37,101,167,0
3,37,101,168,0
3,37,101,169,0
3,37,101,170,0
3,37,101,171,0
3,37,101,172,0
3,37,101,173,0
3,37,101,174,0
3,37,101,175,0
3,37,101,176,0
3,37,101,177,0
3,37,101,178,0
3,37,101,179,0
3,37,101,180,0
3,37,101,181,0
3,37,101,182,0
3,37,102,0,0
3,37,102,1,0
3,37,102,2,0
3,37,102,3,0
3,37,102,4,0
3,37,102,5,0
3,37,102,6,0
3,37,102,7,0
3,37,102,8,0
3,37,102,9,0
3,37,102,10,0
3,37,102,11,0
3,37,102,12,0
3,37,102,13,0
3,37,102,14,0
3,37,102,15,0
3,37,102,16,0
3,37,102,17,0
3,37,102,18,0
3,37,102,19,0
3,37,102,20,0
3,37,102,21,0
3,37,102,22,0
3,37,102,23,0
3,37,102,24,0
3,37,102,25,0
3,37,102,26,0
3,37,102,27,0
3,37,102,28,0
3,37,102,29,0
3,37,102,30,0
3,37,102,31,0
3,37,102,32,0
3,37,102,33,0
3,37,102,34,0
3,37,102,35,0
3,37,102,36,0
3,37,102,37,0
3,37,102,38,0
3,37,102,39,0
3,37,102,40,0
3,37,102,41,0
3,37,102,42,0
3,37,102,43,0
3,37,102,44,0
3,37,102,45,0
3,37,102,46,0
3,37,102,47,0
3,37,102,48,0
3,37,102,49,0
3,37,102,50,0
3,37,102,51,0
3,37,102,52,0
3,37,102,53,0
3,37,102,54,0
3,37,102,55,0
3,37,102,56,0
3,37,102,57,0
3,37,102,58,0
3,37,102,59,0
3,37,102,60,0
3,37,102,61,0
3,37,102,62,0
3,37,102,63,0
3,37,102,64,0
3,37,102,65,0
3,37,102,66,0
3,37,102,67,0
3,37,102,68,0
3,37,102,69,0
3,37,102,70,0
3,37,102,71,0
3,37,102,72,0
3,37,102,73,0
3,37,102,74,0
3,37,102,75,0
3,37,102,76,0
3,37,102,77,0
3,37,102,78,0
3,37,102,79,0
3,37,102,80,0
3,37,102,81,0
3,37,102,82,0
3,37,102,83,0
3,37,102,84,0
3,37,102,85,0
3,37,102,86,0
3,37,102,87,0
3,37,102,88,0
3,37,102,89,0
3,37,102,90,0
3,37,102,91,0
3,37,102,92,0
3,37,102,93,0
3,37,102,94,0
3,37,102,95,0
3,37,102,96,0
3,37,102,97,0
3,37,102,98,0
3,37,102,99,0
3,37,102,100,0
3,37,102,101,0
3,37,102,102,0
3,37,102,103,0
3,37,102,104,0
3,37,102,105,0
3,37,102,106,0
3,37,102,107,0
3,37,102,108,0
3,37,102,109,0
3,37,102,110,0
3,37,102,111,0
3,37,102,112,0
3,37,102,113,0
3,37,102,114,0
3,37,102,115,0
3,37,102,116,0
3,37,102,117,0
3,37,102,118,0
3,37,102,119,0
3,37,102,120,0
3,37,102,121,0
3,37,102,122,0
3,37,102,123,0
3,37,102,124,0
3,37,102,125,0
3,37,102,126,0
3,37,102,127,0
3,37,102,128,0
3,37,102,129,0
3,37,102,130,0
3,37,102,131,0
3,37,102,132,0
3,37,102,133,0
3,37,102,134,0
3,37,102,135,0
3,37,102,136,0
3,37,102,137,0
3,37,102,138,0
3,37,102,139,0
3,37,102,140,0
3,37,102,141,0
3,37,102,142,0
3,37,102,143,0
3,37,102,144,0
3,37,102,145,0
3,37,102,146,4686825
3,37,102,147,190038420
3,37,102,148,3021966090
3,37,102,149,25221432600
3,37,102,150,124601797845
3,37,102,151,389605959084
3,37,102,152,805825281646
3,37,102,153,1139472562268
3,37,102,154,1131291026261
3,37,102,155,805413932044
3,37,102,156,416982804651
3,37,102,157,157733941684
3,37,102,158,43467334423
3,37,102,159,8727972822
3,37,102,160,1305163477
3,37,102,161,154201636
3,37,102,162,14685931
3,37,102,163,1114274
3,37,102,164,72472
3,37,102,165,4152
3,37,102,166,96
3,37,102,167,4
3,37,102,168,0
3,37,102,169,0
3,37,102,170,0
3,37,102,171,0
3,37,102,172,0
3,37,102,173,0
3,37,102,174,0
3,37,102,175,0
3,37,102,176,0
3,37,102,177,0
3,37,102,178,0
3,37,102,179,0
3,37,102,180,0
3,37,102,181,0
3,37,102,182,0
3,37,103,0,0
3,37,103,1,0
3,37,103,2,0
3,37,103,3,0
3,37,103,4,0
3,37,103,5,0
3,37,103,6,0
3,37,103,7,0
3,37,103,8,0
3,37,103,9,0
3,37,103,10,0
3,37,103,11,0
3,37,103,12,0
3,37,103,13,0
3,37,103,14,0
3,37,103,15,0
3,37,103,16,0
3,37,103,17,0
3,37,103,18,0
3,37,103,19,0
3,37,103,20,0
3,37,103,21,0
3,37,103,22,0
3,37,103,23,0
3,37,103,24,0
3,37,103,25,0
3,37,103,26,0
3,37,103,27,0
3,37,103,28,0
3,37,103,29,0
3,37,103,30,0
3,37,103,31,0
3,37,103,32,0
3,37,103,33,0
3,37,103,34,0
3,37,103,35,0
3,37,103,36,0
3,37,103,37,0
3,37,103,38,0
3,37,103,39,0
3,37,103,40,0
3,37,103,41,0
3,37,103,42,0
3,37,103,43,0
3,37,103,44,0
3,37,103,45,0
3,37,103,46,0
3,37,103,47,0
3,37,103,48,0
3,37,103,49,0
3,37,103,50,0
3,37,103,51,0
3,37,103,52,0
3,37,103,53,0
3,37,103,54,0
3,37,103,55,0
3,37,103,56,0
3,37,103,57,0
3,37,103,58,0
3,37,103,59,0
3,37,103,60,0
3,37,103,61,0
3,37,103,62,0
3,37,103,63,0
3,37,103,64,0
3,37,103,65,0
3,37,103,66,0
3,37,103,67,0
3,37,103,68,0
3,37,103,69,0
3,37,103,70,0
3,37,103,71,0
3,37,103,72,0
3,37,103,73,0
3,37,103,74,0
3,37,103,75,0
3,37,103,76,0
3,37,103,77,0
3,37,103,78,0
3,37,103,79,0
3,37,103,80,0
3,37,103,81,0
3,37,103,82,0
3,37,103,83,0
3,37,103,84,0
3,37,103,85,0
3,37,103,86,0
3,37,103,87,0
3,37,103,88,0
3,37,103,89,0
3,37,103,90,0
3,37,103,91,0
3,37,103,92,0
3,37,103,93,0
3,37,103,94,0
3,37,103,95,0
3,37,103,96,0
3,37,103,97,0
3,37,103,98,0
3,37,103,99,0
3,37,103,100,0
3,37,103,101,0
3,37,103,102,0
3,37,103,103,0
3,37,103,104,0
3,37,103,105,0
3,37,103,106,0
3,37,103,107,0
3,37,103,108,0
3,37,103,109,0
3,37,103,110,0
3,37,103,111,0
3,37,103,112,0
3,37,103,113,0
3,37,103,114,0
3,37,103,115,0
3,37,103,116,0
3,37,103,117,0
3,37,103,118,0
3,37,103,119,0
3,37,103,120,0
3,37,103,121,0
3,37,103,122,0
3,37,103,123,0
3,37,103,124,0
3,37,103,125,0
3,37,103,126,0
3,37,103,127,0
3,37,103,128,0
3,37,103,129,0
3,37,103,130,0
3,37,103,131,0
3,37,103,132,0
3,37,103,133,0
3,37,103,134,0
3,37,103,135,0
3,37,103,136,0
3,37,103,137,0
3,37,103,138,0
3,37,103,139,0
3,37,103,140,0
3,37,103,141,0
3,37,103,142,0
3,37,103,143,0
3,37,103,144,0
3,37,103,145,0
3,37,103,146,0
3,37,103,147,0
3,37,103,148,0
3,37,103,149,0
3,37,103,150,3108105
3,37,103,151,98060040
3,37,103,152,1211274675
3,37,103,153,7801210746
3,37,103,154,29398123175
3,37,103,155,68958416244
3,37,103,156,104723421923
3,37,103,157,105994027890
3,37,103,158,73206545840
3,37,103,159,35114877828
3,37,103,160,11770641699
3,37,103,161,2740641348
3,37,103,162,447397276
3,37,103,163,53947762
3,37,103,164,5301477
3,37,103,165,395064
3,37,103,166,23247
3,37,103,167,1234
3,37,103,168,42
3,37,103,169,0
3,37,103,170,0
3,37,103,171,0
3,37,103,172,0
3,37,103,173,0
3,37,103,174,0
3,37,103,175,0
3,37,103,176,0
3,37,103,177,0
3,37,103,178,0
3,37,103,179,0
3,37,103,180,0
3,37,103,181,0
3,37,103,182,0
3,37,104,0,0
3,37,104,1,0
3,37,104,2,0
3,37,104,3,0
3,37,104,4,0
3,37,104,5,0
3,37,104,6,0
3,37,104,7,0
3,37,104,8,0
3,37,104,9,0
3,37,104,10,0
3,37,104,11,0
3,37,104,12,0
3,37,104,13,0
3,37,104,14,0
3,37,104,15,0
3,37,104,16,0
3,37,104,17,0
3,37,104,18,0
3,37,104,19,0
3,37,104,20,0
3,37,104,21,0
3,37,104,22,0
3,37,104,23,0
3,37,104,24,0
3,37,104,25,0
3,37,104,26,0
3,37,104,27,0
3,37,104,28,0
3,37,104,29,0
3,37,104,30,0
3,37,104,31,0
3,37,104,32,0
3,37,104,33,0
3,37,104,34,0
3,37,104,35,0
3,37,104,36,0
3,37,104,37,0
3,37,104,38,0
3,37,104,39,0
3,37,104,40,0
3,37,104,41,0
3,37,104,42,0
3,37,104,43,0
3,37,104,44,0
3,37,104,45,0
3,37,104,46,0
3,37,104,47,0
3,37,104,48,0
3,37,104,49,0
3,37,104,50,0
3,37,104,51,0
3,37,104,52,0
3,37,104,53,0
3,37,104,54,0
3,37,104,55,0
3,37,104,56,0
3,37,104,57,0
3,37,104,58,0
3,37,104,59,0
3,37,104,60,0
3,37,104,61,0
3,37,104,62,0
3,37,104,63,0
3,37,104,64,0
3,37,104,65,0
3,37,104,66,0
3,37,104,67,0
3,37,104,68,0
3,37,104,69,0
3,37,104,70,0
3,37,104,71,0
3,37,104,72,0
3,37,104,73,0
3,37,104,74,0
3,37,104,75,0
3,37,104,76,0
3,37,104,77,0
3,37,104,78,0
3,37,104,79,0
3,37,104,80,0
3,37,104,81,0
3,37,104,82,0
3,37,104,83,0
3,37,104,84,0
3,37,104,85,0
3,37,104,86,0
3,37,104,87,0
3,37,104,88,0
3,37,104,89,0
3,37,104,90,0
3,37,104,91,0
3,37,104,92,0
3,37,104,93,0
3,37,104,94,0
3,37,104,95,0
3,37,104,96,0
3,37,104,97,0
3,37,104,98,0
3,37,104,99,0
3,37,104,100,0
3,37,104,101,0
3,37,104,102,0
3,37,104,103,0
3,37,104,104,0
3,37,104,105,0
3,37,104,106,0
3,37,104,107,0
3,37,104,108,0
3,37,104,109,0
3,37,104,110,0
3,37,104,111,0
3,37,104,112,0
3,37,104,113,0
3,37,104,114,0
3,37,104,115,0
3,37,104,116,0
3,37,104,117,0
3,37,104,118,0
3,37,104,119,0
3,37,104,120,0
3,37,104,121,0
3,37,104,122,0
3,37,104,123,0
3,37,104,124,0
3,37,104,125,0
3,37,104,126,0
3,37,104,127,0
3,37,104,128,0
3,37,104,129,0
3,37,104,130,0
3,37,104,131,0
3,37,104,132,0
3,37,104,133,0
3,37,104,134,0
3,37,104,135,0
3,37,104,136,0
3,37,104,137,0
3,37,104,138,0
3,37,104,139,0
3,37,104,140,0
3,37,104,141,0
3,37,104,142,0
3,37,104,143,0
3,37,104,144,0
3,37,104,145,0
3,37,104,146,0
3,37,104,147,0
3,37,104,148,0
3,37,104,149,0
3,37,104,150,0
3,37,104,151,0
3,37,104,152,0
3,37,104,153,0
3,37,104,154,1560780
3,37,104,155,38239110
3,37,104,156,363730122
3,37,104,157,1777768614
3,37,104,158,4974842645
3,37,104,159,8412700598
3,37,104,160,8872644198
3,37,104,161,5974365532
3,37,104,162,2623673667
3,37,104,163,760346246
3,37,104,164,143538006
3,37,104,165,18324828
3,37,104,166,1762292
3,37,104,167,143178
3,37,104,168,7189
3,37,104,169,338
3,37,104,170,12
3,37,104,171,0
3,37,104,172,0
3,37,104,173,0
3,37,104,174,0
3,37,104,175,0
3,37,104,176,0
3,37,104,177,0
3,37,104,178,0
3,37,104,179,0
3,37,104,180,0
3,37,104,181,0
3,37,104,182,0
3,37,105,0,0
3,37,105,1,0
3,37,105,2,0
3,37,105,3,0
3,37,105,4,0
3,37,105,5,0
3,37,105,6,0
3,37,105,7,0
3,37,105,8,0
3,37,105,9,0
3,37,105,10,0
3,37,105,11,0
3,37,105,12,0
3,37,105,13,0
3,37,105,14,0
3,37,105,15,0
3,37,105,16,0
3,37,105,17,0
3,37,105,18,0
3,37,105,19,0
3,37,105,20,0
3,37,105,21,0
3,37,105,22,0
3,37,105,23,0
3,37,105,24,0
3,37,105,25,0
3,37,105,26,0
3,37,105,27,0
3,37,105,28,0
3,37,105,29,0
3,37,105,30,0
3,37,105,31,0
3,37,105,32,0
3,37,105,33,0
3,37,105,34,0
3,37,105,35,0
3,37,105,36,0
3,37,105,37,0
3,37,105,38,0
3,37,105,39,0
3,37,105,40,0
3,37,105,41,0
3,37,105,42,0
3,37,105,43,0
3,37,105,44,0
3,37,105,45,0
3,37,105,46,0
3,37,105,47,0
3,37,105,48,0
3,37,105,49,0
3,37,105,50,0
3,37,105,51,0
3,37,105,52,0
3,37,105,53,0
3,37,105,54,0
3,37,105,55,0
3,37,105,56,0
3,37,105,57,0
3,37,105,58,0
3,37,105,59,0
3,37,105,60,0
3,37,105,61,0
3,37,105,62,0
3,37,105,63,0
3,37,105,64,0
3,37,105,65,0
3,37,105,66,0
3,37,105,67,0
3,37,105,68,0
3,37,105,69,0
3,37,105,70,0
3,37,105,71,0
3,37,105,72,0
3,37,105,73,0
3,37,105,74,0
3,37,105,75,0
3,37,105,76,0
3,37,105,77,0
3,37,105,78,0
3,37,105,79,0
3,37,105,80,0
3,37,105,81,0
3,37,105,82,0
3,37,105,83,0
3,37,105,84,0
3,37,105,85,0
3,37,105,86,0
3,37,105,87,0
3,37,105,88,0
3,37,105,89,0
3,37,105,90,0
3,37,105,91,0
3,37,105,92,0
3,37,105,93,0
3,37,105,94,0
3,37,105,95,0
3,37,105,96,0
3,37,105,97,0
3,37,105,98,0
3,37,105,99,0
3,37,105,100,0
3,37,105,101,0
3,37,105,102,0
3,37,105,103,0
3,37,105,104,0
3,37,105,105,0
3,37,105,106,0
3,37,105,107,0
3,37,105,108,0
3,37,105,109,0
3,37,105,110,0
3,37,105,111,0
3,37,105,112,0
3,37,105,113,0
3,37,105,114,0
3,37,105,115,0
3,37,105,116,0
3,37,105,117,0
3,37,105,118,0
3,37,105,119,0
3,37,105,120,0
3,37,105,121,0
3,37,105,122,0
3,37,105,123,0
3,37,105,124,0
3,37,105,125,0
3,37,105,126,0
3,37,105,127,0
3,37,105,128,0
3,37,105,129,0
3,37,105,130,0
3,37,105,131,0
3,37,105,132,0
3,37,105,133,0
3,37,105,134,0
3,37,105,135,0
3,37,105,136,0
3,37,105,137,0
3,37,105,138,0
3,37,105,139,0
3,37,105,140,0
3,37,105,141,0
3,37,105,142,0
3,37,105,143,0
3,37,105,144,0
3,37,105,145,0
3,37,105,146,0
3,37,105,147,0
3,37,105,148,0
3,37,105,149,0
3,37,105,150,0
3,37,105,151,0
3,37,105,152,0
3,37,105,153,0
3,37,105,154,0
3,37,105,155,0
3,37,105,156,0
3,37,105,157,0
3,37,105,158,593775
3,37,105,159,11192202
3,37,105,160,80519979
3,37,105,161,289920304
3,37,105,162,575202503
3,37,105,163,654050228
3,37,105,164,433742367
3,37,105,165,171091650
3,37,105,166,41357522
3,37,105,167,5952894
3,37,105,168,572712
3,37,105,169,44198
3,37,105,170,2756
3,37,105,171,64
3,37,105,172,3
3,37,105,173,0
3,37,105,174,0
3,37,105,175,0
3,37,105,176,0
3,37,105,177,0
3,37,105,178,0
3,37,105,179,0
3,37,105,180,0
3,37,105,181,0
3,37,105,182,0
3,37,106,0,0
3,37,106,1,0
3,37,106,2,0
3,37,106,3,0
3,37,106,4,0
3,37,106,5,0
3,37,106,6,0
3,37,106,7,0
3,37,106,8,0
3,37,106,9,0
3,37,106,10,0
3,37,106,11,0
3,37,106,12,0
3,37,106,13,0
3,37,106,14,0
3,37,106,15,0
3,37,106,16,0
3,37,106,17,0
3,37,106,18,0
3,37,106,19,0
3,37,106,20,0
3,37,106,21,0
3,37,106,22,0
3,37,106,23,0
3,37,106,24,0
3,37,106,25,0
3,37,106,26,0
3,37,106,27,0
3,37,106,28,0
3,37,106,29,0
3,37,106,30,0
3,37,106,31,0
3,37,106,32,0
3,37,106,33,0
3,37,106,34,0
3,37,106,35,0
3,37,106,36,0
3,37,106,37,0
3,37,106,38,0
3,37,106,39,0
3,37,106,40,0
3,37,106,41,0
3,37,106,42,0
3,37,106,43,0
3,37,106,44,0
3,37,106,45,0
3,37,106,46,0
3,37,106,47,0
3,37,106,48,0
3,37,106,49,0
3,37,106,50,0
3,37,106,51,0
3,37,106,52,0
3,37,106,53,0
3,37,106,54,0
3,37,106,55,0
3,37,106,56,0
3,37,106,57,0
3,37,106,58,0
3,37,106,59,0
3,37,106,60,0
3,37,106,61,0
3,37,106,62,0
3,37,106,63,0
3,37,106,64,0
3,37,106,65,0
3,37,106,66,0
3,37,106,67,0
3,37,106,68,0
3,37,106,69,0
3,37,106,70,0
3,37,106,71,0
3,37,106,72,0
3,37,106,73,0
3,37,106,74,0
3,37,106,75,0
3,37,106,76,0
3,37,106,77,0
3,37,106,78,0
3,37,106,79,0
3,37,106,80,0
3,37,106,81,0
3,37,106,82,0
3,37,106,83,0
3,37,106,84,0
3,37,106,85,0
3,37,106,86,0
3,37,106,87,0
3,37,106,88,0
3,37,106,89,0
3,37,106,90,0
3,37,106,91,0
3,37,106,92,0
3,37,106,93,0
3,37,106,94,0
3,37,106,95,0
3,37,106,96,0
3,37,106,97,0
3,37,106,98,0
3,37,106,99,0
3,37,106,100,0
3,37,106,101,0
3,37,106,102,0
3,37,106,103,0
3,37,106,104,0
3,37,106,105,0
3,37,106,106,0
3,37,106,107,0
3,37,106,108,0
3,37,106,109,0
3,37,106,110,0
3,37,106,111,0
3,37,106,112,0
3,37,106,113,0
3,37,106,114,0
3,37,106,115,0
3,37,106,116,0
3,37,106,117,0
3,37,106,118,0
3,37,106,119,0
3,37,106,120,0
3,37,106,121,0
3,37,106,122,0
3,37,106,123,0
3,37,106,124,0
3,37,106,125,0
3,37,106,126,0
3,37,106,127,0
3,37,106,128,0
3,37,106,129,0
3,37,106,130,0
3,37,106,131,0
3,37,106,132,0
3,37,106,133,0
3,37,106,134,0
3,37,106,135,0
3,37,106,136,0
3,37,106,137,0
3,37,106,138,0
3,37,106,139,0
3,37,106,140,0
3,37,106,141,0
3,37,106,142,0
3,37,106,143,0
3,37,106,144,0
3,37,106,145,0
3,37,106,146,0
3,37,106,147,0
3,37,106,148,0
3,37,106,149,0
3,37,106,150,0
3,37,106,151,0
3,37,106,152,0
3,37,106,153,0
3,37,106,154,0
3,37,106,155,0
3,37,106,156,0
3,37,106,157,0
3,37,106,158,0
3,37,106,159,0
3,37,106,160,0
3,37,106,161,0
3,37,106,162,169911
3,37,106,163,2418310
3,37,106,164,12748161
3,37,106,165,32107156
3,37,106,166,41507144
3,37,106,167,27705406
3,37,106,168,9498866
3,37,106,169,1814838
3,37,106,170,181069
3,37,106,171,13020
3,37,106,172,798
3,37,106,173,28
3,37,106,174,0
3,37,106,175,0
3,37,106,176,0
3,37,106,177,0
3,37,106,178,0
3,37,106,179,0
3,37,106,180,0
3,37,106,181,0
3,37,106,182,0
3,37,107,0,0
3,37,107,1,0
3,37,107,2,0
3,37,107,3,0
3,37,107,4,0
3,37,107,5,0
3,37,107,6,0
3,37,107,7,0
3,37,107,8,0
3,37,107,9,0
3,37,107,10,0
3,37,107,11,0
3,37,107,12,0
3,37,107,13,0
3,37,107,14,0
3,37,107,15,0
3,37,107,16,0
3,37,107,17,0
3,37,107,18,0
3,37,107,19,0
3,37,107,20,0
3,37,107,21,0
3,37,107,22,0
3,37,107,23,0
3,37,107,24,0
3,37,107,25,0
3,37,107,26,0
3,37,107,27,0
3,37,107,28,0
3,37,107,29,0
3,37,107,30,0
3,37,107,31,0
3,37,107,32,0
3,37,107,33,0
3,37,107,34,0
3,37,107,35,0
3,37,107,36,0
3,37,107,37,0
3,37,107,38,0
3,37,107,39,0
3,37,107,40,0
3,37,107,41,0
3,37,107,42,0
3,37,107,43,0
3,37,107,44,0
3,37,107,45,0
3,37,107,46,0
3,37,107,47,0
3,37,107,48,0
3,37,107,49,0
3,37,107,50,0
3,37,107,51,0
3,37,107,52,0
3,37,107,53,0
3,37,107,54,0
3,37,107,55,0
3,37,107,56,0
3,37,107,57,0
3,37,107,58,0
3,37,107,59,0
3,37,107,60,0
3,37,107,61,0
3,37,107,62,0
3,37,107,63,0
3,37,107,64,0
3,37,107,65,0
3,37,107,66,0
3,37,107,67,0
3,37,107,68,0
3,37,107,69,0
3,37,107,70,0
3,37,107,71,0
3,37,107,72,0
3,37,107,73,0
3,37,107,74,0
3,37,107,75,0
3,37,107,76,0
3,37,107,77,0
3,37,107,78,0
3,37,107,79,0
3,37,107,80,0
3,37,107,81,0
3,37,107,82,0
3,37,107,83,0
3,37,107,84,0
3,37,107,85,0
3,37,107,86,0
3,37,107,87,0
3,37,107,88,0
3,37,107,89,0
3,37,107,90,0
3,37,107,91,0
3,37,107,92,0
3,37,107,93,0
3,37,107,94,0
3,37,107,95,0
3,37,107,96,0
3,37,107,97,0
3,37,107,98,0
3,37,107,99,0
3,37,107,100,0
3,37,107,101,0
3,37,107,102,0
3,37,107,103,0
3,37,107,104,0
3,37,107,105,0
3,37,107,106,0
3,37,107,107,0
3,37,107,108,0
3,37,107,109,0
3,37,107,110,0
3,37,107,111,0
3,37,107,112,0
3,37,107,113,0
3,37,107,114,0
3,37,107,115,0
3,37,107,116,0
3,37,107,117,0
3,37,107,118,0
3,37,107,119,0
3,37,107,120,0
3,37,107,121,0
3,37,107,122,0
3,37,107,123,0
3,37,107,124,0
3,37,107,125,0
3,37,107,126,0
3,37,107,127,0
3,37,107,128,0
3,37,107,129,0
3,37,107,130,0
3,37,107,131,0
3,37,107,132,0
3,37,107,133,0
3,37,107,134,0
3,37,107,135,0
3,37,107,136,0
3,37,107,137,0
3,37,107,138,0
3,37,107,139,0
3,37,107,140,0
3,37,107,141,0
3,37,107,142,0
3,37,107,143,0
3,37,107,144,0
3,37,107,145,0
3,37,107,146,0
3,37,107,147,0
3,37,107,148,0
3,37,107,149,0
3,37,107,150,0
3,37,107,151,0
3,37,107,152,0
3,37,107,153,0
3,37,107,154,0
3,37,107,155,0
3,37,107,156,0
3,37,107,157,0
3,37,107,158,0
3,37,107,159,0
3,37,107,160,0
3,37,107,161,0
3,37,107,162,0
3,37,107,163,0
3,37,107,164,0
3,37,107,165,0
3,37,107,166,35960
3,37,107,167,373984
3,37,107,168,1366353
3,37,107,169,2183250
3,37,107,170,1534467
3,37,107,171,431364
3,37,107,172,59888
3,37,107,173,3524
3,37,107,174,207
3,37,107,175,8
3,37,107,176,0
3,37,107,177,0
3,37,107,178,0
3,37,107,179,0
3,37,107,180,0
3,37,107,181,0
3,37,107,182,0
3,37,108,0,0
3,37,108,1,0
3,37,108,2,0
3,37,108,3,0
3,37,108,4,0
3,37,108,5,0
3,37,108,6,0
3,37,108,7,0
3,37,108,8,0
3,37,108,9,0
3,37,108,10,0
3,37,108,11,0
3,37,108,12,0
3,37,108,13,0
3,37,108,14,0
3,37,108,15,0
3,37,108,16,0
3,37,108,17,0
3,37,108,18,0
3,37,108,19,0
3,37,108,20,0
3,37,108,21,0
3,37,108,22,0
3,37,108,23,0
3,37,108,24,0
3,37,108,25,0
3,37,108,26,0
3,37,108,27,0
3,37,108,28,0
3,37,108,29,0
3,37,108,30,0
3,37,108,31,0
3,37,108,32,0
3,37,108,33,0
3,37,108,34,0
3,37,108,35,0
3,37,108,36,0
3,37,108,37,0
3,37,108,38,0
3,37,108,39,0
3,37,108,40,0
3,37,108,41,0
3,37,108,42,0
3,37,108,43,0
3,37,108,44,0
3,37,108,45,0
3,37,108,46,0
3,37,108,47,0
3,37,108,48,0
3,37,108,49,0
3,37,108,50,0
3,37,108,51,0
3,37,108,52,0
3,37,108,53,0
3,37,108,54,0
3,37,108,55,0
3,37,108,56,0
3,37,108,57,0
3,37,108,58,0
3,37,108,59,0
3,37,108,60,0
3,37,108,61,0
3,37,108,62,0
3,37,108,63,0
3,37,108,64,0
3,37,108,65,0
3,37,108,66,0
3,37,108,67,0
3,37,108,68,0
3,37,108,69,0
3,37,108,70,0
3,37,108,71,0
3,37,108,72,0
3,37,108,73,0
3,37,108,74,0
3,37,108,75,0
3,37,108,76,0
3,37,108,77,0
3,37,108,78,0
3,37,108,79,0
3,37,108,80,0
3,37,108,81,0
3,37,108,82,0
3,37,108,83,0
3,37,108,84,0
3,37,108,85,0
3,37,108,86,0
3,37,108,87,0
3,37,108,88,0
3,37,108,89,0
3,37,108,90,0
3,37,108,91,0
3,37,108,92,0
3,37,108,93,0
3,37,108,94,0
3,37,108,95,0
3,37,108,96,0
3,37,108,97,0
3,37,108,98,0
3,37,108,99,0
3,37,108,100,0
3,37,108,101,0
3,37,108,102,0
3,37,108,103,0
3,37,108,104,0
3,37,108,105,0
3,37,108,106,0
3,37,108,107,0
3,37,108,108,0
3,37,108,109,0
3,37,108,110,0
3,37,108,111,0
3,37,108,112,0
3,37,108,113,0
3,37,108,114,0
3,37,108,115,0
3,37,108,116,0
3,37,108,117,0
3,37,108,118,0
3,37,108,119,0
3,37,108,120,0
3,37,108,121,0
3,37,108,122,0
3,37,108,123,0
3,37,108,124,0
3,37,108,125,0
3,37,108,126,0
3,37,108,127,0
3,37,108,128,0
3,37,108,129,0
3,37,108,130,0
3,37,108,131,0
3,37,108,132,0
3,37,108,133,0
3,37,108,134,0
3,37,108,135,0
3,37,108,136,0
3,37,108,137,0
3,37,108,138,0
3,37,108,139,0
3,37,108,140,0
3,37,108,141,0
3,37,108,142,0
3,37,108,143,0
3,37,108,144,0
3,37,108,145,0
3,37,108,146,0
3,37,108,147,0
3,37,108,148,0
3,37,108,149,0
3,37,108,150,0
3,37,108,151,0
3,37,108,152,0
3,37,108,153,0
3,37,108,154,0
3,37,108,155,0
3,37,108,156,0
3,37,108,157,0
3,37,108,158,0
3,37,108,159,0
3,37,108,160,0
3,37,108,161,0
3,37,108,162,0
3,37,108,163,0
3,37,108,164,0
3,37,108,165,0
3,37,108,166,0
3,37,108,167,0
3,37,108,168,0
3,37,108,169,0
3,37,108,170,5456
3,37,108,171,39138
3,37,108,172,89040
3,37,108,173,71882
3,37,108,174,14957
3,37,108,175,1308
3,37,108,176,32
3,37,108,177,2
3,37,108,178,0
3,37,108,179,0
3,37,108,180,0
3,37,108,181,0
3,37,108,182,0
3,37,109,0,0
3,37,109,1,0
3,37,109,2,0
3,37,109,3,0
3,37,109,4,0
3,37,109,5,0
3,37,109,6,0
3,37,109,7,0
3,37,109,8,0
3,37,109,9,0
3,37,109,10,0
3,37,109,11,0
3,37,109,12,0
3,37,109,13,0
3,37,109,14,0
3,37,109,15,0
3,37,109,16,0
3,37,109,17,0
3,37,109,18,0
3,37,109,19,0
3,37,109,20,0
3,37,109,21,0
3,37,109,22,0
3,37,109,23,0
3,37,109,24,0
3,37,109,25,0
3,37,109,26,0
3,37,109,27,0
3,37,109,28,0
3,37,109,29,0
3,37,109,30,0
3,37,109,31,0
3,37,109,32,0
3,37,109,33,0
3,37,109,34,0
3,37,109,35,0
3,37,109,36,0
3,37,109,37,0
3,37,109,38,0
3,37,109,39,0
3,37,109,40,0
3,37,109,41,0
3,37,109,42,0
3,37,109,43,0
3,37,109,44,0
3,37,109,45,0
3,37,109,46,0
3,37,109,47,0
3,37,109,48,0
3,37,109,49,0
3,37,109,50,0
3,37,109,51,0
3,37,109,52,0
3,37,109,53,0
3,37,109,54,0
3,37,109,55,0
3,37,109,56,0
3,37,109,57,0
3,37,109,58,0
3,37,109,59,0
3,37,109,60,0
3,37,109,61,0
3,37,109,62,0
3,37,109,63,0
3,37,109,64,0
3,37,109,65,0
3,37,109,66,0
3,37,109,67,0
3,37,109,68,0
3,37,109,69,0
3,37,109,70,0
3,37,109,71,0
3,37,109,72,0
3,37,109,73,0
3,37,109,74,0
3,37,109,75,0
3,37,109,76,0
3,37,109,77,0
3,37,109,78,0
3,37,109,79,0
3,37,109,80,0
3,37,109,81,0
3,37,109,82,0
3,37,109,83,0
3,37,109,84,0
3,37,109,85,0
3,37,109,86,0
3,37,109,87,0
3,37,109,88,0
3,37,109,89,0
3,37,109,90,0
3,37,109,91,0
3,37,109,92,0
3,37,109,93,0
3,37,109,94,0
3,37,109,95,0
3,37,109,96,0
3,37,109,97,0
3,37,109,98,0
3,37,109,99,0
3,37,109,100,0
3,37,109,101,0
3,37,109,102,0
3,37,109,103,0
3,37,109,104,0
3,37,109,105,0
3,37,109,106,0
3,37,109,107,0
3,37,109,108,0
3,37,109,109,0
3,37,109,110,0
3,37,109,111,0
3,37,109,112,0
3,37,109,113,0
3,37,109,114,0
3,37,109,115,0
3,37,109,116,0
3,37,109,117,0
3,37,109,118,0
3,37,109,119,0
3,37,109,120,0
3,37,109,121,0
3,37,109,122,0
3,37,109,123,0
3,37,109,124,0
3,37,109,125,0
3,37,109,126,0
3,37,109,127,0
3,37,109,128,0
3,37,109,129,0
3,37,109,130,0
3,37,109,131,0
3,37,109,132,0
3,37,109,133,0
3,37,109,134,0
3,37,109,135,0
3,37,109,136,0
3,37,109,137,0
3,37,109,138,0
3,37,109,139,0
3,37,109,140,0
3,37,109,141,0
3,37,109,142,0
3,37,109,143,0
3,37,109,144,0
3,37,109,145,0
3,37,109,146,0
3,37,109,147,0
3,37,109,148,0
3,37,109,149,0
3,37,109,150,0
3,37,109,151,0
3,37,109,152,0
3,37,109,153,0
3,37,109,154,0
3,37,109,155,0
3,37,109,156,0
3,37,109,157,0
3,37,109,158,0
3,37,109,159,0
3,37,109,160,0
3,37,109,161,0
3,37,109,162,0
3,37,109,163,0
3,37,109,164,0
3,37,109,165,0
3,37,109,166,0
3,37,109,167,0
3,37,109,168,0
3,37,109,169,0
3,37,109,170,0
3,37,109,171,0
3,37,109,172,0
3,37,109,173,0
3,37,109,174,561
3,37,109,175,2482
3,37,109,176,2700
3,37,109,177,348
3,37,109,178,14
3,37,109,179,0
3,37,109,180,0
3,37,109,181,0
3,37,109,182,0
3,37,110,0,0
3,37,110,1,0
3,37,110,2,0
3,37,110,3,0
3,37,110,4,0
3,37,110,5,0
3,37,110,6,0
3,37,110,7,0
3,37,110,8,0
3,37,110,9,0
3,37,110,10,0
3,37,110,11,0
3,37,110,12,0
3,37,110,13,0
3,37,110,14,0
3,37,110,15,0
3,37,110,16,0
3,37,110,17,0
3,37,110,18,0
3,37,110,19,0
3,37,110,20,0
3,37,110,21,0
3,37,110,22,0
3,37,110,23,0
3,37,110,24,0
3,37,110,25,0
3,37,110,26,0
3,37,110,27,0
3,37,110,28,0
3,37,110,29,0
3,37,110,30,0
3,37,110,31,0
3,37,110,32,0
3,37,110,33,0
3,37,110,34,0
3,37,110,35,0
3,37,110,36,0
3,37,110,37,0
3,37,110,38,0
3,37,110,39,0
3,37,110,40,0
3,37,110,41,0
3,37,110,42,0
3,37,110,43,0
3,37,110,44,0
3,37,110,45,0
3,37,110,46,0
3,37,110,47,0
3,37,110,48,0
3,37,110,49,0
3,37,110,50,0
3,37,110,51,0
3,37,110,52,0
3,37,110,53,0
3,37,110,54,0
3,37,110,55,0
3,37,110,56,0
3,37,110,57,0
3,37,110,58,0
3,37,110,59,0
3,37,110,60,0
3,37,110,61,0
3,37,110,62,0
3,37,110,63,0
3,37,110,64,0
3,37,110,65,0
3,37,110,66,0
3,37,110,67,0
3,37,110,68,0
3,37,110,69,0
3,37,110,70,0
3,37,110,71,0
3,37,110,72,0
3,37,110,73,0
3,37,110,74,0
3,37,110,75,0
3,37,110,76,0
3,37,110,77,0
3,37,110,78,0
3,37,110,79,0
3,37,110,80,0
3,37,110,81,0
3,37,110,82,0
3,37,110,83,0
3,37,110,84,0
3,37,110,85,0
3,37,110,86,0
3,37,110,87,0
3,37,110,88,0
3,37,110,89,0
3,37,110,90,0
3,37,110,91,0
3,37,110,92,0
3,37,110,93,0
3,37,110,94,0
3,37,110,95,0
3,37,110,96,0
3,37,110,97,0
3,37,110,98,0
3,37,110,99,0
3,37,110,100,0
3,37,110,101,0
3,37,110,102,0
3,37,110,103,0
3,37,110,104,0
3,37,110,105,0
3,37,110,106,0
3,37,110,107,0
3,37,110,108,0
3,37,110,109,0
3,37,110,110,0
3,37,110,111,0
3,37,110,112,0
3,37,110,113,0
3,37,110,114,0
3,37,110,115,0
3,37,110,116,0
3,37,110,117,0
3,37,110,118,0
3,37,110,119,0
3,37,110,120,0
3,37,110,121,0
3,37,110,122,0
3,37,110,123,0
3,37,110,124,0
3,37,110,125,0
3,37,110,126,0
3,37,110,127,0
3,37,110,128,0
3,37,110,129,0
3,37,110,130,0
3,37,110,131,0
3,37,110,132,0
3,37,110,133,0
3,37,110,134,0
3,37,110,135,0
3,37,110,136,0
3,37,110,137,0
3,37,110,138,0
3,37,110,139,0
3,37,110,140,0
3,37,110,141,0
3,37,110,142,0
3,37,110,143,0
3,37,110,144,0
3,37,110,145,0
3,37,110,146,0
3,37,110,147,0
3,37,110,148,0
3,37,110,149,0
3,37,110,150,0
3,37,110,151,0
3,37,110,152,0
3,37,110,153,0
3,37,110,154,0
3,37,110,155,0
3,37,110,156,0
3,37,110,157,0
3,37,110,158,0
3,37,110,159,0
3,37,110,160,0
3,37,110,161,0
3,37,110,162,0
3,37,110,163,0
3,37,110,164,0
3,37,110,165,0
3,37,110,166,0
3,37,110,167,0
3,37,110,168,0
3,37,110,169,0
3,37,110,170,0
3,37,110,171,0
3,37,110,172,0
3,37,110,173,0
3,37,110,174,0
3,37,110,175,0
3,37,110,176,0
3,37,110,177,0
3,37,110,178,35
3,37,110,179,72
3,37,110,180,4
3,37,110,181,0
3,37,110,182,0
3,37,111,0,0
3,37,111,1,0
3,37,111,2,0
3,37,111,3,0
3,37,111,4,0
3,37,111,5,0
3,37,111,6,0
3,37,111,7,0
3,37,111,8,0
3,37,111,9,0
3,37,111,10,0
3,37,111,11,0
3,37,111,12,0
3,37,111,13,0
3,37,111,14,0
3,37,111,15,0
3,37,111,16,0
3,37,111,17,0
3,37,111,18,0
3,37,111,19,0
3,37,111,20,0
3,37,111,21,0
3,37,111,22,0
3,37,111,23,0
3,37,111,24,0
3,37,111,25,0
3,37,111,26,0
3,37,111,27,0
3,37,111,28,0
3,37,111,29,0
3,37,111,30,0
3,37,111,31,0
3,37,111,32,0
3,37,111,33,0
3,37,111,34,0
3,37,111,35,0
3,37,111,36,0
3,37,111,37,0
3,37,111,38,0
3,37,111,39,0
3,37,111,40,0
3,37,111,41,0
3,37,111,42,0
3,37,111,43,0
3,37,111,44,0
3,37,111,45,0
3,37,111,46,0
3,37,111,47,0
3,37,111,48,0
3,37,111,49,0
3,37,111,50,0
3,37,111,51,0
3,37,111,52,0
3,37,111,53,0
3,37,111,54,0
3,37,111,55,0
3,37,111,56,0
3,37,111,57,0
3,37,111,58,0
3,37,111,59,0
3,37,111,60,0
3,37,111,61,0
3,37,111,62,0
3,37,111,63,0
3,37,111,64,0
3,37,111,65,0
3,37,111,66,0
3,37,111,67,0
3,37,111,68,0
3,37,111,69,0
3,37,111,70,0
3,37,111,71,0
3,37,111,72,0
3,37,111,73,0
3,37,111,74,0
3,37,111,75,0
3,37,111,76,0
3,37,111,77,0
3,37,111,78,0
3,37,111,79,0
3,37,111,80,0
3,37,111,81,0
3,37,111,82,0
3,37,111,83,0
3,37,111,84,0
3,37,111,85,0
3,37,111,86,0
3,37,111,87,0
3,37,111,88,0
3,37,111,89,0
3,37,111,90,0
3,37,111,91,0
3,37,111,92,0
3,37,111,93,0
3,37,111,94,0
3,37,111,95,0
3,37,111,96,0
3,37,111,97,0
3,37,111,98,0
3,37,111,99,0
3,37,111,100,0
3,37,111,101,0
3,37,111,102,0
3,37,111,103,0
3,37,111,104,0
3,37,111,105,0
3,37,111,106,0
3,37,111,107,0
3,37,111,108,0
3,37,111,109,0
3,37,111,110,0
3,37,111,111,0
3,37,111,112,0
3,37,111,113,0
3,37,111,114,0
3,37,111,115,0
3,37,111,116,0
3,37,111,117,0
3,37,111,118,0
3,37,111,119,0
3,37,111,120,0
3,37,111,121,0
3,37,111,122,0
3,37,111,123,0
3,37,111,124,0
3,37,111,125,0
3,37,111,126,0
3,37,111,127,0
3,37,111,128,0
3,37,111,129,0
3,37,111,130,0
3,37,111,131,0
3,37,111,132,0
3,37,111,133,0
3,37,111,134,0
3,37,111,135,0
3,37,111,136,0
3,37,111,137,0
3,37,111,138,0
3,37,111,139,0
3,37,111,140,0
3,37,111,141,0
3,37,111,142,0
3,37,111,143,0
3,37,111,144,0
3,37,111,145,0
3,37,111,146,0
3,37,111,147,0
3,37,111,148,0
3,37,111,149,0
3,37,111,150,0
3,37,111,151,0
3,37,111,152,0
3,37,111,153,0
3,37,111,154,0
3,37,111,155,0
3,37,111,156,0
3,37,111,157,0
3,37,111,158,0
3,37,111,159,0
3,37,111,160,0
3,37,111,161,0
3,37,111,162,0
3,37,111,163,0
3,37,111,164,0
3,37,111,165,0
3,37,111,166,0
3,37,111,167,0
3,37,111,168,0
3,37,111,169,0
3,37,111,170,0
3,37,111,171,0
3,37,111,172,0
3,37,111,173,0
3,37,111,174,0
3,37,111,175,0
3,37,111,176,0
3,37,111,177,0
3,37,111,178,0
3,37,111,179,0
3,37,111,180,0
3,37,111,181,0
3,37,111,182,1
.DONE.
