r,c,o,a,count
4,33,0,0,1
4,33,0,1,0
4,33,0,2,0
4,33,0,3,0
4,33,0,4,0
4,33,0,5,0
4,33,0,6,0
4,33,0,7,0
4,33,0,8,0
4,33,0,9,0
4,33,0,10,0
4,33,0,11,0
4,33,0,12,0
4,33,0,13,0
4,33,0,14,0
4,33,0,15,0
4,33,0,16,0
4,33,0,17,0
4,33,0,18,0
4,33,0,19,0
4,33,0,20,0
4,33,0,21,0
4,33,0,22,0
4,33,0,23,0
4,33,0,24,0
4,33,0,25,0
4,33,0,26,0
4,33,0,27,0
4,33,0,28,0
4,33,0,29,0
4,33,0,30,0
4,33,0,31,0
4,33,0,32,0
4,33,0,33,0
4,33,0,34,0
4,33,0,35,0
4,33,0,36,0
4,33,0,37,0
4,33,0,38,0
4,33,0,39,0
4,33,0,40,0
4,33,0,41,0
4,33,0,42,0
4,33,0,43,0
4,33,0,44,0
4,33,0,45,0
4,33,0,46,0
4,33,0,47,0
4,33,0,48,0
4,33,0,49,0
4,33,0,50,0
4,33,0,51,0
4,33,0,52,0
4,33,0,53,0
4,33,0,54,0
4,33,0,55,0
4,33,0,56,0
4,33,0,57,0
4,33,0,58,0
4,33,0,59,0
4,33,0,60,0
4,33,0,61,0
4,33,0,62,0
4,33,0,63,0
4,33,0,64,0
4,33,0,65,0
4,33,0,66,0
4,33,0,67,0
4,33,0,68,0
4,33,0,69,0
4,33,0,70,0
4,33,0,71,0
4,33,0,72,0
4,33,0,73,0
4,33,0,74,0
4,33,0,75,0
4,33,0,76,0
4,33,0,77,0
4,33,0,78,0
4,33,0,79,0
4,33,0,80,0
4,33,0,81,0
4,33,0,82,0
4,33,0,83,0
4,33,0,84,0
4,33,0,85,0
4,33,0,86,0
4,33,0,87,0
4,33,0,88,0
4,33,0,89,0
4,33,0,90,0
4,33,0,91,0
4,33,0,92,0
4,33,0,93,0
4,33,0,94,0
4,33,0,95,0
4,33,0,96,0
4,33,0,97,0
4,33,0,98,0
4,33,0,99,0
4,33,0,100,0
4,33,0,101,0
4,33,0,102,0
4,33,0,103,0
4,33,0,104,0
4,33,0,105,0
4,33,0,106,0
4,33,0,107,0
4,33,0,108,0
4,33,0,109,0
4,33,0,110,0
4,33,0,111,0
4,33,0,112,0
4,33,0,113,0
4,33,0,114,0
4,33,0,115,0
4,33,0,116,0
4,33,0,117,0
4,33,0,118,0
4,33,0,119,0
4,33,0,120,0
4,33,0,121,0
4,33,0,122,0
4,33,0,123,0
4,33,0,124,0
4,33,0,125,0
4,33,0,126,0
4,33,0,127,0
4,33,0,128,0
4,33,0,129,0
4,33,0,130,0
4,33,0,131,0
4,33,0,132,0
4,33,0,133,0
4,33,0,134,0
4,33,0,135,0
4,33,0,136,0
4,33,0,137,0
4,33,0,138,0
4,33,0,139,0
4,33,0,140,0
4,33,0,141,0
4,33,0,142,0
4,33,0,143,0
4,33,0,144,0
4,33,0,145,0
4,33,0,146,0
4,33,0,147,0
4,33,0,148,0
4,33,0,149,0
4,33,0,150,0
4,33,0,151,0
4,33,0,152,0
4,33,0,153,0
4,33,0,154,0
4,33,0,155,0
4,33,0,156,0
4,33,0,157,0
4,33,0,158,0
4,33,0,159,0
4,33,0,160,0
4,33,0,161,0
4,33,0,162,0
4,33,0,163,0
4,33,0,164,0
4,33,0,165,0
4,33,0,166,0
4,33,0,167,0
4,33,0,168,0
4,33,0,169,0
4,33,0,170,0
4,33,0,171,0
4,33,0,172,0
4,33,0,173,0
4,33,0,174,0
4,33,0,175,0
4,33,0,176,0
4,33,0,177,0
4,33,0,178,0
4,33,0,179,0
4,33,0,180,0
4,33,0,181,0
4,33,0,182,0
4,33,0,183,0
4,33,0,184,0
4,33,0,185,0
4,33,0,186,0
4,33,0,187,0
4,33,0,188,0
4,33,0,189,0
4,33,0,190,0
4,33,0,191,0
4,33,0,192,0
4,33,0,193,0
4,33,0,194,0
4,33,0,195,0
4,33,0,196,0
4,33,0,197,0
4,33,0,198,0
4,33,0,199,0
4,33,0,200,0
4,33,0,201,0
4,33,0,202,0
4,33,0,203,0
4,33,0,204,0
4,33,0,205,0
4,33,0,206,0
4,33,0,207,0
4,33,0,208,0
4,33,0,209,0
4,33,0,210,0
4,33,0,211,0
4,33,0,212,0
4,33,0,213,0
4,33,0,214,0
4,33,0,215,0
4,33,0,216,0
4,33,0,217,0
4,33,0,218,0
4,33,0,219,0
4,33,0,220,0
4,33,0,221,0
4,33,0,222,0
4,33,0,223,0
4,33,0,224,0
4,33,0,225,0
4,33,0,226,0
4,33,0,227,0
4,33,1,0,132
4,33,1,1,0
4,33,1,2,0
4,33,1,3,0
4,33,1,4,0
4,33,1,5,0
4,33,1,6,0
4,33,1,7,0
4,33,1,8,0
4,33,1,9,0
4,33,1,10,0
4,33,1,11,0
4,33,1,12,0
4,33,1,13,0
4,33,1,14,0
4,33,1,15,0
4,33,1,16,0
4,33,1,17,0
4,33,1,18,0
4,33,1,19,0
4,33,1,20,0
4,33,1,21,0
4,33,1,22,0
4,33,1,23,0
4,33,1,24,0
4,33,1,25,0
4,33,1,26,0
4,33,1,27,0
4,33,1,28,0
4,33,1,29,0
4,33,1,30,0
4,33,1,31,0
4,33,1,32,0
4,33,1,33,0
4,33,1,34,0
4,33,1,35,0
4,33,1,36,0
4,33,1,37,0
4,33,1,38,0
4,33,1,39,0
4,33,1,40,0
4,33,1,41,0
4,33,1,42,0
4,33,1,43,0
4,33,1,44,0
4,33,1,45,0
4,33,1,46,0
4,33,1,47,0
4,33,1,48,0
4,33,1,49,0
4,33,1,50,0
4,33,1,51,0
4,33,1,52,0
4,33,1,53,0
4,33,1,54,0
4,33,1,55,0
4,33,1,56,0
4,33,1,57,0
4,33,1,58,0
4,33,1,59,0
4,33,1,60,0
4,33,1,61,0
4,33,1,62,0
4,33,1,63,0
4,33,1,64,0
4,33,1,65,0
4,33,1,66,0
4,33,1,67,0
4,33,1,68,0
4,33,1,69,0
4,33,1,70,0
4,33,1,71,0
4,33,1,72,0
4,33,1,73,0
4,33,1,74,0
4,33,1,75,0
4,33,1,76,0
4,33,1,77,0
4,33,1,78,0
4,33,1,79,0
4,33,1,80,0
4,33,1,81,0
4,33,1,82,0
4,33,1,83,0
4,33,1,84,0
4,33,1,85,0
4,33,1,86,0
4,33,1,87,0
4,33,1,88,0
4,33,1,89,0
4,33,1,90,0
4,33,1,91,0
4,33,1,92,0
4,33,1,93,0
4,33,1,94,0
4,33,1,95,0
4,33,1,96,0
4,33,1,97,0
4,33,1,98,0
4,33,1,99,0
4,33,1,100,0
4,33,1,101,0
4,33,1,102,0
4,33,1,103,0
4,33,1,104,0
4,33,1,105,0
4,33,1,106,0
4,33,1,107,0
4,33,1,108,0
4,33,1,109,0
4,33,1,110,0
4,33,1,111,0
4,33,1,112,0
4,33,1,113,0
4,33,1,114,0
4,33,1,115,0
4,33,1,116,0
4,33,1,117,0
4,33,1,118,0
4,33,1,119,0
4,33,1,120,0
4,33,1,121,0
4,33,1,122,0
4,33,1,123,0
4,33,1,124,0
4,33,1,125,0
4,33,1,126,0
4,33,1,127,0
4,33,1,128,0
4,33,1,129,0
4,33,1,130,0
4,33,1,131,0
4,33,1,132,0
4,33,1,133,0
4,33,1,134,0
4,33,1,135,0
4,33,1,136,0
4,33,1,137,0
4,33,1,138,0
4,33,1,139,0
4,33,1,140,0
4,33,1,141,0
4,33,1,142,0
4,33,1,143,0
4,33,1,144,0
4,33,1,145,0
4,33,1,146,0
4,33,1,147,0
4,33,1,148,0
4,33,1,149,0
4,33,1,150,0
4,33,1,151,0
4,33,1,152,0
4,33,1,153,0
4,33,1,154,0
4,33,1,155,0
4,33,1,156,0
4,33,1,157,0
4,33,1,158,0
4,33,1,159,0
4,33,1,160,0
4,33,1,161,0
4,33,1,162,0
4,33,1,163,0
4,33,1,164,0
4,33,1,165,0
4,33,1,166,0
4,33,1,167,0
4,33,1,168,0
4,33,1,169,0
4,33,1,170,0
4,33,1,171,0
4,33,1,172,0
4,33,1,173,0
4,33,1,174,0
4,33,1,175,0
4,33,1,176,0
4,33,1,177,0
4,33,1,178,0
4,33,1,179,0
4,33,1,180,0
4,33,1,181,0
4,33,1,182,0
4,33,1,183,0
4,33,1,184,0
4,33,1,185,0
4,33,1,186,0
4,33,1,187,0
4,33,1,188,0
4,33,1,189,0
4,33,1,190,0
4,33,1,191,0
4,33,1,192,0
4,33,1,193,0
4,33,1,194,0
4,33,1,195,0
4,33,1,196,0
4,33,1,197,0
4,33,1,198,0
4,33,1,199,0
4,33,1,200,0
4,33,1,201,0
4,33,1,202,0
4,33,1,203,0
4,33,1,204,0
4,33,1,205,0
4,33,1,206,0
4,33,1,207,0
4,33,1,208,0
4,33,1,209,0
4,33,1,210,0
4,33,1,211,0
4,33,1,212,0
4,33,1,213,0
4,33,1,214,0
4,33,1,215,0
4,33,1,216,0
4,33,1,217,0
4,33,1,218,0
4,33,1,219,0
4,33,1,220,0
4,33,1,221,0
4,33,1,222,0
4,33,1,223,0
4,33,1,224,0
4,33,1,225,0
4,33,1,226,0
4,33,1,227,0
4,33,2,0,8419
4,33,2,1,227
4,33,2,2,0
4,33,2,3,0
4,33,2,4,0
4,33,2,5,0
4,33,2,6,0
4,33,2,7,0
4,33,2,8,0
4,33,2,9,0
4,33,2,10,0
4,33,2,11,0
4,33,2,12,0
4,33,2,13,0
4,33,2,14,0
4,33,2,15,0
4,33,2,16,0
4,33,2,17,0
4,33,2,18,0
4,33,2,19,0
4,33,2,20,0
4,33,2,21,0
4,33,2,22,0
4,33,2,23,0
4,33,2,24,0
4,33,2,25,0
4,33,2,26,0
4,33,2,27,0
4,33,2,28,0
4,33,2,29,0
4,33,2,30,0
4,33,2,31,0
4,33,2,32,0
4,33,2,33,0
4,33,2,34,0
4,33,2,35,0
4,33,2,36,0
4,33,2,37,0
4,33,2,38,0
4,33,2,39,0
4,33,2,40,0
4,33,2,41,0
4,33,2,42,0
4,33,2,43,0
4,33,2,44,0
4,33,2,45,0
4,33,2,46,0
4,33,2,47,0
4,33,2,48,0
4,33,2,49,0
4,33,2,50,0
4,33,2,51,0
4,33,2,52,0
4,33,2,53,0
4,33,2,54,0
4,33,2,55,0
4,33,2,56,0
4,33,2,57,0
4,33,2,58,0
4,33,2,59,0
4,33,2,60,0
4,33,2,61,0
4,33,2,62,0
4,33,2,63,0
4,33,2,64,0
4,33,2,65,0
4,33,2,66,0
4,33,2,67,0
4,33,2,68,0
4,33,2,69,0
4,33,2,70,0
4,33,2,71,0
4,33,2,72,0
4,33,2,73,0
4,33,2,74,0
4,33,2,75,0
4,33,2,76,0
4,33,2,77,0
4,33,2,78,0
4,33,2,79,0
4,33,2,80,0
4,33,2,81,0
4,33,2,82,0
4,33,2,83,0
4,33,2,84,0
4,33,2,85,0
4,33,2,86,0
4,33,2,87,0
4,33,2,88,0
4,33,2,89,0
4,33,2,90,0
4,33,2,91,0
4,33,2,92,0
4,33,2,93,0
4,33,2,94,0
4,33,2,95,0
4,33,2,96,0
4,33,2,97,0
4,33,2,98,0
4,33,2,99,0
4,33,2,100,0
4,33,2,101,0
4,33,2,102,0
4,33,2,103,0
4,33,2,104,0
4,33,2,105,0
4,33,2,106,0
4,33,2,107,0
4,33,2,108,0
4,33,2,109,0
4,33,2,110,0
4,33,2,111,0
4,33,2,112,0
4,33,2,113,0
4,33,2,114,0
4,33,2,115,0
4,33,2,116,0
4,33,2,117,0
4,33,2,118,0
4,33,2,119,0
4,33,2,120,0
4,33,2,121,0
4,33,2,122,0
4,33,2,123,0
4,33,2,124,0
4,33,2,125,0
4,33,2,126,0
4,33,2,127,0
4,33,2,128,0
4,33,2,129,0
4,33,2,130,0
4,33,2,131,0
4,33,2,132,0
4,33,2,133,0
4,33,2,134,0
4,33,2,135,0
4,33,2,136,0
4,33,2,137,0
4,33,2,138,0
4,33,2,139,0
4,33,2,140,0
4,33,2,141,0
4,33,2,142,0
4,33,2,143,0
4,33,2,144,0
4,33,2,145,0
4,33,2,146,0
4,33,2,147,0
4,33,2,148,0
4,33,2,149,0
4,33,2,150,0
4,33,2,151,0
4,33,2,152,0
4,33,2,153,0
4,33,2,154,0
4,33,2,155,0
4,33,2,156,0
4,33,2,157,0
4,33,2,158,0
4,33,2,159,0
4,33,2,160,0
4,33,2,161,0
4,33,2,162,0
4,33,2,163,0
4,33,2,164,0
4,33,2,165,0
4,33,2,166,0
4,33,2,167,0
4,33,2,168,0
4,33,2,169,0
4,33,2,170,0
4,33,2,171,0
4,33,2,172,0
4,33,2,173,0
4,33,2,174,0
4,33,2,175,0
4,33,2,176,0
4,33,2,177,0
4,33,2,178,0
4,33,2,179,0
4,33,2,180,0
4,33,2,181,0
4,33,2,182,0
4,33,2,183,0
4,33,2,184,0
4,33,2,185,0
4,33,2,186,0
4,33,2,187,0
4,33,2,188,0
4,33,2,189,0
4,33,2,190,0
4,33,2,191,0
4,33,2,192,0
4,33,2,193,0
4,33,2,194,0
4,33,2,195,0
4,33,2,196,0
4,33,2,197,0
4,33,2,198,0
4,33,2,199,0
4,33,2,200,0
4,33,2,201,0
4,33,2,202,0
4,33,2,203,0
4,33,2,204,0
4,33,2,205,0
4,33,2,206,0
4,33,2,207,0
4,33,2,208,0
4,33,2,209,0
4,33,2,210,0
4,33,2,211,0
4,33,2,212,0
4,33,2,213,0
4,33,2,214,0
4,33,2,215,0
4,33,2,216,0
4,33,2,217,0
4,33,2,218,0
4,33,2,219,0
4,33,2,220,0
4,33,2,221,0
4,33,2,222,0
4,33,2,223,0
4,33,2,224,0
4,33,2,225,0
4,33,2,226,0
4,33,2,227,0
4,33,3,0,345724
4,33,3,1,28362
4,33,3,2,574
4,33,3,3,0
4,33,3,4,0
4,33,3,5,0
4,33,3,6,0
4,33,3,7,0
4,33,3,8,0
4,33,3,9,0
4,33,3,10,0
4,33,3,11,0
4,33,3,12,0
4,33,3,13,0
4,33,3,14,0
4,33,3,15,0
4,33,3,16,0
4,33,3,17,0
4,33,3,18,0
4,33,3,19,0
4,33,3,20,0
4,33,3,21,0
4,33,3,22,0
4,33,3,23,0
4,33,3,24,0
4,33,3,25,0
4,33,3,26,0
4,33,3,27,0
4,33,3,28,0
4,33,3,29,0
4,33,3,30,0
4,33,3,31,0
4,33,3,32,0
4,33,3,33,0
4,33,3,34,0
4,33,3,35,0
4,33,3,36,0
4,33,3,37,0
4,33,3,38,0
4,33,3,39,0
4,33,3,40,0
4,33,3,41,0
4,33,3,42,0
4,33,3,43,0
4,33,3,44,0
4,33,3,45,0
4,33,3,46,0
4,33,3,47,0
4,33,3,48,0
4,33,3,49,0
4,33,3,50,0
4,33,3,51,0
4,33,3,52,0
4,33,3,53,0
4,33,3,54,0
4,33,3,55,0
4,33,3,56,0
4,33,3,57,0
4,33,3,58,0
4,33,3,59,0
4,33,3,60,0
4,33,3,61,0
4,33,3,62,0
4,33,3,63,0
4,33,3,64,0
4,33,3,65,0
4,33,3,66,0
4,33,3,67,0
4,33,3,68,0
4,33,3,69,0
4,33,3,70,0
4,33,3,71,0
4,33,3,72,0
4,33,3,73,0
4,33,3,74,0
4,33,3,75,0
4,33,3,76,0
4,33,3,77,0
4,33,3,78,0
4,33,3,79,0
4,33,3,80,0
4,33,3,81,0
4,33,3,82,0
4,33,3,83,0
4,33,3,84,0
4,33,3,85,0
4,33,3,86,0
4,33,3,87,0
4,33,3,88,0
4,33,3,89,0
4,33,3,90,0
4,33,3,91,0
4,33,3,92,0
4,33,3,93,0
4,33,3,94,0
4,33,3,95,0
4,33,3,96,0
4,33,3,97,0
4,33,3,98,0
4,33,3,99,0
4,33,3,100,0
4,33,3,101,0
4,33,3,102,0
4,33,3,103,0
4,33,3,104,0
4,33,3,105,0
4,33,3,106,0
4,33,3,107,0
4,33,3,108,0
4,33,3,109,0
4,33,3,110,0
4,33,3,111,0
4,33,3,112,0
4,33,3,113,0
4,33,3,114,0
4,33,3,115,0
4,33,3,116,0
4,33,3,117,0
4,33,3,118,0
4,33,3,119,0
4,33,3,120,0
4,33,3,121,0
4,33,3,122,0
4,33,3,123,0
4,33,3,124,0
4,33,3,125,0
4,33,3,126,0
4,33,3,127,0
4,33,3,128,0
4,33,3,129,0
4,33,3,130,0
4,33,3,131,0
4,33,3,132,0
4,33,3,133,0
4,33,3,134,0
4,33,3,135,0
4,33,3,136,0
4,33,3,137,0
4,33,3,138,0
4,33,3,139,0
4,33,3,140,0
4,33,3,141,0
4,33,3,142,0
4,33,3,143,0
4,33,3,144,0
4,33,3,145,0
4,33,3,146,0
4,33,3,147,0
4,33,3,148,0
4,33,3,149,0
4,33,3,150,0
4,33,3,151,0
4,33,3,152,0
4,33,3,153,0
4,33,3,154,0
4,33,3,155,0
4,33,3,156,0
4,33,3,157,0
4,33,3,158,0
4,33,3,159,0
4,33,3,160,0
4,33,3,161,0
4,33,3,162,0
4,33,3,163,0
4,33,3,164,0
4,33,3,165,0
4,33,3,166,0
4,33,3,167,0
4,33,3,168,0
4,33,3,169,0
4,33,3,170,0
4,33,3,171,0
4,33,3,172,0
4,33,3,173,0
4,33,3,174,0
4,33,3,175,0
4,33,3,176,0
4,33,3,177,0
4,33,3,178,0
4,33,3,179,0
4,33,3,180,0
4,33,3,181,0
4,33,3,182,0
4,33,3,183,0
4,33,3,184,0
4,33,3,185,0
4,33,3,186,0
4,33,3,187,0
4,33,3,188,0
4,33,3,189,0
4,33,3,190,0
4,33,3,191,0
4,33,3,192,0
4,33,3,193,0
4,33,3,194,0
4,33,3,195,0
4,33,3,196,0
4,33,3,197,0
4,33,3,198,0
4,33,3,199,0
4,33,3,200,0
4,33,3,201,0
4,33,3,202,0
4,33,3,203,0
4,33,3,204,0
4,33,3,205,0
4,33,3,206,0
4,33,3,207,0
4,33,3,208,0
4,33,3,209,0
4,33,3,210,0
4,33,3,211,0
4,33,3,212,0
4,33,3,213,0
4,33,3,214,0
4,33,3,215,0
4,33,3,216,0
4,33,3,217,0
4,33,3,218,0
4,33,3,219,0
4,33,3,220,0
4,33,3,221,0
4,33,3,222,0
4,33,3,223,0
4,33,3,224,0
4,33,3,225,0
4,33,3,226,0
4,33,3,227,0
4,33,4,0,10276816
4,33,4,1,1710144
4,33,4,2,94320
4,33,4,3,1409
4,33,4,4,96
4,33,4,5,0
4,33,4,6,0
4,33,4,7,0
4,33,4,8,0
4,33,4,9,0
4,33,4,10,0
4,33,4,11,0
4,33,4,12,0
4,33,4,13,0
4,33,4,14,0
4,33,4,15,0
4,33,4,16,0
4,33,4,17,0
4,33,4,18,0
4,33,4,19,0
4,33,4,20,0
4,33,4,21,0
4,33,4,22,0
4,33,4,23,0
4,33,4,24,0
4,33,4,25,0
4,33,4,26,0
4,33,4,27,0
4,33,4,28,0
4,33,4,29,0
4,33,4,30,0
4,33,4,31,0
4,33,4,32,0
4,33,4,33,0
4,33,4,34,0
4,33,4,35,0
4,33,4,36,0
4,33,4,37,0
4,33,4,38,0
4,33,4,39,0
4,33,4,40,0
4,33,4,41,0
4,33,4,42,0
4,33,4,43,0
4,33,4,44,0
4,33,4,45,0
4,33,4,46,0
4,33,4,47,0
4,33,4,48,0
4,33,4,49,0
4,33,4,50,0
4,33,4,51,0
4,33,4,52,0
4,33,4,53,0
4,33,4,54,0
4,33,4,55,0
4,33,4,56,0
4,33,4,57,0
4,33,4,58,0
4,33,4,59,0
4,33,4,60,0
4,33,4,61,0
4,33,4,62,0
4,33,4,63,0
4,33,4,64,0
4,33,4,65,0
4,33,4,66,0
4,33,4,67,0
4,33,4,68,0
4,33,4,69,0
4,33,4,70,0
4,33,4,71,0
4,33,4,72,0
4,33,4,73,0
4,33,4,74,0
4,33,4,75,0
4,33,4,76,0
4,33,4,77,0
4,33,4,78,0
4,33,4,79,0
4,33,4,80,0
4,33,4,81,0
4,33,4,82,0
4,33,4,83,0
4,33,4,84,0
4,33,4,85,0
4,33,4,86,0
4,33,4,87,0
4,33,4,88,0
4,33,4,89,0
4,33,4,90,0
4,33,4,91,0
4,33,4,92,0
4,33,4,93,0
4,33,4,94,0
4,33,4,95,0
4,33,4,96,0
4,33,4,97,0
4,33,4,98,0
4,33,4,99,0
4,33,4,100,0
4,33,4,101,0
4,33,4,102,0
4,33,4,103,0
4,33,4,104,0
4,33,4,105,0
4,33,4,106,0
4,33,4,107,0
4,33,4,108,0
4,33,4,109,0
4,33,4,110,0
4,33,4,111,0
4,33,4,112,0
4,33,4,113,0
4,33,4,114,0
4,33,4,115,0
4,33,4,116,0
4,33,4,117,0
4,33,4,118,0
4,33,4,119,0
4,33,4,120,0
4,33,4,121,0
4,33,4,122,0
4,33,4,123,0
4,33,4,124,0
4,33,4,125,0
4,33,4,126,0
4,33,4,127,0
4,33,4,128,0
4,33,4,129,0
4,33,4,130,0
4,33,4,131,0
4,33,4,132,0
4,33,4,133,0
4,33,4,134,0
4,33,4,135,0
4,33,4,136,0
4,33,4,137,0
4,33,4,138,0
4,33,4,139,0
4,33,4,140,0
4,33,4,141,0
4,33,4,142,0
4,33,4,143,0
4,33,4,144,0
4,33,4,145,0
4,33,4,146,0
4,33,4,147,0
4,33,4,148,0
4,33,4,149,0
4,33,4,150,0
4,33,4,151,0
4,33,4,152,0
4,33,4,153,0
4,33,4,154,0
4,33,4,155,0
4,33,4,156,0
4,33,4,157,0
4,33,4,158,0
4,33,4,159,0
4,33,4,160,0
4,33,4,161,0
4,33,4,162,0
4,33,4,163,0
4,33,4,164,0
4,33,4,165,0
4,33,4,166,0
4,33,4,167,0
4,33,4,168,0
4,33,4,169,0
4,33,4,170,0
4,33,4,171,0
4,33,4,172,0
4,33,4,173,0
4,33,4,174,0
4,33,4,175,0
4,33,4,176,0
4,33,4,177,0
4,33,4,178,0
4,33,4,179,0
4,33,4,180,0
4,33,4,181,0
4,33,4,182,0
4,33,4,183,0
4,33,4,184,0
4,33,4,185,0
4,33,4,186,0
4,33,4,187,0
4,33,4,188,0
4,33,4,189,0
4,33,4,190,0
4,33,4,191,0
4,33,4,192,0
4,33,4,193,0
4,33,4,194,0
4,33,4,195,0
4,33,4,196,0
4,33,4,197,0
4,33,4,198,0
4,33,4,199,0
4,33,4,200,0
4,33,4,201,0
4,33,4,202,0
4,33,4,203,0
4,33,4,204,0
4,33,4,205,0
4,33,4,206,0
4,33,4,207,0
4,33,4,208,0
4,33,4,209,0
4,33,4,210,0
4,33,4,211,0
4,33,4,212,0
4,33,4,213,0
4,33,4,214,0
4,33,4,215,0
4,33,4,216,0
4,33,4,217,0
4,33,4,218,0
4,33,4,219,0
4,33,4,220,0
4,33,4,221,0
4,33,4,222,0
4,33,4,223,0
4,33,4,224,0
4,33,4,225,0
4,33,4,226,0
4,33,4,227,0
4,33,5,0,235719438
4,33,5,1,66308346
4,33,5,2,6987722
4,33,5,3,288058
4,33,5,4,15104
4,33,5,5,628
4,33,5,6,0
4,33,5,7,0
4,33,5,8,0
4,33,5,9,0
4,33,5,10,0
4,33,5,11,0
4,33,5,12,0
4,33,5,13,0
4,33,5,14,0
4,33,5,15,0
4,33,5,16,0
4,33,5,17,0
4,33,5,18,0
4,33,5,19,0
4,33,5,20,0
4,33,5,21,0
4,33,5,22,0
4,33,5,23,0
4,33,5,24,0
4,33,5,25,0
4,33,5,26,0
4,33,5,27,0
4,33,5,28,0
4,33,5,29,0
4,33,5,30,0
4,33,5,31,0
4,33,5,32,0
4,33,5,33,0
4,33,5,34,0
4,33,5,35,0
4,33,5,36,0
4,33,5,37,0
4,33,5,38,0
4,33,5,39,0
4,33,5,40,0
4,33,5,41,0
4,33,5,42,0
4,33,5,43,0
4,33,5,44,0
4,33,5,45,0
4,33,5,46,0
4,33,5,47,0
4,33,5,48,0
4,33,5,49,0
4,33,5,50,0
4,33,5,51,0
4,33,5,52,0
4,33,5,53,0
4,33,5,54,0
4,33,5,55,0
4,33,5,56,0
4,33,5,57,0
4,33,5,58,0
4,33,5,59,0
4,33,5,60,0
4,33,5,61,0
4,33,5,62,0
4,33,5,63,0
4,33,5,64,0
4,33,5,65,0
4,33,5,66,0
4,33,5,67,0
4,33,5,68,0
4,33,5,69,0
4,33,5,70,0
4,33,5,71,0
4,33,5,72,0
4,33,5,73,0
4,33,5,74,0
4,33,5,75,0
4,33,5,76,0
4,33,5,77,0
4,33,5,78,0
4,33,5,79,0
4,33,5,80,0
4,33,5,81,0
4,33,5,82,0
4,33,5,83,0
4,33,5,84,0
4,33,5,85,0
4,33,5,86,0
4,33,5,87,0
4,33,5,88,0
4,33,5,89,0
4,33,5,90,0
4,33,5,91,0
4,33,5,92,0
4,33,5,93,0
4,33,5,94,0
4,33,5,95,0
4,33,5,96,0
4,33,5,97,0
4,33,5,98,0
4,33,5,99,0
4,33,5,100,0
4,33,5,101,0
4,33,5,102,0
4,33,5,103,0
4,33,5,104,0
4,33,5,105,0
4,33,5,106,0
4,33,5,107,0
4,33,5,108,0
4,33,5,109,0
4,33,5,110,0
4,33,5,111,0
4,33,5,112,0
4,33,5,113,0
4,33,5,114,0
4,33,5,115,0
4,33,5,116,0
4,33,5,117,0
4,33,5,118,0
4,33,5,119,0
4,33,5,120,0
4,33,5,121,0
4,33,5,122,0
4,33,5,123,0
4,33,5,124,0
4,33,5,125,0
4,33,5,126,0
4,33,5,127,0
4,33,5,128,0
4,33,5,129,0
4,33,5,130,0
4,33,5,131,0
4,33,5,132,0
4,33,5,133,0
4,33,5,134,0
4,33,5,135,0
4,33,5,136,0
4,33,5,137,0
4,33,5,138,0
4,33,5,139,0
4,33,5,140,0
4,33,5,141,0
4,33,5,142,0
4,33,5,143,0
4,33,5,144,0
4,33,5,145,0
4,33,5,146,0
4,33,5,147,0
4,33,5,148,0
4,33,5,149,0
4,33,5,150,0
4,33,5,151,0
4,33,5,152,0
4,33,5,153,0
4,33,5,154,0
4,33,5,155,0
4,33,5,156,0
4,33,5,157,0
4,33,5,158,0
4,33,5,159,0
4,33,5,160,0
4,33,5,161,0
4,33,5,162,0
4,33,5,163,0
4,33,5,164,0
4,33,5,165,0
4,33,5,166,0
4,33,5,167,0
4,33,5,168,0
4,33,5,169,0
4,33,5,170,0
4,33,5,171,0
4,33,5,172,0
4,33,5,173,0
4,33,5,174,0
4,33,5,175,0
4,33,5,176,0
4,33,5,177,0
4,33,5,178,0
4,33,5,179,0
4,33,5,180,0
4,33,5,181,0
4,33,5,182,0
4,33,5,183,0
4,33,5,184,0
4,33,5,185,0
4,33,5,186,0
4,33,5,187,0
4,33,5,188,0
4,33,5,189,0
4,33,5,190,0
4,33,5,191,0
4,33,5,192,0
4,33,5,193,0
4,33,5,194,0
4,33,5,195,0
4,33,5,196,0
4,33,5,197,0
4,33,5,198,0
4,33,5,199,0
4,33,5,200,0
4,33,5,201,0
4,33,5,202,0
4,33,5,203,0
4,33,5,204,0
4,33,5,205,0
4,33,5,206,0
4,33,5,207,0
4,33,5,208,0
4,33,5,209,0
4,33,5,210,0
4,33,5,211,0
4,33,5,212,0
4,33,5,213,0
4,33,5,214,0
4,33,5,215,0
4,33,5,216,0
4,33,5,217,0
4,33,5,218,0
4,33,5,219,0
4,33,5,220,0
4,33,5,221,0
4,33,5,222,0
4,33,5,223,0
4,33,5,224,0
4,33,5,225,0
4,33,5,226,0
4,33,5,227,0
4,33,6,0,4342918115
4,33,6,1,1858683862
4,33,6,2,318922674
4,33,6,3,25107153
4,33,6,4,1520827
4,33,6,5,103180
4,33,6,6,2464
4,33,6,7,157
4,33,6,8,0
4,33,6,9,0
4,33,6,10,0
4,33,6,11,0
4,33,6,12,0
4,33,6,13,0
4,33,6,14,0
4,33,6,15,0
4,33,6,16,0
4,33,6,17,0
4,33,6,18,0
4,33,6,19,0
4,33,6,20,0
4,33,6,21,0
4,33,6,22,0
4,33,6,23,0
4,33,6,24,0
4,33,6,25,0
4,33,6,26,0
4,33,6,27,0
4,33,6,28,0
4,33,6,29,0
4,33,6,30,0
4,33,6,31,0
4,33,6,32,0
4,33,6,33,0
4,33,6,34,0
4,33,6,35,0
4,33,6,36,0
4,33,6,37,0
4,33,6,38,0
4,33,6,39,0
4,33,6,40,0
4,33,6,41,0
4,33,6,42,0
4,33,6,43,0
4,33,6,44,0
4,33,6,45,0
4,33,6,46,0
4,33,6,47,0
4,33,6,48,0
4,33,6,49,0
4,33,6,50,0
4,33,6,51,0
4,33,6,52,0
4,33,6,53,0
4,33,6,54,0
4,33,6,55,0
4,33,6,56,0
4,33,6,57,0
4,33,6,58,0
4,33,6,59,0
4,33,6,60,0
4,33,6,61,0
4,33,6,62,0
4,33,6,63,0
4,33,6,64,0
4,33,6,65,0
4,33,6,66,0
4,33,6,67,0
4,33,6,68,0
4,33,6,69,0
4,33,6,70,0
4,33,6,71,0
4,33,6,72,0
4,33,6,73,0
4,33,6,74,0
4,33,6,75,0
4,33,6,76,0
4,33,6,77,0
4,33,6,78,0
4,33,6,79,0
4,33,6,80,0
4,33,6,81,0
4,33,6,82,0
4,33,6,83,0
4,33,6,84,0
4,33,6,85,0
4,33,6,86,0
4,33,6,87,0
4,33,6,88,0
4,33,6,89,0
4,33,6,90,0
4,33,6,91,0
4,33,6,92,0
4,33,6,93,0
4,33,6,94,0
4,33,6,95,0
4,33,6,96,0
4,33,6,97,0
4,33,6,98,0
4,33,6,99,0
4,33,6,100,0
4,33,6,101,0
4,33,6,102,0
4,33,6,103,0
4,33,6,104,0
4,33,6,105,0
4,33,6,106,0
4,33,6,107,0
4,33,6,108,0
4,33,6,109,0
4,33,6,110,0
4,33,6,111,0
4,33,6,112,0
4,33,6,113,0
4,33,6,114,0
4,33,6,115,0
4,33,6,116,0
4,33,6,117,0
4,33,6,118,0
4,33,6,119,0
4,33,6,120,0
4,33,6,121,0
4,33,6,122,0
4,33,6,123,0
4,33,6,124,0
4,33,6,125,0
4,33,6,126,0
4,33,6,127,0
4,33,6,128,0
4,33,6,129,0
4,33,6,130,0
4,33,6,131,0
4,33,6,132,0
4,33,6,133,0
4,33,6,134,0
4,33,6,135,0
4,33,6,136,0
4,33,6,137,0
4,33,6,138,0
4,33,6,139,0
4,33,6,140,0
4,33,6,141,0
4,33,6,142,0
4,33,6,143,0
4,33,6,144,0
4,33,6,145,0
4,33,6,146,0
4,33,6,147,0
4,33,6,148,0
4,33,6,149,0
4,33,6,150,0
4,33,6,151,0
4,33,6,152,0
4,33,6,153,0
4,33,6,154,0
4,33,6,155,0
4,33,6,156,0
4,33,6,157,0
4,33,6,158,0
4,33,6,159,0
4,33,6,160,0
4,33,6,161,0
4,33,6,162,0
4,33,6,163,0
4,33,6,164,0
4,33,6,165,0
4,33,6,166,0
4,33,6,167,0
4,33,6,168,0
4,33,6,169,0
4,33,6,170,0
4,33,6,171,0
4,33,6,172,0
4,33,6,173,0
4,33,6,174,0
4,33,6,175,0
4,33,6,176,0
4,33,6,177,0
4,33,6,178,0
4,33,6,179,0
4,33,6,180,0
4,33,6,181,0
4,33,6,182,0
4,33,6,183,0
4,33,6,184,0
4,33,6,185,0
4,33,6,186,0
4,33,6,187,0
4,33,6,188,0
4,33,6,189,0
4,33,6,190,0
4,33,6,191,0
4,33,6,192,0
4,33,6,193,0
4,33,6,194,0
4,33,6,195,0
4,33,6,196,0
4,33,6,197,0
4,33,6,198,0
4,33,6,199,0
4,33,6,200,0
4,33,6,201,0
4,33,6,202,0
4,33,6,203,0
4,33,6,204,0
4,33,6,205,0
4,33,6,206,0
4,33,6,207,0
4,33,6,208,0
4,33,6,209,0
4,33,6,210,0
4,33,6,211,0
4,33,6,212,0
4,33,6,213,0
4,33,6,214,0
4,33,6,215,0
4,33,6,216,0
4,33,6,217,0
4,33,6,218,0
4,33,6,219,0
4,33,6,220,0
4,33,6,221,0
4,33,6,222,0
4,33,6,223,0
4,33,6,224,0
4,33,6,225,0
4,33,6,226,0
4,33,6,227,0
4,33,7,0,66063034986
4,33,7,1,40149157392
4,33,7,2,10215716088
4,33,7,3,1304221988
4,33,7,4,109066984
4,33,7,5,8941458
4,33,7,6,485122
4,33,7,7,26402
4,33,7,8,1356
4,33,7,9,0
4,33,7,10,0
4,33,7,11,0
4,33,7,12,0
4,33,7,13,0
4,33,7,14,0
4,33,7,15,0
4,33,7,16,0
4,33,7,17,0
4,33,7,18,0
4,33,7,19,0
4,33,7,20,0
4,33,7,21,0
4,33,7,22,0
4,33,7,23,0
4,33,7,24,0
4,33,7,25,0
4,33,7,26,0
4,33,7,27,0
4,33,7,28,0
4,33,7,29,0
4,33,7,30,0
4,33,7,31,0
4,33,7,32,0
4,33,7,33,0
4,33,7,34,0
4,33,7,35,0
4,33,7,36,0
4,33,7,37,0
4,33,7,38,0
4,33,7,39,0
4,33,7,40,0
4,33,7,41,0
4,33,7,42,0
4,33,7,43,0
4,33,7,44,0
4,33,7,45,0
4,33,7,46,0
4,33,7,47,0
4,33,7,48,0
4,33,7,49,0
4,33,7,50,0
4,33,7,51,0
4,33,7,52,0
4,33,7,53,0
4,33,7,54,0
4,33,7,55,0
4,33,7,56,0
4,33,7,57,0
4,33,7,58,0
4,33,7,59,0
4,33,7,60,0
4,33,7,61,0
4,33,7,62,0
4,33,7,63,0
4,33,7,64,0
4,33,7,65,0
4,33,7,66,0
4,33,7,67,0
4,33,7,68,0
4,33,7,69,0
4,33,7,70,0
4,33,7,71,0
4,33,7,72,0
4,33,7,73,0
4,33,7,74,0
4,33,7,75,0
4,33,7,76,0
4,33,7,77,0
4,33,7,78,0
4,33,7,79,0
4,33,7,80,0
4,33,7,81,0
4,33,7,82,0
4,33,7,83,0
4,33,7,84,0
4,33,7,85,0
4,33,7,86,0
4,33,7,87,0
4,33,7,88,0
4,33,7,89,0
4,33,7,90,0
4,33,7,91,0
4,33,7,92,0
4,33,7,93,0
4,33,7,94,0
4,33,7,95,0
4,33,7,96,0
4,33,7,97,0
4,33,7,98,0
4,33,7,99,0
4,33,7,100,0
4,33,7,101,0
4,33,7,102,0
4,33,7,103,0
4,33,7,104,0
4,33,7,105,0
4,33,7,106,0
4,33,7,107,0
4,33,7,108,0
4,33,7,109,0
4,33,7,110,0
4,33,7,111,0
4,33,7,112,0
4,33,7,113,0
4,33,7,114,0
4,33,7,115,0
4,33,7,116,0
4,33,7,117,0
4,33,7,118,0
4,33,7,119,0
4,33,7,120,0
4,33,7,121,0
4,33,7,122,0
4,33,7,123,0
4,33,7,124,0
4,33,7,125,0
4,33,7,126,0
4,33,7,127,0
4,33,7,128,0
4,33,7,129,0
4,33,7,130,0
4,33,7,131,0
4,33,7,132,0
4,33,7,133,0
4,33,7,134,0
4,33,7,135,0
4,33,7,136,0
4,33,7,137,0
4,33,7,138,0
4,33,7,139,0
4,33,7,140,0
4,33,7,141,0
4,33,7,142,0
4,33,7,143,0
4,33,7,144,0
4,33,7,145,0
4,33,7,146,0
4,33,7,147,0
4,33,7,148,0
4,33,7,149,0
4,33,7,150,0
4,33,7,151,0
4,33,7,152,0
4,33,7,153,0
4,33,7,154,0
4,33,7,155,0
4,33,7,156,0
4,33,7,157,0
4,33,7,158,0
4,33,7,159,0
4,33,7,160,0
4,33,7,161,0
4,33,7,162,0
4,33,7,163,0
4,33,7,164,0
4,33,7,165,0
4,33,7,166,0
4,33,7,167,0
4,33,7,168,0
4,33,7,169,0
4,33,7,170,0
4,33,7,171,0
4,33,7,172,0
4,33,7,173,0
4,33,7,174,0
4,33,7,175,0
4,33,7,176,0
4,33,7,177,0
4,33,7,178,0
4,33,7,179,0
4,33,7,180,0
4,33,7,181,0
4,33,7,182,0
4,33,7,183,0
4,33,7,184,0
4,33,7,185,0
4,33,7,186,0
4,33,7,187,0
4,33,7,188,0
4,33,7,189,0
4,33,7,190,0
4,33,7,191,0
4,33,7,192,0
4,33,7,193,0
4,33,7,194,0
4,33,7,195,0
4,33,7,196,0
4,33,7,197,0
4,33,7,198,0
4,33,7,199,0
4,33,7,200,0
4,33,7,201,0
4,33,7,202,0
4,33,7,203,0
4,33,7,204,0
4,33,7,205,0
4,33,7,206,0
4,33,7,207,0
4,33,7,208,0
4,33,7,209,0
4,33,7,210,0
4,33,7,211,0
4,33,7,212,0
4,33,7,213,0
4,33,7,214,0
4,33,7,215,0
4,33,7,216,0
4,33,7,217,0
4,33,7,218,0
4,33,7,219,0
4,33,7,220,0
4,33,7,221,0
4,33,7,222,0
4,33,7,223,0
4,33,7,224,0
4,33,7,225,0
4,33,7,226,0
4,33,7,227,0
4,33,8,0,846411362719
4,33,8,1,695674493724
4,33,8,2,246729395660
4,33,8,3,46488853237
4,33,8,4,5517942620
4,33,8,5,546787557
4,33,8,6,44448362
4,33,8,7,2927031
4,33,8,8,216589
4,33,8,9,6131
4,33,8,10,370
4,33,8,11,0
4,33,8,12,0
4,33,8,13,0
4,33,8,14,0
4,33,8,15,0
4,33,8,16,0
4,33,8,17,0
4,33,8,18,0
4,33,8,19,0
4,33,8,20,0
4,33,8,21,0
4,33,8,22,0
4,33,8,23,0
4,33,8,24,0
4,33,8,25,0
4,33,8,26,0
4,33,8,27,0
4,33,8,28,0
4,33,8,29,0
4,33,8,30,0
4,33,8,31,0
4,33,8,32,0
4,33,8,33,0
4,33,8,34,0
4,33,8,35,0
4,33,8,36,0
4,33,8,37,0
4,33,8,38,0
4,33,8,39,0
4,33,8,40,0
4,33,8,41,0
4,33,8,42,0
4,33,8,43,0
4,33,8,44,0
4,33,8,45,0
4,33,8,46,0
4,33,8,47,0
4,33,8,48,0
4,33,8,49,0
4,33,8,50,0
4,33,8,51,0
4,33,8,52,0
4,33,8,53,0
4,33,8,54,0
4,33,8,55,0
4,33,8,56,0
4,33,8,57,0
4,33,8,58,0
4,33,8,59,0
4,33,8,60,0
4,33,8,61,0
4,33,8,62,0
4,33,8,63,0
4,33,8,64,0
4,33,8,65,0
4,33,8,66,0
4,33,8,67,0
4,33,8,68,0
4,33,8,69,0
4,33,8,70,0
4,33,8,71,0
4,33,8,72,0
4,33,8,73,0
4,33,8,74,0
4,33,8,75,0
4,33,8,76,0
4,33,8,77,0
4,33,8,78,0
4,33,8,79,0
4,33,8,80,0
4,33,8,81,0
4,33,8,82,0
4,33,8,83,0
4,33,8,84,0
4,33,8,85,0
4,33,8,86,0
4,33,8,87,0
4,33,8,88,0
4,33,8,89,0
4,33,8,90,0
4,33,8,91,0
4,33,8,92,0
4,33,8,93,0
4,33,8,94,0
4,33,8,95,0
4,33,8,96,0
4,33,8,97,0
4,33,8,98,0
4,33,8,99,0
4,33,8,100,0
4,33,8,101,0
4,33,8,102,0
4,33,8,103,0
4,33,8,104,0
4,33,8,105,0
4,33,8,106,0
4,33,8,107,0
4,33,8,108,0
4,33,8,109,0
4,33,8,110,0
4,33,8,111,0
4,33,8,112,0
4,33,8,113,0
4,33,8,114,0
4,33,8,115,0
4,33,8,116,0
4,33,8,117,0
4,33,8,118,0
4,33,8,119,0
4,33,8,120,0
4,33,8,121,0
4,33,8,122,0
4,33,8,123,0
4,33,8,124,0
4,33,8,125,0
4,33,8,126,0
4,33,8,127,0
4,33,8,128,0
4,33,8,129,0
4,33,8,130,0
4,33,8,131,0
4,33,8,132,0
4,33,8,133,0
4,33,8,134,0
4,33,8,135,0
4,33,8,136,0
4,33,8,137,0
4,33,8,138,0
4,33,8,139,0
4,33,8,140,0
4,33,8,141,0
4,33,8,142,0
4,33,8,143,0
4,33,8,144,0
4,33,8,145,0
4,33,8,146,0
4,33,8,147,0
4,33,8,148,0
4,33,8,149,0
4,33,8,150,0
4,33,8,151,0
4,33,8,152,0
4,33,8,153,0
4,33,8,154,0
4,33,8,155,0
4,33,8,156,0
4,33,8,157,0
4,33,8,158,0
4,33,8,159,0
4,33,8,160,0
4,33,8,161,0
4,33,8,162,0
4,33,8,163,0
4,33,8,164,0
4,33,8,165,0
4,33,8,166,0
4,33,8,167,0
4,33,8,168,0
4,33,8,169,0
4,33,8,170,0
4,33,8,171,0
4,33,8,172,0
4,33,8,173,0
4,33,8,174,0
4,33,8,175,0
4,33,8,176,0
4,33,8,177,0
4,33,8,178,0
4,33,8,179,0
4,33,8,180,0
4,33,8,181,0
4,33,8,182,0
4,33,8,183,0
4,33,8,184,0
4,33,8,185,0
4,33,8,186,0
4,33,8,187,0
4,33,8,188,0
4,33,8,189,0
4,33,8,190,0
4,33,8,191,0
4,33,8,192,0
4,33,8,193,0
4,33,8,194,0
4,33,8,195,0
4,33,8,196,0
4,33,8,197,0
4,33,8,198,0
4,33,8,199,0
4,33,8,200,0
4,33,8,201,0
4,33,8,202,0
4,33,8,203,0
4,33,8,204,0
4,33,8,205,0
4,33,8,206,0
4,33,8,207,0
4,33,8,208,0
4,33,8,209,0
4,33,8,210,0
4,33,8,211,0
4,33,8,212,0
4,33,8,213,0
4,33,8,214,0
4,33,8,215,0
4,33,8,216,0
4,33,8,217,0
4,33,8,218,0
4,33,8,219,0
4,33,8,220,0
4,33,8,221,0
4,33,8,222,0
4,33,8,223,0
4,33,8,224,0
4,33,8,225,0
4,33,8,226,0
4,33,8,227,0
4,33,9,0,9272235054062
4,33,9,1,9938450047010
4,33,9,2,4700517473768
4,33,9,3,1228810199266
4,33,9,4,202428516150
4,33,9,5,25279519526
4,33,9,6,2656818194
4,33,9,7,228267024
4,33,9,8,19296768
4,33,9,9,1164754
4,33,9,10,64156
4,33,9,11,3260
4,33,9,12,62
4,33,9,13,0
4,33,9,14,0
4,33,9,15,0
4,33,9,16,0
4,33,9,17,0
4,33,9,18,0
4,33,9,19,0
4,33,9,20,0
4,33,9,21,0
4,33,9,22,0
4,33,9,23,0
4,33,9,24,0
4,33,9,25,0
4,33,9,26,0
4,33,9,27,0
4,33,9,28,0
4,33,9,29,0
4,33,9,30,0
4,33,9,31,0
4,33,9,32,0
4,33,9,33,0
4,33,9,34,0
4,33,9,35,0
4,33,9,36,0
4,33,9,37,0
4,33,9,38,0
4,33,9,39,0
4,33,9,40,0
4,33,9,41,0
4,33,9,42,0
4,33,9,43,0
4,33,9,44,0
4,33,9,45,0
4,33,9,46,0
4,33,9,47,0
4,33,9,48,0
4,33,9,49,0
4,33,9,50,0
4,33,9,51,0
4,33,9,52,0
4,33,9,53,0
4,33,9,54,0
4,33,9,55,0
4,33,9,56,0
4,33,9,57,0
4,33,9,58,0
4,33,9,59,0
4,33,9,60,0
4,33,9,61,0
4,33,9,62,0
4,33,9,63,0
4,33,9,64,0
4,33,9,65,0
4,33,9,66,0
4,33,9,67,0
4,33,9,68,0
4,33,9,69,0
4,33,9,70,0
4,33,9,71,0
4,33,9,72,0
4,33,9,73,0
4,33,9,74,0
4,33,9,75,0
4,33,9,76,0
4,33,9,77,0
4,33,9,78,0
4,33,9,79,0
4,33,9,80,0
4,33,9,81,0
4,33,9,82,0
4,33,9,83,0
4,33,9,84,0
4,33,9,85,0
4,33,9,86,0
4,33,9,87,0
4,33,9,88,0
4,33,9,89,0
4,33,9,90,0
4,33,9,91,0
4,33,9,92,0
4,33,9,93,0
4,33,9,94,0
4,33,9,95,0
4,33,9,96,0
4,33,9,97,0
4,33,9,98,0
4,33,9,99,0
4,33,9,100,0
4,33,9,101,0
4,33,9,102,0
4,33,9,103,0
4,33,9,104,0
4,33,9,105,0
4,33,9,106,0
4,33,9,107,0
4,33,9,108,0
4,33,9,109,0
4,33,9,110,0
4,33,9,111,0
4,33,9,112,0
4,33,9,113,0
4,33,9,114,0
4,33,9,115,0
4,33,9,116,0
4,33,9,117,0
4,33,9,118,0
4,33,9,119,0
4,33,9,120,0
4,33,9,121,0
4,33,9,122,0
4,33,9,123,0
4,33,9,124,0
4,33,9,125,0
4,33,9,126,0
4,33,9,127,0
4,33,9,128,0
4,33,9,129,0
4,33,9,130,0
4,33,9,131,0
4,33,9,132,0
4,33,9,133,0
4,33,9,134,0
4,33,9,135,0
4,33,9,136,0
4,33,9,137,0
4,33,9,138,0
4,33,9,139,0
4,33,9,140,0
4,33,9,141,0
4,33,9,142,0
4,33,9,143,0
4,33,9,144,0
4,33,9,145,0
4,33,9,146,0
4,33,9,147,0
4,33,9,148,0
4,33,9,149,0
4,33,9,150,0
4,33,9,151,0
4,33,9,152,0
4,33,9,153,0
4,33,9,154,0
4,33,9,155,0
4,33,9,156,0
4,33,9,157,0
4,33,9,158,0
4,33,9,159,0
4,33,9,160,0
4,33,9,161,0
4,33,9,162,0
4,33,9,163,0
4,33,9,164,0
4,33,9,165,0
4,33,9,166,0
4,33,9,167,0
4,33,9,168,0
4,33,9,169,0
4,33,9,170,0
4,33,9,171,0
4,33,9,172,0
4,33,9,173,0
4,33,9,174,0
4,33,9,175,0
4,33,9,176,0
4,33,9,177,0
4,33,9,178,0
4,33,9,179,0
4,33,9,180,0
4,33,9,181,0
4,33,9,182,0
4,33,9,183,0
4,33,9,184,0
4,33,9,185,0
4,33,9,186,0
4,33,9,187,0
4,33,9,188,0
4,33,9,189,0
4,33,9,190,0
4,33,9,191,0
4,33,9,192,0
4,33,9,193,0
4,33,9,194,0
4,33,9,195,0
4,33,9,196,0
4,33,9,197,0
4,33,9,198,0
4,33,9,199,0
4,33,9,200,0
4,33,9,201,0
4,33,9,202,0
4,33,9,203,0
4,33,9,204,0
4,33,9,205,0
4,33,9,206,0
4,33,9,207,0
4,33,9,208,0
4,33,9,209,0
4,33,9,210,0
4,33,9,211,0
4,33,9,212,0
4,33,9,213,0
4,33,9,214,0
4,33,9,215,0
4,33,9,216,0
4,33,9,217,0
4,33,9,218,0
4,33,9,219,0
4,33,9,220,0
4,33,9,221,0
4,33,9,222,0
4,33,9,223,0
4,33,9,224,0
4,33,9,225,0
4,33,9,226,0
4,33,9,227,0
4,33,10,0,87872059590149
4,33,10,1,119413134238705
4,33,10,2,72852578572109
4,33,10,3,25290748786063
4,33,10,4,5600308204659
4,33,10,5,898329018060
4,33,10,6,117365177560
4,33,10,7,12808511890
4,33,10,8,1258170132
4,33,10,9,106834152
4,33,10,10,7362797
4,33,10,11,525481
4,33,10,12,22082
4,33,10,13,1361
4,33,10,14,0
4,33,10,15,0
4,33,10,16,0
4,33,10,17,0
4,33,10,18,0
4,33,10,19,0
4,33,10,20,0
4,33,10,21,0
4,33,10,22,0
4,33,10,23,0
4,33,10,24,0
4,33,10,25,0
4,33,10,26,0
4,33,10,27,0
4,33,10,28,0
4,33,10,29,0
4,33,10,30,0
4,33,10,31,0
4,33,10,32,0
4,33,10,33,0
4,33,10,34,0
4,33,10,35,0
4,33,10,36,0
4,33,10,37,0
4,33,10,38,0
4,33,10,39,0
4,33,10,40,0
4,33,10,41,0
4,33,10,42,0
4,33,10,43,0
4,33,10,44,0
4,33,10,45,0
4,33,10,46,0
4,33,10,47,0
4,33,10,48,0
4,33,10,49,0
4,33,10,50,0
4,33,10,51,0
4,33,10,52,0
4,33,10,53,0
4,33,10,54,0
4,33,10,55,0
4,33,10,56,0
4,33,10,57,0
4,33,10,58,0
4,33,10,59,0
4,33,10,60,0
4,33,10,61,0
4,33,10,62,0
4,33,10,63,0
4,33,10,64,0
4,33,10,65,0
4,33,10,66,0
4,33,10,67,0
4,33,10,68,0
4,33,10,69,0
4,33,10,70,0
4,33,10,71,0
4,33,10,72,0
4,33,10,73,0
4,33,10,74,0
4,33,10,75,0
4,33,10,76,0
4,33,10,77,0
4,33,10,78,0
4,33,10,79,0
4,33,10,80,0
4,33,10,81,0
4,33,10,82,0
4,33,10,83,0
4,33,10,84,0
4,33,10,85,0
4,33,10,86,0
4,33,10,87,0
4,33,10,88,0
4,33,10,89,0
4,33,10,90,0
4,33,10,91,0
4,33,10,92,0
4,33,10,93,0
4,33,10,94,0
4,33,10,95,0
4,33,10,96,0
4,33,10,97,0
4,33,10,98,0
4,33,10,99,0
4,33,10,100,0
4,33,10,101,0
4,33,10,102,0
4,33,10,103,0
4,33,10,104,0
4,33,10,105,0
4,33,10,106,0
4,33,10,107,0
4,33,10,108,0
4,33,10,109,0
4,33,10,110,0
4,33,10,111,0
4,33,10,112,0
4,33,10,113,0
4,33,10,114,0
4,33,10,115,0
4,33,10,116,0
4,33,10,117,0
4,33,10,118,0
4,33,10,119,0
4,33,10,120,0
4,33,10,121,0
4,33,10,122,0
4,33,10,123,0
4,33,10,124,0
4,33,10,125,0
4,33,10,126,0
4,33,10,127,0
4,33,10,128,0
4,33,10,129,0
4,33,10,130,0
4,33,10,131,0
4,33,10,132,0
4,33,10,133,0
4,33,10,134,0
4,33,10,135,0
4,33,10,136,0
4,33,10,137,0
4,33,10,138,0
4,33,10,139,0
4,33,10,140,0
4,33,10,141,0
4,33,10,142,0
4,33,10,143,0
4,33,10,144,0
4,33,10,145,0
4,33,10,146,0
4,33,10,147,0
4,33,10,148,0
4,33,10,149,0
4,33,10,150,0
4,33,10,151,0
4,33,10,152,0
4,33,10,153,0
4,33,10,154,0
4,33,10,155,0
4,33,10,156,0
4,33,10,157,0
4,33,10,158,0
4,33,10,159,0
4,33,10,160,0
4,33,10,161,0
4,33,10,162,0
4,33,10,163,0
4,33,10,164,0
4,33,10,165,0
4,33,10,166,0
4,33,10,167,0
4,33,10,168,0
4,33,10,169,0
4,33,10,170,0
4,33,10,171,0
4,33,10,172,0
4,33,10,173,0
4,33,10,174,0
4,33,10,175,0
4,33,10,176,0
4,33,10,177,0
4,33,10,178,0
4,33,10,179,0
4,33,10,180,0
4,33,10,181,0
4,33,10,182,0
4,33,10,183,0
4,33,10,184,0
4,33,10,185,0
4,33,10,186,0
4,33,10,187,0
4,33,10,188,0
4,33,10,189,0
4,33,10,190,0
4,33,10,191,0
4,33,10,192,0
4,33,10,193,0
4,33,10,194,0
4,33,10,195,0
4,33,10,196,0
4,33,10,197,0
4,33,10,198,0
4,33,10,199,0
4,33,10,200,0
4,33,10,201,0
4,33,10,202,0
4,33,10,203,0
4,33,10,204,0
4,33,10,205,0
4,33,10,206,0
4,33,10,207,0
4,33,10,208,0
4,33,10,209,0
4,33,10,210,0
4,33,10,211,0
4,33,10,212,0
4,33,10,213,0
4,33,10,214,0
4,33,10,215,0
4,33,10,216,0
4,33,10,217,0
4,33,10,218,0
4,33,10,219,0
4,33,10,220,0
4,33,10,221,0
4,33,10,222,0
4,33,10,223,0
4,33,10,224,0
4,33,10,225,0
4,33,10,226,0
4,33,10,227,0
4,33,11,0,727156428972032
4,33,11,1,1224961081040806
4,33,11,2,939297789434976
4,33,11,3,419040583791886
4,33,11,4,121027861097012
4,33,11,5,24891835633110
4,33,11,6,4026062688158
4,33,11,7,542333230100
4,33,11,8,63488762892
4,33,11,9,6624567734
4,33,11,10,587028568
4,33,11,11,48591860
4,33,11,12,3281178
4,33,11,13,220276
4,33,11,14,9448
4,33,11,15,364
4,33,11,16,0
4,33,11,17,0
4,33,11,18,0
4,33,11,19,0
4,33,11,20,0
4,33,11,21,0
4,33,11,22,0
4,33,11,23,0
4,33,11,24,0
4,33,11,25,0
4,33,11,26,0
4,33,11,27,0
4,33,11,28,0
4,33,11,29,0
4,33,11,30,0
4,33,11,31,0
4,33,11,32,0
4,33,11,33,0
4,33,11,34,0
4,33,11,35,0
4,33,11,36,0
4,33,11,37,0
4,33,11,38,0
4,33,11,39,0
4,33,11,40,0
4,33,11,41,0
4,33,11,42,0
4,33,11,43,0
4,33,11,44,0
4,33,11,45,0
4,33,11,46,0
4,33,11,47,0
4,33,11,48,0
4,33,11,49,0
4,33,11,50,0
4,33,11,51,0
4,33,11,52,0
4,33,11,53,0
4,33,11,54,0
4,33,11,55,0
4,33,11,56,0
4,33,11,57,0
4,33,11,58,0
4,33,11,59,0
4,33,11,60,0
4,33,11,61,0
4,33,11,62,0
4,33,11,63,0
4,33,11,64,0
4,33,11,65,0
4,33,11,66,0
4,33,11,67,0
4,33,11,68,0
4,33,11,69,0
4,33,11,70,0
4,33,11,71,0
4,33,11,72,0
4,33,11,73,0
4,33,11,74,0
4,33,11,75,0
4,33,11,76,0
4,33,11,77,0
4,33,11,78,0
4,33,11,79,0
4,33,11,80,0
4,33,11,81,0
4,33,11,82,0
4,33,11,83,0
4,33,11,84,0
4,33,11,85,0
4,33,11,86,0
4,33,11,87,0
4,33,11,88,0
4,33,11,89,0
4,33,11,90,0
4,33,11,91,0
4,33,11,92,0
4,33,11,93,0
4,33,11,94,0
4,33,11,95,0
4,33,11,96,0
4,33,11,97,0
4,33,11,98,0
4,33,11,99,0
4,33,11,100,0
4,33,11,101,0
4,33,11,102,0
4,33,11,103,0
4,33,11,104,0
4,33,11,105,0
4,33,11,106,0
4,33,11,107,0
4,33,11,108,0
4,33,11,109,0
4,33,11,110,0
4,33,11,111,0
4,33,11,112,0
4,33,11,113,0
4,33,11,114,0
4,33,11,115,0
4,33,11,116,0
4,33,11,117,0
4,33,11,118,0
4,33,11,119,0
4,33,11,120,0
4,33,11,121,0
4,33,11,122,0
4,33,11,123,0
4,33,11,124,0
4,33,11,125,0
4,33,11,126,0
4,33,11,127,0
4,33,11,128,0
4,33,11,129,0
4,33,11,130,0
4,33,11,131,0
4,33,11,132,0
4,33,11,133,0
4,33,11,134,0
4,33,11,135,0
4,33,11,136,0
4,33,11,137,0
4,33,11,138,0
4,33,11,139,0
4,33,11,140,0
4,33,11,141,0
4,33,11,142,0
4,33,11,143,0
4,33,11,144,0
4,33,11,145,0
4,33,11,146,0
4,33,11,147,0
4,33,11,148,0
4,33,11,149,0
4,33,11,150,0
4,33,11,151,0
4,33,11,152,0
4,33,11,153,0
4,33,11,154,0
4,33,11,155,0
4,33,11,156,0
4,33,11,157,0
4,33,11,158,0
4,33,11,159,0
4,33,11,160,0
4,33,11,161,0
4,33,11,162,0
4,33,11,163,0
4,33,11,164,0
4,33,11,165,0
4,33,11,166,0
4,33,11,167,0
4,33,11,168,0
4,33,11,169,0
4,33,11,170,0
4,33,11,171,0
4,33,11,172,0
4,33,11,173,0
4,33,11,174,0
4,33,11,175,0
4,33,11,176,0
4,33,11,177,0
4,33,11,178,0
4,33,11,179,0
4,33,11,180,0
4,33,11,181,0
4,33,11,182,0
4,33,11,183,0
4,33,11,184,0
4,33,11,185,0
4,33,11,186,0
4,33,11,187,0
4,33,11,188,0
4,33,11,189,0
4,33,11,190,0
4,33,11,191,0
4,33,11,192,0
4,33,11,193,0
4,33,11,194,0
4,33,11,195,0
4,33,11,196,0
4,33,11,197,0
4,33,11,198,0
4,33,11,199,0
4,33,11,200,0
4,33,11,201,0
4,33,11,202,0
4,33,11,203,0
4,33,11,204,0
4,33,11,205,0
4,33,11,206,0
4,33,11,207,0
4,33,11,208,0
4,33,11,209,0
4,33,11,210,0
4,33,11,211,0
4,33,11,212,0
4,33,11,213,0
4,33,11,214,0
4,33,11,215,0
4,33,11,216,0
4,33,11,217,0
4,33,11,218,0
4,33,11,219,0
4,33,11,220,0
4,33,11,221,0
4,33,11,222,0
4,33,11,223,0
4,33,11,224,0
4,33,11,225,0
4,33,11,226,0
4,33,11,227,0
4,33,12,0,5294150621277870
4,33,12,1,10854109819654096
4,33,12,2,10244809177937154
4,33,12,3,5725512163408731
4,33,12,4,2101757356298494
4,33,12,5,547695491588916
4,33,12,6,109664079721010
4,33,12,7,17993169859703
4,33,12,8,2523232600392
4,33,12,9,312459668257
4,33,12,10,33988193346
4,33,12,11,3306208355
4,33,12,12,286881618
4,33,12,13,22579728
4,33,12,14,1569050
4,33,12,15,81899
4,33,12,16,4490
4,33,12,17,91
4,33,12,18,0
4,33,12,19,0
4,33,12,20,0
4,33,12,21,0
4,33,12,22,0
4,33,12,23,0
4,33,12,24,0
4,33,12,25,0
4,33,12,26,0
4,33,12,27,0
4,33,12,28,0
4,33,12,29,0
4,33,12,30,0
4,33,12,31,0
4,33,12,32,0
4,33,12,33,0
4,33,12,34,0
4,33,12,35,0
4,33,12,36,0
4,33,12,37,0
4,33,12,38,0
4,33,12,39,0
4,33,12,40,0
4,33,12,41,0
4,33,12,42,0
4,33,12,43,0
4,33,12,44,0
4,33,12,45,0
4,33,12,46,0
4,33,12,47,0
4,33,12,48,0
4,33,12,49,0
4,33,12,50,0
4,33,12,51,0
4,33,12,52,0
4,33,12,53,0
4,33,12,54,0
4,33,12,55,0
4,33,12,56,0
4,33,12,57,0
4,33,12,58,0
4,33,12,59,0
4,33,12,60,0
4,33,12,61,0
4,33,12,62,0
4,33,12,63,0
4,33,12,64,0
4,33,12,65,0
4,33,12,66,0
4,33,12,67,0
4,33,12,68,0
4,33,12,69,0
4,33,12,70,0
4,33,12,71,0
4,33,12,72,0
4,33,12,73,0
4,33,12,74,0
4,33,12,75,0
4,33,12,76,0
4,33,12,77,0
4,33,12,78,0
4,33,12,79,0
4,33,12,80,0
4,33,12,81,0
4,33,12,82,0
4,33,12,83,0
4,33,12,84,0
4,33,12,85,0
4,33,12,86,0
4,33,12,87,0
4,33,12,88,0
4,33,12,89,0
4,33,12,90,0
4,33,12,91,0
4,33,12,92,0
4,33,12,93,0
4,33,12,94,0
4,33,12,95,0
4,33,12,96,0
4,33,12,97,0
4,33,12,98,0
4,33,12,99,0
4,33,12,100,0
4,33,12,101,0
4,33,12,102,0
4,33,12,103,0
4,33,12,104,0
4,33,12,105,0
4,33,12,106,0
4,33,12,107,0
4,33,12,108,0
4,33,12,109,0
4,33,12,110,0
4,33,12,111,0
4,33,12,112,0
4,33,12,113,0
4,33,12,114,0
4,33,12,115,0
4,33,12,116,0
4,33,12,117,0
4,33,12,118,0
4,33,12,119,0
4,33,12,120,0
4,33,12,121,0
4,33,12,122,0
4,33,12,123,0
4,33,12,124,0
4,33,12,125,0
4,33,12,126,0
4,33,12,127,0
4,33,12,128,0
4,33,12,129,0
4,33,12,130,0
4,33,12,131,0
4,33,12,132,0
4,33,12,133,0
4,33,12,134,0
4,33,12,135,0
4,33,12,136,0
4,33,12,137,0
4,33,12,138,0
4,33,12,139,0
4,33,12,140,0
4,33,12,141,0
4,33,12,142,0
4,33,12,143,0
4,33,12,144,0
4,33,12,145,0
4,33,12,146,0
4,33,12,147,0
4,33,12,148,0
4,33,12,149,0
4,33,12,150,0
4,33,12,151,0
4,33,12,152,0
4,33,12,153,0
4,33,12,154,0
4,33,12,155,0
4,33,12,156,0
4,33,12,157,0
4,33,12,158,0
4,33,12,159,0
4,33,12,160,0
4,33,12,161,0
4,33,12,162,0
4,33,12,163,0
4,33,12,164,0
4,33,12,165,0
4,33,12,166,0
4,33,12,167,0
4,33,12,168,0
4,33,12,169,0
4,33,12,170,0
4,33,12,171,0
4,33,12,172,0
4,33,12,173,0
4,33,12,174,0
4,33,12,175,0
4,33,12,176,0
4,33,12,177,0
4,33,12,178,0
4,33,12,179,0
4,33,12,180,0
4,33,12,181,0
4,33,12,182,0
4,33,12,183,0
4,33,12,184,0
4,33,12,185,0
4,33,12,186,0
4,33,12,187,0
4,33,12,188,0
4,33,12,189,0
4,33,12,190,0
4,33,12,191,0
4,33,12,192,0
4,33,12,193,0
4,33,12,194,0
4,33,12,195,0
4,33,12,196,0
4,33,12,197,0
4,33,12,198,0
4,33,12,199,0
4,33,12,200,0
4,33,12,201,0
4,33,12,202,0
4,33,12,203,0
4,33,12,204,0
4,33,12,205,0
4,33,12,206,0
4,33,12,207,0
4,33,12,208,0
4,33,12,209,0
4,33,12,210,0
4,33,12,211,0
4,33,12,212,0
4,33,12,213,0
4,33,12,214,0
4,33,12,215,0
4,33,12,216,0
4,33,12,217,0
4,33,12,218,0
4,33,12,219,0
4,33,12,220,0
4,33,12,221,0
4,33,12,222,0
4,33,12,223,0
4,33,12,224,0
4,33,12,225,0
4,33,12,226,0
4,33,12,227,0
4,33,13,0,34123499646152586
4,33,13,1,83848675083431148
4,33,13,2,95761168997188414
4,33,13,3,65687162975012664
4,33,13,4,29988245129919178
4,33,13,5,9751754677313856
4,33,13,6,2407562326333382
4,33,13,7,478846961680106
4,33,13,8,80259718250818
4,33,13,9,11718171588148
4,33,13,10,1514044029050
4,33,13,11,174067521796
4,33,13,12,17997136216
4,33,13,13,1687505210
4,33,13,14,144520688
4,33,13,15,10422612
4,33,13,16,724448
4,33,13,17,35668
4,33,13,18,2012
4,33,13,19,0
4,33,13,20,0
4,33,13,21,0
4,33,13,22,0
4,33,13,23,0
4,33,13,24,0
4,33,13,25,0
4,33,13,26,0
4,33,13,27,0
4,33,13,28,0
4,33,13,29,0
4,33,13,30,0
4,33,13,31,0
4,33,13,32,0
4,33,13,33,0
4,33,13,34,0
4,33,13,35,0
4,33,13,36,0
4,33,13,37,0
4,33,13,38,0
4,33,13,39,0
4,33,13,40,0
4,33,13,41,0
4,33,13,42,0
4,33,13,43,0
4,33,13,44,0
4,33,13,45,0
4,33,13,46,0
4,33,13,47,0
4,33,13,48,0
4,33,13,49,0
4,33,13,50,0
4,33,13,51,0
4,33,13,52,0
4,33,13,53,0
4,33,13,54,0
4,33,13,55,0
4,33,13,56,0
4,33,13,57,0
4,33,13,58,0
4,33,13,59,0
4,33,13,60,0
4,33,13,61,0
4,33,13,62,0
4,33,13,63,0
4,33,13,64,0
4,33,13,65,0
4,33,13,66,0
4,33,13,67,0
4,33,13,68,0
4,33,13,69,0
4,33,13,70,0
4,33,13,71,0
4,33,13,72,0
4,33,13,73,0
4,33,13,74,0
4,33,13,75,0
4,33,13,76,0
4,33,13,77,0
4,33,13,78,0
4,33,13,79,0
4,33,13,80,0
4,33,13,81,0
4,33,13,82,0
4,33,13,83,0
4,33,13,84,0
4,33,13,85,0
4,33,13,86,0
4,33,13,87,0
4,33,13,88,0
4,33,13,89,0
4,33,13,90,0
4,33,13,91,0
4,33,13,92,0
4,33,13,93,0
4,33,13,94,0
4,33,13,95,0
4,33,13,96,0
4,33,13,97,0
4,33,13,98,0
4,33,13,99,0
4,33,13,100,0
4,33,13,101,0
4,33,13,102,0
4,33,13,103,0
4,33,13,104,0
4,33,13,105,0
4,33,13,106,0
4,33,13,107,0
4,33,13,108,0
4,33,13,109,0
4,33,13,110,0
4,33,13,111,0
4,33,13,112,0
4,33,13,113,0
4,33,13,114,0
4,33,13,115,0
4,33,13,116,0
4,33,13,117,0
4,33,13,118,0
4,33,13,119,0
4,33,13,120,0
4,33,13,121,0
4,33,13,122,0
4,33,13,123,0
4,33,13,124,0
4,33,13,125,0
4,33,13,126,0
4,33,13,127,0
4,33,13,128,0
4,33,13,129,0
4,33,13,130,0
4,33,13,131,0
4,33,13,132,0
4,33,13,133,0
4,33,13,134,0
4,33,13,135,0
4,33,13,136,0
4,33,13,137,0
4,33,13,138,0
4,33,13,139,0
4,33,13,140,0
4,33,13,141,0
4,33,13,142,0
4,33,13,143,0
4,33,13,144,0
4,33,13,145,0
4,33,13,146,0
4,33,13,147,0
4,33,13,148,0
4,33,13,149,0
4,33,13,150,0
4,33,13,151,0
4,33,13,152,0
4,33,13,153,0
4,33,13,154,0
4,33,13,155,0
4,33,13,156,0
4,33,13,157,0
4,33,13,158,0
4,33,13,159,0
4,33,13,160,0
4,33,13,161,0
4,33,13,162,0
4,33,13,163,0
4,33,13,164,0
4,33,13,165,0
4,33,13,166,0
4,33,13,167,0
4,33,13,168,0
4,33,13,169,0
4,33,13,170,0
4,33,13,171,0
4,33,13,172,0
4,33,13,173,0
4,33,13,174,0
4,33,13,175,0
4,33,13,176,0
4,33,13,177,0
4,33,13,178,0
4,33,13,179,0
4,33,13,180,0
4,33,13,181,0
4,33,13,182,0
4,33,13,183,0
4,33,13,184,0
4,33,13,185,0
4,33,13,186,0
4,33,13,187,0
4,33,13,188,0
4,33,13,189,0
4,33,13,190,0
4,33,13,191,0
4,33,13,192,0
4,33,13,193,0
4,33,13,194,0
4,33,13,195,0
4,33,13,196,0
4,33,13,197,0
4,33,13,198,0
4,33,13,199,0
4,33,13,200,0
4,33,13,201,0
4,33,13,202,0
4,33,13,203,0
4,33,13,204,0
4,33,13,205,0
4,33,13,206,0
4,33,13,207,0
4,33,13,208,0
4,33,13,209,0
4,33,13,210,0
4,33,13,211,0
4,33,13,212,0
4,33,13,213,0
4,33,13,214,0
4,33,13,215,0
4,33,13,216,0
4,33,13,217,0
4,33,13,218,0
4,33,13,219,0
4,33,13,220,0
4,33,13,221,0
4,33,13,222,0
4,33,13,223,0
4,33,13,224,0
4,33,13,225,0
4,33,13,226,0
4,33,13,227,0
4,33,14,0,195723361412176002
4,33,14,1,568970455504116786
4,33,14,2,775056248907447192
4,33,14,3,641686242938672963
4,33,14,4,357751918979324133
4,33,14,5,142954590433248712
4,33,14,6,43182410648677448
4,33,14,7,10377598219282117
4,33,14,8,2073670522567370
4,33,14,9,356426749213278
4,33,14,10,53937494840988
4,33,14,11,7266838120667
4,33,14,12,878302370406
4,33,14,13,96362498310
4,33,14,14,9672982000
4,33,14,15,867240812
4,33,14,16,71321435
4,33,14,17,5064596
4,33,14,18,347078
4,33,14,19,15055
4,33,14,20,652
4,33,14,21,0
4,33,14,22,0
4,33,14,23,0
4,33,14,24,0
4,33,14,25,0
4,33,14,26,0
4,33,14,27,0
4,33,14,28,0
4,33,14,29,0
4,33,14,30,0
4,33,14,31,0
4,33,14,32,0
4,33,14,33,0
4,33,14,34,0
4,33,14,35,0
4,33,14,36,0
4,33,14,37,0
4,33,14,38,0
4,33,14,39,0
4,33,14,40,0
4,33,14,41,0
4,33,14,42,0
4,33,14,43,0
4,33,14,44,0
4,33,14,45,0
4,33,14,46,0
4,33,14,47,0
4,33,14,48,0
4,33,14,49,0
4,33,14,50,0
4,33,14,51,0
4,33,14,52,0
4,33,14,53,0
4,33,14,54,0
4,33,14,55,0
4,33,14,56,0
4,33,14,57,0
4,33,14,58,0
4,33,14,59,0
4,33,14,60,0
4,33,14,61,0
4,33,14,62,0
4,33,14,63,0
4,33,14,64,0
4,33,14,65,0
4,33,14,66,0
4,33,14,67,0
4,33,14,68,0
4,33,14,69,0
4,33,14,70,0
4,33,14,71,0
4,33,14,72,0
4,33,14,73,0
4,33,14,74,0
4,33,14,75,0
4,33,14,76,0
4,33,14,77,0
4,33,14,78,0
4,33,14,79,0
4,33,14,80,0
4,33,14,81,0
4,33,14,82,0
4,33,14,83,0
4,33,14,84,0
4,33,14,85,0
4,33,14,86,0
4,33,14,87,0
4,33,14,88,0
4,33,14,89,0
4,33,14,90,0
4,33,14,91,0
4,33,14,92,0
4,33,14,93,0
4,33,14,94,0
4,33,14,95,0
4,33,14,96,0
4,33,14,97,0
4,33,14,98,0
4,33,14,99,0
4,33,14,100,0
4,33,14,101,0
4,33,14,102,0
4,33,14,103,0
4,33,14,104,0
4,33,14,105,0
4,33,14,106,0
4,33,14,107,0
4,33,14,108,0
4,33,14,109,0
4,33,14,110,0
4,33,14,111,0
4,33,14,112,0
4,33,14,113,0
4,33,14,114,0
4,33,14,115,0
4,33,14,116,0
4,33,14,117,0
4,33,14,118,0
4,33,14,119,0
4,33,14,120,0
4,33,14,121,0
4,33,14,122,0
4,33,14,123,0
4,33,14,124,0
4,33,14,125,0
4,33,14,126,0
4,33,14,127,0
4,33,14,128,0
4,33,14,129,0
4,33,14,130,0
4,33,14,131,0
4,33,14,132,0
4,33,14,133,0
4,33,14,134,0
4,33,14,135,0
4,33,14,136,0
4,33,14,137,0
4,33,14,138,0
4,33,14,139,0
4,33,14,140,0
4,33,14,141,0
4,33,14,142,0
4,33,14,143,0
4,33,14,144,0
4,33,14,145,0
4,33,14,146,0
4,33,14,147,0
4,33,14,148,0
4,33,14,149,0
4,33,14,150,0
4,33,14,151,0
4,33,14,152,0
4,33,14,153,0
4,33,14,154,0
4,33,14,155,0
4,33,14,156,0
4,33,14,157,0
4,33,14,158,0
4,33,14,159,0
4,33,14,160,0
4,33,14,161,0
4,33,14,162,0
4,33,14,163,0
4,33,14,164,0
4,33,14,165,0
4,33,14,166,0
4,33,14,167,0
4,33,14,168,0
4,33,14,169,0
4,33,14,170,0
4,33,14,171,0
4,33,14,172,0
4,33,14,173,0
4,33,14,174,0
4,33,14,175,0
4,33,14,176,0
4,33,14,177,0
4,33,14,178,0
4,33,14,179,0
4,33,14,180,0
4,33,14,181,0
4,33,14,182,0
4,33,14,183,0
4,33,14,184,0
4,33,14,185,0
4,33,14,186,0
4,33,14,187,0
4,33,14,188,0
4,33,14,189,0
4,33,14,190,0
4,33,14,191,0
4,33,14,192,0
4,33,14,193,0
4,33,14,194,0
4,33,14,195,0
4,33,14,196,0
4,33,14,197,0
4,33,14,198,0
4,33,14,199,0
4,33,14,200,0
4,33,14,201,0
4,33,14,202,0
4,33,14,203,0
4,33,14,204,0
4,33,14,205,0
4,33,14,206,0
4,33,14,207,0
4,33,14,208,0
4,33,14,209,0
4,33,14,210,0
4,33,14,211,0
4,33,14,212,0
4,33,14,213,0
4,33,14,214,0
4,33,14,215,0
4,33,14,216,0
4,33,14,217,0
4,33,14,218,0
4,33,14,219,0
4,33,14,220,0
4,33,14,221,0
4,33,14,222,0
4,33,14,223,0
4,33,14,224,0
4,33,14,225,0
4,33,14,226,0
4,33,14,227,0
4,33,15,0,1003334043692062948
4,33,15,1,3412341925822993836
4,33,15,2,5477033683496247304
4,33,15,3,5396897342757018032
4,33,15,4,3618358998165594024
4,33,15,5,1751367233883397454
4,33,15,6,641031435393913356
4,33,15,7,185301554664999596
4,33,15,8,44043599553448732
4,33,15,9,8902766606274974
4,33,15,10,1570406251967026
4,33,15,11,245836755585954
4,33,15,12,34465490586008
4,33,15,13,4371313509950
4,33,15,14,506655111502
4,33,15,15,53433408864
4,33,15,16,5155689088
4,33,15,17,448033948
4,33,15,18,36455380
4,33,15,19,2502824
4,33,15,20,145022
4,33,15,21,7600
4,33,15,22,178
4,33,15,23,0
4,33,15,24,0
4,33,15,25,0
4,33,15,26,0
4,33,15,27,0
4,33,15,28,0
4,33,15,29,0
4,33,15,30,0
4,33,15,31,0
4,33,15,32,0
4,33,15,33,0
4,33,15,34,0
4,33,15,35,0
4,33,15,36,0
4,33,15,37,0
4,33,15,38,0
4,33,15,39,0
4,33,15,40,0
4,33,15,41,0
4,33,15,42,0
4,33,15,43,0
4,33,15,44,0
4,33,15,45,0
4,33,15,46,0
4,33,15,47,0
4,33,15,48,0
4,33,15,49,0
4,33,15,50,0
4,33,15,51,0
4,33,15,52,0
4,33,15,53,0
4,33,15,54,0
4,33,15,55,0
4,33,15,56,0
4,33,15,57,0
4,33,15,58,0
4,33,15,59,0
4,33,15,60,0
4,33,15,61,0
4,33,15,62,0
4,33,15,63,0
4,33,15,64,0
4,33,15,65,0
4,33,15,66,0
4,33,15,67,0
4,33,15,68,0
4,33,15,69,0
4,33,15,70,0
4,33,15,71,0
4,33,15,72,0
4,33,15,73,0
4,33,15,74,0
4,33,15,75,0
4,33,15,76,0
4,33,15,77,0
4,33,15,78,0
4,33,15,79,0
4,33,15,80,0
4,33,15,81,0
4,33,15,82,0
4,33,15,83,0
4,33,15,84,0
4,33,15,85,0
4,33,15,86,0
4,33,15,87,0
4,33,15,88,0
4,33,15,89,0
4,33,15,90,0
4,33,15,91,0
4,33,15,92,0
4,33,15,93,0
4,33,15,94,0
4,33,15,95,0
4,33,15,96,0
4,33,15,97,0
4,33,15,98,0
4,33,15,99,0
4,33,15,100,0
4,33,15,101,0
4,33,15,102,0
4,33,15,103,0
4,33,15,104,0
4,33,15,105,0
4,33,15,106,0
4,33,15,107,0
4,33,15,108,0
4,33,15,109,0
4,33,15,110,0
4,33,15,111,0
4,33,15,112,0
4,33,15,113,0
4,33,15,114,0
4,33,15,115,0
4,33,15,116,0
4,33,15,117,0
4,33,15,118,0
4,33,15,119,0
4,33,15,120,0
4,33,15,121,0
4,33,15,122,0
4,33,15,123,0
4,33,15,124,0
4,33,15,125,0
4,33,15,126,0
4,33,15,127,0
4,33,15,128,0
4,33,15,129,0
4,33,15,130,0
4,33,15,131,0
4,33,15,132,0
4,33,15,133,0
4,33,15,134,0
4,33,15,135,0
4,33,15,136,0
4,33,15,137,0
4,33,15,138,0
4,33,15,139,0
4,33,15,140,0
4,33,15,141,0
4,33,15,142,0
4,33,15,143,0
4,33,15,144,0
4,33,15,145,0
4,33,15,146,0
4,33,15,147,0
4,33,15,148,0
4,33,15,149,0
4,33,15,150,0
4,33,15,151,0
4,33,15,152,0
4,33,15,153,0
4,33,15,154,0
4,33,15,155,0
4,33,15,156,0
4,33,15,157,0
4,33,15,158,0
4,33,15,159,0
4,33,15,160,0
4,33,15,161,0
4,33,15,162,0
4,33,15,163,0
4,33,15,164,0
4,33,15,165,0
4,33,15,166,0
4,33,15,167,0
4,33,15,168,0
4,33,15,169,0
4,33,15,170,0
4,33,15,171,0
4,33,15,172,0
4,33,15,173,0
4,33,15,174,0
4,33,15,175,0
4,33,15,176,0
4,33,15,177,0
4,33,15,178,0
4,33,15,179,0
4,33,15,180,0
4,33,15,181,0
4,33,15,182,0
4,33,15,183,0
4,33,15,184,0
4,33,15,185,0
4,33,15,186,0
4,33,15,187,0
4,33,15,188,0
4,33,15,189,0
4,33,15,190,0
4,33,15,191,0
4,33,15,192,0
4,33,15,193,0
4,33,15,194,0
4,33,15,195,0
4,33,15,196,0
4,33,15,197,0
4,33,15,198,0
4,33,15,199,0
4,33,15,200,0
4,33,15,201,0
4,33,15,202,0
4,33,15,203,0
4,33,15,204,0
4,33,15,205,0
4,33,15,206,0
4,33,15,207,0
4,33,15,208,0
4,33,15,209,0
4,33,15,210,0
4,33,15,211,0
4,33,15,212,0
4,33,15,213,0
4,33,15,214,0
4,33,15,215,0
4,33,15,216,0
4,33,15,217,0
4,33,15,218,0
4,33,15,219,0
4,33,15,220,0
4,33,15,221,0
4,33,15,222,0
4,33,15,223,0
4,33,15,224,0
4,33,15,225,0
4,33,15,226,0
4,33,15,227,0
4,33,16,0,4613733406496108147
4,33,16,1,18180581750676937280
4,33,16,2,34023677283426383052
4,33,16,3,39428973467363020180
4,33,16,4,31376119298943882674
4,33,16,5,18159190564612039829
4,33,16,6,7970871657446131334
4,33,16,7,2754603215447928055
4,33,16,8,776559535406951685
4,33,16,9,184370361736439877
4,33,16,10,37847512135963770
4,33,16,11,6852094500772022
4,33,16,12,1107919558077684
4,33,16,13,161497745156426
4,33,16,14,21439294805712
4,33,16,15,2601839359809
4,33,16,16,289689829382
4,33,16,17,29445820516
4,33,16,18,2773791596
4,33,16,19,237662183
4,33,16,20,17712206
4,33,16,21,1257308
4,33,16,22,63904
4,33,16,23,3539
4,33,16,24,30
4,33,16,25,0
4,33,16,26,0
4,33,16,27,0
4,33,16,28,0
4,33,16,29,0
4,33,16,30,0
4,33,16,31,0
4,33,16,32,0
4,33,16,33,0
4,33,16,34,0
4,33,16,35,0
4,33,16,36,0
4,33,16,37,0
4,33,16,38,0
4,33,16,39,0
4,33,16,40,0
4,33,16,41,0
4,33,16,42,0
4,33,16,43,0
4,33,16,44,0
4,33,16,45,0
4,33,16,46,0
4,33,16,47,0
4,33,16,48,0
4,33,16,49,0
4,33,16,50,0
4,33,16,51,0
4,33,16,52,0
4,33,16,53,0
4,33,16,54,0
4,33,16,55,0
4,33,16,56,0
4,33,16,57,0
4,33,16,58,0
4,33,16,59,0
4,33,16,60,0
4,33,16,61,0
4,33,16,62,0
4,33,16,63,0
4,33,16,64,0
4,33,16,65,0
4,33,16,66,0
4,33,16,67,0
4,33,16,68,0
4,33,16,69,0
4,33,16,70,0
4,33,16,71,0
4,33,16,72,0
4,33,16,73,0
4,33,16,74,0
4,33,16,75,0
4,33,16,76,0
4,33,16,77,0
4,33,16,78,0
4,33,16,79,0
4,33,16,80,0
4,33,16,81,0
4,33,16,82,0
4,33,16,83,0
4,33,16,84,0
4,33,16,85,0
4,33,16,86,0
4,33,16,87,0
4,33,16,88,0
4,33,16,89,0
4,33,16,90,0
4,33,16,91,0
4,33,16,92,0
4,33,16,93,0
4,33,16,94,0
4,33,16,95,0
4,33,16,96,0
4,33,16,97,0
4,33,16,98,0
4,33,16,99,0
4,33,16,100,0
4,33,16,101,0
4,33,16,102,0
4,33,16,103,0
4,33,16,104,0
4,33,16,105,0
4,33,16,106,0
4,33,16,107,0
4,33,16,108,0
4,33,16,109,0
4,33,16,110,0
4,33,16,111,0
4,33,16,112,0
4,33,16,113,0
4,33,16,114,0
4,33,16,115,0
4,33,16,116,0
4,33,16,117,0
4,33,16,118,0
4,33,16,119,0
4,33,16,120,0
4,33,16,121,0
4,33,16,122,0
4,33,16,123,0
4,33,16,124,0
4,33,16,125,0
4,33,16,126,0
4,33,16,127,0
4,33,16,128,0
4,33,16,129,0
4,33,16,130,0
4,33,16,131,0
4,33,16,132,0
4,33,16,133,0
4,33,16,134,0
4,33,16,135,0
4,33,16,136,0
4,33,16,137,0
4,33,16,138,0
4,33,16,139,0
4,33,16,140,0
4,33,16,141,0
4,33,16,142,0
4,33,16,143,0
4,33,16,144,0
4,33,16,145,0
4,33,16,146,0
4,33,16,147,0
4,33,16,148,0
4,33,16,149,0
4,33,16,150,0
4,33,16,151,0
4,33,16,152,0
4,33,16,153,0
4,33,16,154,0
4,33,16,155,0
4,33,16,156,0
4,33,16,157,0
4,33,16,158,0
4,33,16,159,0
4,33,16,160,0
4,33,16,161,0
4,33,16,162,0
4,33,16,163,0
4,33,16,164,0
4,33,16,165,0
4,33,16,166,0
4,33,16,167,0
4,33,16,168,0
4,33,16,169,0
4,33,16,170,0
4,33,16,171,0
4,33,16,172,0
4,33,16,173,0
4,33,16,174,0
4,33,16,175,0
4,33,16,176,0
4,33,16,177,0
4,33,16,178,0
4,33,16,179,0
4,33,16,180,0
4,33,16,181,0
4,33,16,182,0
4,33,16,183,0
4,33,16,184,0
4,33,16,185,0
4,33,16,186,0
4,33,16,187,0
4,33,16,188,0
4,33,16,189,0
4,33,16,190,0
4,33,16,191,0
4,33,16,192,0
4,33,16,193,0
4,33,16,194,0
4,33,16,195,0
4,33,16,196,0
4,33,16,197,0
4,33,16,198,0
4,33,16,199,0
4,33,16,200,0
4,33,16,201,0
4,33,16,202,0
4,33,16,203,0
4,33,16,204,0
4,33,16,205,0
4,33,16,206,0
4,33,16,207,0
4,33,16,208,0
4,33,16,209,0
4,33,16,210,0
4,33,16,211,0
4,33,16,212,0
4,33,16,213,0
4,33,16,214,0
4,33,16,215,0
4,33,16,216,0
4,33,16,217,0
4,33,16,218,0
4,33,16,219,0
4,33,16,220,0
4,33,16,221,0
4,33,16,222,0
4,33,16,223,0
4,33,16,224,0
4,33,16,225,0
4,33,16,226,0
4,33,16,227,0
4,33,17,0,19090390696099415760
4,33,17,1,86420593924236652012
4,33,17,2,186847475925838723260
4,33,17,3,252058007982920189722
4,33,17,4,235397747178306779788
4,33,17,5,161040934393770241256
4,33,17,6,83917081281998176726
4,33,17,7,34422202189274719806
4,33,17,8,11464193861271190204
4,33,17,9,3191214601908696220
4,33,17,10,761649225072350708
4,33,17,11,159153770548845976
4,33,17,12,29565374069255202
4,33,17,13,4934667570025210
4,33,17,14,747098994545534
4,33,17,15,103332941433100
4,33,17,16,13120008680176
4,33,17,17,1530122718926
4,33,17,18,164673444874
4,33,17,19,16431021906
4,33,17,20,1476575736
4,33,17,21,124279994
4,33,17,22,8881160
4,33,17,23,619744
4,33,17,24,29216
4,33,17,25,1384
4,33,17,26,0
4,33,17,27,0
4,33,17,28,0
4,33,17,29,0
4,33,17,30,0
4,33,17,31,0
4,33,17,32,0
4,33,17,33,0
4,33,17,34,0
4,33,17,35,0
4,33,17,36,0
4,33,17,37,0
4,33,17,38,0
4,33,17,39,0
4,33,17,40,0
4,33,17,41,0
4,33,17,42,0
4,33,17,43,0
4,33,17,44,0
4,33,17,45,0
4,33,17,46,0
4,33,17,47,0
4,33,17,48,0
4,33,17,49,0
4,33,17,50,0
4,33,17,51,0
4,33,17,52,0
4,33,17,53,0
4,33,17,54,0
4,33,17,55,0
4,33,17,56,0
4,33,17,57,0
4,33,17,58,0
4,33,17,59,0
4,33,17,60,0
4,33,17,61,0
4,33,17,62,0
4,33,17,63,0
4,33,17,64,0
4,33,17,65,0
4,33,17,66,0
4,33,17,67,0
4,33,17,68,0
4,33,17,69,0
4,33,17,70,0
4,33,17,71,0
4,33,17,72,0
4,33,17,73,0
4,33,17,74,0
4,33,17,75,0
4,33,17,76,0
4,33,17,77,0
4,33,17,78,0
4,33,17,79,0
4,33,17,80,0
4,33,17,81,0
4,33,17,82,0
4,33,17,83,0
4,33,17,84,0
4,33,17,85,0
4,33,17,86,0
4,33,17,87,0
4,33,17,88,0
4,33,17,89,0
4,33,17,90,0
4,33,17,91,0
4,33,17,92,0
4,33,17,93,0
4,33,17,94,0
4,33,17,95,0
4,33,17,96,0
4,33,17,97,0
4,33,17,98,0
4,33,17,99,0
4,33,17,100,0
4,33,17,101,0
4,33,17,102,0
4,33,17,103,0
4,33,17,104,0
4,33,17,105,0
4,33,17,106,0
4,33,17,107,0
4,33,17,108,0
4,33,17,109,0
4,33,17,110,0
4,33,17,111,0
4,33,17,112,0
4,33,17,113,0
4,33,17,114,0
4,33,17,115,0
4,33,17,116,0
4,33,17,117,0
4,33,17,118,0
4,33,17,119,0
4,33,17,120,0
4,33,17,121,0
4,33,17,122,0
4,33,17,123,0
4,33,17,124,0
4,33,17,125,0
4,33,17,126,0
4,33,17,127,0
4,33,17,128,0
4,33,17,129,0
4,33,17,130,0
4,33,17,131,0
4,33,17,132,0
4,33,17,133,0
4,33,17,134,0
4,33,17,135,0
4,33,17,136,0
4,33,17,137,0
4,33,17,138,0
4,33,17,139,0
4,33,17,140,0
4,33,17,141,0
4,33,17,142,0
4,33,17,143,0
4,33,17,144,0
4,33,17,145,0
4,33,17,146,0
4,33,17,147,0
4,33,17,148,0
4,33,17,149,0
4,33,17,150,0
4,33,17,151,0
4,33,17,152,0
4,33,17,153,0
4,33,17,154,0
4,33,17,155,0
4,33,17,156,0
4,33,17,157,0
4,33,17,158,0
4,33,17,159,0
4,33,17,160,0
4,33,17,161,0
4,33,17,162,0
4,33,17,163,0
4,33,17,164,0
4,33,17,165,0
4,33,17,166,0
4,33,17,167,0
4,33,17,168,0
4,33,17,169,0
4,33,17,170,0
4,33,17,171,0
4,33,17,172,0
4,33,17,173,0
4,33,17,174,0
4,33,17,175,0
4,33,17,176,0
4,33,17,177,0
4,33,17,178,0
4,33,17,179,0
4,33,17,180,0
4,33,17,181,0
4,33,17,182,0
4,33,17,183,0
4,33,17,184,0
4,33,17,185,0
4,33,17,186,0
4,33,17,187,0
4,33,17,188,0
4,33,17,189,0
4,33,17,190,0
4,33,17,191,0
4,33,17,192,0
4,33,17,193,0
4,33,17,194,0
4,33,17,195,0
4,33,17,196,0
4,33,17,197,0
4,33,17,198,0
4,33,17,199,0
4,33,17,200,0
4,33,17,201,0
4,33,17,202,0
4,33,17,203,0
4,33,17,204,0
4,33,17,205,0
4,33,17,206,0
4,33,17,207,0
4,33,17,208,0
4,33,17,209,0
4,33,17,210,0
4,33,17,211,0
4,33,17,212,0
4,33,17,213,0
4,33,17,214,0
4,33,17,215,0
4,33,17,216,0
4,33,17,217,0
4,33,17,218,0
4,33,17,219,0
4,33,17,220,0
4,33,17,221,0
4,33,17,222,0
4,33,17,223,0
4,33,17,224,0
4,33,17,225,0
4,33,17,226,0
4,33,17,227,0
4,33,18,0,71266536520721125585
4,33,18,1,367833242349932971437
4,33,18,2,911395465018186812644
4,33,18,3,1418451979264230776536
4,33,18,4,1539493521251091581315
4,33,18,5,1232319876479077386477
4,33,18,6,755081750519027376402
4,33,18,7,364838746279029682444
4,33,18,8,142834714686077923030
4,33,18,9,46494974699661070780
4,33,18,10,12887116925410246619
4,33,18,11,3105157892183102333
4,33,18,12,661358255199988384
4,33,18,13,126056068981242365
4,33,18,14,21710667623978381
4,33,18,15,3406516655455029
4,33,18,16,489999023718449
4,33,18,17,64848180107874
4,33,18,18,7916481766531
4,33,18,19,897116749805
4,33,18,20,93517859632
4,33,18,21,9047625857
4,33,18,22,791956443
4,33,18,23,64727929
4,33,18,24,4563915
4,33,18,25,287704
4,33,18,26,13638
4,33,18,27,462
4,33,18,28,0
4,33,18,29,0
4,33,18,30,0
4,33,18,31,0
4,33,18,32,0
4,33,18,33,0
4,33,18,34,0
4,33,18,35,0
4,33,18,36,0
4,33,18,37,0
4,33,18,38,0
4,33,18,39,0
4,33,18,40,0
4,33,18,41,0
4,33,18,42,0
4,33,18,43,0
4,33,18,44,0
4,33,18,45,0
4,33,18,46,0
4,33,18,47,0
4,33,18,48,0
4,33,18,49,0
4,33,18,50,0
4,33,18,51,0
4,33,18,52,0
4,33,18,53,0
4,33,18,54,0
4,33,18,55,0
4,33,18,56,0
4,33,18,57,0
4,33,18,58,0
4,33,18,59,0
4,33,18,60,0
4,33,18,61,0
4,33,18,62,0
4,33,18,63,0
4,33,18,64,0
4,33,18,65,0
4,33,18,66,0
4,33,18,67,0
4,33,18,68,0
4,33,18,69,0
4,33,18,70,0
4,33,18,71,0
4,33,18,72,0
4,33,18,73,0
4,33,18,74,0
4,33,18,75,0
4,33,18,76,0
4,33,18,77,0
4,33,18,78,0
4,33,18,79,0
4,33,18,80,0
4,33,18,81,0
4,33,18,82,0
4,33,18,83,0
4,33,18,84,0
4,33,18,85,0
4,33,18,86,0
4,33,18,87,0
4,33,18,88,0
4,33,18,89,0
4,33,18,90,0
4,33,18,91,0
4,33,18,92,0
4,33,18,93,0
4,33,18,94,0
4,33,18,95,0
4,33,18,96,0
4,33,18,97,0
4,33,18,98,0
4,33,18,99,0
4,33,18,100,0
4,33,18,101,0
4,33,18,102,0
4,33,18,103,0
4,33,18,104,0
4,33,18,105,0
4,33,18,106,0
4,33,18,107,0
4,33,18,108,0
4,33,18,109,0
4,33,18,110,0
4,33,18,111,0
4,33,18,112,0
4,33,18,113,0
4,33,18,114,0
4,33,18,115,0
4,33,18,116,0
4,33,18,117,0
4,33,18,118,0
4,33,18,119,0
4,33,18,120,0
4,33,18,121,0
4,33,18,122,0
4,33,18,123,0
4,33,18,124,0
4,33,18,125,0
4,33,18,126,0
4,33,18,127,0
4,33,18,128,0
4,33,18,129,0
4,33,18,130,0
4,33,18,131,0
4,33,18,132,0
4,33,18,133,0
4,33,18,134,0
4,33,18,135,0
4,33,18,136,0
4,33,18,137,0
4,33,18,138,0
4,33,18,139,0
4,33,18,140,0
4,33,18,141,0
4,33,18,142,0
4,33,18,143,0
4,33,18,144,0
4,33,18,145,0
4,33,18,146,0
4,33,18,147,0
4,33,18,148,0
4,33,18,149,0
4,33,18,150,0
4,33,18,151,0
4,33,18,152,0
4,33,18,153,0
4,33,18,154,0
4,33,18,155,0
4,33,18,156,0
4,33,18,157,0
4,33,18,158,0
4,33,18,159,0
4,33,18,160,0
4,33,18,161,0
4,33,18,162,0
4,33,18,163,0
4,33,18,164,0
4,33,18,165,0
4,33,18,166,0
4,33,18,167,0
4,33,18,168,0
4,33,18,169,0
4,33,18,170,0
4,33,18,171,0
4,33,18,172,0
4,33,18,173,0
4,33,18,174,0
4,33,18,175,0
4,33,18,176,0
4,33,18,177,0
4,33,18,178,0
4,33,18,179,0
4,33,18,180,0
4,33,18,181,0
4,33,18,182,0
4,33,18,183,0
4,33,18,184,0
4,33,18,185,0
4,33,18,186,0
4,33,18,187,0
4,33,18,188,0
4,33,18,189,0
4,33,18,190,0
4,33,18,191,0
4,33,18,192,0
4,33,18,193,0
4,33,18,194,0
4,33,18,195,0
4,33,18,196,0
4,33,18,197,0
4,33,18,198,0
4,33,18,199,0
4,33,18,200,0
4,33,18,201,0
4,33,18,202,0
4,33,18,203,0
4,33,18,204,0
4,33,18,205,0
4,33,18,206,0
4,33,18,207,0
4,33,18,208,0
4,33,18,209,0
4,33,18,210,0
4,33,18,211,0
4,33,18,212,0
4,33,18,213,0
4,33,18,214,0
4,33,18,215,0
4,33,18,216,0
4,33,18,217,0
4,33,18,218,0
4,33,18,219,0
4,33,18,220,0
4,33,18,221,0
4,33,18,222,0
4,33,18,223,0
4,33,18,224,0
4,33,18,225,0
4,33,18,226,0
4,33,18,227,0
4,33,19,0,240575924466907087156
4,33,19,1,1406176873446385121842
4,33,19,2,3964231817732509298266
4,33,19,3,7062188747046389369920
4,33,19,4,8831411695385681520480
4,33,19,5,8197141757848930366278
4,33,19,6,5854117493567342987572
4,33,19,7,3306488626462250805790
4,33,19,8,1513110938434191242536
4,33,19,9,573975210131369632250
4,33,19,10,184431396398827765898
4,33,19,11,51199633445636703104
4,33,19,12,12489973226191275862
4,33,19,13,2713946262159501132
4,33,19,14,530817297560590624
4,33,19,15,94260970131249440
4,33,19,16,15306057451603602
4,33,19,17,2284725333314504
4,33,19,18,314575443275044
4,33,19,19,40136161148490
4,33,19,20,4747586312952
4,33,19,21,521186074830
4,33,19,22,52863735184
4,33,19,23,4966148584
4,33,19,24,428753304
4,33,19,25,33248750
4,33,19,26,2318114
4,33,19,27,129618
4,33,19,28,6758
4,33,19,29,116
4,33,19,30,0
4,33,19,31,0
4,33,19,32,0
4,33,19,33,0
4,33,19,34,0
4,33,19,35,0
4,33,19,36,0
4,33,19,37,0
4,33,19,38,0
4,33,19,39,0
4,33,19,40,0
4,33,19,41,0
4,33,19,42,0
4,33,19,43,0
4,33,19,44,0
4,33,19,45,0
4,33,19,46,0
4,33,19,47,0
4,33,19,48,0
4,33,19,49,0
4,33,19,50,0
4,33,19,51,0
4,33,19,52,0
4,33,19,53,0
4,33,19,54,0
4,33,19,55,0
4,33,19,56,0
4,33,19,57,0
4,33,19,58,0
4,33,19,59,0
4,33,19,60,0
4,33,19,61,0
4,33,19,62,0
4,33,19,63,0
4,33,19,64,0
4,33,19,65,0
4,33,19,66,0
4,33,19,67,0
4,33,19,68,0
4,33,19,69,0
4,33,19,70,0
4,33,19,71,0
4,33,19,72,0
4,33,19,73,0
4,33,19,74,0
4,33,19,75,0
4,33,19,76,0
4,33,19,77,0
4,33,19,78,0
4,33,19,79,0
4,33,19,80,0
4,33,19,81,0
4,33,19,82,0
4,33,19,83,0
4,33,19,84,0
4,33,19,85,0
4,33,19,86,0
4,33,19,87,0
4,33,19,88,0
4,33,19,89,0
4,33,19,90,0
4,33,19,91,0
4,33,19,92,0
4,33,19,93,0
4,33,19,94,0
4,33,19,95,0
4,33,19,96,0
4,33,19,97,0
4,33,19,98,0
4,33,19,99,0
4,33,19,100,0
4,33,19,101,0
4,33,19,102,0
4,33,19,103,0
4,33,19,104,0
4,33,19,105,0
4,33,19,106,0
4,33,19,107,0
4,33,19,108,0
4,33,19,109,0
4,33,19,110,0
4,33,19,111,0
4,33,19,112,0
4,33,19,113,0
4,33,19,114,0
4,33,19,115,0
4,33,19,116,0
4,33,19,117,0
4,33,19,118,0
4,33,19,119,0
4,33,19,120,0
4,33,19,121,0
4,33,19,122,0
4,33,19,123,0
4,33,19,124,0
4,33,19,125,0
4,33,19,126,0
4,33,19,127,0
4,33,19,128,0
4,33,19,129,0
4,33,19,130,0
4,33,19,131,0
4,33,19,132,0
4,33,19,133,0
4,33,19,134,0
4,33,19,135,0
4,33,19,136,0
4,33,19,137,0
4,33,19,138,0
4,33,19,139,0
4,33,19,140,0
4,33,19,141,0
4,33,19,142,0
4,33,19,143,0
4,33,19,144,0
4,33,19,145,0
4,33,19,146,0
4,33,19,147,0
4,33,19,148,0
4,33,19,149,0
4,33,19,150,0
4,33,19,151,0
4,33,19,152,0
4,33,19,153,0
4,33,19,154,0
4,33,19,155,0
4,33,19,156,0
4,33,19,157,0
4,33,19,158,0
4,33,19,159,0
4,33,19,160,0
4,33,19,161,0
4,33,19,162,0
4,33,19,163,0
4,33,19,164,0
4,33,19,165,0
4,33,19,166,0
4,33,19,167,0
4,33,19,168,0
4,33,19,169,0
4,33,19,170,0
4,33,19,171,0
4,33,19,172,0
4,33,19,173,0
4,33,19,174,0
4,33,19,175,0
4,33,19,176,0
4,33,19,177,0
4,33,19,178,0
4,33,19,179,0
4,33,19,180,0
4,33,19,181,0
4,33,19,182,0
4,33,19,183,0
4,33,19,184,0
4,33,19,185,0
4,33,19,186,0
4,33,19,187,0
4,33,19,188,0
4,33,19,189,0
4,33,19,190,0
4,33,19,191,0
4,33,19,192,0
4,33,19,193,0
4,33,19,194,0
4,33,19,195,0
4,33,19,196,0
4,33,19,197,0
4,33,19,198,0
4,33,19,199,0
4,33,19,200,0
4,33,19,201,0
4,33,19,202,0
4,33,19,203,0
4,33,19,204,0
4,33,19,205,0
4,33,19,206,0
4,33,19,207,0
4,33,19,208,0
4,33,19,209,0
4,33,19,210,0
4,33,19,211,0
4,33,19,212,0
4,33,19,213,0
4,33,19,214,0
4,33,19,215,0
4,33,19,216,0
4,33,19,217,0
4,33,19,218,0
4,33,19,219,0
4,33,19,220,0
4,33,19,221,0
4,33,19,222,0
4,33,19,223,0
4,33,19,224,0
4,33,19,225,0
4,33,19,226,0
4,33,19,227,0
4,33,20,0,735802581829254772502
4,33,20,1,4840798838558939289928
4,33,20,2,15427570162531118694802
4,33,20,3,31239699722772985524131
4,33,20,4,44670504917834223416518
4,33,20,5,47692041261670898856752
4,33,20,6,39380101921064812492206
4,33,20,7,25809249941272232524686
4,33,20,8,13722974823405400869358
4,33,20,9,6040952491811994007556
4,33,20,10,2244789292552209778076
4,33,20,11,717122503401759160825
4,33,20,12,200226218512858707162
4,33,20,13,49551119888761742690
4,33,20,14,10992794987198213676
4,33,20,15,2206230302236923869
4,33,20,16,403641935881505326
4,33,20,17,67739948050882309
4,33,20,18,10475668795012970
4,33,20,19,1498893334942059
4,33,20,20,199059065857662
4,33,20,21,24576602223805
4,33,20,22,2820876746666
4,33,20,23,300832908480
4,33,20,24,29855511926
4,33,20,25,2723130479
4,33,20,26,229501592
4,33,20,27,16873801
4,33,20,28,1188202
4,33,20,29,59281
4,33,20,30,2876
4,33,20,31,29
4,33,20,32,0
4,33,20,33,0
4,33,20,34,0
4,33,20,35,0
4,33,20,36,0
4,33,20,37,0
4,33,20,38,0
4,33,20,39,0
4,33,20,40,0
4,33,20,41,0
4,33,20,42,0
4,33,20,43,0
4,33,20,44,0
4,33,20,45,0
4,33,20,46,0
4,33,20,47,0
4,33,20,48,0
4,33,20,49,0
4,33,20,50,0
4,33,20,51,0
4,33,20,52,0
4,33,20,53,0
4,33,20,54,0
4,33,20,55,0
4,33,20,56,0
4,33,20,57,0
4,33,20,58,0
4,33,20,59,0
4,33,20,60,0
4,33,20,61,0
4,33,20,62,0
4,33,20,63,0
4,33,20,64,0
4,33,20,65,0
4,33,20,66,0
4,33,20,67,0
4,33,20,68,0
4,33,20,69,0
4,33,20,70,0
4,33,20,71,0
4,33,20,72,0
4,33,20,73,0
4,33,20,74,0
4,33,20,75,0
4,33,20,76,0
4,33,20,77,0
4,33,20,78,0
4,33,20,79,0
4,33,20,80,0
4,33,20,81,0
4,33,20,82,0
4,33,20,83,0
4,33,20,84,0
4,33,20,85,0
4,33,20,86,0
4,33,20,87,0
4,33,20,88,0
4,33,20,89,0
4,33,20,90,0
4,33,20,91,0
4,33,20,92,0
4,33,20,93,0
4,33,20,94,0
4,33,20,95,0
4,33,20,96,0
4,33,20,97,0
4,33,20,98,0
4,33,20,99,0
4,33,20,100,0
4,33,20,101,0
4,33,20,102,0
4,33,20,103,0
4,33,20,104,0
4,33,20,105,0
4,33,20,106,0
4,33,20,107,0
4,33,20,108,0
4,33,20,109,0
4,33,20,110,0
4,33,20,111,0
4,33,20,112,0
4,33,20,113,0
4,33,20,114,0
4,33,20,115,0
4,33,20,116,0
4,33,20,117,0
4,33,20,118,0
4,33,20,119,0
4,33,20,120,0
4,33,20,121,0
4,33,20,122,0
4,33,20,123,0
4,33,20,124,0
4,33,20,125,0
4,33,20,126,0
4,33,20,127,0
4,33,20,128,0
4,33,20,129,0
4,33,20,130,0
4,33,20,131,0
4,33,20,132,0
4,33,20,133,0
4,33,20,134,0
4,33,20,135,0
4,33,20,136,0
4,33,20,137,0
4,33,20,138,0
4,33,20,139,0
4,33,20,140,0
4,33,20,141,0
4,33,20,142,0
4,33,20,143,0
4,33,20,144,0
4,33,20,145,0
4,33,20,146,0
4,33,20,147,0
4,33,20,148,0
4,33,20,149,0
4,33,20,150,0
4,33,20,151,0
4,33,20,152,0
4,33,20,153,0
4,33,20,154,0
4,33,20,155,0
4,33,20,156,0
4,33,20,157,0
4,33,20,158,0
4,33,20,159,0
4,33,20,160,0
4,33,20,161,0
4,33,20,162,0
4,33,20,163,0
4,33,20,164,0
4,33,20,165,0
4,33,20,166,0
4,33,20,167,0
4,33,20,168,0
4,33,20,169,0
4,33,20,170,0
4,33,20,171,0
4,33,20,172,0
4,33,20,173,0
4,33,20,174,0
4,33,20,175,0
4,33,20,176,0
4,33,20,177,0
4,33,20,178,0
4,33,20,179,0
4,33,20,180,0
4,33,20,181,0
4,33,20,182,0
4,33,20,183,0
4,33,20,184,0
4,33,20,185,0
4,33,20,186,0
4,33,20,187,0
4,33,20,188,0
4,33,20,189,0
4,33,20,190,0
4,33,20,191,0
4,33,20,192,0
4,33,20,193,0
4,33,20,194,0
4,33,20,195,0
4,33,20,196,0
4,33,20,197,0
4,33,20,198,0
4,33,20,199,0
4,33,20,200,0
4,33,20,201,0
4,33,20,202,0
4,33,20,203,0
4,33,20,204,0
4,33,20,205,0
4,33,20,206,0
4,33,20,207,0
4,33,20,208,0
4,33,20,209,0
4,33,20,210,0
4,33,20,211,0
4,33,20,212,0
4,33,20,213,0
4,33,20,214,0
4,33,20,215,0
4,33,20,216,0
4,33,20,217,0
4,33,20,218,0
4,33,20,219,0
4,33,20,220,0
4,33,20,221,0
4,33,20,222,0
4,33,20,223,0
4,33,20,224,0
4,33,20,225,0
4,33,20,226,0
4,33,20,227,0
4,33,21,0,2042400166075054218298
4,33,21,1,15040048578083477175184
4,33,21,2,53871226392357880003236
4,33,21,3,123215296878896110432714
4,33,21,4,200102709329703075728382
4,33,21,5,243974719309335234823980
4,33,21,6,231220753438994098270056
4,33,21,7,174617835502400101538564
4,33,21,8,107226765464805869322026
4,33,21,9,54522393189293323967812
4,33,21,10,23357614742203343741866
4,33,21,11,8571894242171945813904
4,33,21,12,2736915903812683730514
4,33,21,13,770922277708207518166
4,33,21,14,193839120627449292624
4,33,21,15,43929799433008915150
4,33,21,16,9045959189595586814
4,33,21,17,1703960343287842012
4,33,21,18,295208367754979054
4,33,21,19,47246191848388382
4,33,21,20,7011370492902574
4,33,21,21,967567213060294
4,33,21,22,124360944071868
4,33,21,23,14895241351422
4,33,21,24,1664718013802
4,33,21,25,173145438398
4,33,21,26,16756627050
4,33,21,27,1479384406
4,33,21,28,122227262
4,33,21,29,8751752
4,33,21,30,571488
4,33,21,31,28172
4,33,21,32,1174
4,33,21,33,0
4,33,21,34,0
4,33,21,35,0
4,33,21,36,0
4,33,21,37,0
4,33,21,38,0
4,33,21,39,0
4,33,21,40,0
4,33,21,41,0
4,33,21,42,0
4,33,21,43,0
4,33,21,44,0
4,33,21,45,0
4,33,21,46,0
4,33,21,47,0
4,33,21,48,0
4,33,21,49,0
4,33,21,50,0
4,33,21,51,0
4,33,21,52,0
4,33,21,53,0
4,33,21,54,0
4,33,21,55,0
4,33,21,56,0
4,33,21,57,0
4,33,21,58,0
4,33,21,59,0
4,33,21,60,0
4,33,21,61,0
4,33,21,62,0
4,33,21,63,0
4,33,21,64,0
4,33,21,65,0
4,33,21,66,0
4,33,21,67,0
4,33,21,68,0
4,33,21,69,0
4,33,21,70,0
4,33,21,71,0
4,33,21,72,0
4,33,21,73,0
4,33,21,74,0
4,33,21,75,0
4,33,21,76,0
4,33,21,77,0
4,33,21,78,0
4,33,21,79,0
4,33,21,80,0
4,33,21,81,0
4,33,21,82,0
4,33,21,83,0
4,33,21,84,0
4,33,21,85,0
4,33,21,86,0
4,33,21,87,0
4,33,21,88,0
4,33,21,89,0
4,33,21,90,0
4,33,21,91,0
4,33,21,92,0
4,33,21,93,0
4,33,21,94,0
4,33,21,95,0
4,33,21,96,0
4,33,21,97,0
4,33,21,98,0
4,33,21,99,0
4,33,21,100,0
4,33,21,101,0
4,33,21,102,0
4,33,21,103,0
4,33,21,104,0
4,33,21,105,0
4,33,21,106,0
4,33,21,107,0
4,33,21,108,0
4,33,21,109,0
4,33,21,110,0
4,33,21,111,0
4,33,21,112,0
4,33,21,113,0
4,33,21,114,0
4,33,21,115,0
4,33,21,116,0
4,33,21,117,0
4,33,21,118,0
4,33,21,119,0
4,33,21,120,0
4,33,21,121,0
4,33,21,122,0
4,33,21,123,0
4,33,21,124,0
4,33,21,125,0
4,33,21,126,0
4,33,21,127,0
4,33,21,128,0
4,33,21,129,0
4,33,21,130,0
4,33,21,131,0
4,33,21,132,0
4,33,21,133,0
4,33,21,134,0
4,33,21,135,0
4,33,21,136,0
4,33,21,137,0
4,33,21,138,0
4,33,21,139,0
4,33,21,140,0
4,33,21,141,0
4,33,21,142,0
4,33,21,143,0
4,33,21,144,0
4,33,21,145,0
4,33,21,146,0
4,33,21,147,0
4,33,21,148,0
4,33,21,149,0
4,33,21,150,0
4,33,21,151,0
4,33,21,152,0
4,33,21,153,0
4,33,21,154,0
4,33,21,155,0
4,33,21,156,0
4,33,21,157,0
4,33,21,158,0
4,33,21,159,0
4,33,21,160,0
4,33,21,161,0
4,33,21,162,0
4,33,21,163,0
4,33,21,164,0
4,33,21,165,0
4,33,21,166,0
4,33,21,167,0
4,33,21,168,0
4,33,21,169,0
4,33,21,170,0
4,33,21,171,0
4,33,21,172,0
4,33,21,173,0
4,33,21,174,0
4,33,21,175,0
4,33,21,176,0
4,33,21,177,0
4,33,21,178,0
4,33,21,179,0
4,33,21,180,0
4,33,21,181,0
4,33,21,182,0
4,33,21,183,0
4,33,21,184,0
4,33,21,185,0
4,33,21,186,0
4,33,21,187,0
4,33,21,188,0
4,33,21,189,0
4,33,21,190,0
4,33,21,191,0
4,33,21,192,0
4,33,21,193,0
4,33,21,194,0
4,33,21,195,0
4,33,21,196,0
4,33,21,197,0
4,33,21,198,0
4,33,21,199,0
4,33,21,200,0
4,33,21,201,0
4,33,21,202,0
4,33,21,203,0
4,33,21,204,0
4,33,21,205,0
4,33,21,206,0
4,33,21,207,0
4,33,21,208,0
4,33,21,209,0
4,33,21,210,0
4,33,21,211,0
4,33,21,212,0
4,33,21,213,0
4,33,21,214,0
4,33,21,215,0
4,33,21,216,0
4,33,21,217,0
4,33,21,218,0
4,33,21,219,0
4,33,21,220,0
4,33,21,221,0
4,33,21,222,0
4,33,21,223,0
4,33,21,224,0
4,33,21,225,0
4,33,21,226,0
4,33,21,227,0
4,33,22,0,5152483817328899055418
4,33,22,1,42253589569210338728718
4,33,22,2,169195377966940714825398
4,33,22,3,434635044426707283884137
4,33,22,4,796773431832849338891624
4,33,22,5,1102252253734568994238990
4,33,22,6,1191026711112864256692220
4,33,22,7,1029716862356106070009541
4,33,22,8,725941226807374246527981
4,33,22,9,424287689499459916700478
4,33,22,10,208800904375880268805264
4,33,22,11,87823527845201005063938
4,33,22,12,32026298609246258323663
4,33,22,13,10260836399934386234137
4,33,22,14,2922536977876406665359
4,33,22,15,747487512809490564804
4,33,22,16,173130218005627861733
4,33,22,17,36572753612325546528
4,33,22,18,7088404470291343056
4,33,22,19,1266700262953833657
4,33,22,20,209562755857851781
4,33,22,21,32208971313503254
4,33,22,22,4610974697292650
4,33,22,23,615832770719141
4,33,22,24,76838594908005
4,33,22,25,8960329614074
4,33,22,26,976715010372
4,33,22,27,98877054389
4,33,22,28,9327825167
4,33,22,29,809326631
4,33,22,30,63878475
4,33,22,31,4508471
4,33,22,32,276882
4,33,22,33,12872
4,33,22,34,392
4,33,22,35,0
4,33,22,36,0
4,33,22,37,0
4,33,22,38,0
4,33,22,39,0
4,33,22,40,0
4,33,22,41,0
4,33,22,42,0
4,33,22,43,0
4,33,22,44,0
4,33,22,45,0
4,33,22,46,0
4,33,22,47,0
4,33,22,48,0
4,33,22,49,0
4,33,22,50,0
4,33,22,51,0
4,33,22,52,0
4,33,22,53,0
4,33,22,54,0
4,33,22,55,0
4,33,22,56,0
4,33,22,57,0
4,33,22,58,0
4,33,22,59,0
4,33,22,60,0
4,33,22,61,0
4,33,22,62,0
4,33,22,63,0
4,33,22,64,0
4,33,22,65,0
4,33,22,66,0
4,33,22,67,0
4,33,22,68,0
4,33,22,69,0
4,33,22,70,0
4,33,22,71,0
4,33,22,72,0
4,33,22,73,0
4,33,22,74,0
4,33,22,75,0
4,33,22,76,0
4,33,22,77,0
4,33,22,78,0
4,33,22,79,0
4,33,22,80,0
4,33,22,81,0
4,33,22,82,0
4,33,22,83,0
4,33,22,84,0
4,33,22,85,0
4,33,22,86,0
4,33,22,87,0
4,33,22,88,0
4,33,22,89,0
4,33,22,90,0
4,33,22,91,0
4,33,22,92,0
4,33,22,93,0
4,33,22,94,0
4,33,22,95,0
4,33,22,96,0
4,33,22,97,0
4,33,22,98,0
4,33,22,99,0
4,33,22,100,0
4,33,22,101,0
4,33,22,102,0
4,33,22,103,0
4,33,22,104,0
4,33,22,105,0
4,33,22,106,0
4,33,22,107,0
4,33,22,108,0
4,33,22,109,0
4,33,22,110,0
4,33,22,111,0
4,33,22,112,0
4,33,22,113,0
4,33,22,114,0
4,33,22,115,0
4,33,22,116,0
4,33,22,117,0
4,33,22,118,0
4,33,22,119,0
4,33,22,120,0
4,33,22,121,0
4,33,22,122,0
4,33,22,123,0
4,33,22,124,0
4,33,22,125,0
4,33,22,126,0
4,33,22,127,0
4,33,22,128,0
4,33,22,129,0
4,33,22,130,0
4,33,22,131,0
4,33,22,132,0
4,33,22,133,0
4,33,22,134,0
4,33,22,135,0
4,33,22,136,0
4,33,22,137,0
4,33,22,138,0
4,33,22,139,0
4,33,22,140,0
4,33,22,141,0
4,33,22,142,0
4,33,22,143,0
4,33,22,144,0
4,33,22,145,0
4,33,22,146,0
4,33,22,147,0
4,33,22,148,0
4,33,22,149,0
4,33,22,150,0
4,33,22,151,0
4,33,22,152,0
4,33,22,153,0
4,33,22,154,0
4,33,22,155,0
4,33,22,156,0
4,33,22,157,0
4,33,22,158,0
4,33,22,159,0
4,33,22,160,0
4,33,22,161,0
4,33,22,162,0
4,33,22,163,0
4,33,22,164,0
4,33,22,165,0
4,33,22,166,0
4,33,22,167,0
4,33,22,168,0
4,33,22,169,0
4,33,22,170,0
4,33,22,171,0
4,33,22,172,0
4,33,22,173,0
4,33,22,174,0
4,33,22,175,0
4,33,22,176,0
4,33,22,177,0
4,33,22,178,0
4,33,22,179,0
4,33,22,180,0
4,33,22,181,0
4,33,22,182,0
4,33,22,183,0
4,33,22,184,0
4,33,22,185,0
4,33,22,186,0
4,33,22,187,0
4,33,22,188,0
4,33,22,189,0
4,33,22,190,0
4,33,22,191,0
4,33,22,192,0
4,33,22,193,0
4,33,22,194,0
4,33,22,195,0
4,33,22,196,0
4,33,22,197,0
4,33,22,198,0
4,33,22,199,0
4,33,22,200,0
4,33,22,201,0
4,33,22,202,0
4,33,22,203,0
4,33,22,204,0
4,33,22,205,0
4,33,22,206,0
4,33,22,207,0
4,33,22,208,0
4,33,22,209,0
4,33,22,210,0
4,33,22,211,0
4,33,22,212,0
4,33,22,213,0
4,33,22,214,0
4,33,22,215,0
4,33,22,216,0
4,33,22,217,0
4,33,22,218,0
4,33,22,219,0
4,33,22,220,0
4,33,22,221,0
4,33,22,222,0
4,33,22,223,0
4,33,22,224,0
4,33,22,225,0
4,33,22,226,0
4,33,22,227,0
4,33,23,0,11828434139102600595388
4,33,23,1,107514819644556943514052
4,33,23,2,478949468017194740912888
4,33,23,3,1374684185533767081886214
4,33,23,4,2828984807039889938272098
4,33,23,5,4414537962665929150309822
4,33,23,6,5405664909222279933816686
4,33,23,7,5318089725626340037193448
4,33,23,8,4279946300757905647902340
4,33,23,9,2861071313274244386767222
4,33,23,10,1611041213196480408248574
4,33,23,11,774465867437773730501332
4,33,23,12,322003471932846507509738
4,33,23,13,117235468181340124174516
4,33,23,14,37805632992558946377736
4,33,23,15,10908108026453998385426
4,33,23,16,2840645997464821722306
4,33,23,17,672635388496420045050
4,33,23,18,145741097915793866666
4,33,23,19,29049629423349927626
4,33,23,20,5350554287550989204
4,33,23,21,914140066811328492
4,33,23,22,145334608361686616
4,33,23,23,21553445925991610
4,33,23,24,2987115189225610
4,33,23,25,387389613552534
4,33,23,26,47062737449614
4,33,23,27,5347886209552
4,33,23,28,568014865036
4,33,23,29,56312583568
4,33,23,30,5165786504
4,33,23,31,437407050
4,33,23,32,33504902
4,33,23,33,2301082
4,33,23,34,127334
4,33,23,35,6052
4,33,23,36,112
4,33,23,37,0
4,33,23,38,0
4,33,23,39,0
4,33,23,40,0
4,33,23,41,0
4,33,23,42,0
4,33,23,43,0
4,33,23,44,0
4,33,23,45,0
4,33,23,46,0
4,33,23,47,0
4,33,23,48,0
4,33,23,49,0
4,33,23,50,0
4,33,23,51,0
4,33,23,52,0
4,33,23,53,0
4,33,23,54,0
4,33,23,55,0
4,33,23,56,0
4,33,23,57,0
4,33,23,58,0
4,33,23,59,0
4,33,23,60,0
4,33,23,61,0
4,33,23,62,0
4,33,23,63,0
4,33,23,64,0
4,33,23,65,0
4,33,23,66,0
4,33,23,67,0
4,33,23,68,0
4,33,23,69,0
4,33,23,70,0
4,33,23,71,0
4,33,23,72,0
4,33,23,73,0
4,33,23,74,0
4,33,23,75,0
4,33,23,76,0
4,33,23,77,0
4,33,23,78,0
4,33,23,79,0
4,33,23,80,0
4,33,23,81,0
4,33,23,82,0
4,33,23,83,0
4,33,23,84,0
4,33,23,85,0
4,33,23,86,0
4,33,23,87,0
4,33,23,88,0
4,33,23,89,0
4,33,23,90,0
4,33,23,91,0
4,33,23,92,0
4,33,23,93,0
4,33,23,94,0
4,33,23,95,0
4,33,23,96,0
4,33,23,97,0
4,33,23,98,0
4,33,23,99,0
4,33,23,100,0
4,33,23,101,0
4,33,23,102,0
4,33,23,103,0
4,33,23,104,0
4,33,23,105,0
4,33,23,106,0
4,33,23,107,0
4,33,23,108,0
4,33,23,109,0
4,33,23,110,0
4,33,23,111,0
4,33,23,112,0
4,33,23,113,0
4,33,23,114,0
4,33,23,115,0
4,33,23,116,0
4,33,23,117,0
4,33,23,118,0
4,33,23,119,0
4,33,23,120,0
4,33,23,121,0
4,33,23,122,0
4,33,23,123,0
4,33,23,124,0
4,33,23,125,0
4,33,23,126,0
4,33,23,127,0
4,33,23,128,0
4,33,23,129,0
4,33,23,130,0
4,33,23,131,0
4,33,23,132,0
4,33,23,133,0
4,33,23,134,0
4,33,23,135,0
4,33,23,136,0
4,33,23,137,0
4,33,23,138,0
4,33,23,139,0
4,33,23,140,0
4,33,23,141,0
4,33,23,142,0
4,33,23,143,0
4,33,23,144,0
4,33,23,145,0
4,33,23,146,0
4,33,23,147,0
4,33,23,148,0
4,33,23,149,0
4,33,23,150,0
4,33,23,151,0
4,33,23,152,0
4,33,23,153,0
4,33,23,154,0
4,33,23,155,0
4,33,23,156,0
4,33,23,157,0
4,33,23,158,0
4,33,23,159,0
4,33,23,160,0
4,33,23,161,0
4,33,23,162,0
4,33,23,163,0
4,33,23,164,0
4,33,23,165,0
4,33,23,166,0
4,33,23,167,0
4,33,23,168,0
4,33,23,169,0
4,33,23,170,0
4,33,23,171,0
4,33,23,172,0
4,33,23,173,0
4,33,23,174,0
4,33,23,175,0
4,33,23,176,0
4,33,23,177,0
4,33,23,178,0
4,33,23,179,0
4,33,23,180,0
4,33,23,181,0
4,33,23,182,0
4,33,23,183,0
4,33,23,184,0
4,33,23,185,0
4,33,23,186,0
4,33,23,187,0
4,33,23,188,0
4,33,23,189,0
4,33,23,190,0
4,33,23,191,0
4,33,23,192,0
4,33,23,193,0
4,33,23,194,0
4,33,23,195,0
4,33,23,196,0
4,33,23,197,0
4,33,23,198,0
4,33,23,199,0
4,33,23,200,0
4,33,23,201,0
4,33,23,202,0
4,33,23,203,0
4,33,23,204,0
4,33,23,205,0
4,33,23,206,0
4,33,23,207,0
4,33,23,208,0
4,33,23,209,0
4,33,23,210,0
4,33,23,211,0
4,33,23,212,0
4,33,23,213,0
4,33,23,214,0
4,33,23,215,0
4,33,23,216,0
4,33,23,217,0
4,33,23,218,0
4,33,23,219,0
4,33,23,220,0
4,33,23,221,0
4,33,23,222,0
4,33,23,223,0
4,33,23,224,0
4,33,23,225,0
4,33,23,226,0
4,33,23,227,0
4,33,24,0,24736387487327231556662
4,33,24,1,248124797081249417082544
4,33,24,2,1224128485652519169383544
4,33,24,3,3907056985616863727084724
4,33,24,4,8980488954222890175693517
4,33,24,5,15723325280032862579759455
4,33,24,6,21698171166775068671991874
4,33,24,7,24155241682421243810126194
4,33,24,8,22072435551292450441111748
4,33,24,9,16793579835637097643597387
4,33,24,10,10775434517623889343986818
4,33,24,11,5901634631648948196982207
4,33,24,12,2791583448292877256139145
4,33,24,13,1153468225134215755455128
4,33,24,14,420841729024053419414436
4,33,24,15,136926737208817185513251
4,33,24,16,40080146205092989123441
4,33,24,17,10635409880481776058296
4,33,24,18,2575247772953086477734
4,33,24,19,572238181525906521364
4,33,24,20,117251694671021541503
4,33,24,21,22244940863260206675
4,33,24,22,3921458956710129958
4,33,24,23,644236362357794670
4,33,24,24,98864820847176025
4,33,24,25,14198202923996970
4,33,24,26,1911144645238606
4,33,24,27,241261441697320
4,33,24,28,28553864305835
4,33,24,29,3168524793258
4,33,24,30,328713235330
4,33,24,31,31801348412
4,33,24,32,2848868792
4,33,24,33,235547114
4,33,24,34,17291344
4,33,24,35,1161022
4,33,24,36,59052
4,33,24,37,2617
4,33,24,38,28
4,33,24,39,0
4,33,24,40,0
4,33,24,41,0
4,33,24,42,0
4,33,24,43,0
4,33,24,44,0
4,33,24,45,0
4,33,24,46,0
4,33,24,47,0
4,33,24,48,0
4,33,24,49,0
4,33,24,50,0
4,33,24,51,0
4,33,24,52,0
4,33,24,53,0
4,33,24,54,0
4,33,24,55,0
4,33,24,56,0
4,33,24,57,0
4,33,24,58,0
4,33,24,59,0
4,33,24,60,0
4,33,24,61,0
4,33,24,62,0
4,33,24,63,0
4,33,24,64,0
4,33,24,65,0
4,33,24,66,0
4,33,24,67,0
4,33,24,68,0
4,33,24,69,0
4,33,24,70,0
4,33,24,71,0
4,33,24,72,0
4,33,24,73,0
4,33,24,74,0
4,33,24,75,0
4,33,24,76,0
4,33,24,77,0
4,33,24,78,0
4,33,24,79,0
4,33,24,80,0
4,33,24,81,0
4,33,24,82,0
4,33,24,83,0
4,33,24,84,0
4,33,24,85,0
4,33,24,86,0
4,33,24,87,0
4,33,24,88,0
4,33,24,89,0
4,33,24,90,0
4,33,24,91,0
4,33,24,92,0
4,33,24,93,0
4,33,24,94,0
4,33,24,95,0
4,33,24,96,0
4,33,24,97,0
4,33,24,98,0
4,33,24,99,0
4,33,24,100,0
4,33,24,101,0
4,33,24,102,0
4,33,24,103,0
4,33,24,104,0
4,33,24,105,0
4,33,24,106,0
4,33,24,107,0
4,33,24,108,0
4,33,24,109,0
4,33,24,110,0
4,33,24,111,0
4,33,24,112,0
4,33,24,113,0
4,33,24,114,0
4,33,24,115,0
4,33,24,116,0
4,33,24,117,0
4,33,24,118,0
4,33,24,119,0
4,33,24,120,0
4,33,24,121,0
4,33,24,122,0
4,33,24,123,0
4,33,24,124,0
4,33,24,125,0
4,33,24,126,0
4,33,24,127,0
4,33,24,128,0
4,33,24,129,0
4,33,24,130,0
4,33,24,131,0
4,33,24,132,0
4,33,24,133,0
4,33,24,134,0
4,33,24,135,0
4,33,24,136,0
4,33,24,137,0
4,33,24,138,0
4,33,24,139,0
4,33,24,140,0
4,33,24,141,0
4,33,24,142,0
4,33,24,143,0
4,33,24,144,0
4,33,24,145,0
4,33,24,146,0
4,33,24,147,0
4,33,24,148,0
4,33,24,149,0
4,33,24,150,0
4,33,24,151,0
4,33,24,152,0
4,33,24,153,0
4,33,24,154,0
4,33,24,155,0
4,33,24,156,0
4,33,24,157,0
4,33,24,158,0
4,33,24,159,0
4,33,24,160,0
4,33,24,161,0
4,33,24,162,0
4,33,24,163,0
4,33,24,164,0
4,33,24,165,0
4,33,24,166,0
4,33,24,167,0
4,33,24,168,0
4,33,24,169,0
4,33,24,170,0
4,33,24,171,0
4,33,24,172,0
4,33,24,173,0
4,33,24,174,0
4,33,24,175,0
4,33,24,176,0
4,33,24,177,0
4,33,24,178,0
4,33,24,179,0
4,33,24,180,0
4,33,24,181,0
4,33,24,182,0
4,33,24,183,0
4,33,24,184,0
4,33,24,185,0
4,33,24,186,0
4,33,24,187,0
4,33,24,188,0
4,33,24,189,0
4,33,24,190,0
4,33,24,191,0
4,33,24,192,0
4,33,24,193,0
4,33,24,194,0
4,33,24,195,0
4,33,24,196,0
4,33,24,197,0
4,33,24,198,0
4,33,24,199,0
4,33,24,200,0
4,33,24,201,0
4,33,24,202,0
4,33,24,203,0
4,33,24,204,0
4,33,24,205,0
4,33,24,206,0
4,33,24,207,0
4,33,24,208,0
4,33,24,209,0
4,33,24,210,0
4,33,24,211,0
4,33,24,212,0
4,33,24,213,0
4,33,24,214,0
4,33,24,215,0
4,33,24,216,0
4,33,24,217,0
4,33,24,218,0
4,33,24,219,0
4,33,24,220,0
4,33,24,221,0
4,33,24,222,0
4,33,24,223,0
4,33,24,224,0
4,33,24,225,0
4,33,24,226,0
4,33,24,227,0
4,33,25,0,47167512414550541020076
4,33,25,1,519982963305825102051556
4,33,25,2,2829147322202992714746160
4,33,25,3,9997138547117690796814350
4,33,25,4,25546431583420436610490620
4,33,25,5,49938929669390358328235396
4,33,25,6,77272029413121263915442546
4,33,25,7,96837825058770845409068474
4,33,25,8,99961652120179732586977092
4,33,25,9,86151588437558106557486540
4,33,25,10,62726306177754181540323826
4,33,25,11,39007233772072846401135390
4,33,25,12,20938196166682297477820758
4,33,25,13,9802029066248476634168720
4,33,25,14,4042160159081663374633390
4,33,25,15,1482279154908079554856032
4,33,25,16,487550828440961070705294
4,33,25,17,144953305008733195371116
4,33,25,18,39217975918518316584756
4,33,25,19,9712725868068885523006
4,33,25,20,2213112037707975173982
4,33,25,21,465988040079705246242
4,33,25,22,91012441199258629526
4,33,25,23,16542464094803579372
4,33,25,24,2805864798854030442
4,33,25,25,445120801603260966
4,33,25,26,66168154059379186
4,33,25,27,9230224908549456
4,33,25,28,1209096271037226
4,33,25,29,148789826314796
4,33,25,30,17194642419246
4,33,25,31,1863604296206
4,33,25,32,188935133146
4,33,25,33,17874013158
4,33,25,34,1559467720
4,33,25,35,125471160
4,33,25,36,8947574
4,33,25,37,568128
4,33,25,38,27570
4,33,25,39,1080
4,33,25,40,0
4,33,25,41,0
4,33,25,42,0
4,33,25,43,0
4,33,25,44,0
4,33,25,45,0
4,33,25,46,0
4,33,25,47,0
4,33,25,48,0
4,33,25,49,0
4,33,25,50,0
4,33,25,51,0
4,33,25,52,0
4,33,25,53,0
4,33,25,54,0
4,33,25,55,0
4,33,25,56,0
4,33,25,57,0
4,33,25,58,0
4,33,25,59,0
4,33,25,60,0
4,33,25,61,0
4,33,25,62,0
4,33,25,63,0
4,33,25,64,0
4,33,25,65,0
4,33,25,66,0
4,33,25,67,0
4,33,25,68,0
4,33,25,69,0
4,33,25,70,0
4,33,25,71,0
4,33,25,72,0
4,33,25,73,0
4,33,25,74,0
4,33,25,75,0
4,33,25,76,0
4,33,25,77,0
4,33,25,78,0
4,33,25,79,0
4,33,25,80,0
4,33,25,81,0
4,33,25,82,0
4,33,25,83,0
4,33,25,84,0
4,33,25,85,0
4,33,25,86,0
4,33,25,87,0
4,33,25,88,0
4,33,25,89,0
4,33,25,90,0
4,33,25,91,0
4,33,25,92,0
4,33,25,93,0
4,33,25,94,0
4,33,25,95,0
4,33,25,96,0
4,33,25,97,0
4,33,25,98,0
4,33,25,99,0
4,33,25,100,0
4,33,25,101,0
4,33,25,102,0
4,33,25,103,0
4,33,25,104,0
4,33,25,105,0
4,33,25,106,0
4,33,25,107,0
4,33,25,108,0
4,33,25,109,0
4,33,25,110,0
4,33,25,111,0
4,33,25,112,0
4,33,25,113,0
4,33,25,114,0
4,33,25,115,0
4,33,25,116,0
4,33,25,117,0
4,33,25,118,0
4,33,25,119,0
4,33,25,120,0
4,33,25,121,0
4,33,25,122,0
4,33,25,123,0
4,33,25,124,0
4,33,25,125,0
4,33,25,126,0
4,33,25,127,0
4,33,25,128,0
4,33,25,129,0
4,33,25,130,0
4,33,25,131,0
4,33,25,132,0
4,33,25,133,0
4,33,25,134,0
4,33,25,135,0
4,33,25,136,0
4,33,25,137,0
4,33,25,138,0
4,33,25,139,0
4,33,25,140,0
4,33,25,141,0
4,33,25,142,0
4,33,25,143,0
4,33,25,144,0
4,33,25,145,0
4,33,25,146,0
4,33,25,147,0
4,33,25,148,0
4,33,25,149,0
4,33,25,150,0
4,33,25,151,0
4,33,25,152,0
4,33,25,153,0
4,33,25,154,0
4,33,25,155,0
4,33,25,156,0
4,33,25,157,0
4,33,25,158,0
4,33,25,159,0
4,33,25,160,0
4,33,25,161,0
4,33,25,162,0
4,33,25,163,0
4,33,25,164,0
4,33,25,165,0
4,33,25,166,0
4,33,25,167,0
4,33,25,168,0
4,33,25,169,0
4,33,25,170,0
4,33,25,171,0
4,33,25,172,0
4,33,25,173,0
4,33,25,174,0
4,33,25,175,0
4,33,25,176,0
4,33,25,177,0
4,33,25,178,0
4,33,25,179,0
4,33,25,180,0
4,33,25,181,0
4,33,25,182,0
4,33,25,183,0
4,33,25,184,0
4,33,25,185,0
4,33,25,186,0
4,33,25,187,0
4,33,25,188,0
4,33,25,189,0
4,33,25,190,0
4,33,25,191,0
4,33,25,192,0
4,33,25,193,0
4,33,25,194,0
4,33,25,195,0
4,33,25,196,0
4,33,25,197,0
4,33,25,198,0
4,33,25,199,0
4,33,25,200,0
4,33,25,201,0
4,33,25,202,0
4,33,25,203,0
4,33,25,204,0
4,33,25,205,0
4,33,25,206,0
4,33,25,207,0
4,33,25,208,0
4,33,25,209,0
4,33,25,210,0
4,33,25,211,0
4,33,25,212,0
4,33,25,213,0
4,33,25,214,0
4,33,25,215,0
4,33,25,216,0
4,33,25,217,0
4,33,25,218,0
4,33,25,219,0
4,33,25,220,0
4,33,25,221,0
4,33,25,222,0
4,33,25,223,0
4,33,25,224,0
4,33,25,225,0
4,33,25,226,0
4,33,25,227,0
4,33,26,0,82071368223425494760062
4,33,26,1,990537332563287632266134
4,33,26,2,5920184766182001815167894
4,33,26,3,23065992263318998062011364
4,33,26,4,65247275169161357387321838
4,33,26,5,141767182999782194368582012
4,33,26,6,244807447631784048540615883
4,33,26,7,343715129090106187310151421
4,33,26,8,398901085485650812522602945
4,33,26,9,387658557187623318773952050
4,33,26,10,318952003379565527525843402
4,33,26,11,224405553410411454683935262
4,33,26,12,136306802734660198242529247
4,33,26,13,72148701669812416703061689
4,33,26,14,33584215094694716098376907
4,33,26,15,13869758022314348609760619
4,33,26,16,5124340541371320750304275
4,33,26,17,1706662916711841031425382
4,33,26,18,515889782066819186655869
4,33,26,19,142389603284085571509613
4,33,26,20,36074727169929343074925
4,33,26,21,8428114144929943056104
4,33,26,22,1823062881237679913281
4,33,26,23,366383500262268512075
4,33,26,24,68619932494952123938
4,33,26,25,12007867624271910042
4,33,26,26,1967564241754857274
4,33,26,27,302439273191336866
4,33,26,28,43671041400633174
4,33,26,29,5929065850182868
4,33,26,30,757277483172878
4,33,26,31,90980581662872
4,33,26,32,10273496087439
4,33,26,33,1088821018071
4,33,26,34,107921020691
4,33,26,35,9967333735
4,33,26,36,850092069
4,33,26,37,66106236
4,33,26,38,4594099
4,33,26,39,277911
4,33,26,40,12166
4,33,26,41,378
4,33,26,42,0
4,33,26,43,0
4,33,26,44,0
4,33,26,45,0
4,33,26,46,0
4,33,26,47,0
4,33,26,48,0
4,33,26,49,0
4,33,26,50,0
4,33,26,51,0
4,33,26,52,0
4,33,26,53,0
4,33,26,54,0
4,33,26,55,0
4,33,26,56,0
4,33,26,57,0
4,33,26,58,0
4,33,26,59,0
4,33,26,60,0
4,33,26,61,0
4,33,26,62,0
4,33,26,63,0
4,33,26,64,0
4,33,26,65,0
4,33,26,66,0
4,33,26,67,0
4,33,26,68,0
4,33,26,69,0
4,33,26,70,0
4,33,26,71,0
4,33,26,72,0
4,33,26,73,0
4,33,26,74,0
4,33,26,75,0
4,33,26,76,0
4,33,26,77,0
4,33,26,78,0
4,33,26,79,0
4,33,26,80,0
4,33,26,81,0
4,33,26,82,0
4,33,26,83,0
4,33,26,84,0
4,33,26,85,0
4,33,26,86,0
4,33,26,87,0
4,33,26,88,0
4,33,26,89,0
4,33,26,90,0
4,33,26,91,0
4,33,26,92,0
4,33,26,93,0
4,33,26,94,0
4,33,26,95,0
4,33,26,96,0
4,33,26,97,0
4,33,26,98,0
4,33,26,99,0
4,33,26,100,0
4,33,26,101,0
4,33,26,102,0
4,33,26,103,0
4,33,26,104,0
4,33,26,105,0
4,33,26,106,0
4,33,26,107,0
4,33,26,108,0
4,33,26,109,0
4,33,26,110,0
4,33,26,111,0
4,33,26,112,0
4,33,26,113,0
4,33,26,114,0
4,33,26,115,0
4,33,26,116,0
4,33,26,117,0
4,33,26,118,0
4,33,26,119,0
4,33,26,120,0
4,33,26,121,0
4,33,26,122,0
4,33,26,123,0
4,33,26,124,0
4,33,26,125,0
4,33,26,126,0
4,33,26,127,0
4,33,26,128,0
4,33,26,129,0
4,33,26,130,0
4,33,26,131,0
4,33,26,132,0
4,33,26,133,0
4,33,26,134,0
4,33,26,135,0
4,33,26,136,0
4,33,26,137,0
4,33,26,138,0
4,33,26,139,0
4,33,26,140,0
4,33,26,141,0
4,33,26,142,0
4,33,26,143,0
4,33,26,144,0
4,33,26,145,0
4,33,26,146,0
4,33,26,147,0
4,33,26,148,0
4,33,26,149,0
4,33,26,150,0
4,33,26,151,0
4,33,26,152,0
4,33,26,153,0
4,33,26,154,0
4,33,26,155,0
4,33,26,156,0
4,33,26,157,0
4,33,26,158,0
4,33,26,159,0
4,33,26,160,0
4,33,26,161,0
4,33,26,162,0
4,33,26,163,0
4,33,26,164,0
4,33,26,165,0
4,33,26,166,0
4,33,26,167,0
4,33,26,168,0
4,33,26,169,0
4,33,26,170,0
4,33,26,171,0
4,33,26,172,0
4,33,26,173,0
4,33,26,174,0
4,33,26,175,0
4,33,26,176,0
4,33,26,177,0
4,33,26,178,0
4,33,26,179,0
4,33,26,180,0
4,33,26,181,0
4,33,26,182,0
4,33,26,183,0
4,33,26,184,0
4,33,26,185,0
4,33,26,186,0
4,33,26,187,0
4,33,26,188,0
4,33,26,189,0
4,33,26,190,0
4,33,26,191,0
4,33,26,192,0
4,33,26,193,0
4,33,26,194,0
4,33,26,195,0
4,33,26,196,0
4,33,26,197,0
4,33,26,198,0
4,33,26,199,0
4,33,26,200,0
4,33,26,201,0
4,33,26,202,0
4,33,26,203,0
4,33,26,204,0
4,33,26,205,0
4,33,26,206,0
4,33,26,207,0
4,33,26,208,0
4,33,26,209,0
4,33,26,210,0
4,33,26,211,0
4,33,26,212,0
4,33,26,213,0
4,33,26,214,0
4,33,26,215,0
4,33,26,216,0
4,33,26,217,0
4,33,26,218,0
4,33,26,219,0
4,33,26,220,0
4,33,26,221,0
4,33,26,222,0
4,33,26,223,0
4,33,26,224,0
4,33,26,225,0
4,33,26,226,0
4,33,26,227,0
4,33,27,0,130400745887552397144000
4,33,27,1,1716712256717817951302276
4,33,27,2,11229086096102391037500192
4,33,27,3,48053875176743245560144038
4,33,27,4,149869264452846895669024690
4,33,27,5,360421488699666739452696388
4,33,27,6,691569256670620688790108574
4,33,27,7,1082989742965330316007740386
4,33,27,8,1406781049803084706330618298
4,33,27,9,1534882354054829891059134588
4,33,27,10,1421264127966402137895886012
4,33,27,11,1127269885597018848201044110
4,33,27,12,772491020287539602970937858
4,33,27,13,461239699021918350928682980
4,33,27,14,241951535155375966853086516
4,33,27,15,112415983655646250563053246
4,33,27,16,46625715446469867645528514
4,33,27,17,17390694079663462992774764
4,33,27,18,5872644064128534014961816
4,33,27,19,1806396430765970010774958
4,33,27,20,508861997655185081224518
4,33,27,21,131906229384067858617938
4,33,27,22,31595846735689493519890
4,33,27,23,7019309012480657921072
4,33,27,24,1450990219006947085276
4,33,27,25,279877130545749432146
4,33,27,26,50496603530942495818
4,33,27,27,8540044572929816954
4,33,27,28,1356218612058420290
4,33,27,29,202519838577328394
4,33,27,30,28465464670963154
4,33,27,31,3768355332474290
4,33,27,32,469929044774256
4,33,27,33,55180741369188
4,33,27,34,6094141189946
4,33,27,35,631667290366
4,33,27,36,61264987982
4,33,27,37,5521044162
4,33,27,38,459008124
4,33,27,39,34890026
4,33,27,40,2318584
4,33,27,41,128462
4,33,27,42,5732
4,33,27,43,108
4,33,27,44,0
4,33,27,45,0
4,33,27,46,0
4,33,27,47,0
4,33,27,48,0
4,33,27,49,0
4,33,27,50,0
4,33,27,51,0
4,33,27,52,0
4,33,27,53,0
4,33,27,54,0
4,33,27,55,0
4,33,27,56,0
4,33,27,57,0
4,33,27,58,0
4,33,27,59,0
4,33,27,60,0
4,33,27,61,0
4,33,27,62,0
4,33,27,63,0
4,33,27,64,0
4,33,27,65,0
4,33,27,66,0
4,33,27,67,0
4,33,27,68,0
4,33,27,69,0
4,33,27,70,0
4,33,27,71,0
4,33,27,72,0
4,33,27,73,0
4,33,27,74,0
4,33,27,75,0
4,33,27,76,0
4,33,27,77,0
4,33,27,78,0
4,33,27,79,0
4,33,27,80,0
4,33,27,81,0
4,33,27,82,0
4,33,27,83,0
4,33,27,84,0
4,33,27,85,0
4,33,27,86,0
4,33,27,87,0
4,33,27,88,0
4,33,27,89,0
4,33,27,90,0
4,33,27,91,0
4,33,27,92,0
4,33,27,93,0
4,33,27,94,0
4,33,27,95,0
4,33,27,96,0
4,33,27,97,0
4,33,27,98,0
4,33,27,99,0
4,33,27,100,0
4,33,27,101,0
4,33,27,102,0
4,33,27,103,0
4,33,27,104,0
4,33,27,105,0
4,33,27,106,0
4,33,27,107,0
4,33,27,108,0
4,33,27,109,0
4,33,27,110,0
4,33,27,111,0
4,33,27,112,0
4,33,27,113,0
4,33,27,114,0
4,33,27,115,0
4,33,27,116,0
4,33,27,117,0
4,33,27,118,0
4,33,27,119,0
4,33,27,120,0
4,33,27,121,0
4,33,27,122,0
4,33,27,123,0
4,33,27,124,0
4,33,27,125,0
4,33,27,126,0
4,33,27,127,0
4,33,27,128,0
4,33,27,129,0
4,33,27,130,0
4,33,27,131,0
4,33,27,132,0
4,33,27,133,0
4,33,27,134,0
4,33,27,135,0
4,33,27,136,0
4,33,27,137,0
4,33,27,138,0
4,33,27,139,0
4,33,27,140,0
4,33,27,141,0
4,33,27,142,0
4,33,27,143,0
4,33,27,144,0
4,33,27,145,0
4,33,27,146,0
4,33,27,147,0
4,33,27,148,0
4,33,27,149,0
4,33,27,150,0
4,33,27,151,0
4,33,27,152,0
4,33,27,153,0
4,33,27,154,0
4,33,27,155,0
4,33,27,156,0
4,33,27,157,0
4,33,27,158,0
4,33,27,159,0
4,33,27,160,0
4,33,27,161,0
4,33,27,162,0
4,33,27,163,0
4,33,27,164,0
4,33,27,165,0
4,33,27,166,0
4,33,27,167,0
4,33,27,168,0
4,33,27,169,0
4,33,27,170,0
4,33,27,171,0
4,33,27,172,0
4,33,27,173,0
4,33,27,174,0
4,33,27,175,0
4,33,27,176,0
4,33,27,177,0
4,33,27,178,0
4,33,27,179,0
4,33,27,180,0
4,33,27,181,0
4,33,27,182,0
4,33,27,183,0
4,33,27,184,0
4,33,27,185,0
4,33,27,186,0
4,33,27,187,0
4,33,27,188,0
4,33,27,189,0
4,33,27,190,0
4,33,27,191,0
4,33,27,192,0
4,33,27,193,0
4,33,27,194,0
4,33,27,195,0
4,33,27,196,0
4,33,27,197,0
4,33,27,198,0
4,33,27,199,0
4,33,27,200,0
4,33,27,201,0
4,33,27,202,0
4,33,27,203,0
4,33,27,204,0
4,33,27,205,0
4,33,27,206,0
4,33,27,207,0
4,33,27,208,0
4,33,27,209,0
4,33,27,210,0
4,33,27,211,0
4,33,27,212,0
4,33,27,213,0
4,33,27,214,0
4,33,27,215,0
4,33,27,216,0
4,33,27,217,0
4,33,27,218,0
4,33,27,219,0
4,33,27,220,0
4,33,27,221,0
4,33,27,222,0
4,33,27,223,0
4,33,27,224,0
4,33,27,225,0
4,33,27,226,0
4,33,27,227,0
4,33,28,0,189307042576309679790084
4,33,28,1,2708925902345952141203728
4,33,28,2,19323753778773701114020284
4,33,28,3,90499585988795989439160670
4,33,28,4,310020363819151105538596602
4,33,28,5,822002797205104066208370366
4,33,28,6,1745472066436889888047834342
4,33,28,7,3036049528394730446197530181
4,33,28,8,4395650599280436964479112368
4,33,28,9,5362174930211786159900686128
4,33,28,10,5566140075107107243358051088
4,33,28,11,4958946665742454401723699469
4,33,28,12,3821910891212666018076884630
4,33,28,13,2567619641745640050847220788
4,33,28,14,1514928990079682664434450656
4,33,28,15,790829604298836622171904093
4,33,28,16,367921705938006117987608538
4,33,28,17,153617623875202306637953946
4,33,28,18,57941218452164541746351606
4,33,28,19,19861528307834685857565704
4,33,28,20,6221320103991619452061112
4,33,28,21,1789427898980064220649440
4,33,28,22,474667283161263490763734
4,33,28,23,116566782750713932928302
4,33,28,24,26591732905015727971854
4,33,28,25,5652100560195965515089
4,33,28,26,1122308149599620879724
4,33,28,27,208668258729565308073
4,33,28,28,36401195703311780356
4,33,28,29,5968008123462234962
4,33,28,30,920868671450265976
4,33,28,31,133870225934007266
4,33,28,32,18348482722659112
4,33,28,33,2371869414523592
4,33,28,34,289121422017646
4,33,28,35,33209008715589
4,33,28,36,3589455760254
4,33,28,37,364101064805
4,33,28,38,34497206896
4,33,28,39,3046574944
4,33,28,40,246609692
4,33,28,41,17961945
4,33,28,42,1173616
4,33,28,43,59053
4,33,28,44,2470
4,33,28,45,27
4,33,28,46,0
4,33,28,47,0
4,33,28,48,0
4,33,28,49,0
4,33,28,50,0
4,33,28,51,0
4,33,28,52,0
4,33,28,53,0
4,33,28,54,0
4,33,28,55,0
4,33,28,56,0
4,33,28,57,0
4,33,28,58,0
4,33,28,59,0
4,33,28,60,0
4,33,28,61,0
4,33,28,62,0
4,33,28,63,0
4,33,28,64,0
4,33,28,65,0
4,33,28,66,0
4,33,28,67,0
4,33,28,68,0
4,33,28,69,0
4,33,28,70,0
4,33,28,71,0
4,33,28,72,0
4,33,28,73,0
4,33,28,74,0
4,33,28,75,0
4,33,28,76,0
4,33,28,77,0
4,33,28,78,0
4,33,28,79,0
4,33,28,80,0
4,33,28,81,0
4,33,28,82,0
4,33,28,83,0
4,33,28,84,0
4,33,28,85,0
4,33,28,86,0
4,33,28,87,0
4,33,28,88,0
4,33,28,89,0
4,33,28,90,0
4,33,28,91,0
4,33,28,92,0
4,33,28,93,0
4,33,28,94,0
4,33,28,95,0
4,33,28,96,0
4,33,28,97,0
4,33,28,98,0
4,33,28,99,0
4,33,28,100,0
4,33,28,101,0
4,33,28,102,0
4,33,28,103,0
4,33,28,104,0
4,33,28,105,0
4,33,28,106,0
4,33,28,107,0
4,33,28,108,0
4,33,28,109,0
4,33,28,110,0
4,33,28,111,0
4,33,28,112,0
4,33,28,113,0
4,33,28,114,0
4,33,28,115,0
4,33,28,116,0
4,33,28,117,0
4,33,28,118,0
4,33,28,119,0
4,33,28,120,0
4,33,28,121,0
4,33,28,122,0
4,33,28,123,0
4,33,28,124,0
4,33,28,125,0
4,33,28,126,0
4,33,28,127,0
4,33,28,128,0
4,33,28,129,0
4,33,28,130,0
4,33,28,131,0
4,33,28,132,0
4,33,28,133,0
4,33,28,134,0
4,33,28,135,0
4,33,28,136,0
4,33,28,137,0
4,33,28,138,0
4,33,28,139,0
4,33,28,140,0
4,33,28,141,0
4,33,28,142,0
4,33,28,143,0
4,33,28,144,0
4,33,28,145,0
4,33,28,146,0
4,33,28,147,0
4,33,28,148,0
4,33,28,149,0
4,33,28,150,0
4,33,28,151,0
4,33,28,152,0
4,33,28,153,0
4,33,28,154,0
4,33,28,155,0
4,33,28,156,0
4,33,28,157,0
4,33,28,158,0
4,33,28,159,0
4,33,28,160,0
4,33,28,161,0
4,33,28,162,0
4,33,28,163,0
4,33,28,164,0
4,33,28,165,0
4,33,28,166,0
4,33,28,167,0
4,33,28,168,0
4,33,28,169,0
4,33,28,170,0
4,33,28,171,0
4,33,28,172,0
4,33,28,173,0
4,33,28,174,0
4,33,28,175,0
4,33,28,176,0
4,33,28,177,0
4,33,28,178,0
4,33,28,179,0
4,33,28,180,0
4,33,28,181,0
4,33,28,182,0
4,33,28,183,0
4,33,28,184,0
4,33,28,185,0
4,33,28,186,0
4,33,28,187,0
4,33,28,188,0
4,33,28,189,0
4,33,28,190,0
4,33,28,191,0
4,33,28,192,0
4,33,28,193,0
4,33,28,194,0
4,33,28,195,0
4,33,28,196,0
4,33,28,197,0
4,33,28,198,0
4,33,28,199,0
4,33,28,200,0
4,33,28,201,0
4,33,28,202,0
4,33,28,203,0
4,33,28,204,0
4,33,28,205,0
4,33,28,206,0
4,33,28,207,0
4,33,28,208,0
4,33,28,209,0
4,33,28,210,0
4,33,28,211,0
4,33,28,212,0
4,33,28,213,0
4,33,28,214,0
4,33,28,215,0
4,33,28,216,0
4,33,28,217,0
4,33,28,218,0
4,33,28,219,0
4,33,28,220,0
4,33,28,221,0
4,33,28,222,0
4,33,28,223,0
4,33,28,224,0
4,33,28,225,0
4,33,28,226,0
4,33,28,227,0
4,33,29,0,251233857700374175856892
4,33,29,1,3894502858557257442515896
4,33,29,2,30194328583276540197892092
4,33,29,3,154224694938232598232267312
4,33,29,4,578246639655834151199299430
4,33,29,5,1684159169269654123896387864
4,33,29,6,3942629947391084072329299402
4,33,29,7,7587436950601689061634292578
4,33,29,8,12195682406469516284574135486
4,33,29,9,16568754090765821492700340520
4,33,29,10,19207454123428914380476525804
4,33,29,11,19153550605522148257688988458
4,33,29,12,16549680432275671561983046420
4,33,29,13,12476344561888212711264068462
4,33,29,14,8261828477813880273528151028
4,33,29,15,4838034083253692036839787140
4,33,29,16,2522051525841845156140841284
4,33,29,17,1178038042540057877689500274
4,33,29,18,496135857324930873654853752
4,33,29,19,189508907303190482004690940
4,33,29,20,66008208286806299367116174
4,33,29,21,21068874462595865432904964
4,33,29,22,6189862751820630996410768
4,33,29,23,1680487011377998430391242
4,33,29,24,423093230930764167397306
4,33,29,25,99094444648627062036574
4,33,29,26,21651589354991624946458
4,33,29,27,4424194217462342824958
4,33,29,28,847292651189555986136
4,33,29,29,152377669762038306608
4,33,29,30,25775870491998641894
4,33,29,31,4106821257006728740
4,33,29,32,616982934535631244
4,33,29,33,87470704698761446
4,33,29,34,11707537054641252
4,33,29,35,1479471453613420
4,33,29,36,176443947345628
4,33,29,37,19841647016824
4,33,29,38,2098582337550
4,33,29,39,208508134862
4,33,29,40,19344967748
4,33,29,41,1661370314
4,33,29,42,131466186
4,33,29,43,9258248
4,33,29,44,575258
4,33,29,45,26924
4,33,29,46,1040
4,33,29,47,0
4,33,29,48,0
4,33,29,49,0
4,33,29,50,0
4,33,29,51,0
4,33,29,52,0
4,33,29,53,0
4,33,29,54,0
4,33,29,55,0
4,33,29,56,0
4,33,29,57,0
4,33,29,58,0
4,33,29,59,0
4,33,29,60,0
4,33,29,61,0
4,33,29,62,0
4,33,29,63,0
4,33,29,64,0
4,33,29,65,0
4,33,29,66,0
4,33,29,67,0
4,33,29,68,0
4,33,29,69,0
4,33,29,70,0
4,33,29,71,0
4,33,29,72,0
4,33,29,73,0
4,33,29,74,0
4,33,29,75,0
4,33,29,76,0
4,33,29,77,0
4,33,29,78,0
4,33,29,79,0
4,33,29,80,0
4,33,29,81,0
4,33,29,82,0
4,33,29,83,0
4,33,29,84,0
4,33,29,85,0
4,33,29,86,0
4,33,29,87,0
4,33,29,88,0
4,33,29,89,0
4,33,29,90,0
4,33,29,91,0
4,33,29,92,0
4,33,29,93,0
4,33,29,94,0
4,33,29,95,0
4,33,29,96,0
4,33,29,97,0
4,33,29,98,0
4,33,29,99,0
4,33,29,100,0
4,33,29,101,0
4,33,29,102,0
4,33,29,103,0
4,33,29,104,0
4,33,29,105,0
4,33,29,106,0
4,33,29,107,0
4,33,29,108,0
4,33,29,109,0
4,33,29,110,0
4,33,29,111,0
4,33,29,112,0
4,33,29,113,0
4,33,29,114,0
4,33,29,115,0
4,33,29,116,0
4,33,29,117,0
4,33,29,118,0
4,33,29,119,0
4,33,29,120,0
4,33,29,121,0
4,33,29,122,0
4,33,29,123,0
4,33,29,124,0
4,33,29,125,0
4,33,29,126,0
4,33,29,127,0
4,33,29,128,0
4,33,29,129,0
4,33,29,130,0
4,33,29,131,0
4,33,29,132,0
4,33,29,133,0
4,33,29,134,0
4,33,29,135,0
4,33,29,136,0
4,33,29,137,0
4,33,29,138,0
4,33,29,139,0
4,33,29,140,0
4,33,29,141,0
4,33,29,142,0
4,33,29,143,0
4,33,29,144,0
4,33,29,145,0
4,33,29,146,0
4,33,29,147,0
4,33,29,148,0
4,33,29,149,0
4,33,29,150,0
4,33,29,151,0
4,33,29,152,0
4,33,29,153,0
4,33,29,154,0
4,33,29,155,0
4,33,29,156,0
4,33,29,157,0
4,33,29,158,0
4,33,29,159,0
4,33,29,160,0
4,33,29,161,0
4,33,29,162,0
4,33,29,163,0
4,33,29,164,0
4,33,29,165,0
4,33,29,166,0
4,33,29,167,0
4,33,29,168,0
4,33,29,169,0
4,33,29,170,0
4,33,29,171,0
4,33,29,172,0
4,33,29,173,0
4,33,29,174,0
4,33,29,175,0
4,33,29,176,0
4,33,29,177,0
4,33,29,178,0
4,33,29,179,0
4,33,29,180,0
4,33,29,181,0
4,33,29,182,0
4,33,29,183,0
4,33,29,184,0
4,33,29,185,0
4,33,29,186,0
4,33,29,187,0
4,33,29,188,0
4,33,29,189,0
4,33,29,190,0
4,33,29,191,0
4,33,29,192,0
4,33,29,193,0
4,33,29,194,0
4,33,29,195,0
4,33,29,196,0
4,33,29,197,0
4,33,29,198,0
4,33,29,199,0
4,33,29,200,0
4,33,29,201,0
4,33,29,202,0
4,33,29,203,0
4,33,29,204,0
4,33,29,205,0
4,33,29,206,0
4,33,29,207,0
4,33,29,208,0
4,33,29,209,0
4,33,29,210,0
4,33,29,211,0
4,33,29,212,0
4,33,29,213,0
4,33,29,214,0
4,33,29,215,0
4,33,29,216,0
4,33,29,217,0
4,33,29,218,0
4,33,29,219,0
4,33,29,220,0
4,33,29,221,0
4,33,29,222,0
4,33,29,223,0
4,33,29,224,0
4,33,29,225,0
4,33,29,226,0
4,33,29,227,0
4,33,30,0,304940387727625929277436
4,33,30,1,5103949995349022653491020
4,33,30,2,42869095689376171433176472
4,33,30,3,238020120814436727984617266
4,33,30,4,973465346023983331675002074
4,33,30,5,3103598522482183165126147246
4,33,30,6,7981316649819893889641095678
4,33,30,7,16931715001040050419705573059
4,33,30,8,30101605082122936970143661439
4,33,30,9,45375588237585193214693036256
4,33,30,10,58531360492467313929336660176
4,33,30,11,65104489641791305800182207925
4,33,30,12,62867190675067600589717980301
4,33,30,13,53034841961768228666399608291
4,33,30,14,39325227446104772269813892289
4,33,30,15,25785773288487565055110618879
4,33,30,16,15042163693227785403309337567
4,33,30,17,7853531478475124594003047593
4,33,30,18,3691400881347753416630526081
4,33,30,19,1570844261150742821012244593
4,33,30,20,608400313927557539538462647
4,33,30,21,215518465734502408375480519
4,33,30,22,70138426250130362752989651
4,33,30,23,21055035921597661515182459
4,33,30,24,5851403801537305182723572
4,33,30,25,1510365095253801749418831
4,33,30,26,363152278047255504084649
4,33,30,27,81548262914245503428359
4,33,30,28,17142431728688372165388
4,33,30,29,3380364998353268042337
4,33,30,30,626447901251063633695
4,33,30,31,109277114836018807878
4,33,30,32,17967367109592457988
4,33,30,33,2787617329055036011
4,33,30,34,408453251342353577
4,33,30,35,56552198412564282
4,33,30,36,7400209382996912
4,33,30,37,915124499755035
4,33,30,38,106848339843967
4,33,30,39,11766993447222
4,33,30,40,1219852600833
4,33,30,41,118546186501
4,33,30,42,10757265607
4,33,30,43,902588980
4,33,30,44,69377621
4,33,30,45,4704506
4,33,30,46,281232
4,33,30,47,11816
4,33,30,48,364
4,33,30,49,0
4,33,30,50,0
4,33,30,51,0
4,33,30,52,0
4,33,30,53,0
4,33,30,54,0
4,33,30,55,0
4,33,30,56,0
4,33,30,57,0
4,33,30,58,0
4,33,30,59,0
4,33,30,60,0
4,33,30,61,0
4,33,30,62,0
4,33,30,63,0
4,33,30,64,0
4,33,30,65,0
4,33,30,66,0
4,33,30,67,0
4,33,30,68,0
4,33,30,69,0
4,33,30,70,0
4,33,30,71,0
4,33,30,72,0
4,33,30,73,0
4,33,30,74,0
4,33,30,75,0
4,33,30,76,0
4,33,30,77,0
4,33,30,78,0
4,33,30,79,0
4,33,30,80,0
4,33,30,81,0
4,33,30,82,0
4,33,30,83,0
4,33,30,84,0
4,33,30,85,0
4,33,30,86,0
4,33,30,87,0
4,33,30,88,0
4,33,30,89,0
4,33,30,90,0
4,33,30,91,0
4,33,30,92,0
4,33,30,93,0
4,33,30,94,0
4,33,30,95,0
4,33,30,96,0
4,33,30,97,0
4,33,30,98,0
4,33,30,99,0
4,33,30,100,0
4,33,30,101,0
4,33,30,102,0
4,33,30,103,0
4,33,30,104,0
4,33,30,105,0
4,33,30,106,0
4,33,30,107,0
4,33,30,108,0
4,33,30,109,0
4,33,30,110,0
4,33,30,111,0
4,33,30,112,0
4,33,30,113,0
4,33,30,114,0
4,33,30,115,0
4,33,30,116,0
4,33,30,117,0
4,33,30,118,0
4,33,30,119,0
4,33,30,120,0
4,33,30,121,0
4,33,30,122,0
4,33,30,123,0
4,33,30,124,0
4,33,30,125,0
4,33,30,126,0
4,33,30,127,0
4,33,30,128,0
4,33,30,129,0
4,33,30,130,0
4,33,30,131,0
4,33,30,132,0
4,33,30,133,0
4,33,30,134,0
4,33,30,135,0
4,33,30,136,0
4,33,30,137,0
4,33,30,138,0
4,33,30,139,0
4,33,30,140,0
4,33,30,141,0
4,33,30,142,0
4,33,30,143,0
4,33,30,144,0
4,33,30,145,0
4,33,30,146,0
4,33,30,147,0
4,33,30,148,0
4,33,30,149,0
4,33,30,150,0
4,33,30,151,0
4,33,30,152,0
4,33,30,153,0
4,33,30,154,0
4,33,30,155,0
4,33,30,156,0
4,33,30,157,0
4,33,30,158,0
4,33,30,159,0
4,33,30,160,0
4,33,30,161,0
4,33,30,162,0
4,33,30,163,0
4,33,30,164,0
4,33,30,165,0
4,33,30,166,0
4,33,30,167,0
4,33,30,168,0
4,33,30,169,0
4,33,30,170,0
4,33,30,171,0
4,33,30,172,0
4,33,30,173,0
4,33,30,174,0
4,33,30,175,0
4,33,30,176,0
4,33,30,177,0
4,33,30,178,0
4,33,30,179,0
4,33,30,180,0
4,33,30,181,0
4,33,30,182,0
4,33,30,183,0
4,33,30,184,0
4,33,30,185,0
4,33,30,186,0
4,33,30,187,0
4,33,30,188,0
4,33,30,189,0
4,33,30,190,0
4,33,30,191,0
4,33,30,192,0
4,33,30,193,0
4,33,30,194,0
4,33,30,195,0
4,33,30,196,0
4,33,30,197,0
4,33,30,198,0
4,33,30,199,0
4,33,30,200,0
4,33,30,201,0
4,33,30,202,0
4,33,30,203,0
4,33,30,204,0
4,33,30,205,0
4,33,30,206,0
4,33,30,207,0
4,33,30,208,0
4,33,30,209,0
4,33,30,210,0
4,33,30,211,0
4,33,30,212,0
4,33,30,213,0
4,33,30,214,0
4,33,30,215,0
4,33,30,216,0
4,33,30,217,0
4,33,30,218,0
4,33,30,219,0
4,33,30,220,0
4,33,30,221,0
4,33,30,222,0
4,33,30,223,0
4,33,30,224,0
4,33,30,225,0
4,33,30,226,0
4,33,30,227,0
4,33,31,0,338655552333155023837752
4,33,31,1,6100610589017482614771176
4,33,31,2,55335527957061392005495472
4,33,31,3,332915987047566624655559448
4,33,31,4,1480417755412259802391492664
4,33,31,5,5149497324115620100598213512
4,33,31,6,14497825770056189493401620912
4,33,31,7,33785911111382720186964945072
4,33,31,8,66201535647182482012717625424
4,33,31,9,110334525416629302930349622462
4,33,31,10,157815226513779499130356345424
4,33,31,11,195144269738564579760214430504
4,33,31,12,209932336250165190742592032046
4,33,31,13,197619062898170752845908215054
4,33,31,14,163682520360571909155635209096
4,33,31,15,119939804444222495483697635124
4,33,31,16,78176717173068890899299644402
4,33,31,17,45573824817983249247864266394
4,33,31,18,23890905719875511662655969118
4,33,31,19,11322225018184390672371592220
4,33,31,20,4875539683084434508909300340
4,33,31,21,1916841921529884174247875496
4,33,31,22,691116556261724781079298142
4,33,31,23,229447864954868637810954578
4,33,31,24,70402652479475282046049110
4,33,31,25,20031657198317710968007518
4,33,31,26,5301222704612676954149594
4,33,31,27,1308415410405887133324674
4,33,31,28,301916676224742045762774
4,33,31,29,65276148016652518307990
4,33,31,30,13249619489411597514068
4,33,31,31,2529273104609585490208
4,33,31,32,454780045218030568278
4,33,31,33,77125632000701638576
4,33,31,34,12350147917136425940
4,33,31,35,1868981019231702646
4,33,31,36,267464112165092542
4,33,31,37,36208571443100328
4,33,31,38,4636917481143786
4,33,31,39,561474497484672
4,33,31,40,64238557496586
4,33,31,41,6931791555096
4,33,31,42,703880197102
4,33,31,43,66975916322
4,33,31,44,5946230604
4,33,31,45,485465060
4,33,31,46,36455124
4,33,31,47,2369866
4,33,31,48,129444
4,33,31,49,5516
4,33,31,50,104
4,33,31,51,0
4,33,31,52,0
4,33,31,53,0
4,33,31,54,0
4,33,31,55,0
4,33,31,56,0
4,33,31,57,0
4,33,31,58,0
4,33,31,59,0
4,33,31,60,0
4,33,31,61,0
4,33,31,62,0
4,33,31,63,0
4,33,31,64,0
4,33,31,65,0
4,33,31,66,0
4,33,31,67,0
4,33,31,68,0
4,33,31,69,0
4,33,31,70,0
4,33,31,71,0
4,33,31,72,0
4,33,31,73,0
4,33,31,74,0
4,33,31,75,0
4,33,31,76,0
4,33,31,77,0
4,33,31,78,0
4,33,31,79,0
4,33,31,80,0
4,33,31,81,0
4,33,31,82,0
4,33,31,83,0
4,33,31,84,0
4,33,31,85,0
4,33,31,86,0
4,33,31,87,0
4,33,31,88,0
4,33,31,89,0
4,33,31,90,0
4,33,31,91,0
4,33,31,92,0
4,33,31,93,0
4,33,31,94,0
4,33,31,95,0
4,33,31,96,0
4,33,31,97,0
4,33,31,98,0
4,33,31,99,0
4,33,31,100,0
4,33,31,101,0
4,33,31,102,0
4,33,31,103,0
4,33,31,104,0
4,33,31,105,0
4,33,31,106,0
4,33,31,107,0
4,33,31,108,0
4,33,31,109,0
4,33,31,110,0
4,33,31,111,0
4,33,31,112,0
4,33,31,113,0
4,33,31,114,0
4,33,31,115,0
4,33,31,116,0
4,33,31,117,0
4,33,31,118,0
4,33,31,119,0
4,33,31,120,0
4,33,31,121,0
4,33,31,122,0
4,33,31,123,0
4,33,31,124,0
4,33,31,125,0
4,33,31,126,0
4,33,31,127,0
4,33,31,128,0
4,33,31,129,0
4,33,31,130,0
4,33,31,131,0
4,33,31,132,0
4,33,31,133,0
4,33,31,134,0
4,33,31,135,0
4,33,31,136,0
4,33,31,137,0
4,33,31,138,0
4,33,31,139,0
4,33,31,140,0
4,33,31,141,0
4,33,31,142,0
4,33,31,143,0
4,33,31,144,0
4,33,31,145,0
4,33,31,146,0
4,33,31,147,0
4,33,31,148,0
4,33,31,149,0
4,33,31,150,0
4,33,31,151,0
4,33,31,152,0
4,33,31,153,0
4,33,31,154,0
4,33,31,155,0
4,33,31,156,0
4,33,31,157,0
4,33,31,158,0
4,33,31,159,0
4,33,31,160,0
4,33,31,161,0
4,33,31,162,0
4,33,31,163,0
4,33,31,164,0
4,33,31,165,0
4,33,31,166,0
4,33,31,167,0
4,33,31,168,0
4,33,31,169,0
4,33,31,170,0
4,33,31,171,0
4,33,31,172,0
4,33,31,173,0
4,33,31,174,0
4,33,31,175,0
4,33,31,176,0
4,33,31,177,0
4,33,31,178,0
4,33,31,179,0
4,33,31,180,0
4,33,31,181,0
4,33,31,182,0
4,33,31,183,0
4,33,31,184,0
4,33,31,185,0
4,33,31,186,0
4,33,31,187,0
4,33,31,188,0
4,33,31,189,0
4,33,31,190,0
4,33,31,191,0
4,33,31,192,0
4,33,31,193,0
4,33,31,194,0
4,33,31,195,0
4,33,31,196,0
4,33,31,197,0
4,33,31,198,0
4,33,31,199,0
4,33,31,200,0
4,33,31,201,0
4,33,31,202,0
4,33,31,203,0
4,33,31,204,0
4,33,31,205,0
4,33,31,206,0
4,33,31,207,0
4,33,31,208,0
4,33,31,209,0
4,33,31,210,0
4,33,31,211,0
4,33,31,212,0
4,33,31,213,0
4,33,31,214,0
4,33,31,215,0
4,33,31,216,0
4,33,31,217,0
4,33,31,218,0
4,33,31,219,0
4,33,31,220,0
4,33,31,221,0
4,33,31,222,0
4,33,31,223,0
4,33,31,224,0
4,33,31,225,0
4,33,31,226,0
4,33,31,227,0
4,33,32,0,344251062898038237933241
4,33,32,1,6653359995484449053458432
4,33,32,2,64971826679638671569055488
4,33,32,3,422259702640952447662925224
4,33,32,4,2035255650947637409823375834
4,33,32,5,7699381179350382468389506826
4,33,32,6,23654477355873299993442077152
4,33,32,7,60355110325977449198442614766
4,33,32,8,129906345839716840474060810868
4,33,32,9,238570786735094087758269688333
4,33,32,10,377113556922384000715855685620
4,33,32,11,516714712299050883671918848307
4,33,32,12,617369666847850051729650245446
4,33,32,13,646659143553874366677469551663
4,33,32,14,596789820511527915111728736826
4,33,32,15,487652803450270814498901985793
4,33,32,16,354542383007890016034277561787
4,33,32,17,230480860844375974669371291146
4,33,32,18,134636409149534785483358188572
4,33,32,19,71021400389832315978636873213
4,33,32,20,33994229876277397108161918828
4,33,32,21,14832582101466825459524284675
4,33,32,22,5925381685273670666621447134
4,33,32,23,2176020253498354280617099521
4,33,32,24,737349817632425863159541645
4,33,32,25,231325531429167074056498053
4,33,32,26,67398921347105140484310100
4,33,32,27,18288425899796957647241048
4,33,32,28,4633334687463829948987998
4,33,32,29,1098501072280300302723306
4,33,32,30,244228870238496053073940
4,33,32,31,51014729978676050303111
4,33,32,32,10028251823575206463014
4,33,32,33,1857947741096773629404
4,33,32,34,324853041058455464862
4,33,32,35,53662275196941409916
4,33,32,36,8382488778346938234
4,33,32,37,1239073731529613774
4,33,32,38,173393325482368288
4,33,32,39,22973672852343180
4,33,32,40,2881532470381370
4,33,32,41,341932222349895
4,33,32,42,38344832089122
4,33,32,43,4055272331462
4,33,32,44,403640109254
4,33,32,45,37566652367
4,33,32,46,3265209938
4,33,32,47,260182272
4,33,32,48,18709851
4,33,32,49,1194658
4,33,32,50,58822
4,33,32,51,2375
4,33,32,52,26
4,33,32,53,0
4,33,32,54,0
4,33,32,55,0
4,33,32,56,0
4,33,32,57,0
4,33,32,58,0
4,33,32,59,0
4,33,32,60,0
4,33,32,61,0
4,33,32,62,0
4,33,32,63,0
4,33,32,64,0
4,33,32,65,0
4,33,32,66,0
4,33,32,67,0
4,33,32,68,0
4,33,32,69,0
4,33,32,70,0
4,33,32,71,0
4,33,32,72,0
4,33,32,73,0
4,33,32,74,0
4,33,32,75,0
4,33,32,76,0
4,33,32,77,0
4,33,32,78,0
4,33,32,79,0
4,33,32,80,0
4,33,32,81,0
4,33,32,82,0
4,33,32,83,0
4,33,32,84,0
4,33,32,85,0
4,33,32,86,0
4,33,32,87,0
4,33,32,88,0
4,33,32,89,0
4,33,32,90,0
4,33,32,91,0
4,33,32,92,0
4,33,32,93,0
4,33,32,94,0
4,33,32,95,0
4,33,32,96,0
4,33,32,97,0
4,33,32,98,0
4,33,32,99,0
4,33,32,100,0
4,33,32,101,0
4,33,32,102,0
4,33,32,103,0
4,33,32,104,0
4,33,32,105,0
4,33,32,106,0
4,33,32,107,0
4,33,32,108,0
4,33,32,109,0
4,33,32,110,0
4,33,32,111,0
4,33,32,112,0
4,33,32,113,0
4,33,32,114,0
4,33,32,115,0
4,33,32,116,0
4,33,32,117,0
4,33,32,118,0
4,33,32,119,0
4,33,32,120,0
4,33,32,121,0
4,33,32,122,0
4,33,32,123,0
4,33,32,124,0
4,33,32,125,0
4,33,32,126,0
4,33,32,127,0
4,33,32,128,0
4,33,32,129,0
4,33,32,130,0
4,33,32,131,0
4,33,32,132,0
4,33,32,133,0
4,33,32,134,0
4,33,32,135,0
4,33,32,136,0
4,33,32,137,0
4,33,32,138,0
4,33,32,139,0
4,33,32,140,0
4,33,32,141,0
4,33,32,142,0
4,33,32,143,0
4,33,32,144,0
4,33,32,145,0
4,33,32,146,0
4,33,32,147,0
4,33,32,148,0
4,33,32,149,0
4,33,32,150,0
4,33,32,151,0
4,33,32,152,0
4,33,32,153,0
4,33,32,154,0
4,33,32,155,0
4,33,32,156,0
4,33,32,157,0
4,33,32,158,0
4,33,32,159,0
4,33,32,160,0
4,33,32,161,0
4,33,32,162,0
4,33,32,163,0
4,33,32,164,0
4,33,32,165,0
4,33,32,166,0
4,33,32,167,0
4,33,32,168,0
4,33,32,169,0
4,33,32,170,0
4,33,32,171,0
4,33,32,172,0
4,33,32,173,0
4,33,32,174,0
4,33,32,175,0
4,33,32,176,0
4,33,32,177,0
4,33,32,178,0
4,33,32,179,0
4,33,32,180,0
4,33,32,181,0
4,33,32,182,0
4,33,32,183,0
4,33,32,184,0
4,33,32,185,0
4,33,32,186,0
4,33,32,187,0
4,33,32,188,0
4,33,32,189,0
4,33,32,190,0
4,33,32,191,0
4,33,32,192,0
4,33,32,193,0
4,33,32,194,0
4,33,32,195,0
4,33,32,196,0
4,33,32,197,0
4,33,32,198,0
4,33,32,199,0
4,33,32,200,0
4,33,32,201,0
4,33,32,202,0
4,33,32,203,0
4,33,32,204,0
4,33,32,205,0
4,33,32,206,0
4,33,32,207,0
4,33,32,208,0
4,33,32,209,0
4,33,32,210,0
4,33,32,211,0
4,33,32,212,0
4,33,32,213,0
4,33,32,214,0
4,33,32,215,0
4,33,32,216,0
4,33,32,217,0
4,33,32,218,0
4,33,32,219,0
4,33,32,220,0
4,33,32,221,0
4,33,32,222,0
4,33,32,223,0
4,33,32,224,0
4,33,32,225,0
4,33,32,226,0
4,33,32,227,0
4,33,33,0,320424378733232377071868
4,33,33,1,6623373546554399361255528
4,33,33,2,69422355564181763981116104
4,33,33,3,485929171347737240409851988
4,33,33,4,2530989272542257992939367400
4,33,33,5,10381348248011133032608628310
4,33,33,6,34695859698507834334956868428
4,33,33,7,96620513945079006709467878332
4,33,33,8,227705552948520830378584738612
4,33,33,9,459303156288778506304503224914
4,33,33,10,799787389663957472915306200974
4,33,33,11,1210478698670684621060324140928
4,33,33,12,1601440184118788589429804498088
4,33,33,13,1861210646823456126545674680730
4,33,33,14,1908991188975863333975877669654
4,33,33,15,1735617419521527767676451656714
4,33,33,16,1404913485470511247578805314098
4,33,33,17,1016978525132971012283790644270
4,33,33,18,661281846696933921741566242192
4,33,33,19,388001446113732891128385453732
4,33,33,20,206347687132109008236676917574
4,33,33,21,99905516876356635418632980690
4,33,33,22,44221344237725248079966087404
4,33,33,23,17966161144447305554161708298
4,33,33,24,6724661826807967929248254952
4,33,33,25,2326823905979791271752692718
4,33,33,26,746613434460024783151610838
4,33,33,27,222796873122289217675646020
4,33,33,28,61991752271861162658920734
4,33,33,29,16121250795224479866162030
4,33,33,30,3926801660147725383891960
4,33,33,31,897645965555469174515308
4,33,33,32,192916369269037090981622
4,33,33,33,39041690261705613991560
4,33,33,34,7450906474095994559876
4,33,33,35,1342654597128073249284
4,33,33,36,228704016713683214762
4,33,33,37,36858570583744731756
4,33,33,38,5624398649824199108
4,33,33,39,813028570467433848
4,33,33,40,111363029273753700
4,33,33,41,14453407372829334
4,33,33,42,1776812752412438
4,33,33,43,206712545544828
4,33,33,44,22732593308336
4,33,33,45,2356745514556
4,33,33,46,229880752494
4,33,33,47,20971861258
4,33,33,48,1773982404
4,33,33,49,138405462
4,33,33,50,9577176
4,33,33,51,583236
4,33,33,52,26572
4,33,33,53,1000
4,33,33,54,0
4,33,33,55,0
4,33,33,56,0
4,33,33,57,0
4,33,33,58,0
4,33,33,59,0
4,33,33,60,0
4,33,33,61,0
4,33,33,62,0
4,33,33,63,0
4,33,33,64,0
4,33,33,65,0
4,33,33,66,0
4,33,33,67,0
4,33,33,68,0
4,33,33,69,0
4,33,33,70,0
4,33,33,71,0
4,33,33,72,0
4,33,33,73,0
4,33,33,74,0
4,33,33,75,0
4,33,33,76,0
4,33,33,77,0
4,33,33,78,0
4,33,33,79,0
4,33,33,80,0
4,33,33,81,0
4,33,33,82,0
4,33,33,83,0
4,33,33,84,0
4,33,33,85,0
4,33,33,86,0
4,33,33,87,0
4,33,33,88,0
4,33,33,89,0
4,33,33,90,0
4,33,33,91,0
4,33,33,92,0
4,33,33,93,0
4,33,33,94,0
4,33,33,95,0
4,33,33,96,0
4,33,33,97,0
4,33,33,98,0
4,33,33,99,0
4,33,33,100,0
4,33,33,101,0
4,33,33,102,0
4,33,33,103,0
4,33,33,104,0
4,33,33,105,0
4,33,33,106,0
4,33,33,107,0
4,33,33,108,0
4,33,33,109,0
4,33,33,110,0
4,33,33,111,0
4,33,33,112,0
4,33,33,113,0
4,33,33,114,0
4,33,33,115,0
4,33,33,116,0
4,33,33,117,0
4,33,33,118,0
4,33,33,119,0
4,33,33,120,0
4,33,33,121,0
4,33,33,122,0
4,33,33,123,0
4,33,33,124,0
4,33,33,125,0
4,33,33,126,0
4,33,33,127,0
4,33,33,128,0
4,33,33,129,0
4,33,33,130,0
4,33,33,131,0
4,33,33,132,0
4,33,33,133,0
4,33,33,134,0
4,33,33,135,0
4,33,33,136,0
4,33,33,137,0
4,33,33,138,0
4,33,33,139,0
4,33,33,140,0
4,33,33,141,0
4,33,33,142,0
4,33,33,143,0
4,33,33,144,0
4,33,33,145,0
4,33,33,146,0
4,33,33,147,0
4,33,33,148,0
4,33,33,149,0
4,33,33,150,0
4,33,33,151,0
4,33,33,152,0
4,33,33,153,0
4,33,33,154,0
4,33,33,155,0
4,33,33,156,0
4,33,33,157,0
4,33,33,158,0
4,33,33,159,0
4,33,33,160,0
4,33,33,161,0
4,33,33,162,0
4,33,33,163,0
4,33,33,164,0
4,33,33,165,0
4,33,33,166,0
4,33,33,167,0
4,33,33,168,0
4,33,33,169,0
4,33,33,170,0
4,33,33,171,0
4,33,33,172,0
4,33,33,173,0
4,33,33,174,0
4,33,33,175,0
4,33,33,176,0
4,33,33,177,0
4,33,33,178,0
4,33,33,179,0
4,33,33,180,0
4,33,33,181,0
4,33,33,182,0
4,33,33,183,0
4,33,33,184,0
4,33,33,185,0
4,33,33,186,0
4,33,33,187,0
4,33,33,188,0
4,33,33,189,0
4,33,33,190,0
4,33,33,191,0
4,33,33,192,0
4,33,33,193,0
4,33,33,194,0
4,33,33,195,0
4,33,33,196,0
4,33,33,197,0
4,33,33,198,0
4,33,33,199,0
4,33,33,200,0
4,33,33,201,0
4,33,33,202,0
4,33,33,203,0
4,33,33,204,0
4,33,33,205,0
4,33,33,206,0
4,33,33,207,0
4,33,33,208,0
4,33,33,209,0
4,33,33,210,0
4,33,33,211,0
4,33,33,212,0
4,33,33,213,0
4,33,33,214,0
4,33,33,215,0
4,33,33,216,0
4,33,33,217,0
4,33,33,218,0
4,33,33,219,0
4,33,33,220,0
4,33,33,221,0
4,33,33,222,0
4,33,33,223,0
4,33,33,224,0
4,33,33,225,0
4,33,33,226,0
4,33,33,227,0
4,33,34,0,273190630329494310878503
4,33,34,1,6020669673172248339642051
4,33,34,2,67529964692064647971526226
4,33,34,3,507583447924220641112571980
4,33,34,4,2848545156657094789075319606
4,33,34,5,12630579244266520883698435690
4,33,34,6,45783267204103416343322022586
4,33,34,7,138727964800600390919808812466
4,33,34,8,356873865022443377714655298771
4,33,34,9,788187050987096898363528086413
4,33,34,10,1507225369846022442473906384020
4,33,34,11,2512113948942634680204443607238
4,33,34,12,3669185518690831958115000736761
4,33,34,13,4718404695052814752605151937915
4,33,34,14,5364721736288630809515841493686
4,33,34,15,5414519786886556136213995373974
4,33,34,16,4870096299160488581598723300581
4,33,34,17,3919179580909228791876485586939
4,33,34,18,2833203576468093036024352157882
4,33,34,19,1847396765424520422895998127148
4,33,34,20,1091018276514697629257919450035
4,33,34,21,585966850595354053816327775089
4,33,34,22,287358388973803913669328967629
4,33,34,23,129168975850120123070092374055
4,33,34,24,53414674884849811575300931972
4,33,34,25,20389751952750817570660127668
4,33,34,26,7207472068727088852409790084
4,33,34,27,2366104214122382233859192526
4,33,34,28,723300354233632287780539968
4,33,34,29,206391695246658139235293387
4,33,34,30,55095750035517906104302658
4,33,34,31,13787219467748192287462608
4,33,34,32,3240203908794951778757213
4,33,34,33,716372947180004420453754
4,33,34,34,149226163237796399897887
4,33,34,35,29328735927570122928701
4,33,34,36,5445329456941724574260
4,33,34,37,956118129607534682802
4,33,34,38,158913519610344221347
4,33,34,39,25020867481224813689
4,33,34,40,3734072421790098741
4,33,34,41,528389810395705907
4,33,34,42,70903389043268328
4,33,34,43,9020491836340444
4,33,34,44,1087483229897438
4,33,34,45,124097352172713
4,33,34,46,13384821626754
4,33,34,47,1361509147900
4,33,34,48,130012163770
4,33,34,49,11617773315
4,33,34,50,959731973
4,33,34,51,72740323
4,33,34,52,4839951
4,33,34,53,283775
4,33,34,54,11550
4,33,34,55,350
4,33,34,56,0
4,33,34,57,0
4,33,34,58,0
4,33,34,59,0
4,33,34,60,0
4,33,34,61,0
4,33,34,62,0
4,33,34,63,0
4,33,34,64,0
4,33,34,65,0
4,33,34,66,0
4,33,34,67,0
4,33,34,68,0
4,33,34,69,0
4,33,34,70,0
4,33,34,71,0
4,33,34,72,0
4,33,34,73,0
4,33,34,74,0
4,33,34,75,0
4,33,34,76,0
4,33,34,77,0
4,33,34,78,0
4,33,34,79,0
4,33,34,80,0
4,33,34,81,0
4,33,34,82,0
4,33,34,83,0
4,33,34,84,0
4,33,34,85,0
4,33,34,86,0
4,33,34,87,0
4,33,34,88,0
4,33,34,89,0
4,33,34,90,0
4,33,34,91,0
4,33,34,92,0
4,33,34,93,0
4,33,34,94,0
4,33,34,95,0
4,33,34,96,0
4,33,34,97,0
4,33,34,98,0
4,33,34,99,0
4,33,34,100,0
4,33,34,101,0
4,33,34,102,0
4,33,34,103,0
4,33,34,104,0
4,33,34,105,0
4,33,34,106,0
4,33,34,107,0
4,33,34,108,0
4,33,34,109,0
4,33,34,110,0
4,33,34,111,0
4,33,34,112,0
4,33,34,113,0
4,33,34,114,0
4,33,34,115,0
4,33,34,116,0
4,33,34,117,0
4,33,34,118,0
4,33,34,119,0
4,33,34,120,0
4,33,34,121,0
4,33,34,122,0
4,33,34,123,0
4,33,34,124,0
4,33,34,125,0
4,33,34,126,0
4,33,34,127,0
4,33,34,128,0
4,33,34,129,0
4,33,34,130,0
4,33,34,131,0
4,33,34,132,0
4,33,34,133,0
4,33,34,134,0
4,33,34,135,0
4,33,34,136,0
4,33,34,137,0
4,33,34,138,0
4,33,34,139,0
4,33,34,140,0
4,33,34,141,0
4,33,34,142,0
4,33,34,143,0
4,33,34,144,0
4,33,34,145,0
4,33,34,146,0
4,33,34,147,0
4,33,34,148,0
4,33,34,149,0
4,33,34,150,0
4,33,34,151,0
4,33,34,152,0
4,33,34,153,0
4,33,34,154,0
4,33,34,155,0
4,33,34,156,0
4,33,34,157,0
4,33,34,158,0
4,33,34,159,0
4,33,34,160,0
4,33,34,161,0
4,33,34,162,0
4,33,34,163,0
4,33,34,164,0
4,33,34,165,0
4,33,34,166,0
4,33,34,167,0
4,33,34,168,0
4,33,34,169,0
4,33,34,170,0
4,33,34,171,0
4,33,34,172,0
4,33,34,173,0
4,33,34,174,0
4,33,34,175,0
4,33,34,176,0
4,33,34,177,0
4,33,34,178,0
4,33,34,179,0
4,33,34,180,0
4,33,34,181,0
4,33,34,182,0
4,33,34,183,0
4,33,34,184,0
4,33,34,185,0
4,33,34,186,0
4,33,34,187,0
4,33,34,188,0
4,33,34,189,0
4,33,34,190,0
4,33,34,191,0
4,33,34,192,0
4,33,34,193,0
4,33,34,194,0
4,33,34,195,0
4,33,34,196,0
4,33,34,197,0
4,33,34,198,0
4,33,34,199,0
4,33,34,200,0
4,33,34,201,0
4,33,34,202,0
4,33,34,203,0
4,33,34,204,0
4,33,34,205,0
4,33,34,206,0
4,33,34,207,0
4,33,34,208,0
4,33,34,209,0
4,33,34,210,0
4,33,34,211,0
4,33,34,212,0
4,33,34,213,0
4,33,34,214,0
4,33,34,215,0
4,33,34,216,0
4,33,34,217,0
4,33,34,218,0
4,33,34,219,0
4,33,34,220,0
4,33,34,221,0
4,33,34,222,0
4,33,34,223,0
4,33,34,224,0
4,33,34,225,0
4,33,34,226,0
4,33,34,227,0
4,33,35,0,213430088397929143719848
4,33,35,1,4999045653994733823118630
4,33,35,2,59823218646267852983870118
4,33,35,3,481449411645879459656583922
4,33,35,4,2902740982178361947624296938
4,33,35,5,13873504865953035745127022926
4,33,35,6,54382598759094786128695642912
4,33,35,7,178772080462571089349619069480
4,33,35,8,500496511055615963766017021022
4,33,35,9,1206704118398442842690622058114
4,33,35,10,2526513046748988254380346196938
4,33,35,11,4623540606178063244165793101582
4,33,35,12,7434102320205378704866217243616
4,33,35,13,10548633641840716549866064439676
4,33,35,14,13260853378401449783168611745126
4,33,35,15,14822734449473201846213685330958
4,33,35,16,14784019610047907717635885232434
4,33,35,17,13203520567269129297912820684854
4,33,35,18,10596765917997921591832334806168
4,33,35,19,7670687965377907443038746751668
4,33,35,20,5026853448694113886071703907178
4,33,35,21,2993632577856178721422607411484
4,33,35,22,1626194295660973670812962999822
4,33,35,23,808750524115729457679292311326
4,33,35,24,369540434028289301370370480796
4,33,35,25,155658423082368778802855311440
4,33,35,26,60633525343207092454105162206
4,33,35,27,21905389190701255059293149928
4,33,35,28,7359650505542148553664374326
4,33,35,29,2305190184637301646956496632
4,33,35,30,674661753329379200875881852
4,33,35,31,184884156770629748185397084
4,33,35,32,47531041118525770859826474
4,33,35,33,11483663558872244496673198
4,33,35,34,2611605528204315870524532
4,33,35,35,559883778808129782110292
4,33,35,36,113300927637273110245094
4,33,35,37,21669041529437348354588
4,33,35,38,3920883349744224534638
4,33,35,39,671850231766169250960
4,33,35,40,109105233899319195496
4,33,35,41,16802352958866468798
4,33,35,42,2454889021169337724
4,33,35,43,340347296950183570
4,33,35,44,44773947895774366
4,33,35,45,5587098361394408
4,33,35,46,660817032032858
4,33,35,47,74004477588488
4,33,35,48,7830440450570
4,33,35,49,781110035816
4,33,35,50,73104288696
4,33,35,51,6392313206
4,33,35,52,514185082
4,33,35,53,38043558
4,33,35,54,2426096
4,33,35,55,129842
4,33,35,56,5346
4,33,35,57,100
4,33,35,58,0
4,33,35,59,0
4,33,35,60,0
4,33,35,61,0
4,33,35,62,0
4,33,35,63,0
4,33,35,64,0
4,33,35,65,0
4,33,35,66,0
4,33,35,67,0
4,33,35,68,0
4,33,35,69,0
4,33,35,70,0
4,33,35,71,0
4,33,35,72,0
4,33,35,73,0
4,33,35,74,0
4,33,35,75,0
4,33,35,76,0
4,33,35,77,0
4,33,35,78,0
4,33,35,79,0
4,33,35,80,0
4,33,35,81,0
4,33,35,82,0
4,33,35,83,0
4,33,35,84,0
4,33,35,85,0
4,33,35,86,0
4,33,35,87,0
4,33,35,88,0
4,33,35,89,0
4,33,35,90,0
4,33,35,91,0
4,33,35,92,0
4,33,35,93,0
4,33,35,94,0
4,33,35,95,0
4,33,35,96,0
4,33,35,97,0
4,33,35,98,0
4,33,35,99,0
4,33,35,100,0
4,33,35,101,0
4,33,35,102,0
4,33,35,103,0
4,33,35,104,0
4,33,35,105,0
4,33,35,106,0
4,33,35,107,0
4,33,35,108,0
4,33,35,109,0
4,33,35,110,0
4,33,35,111,0
4,33,35,112,0
4,33,35,113,0
4,33,35,114,0
4,33,35,115,0
4,33,35,116,0
4,33,35,117,0
4,33,35,118,0
4,33,35,119,0
4,33,35,120,0
4,33,35,121,0
4,33,35,122,0
4,33,35,123,0
4,33,35,124,0
4,33,35,125,0
4,33,35,126,0
4,33,35,127,0
4,33,35,128,0
4,33,35,129,0
4,33,35,130,0
4,33,35,131,0
4,33,35,132,0
4,33,35,133,0
4,33,35,134,0
4,33,35,135,0
4,33,35,136,0
4,33,35,137,0
4,33,35,138,0
4,33,35,139,0
4,33,35,140,0
4,33,35,141,0
4,33,35,142,0
4,33,35,143,0
4,33,35,144,0
4,33,35,145,0
4,33,35,146,0
4,33,35,147,0
4,33,35,148,0
4,33,35,149,0
4,33,35,150,0
4,33,35,151,0
4,33,35,152,0
4,33,35,153,0
4,33,35,154,0
4,33,35,155,0
4,33,35,156,0
4,33,35,157,0
4,33,35,158,0
4,33,35,159,0
4,33,35,160,0
4,33,35,161,0
4,33,35,162,0
4,33,35,163,0
4,33,35,164,0
4,33,35,165,0
4,33,35,166,0
4,33,35,167,0
4,33,35,168,0
4,33,35,169,0
4,33,35,170,0
4,33,35,171,0
4,33,35,172,0
4,33,35,173,0
4,33,35,174,0
4,33,35,175,0
4,33,35,176,0
4,33,35,177,0
4,33,35,178,0
4,33,35,179,0
4,33,35,180,0
4,33,35,181,0
4,33,35,182,0
4,33,35,183,0
4,33,35,184,0
4,33,35,185,0
4,33,35,186,0
4,33,35,187,0
4,33,35,188,0
4,33,35,189,0
4,33,35,190,0
4,33,35,191,0
4,33,35,192,0
4,33,35,193,0
4,33,35,194,0
4,33,35,195,0
4,33,35,196,0
4,33,35,197,0
4,33,35,198,0
4,33,35,199,0
4,33,35,200,0
4,33,35,201,0
4,33,35,202,0
4,33,35,203,0
4,33,35,204,0
4,33,35,205,0
4,33,35,206,0
4,33,35,207,0
4,33,35,208,0
4,33,35,209,0
4,33,35,210,0
4,33,35,211,0
4,33,35,212,0
4,33,35,213,0
4,33,35,214,0
4,33,35,215,0
4,33,35,216,0
4,33,35,217,0
4,33,35,218,0
4,33,35,219,0
4,33,35,220,0
4,33,35,221,0
4,33,35,222,0
4,33,35,223,0
4,33,35,224,0
4,33,35,225,0
4,33,35,226,0
4,33,35,227,0
4,33,36,0,152848959608870472160814
4,33,36,1,3792742549832203621361224
4,33,36,2,48279328428630984697567874
4,33,36,3,414811513437225473750599177
4,33,36,4,2679225093967926318049985690
4,33,36,5,13763493288932118869678680774
4,33,36,6,58177151923826861060650491530
4,33,36,7,206883490496203640934397123144
4,33,36,8,628520836247770840344030440482
4,33,36,9,1649454270551896268650029796942
4,33,36,10,3770242456508907406598511024432
4,33,36,11,7553745097463867455201021182048
4,33,36,12,13332565695603498849208026012514
4,33,36,13,20818125714788880114910648230432
4,33,36,14,28861746795397425880005747734800
4,33,36,15,35644443965150465379216447036924
4,33,36,16,39338447022778513790265101696106
4,33,36,17,38918166904141174407954671617624
4,33,36,18,34623537133738302519660615316680
4,33,36,19,27789909925930770847470243674887
4,33,36,20,20190853185279986102005269485612
4,33,36,21,13324878983624669609922432338705
4,33,36,22,8015282151309188964892649269020
4,33,36,23,4409820463734073086675420498592
4,33,36,24,2226581410472871823579165645380
4,33,36,25,1035113828837510495213517742599
4,33,36,26,444442588740979593539923134318
4,33,36,27,176760756057509309874413352683
4,33,36,28,65294418607913033056335100124
4,33,36,29,22458242015162260120049445894
4,33,36,30,7209237062091756378832938448
4,33,36,31,2164417542070528116088839511
4,33,36,32,608949758662015400457574322
4,33,36,33,160839825781139191220694843
4,33,36,34,39948358434245400972941808
4,33,36,35,9344635193296457021063597
4,33,36,36,2061558327218789623346370
4,33,36,37,429496501135042669752701
4,33,36,38,84598928641097537728598
4,33,36,39,15771407835173184355949
4,33,36,40,2785361916887753694158
4,33,36,41,466385748458562638304
4,33,36,42,74087352445743571306
4,33,36,43,11170924382941222060
4,33,36,44,1599226977006208738
4,33,36,45,217391183123566038
4,33,36,46,28054237609453912
4,33,36,47,3435440108103717
4,33,36,48,398832089824222
4,33,36,49,43837359597313
4,33,36,50,4551886705574
4,33,36,51,445407618431
4,33,36,52,40809049576
4,33,36,53,3493731376
4,33,36,54,274566700
4,33,36,55,19437251
4,33,36,56,1214212
4,33,36,57,58735
4,33,36,58,2280
4,33,36,59,25
4,33,36,60,0
4,33,36,61,0
4,33,36,62,0
4,33,36,63,0
4,33,36,64,0
4,33,36,65,0
4,33,36,66,0
4,33,36,67,0
4,33,36,68,0
4,33,36,69,0
4,33,36,70,0
4,33,36,71,0
4,33,36,72,0
4,33,36,73,0
4,33,36,74,0
4,33,36,75,0
4,33,36,76,0
4,33,36,77,0
4,33,36,78,0
4,33,36,79,0
4,33,36,80,0
4,33,36,81,0
4,33,36,82,0
4,33,36,83,0
4,33,36,84,0
4,33,36,85,0
4,33,36,86,0
4,33,36,87,0
4,33,36,88,0
4,33,36,89,0
4,33,36,90,0
4,33,36,91,0
4,33,36,92,0
4,33,36,93,0
4,33,36,94,0
4,33,36,95,0
4,33,36,96,0
4,33,36,97,0
4,33,36,98,0
4,33,36,99,0
4,33,36,100,0
4,33,36,101,0
4,33,36,102,0
4,33,36,103,0
4,33,36,104,0
4,33,36,105,0
4,33,36,106,0
4,33,36,107,0
4,33,36,108,0
4,33,36,109,0
4,33,36,110,0
4,33,36,111,0
4,33,36,112,0
4,33,36,113,0
4,33,36,114,0
4,33,36,115,0
4,33,36,116,0
4,33,36,117,0
4,33,36,118,0
4,33,36,119,0
4,33,36,120,0
4,33,36,121,0
4,33,36,122,0
4,33,36,123,0
4,33,36,124,0
4,33,36,125,0
4,33,36,126,0
4,33,36,127,0
4,33,36,128,0
4,33,36,129,0
4,33,36,130,0
4,33,36,131,0
4,33,36,132,0
4,33,36,133,0
4,33,36,134,0
4,33,36,135,0
4,33,36,136,0
4,33,36,137,0
4,33,36,138,0
4,33,36,139,0
4,33,36,140,0
4,33,36,141,0
4,33,36,142,0
4,33,36,143,0
4,33,36,144,0
4,33,36,145,0
4,33,36,146,0
4,33,36,147,0
4,33,36,148,0
4,33,36,149,0
4,33,36,150,0
4,33,36,151,0
4,33,36,152,0
4,33,36,153,0
4,33,36,154,0
4,33,36,155,0
4,33,36,156,0
4,33,36,157,0
4,33,36,158,0
4,33,36,159,0
4,33,36,160,0
4,33,36,161,0
4,33,36,162,0
4,33,36,163,0
4,33,36,164,0
4,33,36,165,0
4,33,36,166,0
4,33,36,167,0
4,33,36,168,0
4,33,36,169,0
4,33,36,170,0
4,33,36,171,0
4,33,36,172,0
4,33,36,173,0
4,33,36,174,0
4,33,36,175,0
4,33,36,176,0
4,33,36,177,0
4,33,36,178,0
4,33,36,179,0
4,33,36,180,0
4,33,36,181,0
4,33,36,182,0
4,33,36,183,0
4,33,36,184,0
4,33,36,185,0
4,33,36,186,0
4,33,36,187,0
4,33,36,188,0
4,33,36,189,0
4,33,36,190,0
4,33,36,191,0
4,33,36,192,0
4,33,36,193,0
4,33,36,194,0
4,33,36,195,0
4,33,36,196,0
4,33,36,197,0
4,33,36,198,0
4,33,36,199,0
4,33,36,200,0
4,33,36,201,0
4,33,36,202,0
4,33,36,203,0
4,33,36,204,0
4,33,36,205,0
4,33,36,206,0
4,33,36,207,0
4,33,36,208,0
4,33,36,209,0
4,33,36,210,0
4,33,36,211,0
4,33,36,212,0
4,33,36,213,0
4,33,36,214,0
4,33,36,215,0
4,33,36,216,0
4,33,36,217,0
4,33,36,218,0
4,33,36,219,0
4,33,36,220,0
4,33,36,221,0
4,33,36,222,0
4,33,36,223,0
4,33,36,224,0
4,33,36,225,0
4,33,36,226,0
4,33,36,227,0
4,33,37,0,100384362560637071144312
4,33,37,1,2630227610566436237533274
4,33,37,2,35506426850032984125198090
4,33,37,3,324744712227104334952142952
4,33,37,4,2240616444084477259942115290
4,33,37,5,12336942507862750664275013376
4,33,37,6,56074142457512485296459980084
4,33,37,7,215103479020328877931706163008
4,33,37,8,707140865539774701077359208008
4,33,37,9,2014259339452635230260365122488
4,33,37,10,5012118322312218596384631616026
4,33,37,11,10963065025911842651891001508308
4,33,37,12,21182610344470416145391711031814
4,33,37,13,36299604804935914705151725593858
4,33,37,14,55357467657202959282992725285358
4,33,37,15,75355997174702981415234546086552
4,33,37,16,91823940194304603903114266387070
4,33,37,17,100436074033951451552116105372578
4,33,37,18,98884472329316529408028379295690
4,33,37,19,87884928209089973679769449008200
4,33,37,20,70719281740869303564740244754784
4,33,37,21,51681239432302337974599756660128
4,33,37,22,34408761471960270570102942041128
4,33,37,23,20937889456936053553769044851528
4,33,37,24,11681722538519572796529143584014
4,33,37,25,5994414289929682892886906146790
4,33,37,26,2837668374318670346699754819790
4,33,37,27,1242791791208948793911340802408
4,33,37,28,504929870168398423410920610606
4,33,37,29,190790062859444166620283246222
4,33,37,30,67203123697022658668725015730
4,33,37,31,22114261582738559758751646314
4,33,37,32,6811967249160742955413475758
4,33,37,33,1967844244301563738290687764
4,33,37,34,534031352540678924172095022
4,33,37,35,136359303396242428846248802
4,33,37,36,32807853951016159947061048
4,33,37,37,7447857174019528085685796
4,33,37,38,1597295666815583662568750
4,33,37,39,323992543348935565634746
4,33,37,40,62220039906173159468592
4,33,37,41,11323308722522024204886
4,33,37,42,1954407455643864647532
4,33,37,43,320147431510551277084
4,33,37,44,49797742037568942004
4,33,37,45,7357910158177923008
4,33,37,46,1032903778593807288
4,33,37,47,137754864260351386
4,33,37,48,17448642309730754
4,33,37,49,2097718054987330
4,33,37,50,239108984587864
4,33,37,51,25803979865716
4,33,37,52,2629215861310
4,33,37,53,252272943656
4,33,37,54,22674549478
4,33,37,55,1890891578
4,33,37,56,145313698
4,33,37,57,9903556
4,33,37,58,589404
4,33,37,59,26252
4,33,37,60,960
4,33,37,61,0
4,33,37,62,0
4,33,37,63,0
4,33,37,64,0
4,33,37,65,0
4,33,37,66,0
4,33,37,67,0
4,33,37,68,0
4,33,37,69,0
4,33,37,70,0
4,33,37,71,0
4,33,37,72,0
4,33,37,73,0
4,33,37,74,0
4,33,37,75,0
4,33,37,76,0
4,33,37,77,0
4,33,37,78,0
4,33,37,79,0
4,33,37,80,0
4,33,37,81,0
4,33,37,82,0
4,33,37,83,0
4,33,37,84,0
4,33,37,85,0
4,33,37,86,0
4,33,37,87,0
4,33,37,88,0
4,33,37,89,0
4,33,37,90,0
4,33,37,91,0
4,33,37,92,0
4,33,37,93,0
4,33,37,94,0
4,33,37,95,0
4,33,37,96,0
4,33,37,97,0
4,33,37,98,0
4,33,37,99,0
4,33,37,100,0
4,33,37,101,0
4,33,37,102,0
4,33,37,103,0
4,33,37,104,0
4,33,37,105,0
4,33,37,106,0
4,33,37,107,0
4,33,37,108,0
4,33,37,109,0
4,33,37,110,0
4,33,37,111,0
4,33,37,112,0
4,33,37,113,0
4,33,37,114,0
4,33,37,115,0
4,33,37,116,0
4,33,37,117,0
4,33,37,118,0
4,33,37,119,0
4,33,37,120,0
4,33,37,121,0
4,33,37,122,0
4,33,37,123,0
4,33,37,124,0
4,33,37,125,0
4,33,37,126,0
4,33,37,127,0
4,33,37,128,0
4,33,37,129,0
4,33,37,130,0
4,33,37,131,0
4,33,37,132,0
4,33,37,133,0
4,33,37,134,0
4,33,37,135,0
4,33,37,136,0
4,33,37,137,0
4,33,37,138,0
4,33,37,139,0
4,33,37,140,0
4,33,37,141,0
4,33,37,142,0
4,33,37,143,0
4,33,37,144,0
4,33,37,145,0
4,33,37,146,0
4,33,37,147,0
4,33,37,148,0
4,33,37,149,0
4,33,37,150,0
4,33,37,151,0
4,33,37,152,0
4,33,37,153,0
4,33,37,154,0
4,33,37,155,0
4,33,37,156,0
4,33,37,157,0
4,33,37,158,0
4,33,37,159,0
4,33,37,160,0
4,33,37,161,0
4,33,37,162,0
4,33,37,163,0
4,33,37,164,0
4,33,37,165,0
4,33,37,166,0
4,33,37,167,0
4,33,37,168,0
4,33,37,169,0
4,33,37,170,0
4,33,37,171,0
4,33,37,172,0
4,33,37,173,0
4,33,37,174,0
4,33,37,175,0
4,33,37,176,0
4,33,37,177,0
4,33,37,178,0
4,33,37,179,0
4,33,37,180,0
4,33,37,181,0
4,33,37,182,0
4,33,37,183,0
4,33,37,184,0
4,33,37,185,0
4,33,37,186,0
4,33,37,187,0
4,33,37,188,0
4,33,37,189,0
4,33,37,190,0
4,33,37,191,0
4,33,37,192,0
4,33,37,193,0
4,33,37,194,0
4,33,37,195,0
4,33,37,196,0
4,33,37,197,0
4,33,37,198,0
4,33,37,199,0
4,33,37,200,0
4,33,37,201,0
4,33,37,202,0
4,33,37,203,0
4,33,37,204,0
4,33,37,205,0
4,33,37,206,0
4,33,37,207,0
4,33,37,208,0
4,33,37,209,0
4,33,37,210,0
4,33,37,211,0
4,33,37,212,0
4,33,37,213,0
4,33,37,214,0
4,33,37,215,0
4,33,37,216,0
4,33,37,217,0
4,33,37,218,0
4,33,37,219,0
4,33,37,220,0
4,33,37,221,0
4,33,37,222,0
4,33,37,223,0
4,33,37,224,0
4,33,37,225,0
4,33,37,226,0
4,33,37,227,0
4,33,38,0,60487029925062705160382
4,33,38,1,1667874982509605579580376
4,33,38,2,23803548208807503546314898
4,33,38,3,231073239228195597650275671
4,33,38,4,1698276796326655181741925884
4,33,38,5,9994383870835233636147967324
4,33,38,6,48712255027825367492404478362
4,33,38,7,201016590593919084714622560599
4,33,38,8,713100564356932330578830873474
4,33,38,9,2198583584356662071478085547286
4,33,38,10,5939105342399522221834002724306
4,33,38,11,14143343503766470356608130526254
4,33,38,12,29834268735038660835735312909464
4,33,38,13,55960484523941269712532477175194
4,33,38,14,93635947930927834496445798951502
4,33,38,15,140155874950035367017650408844098
4,33,38,16,188146313472468505938935271669555
4,33,38,17,227068863119002890665099884688245
4,33,38,18,246976354253418194766786437377839
4,33,38,19,242702400267899660329201626445682
4,33,38,20,216044294580531108968597930394645
4,33,38,21,174679207047105566986093061535338
4,33,38,22,128645896372661584180249414302092
4,33,38,23,86550381333253134119848680320072
4,33,38,24,53350730577232189212502993113115
4,33,38,25,30219533643254315224525136807041
4,33,38,26,15774875576374915518998352428235
4,33,38,27,7610069351752998025722651019840
4,33,38,28,3401841378361028720257399114028
4,33,38,29,1412653050068369640141406322673
4,33,38,30,546230638434094259868010585889
4,33,38,31,197100362952961312858172308206
4,33,38,32,66504610207848207874024074563
4,33,38,33,21022547825270003027988524128
4,33,38,34,6236538083713545298777648554
4,33,38,35,1739106343852392316282725265
4,33,38,36,456543460729301969042260587
4,33,38,37,112983342388829876335886031
4,33,38,38,26392654503653484084684221
4,33,38,39,5826497191768394287441823
4,33,38,40,1216935554956607880376068
4,33,38,41,240714808115801351814578
4,33,38,42,45134736346344947565984
4,33,38,43,8028685648784210713526
4,33,38,44,1355833724705182058554
4,33,38,45,217492706246829333201
4,33,38,46,33154617484199121505
4,33,38,47,4804147073300383300
4,33,38,48,661745062336852787
4,33,38,49,86635669924465389
4,33,38,50,10775568715831575
4,33,38,51,1272317423689951
4,33,38,52,142433960716915
4,33,38,53,15091072604203
4,33,38,54,1509820490077
4,33,38,55,141976622383
4,33,38,56,12500697287
4,33,38,57,1018649499
4,33,38,58,76042523
4,33,38,59,4973192
4,33,38,60,285114
4,33,38,61,11312
4,33,38,62,336
4,33,38,63,0
4,33,38,64,0
4,33,38,65,0
4,33,38,66,0
4,33,38,67,0
4,33,38,68,0
4,33,38,69,0
4,33,38,70,0
4,33,38,71,0
4,33,38,72,0
4,33,38,73,0
4,33,38,74,0
4,33,38,75,0
4,33,38,76,0
4,33,38,77,0
4,33,38,78,0
4,33,38,79,0
4,33,38,80,0
4,33,38,81,0
4,33,38,82,0
4,33,38,83,0
4,33,38,84,0
4,33,38,85,0
4,33,38,86,0
4,33,38,87,0
4,33,38,88,0
4,33,38,89,0
4,33,38,90,0
4,33,38,91,0
4,33,38,92,0
4,33,38,93,0
4,33,38,94,0
4,33,38,95,0
4,33,38,96,0
4,33,38,97,0
4,33,38,98,0
4,33,38,99,0
4,33,38,100,0
4,33,38,101,0
4,33,38,102,0
4,33,38,103,0
4,33,38,104,0
4,33,38,105,0
4,33,38,106,0
4,33,38,107,0
4,33,38,108,0
4,33,38,109,0
4,33,38,110,0
4,33,38,111,0
4,33,38,112,0
4,33,38,113,0
4,33,38,114,0
4,33,38,115,0
4,33,38,116,0
4,33,38,117,0
4,33,38,118,0
4,33,38,119,0
4,33,38,120,0
4,33,38,121,0
4,33,38,122,0
4,33,38,123,0
4,33,38,124,0
4,33,38,125,0
4,33,38,126,0
4,33,38,127,0
4,33,38,128,0
4,33,38,129,0
4,33,38,130,0
4,33,38,131,0
4,33,38,132,0
4,33,38,133,0
4,33,38,134,0
4,33,38,135,0
4,33,38,136,0
4,33,38,137,0
4,33,38,138,0
4,33,38,139,0
4,33,38,140,0
4,33,38,141,0
4,33,38,142,0
4,33,38,143,0
4,33,38,144,0
4,33,38,145,0
4,33,38,146,0
4,33,38,147,0
4,33,38,148,0
4,33,38,149,0
4,33,38,150,0
4,33,38,151,0
4,33,38,152,0
4,33,38,153,0
4,33,38,154,0
4,33,38,155,0
4,33,38,156,0
4,33,38,157,0
4,33,38,158,0
4,33,38,159,0
4,33,38,160,0
4,33,38,161,0
4,33,38,162,0
4,33,38,163,0
4,33,38,164,0
4,33,38,165,0
4,33,38,166,0
4,33,38,167,0
4,33,38,168,0
4,33,38,169,0
4,33,38,170,0
4,33,38,171,0
4,33,38,172,0
4,33,38,173,0
4,33,38,174,0
4,33,38,175,0
4,33,38,176,0
4,33,38,177,0
4,33,38,178,0
4,33,38,179,0
4,33,38,180,0
4,33,38,181,0
4,33,38,182,0
4,33,38,183,0
4,33,38,184,0
4,33,38,185,0
4,33,38,186,0
4,33,38,187,0
4,33,38,188,0
4,33,38,189,0
4,33,38,190,0
4,33,38,191,0
4,33,38,192,0
4,33,38,193,0
4,33,38,194,0
4,33,38,195,0
4,33,38,196,0
4,33,38,197,0
4,33,38,198,0
4,33,38,199,0
4,33,38,200,0
4,33,38,201,0
4,33,38,202,0
4,33,38,203,0
4,33,38,204,0
4,33,38,205,0
4,33,38,206,0
4,33,38,207,0
4,33,38,208,0
4,33,38,209,0
4,33,38,210,0
4,33,38,211,0
4,33,38,212,0
4,33,38,213,0
4,33,38,214,0
4,33,38,215,0
4,33,38,216,0
4,33,38,217,0
4,33,38,218,0
4,33,38,219,0
4,33,38,220,0
4,33,38,221,0
4,33,38,222,0
4,33,38,223,0
4,33,38,224,0
4,33,38,225,0
4,33,38,226,0
4,33,38,227,0
4,33,39,0,33455369351092348182200
4,33,39,1,967454237532884587983672
4,33,39,2,14551325666542225401808906
4,33,39,3,149483723231103397304100484
4,33,39,4,1166932262031229589850729162
4,33,39,5,7319626902511042055782886620
4,33,39,6,38150649086591393204713984586
4,33,39,7,168894364826541375011937795908
4,33,39,8,644773860943176245898028453270
4,33,39,9,2145834584849519926095937050968
4,33,39,10,6275707193103174359212809199104
4,33,39,11,16226963745494852917043635742470
4,33,39,12,37269520544353861789900789471476
4,33,39,13,76317719419602377438169624452080
4,33,39,14,139756620332978542666852327072906
4,33,39,15,229466419037542406481237844714580
4,33,39,16,338585792753795126598562285854662
4,33,39,17,449947246093920493513887375812392
4,33,39,18,539660595179488213298928982479564
4,33,39,19,585443523568567185330891811162896
4,33,39,20,575747335771962417171235147738074
4,33,39,21,514505118840972926964813246975514
4,33,39,22,418832161023248075816988790377042
4,33,39,23,311395694233009142903894144151150
4,33,39,24,212018049769276460501207804764436
4,33,39,25,132557681489820682746363357939036
4,33,39,26,76311961049260734641601791992718
4,33,39,27,40560234669645558356658767994922
4,33,39,28,19955233105456412599483264919004
4,33,39,29,9110468714775720039639237874064
4,33,39,30,3868770251627237785669984959008
4,33,39,31,1531478499776587000027175242262
4,33,39,32,566301015314601024828916616314
4,33,39,33,195979920738125719224469145608
4,33,39,34,63587651155664151408544155484
4,33,39,35,19375116877837850931784165730
4,33,39,36,5552500982722830926751393062
4,33,39,37,1498724952190934345964014036
4,33,39,38,381520986306243478182612646
4,33,39,39,91709370396755188252230930
4,33,39,40,20840446775340826476197240
4,33,39,41,4481902251721537165447356
4,33,39,42,913079072883236235756370
4,33,39,43,176374918677509126009978
4,33,39,44,32329568971311794867266
4,33,39,45,5627382962816668547294
4,33,39,46,930715221311502803140
4,33,39,47,146330849910181657070
4,33,39,48,21877886517334062442
4,33,39,49,3110957640661317816
4,33,39,50,420710845280405310
4,33,39,51,54094822101499714
4,33,39,52,6609461331179766
4,33,39,53,766658522216528
4,33,39,54,84315449883088
4,33,39,55,8772864116146
4,33,39,56,861336231490
4,33,39,57,79435580776
4,33,39,58,6847219808
4,33,39,59,543461402
4,33,39,60,39561022
4,33,39,61,2476698
4,33,39,62,130066
4,33,39,63,5172
4,33,39,64,96
4,33,39,65,0
4,33,39,66,0
4,33,39,67,0
4,33,39,68,0
4,33,39,69,0
4,33,39,70,0
4,33,39,71,0
4,33,39,72,0
4,33,39,73,0
4,33,39,74,0
4,33,39,75,0
4,33,39,76,0
4,33,39,77,0
4,33,39,78,0
4,33,39,79,0
4,33,39,80,0
4,33,39,81,0
4,33,39,82,0
4,33,39,83,0
4,33,39,84,0
4,33,39,85,0
4,33,39,86,0
4,33,39,87,0
4,33,39,88,0
4,33,39,89,0
4,33,39,90,0
4,33,39,91,0
4,33,39,92,0
4,33,39,93,0
4,33,39,94,0
4,33,39,95,0
4,33,39,96,0
4,33,39,97,0
4,33,39,98,0
4,33,39,99,0
4,33,39,100,0
4,33,39,101,0
4,33,39,102,0
4,33,39,103,0
4,33,39,104,0
4,33,39,105,0
4,33,39,106,0
4,33,39,107,0
4,33,39,108,0
4,33,39,109,0
4,33,39,110,0
4,33,39,111,0
4,33,39,112,0
4,33,39,113,0
4,33,39,114,0
4,33,39,115,0
4,33,39,116,0
4,33,39,117,0
4,33,39,118,0
4,33,39,119,0
4,33,39,120,0
4,33,39,121,0
4,33,39,122,0
4,33,39,123,0
4,33,39,124,0
4,33,39,125,0
4,33,39,126,0
4,33,39,127,0
4,33,39,128,0
4,33,39,129,0
4,33,39,130,0
4,33,39,131,0
4,33,39,132,0
4,33,39,133,0
4,33,39,134,0
4,33,39,135,0
4,33,39,136,0
4,33,39,137,0
4,33,39,138,0
4,33,39,139,0
4,33,39,140,0
4,33,39,141,0
4,33,39,142,0
4,33,39,143,0
4,33,39,144,0
4,33,39,145,0
4,33,39,146,0
4,33,39,147,0
4,33,39,148,0
4,33,39,149,0
4,33,39,150,0
4,33,39,151,0
4,33,39,152,0
4,33,39,153,0
4,33,39,154,0
4,33,39,155,0
4,33,39,156,0
4,33,39,157,0
4,33,39,158,0
4,33,39,159,0
4,33,39,160,0
4,33,39,161,0
4,33,39,162,0
4,33,39,163,0
4,33,39,164,0
4,33,39,165,0
4,33,39,166,0
4,33,39,167,0
4,33,39,168,0
4,33,39,169,0
4,33,39,170,0
4,33,39,171,0
4,33,39,172,0
4,33,39,173,0
4,33,39,174,0
4,33,39,175,0
4,33,39,176,0
4,33,39,177,0
4,33,39,178,0
4,33,39,179,0
4,33,39,180,0
4,33,39,181,0
4,33,39,182,0
4,33,39,183,0
4,33,39,184,0
4,33,39,185,0
4,33,39,186,0
4,33,39,187,0
4,33,39,188,0
4,33,39,189,0
4,33,39,190,0
4,33,39,191,0
4,33,39,192,0
4,33,39,193,0
4,33,39,194,0
4,33,39,195,0
4,33,39,196,0
4,33,39,197,0
4,33,39,198,0
4,33,39,199,0
4,33,39,200,0
4,33,39,201,0
4,33,39,202,0
4,33,39,203,0
4,33,39,204,0
4,33,39,205,0
4,33,39,206,0
4,33,39,207,0
4,33,39,208,0
4,33,39,209,0
4,33,39,210,0
4,33,39,211,0
4,33,39,212,0
4,33,39,213,0
4,33,39,214,0
4,33,39,215,0
4,33,39,216,0
4,33,39,217,0
4,33,39,218,0
4,33,39,219,0
4,33,39,220,0
4,33,39,221,0
4,33,39,222,0
4,33,39,223,0
4,33,39,224,0
4,33,39,225,0
4,33,39,226,0
4,33,39,227,0
4,33,40,0,16994627235938118170646
4,33,40,1,513538466107021575286976
4,33,40,2,8113947313919170009750800
4,33,40,3,87941559501680186267750998
4,33,40,4,727084771338207661257531477
4,33,40,5,4847381681813311228239191431
4,33,40,6,26943644353456268780722136684
4,33,40,7,127616554308403897599528130274
4,33,40,8,522874125113275940715500075031
4,33,40,9,1873315396134410108655624841367
4,33,40,10,5915588818703560393126050879006
4,33,40,11,16563617415417069741687156734648
4,33,40,12,41312023469061725490052432680230
4,33,40,13,92114015783873150315434626149368
4,33,40,14,184145921444604207271158661221514
4,33,40,15,330852643757830905832179621513400
4,33,40,16,535371960933774562173341982075387
4,33,40,17,781734496940040555053328771721518
4,33,40,18,1031923939791302673117762280539968
4,33,40,19,1233748825988032590260049612349531
4,33,40,20,1338543066491168217827959758892687
4,33,40,21,1320527224455759556260234860131306
4,33,40,22,1187161892626111632219114179374758
4,33,40,23,974795987618085762176790123775576
4,33,40,24,732826010867178762772051529033198
4,33,40,25,505649435885641255204318200229269
4,33,40,26,321038778208306350950899132126588
4,33,40,27,188028730694967506867306489984595
4,33,40,28,101843450926277768444516220394595
4,33,40,29,51137090957791734865000003528651
4,33,40,30,23858378347917951821475226209932
4,33,40,31,10365812619543645560267970342964
4,33,40,32,4202633801549456590885503932881
4,33,40,33,1593069743590135865865215569289
4,33,40,34,565619437852422532217606765322
4,33,40,35,188415289014584369210605176356
4,33,40,36,58977296724907505406907229375
4,33,40,37,17372336036172092978365693295
4,33,40,38,4821936951390909385654957356
4,33,40,39,1262762692209236950494687380
4,33,40,40,312371089064923300024930548
4,33,40,41,73071524440199550835569824
4,33,40,42,16180868596492973808876156
4,33,40,43,3395070012100312918373306
4,33,40,44,675574949981684070279262
4,33,40,45,127592859375876386382045
4,33,40,46,22888612056571724252386
4,33,40,47,3902316832853964828808
4,33,40,48,632640347788309429609
4,33,40,49,97563758375905767740
4,33,40,50,14315916810579122218
4,33,40,51,1998829947511910236
4,33,40,52,265520193530637437
4,33,40,53,33543915273658921
4,33,40,54,4027459776407012
4,33,40,55,459077046725381
4,33,40,56,49602795714956
4,33,40,57,5068949398867
4,33,40,58,488500588100
4,33,40,59,44136262627
4,33,40,60,3725752677
4,33,40,61,288720832
4,33,40,62,20139192
4,33,40,63,1229884
4,33,40,64,58540
4,33,40,65,2185
4,33,40,66,24
4,33,40,67,0
4,33,40,68,0
4,33,40,69,0
4,33,40,70,0
4,33,40,71,0
4,33,40,72,0
4,33,40,73,0
4,33,40,74,0
4,33,40,75,0
4,33,40,76,0
4,33,40,77,0
4,33,40,78,0
4,33,40,79,0
4,33,40,80,0
4,33,40,81,0
4,33,40,82,0
4,33,40,83,0
4,33,40,84,0
4,33,40,85,0
4,33,40,86,0
4,33,40,87,0
4,33,40,88,0
4,33,40,89,0
4,33,40,90,0
4,33,40,91,0
4,33,40,92,0
4,33,40,93,0
4,33,40,94,0
4,33,40,95,0
4,33,40,96,0
4,33,40,97,0
4,33,40,98,0
4,33,40,99,0
4,33,40,100,0
4,33,40,101,0
4,33,40,102,0
4,33,40,103,0
4,33,40,104,0
4,33,40,105,0
4,33,40,106,0
4,33,40,107,0
4,33,40,108,0
4,33,40,109,0
4,33,40,110,0
4,33,40,111,0
4,33,40,112,0
4,33,40,113,0
4,33,40,114,0
4,33,40,115,0
4,33,40,116,0
4,33,40,117,0
4,33,40,118,0
4,33,40,119,0
4,33,40,120,0
4,33,40,121,0
4,33,40,122,0
4,33,40,123,0
4,33,40,124,0
4,33,40,125,0
4,33,40,126,0
4,33,40,127,0
4,33,40,128,0
4,33,40,129,0
4,33,40,130,0
4,33,40,131,0
4,33,40,132,0
4,33,40,133,0
4,33,40,134,0
4,33,40,135,0
4,33,40,136,0
4,33,40,137,0
4,33,40,138,0
4,33,40,139,0
4,33,40,140,0
4,33,40,141,0
4,33,40,142,0
4,33,40,143,0
4,33,40,144,0
4,33,40,145,0
4,33,40,146,0
4,33,40,147,0
4,33,40,148,0
4,33,40,149,0
4,33,40,150,0
4,33,40,151,0
4,33,40,152,0
4,33,40,153,0
4,33,40,154,0
4,33,40,155,0
4,33,40,156,0
4,33,40,157,0
4,33,40,158,0
4,33,40,159,0
4,33,40,160,0
4,33,40,161,0
4,33,40,162,0
4,33,40,163,0
4,33,40,164,0
4,33,40,165,0
4,33,40,166,0
4,33,40,167,0
4,33,40,168,0
4,33,40,169,0
4,33,40,170,0
4,33,40,171,0
4,33,40,172,0
4,33,40,173,0
4,33,40,174,0
4,33,40,175,0
4,33,40,176,0
4,33,40,177,0
4,33,40,178,0
4,33,40,179,0
4,33,40,180,0
4,33,40,181,0
4,33,40,182,0
4,33,40,183,0
4,33,40,184,0
4,33,40,185,0
4,33,40,186,0
4,33,40,187,0
4,33,40,188,0
4,33,40,189,0
4,33,40,190,0
4,33,40,191,0
4,33,40,192,0
4,33,40,193,0
4,33,40,194,0
4,33,40,195,0
4,33,40,196,0
4,33,40,197,0
4,33,40,198,0
4,33,40,199,0
4,33,40,200,0
4,33,40,201,0
4,33,40,202,0
4,33,40,203,0
4,33,40,204,0
4,33,40,205,0
4,33,40,206,0
4,33,40,207,0
4,33,40,208,0
4,33,40,209,0
4,33,40,210,0
4,33,40,211,0
4,33,40,212,0
4,33,40,213,0
4,33,40,214,0
4,33,40,215,0
4,33,40,216,0
4,33,40,217,0
4,33,40,218,0
4,33,40,219,0
4,33,40,220,0
4,33,40,221,0
4,33,40,222,0
4,33,40,223,0
4,33,40,224,0
4,33,40,225,0
4,33,40,226,0
4,33,40,227,0
4,33,41,0,7933300995110537948168
4,33,41,1,249564458863285504690982
4,33,41,2,4128386741677613906745052
4,33,41,3,47062094036933559573754348
4,33,41,4,410892698956640542489596028
4,33,41,5,2903365277323692745658256680
4,33,41,6,17162803212716001807442263264
4,33,41,7,86735288241789875408565053168
4,33,41,8,380377125366079618147380472480
4,33,41,9,1463156295536294234984257329468
4,33,41,10,4975559955008587480130125088044
4,33,41,11,15046400456593088878647359112126
4,33,41,12,40646274159783243596423947758106
4,33,41,13,98430016090835656311486847022550
4,33,41,14,214269267380038410308653715534782
4,33,41,15,420244845773719743160814971620460
4,33,41,16,744028409343839315998066538235638
4,33,41,17,1191140296757293266084892125858756
4,33,41,18,1727101582725254632320555251020296
4,33,41,19,2271644983430611213539844872043872
4,33,41,20,2714789666819128077933961465848472
4,33,41,21,2952913962295442851538462808056204
4,33,41,22,2928755158815091526024811337082616
4,33,41,23,2653934332170686280562928970787322
4,33,41,24,2201841040653458440934560726763588
4,33,41,25,1676228367395315361335165367782974
4,33,41,26,1173629241719435173628147008716636
4,33,41,27,757528311297367263419777957310476
4,33,41,28,451814688311578531541210156625384
4,33,41,29,249589195569178221404301273665722
4,33,41,30,127990628600194616140551382005718
4,33,41,31,61060660069671022047448471892240
4,33,41,32,27156419736116022520994298224408
4,33,41,33,11281216499165755125686018891280
4,33,41,34,4385332705495148615342464541602
4,33,41,35,1597900649687476419415208577836
4,33,41,36,546618076982997060632992023460
4,33,41,37,175810189139039810256042723466
4,33,41,38,53238443337950291119818327262
4,33,41,39,15197919924042736393994503220
4,33,41,40,4094882750811349945007694192
4,33,41,41,1042524974451263453397476984
4,33,41,42,251060835059229365378107646
4,33,41,43,57246769788168148957800442
4,33,41,44,12371066107114351387392578
4,33,41,45,2535851777773429918504480
4,33,41,46,493455133249898278112196
4,33,41,47,91220420565523392316782
4,33,41,48,16030001107831793426510
4,33,41,49,2679207834555670533208
4,33,41,50,426085148116663041776
4,33,41,51,64496061926172155354
4,33,41,52,9293539569727116946
4,33,41,53,1274756637567188156
4,33,41,54,166405253372662640
4,33,41,55,20662718524946010
4,33,41,56,2438565234886848
4,33,41,57,273202667728884
4,33,41,58,29008094252730
4,33,41,59,2911020125520
4,33,41,60,275289481134
4,33,41,61,24401855212
4,33,41,62,2008645668
4,33,41,63,152016294
4,33,41,64,10210326
4,33,41,65,593300
4,33,41,66,25910
4,33,41,67,920
4,33,41,68,0
4,33,41,69,0
4,33,41,70,0
4,33,41,71,0
4,33,41,72,0
4,33,41,73,0
4,33,41,74,0
4,33,41,75,0
4,33,41,76,0
4,33,41,77,0
4,33,41,78,0
4,33,41,79,0
4,33,41,80,0
4,33,41,81,0
4,33,41,82,0
4,33,41,83,0
4,33,41,84,0
4,33,41,85,0
4,33,41,86,0
4,33,41,87,0
4,33,41,88,0
4,33,41,89,0
4,33,41,90,0
4,33,41,91,0
4,33,41,92,0
4,33,41,93,0
4,33,41,94,0
4,33,41,95,0
4,33,41,96,0
4,33,41,97,0
4,33,41,98,0
4,33,41,99,0
4,33,41,100,0
4,33,41,101,0
4,33,41,102,0
4,33,41,103,0
4,33,41,104,0
4,33,41,105,0
4,33,41,106,0
4,33,41,107,0
4,33,41,108,0
4,33,41,109,0
4,33,41,110,0
4,33,41,111,0
4,33,41,112,0
4,33,41,113,0
4,33,41,114,0
4,33,41,115,0
4,33,41,116,0
4,33,41,117,0
4,33,41,118,0
4,33,41,119,0
4,33,41,120,0
4,33,41,121,0
4,33,41,122,0
4,33,41,123,0
4,33,41,124,0
4,33,41,125,0
4,33,41,126,0
4,33,41,127,0
4,33,41,128,0
4,33,41,129,0
4,33,41,130,0
4,33,41,131,0
4,33,41,132,0
4,33,41,133,0
4,33,41,134,0
4,33,41,135,0
4,33,41,136,0
4,33,41,137,0
4,33,41,138,0
4,33,41,139,0
4,33,41,140,0
4,33,41,141,0
4,33,41,142,0
4,33,41,143,0
4,33,41,144,0
4,33,41,145,0
4,33,41,146,0
4,33,41,147,0
4,33,41,148,0
4,33,41,149,0
4,33,41,150,0
4,33,41,151,0
4,33,41,152,0
4,33,41,153,0
4,33,41,154,0
4,33,41,155,0
4,33,41,156,0
4,33,41,157,0
4,33,41,158,0
4,33,41,159,0
4,33,41,160,0
4,33,41,161,0
4,33,41,162,0
4,33,41,163,0
4,33,41,164,0
4,33,41,165,0
4,33,41,166,0
4,33,41,167,0
4,33,41,168,0
4,33,41,169,0
4,33,41,170,0
4,33,41,171,0
4,33,41,172,0
4,33,41,173,0
4,33,41,174,0
4,33,41,175,0
4,33,41,176,0
4,33,41,177,0
4,33,41,178,0
4,33,41,179,0
4,33,41,180,0
4,33,41,181,0
4,33,41,182,0
4,33,41,183,0
4,33,41,184,0
4,33,41,185,0
4,33,41,186,0
4,33,41,187,0
4,33,41,188,0
4,33,41,189,0
4,33,41,190,0
4,33,41,191,0
4,33,41,192,0
4,33,41,193,0
4,33,41,194,0
4,33,41,195,0
4,33,41,196,0
4,33,41,197,0
4,33,41,198,0
4,33,41,199,0
4,33,41,200,0
4,33,41,201,0
4,33,41,202,0
4,33,41,203,0
4,33,41,204,0
4,33,41,205,0
4,33,41,206,0
4,33,41,207,0
4,33,41,208,0
4,33,41,209,0
4,33,41,210,0
4,33,41,211,0
4,33,41,212,0
4,33,41,213,0
4,33,41,214,0
4,33,41,215,0
4,33,41,216,0
4,33,41,217,0
4,33,41,218,0
4,33,41,219,0
4,33,41,220,0
4,33,41,221,0
4,33,41,222,0
4,33,41,223,0
4,33,41,224,0
4,33,41,225,0
4,33,41,226,0
4,33,41,227,0
4,33,42,0,3405360143036718182614
4,33,42,1,111086778463643571500776
4,33,42,2,1917361722496659966628390
4,33,42,3,22916522108896965803452144
4,33,42,4,210656766373382207881931378
4,33,42,5,1573098647294041039002538600
4,33,42,6,9862157921116308331951367133
4,33,42,7,53033756210552500331136544857
4,33,42,8,248273862705269350743285056540
4,33,42,9,1022614910289577711331609534731
4,33,42,10,3734890841623257881888282468857
4,33,42,11,12166359397353266583431825166039
4,33,42,12,35504632419303482668230037843100
4,33,42,13,93139623280389743012904607914081
4,33,42,14,220227073511723644409623842592696
4,33,42,15,470352468297736577309507075479340
4,33,42,16,908992510828628353235965753229389
4,33,42,17,1592000113087106512372472253478465
4,33,42,18,2530308654379964441302405279687247
4,33,42,19,3654523560437520395464955725364407
4,33,42,20,4802882270742102130671103207061193
4,33,42,21,5751819310928967132530093737726762
4,33,42,22,6286465221001109880136098503299611
4,33,42,23,6281003522933435061060318507772663
4,33,42,24,5747202949209531127288375320378916
4,33,42,25,4825365657311996491596182111130753
4,33,42,26,3725122150628700755150937027664948
4,33,42,27,2649808830969817106186034824316592
4,33,42,28,1740608609942235953491775975865032
4,33,42,29,1058168181546566284159147184288135
4,33,42,30,596650149172488946715921884397614
4,33,42,31,312692279227133132049115926432706
4,33,42,32,152627620846138381554700375921698
4,33,42,33,69520252084226733287218306743456
4,33,42,34,29603837145499981039523742824628
4,33,42,35,11805649108973075617410220576986
4,33,42,36,4416053781190392737308226589555
4,33,42,37,1551784823275710185098292617494
4,33,42,38,512964247551783556198424590085
4,33,42,39,159722637788759019885548007881
4,33,42,40,46902774046237270171321707483
4,33,42,41,13004078901274944966728776291
4,33,42,42,3407821376518450941831796003
4,33,42,43,844949658535048457759351587
4,33,42,44,198407220429602805514304671
4,33,42,45,44161976998179124498706044
4,33,42,46,9325481346398004538591931
4,33,42,47,1869679337343326004605331
4,33,42,48,356163221715315859729681
4,33,42,49,64505685401134742552123
4,33,42,50,11113686279466667880307
4,33,42,51,1822348463851563684565
4,33,42,52,284492450911420126991
4,33,42,53,42293313496832543566
4,33,42,54,5987734773426897123
4,33,42,55,807221582825291273
4,33,42,56,103589612003813405
4,33,42,57,12646495193118973
4,33,42,58,1467439145792705
4,33,42,59,161612902552139
4,33,42,60,16861531055067
4,33,42,61,1662320770709
4,33,42,62,154186604759
4,33,42,63,13390686775
4,33,42,64,1077436431
4,33,42,65,79181645
4,33,42,66,5092277
4,33,42,67,285677
4,33,42,68,11054
4,33,42,69,322
4,33,42,70,0
4,33,42,71,0
4,33,42,72,0
4,33,42,73,0
4,33,42,74,0
4,33,42,75,0
4,33,42,76,0
4,33,42,77,0
4,33,42,78,0
4,33,42,79,0
4,33,42,80,0
4,33,42,81,0
4,33,42,82,0
4,33,42,83,0
4,33,42,84,0
4,33,42,85,0
4,33,42,86,0
4,33,42,87,0
4,33,42,88,0
4,33,42,89,0
4,33,42,90,0
4,33,42,91,0
4,33,42,92,0
4,33,42,93,0
4,33,42,94,0
4,33,42,95,0
4,33,42,96,0
4,33,42,97,0
4,33,42,98,0
4,33,42,99,0
4,33,42,100,0
4,33,42,101,0
4,33,42,102,0
4,33,42,103,0
4,33,42,104,0
4,33,42,105,0
4,33,42,106,0
4,33,42,107,0
4,33,42,108,0
4,33,42,109,0
4,33,42,110,0
4,33,42,111,0
4,33,42,112,0
4,33,42,113,0
4,33,42,114,0
4,33,42,115,0
4,33,42,116,0
4,33,42,117,0
4,33,42,118,0
4,33,42,119,0
4,33,42,120,0
4,33,42,121,0
4,33,42,122,0
4,33,42,123,0
4,33,42,124,0
4,33,42,125,0
4,33,42,126,0
4,33,42,127,0
4,33,42,128,0
4,33,42,129,0
4,33,42,130,0
4,33,42,131,0
4,33,42,132,0
4,33,42,133,0
4,33,42,134,0
4,33,42,135,0
4,33,42,136,0
4,33,42,137,0
4,33,42,138,0
4,33,42,139,0
4,33,42,140,0
4,33,42,141,0
4,33,42,142,0
4,33,42,143,0
4,33,42,144,0
4,33,42,145,0
4,33,42,146,0
4,33,42,147,0
4,33,42,148,0
4,33,42,149,0
4,33,42,150,0
4,33,42,151,0
4,33,42,152,0
4,33,42,153,0
4,33,42,154,0
4,33,42,155,0
4,33,42,156,0
4,33,42,157,0
4,33,42,158,0
4,33,42,159,0
4,33,42,160,0
4,33,42,161,0
4,33,42,162,0
4,33,42,163,0
4,33,42,164,0
4,33,42,165,0
4,33,42,166,0
4,33,42,167,0
4,33,42,168,0
4,33,42,169,0
4,33,42,170,0
4,33,42,171,0
4,33,42,172,0
4,33,42,173,0
4,33,42,174,0
4,33,42,175,0
4,33,42,176,0
4,33,42,177,0
4,33,42,178,0
4,33,42,179,0
4,33,42,180,0
4,33,42,181,0
4,33,42,182,0
4,33,42,183,0
4,33,42,184,0
4,33,42,185,0
4,33,42,186,0
4,33,42,187,0
4,33,42,188,0
4,33,42,189,0
4,33,42,190,0
4,33,42,191,0
4,33,42,192,0
4,33,42,193,0
4,33,42,194,0
4,33,42,195,0
4,33,42,196,0
4,33,42,197,0
4,33,42,198,0
4,33,42,199,0
4,33,42,200,0
4,33,42,201,0
4,33,42,202,0
4,33,42,203,0
4,33,42,204,0
4,33,42,205,0
4,33,42,206,0
4,33,42,207,0
4,33,42,208,0
4,33,42,209,0
4,33,42,210,0
4,33,42,211,0
4,33,42,212,0
4,33,42,213,0
4,33,42,214,0
4,33,42,215,0
4,33,42,216,0
4,33,42,217,0
4,33,42,218,0
4,33,42,219,0
4,33,42,220,0
4,33,42,221,0
4,33,42,222,0
4,33,42,223,0
4,33,42,224,0
4,33,42,225,0
4,33,42,226,0
4,33,42,227,0
4,33,43,0,1344990806944069948952
4,33,43,1,45312830583581852936508
4,33,43,2,813139099521089912826236
4,33,43,3,10156688218784347480300476
4,33,43,4,97999573127460648794781502
4,33,43,5,771166431682625306988285214
4,33,43,6,5112953879702154401372141308
4,33,43,7,29176479856719282537501732916
4,33,43,8,145411812365896091706237967578
4,33,43,9,639628812015792388452593875038
4,33,43,10,2502427712558222648184528342320
4,33,43,11,8757883171171998471771917637866
4,33,43,12,27538061988038068145472180460328
4,33,43,13,78057258298351171344591810721026
4,33,43,14,199968291609842007065382186255802
4,33,43,15,463937467488613724869494384131456
4,33,43,16,976379904265389072428837699427474
4,33,43,17,1866518916223775451237370927556030
4,33,43,18,3245043758787018486524045325208466
4,33,43,19,5136512897459862333318176486582660
4,33,43,20,7410654079216336886702390503869682
4,33,43,21,9756327086017752295758313086624384
4,33,43,22,11735429440725315310974554813589012
4,33,43,23,12914831806937568491324440682809826
4,33,43,24,13022981394023389419418912559586356
4,33,43,25,12052598583931877296300193450751516
4,33,43,26,10255912481953814858819837245773460
4,33,43,27,8039248212406596922845402047420804
4,33,43,28,5816550917782425060789050826278286
4,33,43,29,3892323062085402577079373272385962
4,33,43,30,2414000418900555110087502023238180
4,33,43,31,1390386927113376686884381125760996
4,33,43,32,745192581906315847707132011007062
4,33,43,33,372365859536535421968827443635640
4,33,43,34,173794188572842466514384067748828
4,33,43,35,75895668070109665187860770556662
4,33,43,36,31061451064336871243026687964190
4,33,43,37,11931922452187627577281014480040
4,33,43,38,4308238578116143382539518038258
4,33,43,39,1464080566410745855481869569370
4,33,43,40,468860273912108883039004965756
4,33,43,41,141657094730963282047323380364
4,33,43,42,40422438994302801526594010076
4,33,43,43,10905407858154067791134792064
4,33,43,44,2784314629018321864704969328
4,33,43,45,673366210750399054205878700
4,33,43,46,154390086263635356233363044
4,33,43,47,33587669872109124717859222
4,33,43,48,6938534818444030011356148
4,33,43,49,1362052319607610502756174
4,33,43,50,254238382963293422106294
4,33,43,51,45150369775188608580638
4,33,43,52,7632542559906465269992
4,33,43,53,1228674846840520251114
4,33,43,54,188402419313584786614
4,33,43,55,27522068490820629568
4,33,43,56,3830143834997850414
4,33,43,57,507691091683473052
4,33,43,58,64069353528220508
4,33,43,59,7692316924591870
4,33,43,60,877722564531416
4,33,43,61,95041490013360
4,33,43,62,9745012010938
4,33,43,63,943355376146
4,33,43,64,85858124856
4,33,43,65,7303383474
4,33,43,66,572086916
4,33,43,67,40992146
4,33,43,68,2519178
4,33,43,69,129874
4,33,43,70,4994
4,33,43,71,92
4,33,43,72,0
4,33,43,73,0
4,33,43,74,0
4,33,43,75,0
4,33,43,76,0
4,33,43,77,0
4,33,43,78,0
4,33,43,79,0
4,33,43,80,0
4,33,43,81,0
4,33,43,82,0
4,33,43,83,0
4,33,43,84,0
4,33,43,85,0
4,33,43,86,0
4,33,43,87,0
4,33,43,88,0
4,33,43,89,0
4,33,43,90,0
4,33,43,91,0
4,33,43,92,0
4,33,43,93,0
4,33,43,94,0
4,33,43,95,0
4,33,43,96,0
4,33,43,97,0
4,33,43,98,0
4,33,43,99,0
4,33,43,100,0
4,33,43,101,0
4,33,43,102,0
4,33,43,103,0
4,33,43,104,0
4,33,43,105,0
4,33,43,106,0
4,33,43,107,0
4,33,43,108,0
4,33,43,109,0
4,33,43,110,0
4,33,43,111,0
4,33,43,112,0
4,33,43,113,0
4,33,43,114,0
4,33,43,115,0
4,33,43,116,0
4,33,43,117,0
4,33,43,118,0
4,33,43,119,0
4,33,43,120,0
4,33,43,121,0
4,33,43,122,0
4,33,43,123,0
4,33,43,124,0
4,33,43,125,0
4,33,43,126,0
4,33,43,127,0
4,33,43,128,0
4,33,43,129,0
4,33,43,130,0
4,33,43,131,0
4,33,43,132,0
4,33,43,133,0
4,33,43,134,0
4,33,43,135,0
4,33,43,136,0
4,33,43,137,0
4,33,43,138,0
4,33,43,139,0
4,33,43,140,0
4,33,43,141,0
4,33,43,142,0
4,33,43,143,0
4,33,43,144,0
4,33,43,145,0
4,33,43,146,0
4,33,43,147,0
4,33,43,148,0
4,33,43,149,0
4,33,43,150,0
4,33,43,151,0
4,33,43,152,0
4,33,43,153,0
4,33,43,154,0
4,33,43,155,0
4,33,43,156,0
4,33,43,157,0
4,33,43,158,0
4,33,43,159,0
4,33,43,160,0
4,33,43,161,0
4,33,43,162,0
4,33,43,163,0
4,33,43,164,0
4,33,43,165,0
4,33,43,166,0
4,33,43,167,0
4,33,43,168,0
4,33,43,169,0
4,33,43,170,0
4,33,43,171,0
4,33,43,172,0
4,33,43,173,0
4,33,43,174,0
4,33,43,175,0
4,33,43,176,0
4,33,43,177,0
4,33,43,178,0
4,33,43,179,0
4,33,43,180,0
4,33,43,181,0
4,33,43,182,0
4,33,43,183,0
4,33,43,184,0
4,33,43,185,0
4,33,43,186,0
4,33,43,187,0
4,33,43,188,0
4,33,43,189,0
4,33,43,190,0
4,33,43,191,0
4,33,43,192,0
4,33,43,193,0
4,33,43,194,0
4,33,43,195,0
4,33,43,196,0
4,33,43,197,0
4,33,43,198,0
4,33,43,199,0
4,33,43,200,0
4,33,43,201,0
4,33,43,202,0
4,33,43,203,0
4,33,43,204,0
4,33,43,205,0
4,33,43,206,0
4,33,43,207,0
4,33,43,208,0
4,33,43,209,0
4,33,43,210,0
4,33,43,211,0
4,33,43,212,0
4,33,43,213,0
4,33,43,214,0
4,33,43,215,0
4,33,43,216,0
4,33,43,217,0
4,33,43,218,0
4,33,43,219,0
4,33,43,220,0
4,33,43,221,0
4,33,43,222,0
4,33,43,223,0
4,33,43,224,0
4,33,43,225,0
4,33,43,226,0
4,33,43,227,0
4,33,44,0,489106740416406298702
4,33,44,1,16946008201602425089240
4,33,44,2,315009561892322263489710
4,33,44,3,4098320186305200088763732
4,33,44,4,41378048066830246672256234
4,33,44,5,342098052326338821253365346
4,33,44,6,2391901706056184449797217852
4,33,44,7,14443775557960139502840717023
4,33,44,8,76428689121375420816582971634
4,33,44,9,358072262247419921896115856962
4,33,44,10,1496663696604136897382601361462
4,33,44,11,5612810046896035830339041407166
4,33,44,12,18967030362559342466058377483576
4,33,44,13,57942605398289790617777428778098
4,33,44,14,160421790888226170569684795305566
4,33,44,15,403308174138807713682122610932147
4,33,44,16,922105873425951316863875577100606
4,33,44,17,1919680904442386728623667018907582
4,33,44,18,3642773538277370892683700450900488
4,33,44,19,6306567650581964350186989200060347
4,33,44,20,9970065719938696737913158394539118
4,33,44,21,14405977023919531404440496951390926
4,33,44,22,19043779944010348899656983668458794
4,33,44,23,23056940660210169420875266738100770
4,33,44,24,25598693388929540786355460221227574
4,33,44,25,26097184529555430070799371268153220
4,33,44,26,24467205247912096703799097210526462
4,33,44,27,21130193182131507531718237779195953
4,33,44,28,16838921235773339533848467058320238
4,33,44,29,12405605633636649756233922982317712
4,33,44,30,8465251773149746572876048399065186
4,33,44,31,5360617912263587722703700852979826
4,33,44,32,3156264178823245096333153610544862
4,33,44,33,1731127187424753233179005622910580
4,33,44,34,886070630214920193551150922597880
4,33,44,35,423978093055728887933716712464052
4,33,44,36,189961934789034796328180579844098
4,33,44,37,79819329052064280233246282133322
4,33,44,38,31498907047185457228535642866508
4,33,44,39,11690012540755493392030689275755
4,33,44,40,4085203254263534383710271869772
4,33,44,41,1345869203081496826311004239535
4,33,44,42,418467397907771866929772262462
4,33,44,43,122925098000239122616525336602
4,33,44,44,34147990569472566661345519122
4,33,44,45,8979222534710168722033705746
4,33,44,46,2236890352646639034586697496
4,33,44,47,528381739227386809161308398
4,33,44,48,118438945507762770285993242
4,33,44,49,25212297754827343574360951
4,33,44,50,5100448515813888376309100
4,33,44,51,981218834921495915533792
4,33,44,52,179614524962050222658764
4,33,44,53,31301129835079252272003
4,33,44,54,5195284774380885229376
4,33,44,55,821549293812356251054
4,33,44,56,123801465734869184218
4,33,44,57,17779438073484036001
4,33,44,58,2433165533059789168
4,33,44,59,317221392969172830
4,33,44,60,39378753990990058
4,33,44,61,4650670196511608
4,33,44,62,521933465560866
4,33,44,63,55567063515412
4,33,44,64,5599221398756
4,33,44,65,532367088302
4,33,44,66,47485631496
4,33,44,67,3956605068
4,33,44,68,302387048
4,33,44,69,20786091
4,33,44,70,1241056
4,33,44,71,58185
4,33,44,72,2090
4,33,44,73,23
4,33,44,74,0
4,33,44,75,0
4,33,44,76,0
4,33,44,77,0
4,33,44,78,0
4,33,44,79,0
4,33,44,80,0
4,33,44,81,0
4,33,44,82,0
4,33,44,83,0
4,33,44,84,0
4,33,44,85,0
4,33,44,86,0
4,33,44,87,0
4,33,44,88,0
4,33,44,89,0
4,33,44,90,0
4,33,44,91,0
4,33,44,92,0
4,33,44,93,0
4,33,44,94,0
4,33,44,95,0
4,33,44,96,0
4,33,44,97,0
4,33,44,98,0
4,33,44,99,0
4,33,44,100,0
4,33,44,101,0
4,33,44,102,0
4,33,44,103,0
4,33,44,104,0
4,33,44,105,0
4,33,44,106,0
4,33,44,107,0
4,33,44,108,0
4,33,44,109,0
4,33,44,110,0
4,33,44,111,0
4,33,44,112,0
4,33,44,113,0
4,33,44,114,0
4,33,44,115,0
4,33,44,116,0
4,33,44,117,0
4,33,44,118,0
4,33,44,119,0
4,33,44,120,0
4,33,44,121,0
4,33,44,122,0
4,33,44,123,0
4,33,44,124,0
4,33,44,125,0
4,33,44,126,0
4,33,44,127,0
4,33,44,128,0
4,33,44,129,0
4,33,44,130,0
4,33,44,131,0
4,33,44,132,0
4,33,44,133,0
4,33,44,134,0
4,33,44,135,0
4,33,44,136,0
4,33,44,137,0
4,33,44,138,0
4,33,44,139,0
4,33,44,140,0
4,33,44,141,0
4,33,44,142,0
4,33,44,143,0
4,33,44,144,0
4,33,44,145,0
4,33,44,146,0
4,33,44,147,0
4,33,44,148,0
4,33,44,149,0
4,33,44,150,0
4,33,44,151,0
4,33,44,152,0
4,33,44,153,0
4,33,44,154,0
4,33,44,155,0
4,33,44,156,0
4,33,44,157,0
4,33,44,158,0
4,33,44,159,0
4,33,44,160,0
4,33,44,161,0
4,33,44,162,0
4,33,44,163,0
4,33,44,164,0
4,33,44,165,0
4,33,44,166,0
4,33,44,167,0
4,33,44,168,0
4,33,44,169,0
4,33,44,170,0
4,33,44,171,0
4,33,44,172,0
4,33,44,173,0
4,33,44,174,0
4,33,44,175,0
4,33,44,176,0
4,33,44,177,0
4,33,44,178,0
4,33,44,179,0
4,33,44,180,0
4,33,44,181,0
4,33,44,182,0
4,33,44,183,0
4,33,44,184,0
4,33,44,185,0
4,33,44,186,0
4,33,44,187,0
4,33,44,188,0
4,33,44,189,0
4,33,44,190,0
4,33,44,191,0
4,33,44,192,0
4,33,44,193,0
4,33,44,194,0
4,33,44,195,0
4,33,44,196,0
4,33,44,197,0
4,33,44,198,0
4,33,44,199,0
4,33,44,200,0
4,33,44,201,0
4,33,44,202,0
4,33,44,203,0
4,33,44,204,0
4,33,44,205,0
4,33,44,206,0
4,33,44,207,0
4,33,44,208,0
4,33,44,209,0
4,33,44,210,0
4,33,44,211,0
4,33,44,212,0
4,33,44,213,0
4,33,44,214,0
4,33,44,215,0
4,33,44,216,0
4,33,44,217,0
4,33,44,218,0
4,33,44,219,0
4,33,44,220,0
4,33,44,221,0
4,33,44,222,0
4,33,44,223,0
4,33,44,224,0
4,33,44,225,0
4,33,44,226,0
4,33,44,227,0
4,33,45,0,163864482172913755448
4,33,45,1,5812951878195432109538
4,33,45,2,111514723096041693597470
4,33,45,3,1506006562703768527891656
4,33,45,4,15859922887251272701225544
4,33,45,5,137349765268912281901773844
4,33,45,6,1009791629408332181010142714
4,33,45,7,6434676654647373319385701700
4,33,45,8,36051344055971667441904601522
4,33,45,9,179412803830150938591806071142
4,33,45,10,799052273961621058965615995802
4,33,45,11,3202663606301415785061287747536
4,33,45,12,11600822060665766946988972573398
4,33,45,13,38097188332140808194029998159110
4,33,45,14,113704694365904034822758324194372
4,33,45,15,308994555289580819042653075962072
4,33,45,16,765649452005288836455807059960930
4,33,45,17,1731809483618397599502465785568562
4,33,45,18,3578917408174867385571036258084634
4,33,45,19,6762644393892088953432046996673708
4,33,45,20,11692258042647579557158244300299920
4,33,45,21,18509669381882328224656998237174854
4,33,45,22,26849650472702526079181794715465778
4,33,45,23,35717189072881482051708999970930896
4,33,45,24,43613878982542930250863411942136288
4,33,45,25,48938559982568633072050550761300810
4,33,45,26,50523233713570937990175021772895526
4,33,45,27,48055456802787874796677755581430724
4,33,45,28,42175750545646813109667684696911732
4,33,45,29,34210431107217267142872881450703142
4,33,45,30,25690682402372823573730184431117750
4,33,45,31,17893086783339789538391037738721842
4,33,45,32,11578976237916167303537735928182276
4,33,45,33,6974470769533036127292241688716992
4,33,45,34,3917200007469371091178345326951108
4,33,45,35,2054977987854152186412874581486426
4,33,45,36,1008597584104437517636667385342996
4,33,45,37,463857014772820143451881460447334
4,33,45,38,200190228173942597909799709839776
4,33,45,39,81187914965211883675882622860614
4,33,45,40,30980459789818393761248700129868
4,33,45,41,11136622574124250755311097398132
4,33,45,42,3775508717003394567005807830888
4,33,45,43,1208398882796123196620291592414
4,33,45,44,365500095224511640173339853968
4,33,45,45,104571393561178703771913879082
4,33,45,46,28325126021575265783678882154
4,33,45,47,7269952529372722145687674610
4,33,45,48,1769468368331101477640414430
4,33,45,49,408733759024440000804931532
4,33,45,50,89669270714625432241109852
4,33,45,51,18696220773742734252816040
4,33,45,52,3707260840169706087659284
4,33,45,53,699521162295995565548220
4,33,45,54,125669340112907125090106
4,33,45,55,21504978648919491077388
4,33,45,56,3506651008022330714590
4,33,45,57,545014193057234735268
4,33,45,58,80751372243444839354
4,33,45,59,11405691717726368350
4,33,45,60,1535506164977925030
4,33,45,61,196960276370745116
4,33,45,62,24056724486006500
4,33,45,63,2795246981748020
4,33,45,64,308571036149894
4,33,45,65,32305240049944
4,33,45,66,3198525723202
4,33,45,67,298583571294
4,33,45,68,26130232818
4,33,45,69,2124758716
4,33,45,70,158376728
4,33,45,71,10482824
4,33,45,72,595318
4,33,45,73,25500
4,33,45,74,880
4,33,45,75,0
4,33,45,76,0
4,33,45,77,0
4,33,45,78,0
4,33,45,79,0
4,33,45,80,0
4,33,45,81,0
4,33,45,82,0
4,33,45,83,0
4,33,45,84,0
4,33,45,85,0
4,33,45,86,0
4,33,45,87,0
4,33,45,88,0
4,33,45,89,0
4,33,45,90,0
4,33,45,91,0
4,33,45,92,0
4,33,45,93,0
4,33,45,94,0
4,33,45,95,0
4,33,45,96,0
4,33,45,97,0
4,33,45,98,0
4,33,45,99,0
4,33,45,100,0
4,33,45,101,0
4,33,45,102,0
4,33,45,103,0
4,33,45,104,0
4,33,45,105,0
4,33,45,106,0
4,33,45,107,0
4,33,45,108,0
4,33,45,109,0
4,33,45,110,0
4,33,45,111,0
4,33,45,112,0
4,33,45,113,0
4,33,45,114,0
4,33,45,115,0
4,33,45,116,0
4,33,45,117,0
4,33,45,118,0
4,33,45,119,0
4,33,45,120,0
4,33,45,121,0
4,33,45,122,0
4,33,45,123,0
4,33,45,124,0
4,33,45,125,0
4,33,45,126,0
4,33,45,127,0
4,33,45,128,0
4,33,45,129,0
4,33,45,130,0
4,33,45,131,0
4,33,45,132,0
4,33,45,133,0
4,33,45,134,0
4,33,45,135,0
4,33,45,136,0
4,33,45,137,0
4,33,45,138,0
4,33,45,139,0
4,33,45,140,0
4,33,45,141,0
4,33,45,142,0
4,33,45,143,0
4,33,45,144,0
4,33,45,145,0
4,33,45,146,0
4,33,45,147,0
4,33,45,148,0
4,33,45,149,0
4,33,45,150,0
4,33,45,151,0
4,33,45,152,0
4,33,45,153,0
4,33,45,154,0
4,33,45,155,0
4,33,45,156,0
4,33,45,157,0
4,33,45,158,0
4,33,45,159,0
4,33,45,160,0
4,33,45,161,0
4,33,45,162,0
4,33,45,163,0
4,33,45,164,0
4,33,45,165,0
4,33,45,166,0
4,33,45,167,0
4,33,45,168,0
4,33,45,169,0
4,33,45,170,0
4,33,45,171,0
4,33,45,172,0
4,33,45,173,0
4,33,45,174,0
4,33,45,175,0
4,33,45,176,0
4,33,45,177,0
4,33,45,178,0
4,33,45,179,0
4,33,45,180,0
4,33,45,181,0
4,33,45,182,0
4,33,45,183,0
4,33,45,184,0
4,33,45,185,0
4,33,45,186,0
4,33,45,187,0
4,33,45,188,0
4,33,45,189,0
4,33,45,190,0
4,33,45,191,0
4,33,45,192,0
4,33,45,193,0
4,33,45,194,0
4,33,45,195,0
4,33,45,196,0
4,33,45,197,0
4,33,45,198,0
4,33,45,199,0
4,33,45,200,0
4,33,45,201,0
4,33,45,202,0
4,33,45,203,0
4,33,45,204,0
4,33,45,205,0
4,33,45,206,0
4,33,45,207,0
4,33,45,208,0
4,33,45,209,0
4,33,45,210,0
4,33,45,211,0
4,33,45,212,0
4,33,45,213,0
4,33,45,214,0
4,33,45,215,0
4,33,45,216,0
4,33,45,217,0
4,33,45,218,0
4,33,45,219,0
4,33,45,220,0
4,33,45,221,0
4,33,45,222,0
4,33,45,223,0
4,33,45,224,0
4,33,45,225,0
4,33,45,226,0
4,33,45,227,0
4,33,46,0,50606180038567027342
4,33,46,1,1829687495825395938872
4,33,46,2,36084389784950374874986
4,33,46,3,504097139017146362917142
4,33,46,4,5519388863040647933064372
4,33,46,5,49915033582271051399367608
4,33,46,6,384741806234501722123621560
4,33,46,7,2579807431447132844555014989
4,33,46,8,15261554743687597257637430227
4,33,46,9,80458305418545053221290977750
4,33,46,10,380804788926772333455907856640
4,33,46,11,1626954597248376966834183857600
4,33,46,12,6300594696728658418846483171066
4,33,46,13,22185771912731321066689561627899
4,33,46,14,71199721926310854965509784779179
4,33,46,15,208624825247034424102381668237997
4,33,46,16,558882835637290459358220076232716
4,33,46,17,1370200254879212038661340690306507
4,33,46,18,3076770984649632170940358790269607
4,33,46,19,6331771741786505993969698485333415
4,33,46,20,11948306625425747099726091965119054
4,33,46,21,20685077441617685830340624807826774
4,33,46,22,32870410457609019636248077665694380
4,33,46,23,47973962217981279523848545249036180
4,33,46,24,64351259649104412686251721727892549
4,33,46,25,79398595205312755739434796151765980
4,33,46,26,90196234119751901185964234294475012
4,33,46,27,94441893257003244841609902705378848
4,33,46,28,91261322971417112865110449060167827
4,33,46,29,81500237932425940430981770371021649
4,33,46,30,67365250048219788870135621134406337
4,33,46,31,51619329164123859836709452114152735
4,33,46,32,36729030231940853623849113355249593
4,33,46,33,24308721392587596920555636422692875
4,33,46,34,14990148821146330031583608193897331
4,33,46,35,8627118684683065760037860828447097
4,33,46,36,4641367386149252900781234524698223
4,33,46,37,2337883373005146104842159809651744
4,33,46,38,1104179434858590708944466128993786
4,33,46,39,489669816079333650357607157279484
4,33,46,40,204166015012938365600847010379721
4,33,46,41,80133230996749168564427809385491
4,33,46,42,29640694797653142143543624040919
4,33,46,43,10343689841107696754717914053108
4,33,46,44,3408862397020023324290734648811
4,33,46,45,1061939818437253909205222783790
4,33,46,46,312992490172278703705417945726
4,33,46,47,87353303257154638904238198381
4,33,46,48,23104007904348176583980325238
4,33,46,49,5795545997128138937346224554
4,33,46,50,1379822669049422829587371376
4,33,46,51,312020736415031056129483306
4,33,46,52,67060991817536825256595761
4,33,46,53,13707610499184351859561249
4,33,46,54,2666360287628010303907911
4,33,46,55,493831328580821523925839
4,33,46,56,87126742929453598359704
4,33,46,57,14649241970792278994657
4,33,46,58,2348057154806450897053
4,33,46,59,358859954106614404119
4,33,46,60,52300113584058467946
4,33,46,61,7268005035187610680
4,33,46,62,962851842748141918
4,33,46,63,121545688745419147
4,33,46,64,14609764545868436
4,33,46,65,1670435940750298
4,33,46,66,181402295859106
4,33,46,67,18673636553054
4,33,46,68,1817110402411
4,33,46,69,166473727461
4,33,46,70,14276363515
4,33,46,71,1134531333
4,33,46,72,82118493
4,33,46,73,5193852
4,33,46,74,285220
4,33,46,75,10776
4,33,46,76,308
4,33,46,77,0
4,33,46,78,0
4,33,46,79,0
4,33,46,80,0
4,33,46,81,0
4,33,46,82,0
4,33,46,83,0
4,33,46,84,0
4,33,46,85,0
4,33,46,86,0
4,33,46,87,0
4,33,46,88,0
4,33,46,89,0
4,33,46,90,0
4,33,46,91,0
4,33,46,92,0
4,33,46,93,0
4,33,46,94,0
4,33,46,95,0
4,33,46,96,0
4,33,46,97,0
4,33,46,98,0
4,33,46,99,0
4,33,46,100,0
4,33,46,101,0
4,33,46,102,0
4,33,46,103,0
4,33,46,104,0
4,33,46,105,0
4,33,46,106,0
4,33,46,107,0
4,33,46,108,0
4,33,46,109,0
4,33,46,110,0
4,33,46,111,0
4,33,46,112,0
4,33,46,113,0
4,33,46,114,0
4,33,46,115,0
4,33,46,116,0
4,33,46,117,0
4,33,46,118,0
4,33,46,119,0
4,33,46,120,0
4,33,46,121,0
4,33,46,122,0
4,33,46,123,0
4,33,46,124,0
4,33,46,125,0
4,33,46,126,0
4,33,46,127,0
4,33,46,128,0
4,33,46,129,0
4,33,46,130,0
4,33,46,131,0
4,33,46,132,0
4,33,46,133,0
4,33,46,134,0
4,33,46,135,0
4,33,46,136,0
4,33,46,137,0
4,33,46,138,0
4,33,46,139,0
4,33,46,140,0
4,33,46,141,0
4,33,46,142,0
4,33,46,143,0
4,33,46,144,0
4,33,46,145,0
4,33,46,146,0
4,33,46,147,0
4,33,46,148,0
4,33,46,149,0
4,33,46,150,0
4,33,46,151,0
4,33,46,152,0
4,33,46,153,0
4,33,46,154,0
4,33,46,155,0
4,33,46,156,0
4,33,46,157,0
4,33,46,158,0
4,33,46,159,0
4,33,46,160,0
4,33,46,161,0
4,33,46,162,0
4,33,46,163,0
4,33,46,164,0
4,33,46,165,0
4,33,46,166,0
4,33,46,167,0
4,33,46,168,0
4,33,46,169,0
4,33,46,170,0
4,33,46,171,0
4,33,46,172,0
4,33,46,173,0
4,33,46,174,0
4,33,46,175,0
4,33,46,176,0
4,33,46,177,0
4,33,46,178,0
4,33,46,179,0
4,33,46,180,0
4,33,46,181,0
4,33,46,182,0
4,33,46,183,0
4,33,46,184,0
4,33,46,185,0
4,33,46,186,0
4,33,46,187,0
4,33,46,188,0
4,33,46,189,0
4,33,46,190,0
4,33,46,191,0
4,33,46,192,0
4,33,46,193,0
4,33,46,194,0
4,33,46,195,0
4,33,46,196,0
4,33,46,197,0
4,33,46,198,0
4,33,46,199,0
4,33,46,200,0
4,33,46,201,0
4,33,46,202,0
4,33,46,203,0
4,33,46,204,0
4,33,46,205,0
4,33,46,206,0
4,33,46,207,0
4,33,46,208,0
4,33,46,209,0
4,33,46,210,0
4,33,46,211,0
4,33,46,212,0
4,33,46,213,0
4,33,46,214,0
4,33,46,215,0
4,33,46,216,0
4,33,46,217,0
4,33,46,218,0
4,33,46,219,0
4,33,46,220,0
4,33,46,221,0
4,33,46,222,0
4,33,46,223,0
4,33,46,224,0
4,33,46,225,0
4,33,46,226,0
4,33,46,227,0
4,33,47,0,14412970544941650744
4,33,47,1,528601550459276170912
4,33,47,2,10675168293835812722838
4,33,47,3,153721630412128005948034
4,33,47,4,1744162987564835510673312
4,33,47,5,16420637108997901343956584
4,33,47,6,132302622333906082494838702
4,33,47,7,930807236168746357775834160
4,33,47,8,5797929444717780279352533360
4,33,47,9,32292162695229476383678481468
4,33,47,10,161983854356507584568804321600
4,33,47,11,735753215415535156916175897860
4,33,47,12,3038309609094295888092704832882
4,33,47,13,11441750396912772765432341288658
4,33,47,14,39382858299521430407654547663070
4,33,47,15,124113598488935243659519381188756
4,33,47,16,358574634834207372411061068059476
4,33,47,17,950587796611514467991204703326670
4,33,47,18,2313946312677090667523069610096224
4,33,47,19,5174663399715946150315850084815666
4,33,47,20,10635294042321877393629730899795466
4,33,47,21,20095661491961159626914376212398066
4,33,47,22,34920894119882114523131934963818006
4,33,47,23,55829122623793200159687142533318432
4,33,47,24,82153237550061651218047663049663804
4,33,47,25,111332098263275343159366518949220566
4,33,47,26,139042883351955088639766470834802152
4,33,47,27,160167495118115278331766819005620078
4,33,47,28,170344456269808935057600410111320126
4,33,47,29,167457673746200229315055101270412832
4,33,47,30,152356324617237716206361233451622828
4,33,47,31,128469639929363336001009564530911850
4,33,47,32,100547638535115329757553529260658918
4,33,47,33,73155961278926890390033899680340764
4,33,47,34,49559258609819751243230837959520308
4,33,47,35,31310581105549911490197816456320380
4,33,47,36,18477140179091357904574488508606332
4,33,47,37,10200565472386575303957589607007646
4,33,47,38,5275980783482345546288663038508736
4,33,47,39,2560264745040901984392748682987294
4,33,47,40,1167209577174063841794709794981574
4,33,47,41,500540864837361494531558013991180
4,33,47,42,202146559216155563705365314795752
4,33,47,43,76967075643482190728654579733400
4,33,47,44,27656663058174304449093024842614
4,33,47,45,9387861826572086585712502054390
4,33,47,46,3012982596950267573306975382452
4,33,47,47,915079564707534020168487191360
4,33,47,48,263211148950013230160593092550
4,33,47,49,71757656014093301121659907616
4,33,47,50,18555505387210369387443850566
4,33,47,51,4554367902270361199742554138
4,33,47,52,1061776574744140546488567124
4,33,47,53,235274655614803250957420854
4,33,47,54,49582494707359729004457046
4,33,47,55,9943784681185685022541968
4,33,47,56,1898827230098096284783562
4,33,47,57,345419768293478304799958
4,33,47,58,59886220140885084473164
4,33,47,59,9898769797255288291226
4,33,47,60,1560367286410894945402
4,33,47,61,234602618295498326322
4,33,47,62,33644324182846801368
4,33,47,63,4601604676076507510
4,33,47,64,600052813123478596
4,33,47,65,74562834168241478
4,33,47,66,8821720393890500
4,33,47,67,992618456733474
4,33,47,68,106050363855476
4,33,47,69,10734656054624
4,33,47,70,1026230609996
4,33,47,71,92280107154
4,33,47,72,7753565008
4,33,47,73,599602738
4,33,47,74,42298558
4,33,47,75,2552426
4,33,47,76,129216
4,33,47,77,4812
4,33,47,78,88
4,33,47,79,0
4,33,47,80,0
4,33,47,81,0
4,33,47,82,0
4,33,47,83,0
4,33,47,84,0
4,33,47,85,0
4,33,47,86,0
4,33,47,87,0
4,33,47,88,0
4,33,47,89,0
4,33,47,90,0
4,33,47,91,0
4,33,47,92,0
4,33,47,93,0
4,33,47,94,0
4,33,47,95,0
4,33,47,96,0
4,33,47,97,0
4,33,47,98,0
4,33,47,99,0
4,33,47,100,0
4,33,47,101,0
4,33,47,102,0
4,33,47,103,0
4,33,47,104,0
4,33,47,105,0
4,33,47,106,0
4,33,47,107,0
4,33,47,108,0
4,33,47,109,0
4,33,47,110,0
4,33,47,111,0
4,33,47,112,0
4,33,47,113,0
4,33,47,114,0
4,33,47,115,0
4,33,47,116,0
4,33,47,117,0
4,33,47,118,0
4,33,47,119,0
4,33,47,120,0
4,33,47,121,0
4,33,47,122,0
4,33,47,123,0
4,33,47,124,0
4,33,47,125,0
4,33,47,126,0
4,33,47,127,0
4,33,47,128,0
4,33,47,129,0
4,33,47,130,0
4,33,47,131,0
4,33,47,132,0
4,33,47,133,0
4,33,47,134,0
4,33,47,135,0
4,33,47,136,0
4,33,47,137,0
4,33,47,138,0
4,33,47,139,0
4,33,47,140,0
4,33,47,141,0
4,33,47,142,0
4,33,47,143,0
4,33,47,144,0
4,33,47,145,0
4,33,47,146,0
4,33,47,147,0
4,33,47,148,0
4,33,47,149,0
4,33,47,150,0
4,33,47,151,0
4,33,47,152,0
4,33,47,153,0
4,33,47,154,0
4,33,47,155,0
4,33,47,156,0
4,33,47,157,0
4,33,47,158,0
4,33,47,159,0
4,33,47,160,0
4,33,47,161,0
4,33,47,162,0
4,33,47,163,0
4,33,47,164,0
4,33,47,165,0
4,33,47,166,0
4,33,47,167,0
4,33,47,168,0
4,33,47,169,0
4,33,47,170,0
4,33,47,171,0
4,33,47,172,0
4,33,47,173,0
4,33,47,174,0
4,33,47,175,0
4,33,47,176,0
4,33,47,177,0
4,33,47,178,0
4,33,47,179,0
4,33,47,180,0
4,33,47,181,0
4,33,47,182,0
4,33,47,183,0
4,33,47,184,0
4,33,47,185,0
4,33,47,186,0
4,33,47,187,0
4,33,47,188,0
4,33,47,189,0
4,33,47,190,0
4,33,47,191,0
4,33,47,192,0
4,33,47,193,0
4,33,47,194,0
4,33,47,195,0
4,33,47,196,0
4,33,47,197,0
4,33,47,198,0
4,33,47,199,0
4,33,47,200,0
4,33,47,201,0
4,33,47,202,0
4,33,47,203,0
4,33,47,204,0
4,33,47,205,0
4,33,47,206,0
4,33,47,207,0
4,33,47,208,0
4,33,47,209,0
4,33,47,210,0
4,33,47,211,0
4,33,47,212,0
4,33,47,213,0
4,33,47,214,0
4,33,47,215,0
4,33,47,216,0
4,33,47,217,0
4,33,47,218,0
4,33,47,219,0
4,33,47,220,0
4,33,47,221,0
4,33,47,222,0
4,33,47,223,0
4,33,47,224,0
4,33,47,225,0
4,33,47,226,0
4,33,47,227,0
4,33,48,0,3786689983369290438
4,33,48,1,140184821178763915888
4,33,48,2,2887530865032086179212
4,33,48,3,42707555249310312642202
4,33,48,4,500488270385195891875692
4,33,48,5,4889868336381202274088954
4,33,48,6,41059212788687182850391492
4,33,48,7,302213670552317754057322602
4,33,48,8,1976527748848135553022520517
4,33,48,9,11597953335259382697319326649
4,33,48,10,61492746157031282706778937484
4,33,48,11,296152321605220502594378076593
4,33,48,12,1300671921118757606125369850588
4,33,48,13,5224787641171364616256521331632
4,33,48,14,19238941188113899738637676490976
4,33,48,15,65045844760239041631919818481192
4,33,48,16,202164534876520709427527211367903
4,33,48,17,578108640080991248598558116773822
4,33,48,18,1521919814227668605472285584687596
4,33,48,19,3690009902999829592597700216989070
4,33,48,20,8242055400775144209450027785817365
4,33,48,21,16962940132192525772606304632870318
4,33,48,22,32173433618384968397133166415670988
4,33,48,23,56247634643521998581164055035103127
4,33,48,24,90662015768060674669765185532829316
4,33,48,25,134772995811397920143508067571549030
4,33,48,26,184854227240911308110555285082598738
4,33,48,27,234075961966000595955889338215434114
4,33,48,28,273843197169673068092939676723419295
4,33,48,29,296243168837767155399452753956466443
4,33,48,30,296650151317884831171553314790098468
4,33,48,31,275295560280860243217317408338099738
4,33,48,32,237067905579931272242798187064057123
4,33,48,33,189700049545698089694803807663534067
4,33,48,34,141258774432964586737884569576393190
4,33,48,35,98031721700780137417319196574841806
4,33,48,36,63500431994890663532696958309577506
4,33,48,37,38449972059182499588671285371066485
4,33,48,38,21795182940628021186032083372364850
4,33,48,39,11582007927381170891620516706500775
4,33,48,40,5777661252158443493067394691567954
4,33,48,41,2709068092447033426150884628335343
4,33,48,42,1195388427700130436103559422883124
4,33,48,43,496944325418291477353548744615939
4,33,48,44,194837212796335023844603523970314
4,33,48,45,72115253064055295139220961054972
4,33,48,46,25221525231243910891051883197404
4,33,48,47,8342150841725344479904446475812
4,33,48,48,2611557581183584867943766566698
4,33,48,49,774409480031289989176892060634
4,33,48,50,217676247757878280983720267032
4,33,48,51,58040123448134850178473746976
4,33,48,52,14689927578666708074249565576
4,33,48,53,3531609904046896325429172576
4,33,48,54,806985780582187401131058006
4,33,48,55,175374808600578998379290587
4,33,48,56,36268757673945303259181437
4,33,48,57,7141728776372078254695024
4,33,48,58,1339681969347438326256718
4,33,48,59,239511945132601422155798
4,33,48,60,40827316808812303390772
4,33,48,61,6637574340537166735055
4,33,48,62,1029433323268072595366
4,33,48,63,152322275484449282116
4,33,48,64,21502658736815535497
4,33,48,65,2895357017311652777
4,33,48,66,371729107950085666
4,33,48,67,45477514963823889
4,33,48,68,5296847325830933
4,33,48,69,586597052555320
4,33,48,70,61656690893734
4,33,48,71,6136358495759
4,33,48,72,576446147987
4,33,48,73,50815266939
4,33,48,74,4182439026
4,33,48,75,315333554
4,33,48,76,21357835
4,33,48,77,1247964
4,33,48,78,57626
4,33,48,79,1995
4,33,48,80,22
4,33,48,81,0
4,33,48,82,0
4,33,48,83,0
4,33,48,84,0
4,33,48,85,0
4,33,48,86,0
4,33,48,87,0
4,33,48,88,0
4,33,48,89,0
4,33,48,90,0
4,33,48,91,0
4,33,48,92,0
4,33,48,93,0
4,33,48,94,0
4,33,48,95,0
4,33,48,96,0
4,33,48,97,0
4,33,48,98,0
4,33,48,99,0
4,33,48,100,0
4,33,48,101,0
4,33,48,102,0
4,33,48,103,0
4,33,48,104,0
4,33,48,105,0
4,33,48,106,0
4,33,48,107,0
4,33,48,108,0
4,33,48,109,0
4,33,48,110,0
4,33,48,111,0
4,33,48,112,0
4,33,48,113,0
4,33,48,114,0
4,33,48,115,0
4,33,48,116,0
4,33,48,117,0
4,33,48,118,0
4,33,48,119,0
4,33,48,120,0
4,33,48,121,0
4,33,48,122,0
4,33,48,123,0
4,33,48,124,0
4,33,48,125,0
4,33,48,126,0
4,33,48,127,0
4,33,48,128,0
4,33,48,129,0
4,33,48,130,0
4,33,48,131,0
4,33,48,132,0
4,33,48,133,0
4,33,48,134,0
4,33,48,135,0
4,33,48,136,0
4,33,48,137,0
4,33,48,138,0
4,33,48,139,0
4,33,48,140,0
4,33,48,141,0
4,33,48,142,0
4,33,48,143,0
4,33,48,144,0
4,33,48,145,0
4,33,48,146,0
4,33,48,147,0
4,33,48,148,0
4,33,48,149,0
4,33,48,150,0
4,33,48,151,0
4,33,48,152,0
4,33,48,153,0
4,33,48,154,0
4,33,48,155,0
4,33,48,156,0
4,33,48,157,0
4,33,48,158,0
4,33,48,159,0
4,33,48,160,0
4,33,48,161,0
4,33,48,162,0
4,33,48,163,0
4,33,48,164,0
4,33,48,165,0
4,33,48,166,0
4,33,48,167,0
4,33,48,168,0
4,33,48,169,0
4,33,48,170,0
4,33,48,171,0
4,33,48,172,0
4,33,48,173,0
4,33,48,174,0
4,33,48,175,0
4,33,48,176,0
4,33,48,177,0
4,33,48,178,0
4,33,48,179,0
4,33,48,180,0
4,33,48,181,0
4,33,48,182,0
4,33,48,183,0
4,33,48,184,0
4,33,48,185,0
4,33,48,186,0
4,33,48,187,0
4,33,48,188,0
4,33,48,189,0
4,33,48,190,0
4,33,48,191,0
4,33,48,192,0
4,33,48,193,0
4,33,48,194,0
4,33,48,195,0
4,33,48,196,0
4,33,48,197,0
4,33,48,198,0
4,33,48,199,0
4,33,48,200,0
4,33,48,201,0
4,33,48,202,0
4,33,48,203,0
4,33,48,204,0
4,33,48,205,0
4,33,48,206,0
4,33,48,207,0
4,33,48,208,0
4,33,48,209,0
4,33,48,210,0
4,33,48,211,0
4,33,48,212,0
4,33,48,213,0
4,33,48,214,0
4,33,48,215,0
4,33,48,216,0
4,33,48,217,0
4,33,48,218,0
4,33,48,219,0
4,33,48,220,0
4,33,48,221,0
4,33,48,222,0
4,33,48,223,0
4,33,48,224,0
4,33,48,225,0
4,33,48,226,0
4,33,48,227,0
4,33,49,0,917814440414181352
4,33,49,1,34122933579043883294
4,33,49,2,714029546817354684936
4,33,49,3,10808452012969914484356
4,33,49,4,130392272618347257136168
4,33,49,5,1317928324539749712729608
4,33,49,6,11498234950807844043109606
4,33,49,7,88283631044146649986885252
4,33,49,8,604521840158459023612613688
4,33,49,9,3726832032018638287175182082
4,33,49,10,20828995207842722273474444204
4,33,49,11,106078518219053430904355755214
4,33,49,12,494180957999263254014522781676
4,33,49,13,2112003893240290985273369052818
4,33,49,14,8298237090530789060375860113976
4,33,49,15,30022391270756929279802899026320
4,33,49,16,100130544378369256309945457154776
4,33,49,17,308100843224708579311643422364558
4,33,49,18,875086252980612391179482965213488
4,33,49,19,2294980560798814066390464716705182
4,33,49,20,5558431959754534487820654600058658
4,33,49,21,12433805110276085982285047859093364
4,33,49,22,25688930106699073499398774814502738
4,33,49,23,49021505013292803432557272993204142
4,33,49,24,86406807357787232872933038318464366
4,33,49,25,140695665184146090136568626377360244
4,33,49,26,211678881783348195871196751579320428
4,33,49,27,294363315554125445604282054550772732
4,33,49,28,378534217127831907627322996371429640
4,33,49,29,450415643981182261838273252989049282
4,33,49,30,496303568588739150615521614541188134
4,33,49,31,506886928214654624108833356946619280
4,33,49,32,480362583348295095529965565579650626
4,33,49,33,422901316275937732888603866254025444
4,33,49,34,346322743253269157972994740400605304
4,33,49,35,264172197740893161269244099617636466
4,33,49,36,187961626387049592556205048826524354
4,33,49,37,124924430726035931738941295930922012
4,33,49,38,77667493899376863800609537604557674
4,33,49,39,45232517016135488927233469586841582
4,33,49,40,24709740669644944208195729215935712
4,33,49,41,12678061926989326701718588836318388
4,33,49,42,6116979898890675620901584686265650
4,33,49,43,2778572944078686195555206648799604
4,33,49,44,1189532576410244178987481439964748
4,33,49,45,480439485873716230686148848229920
4,33,49,46,183238770798546198802506865076190
4,33,49,47,66053192220711580359415363185752
4,33,49,48,22522955685111862210987412723992
4,33,49,49,7270238300562597866187294335586
4,33,49,50,2223221270487450766105985834288
4,33,49,51,644513872365399553463306444026
4,33,49,52,177251768663110526237484277302
4,33,49,53,46274464753440679543233265984
4,33,49,54,11475207963063470296322027146
4,33,49,55,2704683481228361488236298030
4,33,49,56,606274941334895883510700406
4,33,49,57,129321710540489325026345638
4,33,49,58,26264053847313627078097174
4,33,49,59,5081192806886328808041810
4,33,49,60,936891871413338972504454
4,33,49,61,164708413987979351956964
4,33,49,62,27618367721542860424198
4,33,49,63,4418287014073097399064
4,33,49,64,674463443630402705780
4,33,49,65,98250575830806830596
4,33,49,66,13656727239883622234
4,33,49,67,1810849939624412470
4,33,49,68,228951714188345990
4,33,49,69,27582050173488862
4,33,49,70,3162931224681958
4,33,49,71,344761502609728
4,33,49,72,35654073494332
4,33,49,73,3488288071776
4,33,49,74,321861309936
4,33,49,75,27838697528
4,33,49,76,2236904152
4,33,49,77,164303142
4,33,49,78,10715440
4,33,49,79,595164
4,33,49,80,25022
4,33,49,81,840
4,33,49,82,0
4,33,49,83,0
4,33,49,84,0
4,33,49,85,0
4,33,49,86,0
4,33,49,87,0
4,33,49,88,0
4,33,49,89,0
4,33,49,90,0
4,33,49,91,0
4,33,49,92,0
4,33,49,93,0
4,33,49,94,0
4,33,49,95,0
4,33,49,96,0
4,33,49,97,0
4,33,49,98,0
4,33,49,99,0
4,33,49,100,0
4,33,49,101,0
4,33,49,102,0
4,33,49,103,0
4,33,49,104,0
4,33,49,105,0
4,33,49,106,0
4,33,49,107,0
4,33,49,108,0
4,33,49,109,0
4,33,49,110,0
4,33,49,111,0
4,33,49,112,0
4,33,49,113,0
4,33,49,114,0
4,33,49,115,0
4,33,49,116,0
4,33,49,117,0
4,33,49,118,0
4,33,49,119,0
4,33,49,120,0
4,33,49,121,0
4,33,49,122,0
4,33,49,123,0
4,33,49,124,0
4,33,49,125,0
4,33,49,126,0
4,33,49,127,0
4,33,49,128,0
4,33,49,129,0
4,33,49,130,0
4,33,49,131,0
4,33,49,132,0
4,33,49,133,0
4,33,49,134,0
4,33,49,135,0
4,33,49,136,0
4,33,49,137,0
4,33,49,138,0
4,33,49,139,0
4,33,49,140,0
4,33,49,141,0
4,33,49,142,0
4,33,49,143,0
4,33,49,144,0
4,33,49,145,0
4,33,49,146,0
4,33,49,147,0
4,33,49,148,0
4,33,49,149,0
4,33,49,150,0
4,33,49,151,0
4,33,49,152,0
4,33,49,153,0
4,33,49,154,0
4,33,49,155,0
4,33,49,156,0
4,33,49,157,0
4,33,49,158,0
4,33,49,159,0
4,33,49,160,0
4,33,49,161,0
4,33,49,162,0
4,33,49,163,0
4,33,49,164,0
4,33,49,165,0
4,33,49,166,0
4,33,49,167,0
4,33,49,168,0
4,33,49,169,0
4,33,49,170,0
4,33,49,171,0
4,33,49,172,0
4,33,49,173,0
4,33,49,174,0
4,33,49,175,0
4,33,49,176,0
4,33,49,177,0
4,33,49,178,0
4,33,49,179,0
4,33,49,180,0
4,33,49,181,0
4,33,49,182,0
4,33,49,183,0
4,33,49,184,0
4,33,49,185,0
4,33,49,186,0
4,33,49,187,0
4,33,49,188,0
4,33,49,189,0
4,33,49,190,0
4,33,49,191,0
4,33,49,192,0
4,33,49,193,0
4,33,49,194,0
4,33,49,195,0
4,33,49,196,0
4,33,49,197,0
4,33,49,198,0
4,33,49,199,0
4,33,49,200,0
4,33,49,201,0
4,33,49,202,0
4,33,49,203,0
4,33,49,204,0
4,33,49,205,0
4,33,49,206,0
4,33,49,207,0
4,33,49,208,0
4,33,49,209,0
4,33,49,210,0
4,33,49,211,0
4,33,49,212,0
4,33,49,213,0
4,33,49,214,0
4,33,49,215,0
4,33,49,216,0
4,33,49,217,0
4,33,49,218,0
4,33,49,219,0
4,33,49,220,0
4,33,49,221,0
4,33,49,222,0
4,33,49,223,0
4,33,49,224,0
4,33,49,225,0
4,33,49,226,0
4,33,49,227,0
4,33,50,0,205188308370700230
4,33,50,1,7620563934274076392
4,33,50,2,161349223664459645302
4,33,50,3,2490845531583138644692
4,33,50,4,30832587496677552541836
4,33,50,5,321391242518777230680940
4,33,50,6,2904676086677043417067674
4,33,50,7,23196869421285123327122566
4,33,50,8,165833534671140469644529152
4,33,50,9,1071132845046385875189150016
4,33,50,10,6293222138264214508368289222
4,33,50,11,33801311111938651786522262478
4,33,50,12,166589348753149550250639353414
4,33,50,13,755486704441228933395468370614
4,33,50,14,3159166380749377527850881887134
4,33,50,15,12199494201603616809982434790894
4,33,50,16,43551375797645175361697239735373
4,33,50,17,143836595407234779482594189451901
4,33,50,18,439686218271215906138763018920463
4,33,50,19,1244311445593905202896057471620979
4,33,50,20,3260365011981212579236864484252401
4,33,50,21,7909407726667272711043258864833824
4,33,50,22,17763243782739661320451571222718466
4,33,50,23,36927393253937479465274851977613498
4,33,50,24,71051668618986028831418288059853437
4,33,50,25,126522882038340175339025550689256546
4,33,50,26,208514047251621877572744388816154044
4,33,50,27,318067744480321009724929372390136416
4,33,50,28,449182510665013320059288755047665033
4,33,50,29,587499284316234226286763772884833710
4,33,50,30,712035433183573462382438003661207019
4,33,50,31,800205588470823193620368955577146569
4,33,50,32,834581913643046475301782370746705421
4,33,50,33,808586555001053574978457404074827010
4,33,50,34,728535401196058342116456342074354302
4,33,50,35,611170131106031272514259781910290436
4,33,50,36,477985920215591520583698236231595228
4,33,50,37,348968218333521778601724376778478726
4,33,50,38,238155966930425378799986332303076827
4,33,50,39,152134996137110346289129853390742131
4,33,50,40,91089235007747693119484127746843323
4,33,50,41,51184292347697302440348748217610243
4,33,50,42,27025693433538983067274214050678176
4,33,50,43,13424539262504649527404324678641056
4,33,50,44,6280393454528726086170148574870470
4,33,50,45,2770073805534088913428162008865325
4,33,50,46,1153014610177727371759501507645889
4,33,50,47,453325758659450213061310506231951
4,33,50,48,168494053044495984852535405568739
4,33,50,49,59251580391710242731339403817476
4,33,50,50,19727785189342860869643679491612
4,33,50,51,6223349206202773770065832210748
4,33,50,52,1861348501862647056848348804206
4,33,50,53,528162933035331930129021328751
4,33,50,54,142270592508667784152160639455
4,33,50,55,36402630033069471315030735639
4,33,50,56,8852752442136602601410822079
4,33,50,57,2047404222670177835159012784
4,33,50,58,450561166038846794987948265
4,33,50,59,94398597274213585510472193
4,33,50,60,18839287863427003519263699
4,33,50,61,3583119464789738288000744
4,33,50,62,649751673494001954070218
4,33,50,63,112380214032176293701494
4,33,50,64,18544935116781841211140
4,33,50,65,2920474728527782581769
4,33,50,66,438964437834271971406
4,33,50,67,62973043879885067356
4,33,50,68,8621194468501641484
4,33,50,69,1125976403523348049
4,33,50,70,140220043233321715
4,33,50,71,16636560930007743
4,33,50,72,1878511539207426
4,33,50,73,201544259625939
4,33,50,74,20504415558898
4,33,50,75,1972383048648
4,33,50,76,178678470084
4,33,50,77,15144898924
4,33,50,78,1189050165
4,33,50,79,84791725
4,33,50,80,5275583
4,33,50,81,283683
4,33,50,82,10478
4,33,50,83,294
4,33,50,84,0
4,33,50,85,0
4,33,50,86,0
4,33,50,87,0
4,33,50,88,0
4,33,50,89,0
4,33,50,90,0
4,33,50,91,0
4,33,50,92,0
4,33,50,93,0
4,33,50,94,0
4,33,50,95,0
4,33,50,96,0
4,33,50,97,0
4,33,50,98,0
4,33,50,99,0
4,33,50,100,0
4,33,50,101,0
4,33,50,102,0
4,33,50,103,0
4,33,50,104,0
4,33,50,105,0
4,33,50,106,0
4,33,50,107,0
4,33,50,108,0
4,33,50,109,0
4,33,50,110,0
4,33,50,111,0
4,33,50,112,0
4,33,50,113,0
4,33,50,114,0
4,33,50,115,0
4,33,50,116,0
4,33,50,117,0
4,33,50,118,0
4,33,50,119,0
4,33,50,120,0
4,33,50,121,0
4,33,50,122,0
4,33,50,123,0
4,33,50,124,0
4,33,50,125,0
4,33,50,126,0
4,33,50,127,0
4,33,50,128,0
4,33,50,129,0
4,33,50,130,0
4,33,50,131,0
4,33,50,132,0
4,33,50,133,0
4,33,50,134,0
4,33,50,135,0
4,33,50,136,0
4,33,50,137,0
4,33,50,138,0
4,33,50,139,0
4,33,50,140,0
4,33,50,141,0
4,33,50,142,0
4,33,50,143,0
4,33,50,144,0
4,33,50,145,0
4,33,50,146,0
4,33,50,147,0
4,33,50,148,0
4,33,50,149,0
4,33,50,150,0
4,33,50,151,0
4,33,50,152,0
4,33,50,153,0
4,33,50,154,0
4,33,50,155,0
4,33,50,156,0
4,33,50,157,0
4,33,50,158,0
4,33,50,159,0
4,33,50,160,0
4,33,50,161,0
4,33,50,162,0
4,33,50,163,0
4,33,50,164,0
4,33,50,165,0
4,33,50,166,0
4,33,50,167,0
4,33,50,168,0
4,33,50,169,0
4,33,50,170,0
4,33,50,171,0
4,33,50,172,0
4,33,50,173,0
4,33,50,174,0
4,33,50,175,0
4,33,50,176,0
4,33,50,177,0
4,33,50,178,0
4,33,50,179,0
4,33,50,180,0
4,33,50,181,0
4,33,50,182,0
4,33,50,183,0
4,33,50,184,0
4,33,50,185,0
4,33,50,186,0
4,33,50,187,0
4,33,50,188,0
4,33,50,189,0
4,33,50,190,0
4,33,50,191,0
4,33,50,192,0
4,33,50,193,0
4,33,50,194,0
4,33,50,195,0
4,33,50,196,0
4,33,50,197,0
4,33,50,198,0
4,33,50,199,0
4,33,50,200,0
4,33,50,201,0
4,33,50,202,0
4,33,50,203,0
4,33,50,204,0
4,33,50,205,0
4,33,50,206,0
4,33,50,207,0
4,33,50,208,0
4,33,50,209,0
4,33,50,210,0
4,33,50,211,0
4,33,50,212,0
4,33,50,213,0
4,33,50,214,0
4,33,50,215,0
4,33,50,216,0
4,33,50,217,0
4,33,50,218,0
4,33,50,219,0
4,33,50,220,0
4,33,50,221,0
4,33,50,222,0
4,33,50,223,0
4,33,50,224,0
4,33,50,225,0
4,33,50,226,0
4,33,50,227,0
4,33,51,0,42288131505576216
4,33,51,1,1560202080504397764
4,33,51,2,33292758591490735624
4,33,51,3,522337564877262874800
4,33,51,4,6612921073124154548674
4,33,51,5,70872018003629141915656
4,33,51,6,661579943882952287884922
4,33,51,7,5479614151426566750702528
4,33,51,8,40783429286775645410164280
4,33,51,9,275232076394140531122090472
4,33,51,10,1695311291697537370840300232
4,33,51,11,9577377402600318828635674492
4,33,51,12,49804050166408199692077635788
4,33,51,13,239043504576644368063742005320
4,33,51,14,1061086187412353683351386152308
4,33,51,15,4362293481365612269692188352410
4,33,51,16,16626885592091505492396747557336
4,33,51,17,58793700699974655303421888517764
4,33,51,18,192951352047940305069243860910656
4,33,51,19,587816141764695969839453573813014
4,33,51,20,1662336260701741874480019859000338
4,33,51,21,4363483036834222410501883533888214
4,33,51,22,10629223881077874407642298572193014
4,33,51,23,24022595263656076693384715830701994
4,33,51,24,50359252154410923860093641110664782
4,33,51,25,97899277163621238603583712445614416
4,33,51,26,176458676738561101854578622942638246
4,33,51,27,294867800831334067382469203387673552
4,33,51,28,456810419674604117021584379603179280
4,33,51,29,656187090966688525668606481155511680
4,33,51,30,874224915715173788881773024585286676
4,33,51,31,1080711070033626128443112326076863380
4,33,51,32,1240342816519726135634451299443824692
4,33,51,33,1322636417078224865758779348089679066
4,33,51,34,1311560646218897992396833313100415594
4,33,51,35,1210661431450945505676910202353841498
4,33,51,36,1041421345950735372790234111757392416
4,33,51,37,835830221780375150635627387972200186
4,33,51,38,626671902444104981722823145744680056
4,33,51,39,439489987250600890320032274004762338
4,33,51,40,288671126342139022936473349197761258
4,33,51,41,177809918237053209595686302374377612
4,33,51,42,102836066143458148649158320249013632
4,33,51,43,55910072569281084661301877807892430
4,33,51,44,28607724561840480421071074869639220
4,33,51,45,13790852740183400391302479708679058
4,33,51,46,6269751114353205526189159740271658
4,33,51,47,2690719976586167071175194937926956
4,33,51,48,1091001014648044917310678499855544
4,33,51,49,418285983202287834879264854784380
4,33,51,50,151754709768744696187126540693956
4,33,51,51,52136286500766468722054690061418
4,33,51,52,16972967551510832821859285037906
4,33,51,53,5239280346449788616539571243592
4,33,51,54,1534429295635892251994215111450
4,33,51,55,426619126945925475724373286582
4,33,51,56,112668517962229176866146118264
4,33,51,57,28280011618383816513936949766
4,33,51,58,6750146370396654384437044506
4,33,51,59,1532995525065627120864709504
4,33,51,60,331432038772944658034956766
4,33,51,61,68249248635230841036422170
4,33,51,62,13392566695862718325459410
4,33,51,63,2505474398874847879803618
4,33,51,64,447047927097186156862928
4,33,51,65,76104184315345959245538
4,33,51,66,12364430060428124323704
4,33,51,67,1917489582497953424150
4,33,51,68,283870981155947390676
4,33,51,69,40116045024210218300
4,33,51,70,5410507985548513854
4,33,51,71,696167427368154940
4,33,51,72,85405005948603188
4,33,51,73,9980726400618442
4,33,51,74,1109729722445152
4,33,51,75,117196393291032
4,33,51,76,11729463731826
4,33,51,77,1108920603528
4,33,51,78,98620256184
4,33,51,79,8190912492
4,33,51,80,625556174
4,33,51,81,43448142
4,33,51,82,2576180
4,33,51,83,128050
4,33,51,84,4626
4,33,51,85,84
4,33,51,86,0
4,33,51,87,0
4,33,51,88,0
4,33,51,89,0
4,33,51,90,0
4,33,51,91,0
4,33,51,92,0
4,33,51,93,0
4,33,51,94,0
4,33,51,95,0
4,33,51,96,0
4,33,51,97,0
4,33,51,98,0
4,33,51,99,0
4,33,51,100,0
4,33,51,101,0
4,33,51,102,0
4,33,51,103,0
4,33,51,104,0
4,33,51,105,0
4,33,51,106,0
4,33,51,107,0
4,33,51,108,0
4,33,51,109,0
4,33,51,110,0
4,33,51,111,0
4,33,51,112,0
4,33,51,113,0
4,33,51,114,0
4,33,51,115,0
4,33,51,116,0
4,33,51,117,0
4,33,51,118,0
4,33,51,119,0
4,33,51,120,0
4,33,51,121,0
4,33,51,122,0
4,33,51,123,0
4,33,51,124,0
4,33,51,125,0
4,33,51,126,0
4,33,51,127,0
4,33,51,128,0
4,33,51,129,0
4,33,51,130,0
4,33,51,131,0
4,33,51,132,0
4,33,51,133,0
4,33,51,134,0
4,33,51,135,0
4,33,51,136,0
4,33,51,137,0
4,33,51,138,0
4,33,51,139,0
4,33,51,140,0
4,33,51,141,0
4,33,51,142,0
4,33,51,143,0
4,33,51,144,0
4,33,51,145,0
4,33,51,146,0
4,33,51,147,0
4,33,51,148,0
4,33,51,149,0
4,33,51,150,0
4,33,51,151,0
4,33,51,152,0
4,33,51,153,0
4,33,51,154,0
4,33,51,155,0
4,33,51,156,0
4,33,51,157,0
4,33,51,158,0
4,33,51,159,0
4,33,51,160,0
4,33,51,161,0
4,33,51,162,0
4,33,51,163,0
4,33,51,164,0
4,33,51,165,0
4,33,51,166,0
4,33,51,167,0
4,33,51,168,0
4,33,51,169,0
4,33,51,170,0
4,33,51,171,0
4,33,51,172,0
4,33,51,173,0
4,33,51,174,0
4,33,51,175,0
4,33,51,176,0
4,33,51,177,0
4,33,51,178,0
4,33,51,179,0
4,33,51,180,0
4,33,51,181,0
4,33,51,182,0
4,33,51,183,0
4,33,51,184,0
4,33,51,185,0
4,33,51,186,0
4,33,51,187,0
4,33,51,188,0
4,33,51,189,0
4,33,51,190,0
4,33,51,191,0
4,33,51,192,0
4,33,51,193,0
4,33,51,194,0
4,33,51,195,0
4,33,51,196,0
4,33,51,197,0
4,33,51,198,0
4,33,51,199,0
4,33,51,200,0
4,33,51,201,0
4,33,51,202,0
4,33,51,203,0
4,33,51,204,0
4,33,51,205,0
4,33,51,206,0
4,33,51,207,0
4,33,51,208,0
4,33,51,209,0
4,33,51,210,0
4,33,51,211,0
4,33,51,212,0
4,33,51,213,0
4,33,51,214,0
4,33,51,215,0
4,33,51,216,0
4,33,51,217,0
4,33,51,218,0
4,33,51,219,0
4,33,51,220,0
4,33,51,221,0
4,33,51,222,0
4,33,51,223,0
4,33,51,224,0
4,33,51,225,0
4,33,51,226,0
4,33,51,227,0
4,33,52,0,8026693392951550
4,33,52,1,292468171158953928
4,33,52,2,6265324821037593674
4,33,52,3,99562357255088537256
4,33,52,4,1285181562615801990688
4,33,52,5,14119482661727954968726
4,33,52,6,135746020718280599927354
4,33,52,7,1162827995171583613656442
4,33,52,8,8985555640190198761479428
4,33,52,9,63186647407322287383325580
4,33,52,10,406940025446999326740367742
4,33,52,11,2411625531422135461768163795
4,33,52,12,13197404800727402239963289156
4,33,52,13,66865112366563628662764214718
4,33,52,14,314251115949549080569767994322
4,33,52,15,1371894996670323794693285632204
4,33,52,16,5568622979386194776921210569888
4,33,52,17,21029374517679698555565743714412
4,33,52,18,73910621843613978568002929129338
4,33,52,19,241793669633477247777999826427999
4,33,52,20,736243129462049627484628221653402
4,33,52,21,2086214337905235823202777291739921
4,33,52,22,5499701070633985742650592740946154
4,33,52,23,13483900861228681084341207375215944
4,33,52,24,30734683857192931196813271040174428
4,33,52,25,65105721272983110450193422981535050
4,33,52,26,128126878075117606817174222983998326
4,33,52,27,234191357210739696299611439954246989
4,33,52,28,397490455011561843995364686842127676
4,33,52,29,626427136442207116099291300120967358
4,33,52,30,916686740825265972604556591165217102
4,33,52,31,1245829578103008133731849929119822518
4,33,52,32,1573007440026417113230820234415724170
4,33,52,33,1846087661517637101743742291774177223
4,33,52,34,2015137336004260277353515598453674688
4,33,52,35,2047535755285725477719177226240161362
4,33,52,36,1938350891613642587908262034881591346
4,33,52,37,1711410541804437753869038068624846845
4,33,52,38,1410850902851071564522682836288604254
4,33,52,39,1087236595803565133924455975281346924
4,33,52,40,784169375688681970339859569879692816
4,33,52,41,529994190551584643754603367072869750
4,33,52,42,336075410398202196437074916328922162
4,33,52,43,200181650036905224298845561533457680
4,33,52,44,112132968746114212444948909874634396
4,33,52,45,59134490767762862800648534264898634
4,33,52,46,29389887230271188132136560750363620
4,33,52,47,13779320213989169174180582070965245
4,33,52,48,6099939358160645656402856334521126
4,33,52,49,2551869464727469291420153239344030
4,33,52,50,1009642903226386378380279602012010
4,33,52,51,378068769774314613866680827654423
4,33,52,52,134079873967586300474353936631536
4,33,52,53,45063432998887173174630198814342
4,33,52,54,14362043831478032460880876186358
4,33,52,55,4343016352438540127643864579292
4,33,52,56,1246790360264406124320972802440
4,33,52,57,339985039112113205359133067561
4,33,52,58,88109816749761735273680072568
4,33,52,59,21712901518422620160928431012
4,33,52,60,5090599506053562040036946906
4,33,52,61,1136063699096638812422359725
4,33,52,62,241456735567100166964419860
4,33,52,63,48898035252550143198286704
4,33,52,64,9439745071570101127211092
4,33,52,65,1737927384978539238682694
4,33,52,66,305260435961627306108186
4,33,52,67,51170007878629322032161
4,33,52,68,8187891397366645233672
4,33,52,69,1250850998896436846904
4,33,52,70,182445345517871838308
4,33,52,71,25404593325486999983
4,33,52,72,3376237669641273676
4,33,52,73,428055695128429586
4,33,52,74,51738880874294630
4,33,52,75,5956060918992294
4,33,52,76,652146469394718
4,33,52,77,67789714107244
4,33,52,78,6673555325120
4,33,52,79,620172443323
4,33,52,80,54082590386
4,33,52,81,4399288090
4,33,52,82,327348868
4,33,52,83,21843621
4,33,52,84,1250144
4,33,52,85,56863
4,33,52,86,1900
4,33,52,87,21
4,33,52,88,0
4,33,52,89,0
4,33,52,90,0
4,33,52,91,0
4,33,52,92,0
4,33,52,93,0
4,33,52,94,0
4,33,52,95,0
4,33,52,96,0
4,33,52,97,0
4,33,52,98,0
4,33,52,99,0
4,33,52,100,0
4,33,52,101,0
4,33,52,102,0
4,33,52,103,0
4,33,52,104,0
4,33,52,105,0
4,33,52,106,0
4,33,52,107,0
4,33,52,108,0
4,33,52,109,0
4,33,52,110,0
4,33,52,111,0
4,33,52,112,0
4,33,52,113,0
4,33,52,114,0
4,33,52,115,0
4,33,52,116,0
4,33,52,117,0
4,33,52,118,0
4,33,52,119,0
4,33,52,120,0
4,33,52,121,0
4,33,52,122,0
4,33,52,123,0
4,33,52,124,0
4,33,52,125,0
4,33,52,126,0
4,33,52,127,0
4,33,52,128,0
4,33,52,129,0
4,33,52,130,0
4,33,52,131,0
4,33,52,132,0
4,33,52,133,0
4,33,52,134,0
4,33,52,135,0
4,33,52,136,0
4,33,52,137,0
4,33,52,138,0
4,33,52,139,0
4,33,52,140,0
4,33,52,141,0
4,33,52,142,0
4,33,52,143,0
4,33,52,144,0
4,33,52,145,0
4,33,52,146,0
4,33,52,147,0
4,33,52,148,0
4,33,52,149,0
4,33,52,150,0
4,33,52,151,0
4,33,52,152,0
4,33,52,153,0
4,33,52,154,0
4,33,52,155,0
4,33,52,156,0
4,33,52,157,0
4,33,52,158,0
4,33,52,159,0
4,33,52,160,0
4,33,52,161,0
4,33,52,162,0
4,33,52,163,0
4,33,52,164,0
4,33,52,165,0
4,33,52,166,0
4,33,52,167,0
4,33,52,168,0
4,33,52,169,0
4,33,52,170,0
4,33,52,171,0
4,33,52,172,0
4,33,52,173,0
4,33,52,174,0
4,33,52,175,0
4,33,52,176,0
4,33,52,177,0
4,33,52,178,0
4,33,52,179,0
4,33,52,180,0
4,33,52,181,0
4,33,52,182,0
4,33,52,183,0
4,33,52,184,0
4,33,52,185,0
4,33,52,186,0
4,33,52,187,0
4,33,52,188,0
4,33,52,189,0
4,33,52,190,0
4,33,52,191,0
4,33,52,192,0
4,33,52,193,0
4,33,52,194,0
4,33,52,195,0
4,33,52,196,0
4,33,52,197,0
4,33,52,198,0
4,33,52,199,0
4,33,52,200,0
4,33,52,201,0
4,33,52,202,0
4,33,52,203,0
4,33,52,204,0
4,33,52,205,0
4,33,52,206,0
4,33,52,207,0
4,33,52,208,0
4,33,52,209,0
4,33,52,210,0
4,33,52,211,0
4,33,52,212,0
4,33,52,213,0
4,33,52,214,0
4,33,52,215,0
4,33,52,216,0
4,33,52,217,0
4,33,52,218,0
4,33,52,219,0
4,33,52,220,0
4,33,52,221,0
4,33,52,222,0
4,33,52,223,0
4,33,52,224,0
4,33,52,225,0
4,33,52,226,0
4,33,52,227,0
4,33,53,0,1401104554881176
4,33,53,1,50104295685438170
4,33,53,2,1073466269925009050
4,33,53,3,17221559802105832032
4,33,53,4,225984302186860047766
4,33,53,5,2537935980272764965152
4,33,53,6,25061210134921017838732
4,33,53,7,221434370084445799969938
4,33,53,8,1771810586308702085756800
4,33,53,9,12948475175092928172861664
4,33,53,10,86964278689696686625579600
4,33,53,11,539226003788379626794552878
4,33,53,12,3097302460625600696785535452
4,33,53,13,16522371161257961104829409856
4,33,53,14,82004528538247847500907330362
4,33,53,15,379186256574849415741839114724
4,33,53,16,1634964540286500843504880768356
4,33,53,17,6577361290020478198593936245056
4,33,53,18,24695171272905936128478172722812
4,33,53,19,86541390740514936042861916362128
4,33,53,20,283038408316510834992120614756558
4,33,53,21,863722897599258176872888804604474
4,33,53,22,2458458718852038015568515052914626
4,33,53,23,6524240128877758348915704666175548
4,33,53,24,16135203109735305637450661174736834
4,33,53,25,37169565881564073586555869246543362
4,33,53,26,79719453600143167915707804387765064
4,33,53,27,159116807261519031736804295656398566
4,33,53,28,295448068042478766685145730720800346
4,33,53,29,510194799717477238592349814283552966
4,33,53,30,819227885820269394324036547955986212
4,33,53,31,1223114568425349763408007495537973766
4,33,53,32,1698108048212957087351922192584273484
4,33,53,33,2192843241496783539221541584009059594
4,33,53,34,2634936078995607930006465367692193776
4,33,53,35,2947784345004339189376826210882450188
4,33,53,36,3072489542860650159691435369460449112
4,33,53,37,2986187997461632040351013831632690072
4,33,53,38,2708867687972522361952579077162952754
4,33,53,39,2295903859502936949213545773025216436
4,33,53,40,1820100395445095252963749308727580202
4,33,53,41,1351175752579316003411831864767495470
4,33,53,42,940396081075606317639045177622984844
4,33,53,43,614326288831619194247208256274970014
4,33,53,44,377115818973423222919059328414193776
4,33,53,45,217781181572470881453853380521980076
4,33,53,46,118439869003397654154842875137962458
4,33,53,47,60721889790717399948869017101648656
4,33,53,48,29374727322106195087451343950881188
4,33,53,49,13420468485580425886308587499531646
4,33,53,50,5795403545853921341503154918662604
4,33,53,51,2367297010191384921671411395489192
4,33,53,52,915338398548905765458088748696152
4,33,53,53,335239927002805101347067695267316
4,33,53,54,116370156442850423889665123874050
4,33,53,55,38308108616331980934721744154004
4,33,53,56,11965818318677255259806237738490
4,33,53,57,3548356901360710278731951992200
4,33,53,58,999470681158749153870484487176
4,33,53,59,267541903373180683490119761082
4,33,53,60,68094460297901300170840157922
4,33,53,61,16487246052958876740336208460
4,33,53,62,3799424044378435468615328420
4,33,53,63,833748988632198818489895352
4,33,53,64,174305419290090009584084698
4,33,53,65,34733377518839241179605862
4,33,53,66,6599859987164644475835840
4,33,53,67,1196323924425617742439836
4,33,53,68,206938995021281511286602
4,33,53,69,34169666974838032406788
4,33,53,70,5386850079262492241930
4,33,53,71,810911617002077519828
4,33,53,72,116561371940593528830
4,33,53,73,15996152312904338890
4,33,53,74,2095175131470759912
4,33,53,75,261785219097519998
4,33,53,76,31178786624636368
4,33,53,77,3535859432655344
4,33,53,78,381248730524724
4,33,53,79,39008681143980
4,33,53,80,3776613479688
4,33,53,81,344814271876
4,33,53,82,29502207632
4,33,53,83,2343295620
4,33,53,84,169679950
4,33,53,85,10903216
4,33,53,86,592720
4,33,53,87,24476
4,33,53,88,800
4,33,53,89,0
4,33,53,90,0
4,33,53,91,0
4,33,53,92,0
4,33,53,93,0
4,33,53,94,0
4,33,53,95,0
4,33,53,96,0
4,33,53,97,0
4,33,53,98,0
4,33,53,99,0
4,33,53,100,0
4,33,53,101,0
4,33,53,102,0
4,33,53,103,0
4,33,53,104,0
4,33,53,105,0
4,33,53,106,0
4,33,53,107,0
4,33,53,108,0
4,33,53,109,0
4,33,53,110,0
4,33,53,111,0
4,33,53,112,0
4,33,53,113,0
4,33,53,114,0
4,33,53,115,0
4,33,53,116,0
4,33,53,117,0
4,33,53,118,0
4,33,53,119,0
4,33,53,120,0
4,33,53,121,0
4,33,53,122,0
4,33,53,123,0
4,33,53,124,0
4,33,53,125,0
4,33,53,126,0
4,33,53,127,0
4,33,53,128,0
4,33,53,129,0
4,33,53,130,0
4,33,53,131,0
4,33,53,132,0
4,33,53,133,0
4,33,53,134,0
4,33,53,135,0
4,33,53,136,0
4,33,53,137,0
4,33,53,138,0
4,33,53,139,0
4,33,53,140,0
4,33,53,141,0
4,33,53,142,0
4,33,53,143,0
4,33,53,144,0
4,33,53,145,0
4,33,53,146,0
4,33,53,147,0
4,33,53,148,0
4,33,53,149,0
4,33,53,150,0
4,33,53,151,0
4,33,53,152,0
4,33,53,153,0
4,33,53,154,0
4,33,53,155,0
4,33,53,156,0
4,33,53,157,0
4,33,53,158,0
4,33,53,159,0
4,33,53,160,0
4,33,53,161,0
4,33,53,162,0
4,33,53,163,0
4,33,53,164,0
4,33,53,165,0
4,33,53,166,0
4,33,53,167,0
4,33,53,168,0
4,33,53,169,0
4,33,53,170,0
4,33,53,171,0
4,33,53,172,0
4,33,53,173,0
4,33,53,174,0
4,33,53,175,0
4,33,53,176,0
4,33,53,177,0
4,33,53,178,0
4,33,53,179,0
4,33,53,180,0
4,33,53,181,0
4,33,53,182,0
4,33,53,183,0
4,33,53,184,0
4,33,53,185,0
4,33,53,186,0
4,33,53,187,0
4,33,53,188,0
4,33,53,189,0
4,33,53,190,0
4,33,53,191,0
4,33,53,192,0
4,33,53,193,0
4,33,53,194,0
4,33,53,195,0
4,33,53,196,0
4,33,53,197,0
4,33,53,198,0
4,33,53,199,0
4,33,53,200,0
4,33,53,201,0
4,33,53,202,0
4,33,53,203,0
4,33,53,204,0
4,33,53,205,0
4,33,53,206,0
4,33,53,207,0
4,33,53,208,0
4,33,53,209,0
4,33,53,210,0
4,33,53,211,0
4,33,53,212,0
4,33,53,213,0
4,33,53,214,0
4,33,53,215,0
4,33,53,216,0
4,33,53,217,0
4,33,53,218,0
4,33,53,219,0
4,33,53,220,0
4,33,53,221,0
4,33,53,222,0
4,33,53,223,0
4,33,53,224,0
4,33,53,225,0
4,33,53,226,0
4,33,53,227,0
4,33,54,0,224447347871870
4,33,54,1,7824310303429944
4,33,54,2,167043964591320922
4,33,54,3,2697109780595880090
4,33,54,4,35878048613972029904
4,33,54,5,410802628769262169122
4,33,54,6,4155801442260268289606
4,33,54,7,37779421780511255746446
4,33,54,8,312233325558909682038682
4,33,54,9,2365437068834868407945856
4,33,54,10,16525681600653102875184130
4,33,54,11,106941527607066258826008423
4,33,54,12,643129312476120228260367226
4,33,54,13,3603039218222622778948237168
4,33,54,14,18837667833580974433103190004
4,33,54,15,92027686685259630130107232597
4,33,54,16,420447455822142695012165983695
4,33,54,17,1797350922269191656444971146789
4,33,54,18,7191049339676923936903557344215
4,33,54,19,26928104650982342616081531479586
4,33,54,20,94365317992577138259272523966821
4,33,54,21,309377742209542511936721519495519
4,33,54,22,948557700610385839290776225671003
4,33,54,23,2718488553033182296756059532904394
4,33,54,24,7278564637305694663956018608938675
4,33,54,25,18195721042322717853141702856923258
4,33,54,26,42446824583861323035003916850945192
4,33,54,27,92348073851278108191745815795168231
4,33,54,28,187279146182257913265135292109057896
4,33,54,29,353859359427279746274899842155610101
4,33,54,30,622717272880818754641280930769287071
4,33,54,31,1020368557727016774253360351427908487
4,33,54,32,1556581001524576283569827617381133850
4,33,54,33,2210748193889122593411516667116810082
4,33,54,34,2923681717497784648671074623267253362
4,33,54,35,3601490657575326352378494274256395903
4,33,54,36,4134291015890900722865891083133460716
4,33,54,37,4425428222396394221144023842180470709
4,33,54,38,4420508590220790940920744803990104225
4,33,54,39,4124104830362886742917957355936884565
4,33,54,40,3597055479422047369081267345034639598
4,33,54,41,2936132791635881458945517135124997696
4,33,54,42,2245369951382463297533902870399697928
4,33,54,43,1610525869284275509595028516738885006
4,33,54,44,1084678733029101428005614880997233831
4,33,54,45,686701680797251120954635449546772410
4,33,54,46,409105797556865223169293888440372252
4,33,54,47,229589620181742040226394258983013418
4,33,54,48,121490993365824423288964184570225140
4,33,54,49,60675338214504415875981088640742152
4,33,54,50,28624062892650673250040904319756542
4,33,54,51,12765837799037708531671862823925412
4,33,54,52,5386274573127320480312971076796712
4,33,54,53,2151526204960209123556975984991403
4,33,54,54,814140987386793295831517631223323
4,33,54,55,292014240706568840612678000538712
4,33,54,56,99334561339536612412484325603175
4,33,54,57,32063902795752185393452956653626
4,33,54,58,9825854064798177898285818258364
4,33,54,59,2860053054861771179749492856290
4,33,54,60,791108514919944125515799223668
4,33,54,61,208047789763130821907021314269
4,33,54,62,52042968100738398074098626073
4,33,54,63,12389111327862227830514309594
4,33,54,64,2808048148998426630189556621
4,33,54,65,606262566369021107037053812
4,33,54,66,124741251102281243730566526
4,33,54,67,24470691709486455464788207
4,33,54,68,4578791810111336071295307
4,33,54,69,817501788968510960255152
4,33,54,70,139316192536550242488680
4,33,54,71,22667432940326236438671
4,33,54,72,3521823095418659231558
4,33,54,73,522552232773437327832
4,33,54,74,74040315627136774526
4,33,54,75,10016104353924891877
4,33,54,76,1293185133208262165
4,33,54,77,159257734003127920
4,33,54,78,18691714886086466
4,33,54,79,2088340707596575
4,33,54,80,221740526086329
4,33,54,81,22328684101983
4,33,54,82,2126049969159
4,33,54,83,190634859468
4,33,54,84,15982858273
4,33,54,85,1240072071
4,33,54,86,87142065
4,33,54,87,5335974
4,33,54,88,281014
4,33,54,89,10160
4,33,54,90,280
4,33,54,91,0
4,33,54,92,0
4,33,54,93,0
4,33,54,94,0
4,33,54,95,0
4,33,54,96,0
4,33,54,97,0
4,33,54,98,0
4,33,54,99,0
4,33,54,100,0
4,33,54,101,0
4,33,54,102,0
4,33,54,103,0
4,33,54,104,0
4,33,54,105,0
4,33,54,106,0
4,33,54,107,0
4,33,54,108,0
4,33,54,109,0
4,33,54,110,0
4,33,54,111,0
4,33,54,112,0
4,33,54,113,0
4,33,54,114,0
4,33,54,115,0
4,33,54,116,0
4,33,54,117,0
4,33,54,118,0
4,33,54,119,0
4,33,54,120,0
4,33,54,121,0
4,33,54,122,0
4,33,54,123,0
4,33,54,124,0
4,33,54,125,0
4,33,54,126,0
4,33,54,127,0
4,33,54,128,0
4,33,54,129,0
4,33,54,130,0
4,33,54,131,0
4,33,54,132,0
4,33,54,133,0
4,33,54,134,0
4,33,54,135,0
4,33,54,136,0
4,33,54,137,0
4,33,54,138,0
4,33,54,139,0
4,33,54,140,0
4,33,54,141,0
4,33,54,142,0
4,33,54,143,0
4,33,54,144,0
4,33,54,145,0
4,33,54,146,0
4,33,54,147,0
4,33,54,148,0
4,33,54,149,0
4,33,54,150,0
4,33,54,151,0
4,33,54,152,0
4,33,54,153,0
4,33,54,154,0
4,33,54,155,0
4,33,54,156,0
4,33,54,157,0
4,33,54,158,0
4,33,54,159,0
4,33,54,160,0
4,33,54,161,0
4,33,54,162,0
4,33,54,163,0
4,33,54,164,0
4,33,54,165,0
4,33,54,166,0
4,33,54,167,0
4,33,54,168,0
4,33,54,169,0
4,33,54,170,0
4,33,54,171,0
4,33,54,172,0
4,33,54,173,0
4,33,54,174,0
4,33,54,175,0
4,33,54,176,0
4,33,54,177,0
4,33,54,178,0
4,33,54,179,0
4,33,54,180,0
4,33,54,181,0
4,33,54,182,0
4,33,54,183,0
4,33,54,184,0
4,33,54,185,0
4,33,54,186,0
4,33,54,187,0
4,33,54,188,0
4,33,54,189,0
4,33,54,190,0
4,33,54,191,0
4,33,54,192,0
4,33,54,193,0
4,33,54,194,0
4,33,54,195,0
4,33,54,196,0
4,33,54,197,0
4,33,54,198,0
4,33,54,199,0
4,33,54,200,0
4,33,54,201,0
4,33,54,202,0
4,33,54,203,0
4,33,54,204,0
4,33,54,205,0
4,33,54,206,0
4,33,54,207,0
4,33,54,208,0
4,33,54,209,0
4,33,54,210,0
4,33,54,211,0
4,33,54,212,0
4,33,54,213,0
4,33,54,214,0
4,33,54,215,0
4,33,54,216,0
4,33,54,217,0
4,33,54,218,0
4,33,54,219,0
4,33,54,220,0
4,33,54,221,0
4,33,54,222,0
4,33,54,223,0
4,33,54,224,0
4,33,54,225,0
4,33,54,226,0
4,33,54,227,0
4,33,55,0,32902729027896
4,33,55,1,1109863170830248
4,33,55,2,23531879872950418
4,33,55,3,381280577793563094
4,33,55,4,5128446692207253952
4,33,55,5,59723529427486658868
4,33,55,6,617519356250503264638
4,33,55,7,5762386994190561212050
4,33,55,8,49076184527190075740732
4,33,55,9,384520371624640638975030
4,33,55,10,2787845479791223276799376
4,33,55,11,18783552463503514021783558
4,33,55,12,117984135155638439701431108
4,33,55,13,692503958782173504203122576
4,33,55,14,3804626785370379986548232196
4,33,55,15,19589072881061754923910602056
4,33,55,16,94596545698260490309509039430
4,33,55,17,428651033590599930678850477590
4,33,55,18,1823027353455991879203245285850
4,33,55,19,7276843795584808731802956277844
4,33,55,20,27256889561735233793434087161188
4,33,55,21,95775108037582283962683235143858
4,33,55,22,315559228684449413008874797752838
4,33,55,23,974382973028745085762050085883938
4,33,55,24,2817979515259379943356886747396534
4,33,55,25,7628234154518036713774398905440146
4,33,55,26,19315082411572012139807979900557666
4,33,55,27,45715473641164641580686298519709932
4,33,55,28,101074368357174805426626407770943656
4,33,55,29,208624974557256790974353652562157688
4,33,55,30,401794873388681728046778955792487000
4,33,55,31,721704275591441024233564675103313138
4,33,55,32,1208599120596380527964075332366209850
4,33,55,33,1886599610057751339254276740316470846
4,33,55,34,2744854101784933845772998330098464354
4,33,55,35,3722493480478586031920237959895519852
4,33,55,36,4706786148055523418462846811307154428
4,33,55,37,5550840916481760647388670775977435428
4,33,55,38,6108989260114399816514023216549127148
4,33,55,39,6278388129148597702509038332219746708
4,33,55,40,6030309135528534674361886951907803632
4,33,55,41,5417911194133505106224725106486771064
4,33,55,42,4557719999572757796439987399878654382
4,33,55,43,3593632726467137915073701827905575002
4,33,55,44,2658589205422334072615126306813154976
4,33,55,45,1847423896840661565628755951986272984
4,33,55,46,1207098312491824276463934608225092964
4,33,55,47,742389937765881087756464404000292452
4,33,55,48,430200836022910972560981028521519654
4,33,55,49,235112633493532461238245011628409866
4,33,55,50,121293742041302514834274275577289904
4,33,55,51,59118755499128066416500560291205992
4,33,55,52,27244403713854531128126235507970028
4,33,55,53,11879808152904014078052905950113084
4,33,55,54,4904696213646392926064259106549060
4,33,55,55,1918462409754920127934728801561432
4,33,55,56,711345999956459524236927789576392
4,33,55,57,250164572771457340718003470287794
4,33,55,58,83484366973071218319482564735838
4,33,55,59,26450000309567352206594673852856
4,33,55,60,7959522738849994730411759913002
4,33,55,61,2276065830807617773585953163052
4,33,55,62,618747183353860870297294457968
4,33,55,63,159980461407317767280763326308
4,33,55,64,39358832866271924326662382274
4,33,55,65,9218006989122173000935432552
4,33,55,66,2056128497837451970473459844
4,33,55,67,436998166603572094932599118
4,33,55,68,88535780884079986138909186
4,33,55,69,17106204831787686703948562
4,33,55,70,3153242468053708860075404
4,33,55,71,554734498088870005548348
4,33,55,72,93168342197996098488144
4,33,55,73,14941960780961400753396
4,33,55,74,2288576952853191066646
4,33,55,75,334779288978168634792
4,33,55,76,46767870323924942160
4,33,55,77,6237730388264334888
4,33,55,78,793978690935819560
4,33,55,79,96385383846191174
4,33,55,80,11148782189533460
4,33,55,81,1227152210337770
4,33,55,82,128311436518142
4,33,55,83,12715427894644
4,33,55,84,1190272479984
4,33,55,85,104789489394
4,33,55,86,8607940478
4,33,55,87,649478794
4,33,55,88,44417892
4,33,55,89,2589470
4,33,55,90,126376
4,33,55,91,4436
4,33,55,92,80
4,33,55,93,0
4,33,55,94,0
4,33,55,95,0
4,33,55,96,0
4,33,55,97,0
4,33,55,98,0
4,33,55,99,0
4,33,55,100,0
4,33,55,101,0
4,33,55,102,0
4,33,55,103,0
4,33,55,104,0
4,33,55,105,0
4,33,55,106,0
4,33,55,107,0
4,33,55,108,0
4,33,55,109,0
4,33,55,110,0
4,33,55,111,0
4,33,55,112,0
4,33,55,113,0
4,33,55,114,0
4,33,55,115,0
4,33,55,116,0
4,33,55,117,0
4,33,55,118,0
4,33,55,119,0
4,33,55,120,0
4,33,55,121,0
4,33,55,122,0
4,33,55,123,0
4,33,55,124,0
4,33,55,125,0
4,33,55,126,0
4,33,55,127,0
4,33,55,128,0
4,33,55,129,0
4,33,55,130,0
4,33,55,131,0
4,33,55,132,0
4,33,55,133,0
4,33,55,134,0
4,33,55,135,0
4,33,55,136,0
4,33,55,137,0
4,33,55,138,0
4,33,55,139,0
4,33,55,140,0
4,33,55,141,0
4,33,55,142,0
4,33,55,143,0
4,33,55,144,0
4,33,55,145,0
4,33,55,146,0
4,33,55,147,0
4,33,55,148,0
4,33,55,149,0
4,33,55,150,0
4,33,55,151,0
4,33,55,152,0
4,33,55,153,0
4,33,55,154,0
4,33,55,155,0
4,33,55,156,0
4,33,55,157,0
4,33,55,158,0
4,33,55,159,0
4,33,55,160,0
4,33,55,161,0
4,33,55,162,0
4,33,55,163,0
4,33,55,164,0
4,33,55,165,0
4,33,55,166,0
4,33,55,167,0
4,33,55,168,0
4,33,55,169,0
4,33,55,170,0
4,33,55,171,0
4,33,55,172,0
4,33,55,173,0
4,33,55,174,0
4,33,55,175,0
4,33,55,176,0
4,33,55,177,0
4,33,55,178,0
4,33,55,179,0
4,33,55,180,0
4,33,55,181,0
4,33,55,182,0
4,33,55,183,0
4,33,55,184,0
4,33,55,185,0
4,33,55,186,0
4,33,55,187,0
4,33,55,188,0
4,33,55,189,0
4,33,55,190,0
4,33,55,191,0
4,33,55,192,0
4,33,55,193,0
4,33,55,194,0
4,33,55,195,0
4,33,55,196,0
4,33,55,197,0
4,33,55,198,0
4,33,55,199,0
4,33,55,200,0
4,33,55,201,0
4,33,55,202,0
4,33,55,203,0
4,33,55,204,0
4,33,55,205,0
4,33,55,206,0
4,33,55,207,0
4,33,55,208,0
4,33,55,209,0
4,33,55,210,0
4,33,55,211,0
4,33,55,212,0
4,33,55,213,0
4,33,55,214,0
4,33,55,215,0
4,33,55,216,0
4,33,55,217,0
4,33,55,218,0
4,33,55,219,0
4,33,55,220,0
4,33,55,221,0
4,33,55,222,0
4,33,55,223,0
4,33,55,224,0
4,33,55,225,0
4,33,55,226,0
4,33,55,227,0
4,33,56,0,4397166909174
4,33,56,1,142336385751840
4,33,56,2,2988176224734648
4,33,56,3,48456796167944846
4,33,56,4,657530720313188212
4,33,56,5,7771541308985246738
4,33,56,6,81959486904879207020
4,33,56,7,783450509741958513440
4,33,56,8,6861604472121026544026
4,33,56,9,55485160900428784151782
4,33,56,10,416576555333186697705134
4,33,56,11,2915902238962058271231536
4,33,56,12,19087105195390013398037957
4,33,56,13,117105050801287476349172971
4,33,56,14,674512312979264193118265168
4,33,56,15,3651584323975316063977594984
4,33,56,16,18594271557690416181926586388
4,33,56,17,89099515359030758372126627897
4,33,56,18,401836507852892518105557677480
4,33,56,19,1705642738122009824657557361959
4,33,56,20,6812417143173618897962456123923
4,33,56,21,25593815899996284877903199260346
4,33,56,22,90403086944136703252810058139236
4,33,56,23,300052511792119376385153823577446
4,33,56,24,935180064916238741380974243177288
4,33,56,25,2735085533492524754088978128390067
4,33,56,26,7500706311797345224452448656055444
4,33,56,27,19273459083300158047429025419302296
4,33,56,28,46367720338564337528226130817546205
4,33,56,29,104364646506810553192741752953228386
4,33,56,30,219621868012512803480825909596399652
4,33,56,31,431831538443835968734505602223595432
4,33,56,32,792939408037438732817372878246905953
4,33,56,33,1359156386504613486220348565028611738
4,33,56,34,2174071104613041680101952190306471668
4,33,56,35,3244773873750739759134726618982145472
4,33,56,36,4518537226471664376491806970260952196
4,33,56,37,5871886681672388482977756730136246800
4,33,56,38,7122868059390156267480857628149066362
4,33,56,39,8069113795095959196271715041073025112
4,33,56,40,8541762776608750353118594207080878548
4,33,56,41,8455342170344462670609077443204499819
4,33,56,42,7833112487369920914451417286151697512
4,33,56,43,6797535899409819760335156878819686789
4,33,56,44,5531008745198638356428242011063368573
4,33,56,45,4224079164054592046531944238792946345
4,33,56,46,3030972071574614476699955177604975262
4,33,56,47,2045506949957217504451336941538810709
4,33,56,48,1299655768494326194820710945855614338
4,33,56,49,778196781804693076061948658557731769
4,33,56,50,439532453040346333200142531295395644
4,33,56,51,234378343419456198907458248129013549
4,33,56,52,118094391701240352273247929272818122
4,33,56,53,56267955012960474683616953296037385
4,33,56,54,25370110458102955928583708310232266
4,33,56,55,10831724055831666162249635552120079
4,33,56,56,4381758011031341140494305843632367
4,33,56,57,1680410995824625165993015742295403
4,33,56,58,611253921208803252422071267053432
4,33,56,59,210996180919548400731305557600555
4,33,56,60,69146554090843716511487444968013
4,33,56,61,21522741197630508165619742032286
4,33,56,62,6365594389318023302772570037494
4,33,56,63,1789682745098267387509619373419
4,33,56,64,478509749001778613835638988444
4,33,56,65,121721529779115254026175055710
4,33,56,66,29470886880826060567915137702
4,33,56,67,6794514396290899490129174578
4,33,56,68,1492295767838871590621122576
4,33,56,69,312373224338986179869360995
4,33,56,70,62345080667421083948375322
4,33,56,71,11869129617892768761232132
4,33,56,72,2156201386283334338589069
4,33,56,73,373903902144271329368724
4,33,56,74,61908750718921986944912
4,33,56,75,9789360557229143680711
4,33,56,76,1478481232174833832840
4,33,56,77,213273554020245071713
4,33,56,78,29380552017068158322
4,33,56,79,3864173580860131091
4,33,56,80,484969710161342506
4,33,56,81,58038731020504232
4,33,56,82,6616390949106512
4,33,56,83,717495253326794
4,33,56,84,73871591113611
4,33,56,85,7203080435191
4,33,56,86,662915646390
4,33,56,87,57236506151
4,33,56,88,4603454183
4,33,56,89,338190990
4,33,56,90,22232798
4,33,56,91,1247300
4,33,56,92,55896
4,33,56,93,1805
4,33,56,94,20
4,33,56,95,0
4,33,56,96,0
4,33,56,97,0
4,33,56,98,0
4,33,56,99,0
4,33,56,100,0
4,33,56,101,0
4,33,56,102,0
4,33,56,103,0
4,33,56,104,0
4,33,56,105,0
4,33,56,106,0
4,33,56,107,0
4,33,56,108,0
4,33,56,109,0
4,33,56,110,0
4,33,56,111,0
4,33,56,112,0
4,33,56,113,0
4,33,56,114,0
4,33,56,115,0
4,33,56,116,0
4,33,56,117,0
4,33,56,118,0
4,33,56,119,0
4,33,56,120,0
4,33,56,121,0
4,33,56,122,0
4,33,56,123,0
4,33,56,124,0
4,33,56,125,0
4,33,56,126,0
4,33,56,127,0
4,33,56,128,0
4,33,56,129,0
4,33,56,130,0
4,33,56,131,0
4,33,56,132,0
4,33,56,133,0
4,33,56,134,0
4,33,56,135,0
4,33,56,136,0
4,33,56,137,0
4,33,56,138,0
4,33,56,139,0
4,33,56,140,0
4,33,56,141,0
4,33,56,142,0
4,33,56,143,0
4,33,56,144,0
4,33,56,145,0
4,33,56,146,0
4,33,56,147,0
4,33,56,148,0
4,33,56,149,0
4,33,56,150,0
4,33,56,151,0
4,33,56,152,0
4,33,56,153,0
4,33,56,154,0
4,33,56,155,0
4,33,56,156,0
4,33,56,157,0
4,33,56,158,0
4,33,56,159,0
4,33,56,160,0
4,33,56,161,0
4,33,56,162,0
4,33,56,163,0
4,33,56,164,0
4,33,56,165,0
4,33,56,166,0
4,33,56,167,0
4,33,56,168,0
4,33,56,169,0
4,33,56,170,0
4,33,56,171,0
4,33,56,172,0
4,33,56,173,0
4,33,56,174,0
4,33,56,175,0
4,33,56,176,0
4,33,56,177,0
4,33,56,178,0
4,33,56,179,0
4,33,56,180,0
4,33,56,181,0
4,33,56,182,0
4,33,56,183,0
4,33,56,184,0
4,33,56,185,0
4,33,56,186,0
4,33,56,187,0
4,33,56,188,0
4,33,56,189,0
4,33,56,190,0
4,33,56,191,0
4,33,56,192,0
4,33,56,193,0
4,33,56,194,0
4,33,56,195,0
4,33,56,196,0
4,33,56,197,0
4,33,56,198,0
4,33,56,199,0
4,33,56,200,0
4,33,56,201,0
4,33,56,202,0
4,33,56,203,0
4,33,56,204,0
4,33,56,205,0
4,33,56,206,0
4,33,56,207,0
4,33,56,208,0
4,33,56,209,0
4,33,56,210,0
4,33,56,211,0
4,33,56,212,0
4,33,56,213,0
4,33,56,214,0
4,33,56,215,0
4,33,56,216,0
4,33,56,217,0
4,33,56,218,0
4,33,56,219,0
4,33,56,220,0
4,33,56,221,0
4,33,56,222,0
4,33,56,223,0
4,33,56,224,0
4,33,56,225,0
4,33,56,226,0
4,33,56,227,0
4,33,57,0,533040654536
4,33,57,1,16402063083926
4,33,57,2,340144724341076
4,33,57,3,5507285115209356
4,33,57,4,75245789076873134
4,33,57,5,901018103536887634
4,33,57,6,9675298704943177036
4,33,57,7,94578007890234846660
4,33,57,8,850331508354189706694
4,33,57,9,7083651611336220985622
4,33,57,10,54970655305193540350922
4,33,57,11,398965321884517420265632
4,33,57,12,2716127910299584362364776
4,33,57,13,17382827755129629802201630
4,33,57,14,104744230653819127182583900
4,33,57,15,594919602796347102449230092
4,33,57,16,3187270994911984952850215776
4,33,57,17,16113576735044669549157014520
4,33,57,18,76885816532422178920323901216
4,33,57,19,346225487422165673607698833552
4,33,57,20,1471061717216340400035614895980
4,33,57,21,5895195542337554087147883696594
4,33,57,22,22271216681877208778085323148816
4,33,57,23,79269635421648474746368050344164
4,33,57,24,265637871558531731452558647884434
4,33,57,25,837468465145453050257225405039772
4,33,57,26,2481973365516799697128330057967016
4,33,57,27,6909046520755548639038580973765952
4,33,57,28,18049646959147557276315060628099376
4,33,57,29,44216999692741731166518482702277796
4,33,57,30,101491956207689207480032511458904670
4,33,57,31,218106022346640362881510934885701140
4,33,57,32,438528713276472350686123630095290016
4,33,57,33,824443327042405321354135503636284478
4,33,57,34,1448570473010467186021007181170503032
4,33,57,35,2377777387886982208323248330872500026
4,33,57,36,3645453014299353405393548016322748200
4,33,57,37,5219640460381417004954392163989368872
4,33,57,38,6980158538150575525367755149484150118
4,33,57,39,8720068692907750774852351643650974134
4,33,57,40,10180394231845261941120454349872305026
4,33,57,41,11112748730370828550653887262955314256
4,33,57,42,11349294073410876122932066829694009430
4,33,57,43,10852591665149876322686592889627074844
4,33,57,44,9724827812967107111219828171574067732
4,33,57,45,8173557456293215672675114813930858944
4,33,57,46,6449686822891303449956515930538763586
4,33,57,47,4782922470518725701313105942636694002
4,33,57,48,3336620863119356861129089605802755980
4,33,57,49,2191824868129156654899100517489080708
4,33,57,50,1357080411663947696881740948300322528
4,33,57,51,792692509997328942782444188790102868
4,33,57,52,437201439314029703857812484401221856
4,33,57,53,227872080412768560885726321358762478
4,33,57,54,112321709611310345802668822149064186
4,33,57,55,52396766710139824514438281351536188
4,33,57,56,23146952714467995976469027022500994
4,33,57,57,9689213206146043636986262849957902
4,33,57,58,3845242329287018864319694851838150
4,33,57,59,1447489603606102946537971656977610
4,33,57,60,517086936117113097480054348390702
4,33,57,61,175369871050275333667232543329892
4,33,57,62,56489428552094308045107551101622
4,33,57,63,17289070562733213058046664969174
4,33,57,64,5029642844542529684133295569188
4,33,57,65,1391337912992289517788327252394
4,33,57,66,366125063093862202399450688436
4,33,57,67,91685996271594675309287673958
4,33,57,68,21859140631388087387933144866
4,33,57,69,4963676163669474020331089640
4,33,57,70,1073989685047433087520066056
4,33,57,71,221517821517238873997459754
4,33,57,72,43572301796903948654002170
4,33,57,73,8176701973597111672553372
4,33,57,74,1464434846117663736600892
4,33,57,75,250394252760270500647106
4,33,57,76,40883915237582014644144
4,33,57,77,6375757948495230855950
4,33,57,78,949724859764826197808
4,33,57,79,135124757033191937110
4,33,57,80,18359734954112136488
4,33,57,81,2381451752094541912
4,33,57,82,294727949211671560
4,33,57,83,34774192043744428
4,33,57,84,3907153784714616
4,33,57,85,417414742485928
4,33,57,86,42316613366394
4,33,57,87,4059170251770
4,33,57,88,367096179356
4,33,57,89,31093045906
4,33,57,90,2442008662
4,33,57,91,174386878
4,33,57,92,11041986
4,33,57,93,587876
4,33,57,94,23862
4,33,57,95,760
4,33,57,96,0
4,33,57,97,0
4,33,57,98,0
4,33,57,99,0
4,33,57,100,0
4,33,57,101,0
4,33,57,102,0
4,33,57,103,0
4,33,57,104,0
4,33,57,105,0
4,33,57,106,0
4,33,57,107,0
4,33,57,108,0
4,33,57,109,0
4,33,57,110,0
4,33,57,111,0
4,33,57,112,0
4,33,57,113,0
4,33,57,114,0
4,33,57,115,0
4,33,57,116,0
4,33,57,117,0
4,33,57,118,0
4,33,57,119,0
4,33,57,120,0
4,33,57,121,0
4,33,57,122,0
4,33,57,123,0
4,33,57,124,0
4,33,57,125,0
4,33,57,126,0
4,33,57,127,0
4,33,57,128,0
4,33,57,129,0
4,33,57,130,0
4,33,57,131,0
4,33,57,132,0
4,33,57,133,0
4,33,57,134,0
4,33,57,135,0
4,33,57,136,0
4,33,57,137,0
4,33,57,138,0
4,33,57,139,0
4,33,57,140,0
4,33,57,141,0
4,33,57,142,0
4,33,57,143,0
4,33,57,144,0
4,33,57,145,0
4,33,57,146,0
4,33,57,147,0
4,33,57,148,0
4,33,57,149,0
4,33,57,150,0
4,33,57,151,0
4,33,57,152,0
4,33,57,153,0
4,33,57,154,0
4,33,57,155,0
4,33,57,156,0
4,33,57,157,0
4,33,57,158,0
4,33,57,159,0
4,33,57,160,0
4,33,57,161,0
4,33,57,162,0
4,33,57,163,0
4,33,57,164,0
4,33,57,165,0
4,33,57,166,0
4,33,57,167,0
4,33,57,168,0
4,33,57,169,0
4,33,57,170,0
4,33,57,171,0
4,33,57,172,0
4,33,57,173,0
4,33,57,174,0
4,33,57,175,0
4,33,57,176,0
4,33,57,177,0
4,33,57,178,0
4,33,57,179,0
4,33,57,180,0
4,33,57,181,0
4,33,57,182,0
4,33,57,183,0
4,33,57,184,0
4,33,57,185,0
4,33,57,186,0
4,33,57,187,0
4,33,57,188,0
4,33,57,189,0
4,33,57,190,0
4,33,57,191,0
4,33,57,192,0
4,33,57,193,0
4,33,57,194,0
4,33,57,195,0
4,33,57,196,0
4,33,57,197,0
4,33,57,198,0
4,33,57,199,0
4,33,57,200,0
4,33,57,201,0
4,33,57,202,0
4,33,57,203,0
4,33,57,204,0
4,33,57,205,0
4,33,57,206,0
4,33,57,207,0
4,33,57,208,0
4,33,57,209,0
4,33,57,210,0
4,33,57,211,0
4,33,57,212,0
4,33,57,213,0
4,33,57,214,0
4,33,57,215,0
4,33,57,216,0
4,33,57,217,0
4,33,57,218,0
4,33,57,219,0
4,33,57,220,0
4,33,57,221,0
4,33,57,222,0
4,33,57,223,0
4,33,57,224,0
4,33,57,225,0
4,33,57,226,0
4,33,57,227,0
4,33,58,0,58227244086
4,33,58,1,1684425860968
4,33,58,2,34459523541286
4,33,58,3,555930144055672
4,33,58,4,7636753948572002
4,33,58,5,92521050984880622
4,33,58,6,1010290467980950742
4,33,58,7,10085964014386102264
4,33,58,8,92962703923860695356
4,33,58,9,796660073934761966196
4,33,58,10,6380321376487253800662
4,33,58,11,47937172117903145498182
4,33,58,12,338839166950261108354308
4,33,58,13,2257958865734551317973106
4,33,58,14,14206925025425139787229579
4,33,58,15,84490559652871194990694251
4,33,58,16,475272573449482185469054033
4,33,58,17,2529735622403747391330001264
4,33,58,18,12742893003594538583346291172
4,33,58,19,60742591349272418794452840668
4,33,58,20,273934307486045590541757192833
4,33,58,21,1168310689640575874569399212745
4,33,58,22,4709834884909151662399490576101
4,33,58,23,17935742949796180623165659848551
4,33,58,24,64475171581070565832295283297402
4,33,58,25,218618786776457595333879674054075
4,33,58,26,698622873084115537999784299149602
4,33,58,27,2102227924499066701860789164669600
4,33,58,28,5951266848007547850895503120908556
4,33,58,29,15835772207420836842648029195219699
4,33,58,30,39571346152874823166488432543228346
4,33,58,31,92780650846751179863940310506729432
4,33,58,32,203944505904192093082029127170371761
4,33,58,33,419967414702962397744813723711147354
4,33,58,34,809609139052815128201498759459795417
4,33,58,35,1460302755973682094541717010724280237
4,33,58,36,2463322015441399634637924513639849496
4,33,58,37,3884823729550242219946505999069441761
4,33,58,38,5726869838797341433448815075178160528
4,33,58,39,7891314716628786759300451345642437778
4,33,58,40,10165412963448283258208982960151823573
4,33,58,41,12245265849715652198161197498883588756
4,33,58,42,13799585170063164254238157867813481613
4,33,58,43,14556718731955996054125866281130371103
4,33,58,44,14383234812059242905644011804736371223
4,33,58,45,13322443282949106876292385577444521096
4,33,58,46,11577572490933885697732921251322986520
4,33,58,47,9448297247315408433547223906593052962
4,33,58,48,7247742607659421416213413573759228443
4,33,58,49,5230965154772560852732336475494616500
4,33,58,50,3555539033871770406141123158510735248
4,33,58,51,2278135638655984615453505979299262408
4,33,58,52,1377196169259849342734284160197101030
4,33,58,53,786189129319941367635675226078881984
4,33,58,54,424154741040990511283654575944968920
4,33,58,55,216428725702745731946182108921238050
4,33,58,56,104520431034438902583147088397321303
4,33,58,57,47803623209393945280003620313604259
4,33,58,58,20717979900788051873188081502482805
4,33,58,59,8513187219675961042044396804391049
4,33,58,60,3318227253313232080740896119166659
4,33,58,61,1227390320596503966403269161224044
4,33,58,62,431023508581859662619319144068621
4,33,58,63,143756999951425476452591220139121
4,33,58,64,45554098966561147701574359872323
4,33,58,65,13719965702338665778063337836761
4,33,58,66,3928816006586655026048267543083
4,33,58,67,1070068455554556261745406512735
4,33,58,68,277309654837706989605144974176
4,33,58,69,68405313237243288214549146911
4,33,58,70,16067921563244339623256475315
4,33,58,71,3595448312198928230086835435
4,33,58,72,766745343258022109948322512
4,33,58,73,155895987151783557765791972
4,33,58,74,30232975695707276037536105
4,33,58,75,5594432608599361912859103
4,33,58,76,988125837659317118074284
4,33,58,77,166640249315381498552737
4,33,58,78,26838671385546935335562
4,33,58,79,4128779632328728479624
4,33,58,80,606713891094141531600
4,33,58,81,85156182270974169554
4,33,58,82,11413593188539916232
4,33,58,83,1460256979940505192
4,33,58,84,178225300285816387
4,33,58,85,20732800422937701
4,33,58,86,2295978441466173
4,33,58,87,241642145361437
4,33,58,88,24117179267399
4,33,58,89,2275703301256
4,33,58,90,202154044457
4,33,58,91,16775118459
4,33,58,92,1286596447
4,33,58,93,89117979
4,33,58,94,5372817
4,33,58,95,277201
4,33,58,96,9822
4,33,58,97,266
4,33,58,98,0
4,33,58,99,0
4,33,58,100,0
4,33,58,101,0
4,33,58,102,0
4,33,58,103,0
4,33,58,104,0
4,33,58,105,0
4,33,58,106,0
4,33,58,107,0
4,33,58,108,0
4,33,58,109,0
4,33,58,110,0
4,33,58,111,0
4,33,58,112,0
4,33,58,113,0
4,33,58,114,0
4,33,58,115,0
4,33,58,116,0
4,33,58,117,0
4,33,58,118,0
4,33,58,119,0
4,33,58,120,0
4,33,58,121,0
4,33,58,122,0
4,33,58,123,0
4,33,58,124,0
4,33,58,125,0
4,33,58,126,0
4,33,58,127,0
4,33,58,128,0
4,33,58,129,0
4,33,58,130,0
4,33,58,131,0
4,33,58,132,0
4,33,58,133,0
4,33,58,134,0
4,33,58,135,0
4,33,58,136,0
4,33,58,137,0
4,33,58,138,0
4,33,58,139,0
4,33,58,140,0
4,33,58,141,0
4,33,58,142,0
4,33,58,143,0
4,33,58,144,0
4,33,58,145,0
4,33,58,146,0
4,33,58,147,0
4,33,58,148,0
4,33,58,149,0
4,33,58,150,0
4,33,58,151,0
4,33,58,152,0
4,33,58,153,0
4,33,58,154,0
4,33,58,155,0
4,33,58,156,0
4,33,58,157,0
4,33,58,158,0
4,33,58,159,0
4,33,58,160,0
4,33,58,161,0
4,33,58,162,0
4,33,58,163,0
4,33,58,164,0
4,33,58,165,0
4,33,58,166,0
4,33,58,167,0
4,33,58,168,0
4,33,58,169,0
4,33,58,170,0
4,33,58,171,0
4,33,58,172,0
4,33,58,173,0
4,33,58,174,0
4,33,58,175,0
4,33,58,176,0
4,33,58,177,0
4,33,58,178,0
4,33,58,179,0
4,33,58,180,0
4,33,58,181,0
4,33,58,182,0
4,33,58,183,0
4,33,58,184,0
4,33,58,185,0
4,33,58,186,0
4,33,58,187,0
4,33,58,188,0
4,33,58,189,0
4,33,58,190,0
4,33,58,191,0
4,33,58,192,0
4,33,58,193,0
4,33,58,194,0
4,33,58,195,0
4,33,58,196,0
4,33,58,197,0
4,33,58,198,0
4,33,58,199,0
4,33,58,200,0
4,33,58,201,0
4,33,58,202,0
4,33,58,203,0
4,33,58,204,0
4,33,58,205,0
4,33,58,206,0
4,33,58,207,0
4,33,58,208,0
4,33,58,209,0
4,33,58,210,0
4,33,58,211,0
4,33,58,212,0
4,33,58,213,0
4,33,58,214,0
4,33,58,215,0
4,33,58,216,0
4,33,58,217,0
4,33,58,218,0
4,33,58,219,0
4,33,58,220,0
4,33,58,221,0
4,33,58,222,0
4,33,58,223,0
4,33,58,224,0
4,33,58,225,0
4,33,58,226,0
4,33,58,227,0
4,33,59,0,5681578520
4,33,59,1,152475006156
4,33,59,2,3078328380660
4,33,59,3,49401503561092
4,33,59,4,681703892808550
4,33,59,5,8349788009153636
4,33,59,6,92645510412641218
4,33,59,7,943840478988697346
4,33,59,8,8910598814911877054
4,33,59,9,78478109033805780950
4,33,59,10,647958421286891528548
4,33,59,11,5033660356435426791664
4,33,59,12,36892583431979749000078
4,33,59,13,255616166920125286410036
4,33,59,14,1676755457627720733347668
4,33,59,15,10423935605981110434760792
4,33,59,16,61456606302613252713350392
4,33,59,17,343753693878042519305682116
4,33,59,18,1824437362508742977683391500
4,33,59,19,9187230275274363616491639876
4,33,59,20,43884340556210596127398745004
4,33,59,21,198762473114201482487914011660
4,33,59,22,853167528210010751732079365874
4,33,59,23,3468467373021455901220085997668
4,33,59,24,13345437313047280963319975641222
4,33,59,25,48559625075888373543754917513778
4,33,59,26,166952783179809141701122662141352
4,33,59,27,541870368206871575338464827067258
4,33,59,28,1658720320986288281072533553301426
4,33,59,29,4784215512451131337280115802488940
4,33,59,30,12989410699721087830390371190548846
4,33,59,31,33166141980551972765689643584818134
4,33,59,32,79565424052258217854909964347460720
4,33,59,33,179181791481427256564555473687632700
4,33,59,34,378483047148347352132380192806995786
4,33,59,35,749307085222540824127608073711083008
4,33,59,36,1389486921978923509776629082843919460
4,33,59,37,2412129250221243814941391795217393314
4,33,59,38,3918544962784973265210152556413991626
4,33,59,39,5955463255092273553791990714283639038
4,33,59,40,8466937193246078690851338207580170972
4,33,59,41,11261024229566116502343946340084870888
4,33,59,42,14013855906787140842555034677687920672
4,33,59,43,16323650646623993120936913680472983600
4,33,59,44,17806075884992347440951275020430618386
4,33,59,45,18200158478114917585054308392086788770
4,33,59,46,17444093713596267151284030843044331576
4,33,59,47,15690433960391269423418596541690770000
4,33,59,48,13255901604328864344863427208094271138
4,33,59,49,10528439341745832179836253529776749816
4,33,59,50,7868665314889314141159738319642479932
4,33,59,51,5538901059982541185647141218332818796
4,33,59,52,3675604444431770819828118975642752068
4,33,59,53,2301451275844406289310338662113118920
4,33,59,54,1360852813821605352706976904841374966
4,33,59,55,760510186429195008789966303035424678
4,33,59,56,401983993774780014684898948811995938
4,33,59,57,201105257875904895756032397380463532
4,33,59,58,95285192986341181938441828719905394
4,33,59,59,42782565202352802442495987668829430
4,33,59,60,18212794123886468698864725154438214
4,33,59,61,7354655565800484887995024478315620
4,33,59,62,2818466510397374966411043653063836
4,33,59,63,1025418183628782240568840025315706
4,33,59,64,354312833535311037771529589054694
4,33,59,65,116311183471728411612385980008104
4,33,59,66,36286932282938164308847804506588
4,33,59,67,10762587545347473867028425631298
4,33,59,68,3035746680757538304441544169460
4,33,59,69,814601952203198646971235048846
4,33,59,70,208022876694821925405527821264
4,33,59,71,50573628619327098843638988412
4,33,59,72,11709896350382770106911936884
4,33,59,73,2583283861442863365438616342
4,33,59,74,543198819135646397611531002
4,33,59,75,108915643267388338451214340
4,33,59,76,20832374175166304444857260
4,33,59,77,3802475600629689083692620
4,33,59,78,662550693395357384207330
4,33,59,79,110235064789009418463998
4,33,59,80,17517062334569744284328
4,33,59,81,2658879610868726402738
4,33,59,82,385514261050195234210
4,33,59,83,53387409122221339704
4,33,59,84,7059571908741669020
4,33,59,85,890967296069034692
4,33,59,86,107248905640274380
4,33,59,87,12301292591847414
4,33,59,88,1342634159258308
4,33,59,89,139198951481990
4,33,59,90,13676264939622
4,33,59,91,1268961989816
4,33,59,92,110681656380
4,33,59,93,8996868408
4,33,59,94,670852970
4,33,59,95,45184066
4,33,59,96,2591486
4,33,59,97,124194
4,33,59,98,4242
4,33,59,99,76
4,33,59,100,0
4,33,59,101,0
4,33,59,102,0
4,33,59,103,0
4,33,59,104,0
4,33,59,105,0
4,33,59,106,0
4,33,59,107,0
4,33,59,108,0
4,33,59,109,0
4,33,59,110,0
4,33,59,111,0
4,33,59,112,0
4,33,59,113,0
4,33,59,114,0
4,33,59,115,0
4,33,59,116,0
4,33,59,117,0
4,33,59,118,0
4,33,59,119,0
4,33,59,120,0
4,33,59,121,0
4,33,59,122,0
4,33,59,123,0
4,33,59,124,0
4,33,59,125,0
4,33,59,126,0
4,33,59,127,0
4,33,59,128,0
4,33,59,129,0
4,33,59,130,0
4,33,59,131,0
4,33,59,132,0
4,33,59,133,0
4,33,59,134,0
4,33,59,135,0
4,33,59,136,0
4,33,59,137,0
4,33,59,138,0
4,33,59,139,0
4,33,59,140,0
4,33,59,141,0
4,33,59,142,0
4,33,59,143,0
4,33,59,144,0
4,33,59,145,0
4,33,59,146,0
4,33,59,147,0
4,33,59,148,0
4,33,59,149,0
4,33,59,150,0
4,33,59,151,0
4,33,59,152,0
4,33,59,153,0
4,33,59,154,0
4,33,59,155,0
4,33,59,156,0
4,33,59,157,0
4,33,59,158,0
4,33,59,159,0
4,33,59,160,0
4,33,59,161,0
4,33,59,162,0
4,33,59,163,0
4,33,59,164,0
4,33,59,165,0
4,33,59,166,0
4,33,59,167,0
4,33,59,168,0
4,33,59,169,0
4,33,59,170,0
4,33,59,171,0
4,33,59,172,0
4,33,59,173,0
4,33,59,174,0
4,33,59,175,0
4,33,59,176,0
4,33,59,177,0
4,33,59,178,0
4,33,59,179,0
4,33,59,180,0
4,33,59,181,0
4,33,59,182,0
4,33,59,183,0
4,33,59,184,0
4,33,59,185,0
4,33,59,186,0
4,33,59,187,0
4,33,59,188,0
4,33,59,189,0
4,33,59,190,0
4,33,59,191,0
4,33,59,192,0
4,33,59,193,0
4,33,59,194,0
4,33,59,195,0
4,33,59,196,0
4,33,59,197,0
4,33,59,198,0
4,33,59,199,0
4,33,59,200,0
4,33,59,201,0
4,33,59,202,0
4,33,59,203,0
4,33,59,204,0
4,33,59,205,0
4,33,59,206,0
4,33,59,207,0
4,33,59,208,0
4,33,59,209,0
4,33,59,210,0
4,33,59,211,0
4,33,59,212,0
4,33,59,213,0
4,33,59,214,0
4,33,59,215,0
4,33,59,216,0
4,33,59,217,0
4,33,59,218,0
4,33,59,219,0
4,33,59,220,0
4,33,59,221,0
4,33,59,222,0
4,33,59,223,0
4,33,59,224,0
4,33,59,225,0
4,33,59,226,0
4,33,59,227,0
4,33,60,0,489411950
4,33,60,1,11984401336
4,33,60,2,239583259174
4,33,60,3,3819790057948
4,33,60,4,52947983247478
4,33,60,5,655656572747242
4,33,60,6,7391582021973416
4,33,60,7,76836011543166892
4,33,60,8,742827142141109056
4,33,60,9,6721230059790322806
4,33,60,10,57181479123195122344
4,33,60,11,458999026541475712364
4,33,60,12,3485346126600697698008
4,33,60,13,25084148504328845216258
4,33,60,14,171351995841074927348400
4,33,60,15,1112121333065235862814317
4,33,60,16,6862428612472977388324842
4,33,60,17,40274770987637431924168098
4,33,60,18,224844135916178016192337562
4,33,60,19,1193985685155156476248248097
4,33,60,20,6029568756692904780883012674
4,33,60,21,28945335897768230993527669266
4,33,60,22,132024878226065157623298885566
4,33,60,23,571806541029504105521943042823
4,33,60,24,2349894941039393593687555442400
4,33,60,25,9156051769343566828559177449066
4,33,60,26,33795070021950180270128031712440
4,33,60,27,118055014488911651865720874001393
4,33,60,28,389926994509892524126659925482814
4,33,60,29,1216517202026834071978289721212360
4,33,60,30,3581374062862288260223349932221772
4,33,60,31,9938844943525120057300955626098006
4,33,60,32,25974036884697668749309178419989068
4,33,60,33,63860697667425806445570376675356683
4,33,60,34,147573999309843140116216301573169924
4,33,60,35,320246745196238448163704639490128981
4,33,60,36,652090732941217532210642107078939592
4,33,60,37,1245002240613485382629348402278948190
4,33,60,38,2227457024512706472843604700567128344
4,33,60,39,3732660176650821499145918636910507715
4,33,60,40,5856665127911417578727620121785729678
4,33,60,41,8602451834278769814750703287941018454
4,33,60,42,11828173351357410923082856634832934708
4,33,60,43,15226050605939926348999070817181855107
4,33,60,44,18354678636379027661063617563538976388
4,33,60,45,20728762845765796043766535795429550024
4,33,60,46,21943197500081329659636397120819252838
4,33,60,47,21787513751005351407662794965316389239
4,33,60,48,20305703742900626298815764208678314088
4,33,60,49,17778022057821222314011583809668049644
4,33,60,50,14634507045836798866108144995983785102
4,33,60,51,11336764463779437158567447093470543136
4,33,60,52,8271954811724319133784684922903212364
4,33,60,53,5690152440282344432721145469005798716
4,33,60,54,3693310060510992070926213772537780340
4,33,60,55,2263854942146455089338236159341404786
4,33,60,56,1311500834288211822891804459352335238
4,33,60,57,718621608910086642329360338179306535
4,33,60,58,372687440768808567283450920089914736
4,33,60,59,183053752797015660428925760077932247
4,33,60,60,85202830650663120307726204170559564
4,33,60,61,37600990445490001062879095861185104
4,33,60,62,15740571753449147017329738259741268
4,33,60,63,6253217953472780508402892004990534
4,33,60,64,2358396378654381564648400620680084
4,33,60,65,844722490918770644413474197808004
4,33,60,66,287434012920654396728289779914046
4,33,60,67,92944679347752641659091876966696
4,33,60,68,28569651298037582939716073053818
4,33,60,69,8350472203566573788220211495187
4,33,60,70,2321547663172475296805095815368
4,33,60,71,614108635317955376371027988930
4,33,60,72,154618687049462541564907493648
4,33,60,73,37066746968889661487915945378
4,33,60,74,8464030865859318194729753432
4,33,60,75,1841667560215668963993994050
4,33,60,76,381997923296148024496040340
4,33,60,77,75561515726347239677619519
4,33,60,78,14259326568319427833069182
4,33,60,79,2568111025410030843063481
4,33,60,80,441555476348997279136520
4,33,60,81,72498552114974215760096
4,33,60,82,11369201410754291240272
4,33,60,83,1703064681365141027728
4,33,60,84,243684487158293685884
4,33,60,85,33300895315846491659
4,33,60,86,4344899424845575922
4,33,60,87,540975790783844469
4,33,60,88,64227793965478750
4,33,60,89,7263653501764679
4,33,60,90,781362004494088
4,33,60,91,79792495719774
4,33,60,92,7715838350182
4,33,60,93,703945541292
4,33,60,94,60218935620
4,33,60,95,4790866562
4,33,60,96,347601142
4,33,60,97,22515297
4,33,60,98,1239144
4,33,60,99,54725
4,33,60,100,1710
4,33,60,101,19
4,33,60,102,0
4,33,60,103,0
4,33,60,104,0
4,33,60,105,0
4,33,60,106,0
4,33,60,107,0
4,33,60,108,0
4,33,60,109,0
4,33,60,110,0
4,33,60,111,0
4,33,60,112,0
4,33,60,113,0
4,33,60,114,0
4,33,60,115,0
4,33,60,116,0
4,33,60,117,0
4,33,60,118,0
4,33,60,119,0
4,33,60,120,0
4,33,60,121,0
4,33,60,122,0
4,33,60,123,0
4,33,60,124,0
4,33,60,125,0
4,33,60,126,0
4,33,60,127,0
4,33,60,128,0
4,33,60,129,0
4,33,60,130,0
4,33,60,131,0
4,33,60,132,0
4,33,60,133,0
4,33,60,134,0
4,33,60,135,0
4,33,60,136,0
4,33,60,137,0
4,33,60,138,0
4,33,60,139,0
4,33,60,140,0
4,33,60,141,0
4,33,60,142,0
4,33,60,143,0
4,33,60,144,0
4,33,60,145,0
4,33,60,146,0
4,33,60,147,0
4,33,60,148,0
4,33,60,149,0
4,33,60,150,0
4,33,60,151,0
4,33,60,152,0
4,33,60,153,0
4,33,60,154,0
4,33,60,155,0
4,33,60,156,0
4,33,60,157,0
4,33,60,158,0
4,33,60,159,0
4,33,60,160,0
4,33,60,161,0
4,33,60,162,0
4,33,60,163,0
4,33,60,164,0
4,33,60,165,0
4,33,60,166,0
4,33,60,167,0
4,33,60,168,0
4,33,60,169,0
4,33,60,170,0
4,33,60,171,0
4,33,60,172,0
4,33,60,173,0
4,33,60,174,0
4,33,60,175,0
4,33,60,176,0
4,33,60,177,0
4,33,60,178,0
4,33,60,179,0
4,33,60,180,0
4,33,60,181,0
4,33,60,182,0
4,33,60,183,0
4,33,60,184,0
4,33,60,185,0
4,33,60,186,0
4,33,60,187,0
4,33,60,188,0
4,33,60,189,0
4,33,60,190,0
4,33,60,191,0
4,33,60,192,0
4,33,60,193,0
4,33,60,194,0
4,33,60,195,0
4,33,60,196,0
4,33,60,197,0
4,33,60,198,0
4,33,60,199,0
4,33,60,200,0
4,33,60,201,0
4,33,60,202,0
4,33,60,203,0
4,33,60,204,0
4,33,60,205,0
4,33,60,206,0
4,33,60,207,0
4,33,60,208,0
4,33,60,209,0
4,33,60,210,0
4,33,60,211,0
4,33,60,212,0
4,33,60,213,0
4,33,60,214,0
4,33,60,215,0
4,33,60,216,0
4,33,60,217,0
4,33,60,218,0
4,33,60,219,0
4,33,60,220,0
4,33,60,221,0
4,33,60,222,0
4,33,60,223,0
4,33,60,224,0
4,33,60,225,0
4,33,60,226,0
4,33,60,227,0
4,33,61,0,36617976
4,33,61,1,800826002
4,33,61,2,15991497206
4,33,61,3,253041948600
4,33,61,4,3527568036492
4,33,61,5,44209848933508
4,33,61,6,506828399672484
4,33,61,7,5380044817508786
4,33,61,8,53294376848438558
4,33,61,9,495613646578248354
4,33,61,10,4345650246107851674
4,33,61,11,36044722647361962694
4,33,61,12,283517208688224314020
4,33,61,13,2118731452343659300146
4,33,61,14,15063605273706441366080
4,33,61,15,101992042503244190743496
4,33,61,16,658075991817030896891568
4,33,61,17,4047893558426945036607626
4,33,61,18,23740875121924776934121564
4,33,61,19,132759225797899124421318908
4,33,61,20,707692523433893020686346972
4,33,61,21,3594870888792018821938446420
4,33,61,22,17392864076421504191070293510
4,33,61,23,80103014700002059916500367056
4,33,61,24,350924924079478875597950257108
4,33,61,25,1461259411906146843394110395316
4,33,61,26,5778513576786826516719925228486
4,33,61,27,21681105122652895125055255672458
4,33,61,28,77108372541002557360719311799500
4,33,61,29,259679296732436282972443765519338
4,33,61,30,827250312331324031251608449037734
4,33,61,31,2490238637046480575018105201422038
4,33,61,32,7076000247271012969647558334354322
4,33,61,33,18959183462884820588410488543043052
4,33,61,34,47850699453448551689943743523938990
4,33,61,35,113648143398995061742088345929238956
4,33,61,36,253766308597181442134162322330581132
4,33,61,37,532263035190365919949257208639253710
4,33,61,38,1047854458304268221198544872374421054
4,33,61,39,1934929700423179155137131440268960142
4,33,61,40,3349489470915791202312049121960306176
4,33,61,41,5433242637269758519157643021036365832
4,33,61,42,8256334829933561313649199569780436792
4,33,61,43,11751941930313206948187203472535729916
4,33,61,44,15668932664771607198129610647255689498
4,33,61,45,19572930069776943315853524671986163734
4,33,61,46,22914007627149272294155429866500982904
4,33,61,47,25152151065875495279619282260760026500
4,33,61,48,25901775168628370278410664813061491700
4,33,61,49,25041431228949249783162829481091075438
4,33,61,50,22745402060605382806242889284426538912
4,33,61,51,19426215937018295238027659120901259074
4,33,61,52,15614023669741485632981906769096999046
4,33,61,53,11820980202498067012925924501022718126
4,33,61,54,8436931605726533764945448107904950434
4,33,61,55,5681746373683896667543578320050399166
4,33,61,56,3613326226097745198266956474123125120
4,33,61,57,2171728471860327951601892713312273130
4,33,61,58,1234530184422649296936670575644868252
4,33,61,59,664198600697717403204134932012352674
4,33,61,60,338432813970196314236637401721527968
4,33,61,61,163410111955149569539459931586870700
4,33,61,62,74807789138775785590292309625310904
4,33,61,63,32484968872753378276669273073790958
4,33,61,64,13386612726858436756095493791668774
4,33,61,65,5236936209304133584301163689835846
4,33,61,66,1945591365825520845663404674735220
4,33,61,67,686641600670510031163771898162472
4,33,61,68,230271206612507370071428281843448
4,33,61,69,73400906435903154153007575481122
4,33,61,70,22245122532730595656408586930014
4,33,61,71,6411517674261265375483950115426
4,33,61,72,1757946177413447683781650562138
4,33,61,73,458672329097295533407365040654
4,33,61,74,113918557015058267610301610538
4,33,61,75,26942249509535448279698148050
4,33,61,76,6069909371134836373249886636
4,33,61,77,1303191164632290126368671238
4,33,61,78,266737463758630325239133574
4,33,61,79,52069295898600336525393516
4,33,61,80,9697663154184740269629236
4,33,61,81,1723828496391986818352224
4,33,61,82,292548373991390820621640
4,33,61,83,47411868069597822858506
4,33,61,84,7339009543404186580638
4,33,61,85,1085130151375238502226
4,33,61,86,153250375776601657368
4,33,61,87,20668815091954403278
4,33,61,88,2661140958646095536
4,33,61,89,326897108893562618
4,33,61,90,38281325040253474
4,33,61,91,4268673373275220
4,33,61,92,452534509516960
4,33,61,93,45516487778822
4,33,61,94,4330892343462
4,33,61,95,388306012600
4,33,61,96,32579638716
4,33,61,97,2530910668
4,33,61,98,178307252
4,33,61,99,11126840
4,33,61,100,580560
4,33,61,101,23180
4,33,61,102,720
4,33,61,103,0
4,33,61,104,0
4,33,61,105,0
4,33,61,106,0
4,33,61,107,0
4,33,61,108,0
4,33,61,109,0
4,33,61,110,0
4,33,61,111,0
4,33,61,112,0
4,33,61,113,0
4,33,61,114,0
4,33,61,115,0
4,33,61,116,0
4,33,61,117,0
4,33,61,118,0
4,33,61,119,0
4,33,61,120,0
4,33,61,121,0
4,33,61,122,0
4,33,61,123,0
4,33,61,124,0
4,33,61,125,0
4,33,61,126,0
4,33,61,127,0
4,33,61,128,0
4,33,61,129,0
4,33,61,130,0
4,33,61,131,0
4,33,61,132,0
4,33,61,133,0
4,33,61,134,0
4,33,61,135,0
4,33,61,136,0
4,33,61,137,0
4,33,61,138,0
4,33,61,139,0
4,33,61,140,0
4,33,61,141,0
4,33,61,142,0
4,33,61,143,0
4,33,61,144,0
4,33,61,145,0
4,33,61,146,0
4,33,61,147,0
4,33,61,148,0
4,33,61,149,0
4,33,61,150,0
4,33,61,151,0
4,33,61,152,0
4,33,61,153,0
4,33,61,154,0
4,33,61,155,0
4,33,61,156,0
4,33,61,157,0
4,33,61,158,0
4,33,61,159,0
4,33,61,160,0
4,33,61,161,0
4,33,61,162,0
4,33,61,163,0
4,33,61,164,0
4,33,61,165,0
4,33,61,166,0
4,33,61,167,0
4,33,61,168,0
4,33,61,169,0
4,33,61,170,0
4,33,61,171,0
4,33,61,172,0
4,33,61,173,0
4,33,61,174,0
4,33,61,175,0
4,33,61,176,0
4,33,61,177,0
4,33,61,178,0
4,33,61,179,0
4,33,61,180,0
4,33,61,181,0
4,33,61,182,0
4,33,61,183,0
4,33,61,184,0
4,33,61,185,0
4,33,61,186,0
4,33,61,187,0
4,33,61,188,0
4,33,61,189,0
4,33,61,190,0
4,33,61,191,0
4,33,61,192,0
4,33,61,193,0
4,33,61,194,0
4,33,61,195,0
4,33,61,196,0
4,33,61,197,0
4,33,61,198,0
4,33,61,199,0
4,33,61,200,0
4,33,61,201,0
4,33,61,202,0
4,33,61,203,0
4,33,61,204,0
4,33,61,205,0
4,33,61,206,0
4,33,61,207,0
4,33,61,208,0
4,33,61,209,0
4,33,61,210,0
4,33,61,211,0
4,33,61,212,0
4,33,61,213,0
4,33,61,214,0
4,33,61,215,0
4,33,61,216,0
4,33,61,217,0
4,33,61,218,0
4,33,61,219,0
4,33,61,220,0
4,33,61,221,0
4,33,61,222,0
4,33,61,223,0
4,33,61,224,0
4,33,61,225,0
4,33,61,226,0
4,33,61,227,0
4,33,62,0,2325150
4,33,62,1,44107768
4,33,62,2,896373690
4,33,62,3,14061679262
4,33,62,4,197755136840
4,33,62,5,2515197222180
4,33,62,6,29384096043510
4,33,62,7,319183107669198
4,33,62,8,3245323048103200
4,33,62,9,31064336851558348
4,33,62,10,281060775231713800
4,33,62,11,2411142723262113424
4,33,62,12,19658747304501442490
4,33,62,13,152607479949541694872
4,33,62,14,1129444447218293891704
4,33,62,15,7977108547816742758841
4,33,62,16,53803258110882585664955
4,33,62,17,346683902516064144515088
4,33,62,18,2134543557694993334456248
4,33,62,19,12558102720177048424176127
4,33,62,20,70586157652751114073557365
4,33,62,21,378927664647455735417816599
4,33,62,22,1941969017316101576944074723
4,33,62,23,9495875202202904151740836859
4,33,62,24,44273838399574787252045192989
4,33,62,25,196676305550725272097859848819
4,33,62,26,831740999403896986249684670495
4,33,62,27,3345521172799737960755559769596
4,33,62,28,12786797369991782136144409279160
4,33,62,29,46392044806778747758690347301171
4,33,62,30,159607557033627711390485052554451
4,33,62,31,520144044634867951162350343233529
4,33,62,32,1603904065707422298368101881502483
4,33,62,33,4674545315976532411225098181758201
4,33,62,34,12862665311215979810641295123574727
4,33,62,35,33379985084375163568602389183740119
4,33,62,36,81611759485936160822365862575045395
4,33,62,37,187802025040699445830652664816832254
4,33,62,38,406374947626894717845042948331697246
4,33,62,39,826165119910556627146732764493318767
4,33,62,40,1576875245241511043597453256134001191
4,33,62,41,2823875818442673030891430550252635289
4,33,62,42,4742364378866487640739546632669528659
4,33,62,43,7466029211384241642916016171616621765
4,33,62,44,11016380632615865107845187089408258611
4,33,62,45,15234149646249136113607889839100123030
4,33,62,46,19745561173161129763291676192226290844
4,33,62,47,23993792508299853715488275321676076621
4,33,62,48,27344673534138969379989647764613369145
4,33,62,49,29242296591707789822759268993855266357
4,33,62,50,29361782976953200010167134305180883509
4,33,62,51,27700742366637359481331388540069047138
4,33,62,52,24573886997253623857404905778498882312
4,33,62,53,20515674567501929279344726685517324497
4,33,62,54,16132258932268912746493944005354365375
4,33,62,55,11958420011253267875282224780174101110
4,33,62,56,8363539829603756692407158817670705459
4,33,62,57,5523357425403326219541777249611656390
4,33,62,58,3447127009701339899004358065750252152
4,33,62,59,2034597177956555786934181641945970537
4,33,62,60,1136504237199301967543917273264882356
4,33,62,61,601196225728819240888331295093731957
4,33,62,62,301349683285530482095561491506126003
4,33,62,63,143207834617217659604833849498380408
4,33,62,64,64552446432439975572039339890015238
4,33,62,65,27611772458399861564927902428294042
4,33,62,66,11211833533991596467766031645824024
4,33,62,67,4323214332252979834056125225617868
4,33,62,68,1583494436996140805665331113392808
4,33,62,69,551094594928616825722128238315766
4,33,62,70,182283695526426658113558029793448
4,33,62,71,57317829934185973558620658521683
4,33,62,72,17137991605380185677695652650049
4,33,62,73,4873825182600576719802081457747
4,33,62,74,1318676058922143715458274894313
4,33,62,75,339540828773908330520193636913
4,33,62,76,83228084415441750549224843767
4,33,62,77,19427690006808267954291027100
4,33,62,78,4320213423333703084249302168
4,33,62,79,915564753182617326271556053
4,33,62,80,184988098073909782827248245
4,33,62,81,35648360080809979041201475
4,33,62,82,6554505783527717124852957
4,33,62,83,1150258480349066669049528
4,33,62,84,192724229542661461342832
4,33,62,85,30836500737585787099548
4,33,62,86,4712467815505401949842
4,33,62,87,687872909783243667935
4,33,62,88,95898551285251563560
4,33,62,89,12766199526836679863
4,33,62,90,1622108041264856629
4,33,62,91,196604089134143845
4,33,62,92,22709433121203434
4,33,62,93,2496774535937216
4,33,62,94,260840250626118
4,33,62,95,25835629079473
4,33,62,96,2418542536927
4,33,62,97,213012872489
4,33,62,98,17505087175
4,33,62,99,1327525543
4,33,62,100,90665217
4,33,62,101,5384056
4,33,62,102,272232
4,33,62,103,9464
4,33,62,104,252
4,33,62,105,0
4,33,62,106,0
4,33,62,107,0
4,33,62,108,0
4,33,62,109,0
4,33,62,110,0
4,33,62,111,0
4,33,62,112,0
4,33,62,113,0
4,33,62,114,0
4,33,62,115,0
4,33,62,116,0
4,33,62,117,0
4,33,62,118,0
4,33,62,119,0
4,33,62,120,0
4,33,62,121,0
4,33,62,122,0
4,33,62,123,0
4,33,62,124,0
4,33,62,125,0
4,33,62,126,0
4,33,62,127,0
4,33,62,128,0
4,33,62,129,0
4,33,62,130,0
4,33,62,131,0
4,33,62,132,0
4,33,62,133,0
4,33,62,134,0
4,33,62,135,0
4,33,62,136,0
4,33,62,137,0
4,33,62,138,0
4,33,62,139,0
4,33,62,140,0
4,33,62,141,0
4,33,62,142,0
4,33,62,143,0
4,33,62,144,0
4,33,62,145,0
4,33,62,146,0
4,33,62,147,0
4,33,62,148,0
4,33,62,149,0
4,33,62,150,0
4,33,62,151,0
4,33,62,152,0
4,33,62,153,0
4,33,62,154,0
4,33,62,155,0
4,33,62,156,0
4,33,62,157,0
4,33,62,158,0
4,33,62,159,0
4,33,62,160,0
4,33,62,161,0
4,33,62,162,0
4,33,62,163,0
4,33,62,164,0
4,33,62,165,0
4,33,62,166,0
4,33,62,167,0
4,33,62,168,0
4,33,62,169,0
4,33,62,170,0
4,33,62,171,0
4,33,62,172,0
4,33,62,173,0
4,33,62,174,0
4,33,62,175,0
4,33,62,176,0
4,33,62,177,0
4,33,62,178,0
4,33,62,179,0
4,33,62,180,0
4,33,62,181,0
4,33,62,182,0
4,33,62,183,0
4,33,62,184,0
4,33,62,185,0
4,33,62,186,0
4,33,62,187,0
4,33,62,188,0
4,33,62,189,0
4,33,62,190,0
4,33,62,191,0
4,33,62,192,0
4,33,62,193,0
4,33,62,194,0
4,33,62,195,0
4,33,62,196,0
4,33,62,197,0
4,33,62,198,0
4,33,62,199,0
4,33,62,200,0
4,33,62,201,0
4,33,62,202,0
4,33,62,203,0
4,33,62,204,0
4,33,62,205,0
4,33,62,206,0
4,33,62,207,0
4,33,62,208,0
4,33,62,209,0
4,33,62,210,0
4,33,62,211,0
4,33,62,212,0
4,33,62,213,0
4,33,62,214,0
4,33,62,215,0
4,33,62,216,0
4,33,62,217,0
4,33,62,218,0
4,33,62,219,0
4,33,62,220,0
4,33,62,221,0
4,33,62,222,0
4,33,62,223,0
4,33,62,224,0
4,33,62,225,0
4,33,62,226,0
4,33,62,227,0
4,33,63,0,120984
4,33,63,1,1907728
4,33,63,2,40994414
4,33,63,3,636282090
4,33,63,4,9082156312
4,33,63,5,117874160740
4,33,63,6,1408779851794
4,33,63,7,15722947681322
4,33,63,8,164637794480984
4,33,63,9,1626938595802226
4,33,63,10,15228280745490354
4,33,63,11,135411591286713626
4,33,63,12,1146498410686654638
4,33,63,13,9258822838975025462
4,33,63,14,71412988473795550274
4,33,63,15,526576719242055868806
4,33,63,16,3714578604158493469870
4,33,63,17,25079319743435152159078
4,33,63,18,162100366282522652293584
4,33,63,19,1003086060942027284788876
4,33,63,20,5941984764520659506523656
4,33,63,21,33686354843997718848454692
4,33,63,22,182700147805066275724033730
4,33,63,23,947476126390696106262491478
4,33,63,24,4695460046812715939700465802
4,33,63,25,22220971918762291071153013694
4,33,63,26,100341454855799772866180315300
4,33,63,27,431971044378583585715950545996
4,33,63,28,1771255928405670038537531559812
4,33,63,29,6910843056299568930471108334806
4,33,63,30,25630283501841229590834625103390
4,33,63,31,90257058339786066741929671886838
4,33,63,32,301463210005083107829537605305464
4,33,63,33,953947604333591378500721732272622
4,33,63,34,2856668545806685022842829212083300
4,33,63,35,8086300118714349071244499780030450
4,33,63,36,21612801094358368693202406457875882
4,33,63,37,54484495440560567124293753258002118
4,33,63,38,129414916017617454921338984087942686
4,33,63,39,289347863027538784495775390070339748
4,33,63,40,608399722624236766856767943238003844
4,33,63,41,1202095823629074517028173556887491848
4,33,63,42,2230315543181889338139610280308300686
4,33,63,43,3883470735700646163162477535578065288
4,33,63,44,6343203602878646117220805338015017864
4,33,63,45,9716363445743373800533644931044615506
4,33,63,46,13955414258380782594005110484945474642
4,33,63,47,18794445986859286132477945175748761016
4,33,63,48,23737411006346706312935538871579446360
4,33,63,49,28124540143996623078094177885569148104
4,33,63,50,31273314621176775880747650302321104770
4,33,63,51,32654058427636978815877808387597583052
4,33,63,52,32037298275475641671041020777339652864
4,33,63,53,29555919235671041896951410783424867956
4,33,63,54,25659139763692528582929347587258981934
4,33,63,55,20979922501967649138553509724534548572
4,33,63,56,16169351833981266631682553224441578320
4,33,63,57,11756313363896009791416900103522351640
4,33,63,58,8070414631580850976142587973624732418
4,33,63,59,5234930697828308105043047004914885602
4,33,63,60,3211027824383657534401643179097636868
4,33,63,61,1863815250087239232474910007707834528
4,33,63,62,1024406826575577039668763939299815022
4,33,63,63,533474994648434336107966707464770244
4,33,63,64,263368764697954446116401308451320192
4,33,63,65,123320482385055084457908842013667288
4,33,63,66,54791791793320666943449985435140760
4,33,63,67,23108496950181662477543183662695012
4,33,63,68,9254447444729755444606851350639054
4,33,63,69,3520313996002748457090712937890708
4,33,63,70,1272271939512804021277810059908830
4,33,63,71,436969634341546250500946819006516
4,33,63,72,142657283370908957932530977841792
4,33,63,73,44279650029264050663197531312534
4,33,63,74,13070122506932816391251337587372
4,33,63,75,3669639463197685235032544178910
4,33,63,76,980272766535412325590323573742
4,33,63,77,249214187527371825286390047912
4,33,63,78,60316432500101021220285634268
4,33,63,79,13902173616694664881543197268
4,33,63,80,3052615119130663883144965826
4,33,63,81,638807456806548161983114184
4,33,63,82,127452060601151452125588896
4,33,63,83,24253358231965694668630358
4,33,63,84,4403589482606510216215530
4,33,63,85,763131182549069605989288
4,33,63,86,126262618154383227473192
4,33,63,87,19949396214383341852984
4,33,63,88,3010386056309964540298
4,33,63,89,433873334914366586498
4,33,63,90,59718031317830667918
4,33,63,91,7847546605010012858
4,33,63,92,984121324312021188
4,33,63,93,117692316238152202
4,33,63,94,13409201619717700
4,33,63,95,1453528295432446
4,33,63,96,149629489965684
4,33,63,97,14592838092978
4,33,63,98,1343439875150
4,33,63,99,116174570864
4,33,63,100,9349006440
4,33,63,101,689119866
4,33,63,102,45722874
4,33,63,103,2581426
4,33,63,104,121504
4,33,63,105,4044
4,33,63,106,72
4,33,63,107,0
4,33,63,108,0
4,33,63,109,0
4,33,63,110,0
4,33,63,111,0
4,33,63,112,0
4,33,63,113,0
4,33,63,114,0
4,33,63,115,0
4,33,63,116,0
4,33,63,117,0
4,33,63,118,0
4,33,63,119,0
4,33,63,120,0
4,33,63,121,0
4,33,63,122,0
4,33,63,123,0
4,33,63,124,0
4,33,63,125,0
4,33,63,126,0
4,33,63,127,0
4,33,63,128,0
4,33,63,129,0
4,33,63,130,0
4,33,63,131,0
4,33,63,132,0
4,33,63,133,0
4,33,63,134,0
4,33,63,135,0
4,33,63,136,0
4,33,63,137,0
4,33,63,138,0
4,33,63,139,0
4,33,63,140,0
4,33,63,141,0
4,33,63,142,0
4,33,63,143,0
4,33,63,144,0
4,33,63,145,0
4,33,63,146,0
4,33,63,147,0
4,33,63,148,0
4,33,63,149,0
4,33,63,150,0
4,33,63,151,0
4,33,63,152,0
4,33,63,153,0
4,33,63,154,0
4,33,63,155,0
4,33,63,156,0
4,33,63,157,0
4,33,63,158,0
4,33,63,159,0
4,33,63,160,0
4,33,63,161,0
4,33,63,162,0
4,33,63,163,0
4,33,63,164,0
4,33,63,165,0
4,33,63,166,0
4,33,63,167,0
4,33,63,168,0
4,33,63,169,0
4,33,63,170,0
4,33,63,171,0
4,33,63,172,0
4,33,63,173,0
4,33,63,174,0
4,33,63,175,0
4,33,63,176,0
4,33,63,177,0
4,33,63,178,0
4,33,63,179,0
4,33,63,180,0
4,33,63,181,0
4,33,63,182,0
4,33,63,183,0
4,33,63,184,0
4,33,63,185,0
4,33,63,186,0
4,33,63,187,0
4,33,63,188,0
4,33,63,189,0
4,33,63,190,0
4,33,63,191,0
4,33,63,192,0
4,33,63,193,0
4,33,63,194,0
4,33,63,195,0
4,33,63,196,0
4,33,63,197,0
4,33,63,198,0
4,33,63,199,0
4,33,63,200,0
4,33,63,201,0
4,33,63,202,0
4,33,63,203,0
4,33,63,204,0
4,33,63,205,0
4,33,63,206,0
4,33,63,207,0
4,33,63,208,0
4,33,63,209,0
4,33,63,210,0
4,33,63,211,0
4,33,63,212,0
4,33,63,213,0
4,33,63,214,0
4,33,63,215,0
4,33,63,216,0
4,33,63,217,0
4,33,63,218,0
4,33,63,219,0
4,33,63,220,0
4,33,63,221,0
4,33,63,222,0
4,33,63,223,0
4,33,63,224,0
4,33,63,225,0
4,33,63,226,0
4,33,63,227,0
4,33,64,0,4870
4,33,64,1,59600
4,33,64,2,1466764
4,33,64,3,22434402
4,33,64,4,328576286
4,33,64,5,4398985050
4,33,64,6,54128020710
4,33,64,7,625266291326
4,33,64,8,6782107302548
4,33,64,9,69554383509790
4,33,64,10,676609020379724
4,33,64,11,6261120771263028
4,33,64,12,55239693503505404
4,33,64,13,465451979368241290
4,33,64,14,3750669354127008588
4,33,64,15,28932867819142881374
4,33,64,16,213818596289802768142
4,33,64,17,1514578841349196997997
4,33,64,18,10286415770232668726390
4,33,64,19,66991230932543786217817
4,33,64,20,418350438053973158695834
4,33,64,21,2504696837910819796392187
4,33,64,22,14372434822405086465700464
4,33,64,23,79009913113795012538888375
4,33,64,24,415888923148844908824270626
4,33,64,25,2094801405272121982811362846
4,33,64,26,10089365380785006087520387840
4,33,64,27,46429107794696865408622904683
4,33,64,28,203957740555920993475631683148
4,33,64,29,854481663358641835813135457832
4,33,64,30,3410691337621295288661829867960
4,33,64,31,12956937768925747255440551451116
4,33,64,32,46795954984497833186849353326780
4,33,64,33,160499032638596901213105078218397
4,33,64,34,522152659509502077236259134686490
4,33,64,35,1609464583714217109064833436886395
4,33,64,36,4694852686232843091757703203073163
4,33,64,37,12945593828305589919550456019939215
4,33,64,38,33705055046712464542773206891268074
4,33,64,39,82769745873822047387842725072024429
4,33,64,40,191516227812436701973050625025264020
4,33,64,41,417139218650283742073722069602724345
4,33,64,42,854514279298154188812737855310567366
4,33,64,43,1645076285633119581161727045779398986
4,33,64,44,2974387061535563375504984276845916682
4,33,64,45,5048083681914780456003716823538693508
4,33,64,46,8039100868784344809916431462839188226
4,33,64,47,12009895094263617633904556060584955519
4,33,64,48,16830110994564677042628762612546570763
4,33,64,49,22124933874687693218393298166772577671
4,33,64,50,27290977390492210606063725683353637600
4,33,64,51,31597491848325620141870906996654181230
4,33,64,52,34355030640514588681072409327397299846
4,33,64,53,35098313488642580044533968596399773357
4,33,64,54,33715701759095461477997880978138655544
4,33,64,55,30475384035521777497450713680741439396
4,33,64,56,25940505995323716638759501360418185839
4,33,64,57,20810041254463188058913944885967443362
4,33,64,58,15746696854213467601897844409613963014
4,33,64,59,11248161968303774323643810135727116327
4,33,64,60,7590903061417168981981071139917038316
4,33,64,61,4843451864238905392523089510315914128
4,33,64,62,2924002405859348126984972125890194104
4,33,64,63,1671290304969885983741116047046824408
4,33,64,64,904991314147508376824458705149070882
4,33,64,65,464512861928746111380063426798898115
4,33,64,66,226115109285825395074664431791327690
4,33,64,67,104431921051097604053960773244214004
4,33,64,68,45780326454376356367538553267771088
4,33,64,69,19055266512117024943683384541921920
4,33,64,70,7533054619838224783350521270683064
4,33,64,71,2829178094332143735370711480253907
4,33,64,72,1009677652622962665657911463934647
4,33,64,73,342475515664141700957848341913887
4,33,64,74,110429872293366740232472257495488
4,33,64,75,33856252611618070967894688746401
4,33,64,76,9871308381346770882298883911164
4,33,64,77,2737722132801259788865171831438
4,33,64,78,722417775264155830748997736958
4,33,64,79,181422075573086980274019571255
4,33,64,80,43373709051927260210073552135
4,33,64,81,9875143331683144765222861036
4,33,64,82,2141895448981495209925974394
4,33,64,83,442748841963761234354607801
4,33,64,84,87255197136489148419222862
4,33,64,85,16400936489347912852138105
4,33,64,86,2941372085604008521375794
4,33,64,87,503477660771765509257590
4,33,64,88,82277473244374706436002
4,33,64,89,12839323938469179095527
4,33,64,90,1913433669556559305444
4,33,64,91,272329292022419750917
4,33,64,92,37010416005123129058
4,33,64,93,4801402952484332244
4,33,64,94,594298111417127012
4,33,64,95,70129566419662416
4,33,64,96,7881163589334687
4,33,64,97,842246424431336
4,33,64,98,85423869199616
4,33,64,99,8201157325351
4,33,64,100,742410105599
4,33,64,101,62963365917
4,33,64,102,4956973604
4,33,64,103,355314360
4,33,64,104,22680117
4,33,64,105,1225424
4,33,64,106,53350
4,33,64,107,1615
4,33,64,108,18
4,33,64,109,0
4,33,64,110,0
4,33,64,111,0
4,33,64,112,0
4,33,64,113,0
4,33,64,114,0
4,33,64,115,0
4,33,64,116,0
4,33,64,117,0
4,33,64,118,0
4,33,64,119,0
4,33,64,120,0
4,33,64,121,0
4,33,64,122,0
4,33,64,123,0
4,33,64,124,0
4,33,64,125,0
4,33,64,126,0
4,33,64,127,0
4,33,64,128,0
4,33,64,129,0
4,33,64,130,0
4,33,64,131,0
4,33,64,132,0
4,33,64,133,0
4,33,64,134,0
4,33,64,135,0
4,33,64,136,0
4,33,64,137,0
4,33,64,138,0
4,33,64,139,0
4,33,64,140,0
4,33,64,141,0
4,33,64,142,0
4,33,64,143,0
4,33,64,144,0
4,33,64,145,0
4,33,64,146,0
4,33,64,147,0
4,33,64,148,0
4,33,64,149,0
4,33,64,150,0
4,33,64,151,0
4,33,64,152,0
4,33,64,153,0
4,33,64,154,0
4,33,64,155,0
4,33,64,156,0
4,33,64,157,0
4,33,64,158,0
4,33,64,159,0
4,33,64,160,0
4,33,64,161,0
4,33,64,162,0
4,33,64,163,0
4,33,64,164,0
4,33,64,165,0
4,33,64,166,0
4,33,64,167,0
4,33,64,168,0
4,33,64,169,0
4,33,64,170,0
4,33,64,171,0
4,33,64,172,0
4,33,64,173,0
4,33,64,174,0
4,33,64,175,0
4,33,64,176,0
4,33,64,177,0
4,33,64,178,0
4,33,64,179,0
4,33,64,180,0
4,33,64,181,0
4,33,64,182,0
4,33,64,183,0
4,33,64,184,0
4,33,64,185,0
4,33,64,186,0
4,33,64,187,0
4,33,64,188,0
4,33,64,189,0
4,33,64,190,0
4,33,64,191,0
4,33,64,192,0
4,33,64,193,0
4,33,64,194,0
4,33,64,195,0
4,33,64,196,0
4,33,64,197,0
4,33,64,198,0
4,33,64,199,0
4,33,64,200,0
4,33,64,201,0
4,33,64,202,0
4,33,64,203,0
4,33,64,204,0
4,33,64,205,0
4,33,64,206,0
4,33,64,207,0
4,33,64,208,0
4,33,64,209,0
4,33,64,210,0
4,33,64,211,0
4,33,64,212,0
4,33,64,213,0
4,33,64,214,0
4,33,64,215,0
4,33,64,216,0
4,33,64,217,0
4,33,64,218,0
4,33,64,219,0
4,33,64,220,0
4,33,64,221,0
4,33,64,222,0
4,33,64,223,0
4,33,64,224,0
4,33,64,225,0
4,33,64,226,0
4,33,64,227,0
4,33,65,0,136
4,33,65,1,1134
4,33,65,2,38320
4,33,65,3,575180
4,33,65,4,8797100
4,33,65,5,124337042
4,33,65,6,1590393752
4,33,65,7,19272761344
4,33,65,8,218698255374
4,33,65,9,2348519750866
4,33,65,10,23929442076334
4,33,65,11,231995270787712
4,33,65,12,2145477851076004
4,33,65,13,18958791410021196
4,33,65,14,160317662665660506
4,33,65,15,1298721797985462634
4,33,65,16,10087513840543368654
4,33,65,17,75171565937920313710
4,33,65,18,537656738487066504802
4,33,65,19,3691834101791068607838
4,33,65,20,24338789284911142777426
4,33,65,21,154044724753831607631654
4,33,65,22,935835807827958794045330
4,33,65,23,5455298189748590603444424
4,33,65,24,30501101011923973330488688
4,33,65,25,163477380457809323682368790
4,33,65,26,839402105049748257702281300
4,33,65,27,4126094586206497155804381498
4,33,65,28,19400645266957417807211140050
4,33,65,29,87180628671124717000727865638
4,33,65,30,374059496216625005062907002422
4,33,65,31,1530885451896623948985264299308
4,33,65,32,5969917643753084606573649982036
4,33,65,33,22158550664086050408005117711066
4,33,65,34,78193496083206112643668165017188
4,33,65,35,262031929374693109633421191846786
4,33,65,36,832882048950748836141367032011336
4,33,65,37,2508117208609943717444994465982522
4,33,65,38,7147257321290749125531632291914586
4,33,65,39,19251243010361800679746302503379508
4,33,65,40,48957645620413307628014505983469098
4,33,65,41,117424759725356590867122923721477946
4,33,65,42,265361736923378034209914551331783180
4,33,65,43,564484954445523978005189468884829764
4,33,65,44,1129376460379938150725787495841227568
4,33,65,45,2123644422015383248111070578860625560
4,33,65,46,3750764178732534635362006247032592752
4,33,65,47,6219419424211443569951846158551103136
4,33,65,48,9679042803822119595070592801832086118
4,33,65,49,14134921422391383300015768184983907894
4,33,65,50,19369794193457817602463084212971797536
4,33,65,51,24910610889700081548333000496546794038
4,33,65,52,30073940572040153352506125469250513092
4,33,65,53,34097167023436431732666722798932678948
4,33,65,54,36323996422639779579611460075471572888
4,33,65,55,36381771064133700324604392703048528906
4,33,65,56,34283887998110204640383171652278393230
4,33,65,57,30418531539342949627847150721048970818
4,33,65,58,25431407305241322427980956127556895114
4,33,65,59,20051017466910030095648162046089402326
4,33,65,60,14920610600981723622654574837842481836
4,33,65,61,10487332285305424989629721213194246294
4,33,65,62,6967934115612954610592105960486787984
4,33,65,63,4379450596922795987057101024755486368
4,33,65,64,2605601514530939747734670102452244984
4,33,65,65,1468395100479114891963197912341952100
4,33,65,66,784285463002398391294468007492289444
4,33,65,67,397215872298156877442476439216335226
4,33,65,68,190853518300215682994277643067649394
4,33,65,69,87030320002687300158643365543294180
4,33,65,70,37678235060620655055308273208659748
4,33,65,71,15491439720242372148425538286944242
4,33,65,72,6050446884027241449232509736363608
4,33,65,73,2245304670920124228437842455628334
4,33,65,74,791846580969580969744934431796958
4,33,65,75,265437661246614188570834768713580
4,33,65,76,84588982243680883696560349497674
4,33,65,77,25631230146804475319358709065076
4,33,65,78,7385994909635868533637592570374
4,33,65,79,2024513960454833289370870571630
4,33,65,80,527965026328589397390201621468
4,33,65,81,131031856412816249516107155476
4,33,65,82,30957517514398602285615147262
4,33,65,83,6964948145237150922108596724
4,33,65,84,1492760103317644032730464434
4,33,65,85,304894450792352696295261230
4,33,65,86,59370057575182876792149174
4,33,65,87,11025868515755655957377868
4,33,65,88,1953643176390811346548214
4,33,65,89,330375275547487889423742
4,33,65,90,53335617622200537275228
4,33,65,91,8221641450832877613948
4,33,65,92,1210241932538390866408
4,33,65,93,170116540172783795972
4,33,65,94,22829991767760738354
4,33,65,95,2924131204693460060
4,33,65,96,357250369825132448
4,33,65,97,41597908948676676
4,33,65,98,4610878128871824
4,33,65,99,485760457293984
4,33,65,100,48536379156154
4,33,65,101,4585861551808
4,33,65,102,407972564306
4,33,65,103,33926524058
4,33,65,104,2607655840
4,33,65,105,181317010
4,33,65,106,11152980
4,33,65,107,570700
4,33,65,108,22430
4,33,65,109,680
4,33,65,110,0
4,33,65,111,0
4,33,65,112,0
4,33,65,113,0
4,33,65,114,0
4,33,65,115,0
4,33,65,116,0
4,33,65,117,0
4,33,65,118,0
4,33,65,119,0
4,33,65,120,0
4,33,65,121,0
4,33,65,122,0
4,33,65,123,0
4,33,65,124,0
4,33,65,125,0
4,33,65,126,0
4,33,65,127,0
4,33,65,128,0
4,33,65,129,0
4,33,65,130,0
4,33,65,131,0
4,33,65,132,0
4,33,65,133,0
4,33,65,134,0
4,33,65,135,0
4,33,65,136,0
4,33,65,137,0
4,33,65,138,0
4,33,65,139,0
4,33,65,140,0
4,33,65,141,0
4,33,65,142,0
4,33,65,143,0
4,33,65,144,0
4,33,65,145,0
4,33,65,146,0
4,33,65,147,0
4,33,65,148,0
4,33,65,149,0
4,33,65,150,0
4,33,65,151,0
4,33,65,152,0
4,33,65,153,0
4,33,65,154,0
4,33,65,155,0
4,33,65,156,0
4,33,65,157,0
4,33,65,158,0
4,33,65,159,0
4,33,65,160,0
4,33,65,161,0
4,33,65,162,0
4,33,65,163,0
4,33,65,164,0
4,33,65,165,0
4,33,65,166,0
4,33,65,167,0
4,33,65,168,0
4,33,65,169,0
4,33,65,170,0
4,33,65,171,0
4,33,65,172,0
4,33,65,173,0
4,33,65,174,0
4,33,65,175,0
4,33,65,176,0
4,33,65,177,0
4,33,65,178,0
4,33,65,179,0
4,33,65,180,0
4,33,65,181,0
4,33,65,182,0
4,33,65,183,0
4,33,65,184,0
4,33,65,185,0
4,33,65,186,0
4,33,65,187,0
4,33,65,188,0
4,33,65,189,0
4,33,65,190,0
4,33,65,191,0
4,33,65,192,0
4,33,65,193,0
4,33,65,194,0
4,33,65,195,0
4,33,65,196,0
4,33,65,197,0
4,33,65,198,0
4,33,65,199,0
4,33,65,200,0
4,33,65,201,0
4,33,65,202,0
4,33,65,203,0
4,33,65,204,0
4,33,65,205,0
4,33,65,206,0
4,33,65,207,0
4,33,65,208,0
4,33,65,209,0
4,33,65,210,0
4,33,65,211,0
4,33,65,212,0
4,33,65,213,0
4,33,65,214,0
4,33,65,215,0
4,33,65,216,0
4,33,65,217,0
4,33,65,218,0
4,33,65,219,0
4,33,65,220,0
4,33,65,221,0
4,33,65,222,0
4,33,65,223,0
4,33,65,224,0
4,33,65,225,0
4,33,65,226,0
4,33,65,227,0
4,33,66,0,2
4,33,66,1,8
4,33,66,2,632
4,33,66,3,9544
4,33,66,4,155344
4,33,66,5,2457504
4,33,66,6,33121340
4,33,66,7,432229168
4,33,66,8,5222781294
4,33,66,9,59630476960
4,33,66,10,645067976536
4,33,66,11,6626495498222
4,33,66,12,64875173051106
4,33,66,13,606369575396116
4,33,66,14,5420874887154458
4,33,66,15,46414530213571586
4,33,66,16,381028236301985363
4,33,66,17,3001490169406201585
4,33,66,18,22701501296556785686
4,33,66,19,164926395123982828988
4,33,66,20,1151196387841664840237
4,33,66,21,7720968391389575533739
4,33,66,22,49754912727147053127060
4,33,66,23,308010083789433216404368
4,33,66,24,1831175207234370852484068
4,33,66,25,10450906597613260519434350
4,33,66,26,57228894046487185877955632
4,33,66,27,300504111891349222425560950
4,33,66,28,1512016694988442724828001244
4,33,66,29,7284424458314687966802153418
4,33,66,30,33573350479256707697904524423
4,33,66,31,147894875009275980290541868749
4,33,66,32,622073695236692047372833004133
4,33,66,33,2495792138565888483262061097267
4,33,66,34,9540698652209319572228105015217
4,33,66,35,34711054370369955367357890810627
4,33,66,36,120051923792720641763200311103906
4,33,66,37,394251360650107770318137464466636
4,33,66,38,1227904892308787285524666630007571
4,33,66,39,3622670006900444195222513009441751
4,33,66,40,10112439339886820425618352660259309
4,33,66,41,26677670358645433138684290435387723
4,33,66,42,66439071497147761370630457675499515
4,33,66,43,156036189095774672085662226661453461
4,33,66,44,345243905376652056911128807035810017
4,33,66,45,719011133538615665056847722819988923
4,33,66,46,1408342142220026264940181900181155898
4,33,66,47,2592676193285223127578862367638958648
4,33,66,48,4483496287369106512052313285755308222
4,33,66,49,7280072431570594305568132878740646332
4,33,66,50,11096633253694816463832304184972405981
4,33,66,51,15875803964936643970126209577601999819
4,33,66,52,21320003543907798996196326318104958664
4,33,66,53,26879891220878169771019743945482758052
4,33,66,54,31827131103429547910362547860700970354
4,33,66,55,35407224811849856264597427090681279904
4,33,66,56,37029832071409811923260944972706946427
4,33,66,57,36429761716723672589624372724339501751
4,33,66,58,33737621826935231180296666038395087924
4,33,66,59,29434436283311379509210857579758248664
4,33,66,60,24211514253511956764091989851297962928
4,33,66,61,18791411048048146929064134053938624111
4,33,66,62,13772462419759821343978762112387728136
4,33,66,63,9539229654582742009332955508382365994
4,33,66,64,6248637550790472894098032526944615445
4,33,66,65,3873740079669814694085463911311609908
4,33,66,66,2274209024589075696333018778870211684
4,33,66,67,1265153851716297004916731391954019954
4,33,66,68,667272128787390936692174736986489818
4,33,66,69,333824100318485822329388126424030696
4,33,66,70,158478650172974829386880298617832897
4,33,66,71,71420242500183730860986375052855871
4,33,66,72,30563687419269087774925012909078265
4,33,66,73,12423381668506269067740868885756303
4,33,66,74,4797570857476849853765478310032122
4,33,66,75,1760490103519426776194291263066294
4,33,66,76,613971944220647784446597054326584
4,33,66,77,203531421049709295314253423742376
4,33,66,78,64142399264082725829954756096202
4,33,66,79,19220054660897407456152736455288
4,33,66,80,5476853501638855923122487446197
4,33,66,81,1484419620364758489869595142585
4,33,66,82,382760526316287160244174547621
4,33,66,83,93919212805096889842397498617
4,33,66,84,21936508011496746638922496887
4,33,66,85,4878781812370026805037915285
4,33,66,86,1033582056200913775320805170
4,33,66,87,208658743874440082710346828
4,33,66,88,40156761758797491476881521
4,33,66,89,7370228065242946240445883
4,33,66,90,1290513943700436441312324
4,33,66,91,215647760118351017139474
4,33,66,92,34398667376123137539581
4,33,66,93,5238786099235253853048
4,33,66,94,761806304472383301391
4,33,66,95,105769364065714327043
4,33,66,96,14017982533204825479
4,33,66,97,1772755367609819492
4,33,66,98,213784948199551579
4,33,66,99,24562606007501491
4,33,66,100,2685292666614120
4,33,66,101,278857789353608
4,33,66,102,27443847072088
4,33,66,103,2551286654382
4,33,66,104,222953170812
4,33,66,105,18154079702
4,33,66,106,1361665451
4,33,66,107,91727727
4,33,66,108,5367643
4,33,66,109,266095
4,33,66,110,9086
4,33,66,111,238
4,33,66,112,0
4,33,66,113,0
4,33,66,114,0
4,33,66,115,0
4,33,66,116,0
4,33,66,117,0
4,33,66,118,0
4,33,66,119,0
4,33,66,120,0
4,33,66,121,0
4,33,66,122,0
4,33,66,123,0
4,33,66,124,0
4,33,66,125,0
4,33,66,126,0
4,33,66,127,0
4,33,66,128,0
4,33,66,129,0
4,33,66,130,0
4,33,66,131,0
4,33,66,132,0
4,33,66,133,0
4,33,66,134,0
4,33,66,135,0
4,33,66,136,0
4,33,66,137,0
4,33,66,138,0
4,33,66,139,0
4,33,66,140,0
4,33,66,141,0
4,33,66,142,0
4,33,66,143,0
4,33,66,144,0
4,33,66,145,0
4,33,66,146,0
4,33,66,147,0
4,33,66,148,0
4,33,66,149,0
4,33,66,150,0
4,33,66,151,0
4,33,66,152,0
4,33,66,153,0
4,33,66,154,0
4,33,66,155,0
4,33,66,156,0
4,33,66,157,0
4,33,66,158,0
4,33,66,159,0
4,33,66,160,0
4,33,66,161,0
4,33,66,162,0
4,33,66,163,0
4,33,66,164,0
4,33,66,165,0
4,33,66,166,0
4,33,66,167,0
4,33,66,168,0
4,33,66,169,0
4,33,66,170,0
4,33,66,171,0
4,33,66,172,0
4,33,66,173,0
4,33,66,174,0
4,33,66,175,0
4,33,66,176,0
4,33,66,177,0
4,33,66,178,0
4,33,66,179,0
4,33,66,180,0
4,33,66,181,0
4,33,66,182,0
4,33,66,183,0
4,33,66,184,0
4,33,66,185,0
4,33,66,186,0
4,33,66,187,0
4,33,66,188,0
4,33,66,189,0
4,33,66,190,0
4,33,66,191,0
4,33,66,192,0
4,33,66,193,0
4,33,66,194,0
4,33,66,195,0
4,33,66,196,0
4,33,66,197,0
4,33,66,198,0
4,33,66,199,0
4,33,66,200,0
4,33,66,201,0
4,33,66,202,0
4,33,66,203,0
4,33,66,204,0
4,33,66,205,0
4,33,66,206,0
4,33,66,207,0
4,33,66,208,0
4,33,66,209,0
4,33,66,210,0
4,33,66,211,0
4,33,66,212,0
4,33,66,213,0
4,33,66,214,0
4,33,66,215,0
4,33,66,216,0
4,33,66,217,0
4,33,66,218,0
4,33,66,219,0
4,33,66,220,0
4,33,66,221,0
4,33,66,222,0
4,33,66,223,0
4,33,66,224,0
4,33,66,225,0
4,33,66,226,0
4,33,66,227,0
4,33,67,0,0
4,33,67,1,0
4,33,67,2,4
4,33,67,3,82
4,33,67,4,1372
4,33,67,5,29322
4,33,67,6,425274
4,33,67,7,6314502
4,33,67,8,84332364
4,33,67,9,1051843308
4,33,67,10,12390043610
4,33,67,11,137535056980
4,33,67,12,1450085177868
4,33,67,13,14544873983996
4,33,67,14,139186604811176
4,33,67,15,1273176269392192
4,33,67,16,11149305910110792
4,33,67,17,93587969756529148
4,33,67,18,753728627154242262
4,33,67,19,5828376831696198214
4,33,67,20,43295386403405321858
4,33,67,21,309060278641410512050
4,33,67,22,2120451637278818069018
4,33,67,23,13983300559731299953686
4,33,67,24,88622001457069801514338
4,33,67,25,539665450398322535774244
4,33,67,26,3156527633199521164037242
4,33,67,27,17725585829541999071713870
4,33,67,28,95512046862871032477205940
4,33,67,29,493516982877450586590013968
4,33,67,30,2443511705764093222500669374
4,33,67,31,11583560438709584214501264676
4,33,67,32,52529090114239791067340829152
4,33,67,33,227653121049443953925242677042
4,33,67,34,941939704175779639539395351822
4,33,67,35,3716940630472431002133353417526
4,33,67,36,13972668999258741562847459035274
4,33,67,37,49981261348307986069933919323428
4,33,67,38,169926322167127933201053590938290
4,33,67,39,548433684838844086176629761631306
4,33,67,40,1678338306458900307096897618430160
4,33,67,41,4864197240344093264897323113216358
4,33,67,42,13335562253991069984795315928506340
4,33,67,43,34545049467106806415868054936213830
4,33,67,44,84461806968916608209043763287402246
4,33,67,45,194709513945061566911731960250890450
4,33,67,46,422816293955590798576285584007729752
4,33,67,47,864131138013132321398346602939871868
4,33,67,48,1660900126015258754041695711897788674
4,33,67,49,3000329124537425958728381827100858440
4,33,67,50,5091430349521889630461284953704826440
4,33,67,51,8113399024594994886276271157243647876
4,33,67,52,12138632898799964143997398854749376492
4,33,67,53,17049767915140467741017165852252395572
4,33,67,54,22484938277713037908807558279468966718
4,33,67,55,27848007485937762516123383808953205598
4,33,67,56,32403163489323883852233965350091391100
4,33,67,57,35439186876938349245261143904899400000
4,33,67,58,36453414136218803433371629852261948622
4,33,67,59,35289078408414488591027708791349208532
4,33,67,60,32174017052924899714597835671485784928
4,33,67,61,27648104481798538210360945377627809730
4,33,67,62,22411016717579850131732204853852534278
4,33,67,63,17148894703989170903172191454143464196
4,33,67,64,12397265376681336045980604336967378706
4,33,67,65,8473376874680058486707159356213138526
4,33,67,66,5479461018761051029110903796853373848
4,33,67,67,3354749815558916538097014129535968716
4,33,67,68,1945769458617593323770486913712700092
4,33,67,69,1069732887491997690048136553004247150
4,33,67,70,557738385873981336410997575793666110
4,33,67,71,275898826972317328490547968125134948
4,33,67,72,129539135953851872226605344746493266
4,33,67,73,57746739744511002480032194035533004
4,33,67,74,24448389673111575554532300118542378
4,33,67,75,9832638677092909032873246435106262
4,33,67,76,3757251147506404760836229229151206
4,33,67,77,1364331649281718793776298672028220
4,33,67,78,470845458617414880221925897278206
4,33,67,79,154453881985574068554718831127346
4,33,67,80,48165203021375364571702723348032
4,33,67,81,14280313871073202570634149549596
4,33,67,82,4026018183939039649845237251118
4,33,67,83,1079502117304652415125253727278
4,33,67,84,275342291190609293601476035378
4,33,67,85,66824200005987891235172500486
4,33,67,86,15435986189214894622110098648
4,33,67,87,3394850244395457255681694916
4,33,67,88,711136505925280700331715418
4,33,67,89,141939059447797797325110692
4,33,67,90,27004854166620414424242576
4,33,67,91,4899408986863277848093002
4,33,67,92,847943713182511994616820
4,33,67,93,140039743221378326819946
4,33,67,94,22075319697876404019724
4,33,67,95,3322050341226450481442
4,33,67,96,477279427139999491780
4,33,67,97,65459271027361453534
4,33,67,98,8568299963560411884
4,33,67,99,1069915987702242660
4,33,67,100,127361106517047702
4,33,67,101,14438597820962176
4,33,67,102,1556748517018638
4,33,67,103,159335114201764
4,33,67,104,15442717325666
4,33,67,105,1411895831554
4,33,67,106,121127832040
4,33,67,107,9654588036
4,33,67,108,703691608
4,33,67,109,46008994
4,33,67,110,2558522
4,33,67,111,118306
4,33,67,112,3842
4,33,67,113,68
4,33,67,114,0
4,33,67,115,0
4,33,67,116,0
4,33,67,117,0
4,33,67,118,0
4,33,67,119,0
4,33,67,120,0
4,33,67,121,0
4,33,67,122,0
4,33,67,123,0
4,33,67,124,0
4,33,67,125,0
4,33,67,126,0
4,33,67,127,0
4,33,67,128,0
4,33,67,129,0
4,33,67,130,0
4,33,67,131,0
4,33,67,132,0
4,33,67,133,0
4,33,67,134,0
4,33,67,135,0
4,33,67,136,0
4,33,67,137,0
4,33,67,138,0
4,33,67,139,0
4,33,67,140,0
4,33,67,141,0
4,33,67,142,0
4,33,67,143,0
4,33,67,144,0
4,33,67,145,0
4,33,67,146,0
4,33,67,147,0
4,33,67,148,0
4,33,67,149,0
4,33,67,150,0
4,33,67,151,0
4,33,67,152,0
4,33,67,153,0
4,33,67,154,0
4,33,67,155,0
4,33,67,156,0
4,33,67,157,0
4,33,67,158,0
4,33,67,159,0
4,33,67,160,0
4,33,67,161,0
4,33,67,162,0
4,33,67,163,0
4,33,67,164,0
4,33,67,165,0
4,33,67,166,0
4,33,67,167,0
4,33,67,168,0
4,33,67,169,0
4,33,67,170,0
4,33,67,171,0
4,33,67,172,0
4,33,67,173,0
4,33,67,174,0
4,33,67,175,0
4,33,67,176,0
4,33,67,177,0
4,33,67,178,0
4,33,67,179,0
4,33,67,180,0
4,33,67,181,0
4,33,67,182,0
4,33,67,183,0
4,33,67,184,0
4,33,67,185,0
4,33,67,186,0
4,33,67,187,0
4,33,67,188,0
4,33,67,189,0
4,33,67,190,0
4,33,67,191,0
4,33,67,192,0
4,33,67,193,0
4,33,67,194,0
4,33,67,195,0
4,33,67,196,0
4,33,67,197,0
4,33,67,198,0
4,33,67,199,0
4,33,67,200,0
4,33,67,201,0
4,33,67,202,0
4,33,67,203,0
4,33,67,204,0
4,33,67,205,0
4,33,67,206,0
4,33,67,207,0
4,33,67,208,0
4,33,67,209,0
4,33,67,210,0
4,33,67,211,0
4,33,67,212,0
4,33,67,213,0
4,33,67,214,0
4,33,67,215,0
4,33,67,216,0
4,33,67,217,0
4,33,67,218,0
4,33,67,219,0
4,33,67,220,0
4,33,67,221,0
4,33,67,222,0
4,33,67,223,0
4,33,67,224,0
4,33,67,225,0
4,33,67,226,0
4,33,67,227,0
4,33,68,0,0
4,33,68,1,0
4,33,68,2,0
4,33,68,3,0
4,33,68,4,2
4,33,68,5,140
4,33,68,6,2448
4,33,68,7,47066
4,33,68,8,775462
4,33,68,9,11133546
4,33,68,10,150886520
4,33,68,11,1879946822
4,33,68,12,22037946480
4,33,68,13,243520403738
4,33,68,14,2549207784816
4,33,68,15,25374892988980
4,33,68,16,240770831360260
4,33,68,17,2182654078965472
4,33,68,18,18934656143246546
4,33,68,19,157398045526203530
4,33,68,20,1255020224986461866
4,33,68,21,9606001353137994760
4,33,68,22,70617421415314995962
4,33,68,23,498783588982044150044
4,33,68,24,3385510497262648877232
4,33,68,25,22083219763956557545050
4,33,68,26,138414397239275407635400
4,33,68,27,833450729072508934086510
4,33,68,28,4819548954461609151487542
4,33,68,29,26752299241993113314496419
4,33,68,30,142462395127739016513461886
4,33,68,31,727342074736456414880511168
4,33,68,32,3557568058244000536682197312
4,33,68,33,16656556295806463633670556093
4,33,68,34,74583712803676565742948595144
4,33,68,35,319087556202985377225477212204
4,33,68,36,1302979191105057467425098999720
4,33,68,37,5072935623775645046773119511202
4,33,68,38,18810033295884811006495623351376
4,33,68,39,66347979666569984188504007522557
4,33,68,40,222363265102129081637451336669160
4,33,68,41,707259909747817159858772369820104
4,33,68,42,2132348437922745479967739897355358
4,33,68,43,6086773440117619380878370617847294
4,33,68,44,16430942975239379326361593276733620
4,33,68,45,41898326096356393419815776112743427
4,33,68,46,100814836877303582955776263787525120
4,33,68,47,228670232794723215656033958199666417
4,33,68,48,488485824753538830691930360224172948
4,33,68,49,981960420198036064199760071161738800
4,33,68,50,1856211896517395508713328343261210712
4,33,68,51,3297613638653883467653238076283351245
4,33,68,52,5503232864342038571204595379802498686
4,33,68,53,8624876632005411408349591098938620458
4,33,68,54,12692332092279638517907134024577013154
4,33,68,55,17538235070125047265903810404912489822
4,33,68,56,22758965096900608718922996917821024968
4,33,68,57,27743903254632685044503831036596942704
4,33,68,58,31784235916781461725367098943351102598
4,33,68,59,34238392626617160777185787725396580991
4,33,68,60,34700842455894528720866405683739735680
4,33,68,61,33112370122493276462398269584950034259
4,33,68,62,29770405880919564615056866006528880512
4,33,68,63,25238160288336684848168288621678110265
4,33,68,64,20190584183995106250767909124699946368
4,33,68,65,15254448367818532741279341263735721474
4,33,68,66,10892581638928430130889941718810161222
4,33,68,67,7356459746939390913644349273910583427
4,33,68,68,4702297464199686696178100068149325738
4,33,68,69,2846643538074878956871921279860457705
4,33,68,70,1633025668993543135073752029876539658
4,33,68,71,888219011765238708360852054194828489
4,33,68,72,458267030819749399931771709122895970
4,33,68,73,224371182011615245380809556869471356
4,33,68,74,104284189488346776475830508149755500
4,33,68,75,46025827781458757805361759096871917
4,33,68,76,19294027836363392473491211488154346
4,33,68,77,7683671121529672814638345980241099
4,33,68,78,2907425772080756023906175722565952
4,33,68,79,1045438530425259033020788924501666
4,33,68,80,357260517127661873209115506759272
4,33,68,81,116040619846406358734778849508897
4,33,68,82,35827411457177485890529948266086
4,33,68,83,10515939306567027071508885366900
4,33,68,84,2934706305917615884444199696908
4,33,68,85,778817998662854525798514752042
4,33,68,86,196585047544076172688624264660
4,33,68,87,47208076015435082237848989022
4,33,68,88,10788519263604836985656295120
4,33,68,89,2347115125891909425961904182
4,33,68,90,486291636899359146305472138
4,33,68,91,95989187833942472638395427
4,33,68,92,18058759155514828657389350
4,33,68,93,3239413689291914227629730
4,33,68,94,554265659228463468404306
4,33,68,95,90485906374500811733255
4,33,68,96,14098162608132808333184
4,33,68,97,2096664611088117605245
4,33,68,98,297642736382684174530
4,33,68,99,40328663094988907163
4,33,68,100,5213882093823892248
4,33,68,101,642868610221781797
4,33,68,102,75538555315857590
4,33,68,103,8449506517449880
4,33,68,104,898401832073688
4,33,68,105,90615453252074
4,33,68,106,8646564372006
4,33,68,107,777311949823
4,33,68,108,65394299830
4,33,68,109,5096740584
4,33,68,110,361047984
4,33,68,111,22716169
4,33,68,112,1205888
4,33,68,113,51771
4,33,68,114,1520
4,33,68,115,17
4,33,68,116,0
4,33,68,117,0
4,33,68,118,0
4,33,68,119,0
4,33,68,120,0
4,33,68,121,0
4,33,68,122,0
4,33,68,123,0
4,33,68,124,0
4,33,68,125,0
4,33,68,126,0
4,33,68,127,0
4,33,68,128,0
4,33,68,129,0
4,33,68,130,0
4,33,68,131,0
4,33,68,132,0
4,33,68,133,0
4,33,68,134,0
4,33,68,135,0
4,33,68,136,0
4,33,68,137,0
4,33,68,138,0
4,33,68,139,0
4,33,68,140,0
4,33,68,141,0
4,33,68,142,0
4,33,68,143,0
4,33,68,144,0
4,33,68,145,0
4,33,68,146,0
4,33,68,147,0
4,33,68,148,0
4,33,68,149,0
4,33,68,150,0
4,33,68,151,0
4,33,68,152,0
4,33,68,153,0
4,33,68,154,0
4,33,68,155,0
4,33,68,156,0
4,33,68,157,0
4,33,68,158,0
4,33,68,159,0
4,33,68,160,0
4,33,68,161,0
4,33,68,162,0
4,33,68,163,0
4,33,68,164,0
4,33,68,165,0
4,33,68,166,0
4,33,68,167,0
4,33,68,168,0
4,33,68,169,0
4,33,68,170,0
4,33,68,171,0
4,33,68,172,0
4,33,68,173,0
4,33,68,174,0
4,33,68,175,0
4,33,68,176,0
4,33,68,177,0
4,33,68,178,0
4,33,68,179,0
4,33,68,180,0
4,33,68,181,0
4,33,68,182,0
4,33,68,183,0
4,33,68,184,0
4,33,68,185,0
4,33,68,186,0
4,33,68,187,0
4,33,68,188,0
4,33,68,189,0
4,33,68,190,0
4,33,68,191,0
4,33,68,192,0
4,33,68,193,0
4,33,68,194,0
4,33,68,195,0
4,33,68,196,0
4,33,68,197,0
4,33,68,198,0
4,33,68,199,0
4,33,68,200,0
4,33,68,201,0
4,33,68,202,0
4,33,68,203,0
4,33,68,204,0
4,33,68,205,0
4,33,68,206,0
4,33,68,207,0
4,33,68,208,0
4,33,68,209,0
4,33,68,210,0
4,33,68,211,0
4,33,68,212,0
4,33,68,213,0
4,33,68,214,0
4,33,68,215,0
4,33,68,216,0
4,33,68,217,0
4,33,68,218,0
4,33,68,219,0
4,33,68,220,0
4,33,68,221,0
4,33,68,222,0
4,33,68,223,0
4,33,68,224,0
4,33,68,225,0
4,33,68,226,0
4,33,68,227,0
4,33,69,0,0
4,33,69,1,0
4,33,69,2,0
4,33,69,3,0
4,33,69,4,0
4,33,69,5,0
4,33,69,6,0
4,33,69,7,66
4,33,69,8,2628
4,33,69,9,49584
4,33,69,10,909926
4,33,69,11,13985420
4,33,69,12,195259066
4,33,69,13,2511692936
4,33,69,14,29993536806
4,33,69,15,336276052574
4,33,69,16,3555810749916
4,33,69,17,35637831265186
4,33,69,18,339652481873382
4,33,69,19,3086483814478498
4,33,69,20,26797428381395768
4,33,69,21,222644956810405598
4,33,69,22,1772388119401681308
4,33,69,23,13531100896629666738
4,33,69,24,99135322958507996518
4,33,69,25,697336433017799797588
4,33,69,26,4710749135778899666230
4,33,69,27,30564197152169027749040
4,33,69,28,190452723024753459787912
4,33,69,29,1139537021379880337215008
4,33,69,30,6544820256521403038263920
4,33,69,31,36066616844974512521042238
4,33,69,32,190596564059528098529283854
4,33,69,33,965266065426221536451747940
4,33,69,34,4681465061109005708973085796
4,33,69,35,21725173553694548518650415428
4,33,69,36,96383399862792821033495111180
4,33,69,37,408394490510660069305302434406
4,33,69,38,1651015744239922642110564613400
4,33,69,39,6361346237881120700822092162270
4,33,69,40,23333924434207189725291060351020
4,33,69,41,81389393055682308883908692818050
4,33,69,42,269637183986374594080202552296678
4,33,69,43,847441044486819941647214111689090
4,33,69,44,2523730333130226672466340761786076
4,33,69,45,7113311752555794470996085965168106
4,33,69,46,18953938231246111295327156194225714
4,33,69,47,47692153886801753450345699153201052
4,33,69,48,113203505560910991267251418317763784
4,33,69,49,253230037820533350812027124330075818
4,33,69,50,533369518191954497601232026458021834
4,33,69,51,1056961339994502282824438992871746188
4,33,69,52,1969335529125626233119043472301090938
4,33,69,53,3448092097116547745418049004399101686
4,33,69,54,5671094540085497174190811486299132372
4,33,69,55,8759488012546374309047725956968087222
4,33,69,56,12705012824416808769538471999165428644
4,33,69,57,17305412902594178758552756512181059368
4,33,69,58,22140517908663494598848595795972255972
4,33,69,59,26615772182127473360187132429592478502
4,33,69,60,30076984995777391332649413433627693530
4,33,69,61,31968068441711083514803097829475922372
4,33,69,62,31978971216356073436974974015464631716
4,33,69,63,30129031738005645978401428632413685806
4,33,69,64,26754929655588735856724156019918617296
4,33,69,65,22410737977643305923620126761813973084
4,33,69,66,17720690472603978707511935239589511586
4,33,69,67,13237667820961995751514696247637776402
4,33,69,68,9349163090139228618015494035511974570
4,33,69,69,6247026494310474088612974775851892550
4,33,69,70,3951874457627318764977787341823494046
4,33,69,71,2368262101836343956464921576009100586
4,33,69,72,1345229932591769938604461823185696924
4,33,69,73,724637773924380554796188528068663770
4,33,69,74,370334598142261673893812667693597820
4,33,69,75,179631018584716271175425209837639456
4,33,69,76,82722059363152858196792542421347434
4,33,69,77,36176724619091760293479495106370648
4,33,69,78,15027877442666064351459111048755830
4,33,69,79,5930609588668605995380728612200874
4,33,69,80,2223773080792651323342093208713002
4,33,69,81,792344945609149694603880697396980
4,33,69,82,268290585440774319450135210480704
4,33,69,83,86336542909333557510714365896174
4,33,69,84,26406688227571428472497443608874
4,33,69,85,7677179480465799809931240276988
4,33,69,86,2121816418892692481181264889656
4,33,69,87,557568379776284835204175686512
4,33,69,88,139334310069515649237674852886
4,33,69,89,33120330008944533204797011076
4,33,69,90,7490950735488750052387412358
4,33,69,91,1612628366231932834413927742
4,33,69,92,330561757579112853381585406
4,33,69,93,64545888273342282409020448
4,33,69,94,12010536855240173709770856
4,33,69,95,2130636704772625661057268
4,33,69,96,360471339966492306600588
4,33,69,97,58181378702494119336398
4,33,69,98,8960934982397994052104
4,33,69,99,1317161923259150426040
4,33,69,100,184776846264133319582
4,33,69,101,24735354371736453984
4,33,69,102,3158714344265583186
4,33,69,103,384579124784518118
4,33,69,104,44605291232134916
4,33,69,105,4922688812545796
4,33,69,106,516106753791544
4,33,69,107,51292201491526
4,33,69,108,4817153049536
4,33,69,109,425549500610
4,33,69,110,35093616886
4,33,69,111,2669675844
4,33,69,112,183285810
4,33,69,113,11115584
4,33,69,114,558224
4,33,69,115,21612
4,33,69,116,640
4,33,69,117,0
4,33,69,118,0
4,33,69,119,0
4,33,69,120,0
4,33,69,121,0
4,33,69,122,0
4,33,69,123,0
4,33,69,124,0
4,33,69,125,0
4,33,69,126,0
4,33,69,127,0
4,33,69,128,0
4,33,69,129,0
4,33,69,130,0
4,33,69,131,0
4,33,69,132,0
4,33,69,133,0
4,33,69,134,0
4,33,69,135,0
4,33,69,136,0
4,33,69,137,0
4,33,69,138,0
4,33,69,139,0
4,33,69,140,0
4,33,69,141,0
4,33,69,142,0
4,33,69,143,0
4,33,69,144,0
4,33,69,145,0
4,33,69,146,0
4,33,69,147,0
4,33,69,148,0
4,33,69,149,0
4,33,69,150,0
4,33,69,151,0
4,33,69,152,0
4,33,69,153,0
4,33,69,154,0
4,33,69,155,0
4,33,69,156,0
4,33,69,157,0
4,33,69,158,0
4,33,69,159,0
4,33,69,160,0
4,33,69,161,0
4,33,69,162,0
4,33,69,163,0
4,33,69,164,0
4,33,69,165,0
4,33,69,166,0
4,33,69,167,0
4,33,69,168,0
4,33,69,169,0
4,33,69,170,0
4,33,69,171,0
4,33,69,172,0
4,33,69,173,0
4,33,69,174,0
4,33,69,175,0
4,33,69,176,0
4,33,69,177,0
4,33,69,178,0
4,33,69,179,0
4,33,69,180,0
4,33,69,181,0
4,33,69,182,0
4,33,69,183,0
4,33,69,184,0
4,33,69,185,0
4,33,69,186,0
4,33,69,187,0
4,33,69,188,0
4,33,69,189,0
4,33,69,190,0
4,33,69,191,0
4,33,69,192,0
4,33,69,193,0
4,33,69,194,0
4,33,69,195,0
4,33,69,196,0
4,33,69,197,0
4,33,69,198,0
4,33,69,199,0
4,33,69,200,0
4,33,69,201,0
4,33,69,202,0
4,33,69,203,0
4,33,69,204,0
4,33,69,205,0
4,33,69,206,0
4,33,69,207,0
4,33,69,208,0
4,33,69,209,0
4,33,69,210,0
4,33,69,211,0
4,33,69,212,0
4,33,69,213,0
4,33,69,214,0
4,33,69,215,0
4,33,69,216,0
4,33,69,217,0
4,33,69,218,0
4,33,69,219,0
4,33,69,220,0
4,33,69,221,0
4,33,69,222,0
4,33,69,223,0
4,33,69,224,0
4,33,69,225,0
4,33,69,226,0
4,33,69,227,0
4,33,70,0,0
4,33,70,1,0
4,33,70,2,0
4,33,70,3,0
4,33,70,4,0
4,33,70,5,0
4,33,70,6,0
4,33,70,7,0
4,33,70,8,0
4,33,70,9,0
4,33,70,10,1056
4,33,70,11,34342
4,33,70,12,695512
4,33,70,13,12260660
4,33,70,14,184653500
4,33,70,15,2516928016
4,33,70,16,31431253930
4,33,70,17,364522898582
4,33,70,18,3960046134034
4,33,70,19,40543045153214
4,33,70,20,393030509148064
4,33,70,21,3620226390494666
4,33,70,22,31770552555063792
4,33,70,23,266192591934263996
4,33,70,24,2132781984008082694
4,33,70,25,16360842629687482627
4,33,70,26,120272405647923919901
4,33,70,27,847822612971898644680
4,33,70,28,5733262772313952503740
4,33,70,29,37200621583332686950622
4,33,70,30,231615731122224743766208
4,33,70,31,1383584653772673858033782
4,33,70,32,7927793910924644018951995
4,33,70,33,43555323733728168400193739
4,33,70,34,229326769830551705125179745
4,33,70,35,1156454317935424982746152896
4,33,70,36,5581556384054132169203577816
4,33,70,37,25762576353888752050399699660
4,33,70,38,113618599777984870918719082142
4,33,70,39,478325611041653807737317485844
4,33,70,40,1920315784720146535427435758758
4,33,70,41,7344026282140734792262604382641
4,33,70,42,26725594942733923939316334718499
4,33,70,43,92439372239698264311019394690598
4,33,70,44,303541796535361510586379791606224
4,33,70,45,945155053794109092344353160801121
4,33,70,46,2787423136585844123725396349150491
4,33,70,47,7777089829966533517730431420220126
4,33,70,48,20504907734033309997825105076873822
4,33,70,49,51033653122852438166811494332610002
4,33,70,50,119776499207409237173182655461411314
4,33,70,51,264846363717780953282232671514623657
4,33,70,52,551258758893888443176672377562602906
4,33,70,53,1079281676825600843557362089064823094
4,33,70,54,1986387214509591520508521529489266030
4,33,70,55,3435052571872139151206747871943091327
4,33,70,56,5579514593432501573390081038364490105
4,33,70,57,8510817484535546935993847708717473251
4,33,70,58,12191074455184839763032883729576753953
4,33,70,59,16400495755020017644971517963652771840
4,33,70,60,20726493138706484170719351760198767211
4,33,70,61,24615810297072103714124561525326086903
4,33,70,62,27487604265139637321039021752582178785
4,33,70,63,28876906290437533376265236404696091246
4,33,70,64,28559139442525962434256668508320500979
4,33,70,65,26609346772964041896980351885712964401
4,33,70,66,23374782284053686143196967450430161275
4,33,70,67,19374134152516143608582281097483693440
4,33,70,68,15163362459956686440380977273067333420
4,33,70,69,11214960888286553605478114862827736415
4,33,70,70,7844177118766163469758418078035794833
4,33,70,71,5192134069887866027526240096303246712
4,33,70,72,3254424771825327317485796661127055303
4,33,70,73,1932813828617046814960980156639493233
4,33,70,74,1088242257474305025845013372734950517
4,33,70,75,581148040166789291695917602181251954
4,33,70,76,294477770372170113466103723425051367
4,33,70,77,141636433284924473308903525608012892
4,33,70,78,64681555089068053266670746243596110
4,33,70,79,28052447733163454106673054133015666
4,33,70,80,11556474493774275770233103932629325
4,33,70,81,4522765064365811556401666453940039
4,33,70,82,1681706243231094540940032406042899
4,33,70,83,594147953988802083668855847213713
4,33,70,84,199462098221901453022913781519950
4,33,70,85,63630807370907208602555312574864
4,33,70,86,19290260364462816675918112294710
4,33,70,87,5557795088086538002509519626931
4,33,70,88,1521962976042689197586670686401
4,33,70,89,396190410729539146406882505262
4,33,70,90,98058417707130816838316782206
4,33,70,91,23080927379771316072891373512
4,33,70,92,5168200283775524156133258929
4,33,70,93,1101273533684738565883954327
4,33,70,94,223403757839153288728310339
4,33,70,95,43162440252293755963491800
4,33,70,96,7945584625564441945393897
4,33,70,97,1394210581318082376777226
4,33,70,98,233279349800077440032962
4,33,70,99,37231176682594113832481
4,33,70,100,5669189788270154715299
4,33,70,101,823708741380218929857
4,33,70,102,114198826986227096733
4,33,70,103,15104673246230142797
4,33,70,104,1905303447821347259
4,33,70,105,229064231375052418
4,33,70,106,26224047565299692
4,33,70,107,2855230462109586
4,33,70,108,295139666561921
4,33,70,109,28894843771579
4,33,70,110,2670105298711
4,33,70,111,231677749268
4,33,70,112,18701046741
4,33,70,113,1387738229
4,33,70,114,92246209
4,33,70,115,5321562
4,33,70,116,258778
4,33,70,117,8688
4,33,70,118,224
4,33,70,119,0
4,33,70,120,0
4,33,70,121,0
4,33,70,122,0
4,33,70,123,0
4,33,70,124,0
4,33,70,125,0
4,33,70,126,0
4,33,70,127,0
4,33,70,128,0
4,33,70,129,0
4,33,70,130,0
4,33,70,131,0
4,33,70,132,0
4,33,70,133,0
4,33,70,134,0
4,33,70,135,0
4,33,70,136,0
4,33,70,137,0
4,33,70,138,0
4,33,70,139,0
4,33,70,140,0
4,33,70,141,0
4,33,70,142,0
4,33,70,143,0
4,33,70,144,0
4,33,70,145,0
4,33,70,146,0
4,33,70,147,0
4,33,70,148,0
4,33,70,149,0
4,33,70,150,0
4,33,70,151,0
4,33,70,152,0
4,33,70,153,0
4,33,70,154,0
4,33,70,155,0
4,33,70,156,0
4,33,70,157,0
4,33,70,158,0
4,33,70,159,0
4,33,70,160,0
4,33,70,161,0
4,33,70,162,0
4,33,70,163,0
4,33,70,164,0
4,33,70,165,0
4,33,70,166,0
4,33,70,167,0
4,33,70,168,0
4,33,70,169,0
4,33,70,170,0
4,33,70,171,0
4,33,70,172,0
4,33,70,173,0
4,33,70,174,0
4,33,70,175,0
4,33,70,176,0
4,33,70,177,0
4,33,70,178,0
4,33,70,179,0
4,33,70,180,0
4,33,70,181,0
4,33,70,182,0
4,33,70,183,0
4,33,70,184,0
4,33,70,185,0
4,33,70,186,0
4,33,70,187,0
4,33,70,188,0
4,33,70,189,0
4,33,70,190,0
4,33,70,191,0
4,33,70,192,0
4,33,70,193,0
4,33,70,194,0
4,33,70,195,0
4,33,70,196,0
4,33,70,197,0
4,33,70,198,0
4,33,70,199,0
4,33,70,200,0
4,33,70,201,0
4,33,70,202,0
4,33,70,203,0
4,33,70,204,0
4,33,70,205,0
4,33,70,206,0
4,33,70,207,0
4,33,70,208,0
4,33,70,209,0
4,33,70,210,0
4,33,70,211,0
4,33,70,212,0
4,33,70,213,0
4,33,70,214,0
4,33,70,215,0
4,33,70,216,0
4,33,70,217,0
4,33,70,218,0
4,33,70,219,0
4,33,70,220,0
4,33,70,221,0
4,33,70,222,0
4,33,70,223,0
4,33,70,224,0
4,33,70,225,0
4,33,70,226,0
4,33,70,227,0
4,33,71,0,0
4,33,71,1,0
4,33,71,2,0
4,33,71,3,0
4,33,71,4,0
4,33,71,5,0
4,33,71,6,0
4,33,71,7,0
4,33,71,8,0
4,33,71,9,0
4,33,71,10,0
4,33,71,11,0
4,33,71,12,0
4,33,71,13,10912
4,33,71,14,339508
4,33,71,15,7196970
4,33,71,16,125230946
4,33,71,17,1876324026
4,33,71,18,25218829350
4,33,71,19,309555928162
4,33,71,20,3518908935360
4,33,71,21,37378468830502
4,33,71,22,373480291859954
4,33,71,23,3527532565764908
4,33,71,24,31611083886461902
4,33,71,25,269527667620039504
4,33,71,26,2191321984265851634
4,33,71,27,17016467250040386272
4,33,71,28,126367767855497018204
4,33,71,29,898265902625592177286
4,33,71,30,6115774768052727239884
4,33,71,31,39897769730304119895388
4,33,71,32,249447421041198041466800
4,33,71,33,1494673338934245570388902
4,33,71,34,8581903657248244128817778
4,33,71,35,47202067729908018317328840
4,33,71,36,248594360024090778460739856
4,33,71,37,1252954811198645192463727070
4,33,71,38,6039591526090566637355424242
4,33,71,39,27821439118206667407265858370
4,33,71,40,122372969511956888088897516718
4,33,71,41,513482820988452484508959551262
4,33,71,42,2053395289320964331288753375002
4,33,71,43,7817588342554494570148872352836
4,33,71,44,28304427868724405676193285707166
4,33,71,45,97348746425229155997629358508702
4,33,71,46,317690516083892763909848697409730
4,33,71,47,982596981673378709700786256350004
4,33,71,48,2877033377679618131634868260750422
4,33,71,49,7965653259821651366112767207178638
4,33,71,50,20831847798284723579812579854154290
4,33,71,51,51405297277426040238546892438138076
4,33,71,52,119573060890215089280702704368520176
4,33,71,53,261945507197414972122175386796159024
4,33,71,54,539994727387991874089189545060321978
4,33,71,55,1046807033055766091383130907440824244
4,33,71,56,1907193117277216304625169143025574310
4,33,71,57,3264268029913386597535555658133855422
4,33,71,58,5247055572457037623859033233510375788
4,33,71,59,7920000944868594177886181630660100512
4,33,71,60,11225895225880947401226315835573501100
4,33,71,61,14944208059201956615634168203570368366
4,33,71,62,18690056810950594532129472928366799000
4,33,71,63,21969377650682118949544749058784231600
4,33,71,64,24284258488764703917938153513747701954
4,33,71,65,25258134242503254515735796720079231536
4,33,71,66,24736972030828278676042638910126553284
4,33,71,67,22828718529742858450340965411382886008
4,33,71,68,19867349094511378026853396437913755422
4,33,71,69,16317746251208510158290754866145299780
4,33,71,70,12658386108834213950373756849982195756
4,33,71,71,9281576075462428427848364690318652764
4,33,71,72,6437297623055742557525429018899259122
4,33,71,73,4225895149393421990401738225132410042
4,33,71,74,2627483704915595270053697390885752160
4,33,71,75,1548160579612144566033699295303098252
4,33,71,76,864906014127306475402857198031987530
4,33,71,77,458346417894809388254439535685462846
4,33,71,78,230493311815479393033871991782746704
4,33,71,79,110027875950240314655205809915386676
4,33,71,80,49870204878162147829674089065886092
4,33,71,81,21466588286610189793177099206419332
4,33,71,82,8776781545155853877879840886318128
4,33,71,83,3408828861562082360710409524641992
4,33,71,84,1257777432168893845952630671849676
4,33,71,85,440910066572411030349127414647344
4,33,71,86,146843716701016467821725850019504
4,33,71,87,46465350791250095277554436122288
4,33,71,88,13969613928735946083668972587440
4,33,71,89,3990644198242352809867927121354
4,33,71,90,1083283109509340750724821657678
4,33,71,91,279471835073853760276985710168
4,33,71,92,68534874321412720391071996856
4,33,71,93,15979709026063297580178627576
4,33,71,94,3543576133297992021948137640
4,33,71,95,747628305150627445407504036
4,33,71,96,150132530504657675789548824
4,33,71,97,28707453126007127269117654
4,33,71,98,5229184926096243364869466
4,33,71,99,907767716322228775654412
4,33,71,100,150238644248456952633310
4,33,71,101,23713289945260868927320
4,33,71,102,3570291746038226376244
4,33,71,103,512821456648453587516
4,33,71,104,70269467188963805232
4,33,71,105,9183703425508283024
4,33,71,106,1144305328728858314
4,33,71,107,135847077493083824
4,33,71,108,15350329572041832
4,33,71,109,1648719870674632
4,33,71,110,168003768971854
4,33,71,111,16199719141334
4,33,71,112,1472217847792
4,33,71,113,125381194536
4,33,71,114,9902749872
4,33,71,115,713938866
4,33,71,116,46016400
4,33,71,117,2522006
4,33,71,118,114600
4,33,71,119,3636
4,33,71,120,64
4,33,71,121,0
4,33,71,122,0
4,33,71,123,0
4,33,71,124,0
4,33,71,125,0
4,33,71,126,0
4,33,71,127,0
4,33,71,128,0
4,33,71,129,0
4,33,71,130,0
4,33,71,131,0
4,33,71,132,0
4,33,71,133,0
4,33,71,134,0
4,33,71,135,0
4,33,71,136,0
4,33,71,137,0
4,33,71,138,0
4,33,71,139,0
4,33,71,140,0
4,33,71,141,0
4,33,71,142,0
4,33,71,143,0
4,33,71,144,0
4,33,71,145,0
4,33,71,146,0
4,33,71,147,0
4,33,71,148,0
4,33,71,149,0
4,33,71,150,0
4,33,71,151,0
4,33,71,152,0
4,33,71,153,0
4,33,71,154,0
4,33,71,155,0
4,33,71,156,0
4,33,71,157,0
4,33,71,158,0
4,33,71,159,0
4,33,71,160,0
4,33,71,161,0
4,33,71,162,0
4,33,71,163,0
4,33,71,164,0
4,33,71,165,0
4,33,71,166,0
4,33,71,167,0
4,33,71,168,0
4,33,71,169,0
4,33,71,170,0
4,33,71,171,0
4,33,71,172,0
4,33,71,173,0
4,33,71,174,0
4,33,71,175,0
4,33,71,176,0
4,33,71,177,0
4,33,71,178,0
4,33,71,179,0
4,33,71,180,0
4,33,71,181,0
4,33,71,182,0
4,33,71,183,0
4,33,71,184,0
4,33,71,185,0
4,33,71,186,0
4,33,71,187,0
4,33,71,188,0
4,33,71,189,0
4,33,71,190,0
4,33,71,191,0
4,33,71,192,0
4,33,71,193,0
4,33,71,194,0
4,33,71,195,0
4,33,71,196,0
4,33,71,197,0
4,33,71,198,0
4,33,71,199,0
4,33,71,200,0
4,33,71,201,0
4,33,71,202,0
4,33,71,203,0
4,33,71,204,0
4,33,71,205,0
4,33,71,206,0
4,33,71,207,0
4,33,71,208,0
4,33,71,209,0
4,33,71,210,0
4,33,71,211,0
4,33,71,212,0
4,33,71,213,0
4,33,71,214,0
4,33,71,215,0
4,33,71,216,0
4,33,71,217,0
4,33,71,218,0
4,33,71,219,0
4,33,71,220,0
4,33,71,221,0
4,33,71,222,0
4,33,71,223,0
4,33,71,224,0
4,33,71,225,0
4,33,71,226,0
4,33,71,227,0
4,33,72,0,0
4,33,72,1,0
4,33,72,2,0
4,33,72,3,0
4,33,72,4,0
4,33,72,5,0
4,33,72,6,0
4,33,72,7,0
4,33,72,8,0
4,33,72,9,0
4,33,72,10,0
4,33,72,11,0
4,33,72,12,0
4,33,72,13,0
4,33,72,14,0
4,33,72,15,0
4,33,72,16,81840
4,33,72,17,2635434
4,33,72,18,57850760
4,33,72,19,1013353234
4,33,72,20,15225025306
4,33,72,21,203598922654
4,33,72,22,2476120330056
4,33,72,23,27783384830864
4,33,72,24,290443856747844
4,33,72,25,2848947257722796
4,33,72,26,26358548657098526
4,33,72,27,230934087448450908
4,33,72,28,1921716179466732406
4,33,72,29,15223804320725984586
4,33,72,30,115013544167003568160
4,33,72,31,829727134830820762913
4,33,72,32,5721307943262641032574
4,33,72,33,37732248565245047674197
4,33,72,34,238100836798593647311092
4,33,72,35,1437866435460238398905471
4,33,72,36,8309615445790866187865259
4,33,72,37,45948345094452600804763709
4,33,72,38,243019788245703678884694382
4,33,72,39,1228835534080452798289507726
4,33,72,40,5937056476723833179011363942
4,33,72,41,27388725435843246444010552047
4,33,72,42,120545750382360498661907247758
4,33,72,43,505744394218020382819415232676
4,33,72,44,2020679899820271924461669505802
4,33,72,45,7680917075059942623037963243456
4,33,72,46,27747155593016799024870740688804
4,33,72,47,95156551115951748020642493741119
4,33,72,48,309448644057958745811098623028693
4,33,72,49,953188190287000077413535250419065
4,33,72,50,2777929358616727843340419917051954
4,33,72,51,7651326450455260469588066084415845
4,33,72,52,19895768855072016254582938314942407
4,33,72,53,48792225769325490190528272590454095
4,33,72,54,112743906017443713405827180918834818
4,33,72,55,245251203205349270982873744010696523
4,33,72,56,501847134064157391010914419223528826
4,33,72,57,965363245935110704750068234309637412
4,33,72,58,1744784890964183617569289665151273684
4,33,72,59,2961818328987610665267366846236309446
4,33,72,60,4721042640429144880140074269914745845
4,33,72,61,7065509812032525077877612054624763909
4,33,72,62,9928949012086532982631342000084130320
4,33,72,63,13104121465717163731986779430367505295
4,33,72,64,16248233929499409360983017018705360438
4,33,72,65,18936460707928559048631082880167287686
4,33,72,66,20755403491937876686042603206456160298
4,33,72,67,21408429402979063527322374712566593231
4,33,72,68,20795465323347810178414788739201486094
4,33,72,69,19037514577645128357942697104301155522
4,33,72,70,16437938111885174953260405469851648756
4,33,72,71,13397382794953992773467835150269688084
4,33,72,72,10314864078386516379621247889924580902
4,33,72,73,7507626044187191261388755905376221967
4,33,72,74,5169471991593631122780995256051469128
4,33,72,75,3369636774951530730804077032303508210
4,33,72,76,2080554556155970432019817814900922093
4,33,72,77,1217515506390680769590111220416555310
4,33,72,78,675588786847426663869263908687374174
4,33,72,79,355621584499100096367461351368583443
4,33,72,80,177643204776620485328175527197925552
4,33,72,81,84235127413973070577274238947724392
4,33,72,82,37924922886441170293889610833787774
4,33,72,83,16215139546124000604631637821565074
4,33,72,84,6584702647915068085942160864736052
4,33,72,85,2539839969080138749690771650042341
4,33,72,86,930572703043339542705702553516078
4,33,72,87,323873363059328550451251199495159
4,33,72,88,107073349607119044381673558098220
4,33,72,89,33625414286584605741800475524937
4,33,72,90,10030841982903476245344640748842
4,33,72,91,2842527452621532720968635144170
4,33,72,92,765244288108391558159548531649
4,33,72,93,195738436981027580290186495281
4,33,72,94,47578528070097221116754385668
4,33,72,95,10992869164760094183671033864
4,33,72,96,2414963054177393416582476375
4,33,72,97,504624878282605584963322309
4,33,72,98,100337831055083842896845450
4,33,72,99,18992840174012665154767467
4,33,72,100,3424035393515622031227359
4,33,72,101,588160527795347801780150
4,33,72,102,96300854983968512771664
4,33,72,103,15034131636054078649117
4,33,72,104,2238393524923179195333
4,33,72,105,317868437183946776505
4,33,72,106,43051559133903520980
4,33,72,107,5559800102876663030
4,33,72,108,684321701531680181
4,33,72,109,80218769608267226
4,33,72,110,8946296731079850
4,33,72,111,947805224670958
4,33,72,112,95192191616517
4,33,72,113,9037496488513
4,33,72,114,807494228740
4,33,72,115,67426160805
4,33,72,116,5204621135
4,33,72,117,364502848
4,33,72,118,22612148
4,33,72,119,1180284
4,33,72,120,49988
4,33,72,121,1425
4,33,72,122,16
4,33,72,123,0
4,33,72,124,0
4,33,72,125,0
4,33,72,126,0
4,33,72,127,0
4,33,72,128,0
4,33,72,129,0
4,33,72,130,0
4,33,72,131,0
4,33,72,132,0
4,33,72,133,0
4,33,72,134,0
4,33,72,135,0
4,33,72,136,0
4,33,72,137,0
4,33,72,138,0
4,33,72,139,0
4,33,72,140,0
4,33,72,141,0
4,33,72,142,0
4,33,72,143,0
4,33,72,144,0
4,33,72,145,0
4,33,72,146,0
4,33,72,147,0
4,33,72,148,0
4,33,72,149,0
4,33,72,150,0
4,33,72,151,0
4,33,72,152,0
4,33,72,153,0
4,33,72,154,0
4,33,72,155,0
4,33,72,156,0
4,33,72,157,0
4,33,72,158,0
4,33,72,159,0
4,33,72,160,0
4,33,72,161,0
4,33,72,162,0
4,33,72,163,0
4,33,72,164,0
4,33,72,165,0
4,33,72,166,0
4,33,72,167,0
4,33,72,168,0
4,33,72,169,0
4,33,72,170,0
4,33,72,171,0
4,33,72,172,0
4,33,72,173,0
4,33,72,174,0
4,33,72,175,0
4,33,72,176,0
4,33,72,177,0
4,33,72,178,0
4,33,72,179,0
4,33,72,180,0
4,33,72,181,0
4,33,72,182,0
4,33,72,183,0
4,33,72,184,0
4,33,72,185,0
4,33,72,186,0
4,33,72,187,0
4,33,72,188,0
4,33,72,189,0
4,33,72,190,0
4,33,72,191,0
4,33,72,192,0
4,33,72,193,0
4,33,72,194,0
4,33,72,195,0
4,33,72,196,0
4,33,72,197,0
4,33,72,198,0
4,33,72,199,0
4,33,72,200,0
4,33,72,201,0
4,33,72,202,0
4,33,72,203,0
4,33,72,204,0
4,33,72,205,0
4,33,72,206,0
4,33,72,207,0
4,33,72,208,0
4,33,72,209,0
4,33,72,210,0
4,33,72,211,0
4,33,72,212,0
4,33,72,213,0
4,33,72,214,0
4,33,72,215,0
4,33,72,216,0
4,33,72,217,0
4,33,72,218,0
4,33,72,219,0
4,33,72,220,0
4,33,72,221,0
4,33,72,222,0
4,33,72,223,0
4,33,72,224,0
4,33,72,225,0
4,33,72,226,0
4,33,72,227,0
4,33,73,0,0
4,33,73,1,0
4,33,73,2,0
4,33,73,3,0
4,33,73,4,0
4,33,73,5,0
4,33,73,6,0
4,33,73,7,0
4,33,73,8,0
4,33,73,9,0
4,33,73,10,0
4,33,73,11,0
4,33,73,12,0
4,33,73,13,0
4,33,73,14,0
4,33,73,15,0
4,33,73,16,0
4,33,73,17,0
4,33,73,18,0
4,33,73,19,474672
4,33,73,20,16453560
4,33,73,21,374462624
4,33,73,22,6683393540
4,33,73,23,101349815862
4,33,73,24,1357887836426
4,33,73,25,16459486923632
4,33,73,26,183290117032766
4,33,73,27,1895099881482690
4,33,73,28,18331498470937252
4,33,73,29,166830200772628894
4,33,73,30,1434486117009923334
4,33,73,31,11691141348767837596
4,33,73,32,90535549296380476198
4,33,73,33,667404154516349941246
4,33,73,34,4689944630411152714114
4,33,73,35,31447827084866915886054
4,33,73,36,201351302361050723831286
4,33,73,37,1231512492466428190939634
4,33,73,38,7196526149704314281521002
4,33,73,39,40178925342446548390361918
4,33,73,40,214279089402998686847777754
4,33,73,41,1091224576946341623015268176
4,33,73,42,5303810009498918372002685830
4,33,73,43,24588643830507104068605271898
4,33,73,44,108652676622174868599525657676
4,33,73,45,457247281463380198179109747340
4,33,73,46,1830953678669433129578539181458
4,33,73,47,6969484477577693232810148929292
4,33,73,48,25192965409435054082839541589002
4,33,73,49,86388148993557948801934128899972
4,33,73,50,280708081033444207464535768321908
4,33,73,51,863388296185811063446528907373390
4,33,73,52,2510926795746997272153598118038980
4,33,73,53,6897204225191140922636053530607756
4,33,73,54,17876115378304554870045274064592654
4,33,73,55,43672377016018681784957008046128460
4,33,73,56,100479357142090149913572082869567582
4,33,73,57,217532149487910322665064831521744052
4,33,73,58,442824429948503954373354916342315378
4,33,73,59,847105357611663170828234008121530198
4,33,73,60,1522068669669066572166309489899336696
4,33,73,61,2567891941410320914871934020305711670
4,33,73,62,4067092379812829004129900706110130956
4,33,73,63,6047010066342845549028074858781422430
4,33,73,64,8441036307329724096474708784331474244
4,33,73,65,11065214227298798433117770202460968020
4,33,73,66,13626992783378797969454992513644225634
4,33,73,67,15773700913240101564828932260864453804
4,33,73,68,17171969160922241959584731406371801238
4,33,73,69,17593523310055127915396536627014904996
4,33,73,70,16976569450352592415040275861282890890
4,33,73,71,15439942682201507633543998861467812740
4,33,73,72,13245916916814080964793620455574763714
4,33,73,73,10727560631202312167740835322862352794
4,33,73,74,8208008866715709942364793578919428480
4,33,73,75,5937658984446594659616678938367757714
4,33,73,76,4063858270047779589711261373707001608
4,33,73,77,2633247293502536386670764717341325552
4,33,73,78,1616345085919143858183982058896264538
4,33,73,79,940370227337956143222566699821681586
4,33,73,80,518789282080040194128786057897692970
4,33,73,81,271510557797302313636633648254457450
4,33,73,82,134844576427344277173862567691271566
4,33,73,83,63569736506434952712885975064783810
4,33,73,84,28453092347916746097120337407868344
4,33,73,85,12093088371476637683718363692708234
4,33,73,86,4881094407147286700747507778126792
4,33,73,87,1871082748024807168509872728293908
4,33,73,88,681195807872475126552779064577692
4,33,73,89,235531925610330245184378489210212
4,33,73,90,77342028519092430996655808611790
4,33,73,91,24118909803000086721381253325048
4,33,73,92,7142825640440354827209735981604
4,33,73,93,2008901457887223697691624330996
4,33,73,94,536596332741275537516084816742
4,33,73,95,136139899110880603617036195866
4,33,73,96,32813165835535145788121034944
4,33,73,97,7515235070230821076118087028
4,33,73,98,1636084096200992506087727804
4,33,73,99,338689092134524595257659280
4,33,73,100,66698229753001855660987106
4,33,73,101,12500935824887475325992356
4,33,73,102,2230929611273661056933306
4,33,73,103,379258585459130911237146
4,33,73,104,61441470833784172854228
4,33,73,105,9488604321361015335528
4,33,73,106,1397176193648121843042
4,33,73,107,196175675703024713536
4,33,73,108,26263452323994377150
4,33,73,109,3351616267604565764
4,33,73,110,407504959784296196
4,33,73,111,47167465272399630
4,33,73,112,5191341476181636
4,33,73,113,542431047778154
4,33,73,114,53685933053534
4,33,73,115,5016695882644
4,33,73,116,440407141112
4,33,73,117,36035719562
4,33,73,118,2714188086
4,33,73,119,184075630
4,33,73,120,11009828
4,33,73,121,543060
4,33,73,122,20726
4,33,73,123,600
4,33,73,124,0
4,33,73,125,0
4,33,73,126,0
4,33,73,127,0
4,33,73,128,0
4,33,73,129,0
4,33,73,130,0
4,33,73,131,0
4,33,73,132,0
4,33,73,133,0
4,33,73,134,0
4,33,73,135,0
4,33,73,136,0
4,33,73,137,0
4,33,73,138,0
4,33,73,139,0
4,33,73,140,0
4,33,73,141,0
4,33,73,142,0
4,33,73,143,0
4,33,73,144,0
4,33,73,145,0
4,33,73,146,0
4,33,73,147,0
4,33,73,148,0
4,33,73,149,0
4,33,73,150,0
4,33,73,151,0
4,33,73,152,0
4,33,73,153,0
4,33,73,154,0
4,33,73,155,0
4,33,73,156,0
4,33,73,157,0
4,33,73,158,0
4,33,73,159,0
4,33,73,160,0
4,33,73,161,0
4,33,73,162,0
4,33,73,163,0
4,33,73,164,0
4,33,73,165,0
4,33,73,166,0
4,33,73,167,0
4,33,73,168,0
4,33,73,169,0
4,33,73,170,0
4,33,73,171,0
4,33,73,172,0
4,33,73,173,0
4,33,73,174,0
4,33,73,175,0
4,33,73,176,0
4,33,73,177,0
4,33,73,178,0
4,33,73,179,0
4,33,73,180,0
4,33,73,181,0
4,33,73,182,0
4,33,73,183,0
4,33,73,184,0
4,33,73,185,0
4,33,73,186,0
4,33,73,187,0
4,33,73,188,0
4,33,73,189,0
4,33,73,190,0
4,33,73,191,0
4,33,73,192,0
4,33,73,193,0
4,33,73,194,0
4,33,73,195,0
4,33,73,196,0
4,33,73,197,0
4,33,73,198,0
4,33,73,199,0
4,33,73,200,0
4,33,73,201,0
4,33,73,202,0
4,33,73,203,0
4,33,73,204,0
4,33,73,205,0
4,33,73,206,0
4,33,73,207,0
4,33,73,208,0
4,33,73,209,0
4,33,73,210,0
4,33,73,211,0
4,33,73,212,0
4,33,73,213,0
4,33,73,214,0
4,33,73,215,0
4,33,73,216,0
4,33,73,217,0
4,33,73,218,0
4,33,73,219,0
4,33,73,220,0
4,33,73,221,0
4,33,73,222,0
4,33,73,223,0
4,33,73,224,0
4,33,73,225,0
4,33,73,226,0
4,33,73,227,0
4,33,74,0,0
4,33,74,1,0
4,33,74,2,0
4,33,74,3,0
4,33,74,4,0
4,33,74,5,0
4,33,74,6,0
4,33,74,7,0
4,33,74,8,0
4,33,74,9,0
4,33,74,10,0
4,33,74,11,0
4,33,74,12,0
4,33,74,13,0
4,33,74,14,0
4,33,74,15,0
4,33,74,16,0
4,33,74,17,0
4,33,74,18,0
4,33,74,19,0
4,33,74,20,0
4,33,74,21,0
4,33,74,22,2215136
4,33,74,23,84220118
4,33,74,24,2000744326
4,33,74,25,36672665502
4,33,74,26,564601877414
4,33,74,27,7620497291450
4,33,74,28,92506654430690
4,33,74,29,1026844748991152
4,33,74,30,10542364029453382
4,33,74,31,100931210678311850
4,33,74,32,906540034092493312
4,33,74,33,7673425253303723138
4,33,74,34,61422102791067525514
4,33,74,35,466153309677117413958
4,33,74,36,3360941191923050771220
4,33,74,37,23054788957454401439339
4,33,74,38,150623030757858788145462
4,33,74,39,937920221471826572664070
4,33,74,40,5568966208785735743289163
4,33,74,41,31535588038902500148272921
4,33,74,42,170308554355502924978870055
4,33,74,43,876985659695080998090766693
4,33,74,44,4304375352553410483653464494
4,33,74,45,20126534692741558601031344688
4,33,74,46,89597325569810199043151134212
4,33,74,47,379461557940640606411042179430
4,33,74,48,1527661818144249057001660454745
4,33,74,49,5840909957774910556654401129397
4,33,74,50,21188905694288252125714384394335
4,33,74,51,72857199568695145796152032638089
4,33,74,52,237203193870695626769963513513335
4,33,74,53,730457033860628481312785550638329
4,33,74,54,2125385256628484394811836923260338
4,33,74,55,5837142052378643937403810289066584
4,33,74,56,15116410469397455470133590418063091
4,33,74,57,36878406986326167082427215375702110
4,33,74,58,84681912098857401600685314322779450
4,33,74,59,182878409321649119679310409305566418
4,33,74,60,371185723709502671028449989802998225
4,33,74,61,707673659819019160459216059321017459
4,33,74,62,1266780457360676034046432893986888513
4,33,74,63,2128491183972784126222484465753108545
4,33,74,64,3356485339068080083142318566684725682
4,33,74,65,4967587743995509859783119843435083807
4,33,74,66,6901184120582905431272303580311854692
4,33,74,67,9002202675975579075757490806266148474
4,33,74,68,11030774932300568295221676834270254976
4,33,74,69,12703650312898332431287768191324281843
4,33,74,70,13759090169129082382759396718134663643
4,33,74,71,14024728505816829453886442997544026305
4,33,74,72,13463877752524180193701917822391413987
4,33,74,73,12183103347528176223640169524456236413
4,33,74,74,10399305888388550511897816398287052044
4,33,74,75,8380191991701069212726290597319956392
4,33,74,76,6380322757214266625119395711464025288
4,33,74,77,4592952580881727766090774117721773071
4,33,74,78,3128271960455458077847844676492939476
4,33,74,79,2017252021774520472619649143895466326
4,33,74,80,1232290964572735101574838232103432488
4,33,74,81,713494348016022315522209613252502293
4,33,74,82,391732654584728420919592767126008822
4,33,74,83,204023039887535734732325619545521472
4,33,74,84,100831800001202546975300928115030946
4,33,74,85,47299265465005683035881519980738909
4,33,74,86,21063560801946991118272603802605575
4,33,74,87,8906062202800741902867430677300763
4,33,74,88,3575598712641889858475802136682816
4,33,74,89,1363117331482288483594822894270325
4,33,74,90,493440814289901249097878191836093
4,33,74,91,169604945028931758030285535488269
4,33,74,92,55350500369050661727382538651911
4,33,74,93,17149917147332035987882643871321
4,33,74,94,5044803588119566665120646287177
4,33,74,95,1408853934383707598446722070409
4,33,74,96,373546743052075206138071473671
4,33,74,97,94042699526286398430561662388
4,33,74,98,22484375500820311069582152735
4,33,74,99,5106456199922053057727066147
4,33,74,100,1101999607973197919146426155
4,33,74,101,226066073363576470526798394
4,33,74,102,44103494364729011916131711
4,33,74,103,8186514140481005057133911
4,33,74,104,1446506059904139389539714
4,33,74,105,243407205371290802195878
4,33,74,106,39022276213153147869986
4,33,74,107,5962064660364338669528
4,33,74,108,868314396601813125096
4,33,74,109,120554812530480053334
4,33,74,110,15954245573866189480
4,33,74,111,2011959970634620688
4,33,74,112,241641294486085461
4,33,74,113,27615601787188404
4,33,74,114,2999328185615941
4,33,74,115,309041951995425
4,33,74,116,30133877114401
4,33,74,117,2770541551878
4,33,74,118,238846466127
4,33,74,119,19122489103
4,33,74,120,1404367315
4,33,74,121,92158923
4,33,74,122,5243797
4,33,74,123,250269
4,33,74,124,8270
4,33,74,125,210
4,33,74,126,0
4,33,74,127,0
4,33,74,128,0
4,33,74,129,0
4,33,74,130,0
4,33,74,131,0
4,33,74,132,0
4,33,74,133,0
4,33,74,134,0
4,33,74,135,0
4,33,74,136,0
4,33,74,137,0
4,33,74,138,0
4,33,74,139,0
4,33,74,140,0
4,33,74,141,0
4,33,74,142,0
4,33,74,143,0
4,33,74,144,0
4,33,74,145,0
4,33,74,146,0
4,33,74,147,0
4,33,74,148,0
4,33,74,149,0
4,33,74,150,0
4,33,74,151,0
4,33,74,152,0
4,33,74,153,0
4,33,74,154,0
4,33,74,155,0
4,33,74,156,0
4,33,74,157,0
4,33,74,158,0
4,33,74,159,0
4,33,74,160,0
4,33,74,161,0
4,33,74,162,0
4,33,74,163,0
4,33,74,164,0
4,33,74,165,0
4,33,74,166,0
4,33,74,167,0
4,33,74,168,0
4,33,74,169,0
4,33,74,170,0
4,33,74,171,0
4,33,74,172,0
4,33,74,173,0
4,33,74,174,0
4,33,74,175,0
4,33,74,176,0
4,33,74,177,0
4,33,74,178,0
4,33,74,179,0
4,33,74,180,0
4,33,74,181,0
4,33,74,182,0
4,33,74,183,0
4,33,74,184,0
4,33,74,185,0
4,33,74,186,0
4,33,74,187,0
4,33,74,188,0
4,33,74,189,0
4,33,74,190,0
4,33,74,191,0
4,33,74,192,0
4,33,74,193,0
4,33,74,194,0
4,33,74,195,0
4,33,74,196,0
4,33,74,197,0
4,33,74,198,0
4,33,74,199,0
4,33,74,200,0
4,33,74,201,0
4,33,74,202,0
4,33,74,203,0
4,33,74,204,0
4,33,74,205,0
4,33,74,206,0
4,33,74,207,0
4,33,74,208,0
4,33,74,209,0
4,33,74,210,0
4,33,74,211,0
4,33,74,212,0
4,33,74,213,0
4,33,74,214,0
4,33,74,215,0
4,33,74,216,0
4,33,74,217,0
4,33,74,218,0
4,33,74,219,0
4,33,74,220,0
4,33,74,221,0
4,33,74,222,0
4,33,74,223,0
4,33,74,224,0
4,33,74,225,0
4,33,74,226,0
4,33,74,227,0
4,33,75,0,0
4,33,75,1,0
4,33,75,2,0
4,33,75,3,0
4,33,75,4,0
4,33,75,5,0
4,33,75,6,0
4,33,75,7,0
4,33,75,8,0
4,33,75,9,0
4,33,75,10,0
4,33,75,11,0
4,33,75,12,0
4,33,75,13,0
4,33,75,14,0
4,33,75,15,0
4,33,75,16,0
4,33,75,17,0
4,33,75,18,0
4,33,75,19,0
4,33,75,20,0
4,33,75,21,0
4,33,75,22,0
4,33,75,23,0
4,33,75,24,0
4,33,75,25,8544096
4,33,75,26,359229612
4,33,75,27,8979864980
4,33,75,28,170056746532
4,33,75,29,2671972779164
4,33,75,30,36496445713294
4,33,75,31,445489003516122
4,33,75,32,4947251360640280
4,33,75,33,50602793029107288
4,33,75,34,480942060945242126
4,33,75,35,4274977539144904960
4,33,75,36,35711518807139163872
4,33,75,37,281394387695506408598
4,33,75,38,2097347515730899802384
4,33,75,39,14818072753860860444814
4,33,75,40,99394594451362504827546
4,33,75,41,633689299825675217514022
4,33,75,42,3842979522314378917399070
4,33,75,43,22178967857147327598482380
4,33,75,44,121839281080346651176539318
4,33,75,45,637089959599691790379856878
4,33,75,46,3170245823339604308638371466
4,33,75,47,15007311731829524611920677228
4,33,75,48,67547174727811730835823456422
4,33,75,49,288887423650648533920767301154
4,33,75,50,1173125764771125625781430994484
4,33,75,51,4519543550809926710774956509126
4,33,75,52,16503952972160484005461218032870
4,33,75,53,57070445091724609047456865944206
4,33,75,54,186696173211956191412127640443786
4,33,75,55,577196084791874166056991342695720
4,33,75,56,1684758073223514420513262022803128
4,33,75,57,4638178924214564605620801284365462
4,33,75,58,12031999853180884830119819949186266
4,33,75,59,29384347591421880840058194339076764
4,33,75,60,67502624641397986091467859905591200
4,33,75,61,145756784039714177374737889004121342
4,33,75,62,295640262976796348512988351899764310
4,33,75,63,562990277881164992318824379808039136
4,33,75,64,1006177844661080413705766595353804144
4,33,75,65,1687257918985300358427879532967048840
4,33,75,66,2654495836602587071085541369276761928
4,33,75,67,3918342952095595504793036777356469150
4,33,75,68,5427900450868312763458930525165424150
4,33,75,69,7058606265895369998995284588712056026
4,33,75,70,8621166739784207368302713286672073636
4,33,75,71,9895141622329861863759756112675837806
4,33,75,72,10680067343253490052790063213034887056
4,33,75,73,10847719882715458823996955128338618264
4,33,75,74,10376532443073653991721691448537168192
4,33,75,75,9355429700460454057552873637217289488
4,33,75,76,7956548367850797275587060860747268750
4,33,75,77,6388264877687303870717593233944973914
4,33,75,78,4845913551829473987838591479334941094
4,33,75,79,3475556114224440005650371933891174468
4,33,75,80,2358466710975833489353994697951618342
4,33,75,81,1515196241166196847267877266052878092
4,33,75,82,922129357965725122150084380409691782
4,33,75,83,531887907444913709683781971694033796
4,33,75,84,290901039850166368034061454896827696
4,33,75,85,150913629733660140580633920303058766
4,33,75,86,74284885351402874646896924511358240
4,33,75,87,34702623312194413291276793845212570
4,33,75,88,15388157401594211136460081289990392
4,33,75,89,6477679506057339763169732049044226
4,33,75,90,2588706920665090912498492581518172
4,33,75,91,982151001039615758077882385990678
4,33,75,92,353744990933777995713054133115342
4,33,75,93,120946111164372076679399645979708
4,33,75,94,39250926047947180653422003308522
4,33,75,95,12090143172388339765779708586198
4,33,75,96,3534362063744869790152948262048
4,33,75,97,980568448542275248489424200990
4,33,75,98,258192248205044123022587147118
4,33,75,99,64527718734721157257212379120
4,33,75,100,15309459077437465008504646622
4,33,75,101,3448991344621819546875605858
4,33,75,102,738051398764457234124755854
4,33,75,103,150078398232423968961725580
4,33,75,104,29012535764264713195695894
4,33,75,105,5334599746801359229246260
4,33,75,106,933428616101684667112946
4,33,75,107,155498635078113633710648
4,33,75,108,24672693384931600542778
4,33,75,109,3729850056531579179172
4,33,75,110,537328966359182735024
4,33,75,111,73771397827519627272
4,33,75,112,9651183060227345220
4,33,75,113,1202729399128876718
4,33,75,114,142686569057776426
4,33,75,115,16099602329490658
4,33,75,116,1725322201129274
4,33,75,117,175273200884236
4,33,75,118,16833343489510
4,33,75,119,1521958663042
4,33,75,120,128752545964
4,33,75,121,10081464256
4,33,75,122,719191614
4,33,75,123,45718242
4,33,75,124,2471110
4,33,75,125,110386
4,33,75,126,3426
4,33,75,127,60
4,33,75,128,0
4,33,75,129,0
4,33,75,130,0
4,33,75,131,0
4,33,75,132,0
4,33,75,133,0
4,33,75,134,0
4,33,75,135,0
4,33,75,136,0
4,33,75,137,0
4,33,75,138,0
4,33,75,139,0
4,33,75,140,0
4,33,75,141,0
4,33,75,142,0
4,33,75,143,0
4,33,75,144,0
4,33,75,145,0
4,33,75,146,0
4,33,75,147,0
4,33,75,148,0
4,33,75,149,0
4,33,75,150,0
4,33,75,151,0
4,33,75,152,0
4,33,75,153,0
4,33,75,154,0
4,33,75,155,0
4,33,75,156,0
4,33,75,157,0
4,33,75,158,0
4,33,75,159,0
4,33,75,160,0
4,33,75,161,0
4,33,75,162,0
4,33,75,163,0
4,33,75,164,0
4,33,75,165,0
4,33,75,166,0
4,33,75,167,0
4,33,75,168,0
4,33,75,169,0
4,33,75,170,0
4,33,75,171,0
4,33,75,172,0
4,33,75,173,0
4,33,75,174,0
4,33,75,175,0
4,33,75,176,0
4,33,75,177,0
4,33,75,178,0
4,33,75,179,0
4,33,75,180,0
4,33,75,181,0
4,33,75,182,0
4,33,75,183,0
4,33,75,184,0
4,33,75,185,0
4,33,75,186,0
4,33,75,187,0
4,33,75,188,0
4,33,75,189,0
4,33,75,190,0
4,33,75,191,0
4,33,75,192,0
4,33,75,193,0
4,33,75,194,0
4,33,75,195,0
4,33,75,196,0
4,33,75,197,0
4,33,75,198,0
4,33,75,199,0
4,33,75,200,0
4,33,75,201,0
4,33,75,202,0
4,33,75,203,0
4,33,75,204,0
4,33,75,205,0
4,33,75,206,0
4,33,75,207,0
4,33,75,208,0
4,33,75,209,0
4,33,75,210,0
4,33,75,211,0
4,33,75,212,0
4,33,75,213,0
4,33,75,214,0
4,33,75,215,0
4,33,75,216,0
4,33,75,217,0
4,33,75,218,0
4,33,75,219,0
4,33,75,220,0
4,33,75,221,0
4,33,75,222,0
4,33,75,223,0
4,33,75,224,0
4,33,75,225,0
4,33,75,226,0
4,33,75,227,0
4,33,76,0,0
4,33,76,1,0
4,33,76,2,0
4,33,76,3,0
4,33,76,4,0
4,33,76,5,0
4,33,76,6,0
4,33,76,7,0
4,33,76,8,0
4,33,76,9,0
4,33,76,10,0
4,33,76,11,0
4,33,76,12,0
4,33,76,13,0
4,33,76,14,0
4,33,76,15,0
4,33,76,16,0
4,33,76,17,0
4,33,76,18,0
4,33,76,19,0
4,33,76,20,0
4,33,76,21,0
4,33,76,22,0
4,33,76,23,0
4,33,76,24,0
4,33,76,25,0
4,33,76,26,0
4,33,76,27,0
4,33,76,28,27768312
4,33,76,29,1294435938
4,33,76,30,34298590908
4,33,76,31,674590737572
4,33,76,32,10867422782640
4,33,76,33,150818935836724
4,33,76,34,1857707600552538
4,33,76,35,20704968838713426
4,33,76,36,211593226793168172
4,33,76,37,2001578275449587928
4,33,76,38,17648634150050603032
4,33,76,39,145808243102409864894
4,33,76,40,1133181832682257484826
4,33,76,41,8309310147749937901740
4,33,76,42,57618376782305391060166
4,33,76,43,378458954907486524857837
4,33,76,44,2357576866189565814483500
4,33,76,45,13939988902925770885835232
4,33,76,46,78276029699899108563472296
4,33,76,47,417510080978961883855085477
4,33,76,48,2115329917997115149616582722
4,33,76,49,10178340367022827979550182778
4,33,76,50,46494784570744804039441155140
4,33,76,51,201528963606601314403923021545
4,33,76,52,828325300486737128270286249332
4,33,76,53,3226077035481262499725864803490
4,33,76,54,11896071513508577810186739750486
4,33,76,55,41495884414616482757770126646725
4,33,76,56,136797404151412529923089911794840
4,33,76,57,425804365776987149068469391525590
4,33,76,58,1250222527565866161570796519421274
4,33,76,59,3459399746281133468264457417818702
4,33,76,60,9012716407463218458310339032216698
4,33,76,61,22089195162950699328586375507313431
4,33,76,62,50889909144344500373797300403736556
4,33,76,63,110130624930626885953110286444462323
4,33,76,64,223744525549846600991455220778966534
4,33,76,65,426540965640328482993839759750917600
4,33,76,66,762759511479826508382244788985791406
4,33,76,67,1279234056235241179700406476764588361
4,33,76,68,2012006527443340637148290028881511038
4,33,76,69,2968054551617720497853712940434386072
4,33,76,70,4107581465257116791713038564815646366
4,33,76,71,5335061230673922152953855387377619983
4,33,76,72,6506554359128026121364020125047779176
4,33,76,73,7455651555276577350462818546606756664
4,33,76,74,8032374162953608503345857602739474192
4,33,76,75,8142436333571493435378498067170016739
4,33,76,76,7772551114760758764512048122746012578
4,33,76,77,6992424947101466714794007694990480122
4,33,76,78,5933415199046147207608652913638329084
4,33,76,79,4752763658773144408843583714460548666
4,33,76,80,3596598318784655369655136225598857810
4,33,76,81,2573143899810871426758060880845434198
4,33,76,82,1741658225180892736641638747548860310
4,33,76,83,1115998215152597592782761986385437854
4,33,76,84,677349512312333174231807378450088906
4,33,76,85,389608295707764615834292409724914247
4,33,76,86,212469217240699225446518728571827552
4,33,76,87,109893322573120856980060628045649887
4,33,76,88,53923466428595315386811295075840744
4,33,76,89,25107802645836322666372028584937644
4,33,76,90,11095016875606369918902382289266514
4,33,76,91,4653419914398256388922453614854212
4,33,76,92,1852480032125705612447020517585440
4,33,76,93,699942814201967697294303784549042
4,33,76,94,250999553581048759922809763184756
4,33,76,95,85417393753322741025902502487306
4,33,76,96,27582790315253244678622543990234
4,33,76,97,8450936508868088336185393822889
4,33,76,98,2456465381608570584188032853378
4,33,76,99,677385704957542564478569663460
4,33,76,100,177208717834280327614958647984
4,33,76,101,43983779251488214034546123256
4,33,76,102,10359267193400906307802975540
4,33,76,103,2315814899588331404736770214
4,33,76,104,491546214567943158273966022
4,33,76,105,99104128158270401275078151
4,33,76,106,18988600289867408874747004
4,33,76,107,3459310649063226266901303
4,33,76,108,599521274179151236790088
4,33,76,109,98889076815920828202906
4,33,76,110,15531161639585594308982
4,33,76,111,2323344416119487648928
4,33,76,112,331104136830508551858
4,33,76,113,44954733069476963525
4,33,76,114,5814070172720310162
4,33,76,115,715996886394265243
4,33,76,116,83902433290443570
4,33,76,117,9345921696107859
4,33,76,118,988122902460710
4,33,76,119,98950695606446
4,33,76,120,9357012691056
4,33,76,121,831623095254
4,33,76,122,68962322936
4,33,76,123,5274552256
4,33,76,124,365361854
4,33,76,125,22356553
4,33,76,126,1148360
4,33,76,127,48001
4,33,76,128,1330
4,33,76,129,15
4,33,76,130,0
4,33,76,131,0
4,33,76,132,0
4,33,76,133,0
4,33,76,134,0
4,33,76,135,0
4,33,76,136,0
4,33,76,137,0
4,33,76,138,0
4,33,76,139,0
4,33,76,140,0
4,33,76,141,0
4,33,76,142,0
4,33,76,143,0
4,33,76,144,0
4,33,76,145,0
4,33,76,146,0
4,33,76,147,0
4,33,76,148,0
4,33,76,149,0
4,33,76,150,0
4,33,76,151,0
4,33,76,152,0
4,33,76,153,0
4,33,76,154,0
4,33,76,155,0
4,33,76,156,0
4,33,76,157,0
4,33,76,158,0
4,33,76,159,0
4,33,76,160,0
4,33,76,161,0
4,33,76,162,0
4,33,76,163,0
4,33,76,164,0
4,33,76,165,0
4,33,76,166,0
4,33,76,167,0
4,33,76,168,0
4,33,76,169,0
4,33,76,170,0
4,33,76,171,0
4,33,76,172,0
4,33,76,173,0
4,33,76,174,0
4,33,76,175,0
4,33,76,176,0
4,33,76,177,0
4,33,76,178,0
4,33,76,179,0
4,33,76,180,0
4,33,76,181,0
4,33,76,182,0
4,33,76,183,0
4,33,76,184,0
4,33,76,185,0
4,33,76,186,0
4,33,76,187,0
4,33,76,188,0
4,33,76,189,0
4,33,76,190,0
4,33,76,191,0
4,33,76,192,0
4,33,76,193,0
4,33,76,194,0
4,33,76,195,0
4,33,76,196,0
4,33,76,197,0
4,33,76,198,0
4,33,76,199,0
4,33,76,200,0
4,33,76,201,0
4,33,76,202,0
4,33,76,203,0
4,33,76,204,0
4,33,76,205,0
4,33,76,206,0
4,33,76,207,0
4,33,76,208,0
4,33,76,209,0
4,33,76,210,0
4,33,76,211,0
4,33,76,212,0
4,33,76,213,0
4,33,76,214,0
4,33,76,215,0
4,33,76,216,0
4,33,76,217,0
4,33,76,218,0
4,33,76,219,0
4,33,76,220,0
4,33,76,221,0
4,33,76,222,0
4,33,76,223,0
4,33,76,224,0
4,33,76,225,0
4,33,76,226,0
4,33,76,227,0
4,33,77,0,0
4,33,77,1,0
4,33,77,2,0
4,33,77,3,0
4,33,77,4,0
4,33,77,5,0
4,33,77,6,0
4,33,77,7,0
4,33,77,8,0
4,33,77,9,0
4,33,77,10,0
4,33,77,11,0
4,33,77,12,0
4,33,77,13,0
4,33,77,14,0
4,33,77,15,0
4,33,77,16,0
4,33,77,17,0
4,33,77,18,0
4,33,77,19,0
4,33,77,20,0
4,33,77,21,0
4,33,77,22,0
4,33,77,23,0
4,33,77,24,0
4,33,77,25,0
4,33,77,26,0
4,33,77,27,0
4,33,77,28,0
4,33,77,29,0
4,33,77,30,0
4,33,77,31,77134200
4,33,77,32,3985734480
4,33,77,33,112605546312
4,33,77,34,2311231648322
4,33,77,35,38334692821008
4,33,77,36,542509479858964
4,33,77,37,6764745454721152
4,33,77,38,75884226048395554
4,33,77,39,776780362437434708
4,33,77,40,7330144622072521902
4,33,77,41,64245255052983399788
4,33,77,42,525911710662859370978
4,33,77,43,4037985951887140897062
4,33,77,44,29173637395665510150530
4,33,77,45,198811948481474308448314
4,33,77,46,1280275784259570650405022
4,33,77,47,7800812420732451659419354
4,33,77,48,45013177915354101466990950
4,33,77,49,246118056383172928522361992
4,33,77,50,1275461667947480425413764640
4,33,77,51,6265020791232530734073145630
4,33,77,52,29162895989908017758048227172
4,33,77,53,128599173869858715012253078958
4,33,77,54,536942883342580947198502701968
4,33,77,55,2121440971309245798396107447604
4,33,77,56,7925653622675812730467769805778
4,33,77,57,27976682431669537368799004126788
4,33,77,58,93228072034491659813558990312192
4,33,77,59,293024987029715004845541422081276
4,33,77,60,867926272421005326886188924725504
4,33,77,61,2420458129889113661558819541341146
4,33,77,62,6350057414902634726332466420252042
4,33,77,63,15659327489052987066661170466696894
4,33,77,64,36271364584801484998357275606759808
4,33,77,65,78862076346824494294702992678680970
4,33,77,66,160860791298669989282788051914413816
4,33,77,67,307699520672409670976635524283617920
4,33,77,68,551789410154568340950468378061999204
4,33,77,69,927528836404307641597835021459657354
4,33,77,70,1461473381033935783610736912987525140
4,33,77,71,2158887155224886965278636111942627782
4,33,77,72,2990697688959810825360108934862503410
4,33,77,73,3886906413829775947009831743061008848
4,33,77,74,4741997295893606563799382806918157870
4,33,77,75,5434058472652416415116738362554623898
4,33,77,76,5853397870527930268809857385378725852
4,33,77,77,5931344080734144368236812531541690290
4,33,77,78,5658699530306969408732191097162100342
4,33,77,79,5087019924959607864097445401213592698
4,33,77,80,4312787254893982228137113079385959102
4,33,77,81,3451098665810311559028188157304210392
4,33,77,82,2608582806305919089100649464022645872
4,33,77,83,1863905724834108531839833726996151540
4,33,77,84,1259842336168624226576650862061549866
4,33,77,85,806038254850184622432692014917328550
4,33,77,86,488413247469940354924360022326444922
4,33,77,87,280430843777388885293612612496048294
4,33,77,88,152634589441909238008986933613637066
4,33,77,89,78780523990044989984969429090357202
4,33,77,90,38569243464274170311349092874950348
4,33,77,91,17914548431410045509085832690060222
4,33,77,92,7895308205019219779500394542074588
4,33,77,93,3301859699418314489957153678604510
4,33,77,94,1310318307151194594442855074791138
4,33,77,95,493405552708404269934210174441614
4,33,77,96,176279977336730013176880671746286
4,33,77,97,59748080799375005716150882062846
4,33,77,98,19209278541085979558288429269184
4,33,77,99,5857459824961337546241501953744
4,33,77,100,1693841074629406602599818565134
4,33,77,101,464485547943897989277241685522
4,33,77,102,120782664007925539176516123940
4,33,77,103,29785131609342034452904029248
4,33,77,104,6966672952430165566166483614
4,33,77,105,1545939867351613385880289840
4,33,77,106,325576159896011198484444382
4,33,77,107,65101877739137899660087856
4,33,77,108,12366055419777945130962350
4,33,77,109,2232528464699408569306114
4,33,77,110,383286478159183198829824
4,33,77,111,62607879708742748279044
4,33,77,112,9734245592739490620108
4,33,77,113,1441079146518187142820
4,33,77,114,203175408098152263044
4,33,77,115,27281240277651211022
4,33,77,116,3488097708778608410
4,33,77,117,424479881930147088
4,33,77,118,49130168122885470
4,33,77,119,5402223424090002
4,33,77,120,563413739395836
4,33,77,121,55603671908634
4,33,77,122,5175118294580
4,33,77,123,451823610394
4,33,77,124,36702252992
4,33,77,125,2738175544
4,33,77,126,183541552
4,33,77,127,10830856
4,33,77,128,525136
4,33,77,129,19772
4,33,77,130,560
4,33,77,131,0
4,33,77,132,0
4,33,77,133,0
4,33,77,134,0
4,33,77,135,0
4,33,77,136,0
4,33,77,137,0
4,33,77,138,0
4,33,77,139,0
4,33,77,140,0
4,33,77,141,0
4,33,77,142,0
4,33,77,143,0
4,33,77,144,0
4,33,77,145,0
4,33,77,146,0
4,33,77,147,0
4,33,77,148,0
4,33,77,149,0
4,33,77,150,0
4,33,77,151,0
4,33,77,152,0
4,33,77,153,0
4,33,77,154,0
4,33,77,155,0
4,33,77,156,0
4,33,77,157,0
4,33,77,158,0
4,33,77,159,0
4,33,77,160,0
4,33,77,161,0
4,33,77,162,0
4,33,77,163,0
4,33,77,164,0
4,33,77,165,0
4,33,77,166,0
4,33,77,167,0
4,33,77,168,0
4,33,77,169,0
4,33,77,170,0
4,33,77,171,0
4,33,77,172,0
4,33,77,173,0
4,33,77,174,0
4,33,77,175,0
4,33,77,176,0
4,33,77,177,0
4,33,77,178,0
4,33,77,179,0
4,33,77,180,0
4,33,77,181,0
4,33,77,182,0
4,33,77,183,0
4,33,77,184,0
4,33,77,185,0
4,33,77,186,0
4,33,77,187,0
4,33,77,188,0
4,33,77,189,0
4,33,77,190,0
4,33,77,191,0
4,33,77,192,0
4,33,77,193,0
4,33,77,194,0
4,33,77,195,0
4,33,77,196,0
4,33,77,197,0
4,33,77,198,0
4,33,77,199,0
4,33,77,200,0
4,33,77,201,0
4,33,77,202,0
4,33,77,203,0
4,33,77,204,0
4,33,77,205,0
4,33,77,206,0
4,33,77,207,0
4,33,77,208,0
4,33,77,209,0
4,33,77,210,0
4,33,77,211,0
4,33,77,212,0
4,33,77,213,0
4,33,77,214,0
4,33,77,215,0
4,33,77,216,0
4,33,77,217,0
4,33,77,218,0
4,33,77,219,0
4,33,77,220,0
4,33,77,221,0
4,33,77,222,0
4,33,77,223,0
4,33,77,224,0
4,33,77,225,0
4,33,77,226,0
4,33,77,227,0
4,33,78,0,0
4,33,78,1,0
4,33,78,2,0
4,33,78,3,0
4,33,78,4,0
4,33,78,5,0
4,33,78,6,0
4,33,78,7,0
4,33,78,8,0
4,33,78,9,0
4,33,78,10,0
4,33,78,11,0
4,33,78,12,0
4,33,78,13,0
4,33,78,14,0
4,33,78,15,0
4,33,78,16,0
4,33,78,17,0
4,33,78,18,0
4,33,78,19,0
4,33,78,20,0
4,33,78,21,0
4,33,78,22,0
4,33,78,23,0
4,33,78,24,0
4,33,78,25,0
4,33,78,26,0
4,33,78,27,0
4,33,78,28,0
4,33,78,29,0
4,33,78,30,0
4,33,78,31,0
4,33,78,32,0
4,33,78,33,0
4,33,78,34,185122080
4,33,78,35,10586668950
4,33,78,36,320322588066
4,33,78,37,6891358291790
4,33,78,38,118138781735566
4,33,78,39,1710655081901634
4,33,78,40,21657946055480410
4,33,78,41,245164741438782352
4,33,78,42,2519619522191129806
4,33,78,43,23768070058777546950
4,33,78,44,207451947527040667284
4,33,78,45,1685425187092998916590
4,33,78,46,12803763037040709835892
4,33,78,47,91262929339190202261162
4,33,78,48,611937232995910351901270
4,33,78,49,3867359525132859886594287
4,33,78,50,23068852076603666103599415
4,33,78,51,130005348294328341508461379
4,33,78,52,692602945451168617832975699
4,33,78,53,3489227029608114342784054677
4,33,78,54,16623427615877913705456779429
4,33,78,55,74884404681580608061018070400
4,33,78,56,318858564326025255162071994585
4,33,78,57,1282726152539624299228023721613
4,33,78,58,4872380176977689040495325201115
4,33,78,59,17463130905402885330196323118277
4,33,78,60,59013302566208055502252023024594
4,33,78,61,187879196378663389147223013560391
4,33,78,62,563058301656523959538868045666707
4,33,78,63,1587155233118630734930505942901752
4,33,78,64,4204674334765681456375864391956317
4,33,78,65,10460856798052844250673437723663552
4,33,78,66,24424612645790679962841431122865340
4,33,78,67,53487774477817857903646959395996032
4,33,78,68,109807995660470515721393557365968035
4,33,78,69,211253782761111250188002957414093555
4,33,78,70,380769907313403857945381179910613991
4,33,78,71,642934617263676691110336099447799739
4,33,78,72,1017043389823334973695936791100659650
4,33,78,73,1507532707135141983321882723516578102
4,33,78,74,2094574955671549759633172687536098840
4,33,78,75,2729171643982702190932013761844727402
4,33,78,76,3336764376572698913163209531840411863
4,33,78,77,3830682130319307725233920077949110825
4,33,78,78,4132492201658427796283756197054152843
4,33,78,79,4192632953894696036620778898206989817
4,33,78,80,4003767721135762981119961755801500423
4,33,78,81,3601907336122980052189222169990093767
4,33,78,82,3055274352600468427349081626868443389
4,33,78,83,2445598283072910203598920361921130141
4,33,78,84,1848779560177626952232984651537852723
4,33,78,85,1320923406811324190800006713536987870
4,33,78,86,892617438604244932263283530760606706
4,33,78,87,570851477103827985931280771213507238
4,33,78,88,345696798432054770813348835551448987
4,33,78,89,198332744143706964160587352396894397
4,33,78,90,107844896024554768506554818717219723
4,33,78,91,55597679102980685621575333047341730
4,33,78,92,27181792035820314240009325688043135
4,33,78,93,12605027032704987645388885283447746
4,33,78,94,5545011975686561387794897103408008
4,33,78,95,2314055580492454368987787294233603
4,33,78,96,916116775771796449618289556590354
4,33,78,97,344036035492993851687028597314042
4,33,78,98,122542000956179153697626314621132
4,33,78,99,41393567749693671686365926917813
4,33,78,100,13258062662754164708887805083734
4,33,78,101,4025873127964456037296443962515
4,33,78,102,1158819608443284067233919854935
4,33,78,103,316161233465011552735396230576
4,33,78,104,81757396820506588046898452854
4,33,78,105,20039886920272866553515425112
4,33,78,106,4656710273474693046606652750
4,33,78,107,1026101066831617916966919381
4,33,78,108,214478608044689284081598609
4,33,78,109,42545763170100864013156967
4,33,78,110,8013693078078729798684637
4,33,78,111,1434020414429275656268429
4,33,78,112,243931168018238685345730
4,33,78,113,39463530600448782057982
4,33,78,114,6074861989378893367490
4,33,78,115,890094118318941693059
4,33,78,116,124159060183818045158
4,33,78,117,16488034661795980793
4,33,78,118,2084088677335404069
4,33,78,119,250617737789233060
4,33,78,120,28648599260599384
4,33,78,121,3109264686312170
4,33,78,122,319819915191018
4,33,78,123,31097332734357
4,33,78,124,2847437137357
4,33,78,125,244072003811
4,33,78,126,19392303753
4,33,78,127,1410076465
4,33,78,128,91401577
4,33,78,129,5132332
4,33,78,130,240556
4,33,78,131,7832
4,33,78,132,196
4,33,78,133,0
4,33,78,134,0
4,33,78,135,0
4,33,78,136,0
4,33,78,137,0
4,33,78,138,0
4,33,78,139,0
4,33,78,140,0
4,33,78,141,0
4,33,78,142,0
4,33,78,143,0
4,33,78,144,0
4,33,78,145,0
4,33,78,146,0
4,33,78,147,0
4,33,78,148,0
4,33,78,149,0
4,33,78,150,0
4,33,78,151,0
4,33,78,152,0
4,33,78,153,0
4,33,78,154,0
4,33,78,155,0
4,33,78,156,0
4,33,78,157,0
4,33,78,158,0
4,33,78,159,0
4,33,78,160,0
4,33,78,161,0
4,33,78,162,0
4,33,78,163,0
4,33,78,164,0
4,33,78,165,0
4,33,78,166,0
4,33,78,167,0
4,33,78,168,0
4,33,78,169,0
4,33,78,170,0
4,33,78,171,0
4,33,78,172,0
4,33,78,173,0
4,33,78,174,0
4,33,78,175,0
4,33,78,176,0
4,33,78,177,0
4,33,78,178,0
4,33,78,179,0
4,33,78,180,0
4,33,78,181,0
4,33,78,182,0
4,33,78,183,0
4,33,78,184,0
4,33,78,185,0
4,33,78,186,0
4,33,78,187,0
4,33,78,188,0
4,33,78,189,0
4,33,78,190,0
4,33,78,191,0
4,33,78,192,0
4,33,78,193,0
4,33,78,194,0
4,33,78,195,0
4,33,78,196,0
4,33,78,197,0
4,33,78,198,0
4,33,78,199,0
4,33,78,200,0
4,33,78,201,0
4,33,78,202,0
4,33,78,203,0
4,33,78,204,0
4,33,78,205,0
4,33,78,206,0
4,33,78,207,0
4,33,78,208,0
4,33,78,209,0
4,33,78,210,0
4,33,78,211,0
4,33,78,212,0
4,33,78,213,0
4,33,78,214,0
4,33,78,215,0
4,33,78,216,0
4,33,78,217,0
4,33,78,218,0
4,33,78,219,0
4,33,78,220,0
4,33,78,221,0
4,33,78,222,0
4,33,78,223,0
4,33,78,224,0
4,33,78,225,0
4,33,78,226,0
4,33,78,227,0
4,33,79,0,0
4,33,79,1,0
4,33,79,2,0
4,33,79,3,0
4,33,79,4,0
4,33,79,5,0
4,33,79,6,0
4,33,79,7,0
4,33,79,8,0
4,33,79,9,0
4,33,79,10,0
4,33,79,11,0
4,33,79,12,0
4,33,79,13,0
4,33,79,14,0
4,33,79,15,0
4,33,79,16,0
4,33,79,17,0
4,33,79,18,0
4,33,79,19,0
4,33,79,20,0
4,33,79,21,0
4,33,79,22,0
4,33,79,23,0
4,33,79,24,0
4,33,79,25,0
4,33,79,26,0
4,33,79,27,0
4,33,79,28,0
4,33,79,29,0
4,33,79,30,0
4,33,79,31,0
4,33,79,32,0
4,33,79,33,0
4,33,79,34,0
4,33,79,35,0
4,33,79,36,0
4,33,79,37,387073440
4,33,79,38,24445230420
4,33,79,39,794655163020
4,33,79,40,17991305770458
4,33,79,41,319939833336176
4,33,79,42,4755427412903202
4,33,79,43,61302866382558458
4,33,79,44,702005463895662248
4,33,79,45,7259378318571826054
4,33,79,46,68587576372978330210
4,33,79,47,597187528288588323498
4,33,79,48,4822633662893671049874
4,33,79,49,36297210249781548370608
4,33,79,50,255549894660305692903806
4,33,79,51,1687714983889305789172202
4,33,79,52,10477175775009132480197912
4,33,79,53,61230301956914901216276754
4,33,79,54,337226267683772926711465824
4,33,79,55,1751462551123298518108520482
4,33,79,56,8581444130235156912857855798
4,33,79,57,39668196082421279744412684100
4,33,79,58,172979922328193730067918064734
4,33,79,59,711363373175210146531004289686
4,33,79,60,2757647194947905248341484954506
4,33,79,61,10071564370768881591554387097010
4,33,79,62,34632904409864484790805241723762
4,33,79,63,112050050542345860456862950246266
4,33,79,64,340839185123150776843532147649882
4,33,79,65,974049177699402067510817208480720
4,33,79,66,2613319669689793896544636325583114
4,33,79,67,6577906993411992271943630424821766
4,33,79,68,15523736822785270073601597723923104
4,33,79,69,34330782918807542818855732650929522
4,33,79,70,71114752479761062884592701139001250
4,33,79,71,137938455568158644613546241474179160
4,33,79,72,250483482885190869444786345937871124
4,33,79,73,425814772793970644764458629054934578
4,33,79,74,677724944161472520594174468993957284
4,33,79,75,1010144879380028144435039590435821880
4,33,79,76,1410516475380302075625691351678008556
4,33,79,77,1846118378930625372437317373602993580
4,33,79,78,2266206520596444692025356188992384330
4,33,79,79,2611022732339193943702095073597593122
4,33,79,80,2825775973937644257034541315515079032
4,33,79,81,2875067228339714044918291253483182004
4,33,79,82,2752466787336401745084644429294721760
4,33,79,83,2481675926544962267997549904347831734
4,33,79,84,2109106224923201661741209253112218116
4,33,79,85,1691036703811449937706973115464795586
4,33,79,86,1280155609693404355570992889414365336
4,33,79,87,915713602934603492949250092230460554
4,33,79,88,619369359094310756935784983289467408
4,33,79,89,396378084604023496695767864321972286
4,33,79,90,240151049759265209581918323243250784
4,33,79,91,137811685179654488565203442714044832
4,33,79,92,74936216027748110564866516927307888
4,33,79,93,38622858668037219879694000455393090
4,33,79,94,18873493674271307624766460702323614
4,33,79,95,8745607643122453338818980967972110
4,33,79,96,3843259628385185701328388821776800
4,33,79,97,1601745251239357522654797982666286
4,33,79,98,633075599485008583154295406943374
4,33,79,99,237272077610603776130294260216988
4,33,79,100,84315575716904302783900836869860
4,33,79,101,28403155933961993091372985351120
4,33,79,102,9068669150748305239875356639962
4,33,79,103,2743849014325732428944527669852
4,33,79,104,786589106885385300817242432954
4,33,79,105,213627674358845368855455197236
4,33,79,106,54962802750472338848985773428
4,33,79,107,13396765010129945793053075352
4,33,79,108,3093953121567649660510894916
4,33,79,109,677208210359515188353440268
4,33,79,110,140535456624065166696792450
4,33,79,111,27663580221206336352284812
4,33,79,112,5168038940266571119263506
4,33,79,113,916837023486301596044672
4,33,79,114,154547597863720579377422
4,33,79,115,24767007705522581271956
4,33,79,116,3775098928253564100706
4,33,79,117,547491208874217331656
4,33,79,118,75561827518216676602
4,33,79,119,9924351268699463360
4,33,79,120,1240140615235656166
4,33,79,121,147359381959785362
4,33,79,122,16635551481200526
4,33,79,123,1781825728448030
4,33,79,124,180723951403638
4,33,79,125,17308178442984
4,33,79,126,1558297881532
4,33,79,127,131035859976
4,33,79,128,10177500166
4,33,79,129,718737206
4,33,79,130,45086864
4,33,79,131,2405066
4,33,79,132,105664
4,33,79,133,3212
4,33,79,134,56
4,33,79,135,0
4,33,79,136,0
4,33,79,137,0
4,33,79,138,0
4,33,79,139,0
4,33,79,140,0
4,33,79,141,0
4,33,79,142,0
4,33,79,143,0
4,33,79,144,0
4,33,79,145,0
4,33,79,146,0
4,33,79,147,0
4,33,79,148,0
4,33,79,149,0
4,33,79,150,0
4,33,79,151,0
4,33,79,152,0
4,33,79,153,0
4,33,79,154,0
4,33,79,155,0
4,33,79,156,0
4,33,79,157,0
4,33,79,158,0
4,33,79,159,0
4,33,79,160,0
4,33,79,161,0
4,33,79,162,0
4,33,79,163,0
4,33,79,164,0
4,33,79,165,0
4,33,79,166,0
4,33,79,167,0
4,33,79,168,0
4,33,79,169,0
4,33,79,170,0
4,33,79,171,0
4,33,79,172,0
4,33,79,173,0
4,33,79,174,0
4,33,79,175,0
4,33,79,176,0
4,33,79,177,0
4,33,79,178,0
4,33,79,179,0
4,33,79,180,0
4,33,79,181,0
4,33,79,182,0
4,33,79,183,0
4,33,79,184,0
4,33,79,185,0
4,33,79,186,0
4,33,79,187,0
4,33,79,188,0
4,33,79,189,0
4,33,79,190,0
4,33,79,191,0
4,33,79,192,0
4,33,79,193,0
4,33,79,194,0
4,33,79,195,0
4,33,79,196,0
4,33,79,197,0
4,33,79,198,0
4,33,79,199,0
4,33,79,200,0
4,33,79,201,0
4,33,79,202,0
4,33,79,203,0
4,33,79,204,0
4,33,79,205,0
4,33,79,206,0
4,33,79,207,0
4,33,79,208,0
4,33,79,209,0
4,33,79,210,0
4,33,79,211,0
4,33,79,212,0
4,33,79,213,0
4,33,79,214,0
4,33,79,215,0
4,33,79,216,0
4,33,79,217,0
4,33,79,218,0
4,33,79,219,0
4,33,79,220,0
4,33,79,221,0
4,33,79,222,0
4,33,79,223,0
4,33,79,224,0
4,33,79,225,0
4,33,79,226,0
4,33,79,227,0
4,33,80,0,0
4,33,80,1,0
4,33,80,2,0
4,33,80,3,0
4,33,80,4,0
4,33,80,5,0
4,33,80,6,0
4,33,80,7,0
4,33,80,8,0
4,33,80,9,0
4,33,80,10,0
4,33,80,11,0
4,33,80,12,0
4,33,80,13,0
4,33,80,14,0
4,33,80,15,0
4,33,80,16,0
4,33,80,17,0
4,33,80,18,0
4,33,80,19,0
4,33,80,20,0
4,33,80,21,0
4,33,80,22,0
4,33,80,23,0
4,33,80,24,0
4,33,80,25,0
4,33,80,26,0
4,33,80,27,0
4,33,80,28,0
4,33,80,29,0
4,33,80,30,0
4,33,80,31,0
4,33,80,32,0
4,33,80,33,0
4,33,80,34,0
4,33,80,35,0
4,33,80,36,0
4,33,80,37,0
4,33,80,38,0
4,33,80,39,0
4,33,80,40,709634640
4,33,80,41,49378536930
4,33,80,42,1728393207120
4,33,80,43,41327098573710
4,33,80,44,764997599609654
4,33,80,45,11708002056688430
4,33,80,46,154099501824789592
4,33,80,47,1789475132053077376
4,33,80,48,18658873602362262566
4,33,80,49,176899554163586815556
4,33,80,50,1539021994963280682390
4,33,80,51,12371574759012445997108
4,33,80,52,92368221164349178251698
4,33,80,53,643055633540081179159572
4,33,80,54,4186940715638431196788634
4,33,80,55,25552576818966340474516559
4,33,80,56,146409422560687073340612020
4,33,80,57,788489218745431554169574364
4,33,80,58,3994279648447001848535284982
4,33,80,59,19040524230990411137807897209
4,33,80,60,85424416561013019245691431259
4,33,80,61,360675845737063381052865287499
4,33,80,62,1432767445134210494695439417312
4,33,80,63,5352888555862247477114651726336
4,33,80,64,18799135981864843880444493077440
4,33,80,65,62026119942962407257694814461014
4,33,80,66,192144204347562987692251112457894
4,33,80,67,558490519423225794840750286874055
4,33,80,68,1522167450417261867478938649918613
4,33,80,69,3887789440500987545542876024278992
4,33,80,70,9300279463706861818855711644118880
4,33,80,71,20827395603465976317764033948662122
4,33,80,72,43647033884860593928931794755859885
4,33,80,73,85573730091539185780723137397583054
4,33,80,74,156939961674124908078181370057957700
4,33,80,75,269237723534101431591708235452386066
4,33,80,76,432127765599847615155841297363286751
4,33,80,77,649066764025074777805708791979050094
4,33,80,78,912755300696926012208213849306346246
4,33,80,79,1202399979308132464608946218256937944
4,33,80,80,1484783585878203009745668609608070182
4,33,80,81,1719993966865741637178128777310193852
4,33,80,82,1870686708691320125055502592423946130
4,33,80,83,1911911127079877979532789732288468413
4,33,80,84,1837895899313240460836929441098629048
4,33,80,85,1663250998833694314640859054286215565
4,33,80,86,1418307517682394722743499318745316130
4,33,80,87,1140613743094619704962374560352394687
4,33,80,88,865812663926756949094433079808721726
4,33,80,89,620818419289085506045510139427799743
4,33,80,90,420795723537234860626574425337301388
4,33,80,91,269788987114627923122762021190242861
4,33,80,92,163708195299227127793920732515079273
4,33,80,93,94063782190669569371079142641986767
4,33,80,94,51198493514543206745909454603151584
4,33,80,95,26406789399842660235982663515574463
4,33,80,96,12909305203756167136730147113878410
4,33,80,97,5982588790715684023035765538800241
4,33,80,98,2628518260926239385575746787973008
4,33,80,99,1094897247105294283518721133553701
4,33,80,100,432366882372458975196302437219760
4,33,80,101,161844978432410227553668269090339
4,33,80,102,57417516816159073280784273282048
4,33,80,103,19302072322538163624296606125778
4,33,80,104,6147325526919206931044177987834
4,33,80,105,1854386656106344367253253005819
4,33,80,106,529743161061412774970665572318
4,33,80,107,143291666525440071912723955968
4,33,80,108,36697575699288012424174569921
4,33,80,109,8898681311725776214542472272
4,33,80,110,2043361503251339229507540570
4,33,80,111,444435180381702488565106983
4,33,80,112,91596831673980783150023904
4,33,80,113,17896715568912054901713422
4,33,80,114,3316917402094545310698920
4,33,80,115,583487389271535385899684
4,33,80,116,97483582777717195953414
4,33,80,117,15476876099442609358607
4,33,80,118,2336132181106746599588
4,33,80,119,335373070767038284457
4,33,80,120,45799084203934924042
4,33,80,121,5949405280425457265
4,33,80,122,734950770407682298
4,33,80,123,86288955792353428
4,33,80,124,9619257170662034
4,33,80,125,1016670943148416
4,33,80,126,101655299515416
4,33,80,127,9585476508477
4,33,80,128,848168411197
4,33,80,129,69894382159
4,33,80,130,5299919554
4,33,80,131,363290648
4,33,80,132,21937659
4,33,80,133,1109864
4,33,80,134,45810
4,33,80,135,1235
4,33,80,136,14
4,33,80,137,0
4,33,80,138,0
4,33,80,139,0
4,33,80,140,0
4,33,80,141,0
4,33,80,142,0
4,33,80,143,0
4,33,80,144,0
4,33,80,145,0
4,33,80,146,0
4,33,80,147,0
4,33,80,148,0
4,33,80,149,0
4,33,80,150,0
4,33,80,151,0
4,33,80,152,0
4,33,80,153,0
4,33,80,154,0
4,33,80,155,0
4,33,80,156,0
4,33,80,157,0
4,33,80,158,0
4,33,80,159,0
4,33,80,160,0
4,33,80,161,0
4,33,80,162,0
4,33,80,163,0
4,33,80,164,0
4,33,80,165,0
4,33,80,166,0
4,33,80,167,0
4,33,80,168,0
4,33,80,169,0
4,33,80,170,0
4,33,80,171,0
4,33,80,172,0
4,33,80,173,0
4,33,80,174,0
4,33,80,175,0
4,33,80,176,0
4,33,80,177,0
4,33,80,178,0
4,33,80,179,0
4,33,80,180,0
4,33,80,181,0
4,33,80,182,0
4,33,80,183,0
4,33,80,184,0
4,33,80,185,0
4,33,80,186,0
4,33,80,187,0
4,33,80,188,0
4,33,80,189,0
4,33,80,190,0
4,33,80,191,0
4,33,80,192,0
4,33,80,193,0
4,33,80,194,0
4,33,80,195,0
4,33,80,196,0
4,33,80,197,0
4,33,80,198,0
4,33,80,199,0
4,33,80,200,0
4,33,80,201,0
4,33,80,202,0
4,33,80,203,0
4,33,80,204,0
4,33,80,205,0
4,33,80,206,0
4,33,80,207,0
4,33,80,208,0
4,33,80,209,0
4,33,80,210,0
4,33,80,211,0
4,33,80,212,0
4,33,80,213,0
4,33,80,214,0
4,33,80,215,0
4,33,80,216,0
4,33,80,217,0
4,33,80,218,0
4,33,80,219,0
4,33,80,220,0
4,33,80,221,0
4,33,80,222,0
4,33,80,223,0
4,33,80,224,0
4,33,80,225,0
4,33,80,226,0
4,33,80,227,0
4,33,81,0,0
4,33,81,1,0
4,33,81,2,0
4,33,81,3,0
4,33,81,4,0
4,33,81,5,0
4,33,81,6,0
4,33,81,7,0
4,33,81,8,0
4,33,81,9,0
4,33,81,10,0
4,33,81,11,0
4,33,81,12,0
4,33,81,13,0
4,33,81,14,0
4,33,81,15,0
4,33,81,16,0
4,33,81,17,0
4,33,81,18,0
4,33,81,19,0
4,33,81,20,0
4,33,81,21,0
4,33,81,22,0
4,33,81,23,0
4,33,81,24,0
4,33,81,25,0
4,33,81,26,0
4,33,81,27,0
4,33,81,28,0
4,33,81,29,0
4,33,81,30,0
4,33,81,31,0
4,33,81,32,0
4,33,81,33,0
4,33,81,34,0
4,33,81,35,0
4,33,81,36,0
4,33,81,37,0
4,33,81,38,0
4,33,81,39,0
4,33,81,40,0
4,33,81,41,0
4,33,81,42,0
4,33,81,43,1146332880
4,33,81,44,87694465320
4,33,81,45,3310276893360
4,33,81,46,83853473261800
4,33,81,47,1621059107930998
4,33,81,48,25623906085374372
4,33,81,49,345277102653243032
4,33,81,50,4075602352857593554
4,33,81,51,42939738970014798272
4,33,81,52,409251426607909342518
4,33,81,53,3563328713691921459970
4,33,81,54,28552840237410386787318
4,33,81,55,211730506513295166517144
4,33,81,56,1459116172859748163124620
4,33,81,57,9374662764928448827996838
4,33,81,58,56288602610300944980798162
4,33,81,59,316408307450594490309220478
4,33,81,60,1667166757801776739942783258
4,33,81,61,8240894785662603139467466998
4,33,81,62,38233737669752976481459216256
4,33,81,63,166528606784478902295282736880
4,33,81,64,680919867158005547468605847086
4,33,81,65,2613281089938975897048043704944
4,33,81,66,9410596745166403237301846288212
4,33,81,67,31783588055237251320080683867798
4,33,81,68,100630017954510618850322138281464
4,33,81,69,298510099580352129351509662419226
4,33,81,70,829204941266508056896232008603550
4,33,81,71,2155803452379930116879053610140488
4,33,81,72,5243167970051754226097536286707468
4,33,81,73,11924466264575071885332945975425084
4,33,81,74,25351741636756228761279505839886224
4,33,81,75,50374588681233780272261842850587080
4,33,81,76,93544007204781337374255634461007256
4,33,81,77,162347791173178025097805985540346140
4,33,81,78,263384170154226529958760798644677362
4,33,81,79,399571370263692334510625831068685238
4,33,81,80,567111000924059635891153671123426142
4,33,81,81,753481534021337436700857791614123428
4,33,81,82,937815022732477157528020319956343868
4,33,81,83,1094334399356733952546024085315410736
4,33,81,84,1198255103747956027753967854149134248
4,33,81,85,1232290665648161080574532077286932404
4,33,81,86,1191380848963195936199151611852522522
4,33,81,87,1083857822195510143635440494231786650
4,33,81,88,928715034830984615445439593982504788
4,33,81,89,750190714472871522374715718988001210
4,33,81,90,571756074673324800616233284490423496
4,33,81,91,411477245182603434917419683245380050
4,33,81,92,279829791696513274687041002807192042
4,33,81,93,179945204946291112375406538869257640
4,33,81,94,109480188603041218365561302889742910
4,33,81,95,63051357424627861856648964715622278
4,33,81,96,34387034434737731800180654629117970
4,33,81,97,17765472217081011578813508175935602
4,33,81,98,8696484613636303210767244877038008
4,33,81,99,4034246491482440025475840438340690
4,33,81,100,1773636269904178707359279892087656
4,33,81,101,739007442828943774388064022946356
4,33,81,102,291798896728728542306787359656452
4,33,81,103,109171935191109059312681267169822
4,33,81,104,38694665510182716374306239270502
4,33,81,105,12989975048682333657073429356920
4,33,81,106,4129320400644660653839151446400
4,33,81,107,1242676212363074174538592100056
4,33,81,108,353958847157942611415846702394
4,33,81,109,95409211176643982106883632330
4,33,81,110,24334947615361087523017474788
4,33,81,111,5873218465183308456217743808
4,33,81,112,1341475037736274954903865706
4,33,81,113,290042780800784443087030002
4,33,81,114,59386022218211534759310288
4,33,81,115,11520467329047730882042930
4,33,81,116,2118749121090613821199562
4,33,81,117,369652644281299480117888
4,33,81,118,61220220558735552322716
4,33,81,119,9630389589413776147926
4,33,81,120,1439661249168348625612
4,33,81,121,204598840270628038312
4,33,81,122,27647281128032197386
4,33,81,123,3552143024651829368
4,33,81,124,433791033237984240
4,33,81,125,50320027331381314
4,33,81,126,5538686349420550
4,33,81,127,577534605388706
4,33,81,128,56913390923228
4,33,81,129,5281586202358
4,33,81,130,458975655744
4,33,81,131,37036895450
4,33,81,132,2738380332
4,33,81,133,181531658
4,33,81,134,10573780
4,33,81,135,504380
4,33,81,136,18750
4,33,81,137,520
4,33,81,138,0
4,33,81,139,0
4,33,81,140,0
4,33,81,141,0
4,33,81,142,0
4,33,81,143,0
4,33,81,144,0
4,33,81,145,0
4,33,81,146,0
4,33,81,147,0
4,33,81,148,0
4,33,81,149,0
4,33,81,150,0
4,33,81,151,0
4,33,81,152,0
4,33,81,153,0
4,33,81,154,0
4,33,81,155,0
4,33,81,156,0
4,33,81,157,0
4,33,81,158,0
4,33,81,159,0
4,33,81,160,0
4,33,81,161,0
4,33,81,162,0
4,33,81,163,0
4,33,81,164,0
4,33,81,165,0
4,33,81,166,0
4,33,81,167,0
4,33,81,168,0
4,33,81,169,0
4,33,81,170,0
4,33,81,171,0
4,33,81,172,0
4,33,81,173,0
4,33,81,174,0
4,33,81,175,0
4,33,81,176,0
4,33,81,177,0
4,33,81,178,0
4,33,81,179,0
4,33,81,180,0
4,33,81,181,0
4,33,81,182,0
4,33,81,183,0
4,33,81,184,0
4,33,81,185,0
4,33,81,186,0
4,33,81,187,0
4,33,81,188,0
4,33,81,189,0
4,33,81,190,0
4,33,81,191,0
4,33,81,192,0
4,33,81,193,0
4,33,81,194,0
4,33,81,195,0
4,33,81,196,0
4,33,81,197,0
4,33,81,198,0
4,33,81,199,0
4,33,81,200,0
4,33,81,201,0
4,33,81,202,0
4,33,81,203,0
4,33,81,204,0
4,33,81,205,0
4,33,81,206,0
4,33,81,207,0
4,33,81,208,0
4,33,81,209,0
4,33,81,210,0
4,33,81,211,0
4,33,81,212,0
4,33,81,213,0
4,33,81,214,0
4,33,81,215,0
4,33,81,216,0
4,33,81,217,0
4,33,81,218,0
4,33,81,219,0
4,33,81,220,0
4,33,81,221,0
4,33,81,222,0
4,33,81,223,0
4,33,81,224,0
4,33,81,225,0
4,33,81,226,0
4,33,81,227,0
4,33,82,0,0
4,33,82,1,0
4,33,82,2,0
4,33,82,3,0
4,33,82,4,0
4,33,82,5,0
4,33,82,6,0
4,33,82,7,0
4,33,82,8,0
4,33,82,9,0
4,33,82,10,0
4,33,82,11,0
4,33,82,12,0
4,33,82,13,0
4,33,82,14,0
4,33,82,15,0
4,33,82,16,0
4,33,82,17,0
4,33,82,18,0
4,33,82,19,0
4,33,82,20,0
4,33,82,21,0
4,33,82,22,0
4,33,82,23,0
4,33,82,24,0
4,33,82,25,0
4,33,82,26,0
4,33,82,27,0
4,33,82,28,0
4,33,82,29,0
4,33,82,30,0
4,33,82,31,0
4,33,82,32,0
4,33,82,33,0
4,33,82,34,0
4,33,82,35,0
4,33,82,36,0
4,33,82,37,0
4,33,82,38,0
4,33,82,39,0
4,33,82,40,0
4,33,82,41,0
4,33,82,42,0
4,33,82,43,0
4,33,82,44,0
4,33,82,45,0
4,33,82,46,1637618400
4,33,82,47,137468760030
4,33,82,48,5602227325530
4,33,82,49,150755562416670
4,33,82,50,3053323694578166
4,33,82,51,49997752663331960
4,33,82,52,691601846573734882
4,33,82,53,8318050998539460814
4,33,82,54,88738090678930294976
4,33,82,55,851780762643951248810
4,33,82,56,7434229915930147572830
4,33,82,57,59462961940967296827848
4,33,82,58,438470012212274811483178
4,33,82,59,2994172328297329229797302
4,33,82,60,18999607792380103824399010
4,33,82,61,112321242390931671222842477
4,33,82,62,619804602774779148130256966
4,33,82,63,3196798576836856199175090342
4,33,82,64,15425742822677822846943692226
4,33,82,65,69678191650761892986063900491
4,33,82,66,294709238597574594744694068762
4,33,82,67,1167251098200412089133955526672
4,33,82,68,4328715332488277485928815864139
4,33,82,69,15026935595961571782063202112100
4,33,82,70,48814621921304241850688869942082
4,33,82,71,148328125890018771497131847514348
4,33,82,72,421411156055300125773974182147330
4,33,82,73,1118960154239568241396015430134001
4,33,82,74,2775755025309874043639947429217273
4,33,82,75,6430778968247626879778377156480123
4,33,82,76,13910939545545430274822793460603147
4,33,82,77,28093099944430744617737055775367296
4,33,82,78,52964593477290584961764982497960596
4,33,82,79,93231900523053511035386723228083426
4,33,82,80,153266383144714559197709550959941297
4,33,82,81,235398635794928173601207942404281240
4,33,82,82,337959817610335009145321429735864524
4,33,82,83,453850886178840452870017627871484282
4,33,82,84,570529171295358914430854900952810849
4,33,82,85,671934429658044996198462940622917377
4,33,82,86,742090821668010128280795598787990641
4,33,82,87,769279724161658256295858110373350219
4,33,82,88,749262620628008065116771414178211177
4,33,82,89,686329042182213564690996418023479545
4,33,82,90,591830602164225195290704793898330766
4,33,82,91,480875202319144634401444122030982472
4,33,82,92,368484552171644726006994029166188302
4,33,82,93,266510225314413761163517586542225959
4,33,82,94,182071322508081649247870106417012215
4,33,82,95,117569363875156285384408507299987817
4,33,82,96,71800545350882306696957965289464121
4,33,82,97,41491656786209292134718155616745794
4,33,82,98,22697253088709001375555062360359550
4,33,82,99,11757269502932935608944825921805926
4,33,82,100,5768498058718253111210155657859792
4,33,82,101,2681060486579649555554231073249147
4,33,82,102,1180499728378966497203159579139043
4,33,82,103,492417848654546806264985526902903
4,33,82,104,194568106652833854881019530642769
4,33,82,105,72813638385214787531790537036658
4,33,82,106,25802808667022767801542395820088
4,33,82,107,8656197912405999296220801644496
4,33,82,108,2748377953712610013967942874767
4,33,82,109,825652649189220228481177025315
4,33,82,110,234629417612743357115777194193
4,33,82,111,63058829721674719536841745049
4,33,82,112,16026396767451031977343027418
4,33,82,113,3851646422572862169688942300
4,33,82,114,875441611135744165442092105
4,33,82,115,188230408344684253678449427
4,33,82,116,38300834615569261926165617
4,33,82,117,7379259228151477996185670
4,33,82,118,1347027488969113234812294
4,33,82,119,233128868170730817382376
4,33,82,120,38279760819038814424346
4,33,82,121,5967204427090216402365
4,33,82,122,883549760196493149164
4,33,82,123,124312167256149164850
4,33,82,124,16622554460447308710
4,33,82,125,2112308118586059024
4,33,82,126,254998606581133781
4,33,82,127,29223206553901399
4,33,82,128,3175538619933174
4,33,82,129,326614220888142
4,33,82,130,31711501533554
4,33,82,131,2894850569060
4,33,82,132,246915404986
4,33,82,133,19481661446
4,33,82,134,1403285979
4,33,82,135,89907343
4,33,82,136,4985151
4,33,82,137,229627
4,33,82,138,7374
4,33,82,139,182
4,33,82,140,0
4,33,82,141,0
4,33,82,142,0
4,33,82,143,0
4,33,82,144,0
4,33,82,145,0
4,33,82,146,0
4,33,82,147,0
4,33,82,148,0
4,33,82,149,0
4,33,82,150,0
4,33,82,151,0
4,33,82,152,0
4,33,82,153,0
4,33,82,154,0
4,33,82,155,0
4,33,82,156,0
4,33,82,157,0
4,33,82,158,0
4,33,82,159,0
4,33,82,160,0
4,33,82,161,0
4,33,82,162,0
4,33,82,163,0
4,33,82,164,0
4,33,82,165,0
4,33,82,166,0
4,33,82,167,0
4,33,82,168,0
4,33,82,169,0
4,33,82,170,0
4,33,82,171,0
4,33,82,172,0
4,33,82,173,0
4,33,82,174,0
4,33,82,175,0
4,33,82,176,0
4,33,82,177,0
4,33,82,178,0
4,33,82,179,0
4,33,82,180,0
4,33,82,181,0
4,33,82,182,0
4,33,82,183,0
4,33,82,184,0
4,33,82,185,0
4,33,82,186,0
4,33,82,187,0
4,33,82,188,0
4,33,82,189,0
4,33,82,190,0
4,33,82,191,0
4,33,82,192,0
4,33,82,193,0
4,33,82,194,0
4,33,82,195,0
4,33,82,196,0
4,33,82,197,0
4,33,82,198,0
4,33,82,199,0
4,33,82,200,0
4,33,82,201,0
4,33,82,202,0
4,33,82,203,0
4,33,82,204,0
4,33,82,205,0
4,33,82,206,0
4,33,82,207,0
4,33,82,208,0
4,33,82,209,0
4,33,82,210,0
4,33,82,211,0
4,33,82,212,0
4,33,82,213,0
4,33,82,214,0
4,33,82,215,0
4,33,82,216,0
4,33,82,217,0
4,33,82,218,0
4,33,82,219,0
4,33,82,220,0
4,33,82,221,0
4,33,82,222,0
4,33,82,223,0
4,33,82,224,0
4,33,82,225,0
4,33,82,226,0
4,33,82,227,0
4,33,83,0,0
4,33,83,1,0
4,33,83,2,0
4,33,83,3,0
4,33,83,4,0
4,33,83,5,0
4,33,83,6,0
4,33,83,7,0
4,33,83,8,0
4,33,83,9,0
4,33,83,10,0
4,33,83,11,0
4,33,83,12,0
4,33,83,13,0
4,33,83,14,0
4,33,83,15,0
4,33,83,16,0
4,33,83,17,0
4,33,83,18,0
4,33,83,19,0
4,33,83,20,0
4,33,83,21,0
4,33,83,22,0
4,33,83,23,0
4,33,83,24,0
4,33,83,25,0
4,33,83,26,0
4,33,83,27,0
4,33,83,28,0
4,33,83,29,0
4,33,83,30,0
4,33,83,31,0
4,33,83,32,0
4,33,83,33,0
4,33,83,34,0
4,33,83,35,0
4,33,83,36,0
4,33,83,37,0
4,33,83,38,0
4,33,83,39,0
4,33,83,40,0
4,33,83,41,0
4,33,83,42,0
4,33,83,43,0
4,33,83,44,0
4,33,83,45,0
4,33,83,46,0
4,33,83,47,0
4,33,83,48,0
4,33,83,49,2074316640
4,33,83,50,190776340500
4,33,83,51,8400734502600
4,33,83,52,240738141512160
4,33,83,53,5123615890498404
4,33,83,54,87173988095475082
4,33,83,55,1241282888655863304
4,33,83,56,15249006240818719486
4,33,83,57,165076670830057660942
4,33,83,58,1598845397496958947978
4,33,83,59,14010925061132873383256
4,33,83,60,112023594657123769888442
4,33,83,61,822418430118861586394484
4,33,83,62,5570776161930403260153002
4,33,83,63,34944101206885241354269380
4,33,83,64,203550289083692285981721376
4,33,83,65,1103328156757070060347163438
4,33,83,66,5573420420399079927242155880
4,33,83,67,26264812714987511712794505630
4,33,83,68,115545970416597376748757828600
4,33,83,69,474710991329801915558804160246
4,33,83,70,1821646808887355111944279630002
4,33,83,71,6529043839664504438494674386702
4,33,83,72,21853436757314037589636373140474
4,33,83,73,68292228720983394888805862059638
4,33,83,74,199195617645622940094009286653490
4,33,83,75,542144298827457782064226912512154
4,33,83,76,1376430537457698409629290790730364
4,33,83,77,3259089819124871858651018639501546
4,33,83,78,7195671563802133081936060556115762
4,33,83,79,14813287311270694465542479620639108
4,33,83,80,28435346968315809674972912019747988
4,33,83,81,50906110951694476549754474308028814
4,33,83,82,85020114359955268738413861815091982
4,33,83,83,132528493039276091299365145742807582
4,33,83,84,192923602066251173014465032474899810
4,33,83,85,262455335876788141143085139289803088
4,33,83,86,333941786402285396530627602857451306
4,33,83,87,397759344781024129257847169455925638
4,33,83,88,443937051364767532394994492729576868
4,33,83,89,464739066408277116758986590995148366
4,33,83,90,456801701881860972525976608732217230
4,33,83,91,422007607492072246862743118963290114
4,33,83,92,366793084327978251144008880835872672
4,33,83,93,300225912763463040926298503183995558
4,33,83,94,231630987396865061160742640523741954
4,33,83,95,168590890896041999437637742534427432
4,33,83,96,115850028685898633807124436803518648
4,33,83,97,75211341291797743584053428577315916
4,33,83,98,46159254147320149927996996742747356
4,33,83,99,26794553258839469864437251424311712
4,33,83,100,14717379529810219242363406090865858
4,33,83,101,7651632947748907585044526202530356
4,33,83,102,3766348536371515332082256350308996
4,33,83,103,1755468402230766123112129487728548
4,33,83,104,774812578276625330664300184839298
4,33,83,105,323832200018914785306191182504146
4,33,83,106,128149836521584597302608581561082
4,33,83,107,48008236407056290932193009821448
4,33,83,108,17022097626855708306904703971016
4,33,83,109,5710723871850612010463993474154
4,33,83,110,1812258210588939796454559938650
4,33,83,111,543836397054595380048623687720
4,33,83,112,154281436501921674401825114734
4,33,83,113,41367208641926504762582386130
4,33,83,114,10481686076639974241602515270
4,33,83,115,2509701578592671234573086080
4,33,83,116,567900384581040724931839370
4,33,83,117,121476231396419468542409722
4,33,83,118,24572961231309863791274432
4,33,83,119,4703383710836005021300814
4,33,83,120,852387717380966921704366
4,33,83,121,146369764274938136894842
4,33,83,122,23832408546341016899286
4,33,83,123,3681944750471262464072
4,33,83,124,540033540942671161660
4,33,83,125,75226086192252040102
4,33,83,126,9954021690852255344
4,33,83,127,1251053185696555736
4,33,83,128,149288488850978256
4,33,83,129,16900775648204172
4,33,83,130,1812816714611366
4,33,83,131,183871440651370
4,33,83,132,17583243901402
4,33,83,133,1578000293068
4,33,83,134,131999378762
4,33,83,135,10176353444
4,33,83,136,711820460
4,33,83,137,44093778
4,33,83,138,2323106
4,33,83,139,100434
4,33,83,140,2994
4,33,83,141,52
4,33,83,142,0
4,33,83,143,0
4,33,83,144,0
4,33,83,145,0
4,33,83,146,0
4,33,83,147,0
4,33,83,148,0
4,33,83,149,0
4,33,83,150,0
4,33,83,151,0
4,33,83,152,0
4,33,83,153,0
4,33,83,154,0
4,33,83,155,0
4,33,83,156,0
4,33,83,157,0
4,33,83,158,0
4,33,83,159,0
4,33,83,160,0
4,33,83,161,0
4,33,83,162,0
4,33,83,163,0
4,33,83,164,0
4,33,83,165,0
4,33,83,166,0
4,33,83,167,0
4,33,83,168,0
4,33,83,169,0
4,33,83,170,0
4,33,83,171,0
4,33,83,172,0
4,33,83,173,0
4,33,83,174,0
4,33,83,175,0
4,33,83,176,0
4,33,83,177,0
4,33,83,178,0
4,33,83,179,0
4,33,83,180,0
4,33,83,181,0
4,33,83,182,0
4,33,83,183,0
4,33,83,184,0
4,33,83,185,0
4,33,83,186,0
4,33,83,187,0
4,33,83,188,0
4,33,83,189,0
4,33,83,190,0
4,33,83,191,0
4,33,83,192,0
4,33,83,193,0
4,33,83,194,0
4,33,83,195,0
4,33,83,196,0
4,33,83,197,0
4,33,83,198,0
4,33,83,199,0
4,33,83,200,0
4,33,83,201,0
4,33,83,202,0
4,33,83,203,0
4,33,83,204,0
4,33,83,205,0
4,33,83,206,0
4,33,83,207,0
4,33,83,208,0
4,33,83,209,0
4,33,83,210,0
4,33,83,211,0
4,33,83,212,0
4,33,83,213,0
4,33,83,214,0
4,33,83,215,0
4,33,83,216,0
4,33,83,217,0
4,33,83,218,0
4,33,83,219,0
4,33,83,220,0
4,33,83,221,0
4,33,83,222,0
4,33,83,223,0
4,33,83,224,0
4,33,83,225,0
4,33,83,226,0
4,33,83,227,0
4,33,84,0,0
4,33,84,1,0
4,33,84,2,0
4,33,84,3,0
4,33,84,4,0
4,33,84,5,0
4,33,84,6,0
4,33,84,7,0
4,33,84,8,0
4,33,84,9,0
4,33,84,10,0
4,33,84,11,0
4,33,84,12,0
4,33,84,13,0
4,33,84,14,0
4,33,84,15,0
4,33,84,16,0
4,33,84,17,0
4,33,84,18,0
4,33,84,19,0
4,33,84,20,0
4,33,84,21,0
4,33,84,22,0
4,33,84,23,0
4,33,84,24,0
4,33,84,25,0
4,33,84,26,0
4,33,84,27,0
4,33,84,28,0
4,33,84,29,0
4,33,84,30,0
4,33,84,31,0
4,33,84,32,0
4,33,84,33,0
4,33,84,34,0
4,33,84,35,0
4,33,84,36,0
4,33,84,37,0
4,33,84,38,0
4,33,84,39,0
4,33,84,40,0
4,33,84,41,0
4,33,84,42,0
4,33,84,43,0
4,33,84,44,0
4,33,84,45,0
4,33,84,46,0
4,33,84,47,0
4,33,84,48,0
4,33,84,49,0
4,33,84,50,0
4,33,84,51,0
4,33,84,52,2333606220
4,33,84,53,234881001810
4,33,84,54,11184415792500
4,33,84,55,342074850909020
4,33,84,56,7672665786200402
4,33,84,57,136048020804243526
4,33,84,58,1999751655542407022
4,33,84,59,25156576424144376104
4,33,84,60,276963129948807607848
4,33,84,61,2712030501832989928826
4,33,84,62,23902606457787194301902
4,33,84,63,191319515893807194760854
4,33,84,64,1400179128118500196158628
4,33,84,65,9418138386921645943477204
4,33,84,66,58454300251078007199487550
4,33,84,67,335765442399170260534256857
4,33,84,68,1788939511833731556435588850
4,33,84,69,8855406295161505695316261402
4,33,84,70,40773796780399600363996318438
4,33,84,71,174765647665896032527364589914
4,33,84,72,697663682348836811153732066508
4,33,84,73,2594560297940097877537998433234
4,33,84,74,8989719657709987586742649150058
4,33,84,75,29018630757163933109614308801051
4,33,84,76,87258093529078128838878634751766
4,33,84,77,244380007856872625029241291711213
4,33,84,78,637366388991228575106651575506208
4,33,84,79,1547825681714102780352141401038494
4,33,84,80,3499744811890248099193894295376148
4,33,84,81,7367857846456026644853570701143188
4,33,84,82,14444139491726489003143346607609442
4,33,84,83,26375170376190407729690786681764883
4,33,84,84,44876208098242144225096482251839562
4,33,84,85,71182977922477567570142011586850586
4,33,84,86,105330273849728438493175896366614892
4,33,84,87,145504726718908766365156166546640110
4,33,84,88,187811787976808707295227556130713720
4,33,84,89,226726573280675676545285450224658933
4,33,84,90,256244938075875045387172504229296024
4,33,84,91,271417877203634198274772141929216582
4,33,84,92,269722086573475362900582816536472960
4,33,84,93,251740080766336201484416634518118343
4,33,84,94,220901496497678104410139777632357080
4,33,84,95,182427498692618639611057383296453324
4,33,84,96,141918221302942156415432099092479138
4,33,84,97,104093541909554377197768594839705856
4,33,84,98,72043576451375650028026140920222206
4,33,84,99,47082981529366014239109880540899798
4,33,84,100,29073820635894720483193845227684198
4,33,84,101,16972318243717875851718963228872494
4,33,84,102,9370672632890993337480517392660466
4,33,84,103,4894837309194669247760224050649107
4,33,84,104,2419629278975824246685979246899234
4,33,84,105,1132051325100452712129304030812748
4,33,84,106,501318194347380622977620981215758
4,33,84,107,210124089126446496638463093763447
4,33,84,108,83349414600128924172055604567932
4,33,84,109,31283183668626414995018718345938
4,33,84,110,11106859950768059080066777966540
4,33,84,111,3729178189159964603453926383292
4,33,84,112,1183676994979027334772159929514
4,33,84,113,355062876397909152306337649643
4,33,84,114,100621723896689117979185795692
4,33,84,115,26932528197273915999489106738
4,33,84,116,6807415574210533521692461632
4,33,84,117,1624721279667261722610791839
4,33,84,118,366186259736027782424289922
4,33,84,119,77957680228863143789885206
4,33,84,120,15683057691526215606322452
4,33,84,121,2983092862089233658747062
4,33,84,122,536869796475161518495418
4,33,84,123,91489048893239728672585
4,33,84,124,14774104445263421449330
4,33,84,125,2262417023513192930882
4,33,84,126,328728893900265000434
4,33,84,127,45339195402130836341
4,33,84,128,5936873793518611976
4,33,84,129,737980320725723716
4,33,84,130,87044153999390570
4,33,84,131,9733344935758102
4,33,84,132,1030370161140350
4,33,84,133,103033551860084
4,33,84,134,9700212928974
4,33,84,135,855383686061
4,33,84,136,70101302784
4,33,84,137,5273536282
4,33,84,138,357937444
4,33,84,139,21343517
4,33,84,140,1064544
4,33,84,141,43415
4,33,84,142,1140
4,33,84,143,13
4,33,84,144,0
4,33,84,145,0
4,33,84,146,0
4,33,84,147,0
4,33,84,148,0
4,33,84,149,0
4,33,84,150,0
4,33,84,151,0
4,33,84,152,0
4,33,84,153,0
4,33,84,154,0
4,33,84,155,0
4,33,84,156,0
4,33,84,157,0
4,33,84,158,0
4,33,84,159,0
4,33,84,160,0
4,33,84,161,0
4,33,84,162,0
4,33,84,163,0
4,33,84,164,0
4,33,84,165,0
4,33,84,166,0
4,33,84,167,0
4,33,84,168,0
4,33,84,169,0
4,33,84,170,0
4,33,84,171,0
4,33,84,172,0
4,33,84,173,0
4,33,84,174,0
4,33,84,175,0
4,33,84,176,0
4,33,84,177,0
4,33,84,178,0
4,33,84,179,0
4,33,84,180,0
4,33,84,181,0
4,33,84,182,0
4,33,84,183,0
4,33,84,184,0
4,33,84,185,0
4,33,84,186,0
4,33,84,187,0
4,33,84,188,0
4,33,84,189,0
4,33,84,190,0
4,33,84,191,0
4,33,84,192,0
4,33,84,193,0
4,33,84,194,0
4,33,84,195,0
4,33,84,196,0
4,33,84,197,0
4,33,84,198,0
4,33,84,199,0
4,33,84,200,0
4,33,84,201,0
4,33,84,202,0
4,33,84,203,0
4,33,84,204,0
4,33,84,205,0
4,33,84,206,0
4,33,84,207,0
4,33,84,208,0
4,33,84,209,0
4,33,84,210,0
4,33,84,211,0
4,33,84,212,0
4,33,84,213,0
4,33,84,214,0
4,33,84,215,0
4,33,84,216,0
4,33,84,217,0
4,33,84,218,0
4,33,84,219,0
4,33,84,220,0
4,33,84,221,0
4,33,84,222,0
4,33,84,223,0
4,33,84,224,0
4,33,84,225,0
4,33,84,226,0
4,33,84,227,0
4,33,85,0,0
4,33,85,1,0
4,33,85,2,0
4,33,85,3,0
4,33,85,4,0
4,33,85,5,0
4,33,85,6,0
4,33,85,7,0
4,33,85,8,0
4,33,85,9,0
4,33,85,10,0
4,33,85,11,0
4,33,85,12,0
4,33,85,13,0
4,33,85,14,0
4,33,85,15,0
4,33,85,16,0
4,33,85,17,0
4,33,85,18,0
4,33,85,19,0
4,33,85,20,0
4,33,85,21,0
4,33,85,22,0
4,33,85,23,0
4,33,85,24,0
4,33,85,25,0
4,33,85,26,0
4,33,85,27,0
4,33,85,28,0
4,33,85,29,0
4,33,85,30,0
4,33,85,31,0
4,33,85,32,0
4,33,85,33,0
4,33,85,34,0
4,33,85,35,0
4,33,85,36,0
4,33,85,37,0
4,33,85,38,0
4,33,85,39,0
4,33,85,40,0
4,33,85,41,0
4,33,85,42,0
4,33,85,43,0
4,33,85,44,0
4,33,85,45,0
4,33,85,46,0
4,33,85,47,0
4,33,85,48,0
4,33,85,49,0
4,33,85,50,0
4,33,85,51,0
4,33,85,52,0
4,33,85,53,0
4,33,85,54,0
4,33,85,55,2333606220
4,33,85,56,256885258440
4,33,85,57,13238475976920
4,33,85,58,433050739376970
4,33,85,59,10265600749399626
4,33,85,60,190273072811574678
4,33,85,61,2895471696759226452
4,33,85,62,37397823937275119740
4,33,85,63,419722906306971662260
4,33,85,64,4163725417202285206912
4,33,85,65,36974542750135172503300
4,33,85,66,296731669510928136076400
4,33,85,67,2167765353552857610892484
4,33,85,68,14496163372335601589525036
4,33,85,69,89109832606545268029244584
4,33,85,70,505161960286387217558295222
4,33,85,71,2647431851101837764916521786
4,33,85,72,12849698395933704637647166312
4,33,85,73,57836858106990636989565129776
4,33,85,74,241635027392097955308591763926
4,33,85,75,937617935984969415624102802608
4,33,85,76,3380407300207117275667863376490
4,33,85,77,11326123218678039117974428235304
4,33,85,78,35269860580829896179515273578588
4,33,85,79,102081520277534297880132704346190
4,33,85,80,274606033186448166545704860139364
4,33,85,81,686586725382447928749791508760102
4,33,85,82,1595601630542828616685642980942388
4,33,85,83,3447065357378529590830144571428336
4,33,85,84,6924107377749879314844715422563648
4,33,85,85,12936274833460170758847667466851742
4,33,85,86,22489581184176447148908951712396770
4,33,85,87,36402508089646512626650212777531722
4,33,85,88,54899039172636287334422361516901462
4,33,85,89,77203703919483522159874552432590756
4,33,85,90,101333360739427216859177629013789356
4,33,85,91,124263894274864047257598259868444084
4,33,85,92,142521323897536386523342499938588676
4,33,85,93,153051687956112964625825023344503688
4,33,85,94,154066282311903586888045158964770070
4,33,85,95,145536981798198978732458578308323346
4,33,85,96,129154355168869215561341496513265420
4,33,85,97,107787714432306857402582560216643648
4,33,85,98,84680424438510227778332600921112706
4,33,85,99,62682815261544718922945823878460142
4,33,85,100,43755097287895142041120837503222106
4,33,85,101,28823587329443566944830273452835990
4,33,85,102,17930410597397218188742364306531434
4,33,85,103,10538923293594165358146404899670950
4,33,85,104,5855491274706760636095086941744256
4,33,85,105,3076412782074073190089588337302498
4,33,85,106,1528794084382235051080522807280786
4,33,85,107,718690466402637288645178547531772
4,33,85,108,319629077456634884165943936192904
4,33,85,109,134475959914752296735903096576394
4,33,85,110,53515746483001662654841490847952
4,33,85,111,20140370179589786636134748076536
4,33,85,112,7166106435931727588775301226970
4,33,85,113,2409833576334628241246252172582
4,33,85,114,765635476827357648803805996306
4,33,85,115,229734779716007781488220070062
4,33,85,116,65079942804475479302809380622
4,33,85,117,17400069682987458876625107344
4,33,85,118,4389784159482758145042785530
4,33,85,119,1044916816800497089770473188
4,33,85,120,234688595187048216241125980
4,33,85,121,49748136906362490173422270
4,33,85,122,9956803070059348701048500
4,33,85,123,1882694747779710209098716
4,33,85,124,336569159595651299307488
4,33,85,125,56931754394606556715836
4,33,85,126,9119594028315529373906
4,33,85,127,1384406716168416700654
4,33,85,128,199291097975208481136
4,33,85,129,27216541111269381300
4,33,85,130,3526757291038329838
4,33,85,131,433570582759396448
4,33,85,132,50543738552436992
4,33,85,133,5581833305895034
4,33,85,134,583045849954064
4,33,85,135,57462443393172
4,33,85,136,5323627591002
4,33,85,137,460928855594
4,33,85,138,36977250890
4,33,85,139,2711294564
4,33,85,140,177887044
4,33,85,141,10233680
4,33,85,142,480720
4,33,85,143,17660
4,33,85,144,480
4,33,85,145,0
4,33,85,146,0
4,33,85,147,0
4,33,85,148,0
4,33,85,149,0
4,33,85,150,0
4,33,85,151,0
4,33,85,152,0
4,33,85,153,0
4,33,85,154,0
4,33,85,155,0
4,33,85,156,0
4,33,85,157,0
4,33,85,158,0
4,33,85,159,0
4,33,85,160,0
4,33,85,161,0
4,33,85,162,0
4,33,85,163,0
4,33,85,164,0
4,33,85,165,0
4,33,85,166,0
4,33,85,167,0
4,33,85,168,0
4,33,85,169,0
4,33,85,170,0
4,33,85,171,0
4,33,85,172,0
4,33,85,173,0
4,33,85,174,0
4,33,85,175,0
4,33,85,176,0
4,33,85,177,0
4,33,85,178,0
4,33,85,179,0
4,33,85,180,0
4,33,85,181,0
4,33,85,182,0
4,33,85,183,0
4,33,85,184,0
4,33,85,185,0
4,33,85,186,0
4,33,85,187,0
4,33,85,188,0
4,33,85,189,0
4,33,85,190,0
4,33,85,191,0
4,33,85,192,0
4,33,85,193,0
4,33,85,194,0
4,33,85,195,0
4,33,85,196,0
4,33,85,197,0
4,33,85,198,0
4,33,85,199,0
4,33,85,200,0
4,33,85,201,0
4,33,85,202,0
4,33,85,203,0
4,33,85,204,0
4,33,85,205,0
4,33,85,206,0
4,33,85,207,0
4,33,85,208,0
4,33,85,209,0
4,33,85,210,0
4,33,85,211,0
4,33,85,212,0
4,33,85,213,0
4,33,85,214,0
4,33,85,215,0
4,33,85,216,0
4,33,85,217,0
4,33,85,218,0
4,33,85,219,0
4,33,85,220,0
4,33,85,221,0
4,33,85,222,0
4,33,85,223,0
4,33,85,224,0
4,33,85,225,0
4,33,85,226,0
4,33,85,227,0
4,33,86,0,0
4,33,86,1,0
4,33,86,2,0
4,33,86,3,0
4,33,86,4,0
4,33,86,5,0
4,33,86,6,0
4,33,86,7,0
4,33,86,8,0
4,33,86,9,0
4,33,86,10,0
4,33,86,11,0
4,33,86,12,0
4,33,86,13,0
4,33,86,14,0
4,33,86,15,0
4,33,86,16,0
4,33,86,17,0
4,33,86,18,0
4,33,86,19,0
4,33,86,20,0
4,33,86,21,0
4,33,86,22,0
4,33,86,23,0
4,33,86,24,0
4,33,86,25,0
4,33,86,26,0
4,33,86,27,0
4,33,86,28,0
4,33,86,29,0
4,33,86,30,0
4,33,86,31,0
4,33,86,32,0
4,33,86,33,0
4,33,86,34,0
4,33,86,35,0
4,33,86,36,0
4,33,86,37,0
4,33,86,38,0
4,33,86,39,0
4,33,86,40,0
4,33,86,41,0
4,33,86,42,0
4,33,86,43,0
4,33,86,44,0
4,33,86,45,0
4,33,86,46,0
4,33,86,47,0
4,33,86,48,0
4,33,86,49,0
4,33,86,50,0
4,33,86,51,0
4,33,86,52,0
4,33,86,53,0
4,33,86,54,0
4,33,86,55,0
4,33,86,56,0
4,33,86,57,0
4,33,86,58,2074316640
4,33,86,59,249706410810
4,33,86,60,13941134670690
4,33,86,61,488759525856870
4,33,86,62,12279316992884122
4,33,86,63,238639984493008356
4,33,86,64,3770916448700747812
4,33,86,65,50145391334147939130
4,33,86,66,575141394074103928468
4,33,86,67,5792885787930454982566
4,33,86,68,51930168537135615072752
4,33,86,69,418554933547717746819326
4,33,86,70,3056690513489099962632638
4,33,86,71,20346572228302039268635974
4,33,86,72,124007500160424572613247822
4,33,86,73,694439377307514929053216411
4,33,86,74,3582620007606229739723486987
4,33,86,75,17061312183041416165937160542
4,33,86,76,75112173574435523300385207822
4,33,86,77,306027130055907352880244289875
4,33,86,78,1154759025347827793511012849103
4,33,86,79,4037690360528702741349694199788
4,33,86,80,13086999444733143337559647889395
4,33,86,81,39329585284800198556957890940010
4,33,86,82,109610157341506259312951563507336
4,33,86,83,283339048260848623935364957667181
4,33,86,84,679464774944763475360747514162904
4,33,86,85,1511944597346228653584908429083277
4,33,86,86,3122851354387494689000404916395227
4,33,86,87,5989560369818029931700512545868055
4,33,86,88,10673287207029678626102637429951758
4,33,86,89,17682562609756022831043149523852056
4,33,86,90,27256663150442820268183300970308332
4,33,86,91,39126117996390332287492191784733550
4,33,86,92,52354874495653995786083096427213956
4,33,86,93,65374613162292523055945010238323903
4,33,86,94,76263098861036057116840087231148509
4,33,86,95,83211039012944401350665294718210830
4,33,86,96,85020280136054167953094500827984412
4,33,86,97,81442186833682709846984740553175306
4,33,86,98,73224979599549546735365121136363234
4,33,86,99,61862753034978738674597772579032549
4,33,86,100,49159733242954583435629613411126397
4,33,86,101,36780502897767703555168331920061598
4,33,86,102,25931898809173977971364226885110398
4,33,86,103,17242482408420347550428089990167159
4,33,86,104,10819608415220528955100455867366182
4,33,86,105,6410950411494690597340099201752042
4,33,86,106,3588719618531926615846032662984702
4,33,86,107,1898557332693905609487685744302342
4,33,86,108,949488128838183773922430377833914
4,33,86,109,448958087546065191065503166070979
4,33,86,110,200722770276970272888324930507657
4,33,86,111,84848334421396851996335645639952
4,33,86,112,33906797475313918438467293189116
4,33,86,113,12806521754664248616373478014614
4,33,86,114,4570343870381308665462901402156
4,33,86,115,1540588393380829244820260064850
4,33,86,116,490313637959359389359258832973
4,33,86,117,147276568810859864975381266625
4,33,86,118,41734414493238523044450349487
4,33,86,119,11153355781799962194682806960
4,33,86,120,2810312576622129449335934101
4,33,86,121,667550162084920727304025422
4,33,86,122,149488212001954571801465488
4,33,86,123,31566072870017000256877437
4,33,86,124,6287957515052111033615943
4,33,86,125,1182338216307876213495856
4,33,86,126,210015132322423962565886
4,33,86,127,35270264430232101724813
4,33,86,128,5605235176859477827926
4,33,86,129,843633187462874130646
4,33,86,130,120329793516145054472
4,33,86,131,16272192589271318388
4,33,86,132,2086645832392681045
4,33,86,133,253695817405577354
4,33,86,134,29227735992681340
4,33,86,135,3187331404948034
4,33,86,136,328435212113295
4,33,86,137,31891227338293
4,33,86,138,2905967396199
4,33,86,139,246881753284
4,33,86,140,19358851557
4,33,86,141,1382310829
4,33,86,142,87606833
4,33,86,143,4800238
4,33,86,144,217470
4,33,86,145,6896
4,33,86,146,168
4,33,86,147,0
4,33,86,148,0
4,33,86,149,0
4,33,86,150,0
4,33,86,151,0
4,33,86,152,0
4,33,86,153,0
4,33,86,154,0
4,33,86,155,0
4,33,86,156,0
4,33,86,157,0
4,33,86,158,0
4,33,86,159,0
4,33,86,160,0
4,33,86,161,0
4,33,86,162,0
4,33,86,163,0
4,33,86,164,0
4,33,86,165,0
4,33,86,166,0
4,33,86,167,0
4,33,86,168,0
4,33,86,169,0
4,33,86,170,0
4,33,86,171,0
4,33,86,172,0
4,33,86,173,0
4,33,86,174,0
4,33,86,175,0
4,33,86,176,0
4,33,86,177,0
4,33,86,178,0
4,33,86,179,0
4,33,86,180,0
4,33,86,181,0
4,33,86,182,0
4,33,86,183,0
4,33,86,184,0
4,33,86,185,0
4,33,86,186,0
4,33,86,187,0
4,33,86,188,0
4,33,86,189,0
4,33,86,190,0
4,33,86,191,0
4,33,86,192,0
4,33,86,193,0
4,33,86,194,0
4,33,86,195,0
4,33,86,196,0
4,33,86,197,0
4,33,86,198,0
4,33,86,199,0
4,33,86,200,0
4,33,86,201,0
4,33,86,202,0
4,33,86,203,0
4,33,86,204,0
4,33,86,205,0
4,33,86,206,0
4,33,86,207,0
4,33,86,208,0
4,33,86,209,0
4,33,86,210,0
4,33,86,211,0
4,33,86,212,0
4,33,86,213,0
4,33,86,214,0
4,33,86,215,0
4,33,86,216,0
4,33,86,217,0
4,33,86,218,0
4,33,86,219,0
4,33,86,220,0
4,33,86,221,0
4,33,86,222,0
4,33,86,223,0
4,33,86,224,0
4,33,86,225,0
4,33,86,226,0
4,33,86,227,0
4,33,87,0,0
4,33,87,1,0
4,33,87,2,0
4,33,87,3,0
4,33,87,4,0
4,33,87,5,0
4,33,87,6,0
4,33,87,7,0
4,33,87,8,0
4,33,87,9,0
4,33,87,10,0
4,33,87,11,0
4,33,87,12,0
4,33,87,13,0
4,33,87,14,0
4,33,87,15,0
4,33,87,16,0
4,33,87,17,0
4,33,87,18,0
4,33,87,19,0
4,33,87,20,0
4,33,87,21,0
4,33,87,22,0
4,33,87,23,0
4,33,87,24,0
4,33,87,25,0
4,33,87,26,0
4,33,87,27,0
4,33,87,28,0
4,33,87,29,0
4,33,87,30,0
4,33,87,31,0
4,33,87,32,0
4,33,87,33,0
4,33,87,34,0
4,33,87,35,0
4,33,87,36,0
4,33,87,37,0
4,33,87,38,0
4,33,87,39,0
4,33,87,40,0
4,33,87,41,0
4,33,87,42,0
4,33,87,43,0
4,33,87,44,0
4,33,87,45,0
4,33,87,46,0
4,33,87,47,0
4,33,87,48,0
4,33,87,49,0
4,33,87,50,0
4,33,87,51,0
4,33,87,52,0
4,33,87,53,0
4,33,87,54,0
4,33,87,55,0
4,33,87,56,0
4,33,87,57,0
4,33,87,58,0
4,33,87,59,0
4,33,87,60,0
4,33,87,61,1637618400
4,33,87,62,215685508860
4,33,87,63,13062265408080
4,33,87,64,491869703973370
4,33,87,65,13133697104393524
4,33,87,66,268467051393449458
4,33,87,67,4418906275425198698
4,33,87,68,60677999456479498314
4,33,87,69,713111675051580931208
4,33,87,70,7309793238042470059186
4,33,87,71,66288019394470166723656
4,33,87,72,537557717714411935989900
4,33,87,73,3930578094866255553941690
4,33,87,74,26078613968684533898934910
4,33,87,75,157773250707768938939285622
4,33,87,76,873651690630928193598949880
4,33,87,77,4440718180997436888817245628
4,33,87,78,20765057533138907646784213056
4,33,87,79,89474549801154544092450709978
4,33,87,80,355707056292893594937795179720
4,33,87,81,1305911585990900710711000078768
4,33,87,82,4430601032670165698695703355484
4,33,87,83,13898443652411738036488912707670
4,33,87,84,40327873046955688642528964544252
4,33,87,85,108277301438740127689663806658468
4,33,87,86,269101198025913164540082838525434
4,33,87,87,619306257015791542732491797977720
4,33,87,88,1320378977243422266306631091278368
4,33,87,89,2609297740309457006510288470321012
4,33,87,90,4782486732804761716296048816179906
4,33,87,91,8136003272361448244189315832257544
4,33,87,92,12857828425183203395152621609151122
4,33,87,93,18894823478909653123950809347302936
4,33,87,94,25846316608217436143905268735611084
4,33,87,95,32948211750067976967505516340818120
4,33,87,96,39189059665265049686779954853236932
4,33,87,97,43544737803787316267645924665898452
4,33,87,98,45257202141418625452000269318336090
4,33,87,99,44051391659513614984328007983837132
4,33,87,100,40204665860903568355825160916981228
4,33,87,101,34446203279645870670553675298536628
4,33,87,102,27735044595097573540312210385284034
4,33,87,103,21007732969294363671230281101557190
4,33,87,104,14982824242596113479840614725186308
4,33,87,105,10070044423340181652717326803199806
4,33,87,106,6382728692137908029413877248250884
4,33,87,107,3817561164177237532121230531096122
4,33,87,108,2155706497850498898703827996050326
4,33,87,109,1149709489646057707562422666615384
4,33,87,110,579300240322533782944491747205684
4,33,87,111,275810319080884093849668115037530
4,33,87,112,124089631183234450114072774654042
4,33,87,113,52754579902397145457559565769940
4,33,87,114,21189614618073966741202858793562
4,33,87,115,8039391441769458925163858635176
4,33,87,116,2880214218208112546384510384456
4,33,87,117,974010863351706892742680155624
4,33,87,118,310782157170196864703639773862
4,33,87,119,93520780339692757774102376386
4,33,87,120,26529575986108861270200296418
4,33,87,121,7091738369409186500289785974
4,33,87,122,1785842154976467441383786868
4,33,87,123,423570717618428497269843668
4,33,87,124,94623871809769880495075990
4,33,87,125,19913885894847593164442328
4,33,87,126,3949810486632129939258584
4,33,87,127,738817866112724473737710
4,33,87,128,130433626886776862929228
4,33,87,129,21753436653764522023262
4,33,87,130,3430481344239996947438
4,33,87,131,511967364093949199996
4,33,87,132,72359032363886278616
4,33,87,133,9689699018885083046
4,33,87,134,1229620053862668254
4,33,87,135,147840594718375894
4,33,87,136,16830814858818024
4,33,87,137,1812112203001154
4,33,87,138,184156949180412
4,33,87,139,17611271571048
4,33,87,140,1577372029644
4,33,87,141,131383612360
4,33,87,142,10062190508
4,33,87,143,697642930
4,33,87,144,42709664
4,33,87,145,2224462
4,33,87,146,94696
4,33,87,147,2772
4,33,87,148,48
4,33,87,149,0
4,33,87,150,0
4,33,87,151,0
4,33,87,152,0
4,33,87,153,0
4,33,87,154,0
4,33,87,155,0
4,33,87,156,0
4,33,87,157,0
4,33,87,158,0
4,33,87,159,0
4,33,87,160,0
4,33,87,161,0
4,33,87,162,0
4,33,87,163,0
4,33,87,164,0
4,33,87,165,0
4,33,87,166,0
4,33,87,167,0
4,33,87,168,0
4,33,87,169,0
4,33,87,170,0
4,33,87,171,0
4,33,87,172,0
4,33,87,173,0
4,33,87,174,0
4,33,87,175,0
4,33,87,176,0
4,33,87,177,0
4,33,87,178,0
4,33,87,179,0
4,33,87,180,0
4,33,87,181,0
4,33,87,182,0
4,33,87,183,0
4,33,87,184,0
4,33,87,185,0
4,33,87,186,0
4,33,87,187,0
4,33,87,188,0
4,33,87,189,0
4,33,87,190,0
4,33,87,191,0
4,33,87,192,0
4,33,87,193,0
4,33,87,194,0
4,33,87,195,0
4,33,87,196,0
4,33,87,197,0
4,33,87,198,0
4,33,87,199,0
4,33,87,200,0
4,33,87,201,0
4,33,87,202,0
4,33,87,203,0
4,33,87,204,0
4,33,87,205,0
4,33,87,206,0
4,33,87,207,0
4,33,87,208,0
4,33,87,209,0
4,33,87,210,0
4,33,87,211,0
4,33,87,212,0
4,33,87,213,0
4,33,87,214,0
4,33,87,215,0
4,33,87,216,0
4,33,87,217,0
4,33,87,218,0
4,33,87,219,0
4,33,87,220,0
4,33,87,221,0
4,33,87,222,0
4,33,87,223,0
4,33,87,224,0
4,33,87,225,0
4,33,87,226,0
4,33,87,227,0
4,33,88,0,0
4,33,88,1,0
4,33,88,2,0
4,33,88,3,0
4,33,88,4,0
4,33,88,5,0
4,33,88,6,0
4,33,88,7,0
4,33,88,8,0
4,33,88,9,0
4,33,88,10,0
4,33,88,11,0
4,33,88,12,0
4,33,88,13,0
4,33,88,14,0
4,33,88,15,0
4,33,88,16,0
4,33,88,17,0
4,33,88,18,0
4,33,88,19,0
4,33,88,20,0
4,33,88,21,0
4,33,88,22,0
4,33,88,23,0
4,33,88,24,0
4,33,88,25,0
4,33,88,26,0
4,33,88,27,0
4,33,88,28,0
4,33,88,29,0
4,33,88,30,0
4,33,88,31,0
4,33,88,32,0
4,33,88,33,0
4,33,88,34,0
4,33,88,35,0
4,33,88,36,0
4,33,88,37,0
4,33,88,38,0
4,33,88,39,0
4,33,88,40,0
4,33,88,41,0
4,33,88,42,0
4,33,88,43,0
4,33,88,44,0
4,33,88,45,0
4,33,88,46,0
4,33,88,47,0
4,33,88,48,0
4,33,88,49,0
4,33,88,50,0
4,33,88,51,0
4,33,88,52,0
4,33,88,53,0
4,33,88,54,0
4,33,88,55,0
4,33,88,56,0
4,33,88,57,0
4,33,88,58,0
4,33,88,59,0
4,33,88,60,0
4,33,88,61,0
4,33,88,62,0
4,33,88,63,0
4,33,88,64,1146332880
4,33,88,65,165377747550
4,33,88,66,10882641716040
4,33,88,67,441183437041230
4,33,88,68,12556862909369416
4,33,88,69,270848063969094756
4,33,88,70,4659013398304808992
4,33,88,71,66267240515199452544
4,33,88,72,800294546013180404180
4,33,88,73,8370206738978999441634
4,33,88,74,76957817717072511801454
4,33,88,75,629157714667991535009240
4,33,88,76,4613938561953002127098372
4,33,88,77,30558927228769878740827618
4,33,88,78,183756310156559104622784406
4,33,88,79,1007287509974624001380252505
4,33,88,80,5049401144807514564780299708
4,33,88,81,23203677332649899039046475017
4,33,88,82,97930093753905902262188534502
4,33,88,83,380138978384706924358711617872
4,33,88,84,1358683776276512155731218269681
4,33,88,85,4475313830146232225393972493272
4,33,88,86,13594575578926826240440404657080
4,33,88,87,38107338912063675446612253598080
4,33,88,88,98626866214662138574715237453355
4,33,88,89,235812650535847188304129085542876
4,33,88,90,521171889361919560113180454037680
4,33,88,91,1065422434017337010866187217240016
4,33,88,92,2016101523038138960798460558873771
4,33,88,93,3534428409611217843264417420984015
4,33,88,94,5745858184160883715358142377047892
4,33,88,95,8671161117804978217077472804544860
4,33,88,96,12161430994305656238967976327286213
4,33,88,97,15871185986484015328708290744119586
4,33,88,98,19297830502476897885372764303130606
4,33,88,99,21890418499567811910730575602903495
4,33,88,100,23196515071725265449187808696928824
4,33,88,101,22992469242222010981663413149543868
4,33,88,102,21345132541867690592358444783683706
4,33,88,103,18582127082291523960840121598650365
4,33,88,104,15187208507542915181698303879191213
4,33,88,105,11665755882372677406920734923519496
4,33,88,106,8429964980684510797163869510500220
4,33,88,107,5735848444171111850298470838779371
4,33,88,108,3677582515302324657792707675045192
4,33,88,109,2223334400129538361288764850204391
4,33,88,110,1268116497810326966537756892469084
4,33,88,111,682667024044274764868274882456861
4,33,88,112,346965570815531740386684456271614
4,33,88,113,166522551453540836708557548113369
4,33,88,114,75474572545877453392669642162894
4,33,88,115,32303728985071945986541427600766
4,33,88,116,13054691107655198276727469752450
4,33,88,117,4980093518643133845503210003832
4,33,88,118,1792761300598737958383064561122
4,33,88,119,608761309301521829891426241276
4,33,88,120,194900759811115575433697507700
4,33,88,121,58804678519609256602455010598
4,33,88,122,16712188450085181485602806782
4,33,88,123,4471847750221377995119617716
4,33,88,124,1126209601428031318027692268
4,33,88,125,266891197340613486560031065
4,33,88,126,59513396902839031996542262
4,33,88,127,12489311182479377082174708
4,33,88,128,2467671864800978637238813
4,33,88,129,459350950915952024455280
4,33,88,130,80626334983420121003646
4,33,88,131,13356826465845442104787
4,33,88,132,2090517213070472645877
4,33,88,133,309403688777987599252
4,33,88,134,43335336942753011180
4,33,88,135,5746707330406362879
4,33,88,136,721659245279965335
4,33,88,137,85799713621376891
4,33,88,138,9651026379018456
4,33,88,139,1025694191679766
4,33,88,140,102771156775561
4,33,88,141,9675134704829
4,33,88,142,851284635670
4,33,88,143,69448579711
4,33,88,144,5187619729
4,33,88,145,348932956
4,33,88,146,20561954
4,33,88,147,1012148
4,33,88,148,40816
4,33,88,149,1045
4,33,88,150,12
4,33,88,151,0
4,33,88,152,0
4,33,88,153,0
4,33,88,154,0
4,33,88,155,0
4,33,88,156,0
4,33,88,157,0
4,33,88,158,0
4,33,88,159,0
4,33,88,160,0
4,33,88,161,0
4,33,88,162,0
4,33,88,163,0
4,33,88,164,0
4,33,88,165,0
4,33,88,166,0
4,33,88,167,0
4,33,88,168,0
4,33,88,169,0
4,33,88,170,0
4,33,88,171,0
4,33,88,172,0
4,33,88,173,0
4,33,88,174,0
4,33,88,175,0
4,33,88,176,0
4,33,88,177,0
4,33,88,178,0
4,33,88,179,0
4,33,88,180,0
4,33,88,181,0
4,33,88,182,0
4,33,88,183,0
4,33,88,184,0
4,33,88,185,0
4,33,88,186,0
4,33,88,187,0
4,33,88,188,0
4,33,88,189,0
4,33,88,190,0
4,33,88,191,0
4,33,88,192,0
4,33,88,193,0
4,33,88,194,0
4,33,88,195,0
4,33,88,196,0
4,33,88,197,0
4,33,88,198,0
4,33,88,199,0
4,33,88,200,0
4,33,88,201,0
4,33,88,202,0
4,33,88,203,0
4,33,88,204,0
4,33,88,205,0
4,33,88,206,0
4,33,88,207,0
4,33,88,208,0
4,33,88,209,0
4,33,88,210,0
4,33,88,211,0
4,33,88,212,0
4,33,88,213,0
4,33,88,214,0
4,33,88,215,0
4,33,88,216,0
4,33,88,217,0
4,33,88,218,0
4,33,88,219,0
4,33,88,220,0
4,33,88,221,0
4,33,88,222,0
4,33,88,223,0
4,33,88,224,0
4,33,88,225,0
4,33,88,226,0
4,33,88,227,0
4,33,89,0,0
4,33,89,1,0
4,33,89,2,0
4,33,89,3,0
4,33,89,4,0
4,33,89,5,0
4,33,89,6,0
4,33,89,7,0
4,33,89,8,0
4,33,89,9,0
4,33,89,10,0
4,33,89,11,0
4,33,89,12,0
4,33,89,13,0
4,33,89,14,0
4,33,89,15,0
4,33,89,16,0
4,33,89,17,0
4,33,89,18,0
4,33,89,19,0
4,33,89,20,0
4,33,89,21,0
4,33,89,22,0
4,33,89,23,0
4,33,89,24,0
4,33,89,25,0
4,33,89,26,0
4,33,89,27,0
4,33,89,28,0
4,33,89,29,0
4,33,89,30,0
4,33,89,31,0
4,33,89,32,0
4,33,89,33,0
4,33,89,34,0
4,33,89,35,0
4,33,89,36,0
4,33,89,37,0
4,33,89,38,0
4,33,89,39,0
4,33,89,40,0
4,33,89,41,0
4,33,89,42,0
4,33,89,43,0
4,33,89,44,0
4,33,89,45,0
4,33,89,46,0
4,33,89,47,0
4,33,89,48,0
4,33,89,49,0
4,33,89,50,0
4,33,89,51,0
4,33,89,52,0
4,33,89,53,0
4,33,89,54,0
4,33,89,55,0
4,33,89,56,0
4,33,89,57,0
4,33,89,58,0
4,33,89,59,0
4,33,89,60,0
4,33,89,61,0
4,33,89,62,0
4,33,89,63,0
4,33,89,64,0
4,33,89,65,0
4,33,89,66,0
4,33,89,67,709634640
4,33,89,68,112357990920
4,33,89,69,8051458898880
4,33,89,70,352339690525380
4,33,89,71,10722465321703108
4,33,89,72,244880427013421830
4,33,89,73,4417442701000532868
4,33,89,74,65300048617593058744
4,33,89,75,812887794185301702252
4,33,89,76,8698936690313305201304
4,33,89,77,81291411205913945768890
4,33,89,78,671451141570781610643022
4,33,89,79,4948066525920973623029378
4,33,89,80,32768906208122801080616340
4,33,89,81,196132671924830113589396368
4,33,89,82,1065650719556681695900786018
4,33,89,83,5274133396229555134966043038
4,33,89,84,23841050955119142171089378952
4,33,89,85,98639523169295300687176108324
4,33,89,86,374151178596165675799208261064
4,33,89,87,1302830619399207642206998594776
4,33,89,88,4169103724496047938355633729004
4,33,89,89,12271831866709938514818228070148
4,33,89,90,33253953492188009734789872150410
4,33,89,91,83019597767126677594863734601970
4,33,89,92,191099022176938395981619582025074
4,33,89,93,405910749886755645934191197135736
4,33,89,94,796304917316756525116184651807980
4,33,89,95,1444190266733731263625244362058440
4,33,89,96,2423963795097492989509693572112704
4,33,89,97,3769524379256480960606970529671314
4,33,89,98,5438085849121224902194159422639912
4,33,89,99,7287477821670839403364445784987204
4,33,89,100,9083989550572539288131719179387724
4,33,89,101,10547628965647341019515907207888736
4,33,89,102,11424213426565568882086913146442998
4,33,89,103,11558431849985926645463896897785076
4,33,89,104,10938668126947554133501257211000906
4,33,89,105,9695940816837046621711034695295196
4,33,89,106,8059542908717300870681379570659156
4,33,89,107,6289593543304036239241633965101328
4,33,89,108,4612964836104094938252558989267386
4,33,89,109,3182657617501236266561867586059240
4,33,89,110,2067326421471638673703861044773936
4,33,89,111,1265152930788223103924134608859308
4,33,89,112,729868035944558359325311367660366
4,33,89,113,397110929508507126347847806303178
4,33,89,114,203840495276724589260279757589344
4,33,89,115,98735107485625071252048910214886
4,33,89,116,45132968168158216218011642592074
4,33,89,117,19469047155490854711571793589638
4,33,89,118,7924325130125092643161511307200
4,33,89,119,3042559475175570126840306002016
4,33,89,120,1101605570720440237802810158158
4,33,89,121,375957988032721460213647032718
4,33,89,122,120883691592397559456322245744
4,33,89,123,36600287959851841913832512282
4,33,89,124,10429440814211100280708567524
4,33,89,125,2795658477015140143914368604
4,33,89,126,704655066089605608271160634
4,33,89,127,166962847650947694461650158
4,33,89,128,37185772511439609171624166
4,33,89,129,7785947022568561141649664
4,33,89,130,1533206210544863475646600
4,33,89,131,284140307455677491362286
4,33,89,132,49601118421306673265822
4,33,89,133,8164329882599216456364
4,33,89,134,1268468652360699173086
4,33,89,135,186206593315818312834
4,33,89,136,25847178196360404712
4,33,89,137,3394394317360803564
4,33,89,138,421811536544494622
4,33,89,139,49587253679043954
4,33,89,140,5510273227074928
4,33,89,141,577941275405510
4,33,89,142,57074789642936
4,33,89,143,5286940280806
4,33,89,144,456627718460
4,33,89,145,36454478750
4,33,89,146,2653153002
4,33,89,147,172441798
4,33,89,148,9805604
4,33,89,149,454084
4,33,89,150,16502
4,33,89,151,440
4,33,89,152,0
4,33,89,153,0
4,33,89,154,0
4,33,89,155,0
4,33,89,156,0
4,33,89,157,0
4,33,89,158,0
4,33,89,159,0
4,33,89,160,0
4,33,89,161,0
4,33,89,162,0
4,33,89,163,0
4,33,89,164,0
4,33,89,165,0
4,33,89,166,0
4,33,89,167,0
4,33,89,168,0
4,33,89,169,0
4,33,89,170,0
4,33,89,171,0
4,33,89,172,0
4,33,89,173,0
4,33,89,174,0
4,33,89,175,0
4,33,89,176,0
4,33,89,177,0
4,33,89,178,0
4,33,89,179,0
4,33,89,180,0
4,33,89,181,0
4,33,89,182,0
4,33,89,183,0
4,33,89,184,0
4,33,89,185,0
4,33,89,186,0
4,33,89,187,0
4,33,89,188,0
4,33,89,189,0
4,33,89,190,0
4,33,89,191,0
4,33,89,192,0
4,33,89,193,0
4,33,89,194,0
4,33,89,195,0
4,33,89,196,0
4,33,89,197,0
4,33,89,198,0
4,33,89,199,0
4,33,89,200,0
4,33,89,201,0
4,33,89,202,0
4,33,89,203,0
4,33,89,204,0
4,33,89,205,0
4,33,89,206,0
4,33,89,207,0
4,33,89,208,0
4,33,89,209,0
4,33,89,210,0
4,33,89,211,0
4,33,89,212,0
4,33,89,213,0
4,33,89,214,0
4,33,89,215,0
4,33,89,216,0
4,33,89,217,0
4,33,89,218,0
4,33,89,219,0
4,33,89,220,0
4,33,89,221,0
4,33,89,222,0
4,33,89,223,0
4,33,89,224,0
4,33,89,225,0
4,33,89,226,0
4,33,89,227,0
4,33,90,0,0
4,33,90,1,0
4,33,90,2,0
4,33,90,3,0
4,33,90,4,0
4,33,90,5,0
4,33,90,6,0
4,33,90,7,0
4,33,90,8,0
4,33,90,9,0
4,33,90,10,0
4,33,90,11,0
4,33,90,12,0
4,33,90,13,0
4,33,90,14,0
4,33,90,15,0
4,33,90,16,0
4,33,90,17,0
4,33,90,18,0
4,33,90,19,0
4,33,90,20,0
4,33,90,21,0
4,33,90,22,0
4,33,90,23,0
4,33,90,24,0
4,33,90,25,0
4,33,90,26,0
4,33,90,27,0
4,33,90,28,0
4,33,90,29,0
4,33,90,30,0
4,33,90,31,0
4,33,90,32,0
4,33,90,33,0
4,33,90,34,0
4,33,90,35,0
4,33,90,36,0
4,33,90,37,0
4,33,90,38,0
4,33,90,39,0
4,33,90,40,0
4,33,90,41,0
4,33,90,42,0
4,33,90,43,0
4,33,90,44,0
4,33,90,45,0
4,33,90,46,0
4,33,90,47,0
4,33,90,48,0
4,33,90,49,0
4,33,90,50,0
4,33,90,51,0
4,33,90,52,0
4,33,90,53,0
4,33,90,54,0
4,33,90,55,0
4,33,90,56,0
4,33,90,57,0
4,33,90,58,0
4,33,90,59,0
4,33,90,60,0
4,33,90,61,0
4,33,90,62,0
4,33,90,63,0
4,33,90,64,0
4,33,90,65,0
4,33,90,66,0
4,33,90,67,0
4,33,90,68,0
4,33,90,69,0
4,33,90,70,387073440
4,33,90,71,67454909730
4,33,90,72,5278792411410
4,33,90,73,250125272786570
4,33,90,74,8166385625766194
4,33,90,75,198187124805005778
4,33,90,76,3763076884919199220
4,33,90,77,58020269098266783766
4,33,90,78,746995015959126781206
4,33,90,79,8204009128057349621410
4,33,90,80,78135811368185860710812
4,33,90,81,653626732187986007212224
4,33,90,82,4850425958576520624184332
4,33,90,83,32178975463673367384641698
4,33,90,84,192021048270880534689221962
4,33,90,85,1035582080175511305085369695
4,33,90,86,5066553072248692118118956720
4,33,90,87,22554001411739586939358326670
4,33,90,88,91568033423904710514274234637
4,33,90,89,339702589307840282567966767806
4,33,90,90,1153359229051317398380848073935
4,33,90,91,3588478530519112225278283428175
4,33,90,92,10243156481678467000532914533284
4,33,90,93,26852850069865534389559337872437
4,33,90,94,64716868292423131297717780290351
4,33,90,95,143533778645964443415127099729975
4,33,90,96,293262177822266658585757066724135
4,33,90,97,552594758127095137692242415703203
4,33,90,98,961443769252538015624997377147870
4,33,90,99,1546541658959975083951820266236832
4,33,90,100,2303080400609579871717804204838285
4,33,90,101,3179695014004681748241005833980579
4,33,90,102,4075982365441110867370925959409041
4,33,90,103,4858522627663660109327143574689433
4,33,90,104,5393351245821894968400238896925745
4,33,90,105,5584002290043409017719971534335263
4,33,90,106,5400044262623621087947345492802485
4,33,90,107,4884499050623492555737737696227575
4,33,90,108,4137955877270620824387360305580884
4,33,90,109,3287203303835567046506714880035597
4,33,90,110,2451480481145463198446258209754176
4,33,90,111,1718020424274092342664261288493938
4,33,90,112,1132428188056429931074228679824858
4,33,90,113,702595674580000580277249448045600
4,33,90,114,410569670996571339013785654382600
4,33,90,115,226085321635340363276302851352538
4,33,90,116,117360679872865852009268536433844
4,33,90,117,57443593626373833158538747831576
4,33,90,118,26514130937156063766809774064868
4,33,90,119,11540469953951780409903686010344
4,33,90,120,4736100059042131576347008174867
4,33,90,121,1832149944408612669736695336428
4,33,90,122,667867435769425657621840147055
4,33,90,123,229306226912985022038855631211
4,33,90,124,74116359107375501479394911414
4,33,90,125,22539349636340203432526038915
4,33,90,126,6445380907162954066001199525
4,33,90,127,1732203523549020751208138579
4,33,90,128,437310218551486437728235738
4,33,90,129,103675595985904112821950868
4,33,90,130,23078070759158208064320725
4,33,90,131,4823976180729139473060065
4,33,90,132,947244401536626278795586
4,33,90,133,174848606742616170695427
4,33,90,134,30367176994963489552607
4,33,90,135,4967741688447997616483
4,33,90,136,766333183522782194570
4,33,90,137,111593320229830695989
4,33,90,138,15352995458919909767
4,33,90,139,1996758660241284685
4,33,90,140,245534057949188749
4,33,90,141,28537891373450732
4,33,90,142,3132349408185313
4,33,90,143,324145002468107
4,33,90,144,31538411215257
4,33,90,145,2873004733618
4,33,90,146,243415546443
4,33,90,147,18989138651
4,33,90,148,1345358019
4,33,90,149,84428099
4,33,90,150,4575577
4,33,90,151,204073
4,33,90,152,6398
4,33,90,153,154
4,33,90,154,0
4,33,90,155,0
4,33,90,156,0
4,33,90,157,0
4,33,90,158,0
4,33,90,159,0
4,33,90,160,0
4,33,90,161,0
4,33,90,162,0
4,33,90,163,0
4,33,90,164,0
4,33,90,165,0
4,33,90,166,0
4,33,90,167,0
4,33,90,168,0
4,33,90,169,0
4,33,90,170,0
4,33,90,171,0
4,33,90,172,0
4,33,90,173,0
4,33,90,174,0
4,33,90,175,0
4,33,90,176,0
4,33,90,177,0
4,33,90,178,0
4,33,90,179,0
4,33,90,180,0
4,33,90,181,0
4,33,90,182,0
4,33,90,183,0
4,33,90,184,0
4,33,90,185,0
4,33,90,186,0
4,33,90,187,0
4,33,90,188,0
4,33,90,189,0
4,33,90,190,0
4,33,90,191,0
4,33,90,192,0
4,33,90,193,0
4,33,90,194,0
4,33,90,195,0
4,33,90,196,0
4,33,90,197,0
4,33,90,198,0
4,33,90,199,0
4,33,90,200,0
4,33,90,201,0
4,33,90,202,0
4,33,90,203,0
4,33,90,204,0
4,33,90,205,0
4,33,90,206,0
4,33,90,207,0
4,33,90,208,0
4,33,90,209,0
4,33,90,210,0
4,33,90,211,0
4,33,90,212,0
4,33,90,213,0
4,33,90,214,0
4,33,90,215,0
4,33,90,216,0
4,33,90,217,0
4,33,90,218,0
4,33,90,219,0
4,33,90,220,0
4,33,90,221,0
4,33,90,222,0
4,33,90,223,0
4,33,90,224,0
4,33,90,225,0
4,33,90,226,0
4,33,90,227,0
4,33,91,0,0
4,33,91,1,0
4,33,91,2,0
4,33,91,3,0
4,33,91,4,0
4,33,91,5,0
4,33,91,6,0
4,33,91,7,0
4,33,91,8,0
4,33,91,9,0
4,33,91,10,0
4,33,91,11,0
4,33,91,12,0
4,33,91,13,0
4,33,91,14,0
4,33,91,15,0
4,33,91,16,0
4,33,91,17,0
4,33,91,18,0
4,33,91,19,0
4,33,91,20,0
4,33,91,21,0
4,33,91,22,0
4,33,91,23,0
4,33,91,24,0
4,33,91,25,0
4,33,91,26,0
4,33,91,27,0
4,33,91,28,0
4,33,91,29,0
4,33,91,30,0
4,33,91,31,0
4,33,91,32,0
4,33,91,33,0
4,33,91,34,0
4,33,91,35,0
4,33,91,36,0
4,33,91,37,0
4,33,91,38,0
4,33,91,39,0
4,33,91,40,0
4,33,91,41,0
4,33,91,42,0
4,33,91,43,0
4,33,91,44,0
4,33,91,45,0
4,33,91,46,0
4,33,91,47,0
4,33,91,48,0
4,33,91,49,0
4,33,91,50,0
4,33,91,51,0
4,33,91,52,0
4,33,91,53,0
4,33,91,54,0
4,33,91,55,0
4,33,91,56,0
4,33,91,57,0
4,33,91,58,0
4,33,91,59,0
4,33,91,60,0
4,33,91,61,0
4,33,91,62,0
4,33,91,63,0
4,33,91,64,0
4,33,91,65,0
4,33,91,66,0
4,33,91,67,0
4,33,91,68,0
4,33,91,69,0
4,33,91,70,0
4,33,91,71,0
4,33,91,72,0
4,33,91,73,185122080
4,33,91,74,35650726020
4,33,91,75,3057981762732
4,33,91,76,157462554701508
4,33,91,77,5536434798923260
4,33,91,78,143339609133705322
4,33,91,79,2876130193798589512
4,33,91,80,46432298819736284610
4,33,91,81,620529571800373965808
4,33,91,82,7017717934068888649418
4,33,91,83,68323877232968986447610
4,33,91,84,580396219723520793627952
4,33,91,85,4347402781241374743007630
4,33,91,86,28952799324829658299938098
4,33,91,87,172563233548049684290889930
4,33,91,88,925233520984845196882925450
4,33,91,89,4481113718590933347238287778
4,33,91,90,19668887278225838524704021770
4,33,91,91,78448572911271834634708983318
4,33,91,92,284934714101905211305675463028
4,33,91,93,944170048525800285214568622860
4,33,91,94,2858772146134736173649084562074
4,33,91,95,7920277324327603502106000318486
4,33,91,96,20104675763832126291925685862318
4,33,91,97,46816140642073815972906943341088
4,33,91,98,100134321193594668218326215691090
4,33,91,99,196979642551878520524481190802416
4,33,91,100,356859904881886197772815186721570
4,33,91,101,596250526442891667078499166141860
4,33,91,102,920155172791512834236382630148800
4,33,91,103,1313614774487686533667689527961234
4,33,91,104,1737573744122133930667888008209810
4,33,91,105,2133005020885803339367218196915140
4,33,91,106,2434000215293218474559246402260328
4,33,91,107,2585992798556277731233364028139974
4,33,91,108,2562069832397988593954879720584622
4,33,91,109,2370623035853488252509712640857784
4,33,91,110,2051430455853498692497857011643224
4,33,91,111,1662440044047111441504054257523084
4,33,91,112,1263147579975267530492192897852074
4,33,91,113,900850756571428642945688339062158
4,33,91,114,603613048799367819476721600383900
4,33,91,115,380303404107992204014490887553582
4,33,91,116,225458914537345736124751963160196
4,33,91,117,125837518820724975698946974091340
4,33,91,118,66151268437474531754730404573740
4,33,91,119,32762063524543452190756386865988
4,33,91,120,15288671325163351990621396908600
4,33,91,121,6722578545338671067519348567982
4,33,91,122,2784938688274187803131261530930
4,33,91,123,1086679729368956568692900155220
4,33,91,124,399242655648417785716191337326
4,33,91,125,138045272285948830635545690530
4,33,91,126,44897250562260633474228600928
4,33,91,127,13726868098693730883900029440
4,33,91,128,3942816559465087534956288178
4,33,91,129,1063318798504545997922145160
4,33,91,130,269098889792375369277844888
4,33,91,131,63882096767956587038359408
4,33,91,132,14222581759640250234289458
4,33,91,133,2969853819847687828793758
4,33,91,134,581842603270221381099418
4,33,91,135,107024249825824201171938
4,33,91,136,18500281919300259770416
4,33,91,137,3008783726995718396534
4,33,91,138,460941889950416808412
4,33,91,139,66594302235723106580
4,33,91,140,9081655789622820512
4,33,91,141,1169742215712306016
4,33,91,142,142327583137887310
4,33,91,143,16353560702691126
4,33,91,144,1772661664320274
4,33,91,145,180937438858862
4,33,91,146,17337917231166
4,33,91,147,1552213603294
4,33,91,148,128899310194
4,33,91,149,9817789316
4,33,91,150,675362276
4,33,91,151,40904370
4,33,91,152,2108366
4,33,91,153,88450
4,33,91,154,2546
4,33,91,155,44
4,33,91,156,0
4,33,91,157,0
4,33,91,158,0
4,33,91,159,0
4,33,91,160,0
4,33,91,161,0
4,33,91,162,0
4,33,91,163,0
4,33,91,164,0
4,33,91,165,0
4,33,91,166,0
4,33,91,167,0
4,33,91,168,0
4,33,91,169,0
4,33,91,170,0
4,33,91,171,0
4,33,91,172,0
4,33,91,173,0
4,33,91,174,0
4,33,91,175,0
4,33,91,176,0
4,33,91,177,0
4,33,91,178,0
4,33,91,179,0
4,33,91,180,0
4,33,91,181,0
4,33,91,182,0
4,33,91,183,0
4,33,91,184,0
4,33,91,185,0
4,33,91,186,0
4,33,91,187,0
4,33,91,188,0
4,33,91,189,0
4,33,91,190,0
4,33,91,191,0
4,33,91,192,0
4,33,91,193,0
4,33,91,194,0
4,33,91,195,0
4,33,91,196,0
4,33,91,197,0
4,33,91,198,0
4,33,91,199,0
4,33,91,200,0
4,33,91,201,0
4,33,91,202,0
4,33,91,203,0
4,33,91,204,0
4,33,91,205,0
4,33,91,206,0
4,33,91,207,0
4,33,91,208,0
4,33,91,209,0
4,33,91,210,0
4,33,91,211,0
4,33,91,212,0
4,33,91,213,0
4,33,91,214,0
4,33,91,215,0
4,33,91,216,0
4,33,91,217,0
4,33,91,218,0
4,33,91,219,0
4,33,91,220,0
4,33,91,221,0
4,33,91,222,0
4,33,91,223,0
4,33,91,224,0
4,33,91,225,0
4,33,91,226,0
4,33,91,227,0
4,33,92,0,0
4,33,92,1,0
4,33,92,2,0
4,33,92,3,0
4,33,92,4,0
4,33,92,5,0
4,33,92,6,0
4,33,92,7,0
4,33,92,8,0
4,33,92,9,0
4,33,92,10,0
4,33,92,11,0
4,33,92,12,0
4,33,92,13,0
4,33,92,14,0
4,33,92,15,0
4,33,92,16,0
4,33,92,17,0
4,33,92,18,0
4,33,92,19,0
4,33,92,20,0
4,33,92,21,0
4,33,92,22,0
4,33,92,23,0
4,33,92,24,0
4,33,92,25,0
4,33,92,26,0
4,33,92,27,0
4,33,92,28,0
4,33,92,29,0
4,33,92,30,0
4,33,92,31,0
4,33,92,32,0
4,33,92,33,0
4,33,92,34,0
4,33,92,35,0
4,33,92,36,0
4,33,92,37,0
4,33,92,38,0
4,33,92,39,0
4,33,92,40,0
4,33,92,41,0
4,33,92,42,0
4,33,92,43,0
4,33,92,44,0
4,33,92,45,0
4,33,92,46,0
4,33,92,47,0
4,33,92,48,0
4,33,92,49,0
4,33,92,50,0
4,33,92,51,0
4,33,92,52,0
4,33,92,53,0
4,33,92,54,0
4,33,92,55,0
4,33,92,56,0
4,33,92,57,0
4,33,92,58,0
4,33,92,59,0
4,33,92,60,0
4,33,92,61,0
4,33,92,62,0
4,33,92,63,0
4,33,92,64,0
4,33,92,65,0
4,33,92,66,0
4,33,92,67,0
4,33,92,68,0
4,33,92,69,0
4,33,92,70,0
4,33,92,71,0
4,33,92,72,0
4,33,92,73,0
4,33,92,74,0
4,33,92,75,0
4,33,92,76,77134200
4,33,92,77,16504404774
4,33,92,78,1559056593252
4,33,92,79,87626533698612
4,33,92,80,3332316350211228
4,33,92,81,92439099035209608
4,33,92,82,1968563072382298006
4,33,92,83,33416683322328117808
4,33,92,84,465414761595386662606
4,33,92,85,5439965375526146632946
4,33,92,86,54321600131962577804584
4,33,92,87,469992572716783472637042
4,33,92,88,3562861709354623120850550
4,33,92,89,23874858701010664573516324
4,33,92,90,142420358352471907757359022
4,33,92,91,760553380413849637508272891
4,33,92,92,3652309664559901786693609850
4,33,92,93,15829421853319794150125216520
4,33,92,94,62103196857738873173374175952
4,33,92,95,221100213859933531508880115930
4,33,92,96,715823047096226892081299721226
4,33,92,97,2111374293901144669227942036480
4,33,92,98,5683217144216661488276279721120
4,33,92,99,13982171966723751874539274539655
4,33,92,100,31489679955836053670621400132198
4,33,92,101,65018295998501512282014747638050
4,33,92,102,123267640575360701198931169619282
4,33,92,103,214932035479836136740320374459703
4,33,92,104,345229032052266134370253069517806
4,33,92,105,511687666650304855813791686846722
4,33,92,106,701049035928565851543145952016294
4,33,92,107,889408413692020594520320977480218
4,33,92,108,1046711150274895558796388396407550
4,33,92,109,1144664534511079015105158953800772
4,33,92,110,1165165935404042542640011271371958
4,33,92,111,1105752451329919494486899946056463
4,33,92,112,979834396496760673272787254678304
4,33,92,113,811878025748633494984547610892760
4,33,92,114,629854011241020548325730394302444
4,33,92,115,458049349937643199155868695252688
4,33,92,116,312580203534490998273787433057950
4,33,92,117,200345718042855492337272295008834
4,33,92,118,120697450685660613665377513627806
4,33,92,119,68388359115315143077855819780354
4,33,92,120,36461551772762508715642619219790
4,33,92,121,18297683875439557515446889997038
4,33,92,122,8644524225685568123060291637366
4,33,92,123,3844890891485150407397645717369
4,33,92,124,1609824511862352792365284118324
4,33,92,125,634337845542505889553569940375
4,33,92,126,235154052123004777296655928012
4,33,92,127,81972468355773027735258347790
4,33,92,128,26854729755311480520219852742
4,33,92,129,8262941591365979297495284252
4,33,92,130,2386263972228726663849287950
4,33,92,131,646375368823403784026595712
4,33,92,132,164124644599788487466217946
4,33,92,133,39046437135240661663707263
4,33,92,134,8701423342621521912432636
4,33,92,135,1816351952947103020260382
4,33,92,136,355263326033893879660194
4,33,92,137,65152417198516574970917
4,33,92,138,11214141408019643448098
4,33,92,139,1813763982337503591214
4,33,92,140,276018095312629291334
4,33,92,141,39570197745176871087
4,33,92,142,5349419448338288658
4,33,92,143,682389557300099346
4,33,92,144,82152877260765446
4,33,92,145,9330521001049298
4,33,92,146,998609894087488
4,33,92,147,100506320858090
4,33,92,148,9480333244356
4,33,92,149,833626947860
4,33,92,150,67787346192
4,33,92,151,5033769264
4,33,92,152,335890298
4,33,92,153,19580573
4,33,92,154,952424
4,33,92,155,38013
4,33,92,156,950
4,33,92,157,11
4,33,92,158,0
4,33,92,159,0
4,33,92,160,0
4,33,92,161,0
4,33,92,162,0
4,33,92,163,0
4,33,92,164,0
4,33,92,165,0
4,33,92,166,0
4,33,92,167,0
4,33,92,168,0
4,33,92,169,0
4,33,92,170,0
4,33,92,171,0
4,33,92,172,0
4,33,92,173,0
4,33,92,174,0
4,33,92,175,0
4,33,92,176,0
4,33,92,177,0
4,33,92,178,0
4,33,92,179,0
4,33,92,180,0
4,33,92,181,0
4,33,92,182,0
4,33,92,183,0
4,33,92,184,0
4,33,92,185,0
4,33,92,186,0
4,33,92,187,0
4,33,92,188,0
4,33,92,189,0
4,33,92,190,0
4,33,92,191,0
4,33,92,192,0
4,33,92,193,0
4,33,92,194,0
4,33,92,195,0
4,33,92,196,0
4,33,92,197,0
4,33,92,198,0
4,33,92,199,0
4,33,92,200,0
4,33,92,201,0
4,33,92,202,0
4,33,92,203,0
4,33,92,204,0
4,33,92,205,0
4,33,92,206,0
4,33,92,207,0
4,33,92,208,0
4,33,92,209,0
4,33,92,210,0
4,33,92,211,0
4,33,92,212,0
4,33,92,213,0
4,33,92,214,0
4,33,92,215,0
4,33,92,216,0
4,33,92,217,0
4,33,92,218,0
4,33,92,219,0
4,33,92,220,0
4,33,92,221,0
4,33,92,222,0
4,33,92,223,0
4,33,92,224,0
4,33,92,225,0
4,33,92,226,0
4,33,92,227,0
4,33,93,0,0
4,33,93,1,0
4,33,93,2,0
4,33,93,3,0
4,33,93,4,0
4,33,93,5,0
4,33,93,6,0
4,33,93,7,0
4,33,93,8,0
4,33,93,9,0
4,33,93,10,0
4,33,93,11,0
4,33,93,12,0
4,33,93,13,0
4,33,93,14,0
4,33,93,15,0
4,33,93,16,0
4,33,93,17,0
4,33,93,18,0
4,33,93,19,0
4,33,93,20,0
4,33,93,21,0
4,33,93,22,0
4,33,93,23,0
4,33,93,24,0
4,33,93,25,0
4,33,93,26,0
4,33,93,27,0
4,33,93,28,0
4,33,93,29,0
4,33,93,30,0
4,33,93,31,0
4,33,93,32,0
4,33,93,33,0
4,33,93,34,0
4,33,93,35,0
4,33,93,36,0
4,33,93,37,0
4,33,93,38,0
4,33,93,39,0
4,33,93,40,0
4,33,93,41,0
4,33,93,42,0
4,33,93,43,0
4,33,93,44,0
4,33,93,45,0
4,33,93,46,0
4,33,93,47,0
4,33,93,48,0
4,33,93,49,0
4,33,93,50,0
4,33,93,51,0
4,33,93,52,0
4,33,93,53,0
4,33,93,54,0
4,33,93,55,0
4,33,93,56,0
4,33,93,57,0
4,33,93,58,0
4,33,93,59,0
4,33,93,60,0
4,33,93,61,0
4,33,93,62,0
4,33,93,63,0
4,33,93,64,0
4,33,93,65,0
4,33,93,66,0
4,33,93,67,0
4,33,93,68,0
4,33,93,69,0
4,33,93,70,0
4,33,93,71,0
4,33,93,72,0
4,33,93,73,0
4,33,93,74,0
4,33,93,75,0
4,33,93,76,0
4,33,93,77,0
4,33,93,78,0
4,33,93,79,27768312
4,33,93,80,6649507440
4,33,93,81,695958012728
4,33,93,82,42926930465166
4,33,93,83,1774554397828356
4,33,93,84,53001959813768232
4,33,93,85,1203668697133595912
4,33,93,86,21583685104646374672
4,33,93,87,314655773327238569482
4,33,93,88,3816598728535970973022
4,33,93,89,39233618466393278958156
4,33,93,90,346885516660513289754830
4,33,93,91,2669204447906754703477592
4,33,93,92,18044426634926708990807532
4,33,93,93,107982613371875397966824598
4,33,93,94,575513379114199428466150492
4,33,93,95,2745272973048197791530790302
4,33,93,96,11767675700779200024264772838
4,33,93,97,45479673147444964754151244692
4,33,93,98,158922554138479309271621956986
4,33,93,99,503325260970618308298697038862
4,33,93,100,1447911804555976339186840140294
4,33,93,101,3790720497512185833576568052868
4,33,93,102,9048902684391810696484934863060
4,33,93,103,19731009079835237547458292602048
4,33,93,104,39369615008455097363781372340208
4,33,93,105,72014088586796755386245081427970
4,33,93,106,120981061192727327098015758666150
4,33,93,107,187014346044135598561891402124384
4,33,93,108,266511576832467868481784403449008
4,33,93,109,350810590167437020783741005325856
4,33,93,110,427340347632343079409077024397242
4,33,93,111,482654428029015410303791727475688
4,33,93,112,506353543629346000240905360686600
4,33,93,113,494297332643120122457174585661996
4,33,93,114,449738739297373379919848009056496
4,33,93,115,381981579378915133844096791521076
4,33,93,116,303286327215888263246394962753864
4,33,93,117,225398388886615686284004371833072
4,33,93,118,156975992370324531893111492450714
4,33,93,119,102549178207289590453055263573510
4,33,93,120,62894587305396277146179288551496
4,33,93,121,36238877285490343667708422474014
4,33,93,122,19626687623734565249207121746716
4,33,93,123,9995229956796741604336929087922
4,33,93,124,4787485861505003935072320749424
4,33,93,125,2156851756025009894991896246538
4,33,93,126,913893545002592965153719914490
4,33,93,127,364112521298499003681975517946
4,33,93,128,136358998645013971152005762398
4,33,93,129,47976685820299787482390081054
4,33,93,130,15849628352993234118500004842
4,33,93,131,4913139391365563082533908810
4,33,93,132,1428032426955465610534272432
4,33,93,133,388903721333871460320767044
4,33,93,134,99169941233801206128243260
4,33,93,135,23665381970065035781110948
4,33,93,136,5283121114006206130522794
4,33,93,137,1103265437659824901736684
4,33,93,138,215575720333139109179592
4,33,93,139,39439485223454396997814
4,33,93,140,6762527983725231220950
4,33,93,141,1088137239139515765714
4,33,93,142,164534319541595300590
4,33,93,143,23410024569460725704
4,33,93,144,3137546448985001144
4,33,93,145,396390308465272074
4,33,93,146,47214946504677782
4,33,93,147,5299837510895840
4,33,93,148,559921094593242
4,33,93,149,55547913119564
4,33,93,150,5155185552702
4,33,93,151,444885186210
4,33,93,152,35392929332
4,33,93,153,2559924984
4,33,93,154,165023000
4,33,93,155,9284568
4,33,93,156,424400
4,33,93,157,15276
4,33,93,158,400
4,33,93,159,0
4,33,93,160,0
4,33,93,161,0
4,33,93,162,0
4,33,93,163,0
4,33,93,164,0
4,33,93,165,0
4,33,93,166,0
4,33,93,167,0
4,33,93,168,0
4,33,93,169,0
4,33,93,170,0
4,33,93,171,0
4,33,93,172,0
4,33,93,173,0
4,33,93,174,0
4,33,93,175,0
4,33,93,176,0
4,33,93,177,0
4,33,93,178,0
4,33,93,179,0
4,33,93,180,0
4,33,93,181,0
4,33,93,182,0
4,33,93,183,0
4,33,93,184,0
4,33,93,185,0
4,33,93,186,0
4,33,93,187,0
4,33,93,188,0
4,33,93,189,0
4,33,93,190,0
4,33,93,191,0
4,33,93,192,0
4,33,93,193,0
4,33,93,194,0
4,33,93,195,0
4,33,93,196,0
4,33,93,197,0
4,33,93,198,0
4,33,93,199,0
4,33,93,200,0
4,33,93,201,0
4,33,93,202,0
4,33,93,203,0
4,33,93,204,0
4,33,93,205,0
4,33,93,206,0
4,33,93,207,0
4,33,93,208,0
4,33,93,209,0
4,33,93,210,0
4,33,93,211,0
4,33,93,212,0
4,33,93,213,0
4,33,93,214,0
4,33,93,215,0
4,33,93,216,0
4,33,93,217,0
4,33,93,218,0
4,33,93,219,0
4,33,93,220,0
4,33,93,221,0
4,33,93,222,0
4,33,93,223,0
4,33,93,224,0
4,33,93,225,0
4,33,93,226,0
4,33,93,227,0
4,33,94,0,0
4,33,94,1,0
4,33,94,2,0
4,33,94,3,0
4,33,94,4,0
4,33,94,5,0
4,33,94,6,0
4,33,94,7,0
4,33,94,8,0
4,33,94,9,0
4,33,94,10,0
4,33,94,11,0
4,33,94,12,0
4,33,94,13,0
4,33,94,14,0
4,33,94,15,0
4,33,94,16,0
4,33,94,17,0
4,33,94,18,0
4,33,94,19,0
4,33,94,20,0
4,33,94,21,0
4,33,94,22,0
4,33,94,23,0
4,33,94,24,0
4,33,94,25,0
4,33,94,26,0
4,33,94,27,0
4,33,94,28,0
4,33,94,29,0
4,33,94,30,0
4,33,94,31,0
4,33,94,32,0
4,33,94,33,0
4,33,94,34,0
4,33,94,35,0
4,33,94,36,0
4,33,94,37,0
4,33,94,38,0
4,33,94,39,0
4,33,94,40,0
4,33,94,41,0
4,33,94,42,0
4,33,94,43,0
4,33,94,44,0
4,33,94,45,0
4,33,94,46,0
4,33,94,47,0
4,33,94,48,0
4,33,94,49,0
4,33,94,50,0
4,33,94,51,0
4,33,94,52,0
4,33,94,53,0
4,33,94,54,0
4,33,94,55,0
4,33,94,56,0
4,33,94,57,0
4,33,94,58,0
4,33,94,59,0
4,33,94,60,0
4,33,94,61,0
4,33,94,62,0
4,33,94,63,0
4,33,94,64,0
4,33,94,65,0
4,33,94,66,0
4,33,94,67,0
4,33,94,68,0
4,33,94,69,0
4,33,94,70,0
4,33,94,71,0
4,33,94,72,0
4,33,94,73,0
4,33,94,74,0
4,33,94,75,0
4,33,94,76,0
4,33,94,77,0
4,33,94,78,0
4,33,94,79,0
4,33,94,80,0
4,33,94,81,0
4,33,94,82,8544096
4,33,94,83,2312032018
4,33,94,84,270225048214
4,33,94,85,18414170246266
4,33,94,86,832467437201682
4,33,94,87,26921200123695450
4,33,94,88,655462634979187498
4,33,94,89,12479173116852111100
4,33,94,90,191348122713376213480
4,33,94,91,2419354570013606887024
4,33,94,92,25708189879148007399812
4,33,94,93,233141776593843751376438
4,33,94,94,1827024105637890724335534
4,33,94,95,12496984490465414095376602
4,33,94,96,75219376971440586289480990
4,33,94,97,401032905606196355794033871
4,33,94,98,1904121192517359584339839665
4,33,94,99,8087309153814853023886756189
4,33,94,100,30840789699933269808892223383
4,33,94,101,105934947331692240833349973939
4,33,94,102,328663114468391723686022810717
4,33,94,103,923297350035370512490189830489
4,33,94,104,2354005702485965741209327361902
4,33,94,105,5458736655859697307417845376654
4,33,94,106,11537455626213325143176411645208
4,33,94,107,22272255890267929077591448002876
4,33,94,108,39351115579459835745827400780281
4,33,94,109,63766942974958054955677850109856
4,33,94,110,94971132045902191031600962122844
4,33,94,111,130273939245226226201848504469787
4,33,94,112,164929898683868091790137149663449
4,33,94,113,193111300002127796411849058072951
4,33,94,114,209530700935109938658715867343231
4,33,94,115,211081201193724124752127913418689
4,33,94,116,197787880548218228320494069204689
4,33,94,117,172676296140720849691559328809219
4,33,94,118,140677766643374455693624683039431
4,33,94,119,107100572070462733770009775734572
4,33,94,120,76292008961570590096418138455709
4,33,94,121,50905589095168649118037808323302
4,33,94,122,31846259957321518245721074176942
4,33,94,123,18693625382395560104194033262286
4,33,94,124,10302297643908359499809660569489
4,33,94,125,5332995336120202034388547951913
4,33,94,126,2593726414133000405853984837551
4,33,94,127,1185335668708093303707252407730
4,33,94,128,508981109246963629531622446172
4,33,94,129,205313126993180529075395925110
4,33,94,130,77773953375054491580677474462
4,33,94,131,27653024511621836012340942111
4,33,94,132,9223139506205405803443250619
4,33,94,133,2883616588267563468633020460
4,33,94,134,844473909267408444961225346
4,33,94,135,231464323766475174296881482
4,33,94,136,59334467629827048706169890
4,33,94,137,14216071591256974800316957
4,33,94,138,3182079544785757229632909
4,33,94,139,665325321566856933832333
4,33,94,140,129968706722592836672339
4,33,94,141,23735196738213480005667
4,33,94,142,4056358353484160556823
4,33,94,143,649597818673730200008
4,33,94,144,97624610725771464714
4,33,94,145,13787996431541947228
4,33,94,146,1832236054038591944
4,33,94,147,229259451277446896
4,33,94,148,27015927153047482
4,33,94,149,2996641611926860
4,33,94,150,312437176972072
4,33,94,151,30540366508339
4,33,94,152,2787108720637
4,33,94,153,235895927959
4,33,94,154,18334614901
4,33,94,155,1290524033
4,33,94,156,80296633
4,33,94,157,4309152
4,33,94,158,189424
4,33,94,159,5880
4,33,94,160,140
4,33,94,161,0
4,33,94,162,0
4,33,94,163,0
4,33,94,164,0
4,33,94,165,0
4,33,94,166,0
4,33,94,167,0
4,33,94,168,0
4,33,94,169,0
4,33,94,170,0
4,33,94,171,0
4,33,94,172,0
4,33,94,173,0
4,33,94,174,0
4,33,94,175,0
4,33,94,176,0
4,33,94,177,0
4,33,94,178,0
4,33,94,179,0
4,33,94,180,0
4,33,94,181,0
4,33,94,182,0
4,33,94,183,0
4,33,94,184,0
4,33,94,185,0
4,33,94,186,0
4,33,94,187,0
4,33,94,188,0
4,33,94,189,0
4,33,94,190,0
4,33,94,191,0
4,33,94,192,0
4,33,94,193,0
4,33,94,194,0
4,33,94,195,0
4,33,94,196,0
4,33,94,197,0
4,33,94,198,0
4,33,94,199,0
4,33,94,200,0
4,33,94,201,0
4,33,94,202,0
4,33,94,203,0
4,33,94,204,0
4,33,94,205,0
4,33,94,206,0
4,33,94,207,0
4,33,94,208,0
4,33,94,209,0
4,33,94,210,0
4,33,94,211,0
4,33,94,212,0
4,33,94,213,0
4,33,94,214,0
4,33,94,215,0
4,33,94,216,0
4,33,94,217,0
4,33,94,218,0
4,33,94,219,0
4,33,94,220,0
4,33,94,221,0
4,33,94,222,0
4,33,94,223,0
4,33,94,224,0
4,33,94,225,0
4,33,94,226,0
4,33,94,227,0
4,33,95,0,0
4,33,95,1,0
4,33,95,2,0
4,33,95,3,0
4,33,95,4,0
4,33,95,5,0
4,33,95,6,0
4,33,95,7,0
4,33,95,8,0
4,33,95,9,0
4,33,95,10,0
4,33,95,11,0
4,33,95,12,0
4,33,95,13,0
4,33,95,14,0
4,33,95,15,0
4,33,95,16,0
4,33,95,17,0
4,33,95,18,0
4,33,95,19,0
4,33,95,20,0
4,33,95,21,0
4,33,95,22,0
4,33,95,23,0
4,33,95,24,0
4,33,95,25,0
4,33,95,26,0
4,33,95,27,0
4,33,95,28,0
4,33,95,29,0
4,33,95,30,0
4,33,95,31,0
4,33,95,32,0
4,33,95,33,0
4,33,95,34,0
4,33,95,35,0
4,33,95,36,0
4,33,95,37,0
4,33,95,38,0
4,33,95,39,0
4,33,95,40,0
4,33,95,41,0
4,33,95,42,0
4,33,95,43,0
4,33,95,44,0
4,33,95,45,0
4,33,95,46,0
4,33,95,47,0
4,33,95,48,0
4,33,95,49,0
4,33,95,50,0
4,33,95,51,0
4,33,95,52,0
4,33,95,53,0
4,33,95,54,0
4,33,95,55,0
4,33,95,56,0
4,33,95,57,0
4,33,95,58,0
4,33,95,59,0
4,33,95,60,0
4,33,95,61,0
4,33,95,62,0
4,33,95,63,0
4,33,95,64,0
4,33,95,65,0
4,33,95,66,0
4,33,95,67,0
4,33,95,68,0
4,33,95,69,0
4,33,95,70,0
4,33,95,71,0
4,33,95,72,0
4,33,95,73,0
4,33,95,74,0
4,33,95,75,0
4,33,95,76,0
4,33,95,77,0
4,33,95,78,0
4,33,95,79,0
4,33,95,80,0
4,33,95,81,0
4,33,95,82,0
4,33,95,83,0
4,33,95,84,0
4,33,95,85,2215136
4,33,95,86,686249852
4,33,95,87,90489856212
4,33,95,88,6870151730870
4,33,95,89,342133314218256
4,33,95,90,12058390255957374
4,33,95,91,316676890002317046
4,33,95,92,6437991181203007454
4,33,95,93,104386442012124593868
4,33,95,94,1382671361770394348426
4,33,95,95,15256986874768426308126
4,33,95,96,142508248631967933814292
4,33,95,97,1141588520044439362413762
4,33,95,98,7927043337528583755047614
4,33,95,99,48131429905851725510489714
4,33,95,100,257372605601405052655939604
4,33,95,101,1219184318062034399412384008
4,33,95,102,5141414634862988788117911316
4,33,95,103,19382387268133496895643769524
4,33,95,104,65554139053574114494493370908
4,33,95,105,199541746489959980378697745016
4,33,95,106,548211317261153668267691116400
4,33,95,107,1362983637328369794213737687748
4,33,95,108,3074322521386088305761075157266
4,33,95,109,6306316463792027162597502971278
4,33,95,110,11792374987044676052519764392486
4,33,95,111,20148733149242209704707623554830
4,33,95,112,31530509932903578229053279879586
4,33,95,113,45296002588331772502954716371186
4,33,95,114,59873029753983798505448947837262
4,33,95,115,72983082303137790786567992444358
4,33,95,116,82220672532656370873115708469348
4,33,95,117,85786222229895984250981824631316
4,33,95,118,83060421375587394102176996784792
4,33,95,119,74768333045881740100656704948542
4,33,95,120,62680585601442243223164067584966
4,33,95,121,49013714267368433095153544518908
4,33,95,122,35799552030649834242428430204066
4,33,95,123,24453733088760164700630655415296
4,33,95,124,15637839602300593558475055107006
4,33,95,125,9370266985351731508953654079440
4,33,95,126,5264694462742082643754316551154
4,33,95,127,2775016171677050111028607427472
4,33,95,128,1372705363855625808927937697874
4,33,95,129,637354308700180314122430801050
4,33,95,130,277762695850233289554013588230
4,33,95,131,113600755426853079559367180648
4,33,95,132,43587108323842667397611051670
4,33,95,133,15681749186817834038846331032
4,33,95,134,5287156365797811169696001074
4,33,95,135,1669259534371785440050852248
4,33,95,136,493114286101131179559170646
4,33,95,137,136183819592314610007600022
4,33,95,138,35131742823138535435603222
4,33,95,139,8459695569075267227331034
4,33,95,140,1900452297169372738182688
4,33,95,141,398196384624352279909000
4,33,95,142,77827180806050661654510
4,33,95,143,14197312594316343547108
4,33,95,144,2419702195145465674676
4,33,95,145,385830386307694194112
4,33,95,146,57649116883245910116
4,33,95,147,8083906194236424262
4,33,95,148,1065220130967899888
4,33,95,149,132008954921043572
4,33,95,150,15388580433528798
4,33,95,151,1686433745804080
4,33,95,152,173474122409762
4,33,95,153,16700897043122
4,33,95,154,1497770446866
4,33,95,155,124225334136
4,33,95,156,9424481650
4,33,95,157,644091606
4,33,95,158,38646912
4,33,95,159,1974050
4,33,95,160,81696
4,33,95,161,2316
4,33,95,162,40
4,33,95,163,0
4,33,95,164,0
4,33,95,165,0
4,33,95,166,0
4,33,95,167,0
4,33,95,168,0
4,33,95,169,0
4,33,95,170,0
4,33,95,171,0
4,33,95,172,0
4,33,95,173,0
4,33,95,174,0
4,33,95,175,0
4,33,95,176,0
4,33,95,177,0
4,33,95,178,0
4,33,95,179,0
4,33,95,180,0
4,33,95,181,0
4,33,95,182,0
4,33,95,183,0
4,33,95,184,0
4,33,95,185,0
4,33,95,186,0
4,33,95,187,0
4,33,95,188,0
4,33,95,189,0
4,33,95,190,0
4,33,95,191,0
4,33,95,192,0
4,33,95,193,0
4,33,95,194,0
4,33,95,195,0
4,33,95,196,0
4,33,95,197,0
4,33,95,198,0
4,33,95,199,0
4,33,95,200,0
4,33,95,201,0
4,33,95,202,0
4,33,95,203,0
4,33,95,204,0
4,33,95,205,0
4,33,95,206,0
4,33,95,207,0
4,33,95,208,0
4,33,95,209,0
4,33,95,210,0
4,33,95,211,0
4,33,95,212,0
4,33,95,213,0
4,33,95,214,0
4,33,95,215,0
4,33,95,216,0
4,33,95,217,0
4,33,95,218,0
4,33,95,219,0
4,33,95,220,0
4,33,95,221,0
4,33,95,222,0
4,33,95,223,0
4,33,95,224,0
4,33,95,225,0
4,33,95,226,0
4,33,95,227,0
4,33,96,0,0
4,33,96,1,0
4,33,96,2,0
4,33,96,3,0
4,33,96,4,0
4,33,96,5,0
4,33,96,6,0
4,33,96,7,0
4,33,96,8,0
4,33,96,9,0
4,33,96,10,0
4,33,96,11,0
4,33,96,12,0
4,33,96,13,0
4,33,96,14,0
4,33,96,15,0
4,33,96,16,0
4,33,96,17,0
4,33,96,18,0
4,33,96,19,0
4,33,96,20,0
4,33,96,21,0
4,33,96,22,0
4,33,96,23,0
4,33,96,24,0
4,33,96,25,0
4,33,96,26,0
4,33,96,27,0
4,33,96,28,0
4,33,96,29,0
4,33,96,30,0
4,33,96,31,0
4,33,96,32,0
4,33,96,33,0
4,33,96,34,0
4,33,96,35,0
4,33,96,36,0
4,33,96,37,0
4,33,96,38,0
4,33,96,39,0
4,33,96,40,0
4,33,96,41,0
4,33,96,42,0
4,33,96,43,0
4,33,96,44,0
4,33,96,45,0
4,33,96,46,0
4,33,96,47,0
4,33,96,48,0
4,33,96,49,0
4,33,96,50,0
4,33,96,51,0
4,33,96,52,0
4,33,96,53,0
4,33,96,54,0
4,33,96,55,0
4,33,96,56,0
4,33,96,57,0
4,33,96,58,0
4,33,96,59,0
4,33,96,60,0
4,33,96,61,0
4,33,96,62,0
4,33,96,63,0
4,33,96,64,0
4,33,96,65,0
4,33,96,66,0
4,33,96,67,0
4,33,96,68,0
4,33,96,69,0
4,33,96,70,0
4,33,96,71,0
4,33,96,72,0
4,33,96,73,0
4,33,96,74,0
4,33,96,75,0
4,33,96,76,0
4,33,96,77,0
4,33,96,78,0
4,33,96,79,0
4,33,96,80,0
4,33,96,81,0
4,33,96,82,0
4,33,96,83,0
4,33,96,84,0
4,33,96,85,0
4,33,96,86,0
4,33,96,87,0
4,33,96,88,474672
4,33,96,89,171406998
4,33,96,90,25848501600
4,33,96,91,2210187614866
4,33,96,92,122340859999678
4,33,96,93,4736089309715118
4,33,96,94,135104248505047464
4,33,96,95,2951926771852878978
4,33,96,96,50916821827096104862
4,33,96,97,710479453193402178850
4,33,96,98,8182739659045632924544
4,33,96,99,79087921457626917376706
4,33,96,100,650341230488931395515158
4,33,96,101,4601573115861578606541834
4,33,96,102,28278739183743049745772232
4,33,96,103,152110035256348407643165983
4,33,96,104,720767621431060126199298104
4,33,96,105,3025007679142500387939747172
4,33,96,106,11297010005741347712388830974
4,33,96,107,37692703390520587624417072739
4,33,96,108,112762132153948794149897363507
4,33,96,109,303454831832129408242331582202
4,33,96,110,736818875942551527681767313884
4,33,96,111,1618843783836695580859014566700
4,33,96,112,3227172761000622241624798575492
4,33,96,113,5852991841296773549570114992852
4,33,96,114,9683138775614764540387542547708
4,33,96,115,14650846671252791724444609962802
4,33,96,116,20324652433367214760703813602580
4,33,96,117,25916535844064216010446159349043
4,33,96,118,30448780531447448738859034050558
4,33,96,119,33037322641513358722027831242978
4,33,96,120,33176671488713165744403383234452
4,33,96,121,30899029788356606251785922334116
4,33,96,122,26740222318834922456858112954442
4,33,96,123,21539960438506681098684045048227
4,33,96,124,16175564079389013298197788185319
4,33,96,125,11339763387439400430727836948307
4,33,96,126,7430063853602538156530209852488
4,33,96,127,4554666806694932882770721320319
4,33,96,128,2614236256253958139384800418410
4,33,96,129,1405798331405094857967436297142
4,33,96,130,708556658931551986842476255412
4,33,96,131,334812205517917486951559854151
4,33,96,132,148328448807924440153809201744
4,33,96,133,61600867007627154167521221488
4,33,96,134,23974812930177138817461359388
4,33,96,135,8740267788573812290573803569
4,33,96,136,2982805072337540053168612742
4,33,96,137,952201266925640418841509834
4,33,96,138,284096865949889111584419964
4,33,96,139,79148693819740647336041774
4,33,96,140,20571596327738662890951501
4,33,96,141,4984041667448398451794576
4,33,96,142,1124874393373946645666068
4,33,96,143,236416747446267616303195
4,33,96,144,46271952834692059561818
4,33,96,145,8438043493957544221940
4,33,96,146,1435103521094954251474
4,33,96,147,227959985645190041646
4,33,96,148,33876005646177803298
4,33,96,149,4717460426507106188
4,33,96,150,616474538467368824
4,33,96,151,75666391576143975
4,33,96,152,8724939480500143
4,33,96,153,944509147695643
4,33,96,154,95823440519738
4,33,96,155,9081636265189
4,33,96,156,799882733313
4,33,96,157,64953470085
4,33,96,158,4802943712
4,33,96,159,318404904
4,33,96,160,18386753
4,33,96,161,885120
4,33,96,162,35006
4,33,96,163,855
4,33,96,164,10
4,33,96,165,0
4,33,96,166,0
4,33,96,167,0
4,33,96,168,0
4,33,96,169,0
4,33,96,170,0
4,33,96,171,0
4,33,96,172,0
4,33,96,173,0
4,33,96,174,0
4,33,96,175,0
4,33,96,176,0
4,33,96,177,0
4,33,96,178,0
4,33,96,179,0
4,33,96,180,0
4,33,96,181,0
4,33,96,182,0
4,33,96,183,0
4,33,96,184,0
4,33,96,185,0
4,33,96,186,0
4,33,96,187,0
4,33,96,188,0
4,33,96,189,0
4,33,96,190,0
4,33,96,191,0
4,33,96,192,0
4,33,96,193,0
4,33,96,194,0
4,33,96,195,0
4,33,96,196,0
4,33,96,197,0
4,33,96,198,0
4,33,96,199,0
4,33,96,200,0
4,33,96,201,0
4,33,96,202,0
4,33,96,203,0
4,33,96,204,0
4,33,96,205,0
4,33,96,206,0
4,33,96,207,0
4,33,96,208,0
4,33,96,209,0
4,33,96,210,0
4,33,96,211,0
4,33,96,212,0
4,33,96,213,0
4,33,96,214,0
4,33,96,215,0
4,33,96,216,0
4,33,96,217,0
4,33,96,218,0
4,33,96,219,0
4,33,96,220,0
4,33,96,221,0
4,33,96,222,0
4,33,96,223,0
4,33,96,224,0
4,33,96,225,0
4,33,96,226,0
4,33,96,227,0
4,33,97,0,0
4,33,97,1,0
4,33,97,2,0
4,33,97,3,0
4,33,97,4,0
4,33,97,5,0
4,33,97,6,0
4,33,97,7,0
4,33,97,8,0
4,33,97,9,0
4,33,97,10,0
4,33,97,11,0
4,33,97,12,0
4,33,97,13,0
4,33,97,14,0
4,33,97,15,0
4,33,97,16,0
4,33,97,17,0
4,33,97,18,0
4,33,97,19,0
4,33,97,20,0
4,33,97,21,0
4,33,97,22,0
4,33,97,23,0
4,33,97,24,0
4,33,97,25,0
4,33,97,26,0
4,33,97,27,0
4,33,97,28,0
4,33,97,29,0
4,33,97,30,0
4,33,97,31,0
4,33,97,32,0
4,33,97,33,0
4,33,97,34,0
4,33,97,35,0
4,33,97,36,0
4,33,97,37,0
4,33,97,38,0
4,33,97,39,0
4,33,97,40,0
4,33,97,41,0
4,33,97,42,0
4,33,97,43,0
4,33,97,44,0
4,33,97,45,0
4,33,97,46,0
4,33,97,47,0
4,33,97,48,0
4,33,97,49,0
4,33,97,50,0
4,33,97,51,0
4,33,97,52,0
4,33,97,53,0
4,33,97,54,0
4,33,97,55,0
4,33,97,56,0
4,33,97,57,0
4,33,97,58,0
4,33,97,59,0
4,33,97,60,0
4,33,97,61,0
4,33,97,62,0
4,33,97,63,0
4,33,97,64,0
4,33,97,65,0
4,33,97,66,0
4,33,97,67,0
4,33,97,68,0
4,33,97,69,0
4,33,97,70,0
4,33,97,71,0
4,33,97,72,0
4,33,97,73,0
4,33,97,74,0
4,33,97,75,0
4,33,97,76,0
4,33,97,77,0
4,33,97,78,0
4,33,97,79,0
4,33,97,80,0
4,33,97,81,0
4,33,97,82,0
4,33,97,83,0
4,33,97,84,0
4,33,97,85,0
4,33,97,86,0
4,33,97,87,0
4,33,97,88,0
4,33,97,89,0
4,33,97,90,0
4,33,97,91,81840
4,33,97,92,35338264
4,33,97,93,6208280560
4,33,97,94,606352211984
4,33,97,95,37730835503590
4,33,97,96,1619647760198368
4,33,97,97,50604070868903210
4,33,97,98,1197160866107664624
4,33,97,99,22116730479924236718
4,33,97,100,327144446565219903354
4,33,97,101,3955227803772233534012
4,33,97,102,39763677544574066536348
4,33,97,103,337226151203334257564866
4,33,97,104,2441620956599372503579828
4,33,97,105,15243924082873193983499726
4,33,97,106,82757094935361415888277840
4,33,97,107,393420527629851052970062138
4,33,97,108,1647587690517298512407542930
4,33,97,109,6109686865114393180348481410
4,33,97,110,20152659048678277328337114390
4,33,97,111,59366908362307643169972733590
4,33,97,112,156767371546502473372333228290
4,33,97,113,372351614784241667546422414842
4,33,97,114,798073494758250383624767020464
4,33,97,115,1548360755564549163762336621198
4,33,97,116,2727379871268382024301552726768
4,33,97,117,4374547805224984147084223418214
4,33,97,118,6407256156233860196606626038744
4,33,97,119,8593392071011195760642269158682
4,33,97,120,10582103769797687294017936196272
4,33,97,121,11995176197471853051091824404322
4,33,97,122,12546526171243159725290608352484
4,33,97,123,12137021474424661830064056931352
4,33,97,124,10881514394912965686148400121488
4,33,97,125,9059276466427218077740777578836
4,33,97,126,7015847150226109418097606687580
4,33,97,127,5061959884299918244939047357076
4,33,97,128,3407147395809058144696900261592
4,33,97,129,2141852397824111214490415817204
4,33,97,130,1258687778409392159265340398520
4,33,97,131,691975385199937371533443660078
4,33,97,132,356068072546027127423879041454
4,33,97,133,171546902351322904560137701762
4,33,97,134,77391121111262811920804565524
4,33,97,135,32690658489208247278586582394
4,33,97,136,12925986739144825443922920716
4,33,97,137,4782066161169121624393624358
4,33,97,138,1654285196059493408715047768
4,33,97,139,534705326762489259279578862
4,33,97,140,161340098014304333811311874
4,33,97,141,45401938290913664943546496
4,33,97,142,11903732275193123010379166
4,33,97,143,2905140528159989702747438
4,33,97,144,659469500186273564970840
4,33,97,145,139173069268976735014186
4,33,97,146,27303111917597950358104
4,33,97,147,4981351610182567941818
4,33,97,148,846015433631067016126
4,33,97,149,133947545179355614608
4,33,97,150,19805279149309194100
4,33,97,151,2739668883907590452
4,33,97,152,355100418216043176
4,33,97,153,43168779045050036
4,33,97,154,4923252393793898
4,33,97,155,526351907009744
4,33,97,156,52649410899086
4,33,97,157,4909765698702
4,33,97,158,424371710428
4,33,97,159,33709769442
4,33,97,160,2427306430
4,33,97,161,155450722
4,33,97,162,8665556
4,33,97,163,391596
4,33,97,164,13982
4,33,97,165,360
4,33,97,166,0
4,33,97,167,0
4,33,97,168,0
4,33,97,169,0
4,33,97,170,0
4,33,97,171,0
4,33,97,172,0
4,33,97,173,0
4,33,97,174,0
4,33,97,175,0
4,33,97,176,0
4,33,97,177,0
4,33,97,178,0
4,33,97,179,0
4,33,97,180,0
4,33,97,181,0
4,33,97,182,0
4,33,97,183,0
4,33,97,184,0
4,33,97,185,0
4,33,97,186,0
4,33,97,187,0
4,33,97,188,0
4,33,97,189,0
4,33,97,190,0
4,33,97,191,0
4,33,97,192,0
4,33,97,193,0
4,33,97,194,0
4,33,97,195,0
4,33,97,196,0
4,33,97,197,0
4,33,97,198,0
4,33,97,199,0
4,33,97,200,0
4,33,97,201,0
4,33,97,202,0
4,33,97,203,0
4,33,97,204,0
4,33,97,205,0
4,33,97,206,0
4,33,97,207,0
4,33,97,208,0
4,33,97,209,0
4,33,97,210,0
4,33,97,211,0
4,33,97,212,0
4,33,97,213,0
4,33,97,214,0
4,33,97,215,0
4,33,97,216,0
4,33,97,217,0
4,33,97,218,0
4,33,97,219,0
4,33,97,220,0
4,33,97,221,0
4,33,97,222,0
4,33,97,223,0
4,33,97,224,0
4,33,97,225,0
4,33,97,226,0
4,33,97,227,0
4,33,98,0,0
4,33,98,1,0
4,33,98,2,0
4,33,98,3,0
4,33,98,4,0
4,33,98,5,0
4,33,98,6,0
4,33,98,7,0
4,33,98,8,0
4,33,98,9,0
4,33,98,10,0
4,33,98,11,0
4,33,98,12,0
4,33,98,13,0
4,33,98,14,0
4,33,98,15,0
4,33,98,16,0
4,33,98,17,0
4,33,98,18,0
4,33,98,19,0
4,33,98,20,0
4,33,98,21,0
4,33,98,22,0
4,33,98,23,0
4,33,98,24,0
4,33,98,25,0
4,33,98,26,0
4,33,98,27,0
4,33,98,28,0
4,33,98,29,0
4,33,98,30,0
4,33,98,31,0
4,33,98,32,0
4,33,98,33,0
4,33,98,34,0
4,33,98,35,0
4,33,98,36,0
4,33,98,37,0
4,33,98,38,0
4,33,98,39,0
4,33,98,40,0
4,33,98,41,0
4,33,98,42,0
4,33,98,43,0
4,33,98,44,0
4,33,98,45,0
4,33,98,46,0
4,33,98,47,0
4,33,98,48,0
4,33,98,49,0
4,33,98,50,0
4,33,98,51,0
4,33,98,52,0
4,33,98,53,0
4,33,98,54,0
4,33,98,55,0
4,33,98,56,0
4,33,98,57,0
4,33,98,58,0
4,33,98,59,0
4,33,98,60,0
4,33,98,61,0
4,33,98,62,0
4,33,98,63,0
4,33,98,64,0
4,33,98,65,0
4,33,98,66,0
4,33,98,67,0
4,33,98,68,0
4,33,98,69,0
4,33,98,70,0
4,33,98,71,0
4,33,98,72,0
4,33,98,73,0
4,33,98,74,0
4,33,98,75,0
4,33,98,76,0
4,33,98,77,0
4,33,98,78,0
4,33,98,79,0
4,33,98,80,0
4,33,98,81,0
4,33,98,82,0
4,33,98,83,0
4,33,98,84,0
4,33,98,85,0
4,33,98,86,0
4,33,98,87,0
4,33,98,88,0
4,33,98,89,0
4,33,98,90,0
4,33,98,91,0
4,33,98,92,0
4,33,98,93,0
4,33,98,94,10912
4,33,98,95,5853610
4,33,98,96,1229674764
4,33,98,97,139815490610
4,33,98,98,9924459654938
4,33,98,99,478009712996588
4,33,98,100,16521226288346066
4,33,98,101,426891343459251742
4,33,98,102,8512987539259260162
4,33,98,103,134431748984743185152
4,33,98,104,1717196190705907104046
4,33,98,105,18062786467856482887536
4,33,98,106,158826345748900042324928
4,33,98,107,1182316964650742561688530
4,33,98,108,7531064840723669501727454
4,33,98,109,41419917630666913085130845
4,33,98,110,198209514768749130088483002
4,33,98,111,830735513619080710165531782
4,33,98,112,3066989316475802940398010517
4,33,98,113,10024692111658689479523752190
4,33,98,114,29141637285087171965540009998
4,33,98,115,75656457717810639371006594064
4,33,98,116,176093921399592552176419511878
4,33,98,117,368799419590665911389351074890
4,33,98,118,697415801591300180331397753204
4,33,98,119,1194810659315616689716421025984
4,33,98,120,1860423597101995052989537678727
4,33,98,121,2641077552037297544865055210179
4,33,98,122,3428520757367607370901935560440
4,33,98,123,4081607701271601933796675588340
4,33,98,124,4468198631276426837354470419566
4,33,98,125,4509370261350718523442841542353
4,33,98,126,4205401478812436849333786286274
4,33,98,127,3632014309230226946184936943252
4,33,98,128,2910625922964407405697890111698
4,33,98,129,2168107738420001928299797922919
4,33,98,130,1503462013525840761059407958322
4,33,98,131,971821108242476543054182891324
4,33,98,132,586179931179169437816489574545
4,33,98,133,330216205450074753848900472543
4,33,98,134,173846077205734371288517119275
4,33,98,135,85568082608712085576205802483
4,33,98,136,39384617376873428062816035162
4,33,98,137,16951365821353295020939637032
4,33,98,138,6821051306000486503357237164
4,33,98,139,2564986923462131353068275676
4,33,98,140,900831035245758137980923061
4,33,98,141,295249586479387517176324793
4,33,98,142,90224527452631075998629834
4,33,98,143,25680682241020249336604312
4,33,98,144,6801006021723735852011458
4,33,98,145,1674086196588356530309194
4,33,98,146,382678889110432315714419
4,33,98,147,81184441922081452858233
4,33,98,148,15980773857649826345864
4,33,98,149,2919736585725384562054
4,33,98,150,495567660351031941337
4,33,98,151,78254692380730208687
4,33,98,152,11517747418079862309
4,33,98,153,1583123989232495457
4,33,98,154,203554373650381820
4,33,98,155,24509743002293022
4,33,98,156,2764389527458516
4,33,98,157,291813899971862
4,33,98,158,28768009823848
4,33,98,159,2638245453338
4,33,98,160,223631707228
4,33,98,161,17354052136
4,33,98,162,1215792259
4,33,98,163,75135367
4,33,98,164,3998947
4,33,98,165,173511
4,33,98,166,5342
4,33,98,167,126
4,33,98,168,0
4,33,98,169,0
4,33,98,170,0
4,33,98,171,0
4,33,98,172,0
4,33,98,173,0
4,33,98,174,0
4,33,98,175,0
4,33,98,176,0
4,33,98,177,0
4,33,98,178,0
4,33,98,179,0
4,33,98,180,0
4,33,98,181,0
4,33,98,182,0
4,33,98,183,0
4,33,98,184,0
4,33,98,185,0
4,33,98,186,0
4,33,98,187,0
4,33,98,188,0
4,33,98,189,0
4,33,98,190,0
4,33,98,191,0
4,33,98,192,0
4,33,98,193,0
4,33,98,194,0
4,33,98,195,0
4,33,98,196,0
4,33,98,197,0
4,33,98,198,0
4,33,98,199,0
4,33,98,200,0
4,33,98,201,0
4,33,98,202,0
4,33,98,203,0
4,33,98,204,0
4,33,98,205,0
4,33,98,206,0
4,33,98,207,0
4,33,98,208,0
4,33,98,209,0
4,33,98,210,0
4,33,98,211,0
4,33,98,212,0
4,33,98,213,0
4,33,98,214,0
4,33,98,215,0
4,33,98,216,0
4,33,98,217,0
4,33,98,218,0
4,33,98,219,0
4,33,98,220,0
4,33,98,221,0
4,33,98,222,0
4,33,98,223,0
4,33,98,224,0
4,33,98,225,0
4,33,98,226,0
4,33,98,227,0
4,33,99,0,0
4,33,99,1,0
4,33,99,2,0
4,33,99,3,0
4,33,99,4,0
4,33,99,5,0
4,33,99,6,0
4,33,99,7,0
4,33,99,8,0
4,33,99,9,0
4,33,99,10,0
4,33,99,11,0
4,33,99,12,0
4,33,99,13,0
4,33,99,14,0
4,33,99,15,0
4,33,99,16,0
4,33,99,17,0
4,33,99,18,0
4,33,99,19,0
4,33,99,20,0
4,33,99,21,0
4,33,99,22,0
4,33,99,23,0
4,33,99,24,0
4,33,99,25,0
4,33,99,26,0
4,33,99,27,0
4,33,99,28,0
4,33,99,29,0
4,33,99,30,0
4,33,99,31,0
4,33,99,32,0
4,33,99,33,0
4,33,99,34,0
4,33,99,35,0
4,33,99,36,0
4,33,99,37,0
4,33,99,38,0
4,33,99,39,0
4,33,99,40,0
4,33,99,41,0
4,33,99,42,0
4,33,99,43,0
4,33,99,44,0
4,33,99,45,0
4,33,99,46,0
4,33,99,47,0
4,33,99,48,0
4,33,99,49,0
4,33,99,50,0
4,33,99,51,0
4,33,99,52,0
4,33,99,53,0
4,33,99,54,0
4,33,99,55,0
4,33,99,56,0
4,33,99,57,0
4,33,99,58,0
4,33,99,59,0
4,33,99,60,0
4,33,99,61,0
4,33,99,62,0
4,33,99,63,0
4,33,99,64,0
4,33,99,65,0
4,33,99,66,0
4,33,99,67,0
4,33,99,68,0
4,33,99,69,0
4,33,99,70,0
4,33,99,71,0
4,33,99,72,0
4,33,99,73,0
4,33,99,74,0
4,33,99,75,0
4,33,99,76,0
4,33,99,77,0
4,33,99,78,0
4,33,99,79,0
4,33,99,80,0
4,33,99,81,0
4,33,99,82,0
4,33,99,83,0
4,33,99,84,0
4,33,99,85,0
4,33,99,86,0
4,33,99,87,0
4,33,99,88,0
4,33,99,89,0
4,33,99,90,0
4,33,99,91,0
4,33,99,92,0
4,33,99,93,0
4,33,99,94,0
4,33,99,95,0
4,33,99,96,0
4,33,99,97,1056
4,33,99,98,748728
4,33,99,99,195504806
4,33,99,100,26574861212
4,33,99,101,2194139857562
4,33,99,102,120380749051492
4,33,99,103,4659423842340578
4,33,99,104,132869561549662144
4,33,99,105,2886207415484235032
4,33,99,106,49053228395933514336
4,33,99,107,666881891715708401072
4,33,99,108,7388212366673485448414
4,33,99,109,67760341243865209659522
4,33,99,110,521399649671240405660118
4,33,99,111,3404677580424126186057594
4,33,99,112,19051102912885875265160152
4,33,99,113,92116061768420369543701310
4,33,99,114,387676727398647728875602460
4,33,99,115,1429170670958029661248471542
4,33,99,116,4641231921520108711976427896
4,33,99,117,13345416829715605458774062506
4,33,99,118,34135688809521347567940773910
4,33,99,119,78009157682629085622149820650
4,33,99,120,159923465701699309434711895466
4,33,99,121,295248149884374990273475829330
4,33,99,122,492689627532936565215710474602
4,33,99,123,745771058023930977531526419596
4,33,99,124,1027428575935075293032911353654
4,33,99,125,1292441085167013641026580758784
4,33,99,126,1489043100532870098874717254164
4,33,99,127,1575738957247697185002973302840
4,33,99,128,1535666054230707731749714441596
4,33,99,129,1381674623355099378725890145928
4,33,99,130,1150200315893851879406508552920
4,33,99,131,887687336148449296272185577264
4,33,99,132,636240670515620962967877089152
4,33,99,133,424139427938718798726694397214
4,33,99,134,263310050908732942864982437028
4,33,99,135,152383795914214476125468089396
4,33,99,136,82273451658006464151367184896
4,33,99,137,41463343128025334272590446596
4,33,99,138,19511245100247126044244934474
4,33,99,139,8573417673139561422469589620
4,33,99,140,3517268146283182135967817820
4,33,99,141,1346723851123755357618150534
4,33,99,142,480974164282798887686065346
4,33,99,143,160103263322339484120611952
4,33,99,144,49625681318648110012850128
4,33,99,145,14307947077754852387609088
4,33,99,146,3832814066456645851167736
4,33,99,147,952874121976168190744784
4,33,99,148,219627881630380411111756
4,33,99,149,46896207593174541186344
4,33,99,150,9273084199907964692324
4,33,99,151,1698331458126536845734
4,33,99,152,288328597071442004072
4,33,99,153,45441245982415599634
4,33,99,154,6661068883520235808
4,33,99,155,910059752033246760
4,33,99,156,116098031940289028
4,33,99,157,13846381019627316
4,33,99,158,1544286687730384
4,33,99,159,160919652079060
4,33,99,160,15629048290958
4,33,99,161,1408680380424
4,33,99,162,117006474194
4,33,99,163,8862094596
4,33,99,164,602898836
4,33,99,165,35905474
4,33,99,166,1820746
4,33,99,167,74434
4,33,99,168,2082
4,33,99,169,36
4,33,99,170,0
4,33,99,171,0
4,33,99,172,0
4,33,99,173,0
4,33,99,174,0
4,33,99,175,0
4,33,99,176,0
4,33,99,177,0
4,33,99,178,0
4,33,99,179,0
4,33,99,180,0
4,33,99,181,0
4,33,99,182,0
4,33,99,183,0
4,33,99,184,0
4,33,99,185,0
4,33,99,186,0
4,33,99,187,0
4,33,99,188,0
4,33,99,189,0
4,33,99,190,0
4,33,99,191,0
4,33,99,192,0
4,33,99,193,0
4,33,99,194,0
4,33,99,195,0
4,33,99,196,0
4,33,99,197,0
4,33,99,198,0
4,33,99,199,0
4,33,99,200,0
4,33,99,201,0
4,33,99,202,0
4,33,99,203,0
4,33,99,204,0
4,33,99,205,0
4,33,99,206,0
4,33,99,207,0
4,33,99,208,0
4,33,99,209,0
4,33,99,210,0
4,33,99,211,0
4,33,99,212,0
4,33,99,213,0
4,33,99,214,0
4,33,99,215,0
4,33,99,216,0
4,33,99,217,0
4,33,99,218,0
4,33,99,219,0
4,33,99,220,0
4,33,99,221,0
4,33,99,222,0
4,33,99,223,0
4,33,99,224,0
4,33,99,225,0
4,33,99,226,0
4,33,99,227,0
4,33,100,0,0
4,33,100,1,0
4,33,100,2,0
4,33,100,3,0
4,33,100,4,0
4,33,100,5,0
4,33,100,6,0
4,33,100,7,0
4,33,100,8,0
4,33,100,9,0
4,33,100,10,0
4,33,100,11,0
4,33,100,12,0
4,33,100,13,0
4,33,100,14,0
4,33,100,15,0
4,33,100,16,0
4,33,100,17,0
4,33,100,18,0
4,33,100,19,0
4,33,100,20,0
4,33,100,21,0
4,33,100,22,0
4,33,100,23,0
4,33,100,24,0
4,33,100,25,0
4,33,100,26,0
4,33,100,27,0
4,33,100,28,0
4,33,100,29,0
4,33,100,30,0
4,33,100,31,0
4,33,100,32,0
4,33,100,33,0
4,33,100,34,0
4,33,100,35,0
4,33,100,36,0
4,33,100,37,0
4,33,100,38,0
4,33,100,39,0
4,33,100,40,0
4,33,100,41,0
4,33,100,42,0
4,33,100,43,0
4,33,100,44,0
4,33,100,45,0
4,33,100,46,0
4,33,100,47,0
4,33,100,48,0
4,33,100,49,0
4,33,100,50,0
4,33,100,51,0
4,33,100,52,0
4,33,100,53,0
4,33,100,54,0
4,33,100,55,0
4,33,100,56,0
4,33,100,57,0
4,33,100,58,0
4,33,100,59,0
4,33,100,60,0
4,33,100,61,0
4,33,100,62,0
4,33,100,63,0
4,33,100,64,0
4,33,100,65,0
4,33,100,66,0
4,33,100,67,0
4,33,100,68,0
4,33,100,69,0
4,33,100,70,0
4,33,100,71,0
4,33,100,72,0
4,33,100,73,0
4,33,100,74,0
4,33,100,75,0
4,33,100,76,0
4,33,100,77,0
4,33,100,78,0
4,33,100,79,0
4,33,100,80,0
4,33,100,81,0
4,33,100,82,0
4,33,100,83,0
4,33,100,84,0
4,33,100,85,0
4,33,100,86,0
4,33,100,87,0
4,33,100,88,0
4,33,100,89,0
4,33,100,90,0
4,33,100,91,0
4,33,100,92,0
4,33,100,93,0
4,33,100,94,0
4,33,100,95,0
4,33,100,96,0
4,33,100,97,0
4,33,100,98,0
4,33,100,99,0
4,33,100,100,66
4,33,100,101,69402
4,33,100,102,23977820
4,33,100,103,4052389682
4,33,100,104,399839881148
4,33,100,105,25491850697716
4,33,100,106,1122267747571274
4,33,100,107,35770164275958736
4,33,100,108,855537217119492448
4,33,100,109,15797423047340414966
4,33,100,110,230498724422019274110
4,33,100,111,2709890650283613788430
4,33,100,112,26099103864965654337238
4,33,100,113,208853091130211456510660
4,33,100,114,1405666461338585291487210
4,33,100,115,8040965961851878649207005
4,33,100,116,39452427824427675539342950
4,33,100,117,167355068303402223582649012
4,33,100,118,618105487679352500497000954
4,33,100,119,2000236652691395959905364594
4,33,100,120,5703919138091693049566899970
4,33,100,121,14408211507495996321063730968
4,33,100,122,32396453260027642304184693682
4,33,100,123,65133950534117619851431824180
4,33,100,124,117598190088376081164026217384
4,33,100,125,191443903089995491247120866564
4,33,100,126,282101966526466718314036578638
4,33,100,127,377645208125143043697195675332
4,33,100,128,460867662455504871388524566010
4,33,100,129,514387934263946606107464987778
4,33,100,130,526667521737706785421497781360
4,33,100,131,496041468715478704465704519891
4,33,100,132,430854320232370374765736701938
4,33,100,133,345904984643125247238859852533
4,33,100,134,257196769711658140475870467036
4,33,100,135,177422887701703986723516455996
4,33,100,136,113717453334767122953410263932
4,33,100,137,67801819236292778873221088531
4,33,100,138,37641098088297068853768933756
4,33,100,139,19470979901624755400845727827
4,33,100,140,9388692812964154932177977784
4,33,100,141,4220777114099422799195804476
4,33,100,142,1768971304076271587493428170
4,33,100,143,690966510507762565798290613
4,33,100,144,251401299997005379640243802
4,33,100,145,85138276053553249373356587
4,33,100,146,26811275703798241720134360
4,33,100,147,7842693573715526972218489
4,33,100,148,2128347576339880376210162
4,33,100,149,535194987204137280551123
4,33,100,150,124557917122208159287462
4,33,100,151,26804890873913038332503
4,33,100,152,5330920652148780744894
4,33,100,153,979807545491340945778
4,33,100,154,166545903290918764704
4,33,100,155,26217729658699067216
4,33,100,156,3829860424045676864
4,33,100,157,520306277972119398
4,33,100,158,65871059585700802
4,33,100,159,7781759401389041
4,33,100,160,858131405751902
4,33,100,161,88246091133131
4,33,100,162,8440129224942
4,33,100,163,747215815539
4,33,100,164,60766624068
4,33,100,165,4485438798
4,33,100,166,296054448
4,33,100,167,16967649
4,33,100,168,809984
4,33,100,169,31795
4,33,100,170,760
4,33,100,171,9
4,33,100,172,0
4,33,100,173,0
4,33,100,174,0
4,33,100,175,0
4,33,100,176,0
4,33,100,177,0
4,33,100,178,0
4,33,100,179,0
4,33,100,180,0
4,33,100,181,0
4,33,100,182,0
4,33,100,183,0
4,33,100,184,0
4,33,100,185,0
4,33,100,186,0
4,33,100,187,0
4,33,100,188,0
4,33,100,189,0
4,33,100,190,0
4,33,100,191,0
4,33,100,192,0
4,33,100,193,0
4,33,100,194,0
4,33,100,195,0
4,33,100,196,0
4,33,100,197,0
4,33,100,198,0
4,33,100,199,0
4,33,100,200,0
4,33,100,201,0
4,33,100,202,0
4,33,100,203,0
4,33,100,204,0
4,33,100,205,0
4,33,100,206,0
4,33,100,207,0
4,33,100,208,0
4,33,100,209,0
4,33,100,210,0
4,33,100,211,0
4,33,100,212,0
4,33,100,213,0
4,33,100,214,0
4,33,100,215,0
4,33,100,216,0
4,33,100,217,0
4,33,100,218,0
4,33,100,219,0
4,33,100,220,0
4,33,100,221,0
4,33,100,222,0
4,33,100,223,0
4,33,100,224,0
4,33,100,225,0
4,33,100,226,0
4,33,100,227,0
4,33,101,0,0
4,33,101,1,0
4,33,101,2,0
4,33,101,3,0
4,33,101,4,0
4,33,101,5,0
4,33,101,6,0
4,33,101,7,0
4,33,101,8,0
4,33,101,9,0
4,33,101,10,0
4,33,101,11,0
4,33,101,12,0
4,33,101,13,0
4,33,101,14,0
4,33,101,15,0
4,33,101,16,0
4,33,101,17,0
4,33,101,18,0
4,33,101,19,0
4,33,101,20,0
4,33,101,21,0
4,33,101,22,0
4,33,101,23,0
4,33,101,24,0
4,33,101,25,0
4,33,101,26,0
4,33,101,27,0
4,33,101,28,0
4,33,101,29,0
4,33,101,30,0
4,33,101,31,0
4,33,101,32,0
4,33,101,33,0
4,33,101,34,0
4,33,101,35,0
4,33,101,36,0
4,33,101,37,0
4,33,101,38,0
4,33,101,39,0
4,33,101,40,0
4,33,101,41,0
4,33,101,42,0
4,33,101,43,0
4,33,101,44,0
4,33,101,45,0
4,33,101,46,0
4,33,101,47,0
4,33,101,48,0
4,33,101,49,0
4,33,101,50,0
4,33,101,51,0
4,33,101,52,0
4,33,101,53,0
4,33,101,54,0
4,33,101,55,0
4,33,101,56,0
4,33,101,57,0
4,33,101,58,0
4,33,101,59,0
4,33,101,60,0
4,33,101,61,0
4,33,101,62,0
4,33,101,63,0
4,33,101,64,0
4,33,101,65,0
4,33,101,66,0
4,33,101,67,0
4,33,101,68,0
4,33,101,69,0
4,33,101,70,0
4,33,101,71,0
4,33,101,72,0
4,33,101,73,0
4,33,101,74,0
4,33,101,75,0
4,33,101,76,0
4,33,101,77,0
4,33,101,78,0
4,33,101,79,0
4,33,101,80,0
4,33,101,81,0
4,33,101,82,0
4,33,101,83,0
4,33,101,84,0
4,33,101,85,0
4,33,101,86,0
4,33,101,87,0
4,33,101,88,0
4,33,101,89,0
4,33,101,90,0
4,33,101,91,0
4,33,101,92,0
4,33,101,93,0
4,33,101,94,0
4,33,101,95,0
4,33,101,96,0
4,33,101,97,0
4,33,101,98,0
4,33,101,99,0
4,33,101,100,0
4,33,101,101,0
4,33,101,102,0
4,33,101,103,2
4,33,101,104,4148
4,33,101,105,2128888
4,33,101,106,476421312
4,33,101,107,58449870038
4,33,101,108,4450935062580
4,33,101,109,227463707471676
4,33,101,110,8233766016439204
4,33,101,111,219692561964613490
4,33,101,112,4456581163408963900
4,33,101,113,70469796465288012114
4,33,101,114,886791751929398101700
4,33,101,115,9038130278233233740836
4,33,101,116,75736837862228059027774
4,33,101,117,528633151484629633545646
4,33,101,118,3108369722114272983374236
4,33,101,119,15550493504934403797484024
4,33,101,120,66770882907200272952929890
4,33,101,121,247996711930146772499396428
4,33,101,122,802353973212112486953929662
4,33,101,123,2275698279292657208739062780
4,33,101,124,5691548550204973485786488786
4,33,101,125,12620095976959743725388832132
4,33,101,126,24934613211361735566275693616
4,33,101,127,44106913919326250927785506722
4,33,101,128,70163526078135623878611328146
4,33,101,129,100795768581024561218598846722
4,33,101,130,131285404697709186536400447276
4,33,101,131,155611363063191875820414587456
4,33,101,132,168426756773841550905687490322
4,33,101,133,166994544459567858996246221462
4,33,101,134,152114129426080029151033018504
4,33,101,135,127627007805268924735365425680
4,33,101,136,98860823421074210451414786456
4,33,101,137,70841841302796970579950258330
4,33,101,138,47042210362087096069175655258
4,33,101,139,28989460503167537841864266394
4,33,101,140,16597583594869374442798024026
4,33,101,141,8836431752121818324069545774
4,33,101,142,4377139142649420361806672738
4,33,101,143,2017994728126317836010406020
4,33,101,144,865931871428560875527407284
4,33,101,145,345767870569325341804725570
4,33,101,146,128414771100222477984150586
4,33,101,147,44326312486285977157235344
4,33,101,148,14207407813791281007393560
4,33,101,149,4223598588272269884981522
4,33,101,150,1163087095821916326269686
4,33,101,151,296293951626123919879902
4,33,101,152,69735162370025798009998
4,33,101,153,15146700477252830044986
4,33,101,154,3033886037492084169800
4,33,101,155,560295643567367807260
4,33,101,156,95457438863656575576
4,33,101,157,15023052234910853938
4,33,101,158,2188444689950383986
4,33,101,159,295774862275458180
4,33,101,160,37169471854277920
4,33,101,161,4349795181347280
4,33,101,162,474221734891428
4,33,101,163,48113231879286
4,33,101,164,4529585715704
4,33,101,165,393603830766
4,33,101,166,31314601734
4,33,101,167,2250711828
4,33,101,168,143538028
4,33,101,169,7943520
4,33,101,170,355600
4,33,101,171,12620
4,33,101,172,320
4,33,101,173,0
4,33,101,174,0
4,33,101,175,0
4,33,101,176,0
4,33,101,177,0
4,33,101,178,0
4,33,101,179,0
4,33,101,180,0
4,33,101,181,0
4,33,101,182,0
4,33,101,183,0
4,33,101,184,0
4,33,101,185,0
4,33,101,186,0
4,33,101,187,0
4,33,101,188,0
4,33,101,189,0
4,33,101,190,0
4,33,101,191,0
4,33,101,192,0
4,33,101,193,0
4,33,101,194,0
4,33,101,195,0
4,33,101,196,0
4,33,101,197,0
4,33,101,198,0
4,33,101,199,0
4,33,101,200,0
4,33,101,201,0
4,33,101,202,0
4,33,101,203,0
4,33,101,204,0
4,33,101,205,0
4,33,101,206,0
4,33,101,207,0
4,33,101,208,0
4,33,101,209,0
4,33,101,210,0
4,33,101,211,0
4,33,101,212,0
4,33,101,213,0
4,33,101,214,0
4,33,101,215,0
4,33,101,216,0
4,33,101,217,0
4,33,101,218,0
4,33,101,219,0
4,33,101,220,0
4,33,101,221,0
4,33,101,222,0
4,33,101,223,0
4,33,101,224,0
4,33,101,225,0
4,33,101,226,0
4,33,101,227,0
4,33,102,0,0
4,33,102,1,0
4,33,102,2,0
4,33,102,3,0
4,33,102,4,0
4,33,102,5,0
4,33,102,6,0
4,33,102,7,0
4,33,102,8,0
4,33,102,9,0
4,33,102,10,0
4,33,102,11,0
4,33,102,12,0
4,33,102,13,0
4,33,102,14,0
4,33,102,15,0
4,33,102,16,0
4,33,102,17,0
4,33,102,18,0
4,33,102,19,0
4,33,102,20,0
4,33,102,21,0
4,33,102,22,0
4,33,102,23,0
4,33,102,24,0
4,33,102,25,0
4,33,102,26,0
4,33,102,27,0
4,33,102,28,0
4,33,102,29,0
4,33,102,30,0
4,33,102,31,0
4,33,102,32,0
4,33,102,33,0
4,33,102,34,0
4,33,102,35,0
4,33,102,36,0
4,33,102,37,0
4,33,102,38,0
4,33,102,39,0
4,33,102,40,0
4,33,102,41,0
4,33,102,42,0
4,33,102,43,0
4,33,102,44,0
4,33,102,45,0
4,33,102,46,0
4,33,102,47,0
4,33,102,48,0
4,33,102,49,0
4,33,102,50,0
4,33,102,51,0
4,33,102,52,0
4,33,102,53,0
4,33,102,54,0
4,33,102,55,0
4,33,102,56,0
4,33,102,57,0
4,33,102,58,0
4,33,102,59,0
4,33,102,60,0
4,33,102,61,0
4,33,102,62,0
4,33,102,63,0
4,33,102,64,0
4,33,102,65,0
4,33,102,66,0
4,33,102,67,0
4,33,102,68,0
4,33,102,69,0
4,33,102,70,0
4,33,102,71,0
4,33,102,72,0
4,33,102,73,0
4,33,102,74,0
4,33,102,75,0
4,33,102,76,0
4,33,102,77,0
4,33,102,78,0
4,33,102,79,0
4,33,102,80,0
4,33,102,81,0
4,33,102,82,0
4,33,102,83,0
4,33,102,84,0
4,33,102,85,0
4,33,102,86,0
4,33,102,87,0
4,33,102,88,0
4,33,102,89,0
4,33,102,90,0
4,33,102,91,0
4,33,102,92,0
4,33,102,93,0
4,33,102,94,0
4,33,102,95,0
4,33,102,96,0
4,33,102,97,0
4,33,102,98,0
4,33,102,99,0
4,33,102,100,0
4,33,102,101,0
4,33,102,102,0
4,33,102,103,0
4,33,102,104,0
4,33,102,105,0
4,33,102,106,0
4,33,102,107,120
4,33,102,108,121742
4,33,102,109,40522782
4,33,102,110,6586413994
4,33,102,111,623572936592
4,33,102,112,38038397141870
4,33,102,113,1596582758867148
4,33,102,114,48306627174204884
4,33,102,115,1091120489045988756
4,33,102,116,18913200940107294452
4,33,102,117,257309206818173288434
4,33,102,118,2799828015145391717446
4,33,102,119,24762062502794978187568
4,33,102,120,180500250362387337517538
4,33,102,121,1097748835039667764615122
4,33,102,122,5630406160179122748749902
4,33,102,123,24589663318045909312159278
4,33,102,124,92231846143139512962952530
4,33,102,125,299439462336558143539371440
4,33,102,126,847466364267136487728864332
4,33,102,127,2104521437618672651702209286
4,33,102,128,4613365775713491687141767434
4,33,102,129,8977318439352592093202237927
4,33,102,130,15588621728913720187881694333
4,33,102,131,24272976723122514235190496852
4,33,102,132,34046913580604747793138574666
4,33,102,133,43204029625382466522908609910
4,33,102,134,49794599449332305449493700340
4,33,102,135,52316231760645206765053366540
4,33,102,136,50272881640898818631280059149
4,33,102,137,44318060824161979480478945191
4,33,102,138,35937019374470789399372737201
4,33,102,139,26868304150545127479345794030
4,33,102,140,18559086071879824094473887734
4,33,102,141,11864038454211072836451612191
4,33,102,142,7028651378251493078732003431
4,33,102,143,3863167091117797752592711058
4,33,102,144,1971435311102348417760656086
4,33,102,145,934531308808763362223150542
4,33,102,146,411579441086053907056616870
4,33,102,147,168388399005420236902756781
4,33,102,148,63973010696136265071214530
4,33,102,149,22553667024932219723265469
4,33,102,150,7371789415264867822148649
4,33,102,151,2231342999622094837733671
4,33,102,152,624629373346478637893800
4,33,102,153,161480367890235217910734
4,33,102,154,38497817027916214931432
4,33,102,155,8453024988878449615934
4,33,102,156,1707787011398068008712
4,33,102,157,317341301725298571391
4,33,102,158,54255690719995767155
4,33,102,159,8545177680430361748
4,33,102,160,1242302662145205511
4,33,102,161,167122885206938341
4,33,102,162,20853625261290655
4,33,102,163,2417696215700302
4,33,102,164,260560476177389
4,33,102,165,26073884512227
4,33,102,166,2415084685821
4,33,102,167,205856206252
4,33,102,168,16002751609
4,33,102,169,1119030429
4,33,102,170,68864673
4,33,102,171,3642946
4,33,102,172,156322
4,33,102,173,4784
4,33,102,174,112
4,33,102,175,0
4,33,102,176,0
4,33,102,177,0
4,33,102,178,0
4,33,102,179,0
4,33,102,180,0
4,33,102,181,0
4,33,102,182,0
4,33,102,183,0
4,33,102,184,0
4,33,102,185,0
4,33,102,186,0
4,33,102,187,0
4,33,102,188,0
4,33,102,189,0
4,33,102,190,0
4,33,102,191,0
4,33,102,192,0
4,33,102,193,0
4,33,102,194,0
4,33,102,195,0
4,33,102,196,0
4,33,102,197,0
4,33,102,198,0
4,33,102,199,0
4,33,102,200,0
4,33,102,201,0
4,33,102,202,0
4,33,102,203,0
4,33,102,204,0
4,33,102,205,0
4,33,102,206,0
4,33,102,207,0
4,33,102,208,0
4,33,102,209,0
4,33,102,210,0
4,33,102,211,0
4,33,102,212,0
4,33,102,213,0
4,33,102,214,0
4,33,102,215,0
4,33,102,216,0
4,33,102,217,0
4,33,102,218,0
4,33,102,219,0
4,33,102,220,0
4,33,102,221,0
4,33,102,222,0
4,33,102,223,0
4,33,102,224,0
4,33,102,225,0
4,33,102,226,0
4,33,102,227,0
4,33,103,0,0
4,33,103,1,0
4,33,103,2,0
4,33,103,3,0
4,33,103,4,0
4,33,103,5,0
4,33,103,6,0
4,33,103,7,0
4,33,103,8,0
4,33,103,9,0
4,33,103,10,0
4,33,103,11,0
4,33,103,12,0
4,33,103,13,0
4,33,103,14,0
4,33,103,15,0
4,33,103,16,0
4,33,103,17,0
4,33,103,18,0
4,33,103,19,0
4,33,103,20,0
4,33,103,21,0
4,33,103,22,0
4,33,103,23,0
4,33,103,24,0
4,33,103,25,0
4,33,103,26,0
4,33,103,27,0
4,33,103,28,0
4,33,103,29,0
4,33,103,30,0
4,33,103,31,0
4,33,103,32,0
4,33,103,33,0
4,33,103,34,0
4,33,103,35,0
4,33,103,36,0
4,33,103,37,0
4,33,103,38,0
4,33,103,39,0
4,33,103,40,0
4,33,103,41,0
4,33,103,42,0
4,33,103,43,0
4,33,103,44,0
4,33,103,45,0
4,33,103,46,0
4,33,103,47,0
4,33,103,48,0
4,33,103,49,0
4,33,103,50,0
4,33,103,51,0
4,33,103,52,0
4,33,103,53,0
4,33,103,54,0
4,33,103,55,0
4,33,103,56,0
4,33,103,57,0
4,33,103,58,0
4,33,103,59,0
4,33,103,60,0
4,33,103,61,0
4,33,103,62,0
4,33,103,63,0
4,33,103,64,0
4,33,103,65,0
4,33,103,66,0
4,33,103,67,0
4,33,103,68,0
4,33,103,69,0
4,33,103,70,0
4,33,103,71,0
4,33,103,72,0
4,33,103,73,0
4,33,103,74,0
4,33,103,75,0
4,33,103,76,0
4,33,103,77,0
4,33,103,78,0
4,33,103,79,0
4,33,103,80,0
4,33,103,81,0
4,33,103,82,0
4,33,103,83,0
4,33,103,84,0
4,33,103,85,0
4,33,103,86,0
4,33,103,87,0
4,33,103,88,0
4,33,103,89,0
4,33,103,90,0
4,33,103,91,0
4,33,103,92,0
4,33,103,93,0
4,33,103,94,0
4,33,103,95,0
4,33,103,96,0
4,33,103,97,0
4,33,103,98,0
4,33,103,99,0
4,33,103,100,0
4,33,103,101,0
4,33,103,102,0
4,33,103,103,0
4,33,103,104,0
4,33,103,105,0
4,33,103,106,0
4,33,103,107,0
4,33,103,108,0
4,33,103,109,0
4,33,103,110,0
4,33,103,111,3366
4,33,103,112,2218580
4,33,103,113,536849010
4,33,103,114,67355871784
4,33,103,115,5107081151140
4,33,103,116,255682715541480
4,33,103,117,8959858926750864
4,33,103,118,229142096366859172
4,33,103,119,4414439329796873006
4,33,103,120,65696046784860911216
4,33,103,121,771042466640352472292
4,33,103,122,7262393737233114712284
4,33,103,123,55729668837236646960806
4,33,103,124,353046074890892703444270
4,33,103,125,1868109963089858425679258
4,33,103,126,8343767497103865491063694
4,33,103,127,31756814645677352999260786
4,33,103,128,103892173230759558139692968
4,33,103,129,294466656688184403690245628
4,33,103,130,728371945600727851689602758
4,33,103,131,1582867253168780784168578180
4,33,103,132,3040907934429333018025074994
4,33,103,133,5194325013621161398554179580
4,33,103,134,7931313970302255975348805222
4,33,103,135,10879501082834872385051532122
4,33,103,136,13468475204832653881230722852
4,33,103,137,15111694391898476868848915832
4,33,103,138,15426743052533279813698851112
4,33,103,139,14378814164655488810220270886
4,33,103,140,12274977043357756426558969130
4,33,103,141,9624277660733277048044512704
4,33,103,142,6947169270903673024222418702
4,33,103,143,4626217407947521317747602916
4,33,103,144,2846789254039738085885993936
4,33,103,145,1620981595202143830000211314
4,33,103,146,854927794733540477474320518
4,33,103,147,417926678707059602797965002
4,33,103,148,189425783903308519069206820
4,33,103,149,79607955774013860099025250
4,33,103,150,31011760578597933131229494
4,33,103,151,11191586164733414092892430
4,33,103,152,3738265663838311479927134
4,33,103,153,1154427049009968596073088
4,33,103,154,329146929670188044860506
4,33,103,155,86513270628728450043894
4,33,103,156,20929807276505284413848
4,33,103,157,4653696891647881661624
4,33,103,158,949879462218508868380
4,33,103,159,177866366886932099052
4,33,103,160,30558158346762693930
4,33,103,161,4822020159357354768
4,33,103,162,700252992583789148
4,33,103,163,93825264695318062
4,33,103,164,11629068929521218
4,33,103,165,1335846703222864
4,33,103,166,142304100471830
4,33,103,167,14041310458356
4,33,103,168,1278918104874
4,33,103,169,106851193292
4,33,103,170,8108891890
4,33,103,171,550806050
4,33,103,172,32647408
4,33,103,173,1647686
4,33,103,174,66664
4,33,103,175,1844
4,33,103,176,32
4,33,103,177,0
4,33,103,178,0
4,33,103,179,0
4,33,103,180,0
4,33,103,181,0
4,33,103,182,0
4,33,103,183,0
4,33,103,184,0
4,33,103,185,0
4,33,103,186,0
4,33,103,187,0
4,33,103,188,0
4,33,103,189,0
4,33,103,190,0
4,33,103,191,0
4,33,103,192,0
4,33,103,193,0
4,33,103,194,0
4,33,103,195,0
4,33,103,196,0
4,33,103,197,0
4,33,103,198,0
4,33,103,199,0
4,33,103,200,0
4,33,103,201,0
4,33,103,202,0
4,33,103,203,0
4,33,103,204,0
4,33,103,205,0
4,33,103,206,0
4,33,103,207,0
4,33,103,208,0
4,33,103,209,0
4,33,103,210,0
4,33,103,211,0
4,33,103,212,0
4,33,103,213,0
4,33,103,214,0
4,33,103,215,0
4,33,103,216,0
4,33,103,217,0
4,33,103,218,0
4,33,103,219,0
4,33,103,220,0
4,33,103,221,0
4,33,103,222,0
4,33,103,223,0
4,33,103,224,0
4,33,103,225,0
4,33,103,226,0
4,33,103,227,0
4,33,104,0,0
4,33,104,1,0
4,33,104,2,0
4,33,104,3,0
4,33,104,4,0
4,33,104,5,0
4,33,104,6,0
4,33,104,7,0
4,33,104,8,0
4,33,104,9,0
4,33,104,10,0
4,33,104,11,0
4,33,104,12,0
4,33,104,13,0
4,33,104,14,0
4,33,104,15,0
4,33,104,16,0
4,33,104,17,0
4,33,104,18,0
4,33,104,19,0
4,33,104,20,0
4,33,104,21,0
4,33,104,22,0
4,33,104,23,0
4,33,104,24,0
4,33,104,25,0
4,33,104,26,0
4,33,104,27,0
4,33,104,28,0
4,33,104,29,0
4,33,104,30,0
4,33,104,31,0
4,33,104,32,0
4,33,104,33,0
4,33,104,34,0
4,33,104,35,0
4,33,104,36,0
4,33,104,37,0
4,33,104,38,0
4,33,104,39,0
4,33,104,40,0
4,33,104,41,0
4,33,104,42,0
4,33,104,43,0
4,33,104,44,0
4,33,104,45,0
4,33,104,46,0
4,33,104,47,0
4,33,104,48,0
4,33,104,49,0
4,33,104,50,0
4,33,104,51,0
4,33,104,52,0
4,33,104,53,0
4,33,104,54,0
4,33,104,55,0
4,33,104,56,0
4,33,104,57,0
4,33,104,58,0
4,33,104,59,0
4,33,104,60,0
4,33,104,61,0
4,33,104,62,0
4,33,104,63,0
4,33,104,64,0
4,33,104,65,0
4,33,104,66,0
4,33,104,67,0
4,33,104,68,0
4,33,104,69,0
4,33,104,70,0
4,33,104,71,0
4,33,104,72,0
4,33,104,73,0
4,33,104,74,0
4,33,104,75,0
4,33,104,76,0
4,33,104,77,0
4,33,104,78,0
4,33,104,79,0
4,33,104,80,0
4,33,104,81,0
4,33,104,82,0
4,33,104,83,0
4,33,104,84,0
4,33,104,85,0
4,33,104,86,0
4,33,104,87,0
4,33,104,88,0
4,33,104,89,0
4,33,104,90,0
4,33,104,91,0
4,33,104,92,0
4,33,104,93,0
4,33,104,94,0
4,33,104,95,0
4,33,104,96,0
4,33,104,97,0
4,33,104,98,0
4,33,104,99,0
4,33,104,100,0
4,33,104,101,0
4,33,104,102,0
4,33,104,103,0
4,33,104,104,0
4,33,104,105,0
4,33,104,106,0
4,33,104,107,0
4,33,104,108,0
4,33,104,109,0
4,33,104,110,0
4,33,104,111,0
4,33,104,112,0
4,33,104,113,0
4,33,104,114,0
4,33,104,115,58688
4,33,104,116,28159018
4,33,104,117,5263358914
4,33,104,118,528930741880
4,33,104,119,32902987592686
4,33,104,120,1374218627609674
4,33,104,121,40657458620857918
4,33,104,122,885518273667126326
4,33,104,123,14620419126897712526
4,33,104,124,187319976067731523234
4,33,104,125,1898776737031953283924
4,33,104,126,15480634556267314022708
4,33,104,127,102984763053089379842240
4,33,104,128,566205817375119990898112
4,33,104,129,2602505266238418059687184
4,33,104,130,10105869005705055991335602
4,33,104,131,33472231997563445220416998
4,33,104,132,95399960363883291651109054
4,33,104,133,235873997303096687310888186
4,33,104,134,509702818183620915096903964
4,33,104,135,969266447027045768433740801
4,33,104,136,1632349783965307632018056046
4,33,104,137,2448900236950284297614929797
4,33,104,138,3290507146484395344428613998
4,33,104,139,3979645527938880608759372635
4,33,104,140,4351964971334956880001395917
4,33,104,141,4320866568934196629128435067
4,33,104,142,3909328847688909954718747696
4,33,104,143,3233692434259569780271828208
4,33,104,144,2452448131298017793974878254
4,33,104,145,1709497402894452887531048613
4,33,104,146,1097475275806397953101334074
4,33,104,147,649980624771798814891431347
4,33,104,148,355584433173200087422716342
4,33,104,149,179853328882081005712264345
4,33,104,150,84152550002755489662884370
4,33,104,151,36431315806957265486178719
4,33,104,152,14590703734190698541444170
4,33,104,153,5403308697005014820754416
4,33,104,154,1848728351048507693145086
4,33,104,155,583757912923163395922036
4,33,104,156,169879301942828711647214
4,33,104,157,45489296296967644366013
4,33,104,158,11189352812857161104796
4,33,104,159,2524112515236369150428
4,33,104,160,521439347071409954843
4,33,104,161,98556985582166847950
4,33,104,162,17040898267722354752
4,33,104,163,2697647552218080954
4,33,104,164,391724792232894890
4,33,104,165,52314734014927702
4,33,104,166,6443492070986992
4,33,104,167,733498622197627
4,33,104,168,77229498543661
4,33,104,169,7511640942778
4,33,104,170,672455777212
4,33,104,171,55029332867
4,33,104,172,4070864575
4,33,104,173,268398764
4,33,104,174,15310192
4,33,104,175,726764
4,33,104,176,28380
4,33,104,177,665
4,33,104,178,8
4,33,104,179,0
4,33,104,180,0
4,33,104,181,0
4,33,104,182,0
4,33,104,183,0
4,33,104,184,0
4,33,104,185,0
4,33,104,186,0
4,33,104,187,0
4,33,104,188,0
4,33,104,189,0
4,33,104,190,0
4,33,104,191,0
4,33,104,192,0
4,33,104,193,0
4,33,104,194,0
4,33,104,195,0
4,33,104,196,0
4,33,104,197,0
4,33,104,198,0
4,33,104,199,0
4,33,104,200,0
4,33,104,201,0
4,33,104,202,0
4,33,104,203,0
4,33,104,204,0
4,33,104,205,0
4,33,104,206,0
4,33,104,207,0
4,33,104,208,0
4,33,104,209,0
4,33,104,210,0
4,33,104,211,0
4,33,104,212,0
4,33,104,213,0
4,33,104,214,0
4,33,104,215,0
4,33,104,216,0
4,33,104,217,0
4,33,104,218,0
4,33,104,219,0
4,33,104,220,0
4,33,104,221,0
4,33,104,222,0
4,33,104,223,0
4,33,104,224,0
4,33,104,225,0
4,33,104,226,0
4,33,104,227,0
4,33,105,0,0
4,33,105,1,0
4,33,105,2,0
4,33,105,3,0
4,33,105,4,0
4,33,105,5,0
4,33,105,6,0
4,33,105,7,0
4,33,105,8,0
4,33,105,9,0
4,33,105,10,0
4,33,105,11,0
4,33,105,12,0
4,33,105,13,0
4,33,105,14,0
4,33,105,15,0
4,33,105,16,0
4,33,105,17,0
4,33,105,18,0
4,33,105,19,0
4,33,105,20,0
4,33,105,21,0
4,33,105,22,0
4,33,105,23,0
4,33,105,24,0
4,33,105,25,0
4,33,105,26,0
4,33,105,27,0
4,33,105,28,0
4,33,105,29,0
4,33,105,30,0
4,33,105,31,0
4,33,105,32,0
4,33,105,33,0
4,33,105,34,0
4,33,105,35,0
4,33,105,36,0
4,33,105,37,0
4,33,105,38,0
4,33,105,39,0
4,33,105,40,0
4,33,105,41,0
4,33,105,42,0
4,33,105,43,0
4,33,105,44,0
4,33,105,45,0
4,33,105,46,0
4,33,105,47,0
4,33,105,48,0
4,33,105,49,0
4,33,105,50,0
4,33,105,51,0
4,33,105,52,0
4,33,105,53,0
4,33,105,54,0
4,33,105,55,0
4,33,105,56,0
4,33,105,57,0
4,33,105,58,0
4,33,105,59,0
4,33,105,60,0
4,33,105,61,0
4,33,105,62,0
4,33,105,63,0
4,33,105,64,0
4,33,105,65,0
4,33,105,66,0
4,33,105,67,0
4,33,105,68,0
4,33,105,69,0
4,33,105,70,0
4,33,105,71,0
4,33,105,72,0
4,33,105,73,0
4,33,105,74,0
4,33,105,75,0
4,33,105,76,0
4,33,105,77,0
4,33,105,78,0
4,33,105,79,0
4,33,105,80,0
4,33,105,81,0
4,33,105,82,0
4,33,105,83,0
4,33,105,84,0
4,33,105,85,0
4,33,105,86,0
4,33,105,87,0
4,33,105,88,0
4,33,105,89,0
4,33,105,90,0
4,33,105,91,0
4,33,105,92,0
4,33,105,93,0
4,33,105,94,0
4,33,105,95,0
4,33,105,96,0
4,33,105,97,0
4,33,105,98,0
4,33,105,99,0
4,33,105,100,0
4,33,105,101,0
4,33,105,102,0
4,33,105,103,0
4,33,105,104,0
4,33,105,105,0
4,33,105,106,0
4,33,105,107,0
4,33,105,108,0
4,33,105,109,0
4,33,105,110,0
4,33,105,111,0
4,33,105,112,0
4,33,105,113,0
4,33,105,114,0
4,33,105,115,0
4,33,105,116,0
4,33,105,117,0
4,33,105,118,0
4,33,105,119,713450
4,33,105,120,264700708
4,33,105,121,39647838012
4,33,105,122,3268825366816
4,33,105,123,169564083759508
4,33,105,124,5974311545157192
4,33,105,125,150357488333397608
4,33,105,126,2802448278262640532
4,33,105,127,39765198155967098518
4,33,105,128,439153194474452448892
4,33,105,129,3844773207858733911446
4,33,105,130,27111247324515447826056
4,33,105,131,156147746793612863219702
4,33,105,132,743900955169456831612458
4,33,105,133,2965518606880631157969776
4,33,105,134,9997810159852190882046004
4,33,105,135,28785893172049408102088326
4,33,105,136,71423462639461590589592536
4,33,105,137,153988881547327128990294756
4,33,105,138,290692334265515932395785118
4,33,105,139,483851630630442870985346726
4,33,105,140,714683973987483273753818430
4,33,105,141,942308933209269491895134700
4,33,105,142,1115013233004647067658511444
4,33,105,143,1189834182589786876113015276
4,33,105,144,1150035527583743741074092360
4,33,105,145,1010748446625695116141027936
4,33,105,146,810521020585873083191827354
4,33,105,147,594778878001617964669663578
4,33,105,148,400406469855679134832984594
4,33,105,149,247796021218769655851869816
4,33,105,150,141202824441174551338106616
4,33,105,151,74178197041576022717071934
4,33,105,152,35953860360038006360374752
4,33,105,153,16085412879388531241660038
4,33,105,154,6642776398362203102325478
4,33,105,155,2531321451038242081253936
4,33,105,156,889439091469995533132954
4,33,105,157,287870529549545595464474
4,33,105,158,85702789413195026355194
4,33,105,159,23431578576705908290544
4,33,105,160,5872660105019267398862
4,33,105,161,1346785229956348857136
4,33,105,162,282142395711677803860
4,33,105,163,53927637917305526550
4,33,105,164,9399862121886893290
4,33,105,165,1495012215508586942
4,33,105,166,217334880813553118
4,33,105,167,28955404786585066
4,33,105,168,3545962895601400
4,33,105,169,400108815613684
4,33,105,170,41635751005540
4,33,105,171,3990799069426
4,33,105,172,350932285982
4,33,105,173,28109076078
4,33,105,174,2025266234
4,33,105,175,129090974
4,33,105,176,7113380
4,33,105,177,316340
4,33,105,178,11190
4,33,105,179,280
4,33,105,180,0
4,33,105,181,0
4,33,105,182,0
4,33,105,183,0
4,33,105,184,0
4,33,105,185,0
4,33,105,186,0
4,33,105,187,0
4,33,105,188,0
4,33,105,189,0
4,33,105,190,0
4,33,105,191,0
4,33,105,192,0
4,33,105,193,0
4,33,105,194,0
4,33,105,195,0
4,33,105,196,0
4,33,105,197,0
4,33,105,198,0
4,33,105,199,0
4,33,105,200,0
4,33,105,201,0
4,33,105,202,0
4,33,105,203,0
4,33,105,204,0
4,33,105,205,0
4,33,105,206,0
4,33,105,207,0
4,33,105,208,0
4,33,105,209,0
4,33,105,210,0
4,33,105,211,0
4,33,105,212,0
4,33,105,213,0
4,33,105,214,0
4,33,105,215,0
4,33,105,216,0
4,33,105,217,0
4,33,105,218,0
4,33,105,219,0
4,33,105,220,0
4,33,105,221,0
4,33,105,222,0
4,33,105,223,0
4,33,105,224,0
4,33,105,225,0
4,33,105,226,0
4,33,105,227,0
4,33,106,0,0
4,33,106,1,0
4,33,106,2,0
4,33,106,3,0
4,33,106,4,0
4,33,106,5,0
4,33,106,6,0
4,33,106,7,0
4,33,106,8,0
4,33,106,9,0
4,33,106,10,0
4,33,106,11,0
4,33,106,12,0
4,33,106,13,0
4,33,106,14,0
4,33,106,15,0
4,33,106,16,0
4,33,106,17,0
4,33,106,18,0
4,33,106,19,0
4,33,106,20,0
4,33,106,21,0
4,33,106,22,0
4,33,106,23,0
4,33,106,24,0
4,33,106,25,0
4,33,106,26,0
4,33,106,27,0
4,33,106,28,0
4,33,106,29,0
4,33,106,30,0
4,33,106,31,0
4,33,106,32,0
4,33,106,33,0
4,33,106,34,0
4,33,106,35,0
4,33,106,36,0
4,33,106,37,0
4,33,106,38,0
4,33,106,39,0
4,33,106,40,0
4,33,106,41,0
4,33,106,42,0
4,33,106,43,0
4,33,106,44,0
4,33,106,45,0
4,33,106,46,0
4,33,106,47,0
4,33,106,48,0
4,33,106,49,0
4,33,106,50,0
4,33,106,51,0
4,33,106,52,0
4,33,106,53,0
4,33,106,54,0
4,33,106,55,0
4,33,106,56,0
4,33,106,57,0
4,33,106,58,0
4,33,106,59,0
4,33,106,60,0
4,33,106,61,0
4,33,106,62,0
4,33,106,63,0
4,33,106,64,0
4,33,106,65,0
4,33,106,66,0
4,33,106,67,0
4,33,106,68,0
4,33,106,69,0
4,33,106,70,0
4,33,106,71,0
4,33,106,72,0
4,33,106,73,0
4,33,106,74,0
4,33,106,75,0
4,33,106,76,0
4,33,106,77,0
4,33,106,78,0
4,33,106,79,0
4,33,106,80,0
4,33,106,81,0
4,33,106,82,0
4,33,106,83,0
4,33,106,84,0
4,33,106,85,0
4,33,106,86,0
4,33,106,87,0
4,33,106,88,0
4,33,106,89,0
4,33,106,90,0
4,33,106,91,0
4,33,106,92,0
4,33,106,93,0
4,33,106,94,0
4,33,106,95,0
4,33,106,96,0
4,33,106,97,0
4,33,106,98,0
4,33,106,99,0
4,33,106,100,0
4,33,106,101,0
4,33,106,102,0
4,33,106,103,0
4,33,106,104,0
4,33,106,105,0
4,33,106,106,0
4,33,106,107,0
4,33,106,108,0
4,33,106,109,0
4,33,106,110,0
4,33,106,111,0
4,33,106,112,0
4,33,106,113,0
4,33,106,114,0
4,33,106,115,0
4,33,106,116,0
4,33,106,117,0
4,33,106,118,0
4,33,106,119,0
4,33,106,120,0
4,33,106,121,0
4,33,106,122,0
4,33,106,123,6430632
4,33,106,124,1913439974
4,33,106,125,235209710790
4,33,106,126,16169287729030
4,33,106,127,707232126882068
4,33,106,128,21179496686024044
4,33,106,129,455635060681125246
4,33,106,130,7288092145832905662
4,33,106,131,88987885327778134636
4,33,106,132,847159954204051874972
4,33,106,133,6401033881260011786060
4,33,106,134,38987619084834103195488
4,33,106,135,194107480080851560744020
4,33,106,136,800067403346184903229318
4,33,106,137,2762401168365982896863736
4,33,106,138,8076983711275870453416546
4,33,106,139,20201153601439934277359742
4,33,106,140,43619155858942885676284160
4,33,106,141,82002237829673494362761943
4,33,106,142,135263040748166849441730956
4,33,106,143,197151819262746006011383192
4,33,106,144,255550923962446794091263777
4,33,106,145,296300997768955284278286567
4,33,106,146,308914616594682394426267623
4,33,106,147,290949816437378241974704885
4,33,106,148,248574664236452006984124964
4,33,106,149,193333198891851997964976590
4,33,106,150,137306895333906043158102346
4,33,106,151,89273275858684019668481880
4,33,106,152,53246307955956517631787303
4,33,106,153,29180180552873260171873366
4,33,106,154,14709929090155548299340497
4,33,106,155,6825878265471433389619207
4,33,106,156,2916387765160515532823119
4,33,106,157,1147098523861501783308232
4,33,106,158,415122606545892029013525
4,33,106,159,138086905147978290258759
4,33,106,160,42164798703557524252095
4,33,106,161,11799166074816544566123
4,33,106,162,3020193549830452764793
4,33,106,163,705717917217459250379
4,33,106,164,150248155172361470171
4,33,106,165,29100217742486555180
4,33,106,166,5123058408408578470
4,33,106,167,819986976144039210
4,33,106,168,119502985946649323
4,33,106,169,15899482868285382
4,33,106,170,1937227541298568
4,33,106,171,216733395741402
4,33,106,172,22290182936613
4,33,106,173,2104877096462
4,33,106,174,181721920145
4,33,106,175,14232392085
4,33,106,176,997988059
4,33,106,177,61402363
4,33,106,178,3239133
4,33,106,179,137845
4,33,106,180,4206
4,33,106,181,98
4,33,106,182,0
4,33,106,183,0
4,33,106,184,0
4,33,106,185,0
4,33,106,186,0
4,33,106,187,0
4,33,106,188,0
4,33,106,189,0
4,33,106,190,0
4,33,106,191,0
4,33,106,192,0
4,33,106,193,0
4,33,106,194,0
4,33,106,195,0
4,33,106,196,0
4,33,106,197,0
4,33,106,198,0
4,33,106,199,0
4,33,106,200,0
4,33,106,201,0
4,33,106,202,0
4,33,106,203,0
4,33,106,204,0
4,33,106,205,0
4,33,106,206,0
4,33,106,207,0
4,33,106,208,0
4,33,106,209,0
4,33,106,210,0
4,33,106,211,0
4,33,106,212,0
4,33,106,213,0
4,33,106,214,0
4,33,106,215,0
4,33,106,216,0
4,33,106,217,0
4,33,106,218,0
4,33,106,219,0
4,33,106,220,0
4,33,106,221,0
4,33,106,222,0
4,33,106,223,0
4,33,106,224,0
4,33,106,225,0
4,33,106,226,0
4,33,106,227,0
4,33,107,0,0
4,33,107,1,0
4,33,107,2,0
4,33,107,3,0
4,33,107,4,0
4,33,107,5,0
4,33,107,6,0
4,33,107,7,0
4,33,107,8,0
4,33,107,9,0
4,33,107,10,0
4,33,107,11,0
4,33,107,12,0
4,33,107,13,0
4,33,107,14,0
4,33,107,15,0
4,33,107,16,0
4,33,107,17,0
4,33,107,18,0
4,33,107,19,0
4,33,107,20,0
4,33,107,21,0
4,33,107,22,0
4,33,107,23,0
4,33,107,24,0
4,33,107,25,0
4,33,107,26,0
4,33,107,27,0
4,33,107,28,0
4,33,107,29,0
4,33,107,30,0
4,33,107,31,0
4,33,107,32,0
4,33,107,33,0
4,33,107,34,0
4,33,107,35,0
4,33,107,36,0
4,33,107,37,0
4,33,107,38,0
4,33,107,39,0
4,33,107,40,0
4,33,107,41,0
4,33,107,42,0
4,33,107,43,0
4,33,107,44,0
4,33,107,45,0
4,33,107,46,0
4,33,107,47,0
4,33,107,48,0
4,33,107,49,0
4,33,107,50,0
4,33,107,51,0
4,33,107,52,0
4,33,107,53,0
4,33,107,54,0
4,33,107,55,0
4,33,107,56,0
4,33,107,57,0
4,33,107,58,0
4,33,107,59,0
4,33,107,60,0
4,33,107,61,0
4,33,107,62,0
4,33,107,63,0
4,33,107,64,0
4,33,107,65,0
4,33,107,66,0
4,33,107,67,0
4,33,107,68,0
4,33,107,69,0
4,33,107,70,0
4,33,107,71,0
4,33,107,72,0
4,33,107,73,0
4,33,107,74,0
4,33,107,75,0
4,33,107,76,0
4,33,107,77,0
4,33,107,78,0
4,33,107,79,0
4,33,107,80,0
4,33,107,81,0
4,33,107,82,0
4,33,107,83,0
4,33,107,84,0
4,33,107,85,0
4,33,107,86,0
4,33,107,87,0
4,33,107,88,0
4,33,107,89,0
4,33,107,90,0
4,33,107,91,0
4,33,107,92,0
4,33,107,93,0
4,33,107,94,0
4,33,107,95,0
4,33,107,96,0
4,33,107,97,0
4,33,107,98,0
4,33,107,99,0
4,33,107,100,0
4,33,107,101,0
4,33,107,102,0
4,33,107,103,0
4,33,107,104,0
4,33,107,105,0
4,33,107,106,0
4,33,107,107,0
4,33,107,108,0
4,33,107,109,0
4,33,107,110,0
4,33,107,111,0
4,33,107,112,0
4,33,107,113,0
4,33,107,114,0
4,33,107,115,0
4,33,107,116,0
4,33,107,117,0
4,33,107,118,0
4,33,107,119,0
4,33,107,120,0
4,33,107,121,0
4,33,107,122,0
4,33,107,123,0
4,33,107,124,0
4,33,107,125,0
4,33,107,126,0
4,33,107,127,44623502
4,33,107,128,10903691428
4,33,107,129,1117815486118
4,33,107,130,64784168618776
4,33,107,131,2407293337965914
4,33,107,132,61574424869646180
4,33,107,133,1135557804103819750
4,33,107,134,15608274850890713892
4,33,107,135,164009955789985745376
4,33,107,136,1344926169466516966180
4,33,107,137,8758811150264411218926
4,33,107,138,46008396870278013258832
4,33,107,139,197694509664137880400782
4,33,107,140,704004602476496306338030
4,33,107,141,2102971259151235766425556
4,33,107,142,5328808029758975824724930
4,33,107,143,11572745991791391481424760
4,33,107,144,21743972086745824965657712
4,33,107,145,35649772020945090284027820
4,33,107,146,51400103018461043623420800
4,33,107,147,65631177376471929166296128
4,33,107,148,74685781408156437082994688
4,33,107,149,76172111951764827711043468
4,33,107,150,69976168565968211834364596
4,33,107,151,58155769960742828885042142
4,33,107,152,43888692217023840354877274
4,33,107,153,30172033537143153919244440
4,33,107,154,18944353041872622455378616
4,33,107,155,10886170275376070253533494
4,33,107,156,5734055683388104059642802
4,33,107,157,2771362152853937156486662
4,33,107,158,1229732120720885614952986
4,33,107,159,501012239761705368044168
4,33,107,160,187344147780416386576830
4,33,107,161,64242802448217530027336
4,33,107,162,20176941136168923830784
4,33,107,163,5794548987739493196534
4,33,107,164,1518686335055639921454
4,33,107,165,362465502056052296618
4,33,107,166,78610213467816948156
4,33,107,167,15462783779281990138
4,33,107,168,2755218670698078114
4,33,107,169,444638209014784760
4,33,107,170,65066089091144180
4,33,107,171,8655460496086688
4,33,107,172,1050095781121458
4,33,107,173,116533266406774
4,33,107,174,11845775228080
4,33,107,175,1101737325622
4,33,107,176,93329303754
4,33,107,177,7141515060
4,33,107,178,486788860
4,33,107,179,28839234
4,33,107,180,1454102
4,33,107,181,58386
4,33,107,182,1602
4,33,107,183,28
4,33,107,184,0
4,33,107,185,0
4,33,107,186,0
4,33,107,187,0
4,33,107,188,0
4,33,107,189,0
4,33,107,190,0
4,33,107,191,0
4,33,107,192,0
4,33,107,193,0
4,33,107,194,0
4,33,107,195,0
4,33,107,196,0
4,33,107,197,0
4,33,107,198,0
4,33,107,199,0
4,33,107,200,0
4,33,107,201,0
4,33,107,202,0
4,33,107,203,0
4,33,107,204,0
4,33,107,205,0
4,33,107,206,0
4,33,107,207,0
4,33,107,208,0
4,33,107,209,0
4,33,107,210,0
4,33,107,211,0
4,33,107,212,0
4,33,107,213,0
4,33,107,214,0
4,33,107,215,0
4,33,107,216,0
4,33,107,217,0
4,33,107,218,0
4,33,107,219,0
4,33,107,220,0
4,33,107,221,0
4,33,107,222,0
4,33,107,223,0
4,33,107,224,0
4,33,107,225,0
4,33,107,226,0
4,33,107,227,0
4,33,108,0,0
4,33,108,1,0
4,33,108,2,0
4,33,108,3,0
4,33,108,4,0
4,33,108,5,0
4,33,108,6,0
4,33,108,7,0
4,33,108,8,0
4,33,108,9,0
4,33,108,10,0
4,33,108,11,0
4,33,108,12,0
4,33,108,13,0
4,33,108,14,0
4,33,108,15,0
4,33,108,16,0
4,33,108,17,0
4,33,108,18,0
4,33,108,19,0
4,33,108,20,0
4,33,108,21,0
4,33,108,22,0
4,33,108,23,0
4,33,108,24,0
4,33,108,25,0
4,33,108,26,0
4,33,108,27,0
4,33,108,28,0
4,33,108,29,0
4,33,108,30,0
4,33,108,31,0
4,33,108,32,0
4,33,108,33,0
4,33,108,34,0
4,33,108,35,0
4,33,108,36,0
4,33,108,37,0
4,33,108,38,0
4,33,108,39,0
4,33,108,40,0
4,33,108,41,0
4,33,108,42,0
4,33,108,43,0
4,33,108,44,0
4,33,108,45,0
4,33,108,46,0
4,33,108,47,0
4,33,108,48,0
4,33,108,49,0
4,33,108,50,0
4,33,108,51,0
4,33,108,52,0
4,33,108,53,0
4,33,108,54,0
4,33,108,55,0
4,33,108,56,0
4,33,108,57,0
4,33,108,58,0
4,33,108,59,0
4,33,108,60,0
4,33,108,61,0
4,33,108,62,0
4,33,108,63,0
4,33,108,64,0
4,33,108,65,0
4,33,108,66,0
4,33,108,67,0
4,33,108,68,0
4,33,108,69,0
4,33,108,70,0
4,33,108,71,0
4,33,108,72,0
4,33,108,73,0
4,33,108,74,0
4,33,108,75,0
4,33,108,76,0
4,33,108,77,0
4,33,108,78,0
4,33,108,79,0
4,33,108,80,0
4,33,108,81,0
4,33,108,82,0
4,33,108,83,0
4,33,108,84,0
4,33,108,85,0
4,33,108,86,0
4,33,108,87,0
4,33,108,88,0
4,33,108,89,0
4,33,108,90,0
4,33,108,91,0
4,33,108,92,0
4,33,108,93,0
4,33,108,94,0
4,33,108,95,0
4,33,108,96,0
4,33,108,97,0
4,33,108,98,0
4,33,108,99,0
4,33,108,100,0
4,33,108,101,0
4,33,108,102,0
4,33,108,103,0
4,33,108,104,0
4,33,108,105,0
4,33,108,106,0
4,33,108,107,0
4,33,108,108,0
4,33,108,109,0
4,33,108,110,0
4,33,108,111,0
4,33,108,112,0
4,33,108,113,0
4,33,108,114,0
4,33,108,115,0
4,33,108,116,0
4,33,108,117,0
4,33,108,118,0
4,33,108,119,0
4,33,108,120,0
4,33,108,121,0
4,33,108,122,0
4,33,108,123,0
4,33,108,124,0
4,33,108,125,0
4,33,108,126,0
4,33,108,127,0
4,33,108,128,0
4,33,108,129,0
4,33,108,130,0
4,33,108,131,244396544
4,33,108,132,49828656850
4,33,108,133,4307277496170
4,33,108,134,212038826942804
4,33,108,135,6726465412219626
4,33,108,136,147377649385050800
4,33,108,137,2333069131553226848
4,33,108,138,27560061671672373658
4,33,108,139,249039211151443677116
4,33,108,140,1756753028001506233094
4,33,108,141,9844938183710137970820
4,33,108,142,44524527935883047820310
4,33,108,143,164874244656540455774222
4,33,108,144,506659531840534915022318
4,33,108,145,1308315028732328029986744
4,33,108,146,2871668523489933408376280
4,33,108,147,5414273226909345593310563
4,33,108,148,8852440012792921583135848
4,33,108,149,12659955704042746167687746
4,33,108,150,15958700029968250046894186
4,33,108,151,17854621956337470782477709
4,33,108,152,17837868968962884947399382
4,33,108,153,15999274488005106629752392
4,33,108,154,12943047315889878202809286
4,33,108,155,9481280931604675208801783
4,33,108,156,6309887832506631751281512
4,33,108,157,3825232087175772051832848
4,33,108,158,2116762705024856807076664
4,33,108,159,1070807139125903696787368
4,33,108,160,495655584356968842725920
4,33,108,161,210014390317958170004890
4,33,108,162,81444341713132288780846
4,33,108,163,28889258795841954934210
4,33,108,164,9362319438176974612346
4,33,108,165,2767655555434050131795
4,33,108,166,744835783374703353072
4,33,108,167,182071495574919488113
4,33,108,168,40329325913730361608
4,33,108,169,8076689932403422720
4,33,108,170,1460007064880554566
4,33,108,171,238069722381818474
4,33,108,172,35044629735896184
4,33,108,173,4667764070374504
4,33,108,174,564433734590688
4,33,108,175,62163826899159
4,33,108,176,6246320471946
4,33,108,177,572071401139
4,33,108,178,47525996064
4,33,108,179,3548122864
4,33,108,180,234979766
4,33,108,181,13401089
4,33,108,182,635208
4,33,108,183,24761
4,33,108,184,570
4,33,108,185,7
4,33,108,186,0
4,33,108,187,0
4,33,108,188,0
4,33,108,189,0
4,33,108,190,0
4,33,108,191,0
4,33,108,192,0
4,33,108,193,0
4,33,108,194,0
4,33,108,195,0
4,33,108,196,0
4,33,108,197,0
4,33,108,198,0
4,33,108,199,0
4,33,108,200,0
4,33,108,201,0
4,33,108,202,0
4,33,108,203,0
4,33,108,204,0
4,33,108,205,0
4,33,108,206,0
4,33,108,207,0
4,33,108,208,0
4,33,108,209,0
4,33,108,210,0
4,33,108,211,0
4,33,108,212,0
4,33,108,213,0
4,33,108,214,0
4,33,108,215,0
4,33,108,216,0
4,33,108,217,0
4,33,108,218,0
4,33,108,219,0
4,33,108,220,0
4,33,108,221,0
4,33,108,222,0
4,33,108,223,0
4,33,108,224,0
4,33,108,225,0
4,33,108,226,0
4,33,108,227,0
4,33,109,0,0
4,33,109,1,0
4,33,109,2,0
4,33,109,3,0
4,33,109,4,0
4,33,109,5,0
4,33,109,6,0
4,33,109,7,0
4,33,109,8,0
4,33,109,9,0
4,33,109,10,0
4,33,109,11,0
4,33,109,12,0
4,33,109,13,0
4,33,109,14,0
4,33,109,15,0
4,33,109,16,0
4,33,109,17,0
4,33,109,18,0
4,33,109,19,0
4,33,109,20,0
4,33,109,21,0
4,33,109,22,0
4,33,109,23,0
4,33,109,24,0
4,33,109,25,0
4,33,109,26,0
4,33,109,27,0
4,33,109,28,0
4,33,109,29,0
4,33,109,30,0
4,33,109,31,0
4,33,109,32,0
4,33,109,33,0
4,33,109,34,0
4,33,109,35,0
4,33,109,36,0
4,33,109,37,0
4,33,109,38,0
4,33,109,39,0
4,33,109,40,0
4,33,109,41,0
4,33,109,42,0
4,33,109,43,0
4,33,109,44,0
4,33,109,45,0
4,33,109,46,0
4,33,109,47,0
4,33,109,48,0
4,33,109,49,0
4,33,109,50,0
4,33,109,51,0
4,33,109,52,0
4,33,109,53,0
4,33,109,54,0
4,33,109,55,0
4,33,109,56,0
4,33,109,57,0
4,33,109,58,0
4,33,109,59,0
4,33,109,60,0
4,33,109,61,0
4,33,109,62,0
4,33,109,63,0
4,33,109,64,0
4,33,109,65,0
4,33,109,66,0
4,33,109,67,0
4,33,109,68,0
4,33,109,69,0
4,33,109,70,0
4,33,109,71,0
4,33,109,72,0
4,33,109,73,0
4,33,109,74,0
4,33,109,75,0
4,33,109,76,0
4,33,109,77,0
4,33,109,78,0
4,33,109,79,0
4,33,109,80,0
4,33,109,81,0
4,33,109,82,0
4,33,109,83,0
4,33,109,84,0
4,33,109,85,0
4,33,109,86,0
4,33,109,87,0
4,33,109,88,0
4,33,109,89,0
4,33,109,90,0
4,33,109,91,0
4,33,109,92,0
4,33,109,93,0
4,33,109,94,0
4,33,109,95,0
4,33,109,96,0
4,33,109,97,0
4,33,109,98,0
4,33,109,99,0
4,33,109,100,0
4,33,109,101,0
4,33,109,102,0
4,33,109,103,0
4,33,109,104,0
4,33,109,105,0
4,33,109,106,0
4,33,109,107,0
4,33,109,108,0
4,33,109,109,0
4,33,109,110,0
4,33,109,111,0
4,33,109,112,0
4,33,109,113,0
4,33,109,114,0
4,33,109,115,0
4,33,109,116,0
4,33,109,117,0
4,33,109,118,0
4,33,109,119,0
4,33,109,120,0
4,33,109,121,0
4,33,109,122,0
4,33,109,123,0
4,33,109,124,0
4,33,109,125,0
4,33,109,126,0
4,33,109,127,0
4,33,109,128,0
4,33,109,129,0
4,33,109,130,0
4,33,109,131,0
4,33,109,132,0
4,33,109,133,0
4,33,109,134,0
4,33,109,135,1074801042
4,33,109,136,184851671892
4,33,109,137,13574137123968
4,33,109,138,570379176940672
4,33,109,139,15492246881262794
4,33,109,140,291157074195714988
4,33,109,141,3957122477221707564
4,33,109,142,40143289289424216932
4,33,109,143,311513716752155779684
4,33,109,144,1887092006802171265968
4,33,109,145,9084025795129613693090
4,33,109,146,35314399412197792495132
4,33,109,147,112544329782543721521278
4,33,109,148,298159368445707453345502
4,33,109,149,665140628730987325538810
4,33,109,150,1264206281707696630531924
4,33,109,151,2069056668394288020695376
4,33,109,152,2943858111334893408001986
4,33,109,153,3672380215438012777709526
4,33,109,154,4047095500653958270986072
4,33,109,155,3966327131846482697896442
4,33,109,156,3476900711138048031720450
4,33,109,157,2739728246963311802218454
4,33,109,158,1948712678235113181173802
4,33,109,159,1255466091399744015648094
4,33,109,160,734623721773829394496654
4,33,109,161,391221187333655412073126
4,33,109,162,189886064522372197564124
4,33,109,163,84066761360526298932000
4,33,109,164,33954926394754695178386
4,33,109,165,12507258821362004538422
4,33,109,166,4197503523393038015494
4,33,109,167,1281580694414933737240
4,33,109,168,355281859298550711952
4,33,109,169,89217205714814269978
4,33,109,170,20241805017111849918
4,33,109,171,4138723000491882916
4,33,109,172,760988073209793106
4,33,109,173,125681493433699508
4,33,109,174,18649636934998922
4,33,109,175,2491387134999894
4,33,109,176,300624816505752
4,33,109,177,32881071058608
4,33,109,178,3266646141014
4,33,109,179,294530182486
4,33,109,180,23986493478
4,33,109,181,1745797272
4,33,109,182,111908608
4,33,109,183,6170024
4,33,109,184,273744
4,33,109,185,9692
4,33,109,186,240
4,33,109,187,0
4,33,109,188,0
4,33,109,189,0
4,33,109,190,0
4,33,109,191,0
4,33,109,192,0
4,33,109,193,0
4,33,109,194,0
4,33,109,195,0
4,33,109,196,0
4,33,109,197,0
4,33,109,198,0
4,33,109,199,0
4,33,109,200,0
4,33,109,201,0
4,33,109,202,0
4,33,109,203,0
4,33,109,204,0
4,33,109,205,0
4,33,109,206,0
4,33,109,207,0
4,33,109,208,0
4,33,109,209,0
4,33,109,210,0
4,33,109,211,0
4,33,109,212,0
4,33,109,213,0
4,33,109,214,0
4,33,109,215,0
4,33,109,216,0
4,33,109,217,0
4,33,109,218,0
4,33,109,219,0
4,33,109,220,0
4,33,109,221,0
4,33,109,222,0
4,33,109,223,0
4,33,109,224,0
4,33,109,225,0
4,33,109,226,0
4,33,109,227,0
4,33,110,0,0
4,33,110,1,0
4,33,110,2,0
4,33,110,3,0
4,33,110,4,0
4,33,110,5,0
4,33,110,6,0
4,33,110,7,0
4,33,110,8,0
4,33,110,9,0
4,33,110,10,0
4,33,110,11,0
4,33,110,12,0
4,33,110,13,0
4,33,110,14,0
4,33,110,15,0
4,33,110,16,0
4,33,110,17,0
4,33,110,18,0
4,33,110,19,0
4,33,110,20,0
4,33,110,21,0
4,33,110,22,0
4,33,110,23,0
4,33,110,24,0
4,33,110,25,0
4,33,110,26,0
4,33,110,27,0
4,33,110,28,0
4,33,110,29,0
4,33,110,30,0
4,33,110,31,0
4,33,110,32,0
4,33,110,33,0
4,33,110,34,0
4,33,110,35,0
4,33,110,36,0
4,33,110,37,0
4,33,110,38,0
4,33,110,39,0
4,33,110,40,0
4,33,110,41,0
4,33,110,42,0
4,33,110,43,0
4,33,110,44,0
4,33,110,45,0
4,33,110,46,0
4,33,110,47,0
4,33,110,48,0
4,33,110,49,0
4,33,110,50,0
4,33,110,51,0
4,33,110,52,0
4,33,110,53,0
4,33,110,54,0
4,33,110,55,0
4,33,110,56,0
4,33,110,57,0
4,33,110,58,0
4,33,110,59,0
4,33,110,60,0
4,33,110,61,0
4,33,110,62,0
4,33,110,63,0
4,33,110,64,0
4,33,110,65,0
4,33,110,66,0
4,33,110,67,0
4,33,110,68,0
4,33,110,69,0
4,33,110,70,0
4,33,110,71,0
4,33,110,72,0
4,33,110,73,0
4,33,110,74,0
4,33,110,75,0
4,33,110,76,0
4,33,110,77,0
4,33,110,78,0
4,33,110,79,0
4,33,110,80,0
4,33,110,81,0
4,33,110,82,0
4,33,110,83,0
4,33,110,84,0
4,33,110,85,0
4,33,110,86,0
4,33,110,87,0
4,33,110,88,0
4,33,110,89,0
4,33,110,90,0
4,33,110,91,0
4,33,110,92,0
4,33,110,93,0
4,33,110,94,0
4,33,110,95,0
4,33,110,96,0
4,33,110,97,0
4,33,110,98,0
4,33,110,99,0
4,33,110,100,0
4,33,110,101,0
4,33,110,102,0
4,33,110,103,0
4,33,110,104,0
4,33,110,105,0
4,33,110,106,0
4,33,110,107,0
4,33,110,108,0
4,33,110,109,0
4,33,110,110,0
4,33,110,111,0
4,33,110,112,0
4,33,110,113,0
4,33,110,114,0
4,33,110,115,0
4,33,110,116,0
4,33,110,117,0
4,33,110,118,0
4,33,110,119,0
4,33,110,120,0
4,33,110,121,0
4,33,110,122,0
4,33,110,123,0
4,33,110,124,0
4,33,110,125,0
4,33,110,126,0
4,33,110,127,0
4,33,110,128,0
4,33,110,129,0
4,33,110,130,0
4,33,110,131,0
4,33,110,132,0
4,33,110,133,0
4,33,110,134,0
4,33,110,135,0
4,33,110,136,0
4,33,110,137,0
4,33,110,138,0
4,33,110,139,3842321560
4,33,110,140,561594051262
4,33,110,141,35204893016942
4,33,110,142,1266407681973858
4,33,110,143,29492727937583576
4,33,110,144,475530349339585490
4,33,110,145,5544491724674421272
4,33,110,146,48234994083500751416
4,33,110,147,320862303525954238980
4,33,110,148,1665974906245393897218
4,33,110,149,6876151382947046523044
4,33,110,150,22942279680660126331824
4,33,110,151,62851320701984108954734
4,33,110,152,143431131373646825992650
4,33,110,153,276278608982394036894315
4,33,110,154,454560440461008892653603
4,33,110,155,645647714193125231872789
4,33,110,156,799207498008849774018473
4,33,110,157,869353874465486101686451
4,33,110,158,837069772995258837919365
4,33,110,159,717921487484105348821326
4,33,110,160,551385748981388281744087
4,33,110,161,380911424420487160926355
4,33,110,162,237544051983248798965405
4,33,110,163,134101355928983668963877
4,33,110,164,68672229118840709504086
4,33,110,165,31942279637175590471167
4,33,110,166,13504072077071177687935
4,33,110,167,5188763957636156816260
4,33,110,168,1810787266411098125647
4,33,110,169,573202639336271826799
4,33,110,170,164273059784923670509
4,33,110,171,42520996297251407676
4,33,110,172,9913437121255572815
4,33,110,173,2075792033084400893
4,33,110,174,389365246198336673
4,33,110,175,65309665999075758
4,33,110,176,9792797638875718
4,33,110,177,1314681382595811
4,33,110,178,158529548222317
4,33,110,179,17234486215841
4,33,110,180,1693416467071
4,33,110,181,150295455329
4,33,110,182,11990876193
4,33,110,183,850293889
4,33,110,184,52663689
4,33,110,185,2785492
4,33,110,186,118068
4,33,110,187,3608
4,33,110,188,84
4,33,110,189,0
4,33,110,190,0
4,33,110,191,0
4,33,110,192,0
4,33,110,193,0
4,33,110,194,0
4,33,110,195,0
4,33,110,196,0
4,33,110,197,0
4,33,110,198,0
4,33,110,199,0
4,33,110,200,0
4,33,110,201,0
4,33,110,202,0
4,33,110,203,0
4,33,110,204,0
4,33,110,205,0
4,33,110,206,0
4,33,110,207,0
4,33,110,208,0
4,33,110,209,0
4,33,110,210,0
4,33,110,211,0
4,33,110,212,0
4,33,110,213,0
4,33,110,214,0
4,33,110,215,0
4,33,110,216,0
4,33,110,217,0
4,33,110,218,0
4,33,110,219,0
4,33,110,220,0
4,33,110,221,0
4,33,110,222,0
4,33,110,223,0
4,33,110,224,0
4,33,110,225,0
4,33,110,226,0
4,33,110,227,0
4,33,111,0,0
4,33,111,1,0
4,33,111,2,0
4,33,111,3,0
4,33,111,4,0
4,33,111,5,0
4,33,111,6,0
4,33,111,7,0
4,33,111,8,0
4,33,111,9,0
4,33,111,10,0
4,33,111,11,0
4,33,111,12,0
4,33,111,13,0
4,33,111,14,0
4,33,111,15,0
4,33,111,16,0
4,33,111,17,0
4,33,111,18,0
4,33,111,19,0
4,33,111,20,0
4,33,111,21,0
4,33,111,22,0
4,33,111,23,0
4,33,111,24,0
4,33,111,25,0
4,33,111,26,0
4,33,111,27,0
4,33,111,28,0
4,33,111,29,0
4,33,111,30,0
4,33,111,31,0
4,33,111,32,0
4,33,111,33,0
4,33,111,34,0
4,33,111,35,0
4,33,111,36,0
4,33,111,37,0
4,33,111,38,0
4,33,111,39,0
4,33,111,40,0
4,33,111,41,0
4,33,111,42,0
4,33,111,43,0
4,33,111,44,0
4,33,111,45,0
4,33,111,46,0
4,33,111,47,0
4,33,111,48,0
4,33,111,49,0
4,33,111,50,0
4,33,111,51,0
4,33,111,52,0
4,33,111,53,0
4,33,111,54,0
4,33,111,55,0
4,33,111,56,0
4,33,111,57,0
4,33,111,58,0
4,33,111,59,0
4,33,111,60,0
4,33,111,61,0
4,33,111,62,0
4,33,111,63,0
4,33,111,64,0
4,33,111,65,0
4,33,111,66,0
4,33,111,67,0
4,33,111,68,0
4,33,111,69,0
4,33,111,70,0
4,33,111,71,0
4,33,111,72,0
4,33,111,73,0
4,33,111,74,0
4,33,111,75,0
4,33,111,76,0
4,33,111,77,0
4,33,111,78,0
4,33,111,79,0
4,33,111,80,0
4,33,111,81,0
4,33,111,82,0
4,33,111,83,0
4,33,111,84,0
4,33,111,85,0
4,33,111,86,0
4,33,111,87,0
4,33,111,88,0
4,33,111,89,0
4,33,111,90,0
4,33,111,91,0
4,33,111,92,0
4,33,111,93,0
4,33,111,94,0
4,33,111,95,0
4,33,111,96,0
4,33,111,97,0
4,33,111,98,0
4,33,111,99,0
4,33,111,100,0
4,33,111,101,0
4,33,111,102,0
4,33,111,103,0
4,33,111,104,0
4,33,111,105,0
4,33,111,106,0
4,33,111,107,0
4,33,111,108,0
4,33,111,109,0
4,33,111,110,0
4,33,111,111,0
4,33,111,112,0
4,33,111,113,0
4,33,111,114,0
4,33,111,115,0
4,33,111,116,0
4,33,111,117,0
4,33,111,118,0
4,33,111,119,0
4,33,111,120,0
4,33,111,121,0
4,33,111,122,0
4,33,111,123,0
4,33,111,124,0
4,33,111,125,0
4,33,111,126,0
4,33,111,127,0
4,33,111,128,0
4,33,111,129,0
4,33,111,130,0
4,33,111,131,0
4,33,111,132,0
4,33,111,133,0
4,33,111,134,0
4,33,111,135,0
4,33,111,136,0
4,33,111,137,0
4,33,111,138,0
4,33,111,139,0
4,33,111,140,0
4,33,111,141,0
4,33,111,142,0
4,33,111,143,11265589302
4,33,111,144,1406185307956
4,33,111,145,75475782760794
4,33,111,146,2327701412569032
4,33,111,147,46489834660524376
4,33,111,148,642616669859136624
4,33,111,149,6418552880995841116
4,33,111,150,47794241085363109476
4,33,111,151,271962408238064856544
4,33,111,152,1207806945286686314732
4,33,111,153,4266548986549172365346
4,33,111,154,12199712389697389792984
4,33,111,155,28698319649632994067082
4,33,111,156,56369451479540007714760
4,33,111,157,93697348343288771982206
4,33,111,158,133379718139572702401040
4,33,111,159,164326587637533481279032
4,33,111,160,176843159029100169741354
4,33,111,161,167573009727042578407918
4,33,111,162,140775411452807360905210
4,33,111,163,105452428641241019611812
4,33,111,164,70770267646251657730764
4,33,111,165,42712163450146055389446
4,33,111,166,23249314841218200951090
4,33,111,167,11436909427772380811860
4,33,111,168,5090697765317827750518
4,33,111,169,2051199831907587955994
4,33,111,170,747937631131899946726
4,33,111,171,246546109394328413870
4,33,111,172,73342279077761937336
4,33,111,173,19643090412020440760
4,33,111,174,4723030420058453282
4,33,111,175,1016297191917522710
4,33,111,176,195111730520228326
4,33,111,177,33340238615630568
4,33,111,178,5065635159680858
4,33,111,179,685014822483424
4,33,111,180,82689616891246
4,33,111,181,8945089907144
4,33,111,182,869686908940
4,33,111,183,75969967844
4,33,111,184,5934924386
4,33,111,185,409775766
4,33,111,186,24446640
4,33,111,187,1239226
4,33,111,188,49600
4,33,111,189,1356
4,33,111,190,24
4,33,111,191,0
4,33,111,192,0
4,33,111,193,0
4,33,111,194,0
4,33,111,195,0
4,33,111,196,0
4,33,111,197,0
4,33,111,198,0
4,33,111,199,0
4,33,111,200,0
4,33,111,201,0
4,33,111,202,0
4,33,111,203,0
4,33,111,204,0
4,33,111,205,0
4,33,111,206,0
4,33,111,207,0
4,33,111,208,0
4,33,111,209,0
4,33,111,210,0
4,33,111,211,0
4,33,111,212,0
4,33,111,213,0
4,33,111,214,0
4,33,111,215,0
4,33,111,216,0
4,33,111,217,0
4,33,111,218,0
4,33,111,219,0
4,33,111,220,0
4,33,111,221,0
4,33,111,222,0
4,33,111,223,0
4,33,111,224,0
4,33,111,225,0
4,33,111,226,0
4,33,111,227,0
4,33,112,0,0
4,33,112,1,0
4,33,112,2,0
4,33,112,3,0
4,33,112,4,0
4,33,112,5,0
4,33,112,6,0
4,33,112,7,0
4,33,112,8,0
4,33,112,9,0
4,33,112,10,0
4,33,112,11,0
4,33,112,12,0
4,33,112,13,0
4,33,112,14,0
4,33,112,15,0
4,33,112,16,0
4,33,112,17,0
4,33,112,18,0
4,33,112,19,0
4,33,112,20,0
4,33,112,21,0
4,33,112,22,0
4,33,112,23,0
4,33,112,24,0
4,33,112,25,0
4,33,112,26,0
4,33,112,27,0
4,33,112,28,0
4,33,112,29,0
4,33,112,30,0
4,33,112,31,0
4,33,112,32,0
4,33,112,33,0
4,33,112,34,0
4,33,112,35,0
4,33,112,36,0
4,33,112,37,0
4,33,112,38,0
4,33,112,39,0
4,33,112,40,0
4,33,112,41,0
4,33,112,42,0
4,33,112,43,0
4,33,112,44,0
4,33,112,45,0
4,33,112,46,0
4,33,112,47,0
4,33,112,48,0
4,33,112,49,0
4,33,112,50,0
4,33,112,51,0
4,33,112,52,0
4,33,112,53,0
4,33,112,54,0
4,33,112,55,0
4,33,112,56,0
4,33,112,57,0
4,33,112,58,0
4,33,112,59,0
4,33,112,60,0
4,33,112,61,0
4,33,112,62,0
4,33,112,63,0
4,33,112,64,0
4,33,112,65,0
4,33,112,66,0
4,33,112,67,0
4,33,112,68,0
4,33,112,69,0
4,33,112,70,0
4,33,112,71,0
4,33,112,72,0
4,33,112,73,0
4,33,112,74,0
4,33,112,75,0
4,33,112,76,0
4,33,112,77,0
4,33,112,78,0
4,33,112,79,0
4,33,112,80,0
4,33,112,81,0
4,33,112,82,0
4,33,112,83,0
4,33,112,84,0
4,33,112,85,0
4,33,112,86,0
4,33,112,87,0
4,33,112,88,0
4,33,112,89,0
4,33,112,90,0
4,33,112,91,0
4,33,112,92,0
4,33,112,93,0
4,33,112,94,0
4,33,112,95,0
4,33,112,96,0
4,33,112,97,0
4,33,112,98,0
4,33,112,99,0
4,33,112,100,0
4,33,112,101,0
4,33,112,102,0
4,33,112,103,0
4,33,112,104,0
4,33,112,105,0
4,33,112,106,0
4,33,112,107,0
4,33,112,108,0
4,33,112,109,0
4,33,112,110,0
4,33,112,111,0
4,33,112,112,0
4,33,112,113,0
4,33,112,114,0
4,33,112,115,0
4,33,112,116,0
4,33,112,117,0
4,33,112,118,0
4,33,112,119,0
4,33,112,120,0
4,33,112,121,0
4,33,112,122,0
4,33,112,123,0
4,33,112,124,0
4,33,112,125,0
4,33,112,126,0
4,33,112,127,0
4,33,112,128,0
4,33,112,129,0
4,33,112,130,0
4,33,112,131,0
4,33,112,132,0
4,33,112,133,0
4,33,112,134,0
4,33,112,135,0
4,33,112,136,0
4,33,112,137,0
4,33,112,138,0
4,33,112,139,0
4,33,112,140,0
4,33,112,141,0
4,33,112,142,0
4,33,112,143,0
4,33,112,144,0
4,33,112,145,0
4,33,112,146,0
4,33,112,147,27266245056
4,33,112,148,2915273882810
4,33,112,149,134177513563410
4,33,112,150,3548688639715440
4,33,112,151,60740626501933606
4,33,112,152,718727793429222222
4,33,112,153,6137350942042054650
4,33,112,154,39026749141983305190
4,33,112,155,189522185116828241738
4,33,112,156,718377117111122425804
4,33,112,157,2167904077765026113100
4,33,112,158,5304706669028585582588
4,33,112,159,10702912690625070818331
4,33,112,160,18077670723111914938398
4,33,112,161,25908062747430808086702
4,33,112,162,31880323284810961461368
4,33,112,163,34031501087297070213471
4,33,112,164,31795158017892623915435
4,33,112,165,26195659170323343536629
4,33,112,166,19151679889640844706796
4,33,112,167,12488325791846266770966
4,33,112,168,7292155079275504408504
4,33,112,169,3824290502452689055249
4,33,112,170,1804921523441546704362
4,33,112,171,767446607634191670896
4,33,112,172,294040395170936579593
4,33,112,173,101449803290579711242
4,33,112,174,31473249925482550714
4,33,112,175,8760047542504975801
4,33,112,176,2181150324945741471
4,33,112,177,484188449823101574
4,33,112,178,95493859257382256
4,33,112,179,16681843611074438
4,33,112,180,2576504595786283
4,33,112,181,351912812131432
4,33,112,182,42614836609038
4,33,112,183,4593375569282
4,33,112,184,442206826795
4,33,112,185,38022220192
4,33,112,186,2905384694
4,33,112,187,195321368
4,33,112,188,11226823
4,33,112,189,535064
4,33,112,190,20938
4,33,112,191,475
4,33,112,192,6
4,33,112,193,0
4,33,112,194,0
4,33,112,195,0
4,33,112,196,0
4,33,112,197,0
4,33,112,198,0
4,33,112,199,0
4,33,112,200,0
4,33,112,201,0
4,33,112,202,0
4,33,112,203,0
4,33,112,204,0
4,33,112,205,0
4,33,112,206,0
4,33,112,207,0
4,33,112,208,0
4,33,112,209,0
4,33,112,210,0
4,33,112,211,0
4,33,112,212,0
4,33,112,213,0
4,33,112,214,0
4,33,112,215,0
4,33,112,216,0
4,33,112,217,0
4,33,112,218,0
4,33,112,219,0
4,33,112,220,0
4,33,112,221,0
4,33,112,222,0
4,33,112,223,0
4,33,112,224,0
4,33,112,225,0
4,33,112,226,0
4,33,112,227,0
4,33,113,0,0
4,33,113,1,0
4,33,113,2,0
4,33,113,3,0
4,33,113,4,0
4,33,113,5,0
4,33,113,6,0
4,33,113,7,0
4,33,113,8,0
4,33,113,9,0
4,33,113,10,0
4,33,113,11,0
4,33,113,12,0
4,33,113,13,0
4,33,113,14,0
4,33,113,15,0
4,33,113,16,0
4,33,113,17,0
4,33,113,18,0
4,33,113,19,0
4,33,113,20,0
4,33,113,21,0
4,33,113,22,0
4,33,113,23,0
4,33,113,24,0
4,33,113,25,0
4,33,113,26,0
4,33,113,27,0
4,33,113,28,0
4,33,113,29,0
4,33,113,30,0
4,33,113,31,0
4,33,113,32,0
4,33,113,33,0
4,33,113,34,0
4,33,113,35,0
4,33,113,36,0
4,33,113,37,0
4,33,113,38,0
4,33,113,39,0
4,33,113,40,0
4,33,113,41,0
4,33,113,42,0
4,33,113,43,0
4,33,113,44,0
4,33,113,45,0
4,33,113,46,0
4,33,113,47,0
4,33,113,48,0
4,33,113,49,0
4,33,113,50,0
4,33,113,51,0
4,33,113,52,0
4,33,113,53,0
4,33,113,54,0
4,33,113,55,0
4,33,113,56,0
4,33,113,57,0
4,33,113,58,0
4,33,113,59,0
4,33,113,60,0
4,33,113,61,0
4,33,113,62,0
4,33,113,63,0
4,33,113,64,0
4,33,113,65,0
4,33,113,66,0
4,33,113,67,0
4,33,113,68,0
4,33,113,69,0
4,33,113,70,0
4,33,113,71,0
4,33,113,72,0
4,33,113,73,0
4,33,113,74,0
4,33,113,75,0
4,33,113,76,0
4,33,113,77,0
4,33,113,78,0
4,33,113,79,0
4,33,113,80,0
4,33,113,81,0
4,33,113,82,0
4,33,113,83,0
4,33,113,84,0
4,33,113,85,0
4,33,113,86,0
4,33,113,87,0
4,33,113,88,0
4,33,113,89,0
4,33,113,90,0
4,33,113,91,0
4,33,113,92,0
4,33,113,93,0
4,33,113,94,0
4,33,113,95,0
4,33,113,96,0
4,33,113,97,0
4,33,113,98,0
4,33,113,99,0
4,33,113,100,0
4,33,113,101,0
4,33,113,102,0
4,33,113,103,0
4,33,113,104,0
4,33,113,105,0
4,33,113,106,0
4,33,113,107,0
4,33,113,108,0
4,33,113,109,0
4,33,113,110,0
4,33,113,111,0
4,33,113,112,0
4,33,113,113,0
4,33,113,114,0
4,33,113,115,0
4,33,113,116,0
4,33,113,117,0
4,33,113,118,0
4,33,113,119,0
4,33,113,120,0
4,33,113,121,0
4,33,113,122,0
4,33,113,123,0
4,33,113,124,0
4,33,113,125,0
4,33,113,126,0
4,33,113,127,0
4,33,113,128,0
4,33,113,129,0
4,33,113,130,0
4,33,113,131,0
4,33,113,132,0
4,33,113,133,0
4,33,113,134,0
4,33,113,135,0
4,33,113,136,0
4,33,113,137,0
4,33,113,138,0
4,33,113,139,0
4,33,113,140,0
4,33,113,141,0
4,33,113,142,0
4,33,113,143,0
4,33,113,144,0
4,33,113,145,0
4,33,113,146,0
4,33,113,147,0
4,33,113,148,0
4,33,113,149,0
4,33,113,150,0
4,33,113,151,54734043130
4,33,113,152,5020535258820
4,33,113,153,198212002810820
4,33,113,154,4492578947050080
4,33,113,155,65803225763568216
4,33,113,156,665151548416097760
4,33,113,157,4843932428686081432
4,33,113,158,26235348813418702036
4,33,113,159,108454733709086441340
4,33,113,160,350073927850141799480
4,33,113,161,900794230433973199814
4,33,113,162,1883260622330159568966
4,33,113,163,3254602671836422645936
4,33,113,164,4721073175112763179096
4,33,113,165,5825903683939279370422
4,33,113,166,6187347022278339602694
4,33,113,167,5711749334549953798374
4,33,113,168,4621450131118283551864
4,33,113,169,3300014024334865830466
4,33,113,170,2091093866799387483566
4,33,113,171,1180847287179408413918
4,33,113,172,596082913959134934772
4,33,113,173,269501862852604917184
4,33,113,174,109232533341068708774
4,33,113,175,39685567507130158380
4,33,113,176,12910323781886418998
4,33,113,177,3753166246609595316
4,33,113,178,972257245609421200
4,33,113,179,223644811746170300
4,33,113,180,45503270791014952
4,33,113,181,8158728353871204
4,33,113,182,1285665245070376
4,33,113,183,177934817297930
4,33,113,184,21670149984788
4,33,113,185,2331435566530
4,33,113,186,222433321466
4,33,113,187,18831683122
4,33,113,188,1406827134
4,33,113,189,91782970
4,33,113,190,5108308
4,33,113,191,227740
4,33,113,192,8126
4,33,113,193,200
4,33,113,194,0
4,33,113,195,0
4,33,113,196,0
4,33,113,197,0
4,33,113,198,0
4,33,113,199,0
4,33,113,200,0
4,33,113,201,0
4,33,113,202,0
4,33,113,203,0
4,33,113,204,0
4,33,113,205,0
4,33,113,206,0
4,33,113,207,0
4,33,113,208,0
4,33,113,209,0
4,33,113,210,0
4,33,113,211,0
4,33,113,212,0
4,33,113,213,0
4,33,113,214,0
4,33,113,215,0
4,33,113,216,0
4,33,113,217,0
4,33,113,218,0
4,33,113,219,0
4,33,113,220,0
4,33,113,221,0
4,33,113,222,0
4,33,113,223,0
4,33,113,224,0
4,33,113,225,0
4,33,113,226,0
4,33,113,227,0
4,33,114,0,0
4,33,114,1,0
4,33,114,2,0
4,33,114,3,0
4,33,114,4,0
4,33,114,5,0
4,33,114,6,0
4,33,114,7,0
4,33,114,8,0
4,33,114,9,0
4,33,114,10,0
4,33,114,11,0
4,33,114,12,0
4,33,114,13,0
4,33,114,14,0
4,33,114,15,0
4,33,114,16,0
4,33,114,17,0
4,33,114,18,0
4,33,114,19,0
4,33,114,20,0
4,33,114,21,0
4,33,114,22,0
4,33,114,23,0
4,33,114,24,0
4,33,114,25,0
4,33,114,26,0
4,33,114,27,0
4,33,114,28,0
4,33,114,29,0
4,33,114,30,0
4,33,114,31,0
4,33,114,32,0
4,33,114,33,0
4,33,114,34,0
4,33,114,35,0
4,33,114,36,0
4,33,114,37,0
4,33,114,38,0
4,33,114,39,0
4,33,114,40,0
4,33,114,41,0
4,33,114,42,0
4,33,114,43,0
4,33,114,44,0
4,33,114,45,0
4,33,114,46,0
4,33,114,47,0
4,33,114,48,0
4,33,114,49,0
4,33,114,50,0
4,33,114,51,0
4,33,114,52,0
4,33,114,53,0
4,33,114,54,0
4,33,114,55,0
4,33,114,56,0
4,33,114,57,0
4,33,114,58,0
4,33,114,59,0
4,33,114,60,0
4,33,114,61,0
4,33,114,62,0
4,33,114,63,0
4,33,114,64,0
4,33,114,65,0
4,33,114,66,0
4,33,114,67,0
4,33,114,68,0
4,33,114,69,0
4,33,114,70,0
4,33,114,71,0
4,33,114,72,0
4,33,114,73,0
4,33,114,74,0
4,33,114,75,0
4,33,114,76,0
4,33,114,77,0
4,33,114,78,0
4,33,114,79,0
4,33,114,80,0
4,33,114,81,0
4,33,114,82,0
4,33,114,83,0
4,33,114,84,0
4,33,114,85,0
4,33,114,86,0
4,33,114,87,0
4,33,114,88,0
4,33,114,89,0
4,33,114,90,0
4,33,114,91,0
4,33,114,92,0
4,33,114,93,0
4,33,114,94,0
4,33,114,95,0
4,33,114,96,0
4,33,114,97,0
4,33,114,98,0
4,33,114,99,0
4,33,114,100,0
4,33,114,101,0
4,33,114,102,0
4,33,114,103,0
4,33,114,104,0
4,33,114,105,0
4,33,114,106,0
4,33,114,107,0
4,33,114,108,0
4,33,114,109,0
4,33,114,110,0
4,33,114,111,0
4,33,114,112,0
4,33,114,113,0
4,33,114,114,0
4,33,114,115,0
4,33,114,116,0
4,33,114,117,0
4,33,114,118,0
4,33,114,119,0
4,33,114,120,0
4,33,114,121,0
4,33,114,122,0
4,33,114,123,0
4,33,114,124,0
4,33,114,125,0
4,33,114,126,0
4,33,114,127,0
4,33,114,128,0
4,33,114,129,0
4,33,114,130,0
4,33,114,131,0
4,33,114,132,0
4,33,114,133,0
4,33,114,134,0
4,33,114,135,0
4,33,114,136,0
4,33,114,137,0
4,33,114,138,0
4,33,114,139,0
4,33,114,140,0
4,33,114,141,0
4,33,114,142,0
4,33,114,143,0
4,33,114,144,0
4,33,114,145,0
4,33,114,146,0
4,33,114,147,0
4,33,114,148,0
4,33,114,149,0
4,33,114,150,0
4,33,114,151,0
4,33,114,152,0
4,33,114,153,0
4,33,114,154,0
4,33,114,155,91437047240
4,33,114,156,7198230151830
4,33,114,157,243623319431958
4,33,114,158,4725315298100670
4,33,114,159,59101576706178396
4,33,114,160,509009637899581056
4,33,114,161,3152170368193174842
4,33,114,162,14498736736437567858
4,33,114,163,50880571889272430268
4,33,114,164,139512430753213101436
4,33,114,165,305446551444962733331
4,33,114,166,544592069241057745350
4,33,114,167,804704149818527872322
4,33,114,168,1000648175791403156839
4,33,114,169,1061037596200569161972
4,33,114,170,970154791155859600302
4,33,114,171,772080306688188923804
4,33,114,172,538885842813633707882
4,33,114,173,331858312210916665317
4,33,114,174,181133630615238562122
4,33,114,175,87904578064568186760
4,33,114,176,38002307576963268731
4,33,114,177,14644958007012791488
4,33,114,178,5028465642629377417
4,33,114,179,1535882697389945745
4,33,114,180,416205662270683093
4,33,114,181,99710592253993619
4,33,114,182,21029737738677389
4,33,114,183,3887776140307681
4,33,114,184,627722705725164
4,33,114,185,88362502095316
4,33,114,186,10855955628817
4,33,114,187,1168288464457
4,33,114,188,110595252900
4,33,114,189,9222409916
4,33,114,190,673453323
4,33,114,191,42561343
4,33,114,192,2280007
4,33,114,193,96979
4,33,114,194,2990
4,33,114,195,70
4,33,114,196,0
4,33,114,197,0
4,33,114,198,0
4,33,114,199,0
4,33,114,200,0
4,33,114,201,0
4,33,114,202,0
4,33,114,203,0
4,33,114,204,0
4,33,114,205,0
4,33,114,206,0
4,33,114,207,0
4,33,114,208,0
4,33,114,209,0
4,33,114,210,0
4,33,114,211,0
4,33,114,212,0
4,33,114,213,0
4,33,114,214,0
4,33,114,215,0
4,33,114,216,0
4,33,114,217,0
4,33,114,218,0
4,33,114,219,0
4,33,114,220,0
4,33,114,221,0
4,33,114,222,0
4,33,114,223,0
4,33,114,224,0
4,33,114,225,0
4,33,114,226,0
4,33,114,227,0
4,33,115,0,0
4,33,115,1,0
4,33,115,2,0
4,33,115,3,0
4,33,115,4,0
4,33,115,5,0
4,33,115,6,0
4,33,115,7,0
4,33,115,8,0
4,33,115,9,0
4,33,115,10,0
4,33,115,11,0
4,33,115,12,0
4,33,115,13,0
4,33,115,14,0
4,33,115,15,0
4,33,115,16,0
4,33,115,17,0
4,33,115,18,0
4,33,115,19,0
4,33,115,20,0
4,33,115,21,0
4,33,115,22,0
4,33,115,23,0
4,33,115,24,0
4,33,115,25,0
4,33,115,26,0
4,33,115,27,0
4,33,115,28,0
4,33,115,29,0
4,33,115,30,0
4,33,115,31,0
4,33,115,32,0
4,33,115,33,0
4,33,115,34,0
4,33,115,35,0
4,33,115,36,0
4,33,115,37,0
4,33,115,38,0
4,33,115,39,0
4,33,115,40,0
4,33,115,41,0
4,33,115,42,0
4,33,115,43,0
4,33,115,44,0
4,33,115,45,0
4,33,115,46,0
4,33,115,47,0
4,33,115,48,0
4,33,115,49,0
4,33,115,50,0
4,33,115,51,0
4,33,115,52,0
4,33,115,53,0
4,33,115,54,0
4,33,115,55,0
4,33,115,56,0
4,33,115,57,0
4,33,115,58,0
4,33,115,59,0
4,33,115,60,0
4,33,115,61,0
4,33,115,62,0
4,33,115,63,0
4,33,115,64,0
4,33,115,65,0
4,33,115,66,0
4,33,115,67,0
4,33,115,68,0
4,33,115,69,0
4,33,115,70,0
4,33,115,71,0
4,33,115,72,0
4,33,115,73,0
4,33,115,74,0
4,33,115,75,0
4,33,115,76,0
4,33,115,77,0
4,33,115,78,0
4,33,115,79,0
4,33,115,80,0
4,33,115,81,0
4,33,115,82,0
4,33,115,83,0
4,33,115,84,0
4,33,115,85,0
4,33,115,86,0
4,33,115,87,0
4,33,115,88,0
4,33,115,89,0
4,33,115,90,0
4,33,115,91,0
4,33,115,92,0
4,33,115,93,0
4,33,115,94,0
4,33,115,95,0
4,33,115,96,0
4,33,115,97,0
4,33,115,98,0
4,33,115,99,0
4,33,115,100,0
4,33,115,101,0
4,33,115,102,0
4,33,115,103,0
4,33,115,104,0
4,33,115,105,0
4,33,115,106,0
4,33,115,107,0
4,33,115,108,0
4,33,115,109,0
4,33,115,110,0
4,33,115,111,0
4,33,115,112,0
4,33,115,113,0
4,33,115,114,0
4,33,115,115,0
4,33,115,116,0
4,33,115,117,0
4,33,115,118,0
4,33,115,119,0
4,33,115,120,0
4,33,115,121,0
4,33,115,122,0
4,33,115,123,0
4,33,115,124,0
4,33,115,125,0
4,33,115,126,0
4,33,115,127,0
4,33,115,128,0
4,33,115,129,0
4,33,115,130,0
4,33,115,131,0
4,33,115,132,0
4,33,115,133,0
4,33,115,134,0
4,33,115,135,0
4,33,115,136,0
4,33,115,137,0
4,33,115,138,0
4,33,115,139,0
4,33,115,140,0
4,33,115,141,0
4,33,115,142,0
4,33,115,143,0
4,33,115,144,0
4,33,115,145,0
4,33,115,146,0
4,33,115,147,0
4,33,115,148,0
4,33,115,149,0
4,33,115,150,0
4,33,115,151,0
4,33,115,152,0
4,33,115,153,0
4,33,115,154,0
4,33,115,155,0
4,33,115,156,0
4,33,115,157,0
4,33,115,158,0
4,33,115,159,127421652510
4,33,115,160,8604425503236
4,33,115,161,249296428861326
4,33,115,162,4129000924555704
4,33,115,163,43979239954385790
4,33,115,164,321712594623018380
4,33,115,165,1688533022038574274
4,33,115,166,6573882802696207012
4,33,115,167,19523464014417069134
4,33,115,168,45347787443582395642
4,33,115,169,84264195772516562166
4,33,115,170,127818520225414682360
4,33,115,171,161091192658890546226
4,33,115,172,171255079751056254362
4,33,115,173,155540748455308498530
4,33,115,174,121969588368959718078
4,33,115,175,83282917151021417994
4,33,115,176,49845854652619716982
4,33,115,177,26277868269809166770
4,33,115,178,12242333188946785828
4,33,115,179,5049265961956694118
4,33,115,180,1844361644947569342
4,33,115,181,596067667747810626
4,33,115,182,170057772062030884
4,33,115,183,42683153739880764
4,33,115,184,9383554260451954
4,33,115,185,1798043658475870
4,33,115,186,298925513030712
4,33,115,187,42988796291444
4,33,115,188,5347630106558
4,33,115,189,577203514778
4,33,115,190,54294403582
4,33,115,191,4462534944
4,33,115,192,318647516
4,33,115,193,19434482
4,33,115,194,1002290
4,33,115,195,40306
4,33,115,196,1106
4,33,115,197,20
4,33,115,198,0
4,33,115,199,0
4,33,115,200,0
4,33,115,201,0
4,33,115,202,0
4,33,115,203,0
4,33,115,204,0
4,33,115,205,0
4,33,115,206,0
4,33,115,207,0
4,33,115,208,0
4,33,115,209,0
4,33,115,210,0
4,33,115,211,0
4,33,115,212,0
4,33,115,213,0
4,33,115,214,0
4,33,115,215,0
4,33,115,216,0
4,33,115,217,0
4,33,115,218,0
4,33,115,219,0
4,33,115,220,0
4,33,115,221,0
4,33,115,222,0
4,33,115,223,0
4,33,115,224,0
4,33,115,225,0
4,33,115,226,0
4,33,115,227,0
4,33,116,0,0
4,33,116,1,0
4,33,116,2,0
4,33,116,3,0
4,33,116,4,0
4,33,116,5,0
4,33,116,6,0
4,33,116,7,0
4,33,116,8,0
4,33,116,9,0
4,33,116,10,0
4,33,116,11,0
4,33,116,12,0
4,33,116,13,0
4,33,116,14,0
4,33,116,15,0
4,33,116,16,0
4,33,116,17,0
4,33,116,18,0
4,33,116,19,0
4,33,116,20,0
4,33,116,21,0
4,33,116,22,0
4,33,116,23,0
4,33,116,24,0
4,33,116,25,0
4,33,116,26,0
4,33,116,27,0
4,33,116,28,0
4,33,116,29,0
4,33,116,30,0
4,33,116,31,0
4,33,116,32,0
4,33,116,33,0
4,33,116,34,0
4,33,116,35,0
4,33,116,36,0
4,33,116,37,0
4,33,116,38,0
4,33,116,39,0
4,33,116,40,0
4,33,116,41,0
4,33,116,42,0
4,33,116,43,0
4,33,116,44,0
4,33,116,45,0
4,33,116,46,0
4,33,116,47,0
4,33,116,48,0
4,33,116,49,0
4,33,116,50,0
4,33,116,51,0
4,33,116,52,0
4,33,116,53,0
4,33,116,54,0
4,33,116,55,0
4,33,116,56,0
4,33,116,57,0
4,33,116,58,0
4,33,116,59,0
4,33,116,60,0
4,33,116,61,0
4,33,116,62,0
4,33,116,63,0
4,33,116,64,0
4,33,116,65,0
4,33,116,66,0
4,33,116,67,0
4,33,116,68,0
4,33,116,69,0
4,33,116,70,0
4,33,116,71,0
4,33,116,72,0
4,33,116,73,0
4,33,116,74,0
4,33,116,75,0
4,33,116,76,0
4,33,116,77,0
4,33,116,78,0
4,33,116,79,0
4,33,116,80,0
4,33,116,81,0
4,33,116,82,0
4,33,116,83,0
4,33,116,84,0
4,33,116,85,0
4,33,116,86,0
4,33,116,87,0
4,33,116,88,0
4,33,116,89,0
4,33,116,90,0
4,33,116,91,0
4,33,116,92,0
4,33,116,93,0
4,33,116,94,0
4,33,116,95,0
4,33,116,96,0
4,33,116,97,0
4,33,116,98,0
4,33,116,99,0
4,33,116,100,0
4,33,116,101,0
4,33,116,102,0
4,33,116,103,0
4,33,116,104,0
4,33,116,105,0
4,33,116,106,0
4,33,116,107,0
4,33,116,108,0
4,33,116,109,0
4,33,116,110,0
4,33,116,111,0
4,33,116,112,0
4,33,116,113,0
4,33,116,114,0
4,33,116,115,0
4,33,116,116,0
4,33,116,117,0
4,33,116,118,0
4,33,116,119,0
4,33,116,120,0
4,33,116,121,0
4,33,116,122,0
4,33,116,123,0
4,33,116,124,0
4,33,116,125,0
4,33,116,126,0
4,33,116,127,0
4,33,116,128,0
4,33,116,129,0
4,33,116,130,0
4,33,116,131,0
4,33,116,132,0
4,33,116,133,0
4,33,116,134,0
4,33,116,135,0
4,33,116,136,0
4,33,116,137,0
4,33,116,138,0
4,33,116,139,0
4,33,116,140,0
4,33,116,141,0
4,33,116,142,0
4,33,116,143,0
4,33,116,144,0
4,33,116,145,0
4,33,116,146,0
4,33,116,147,0
4,33,116,148,0
4,33,116,149,0
4,33,116,150,0
4,33,116,151,0
4,33,116,152,0
4,33,116,153,0
4,33,116,154,0
4,33,116,155,0
4,33,116,156,0
4,33,116,157,0
4,33,116,158,0
4,33,116,159,0
4,33,116,160,0
4,33,116,161,0
4,33,116,162,0
4,33,116,163,148348809216
4,33,116,164,8581318505058
4,33,116,165,212387473226682
4,33,116,166,2995468997036108
4,33,116,167,27080606507140514
4,33,116,168,167635826929534084
4,33,116,169,742829027101122732
4,33,116,170,2438597074761302666
4,33,116,171,6107081487641075991
4,33,116,172,11976640350501890830
4,33,116,173,18828732704048014200
4,33,116,174,24221579044359363326
4,33,116,175,25947354293614749132
4,33,116,176,23489476031156233732
4,33,116,177,18187679678282382328
4,33,116,178,12161231110088058568
4,33,116,179,7074068379036557853
4,33,116,180,3598756411544850506
4,33,116,181,1606592669096323010
4,33,116,182,630439774151283280
4,33,116,183,217449228913670275
4,33,116,184,65819184491107144
4,33,116,185,17429447936404849
4,33,116,186,4020080472906402
4,33,116,187,803308992837063
4,33,116,188,138303152021582
4,33,116,189,20426368051229
4,33,116,190,2584218681098
4,33,116,191,280712575378
4,33,116,192,26292007960
4,33,116,193,2130228971
4,33,116,194,148929404
4,33,116,195,8773653
4,33,116,196,426080
4,33,116,197,16911
4,33,116,198,380
4,33,116,199,5
4,33,116,200,0
4,33,116,201,0
4,33,116,202,0
4,33,116,203,0
4,33,116,204,0
4,33,116,205,0
4,33,116,206,0
4,33,116,207,0
4,33,116,208,0
4,33,116,209,0
4,33,116,210,0
4,33,116,211,0
4,33,116,212,0
4,33,116,213,0
4,33,116,214,0
4,33,116,215,0
4,33,116,216,0
4,33,116,217,0
4,33,116,218,0
4,33,116,219,0
4,33,116,220,0
4,33,116,221,0
4,33,116,222,0
4,33,116,223,0
4,33,116,224,0
4,33,116,225,0
4,33,116,226,0
4,33,116,227,0
4,33,117,0,0
4,33,117,1,0
4,33,117,2,0
4,33,117,3,0
4,33,117,4,0
4,33,117,5,0
4,33,117,6,0
4,33,117,7,0
4,33,117,8,0
4,33,117,9,0
4,33,117,10,0
4,33,117,11,0
4,33,117,12,0
4,33,117,13,0
4,33,117,14,0
4,33,117,15,0
4,33,117,16,0
4,33,117,17,0
4,33,117,18,0
4,33,117,19,0
4,33,117,20,0
4,33,117,21,0
4,33,117,22,0
4,33,117,23,0
4,33,117,24,0
4,33,117,25,0
4,33,117,26,0
4,33,117,27,0
4,33,117,28,0
4,33,117,29,0
4,33,117,30,0
4,33,117,31,0
4,33,117,32,0
4,33,117,33,0
4,33,117,34,0
4,33,117,35,0
4,33,117,36,0
4,33,117,37,0
4,33,117,38,0
4,33,117,39,0
4,33,117,40,0
4,33,117,41,0
4,33,117,42,0
4,33,117,43,0
4,33,117,44,0
4,33,117,45,0
4,33,117,46,0
4,33,117,47,0
4,33,117,48,0
4,33,117,49,0
4,33,117,50,0
4,33,117,51,0
4,33,117,52,0
4,33,117,53,0
4,33,117,54,0
4,33,117,55,0
4,33,117,56,0
4,33,117,57,0
4,33,117,58,0
4,33,117,59,0
4,33,117,60,0
4,33,117,61,0
4,33,117,62,0
4,33,117,63,0
4,33,117,64,0
4,33,117,65,0
4,33,117,66,0
4,33,117,67,0
4,33,117,68,0
4,33,117,69,0
4,33,117,70,0
4,33,117,71,0
4,33,117,72,0
4,33,117,73,0
4,33,117,74,0
4,33,117,75,0
4,33,117,76,0
4,33,117,77,0
4,33,117,78,0
4,33,117,79,0
4,33,117,80,0
4,33,117,81,0
4,33,117,82,0
4,33,117,83,0
4,33,117,84,0
4,33,117,85,0
4,33,117,86,0
4,33,117,87,0
4,33,117,88,0
4,33,117,89,0
4,33,117,90,0
4,33,117,91,0
4,33,117,92,0
4,33,117,93,0
4,33,117,94,0
4,33,117,95,0
4,33,117,96,0
4,33,117,97,0
4,33,117,98,0
4,33,117,99,0
4,33,117,100,0
4,33,117,101,0
4,33,117,102,0
4,33,117,103,0
4,33,117,104,0
4,33,117,105,0
4,33,117,106,0
4,33,117,107,0
4,33,117,108,0
4,33,117,109,0
4,33,117,110,0
4,33,117,111,0
4,33,117,112,0
4,33,117,113,0
4,33,117,114,0
4,33,117,115,0
4,33,117,116,0
4,33,117,117,0
4,33,117,118,0
4,33,117,119,0
4,33,117,120,0
4,33,117,121,0
4,33,117,122,0
4,33,117,123,0
4,33,117,124,0
4,33,117,125,0
4,33,117,126,0
4,33,117,127,0
4,33,117,128,0
4,33,117,129,0
4,33,117,130,0
4,33,117,131,0
4,33,117,132,0
4,33,117,133,0
4,33,117,134,0
4,33,117,135,0
4,33,117,136,0
4,33,117,137,0
4,33,117,138,0
4,33,117,139,0
4,33,117,140,0
4,33,117,141,0
4,33,117,142,0
4,33,117,143,0
4,33,117,144,0
4,33,117,145,0
4,33,117,146,0
4,33,117,147,0
4,33,117,148,0
4,33,117,149,0
4,33,117,150,0
4,33,117,151,0
4,33,117,152,0
4,33,117,153,0
4,33,117,154,0
4,33,117,155,0
4,33,117,156,0
4,33,117,157,0
4,33,117,158,0
4,33,117,159,0
4,33,117,160,0
4,33,117,161,0
4,33,117,162,0
4,33,117,163,0
4,33,117,164,0
4,33,117,165,0
4,33,117,166,0
4,33,117,167,144411206178
4,33,117,168,7141081011060
4,33,117,169,150557567517960
4,33,117,170,1801960500840000
4,33,117,171,13771937655181854
4,33,117,172,71827945440767076
4,33,117,173,267502104257987516
4,33,117,174,737182630342634404
4,33,117,175,1550154328576990512
4,33,117,176,2556261337576847228
4,33,117,177,3386218506631500158
4,33,117,178,3678200942665755476
4,33,117,179,3332825555474170872
4,33,117,180,2554519467234398464
4,33,117,181,1674579646187711646
4,33,117,182,946676886311525220
4,33,117,183,464213507888833804
4,33,117,184,198148001319738008
4,33,117,185,73729440738319966
4,33,117,186,23901912951640380
4,33,117,187,6734555033920232
4,33,117,188,1642325950777796
4,33,117,189,344706151068126
4,33,117,190,61874663686908
4,33,117,191,9443587641634
4,33,117,192,1221654240334
4,33,117,193,134104733446
4,33,117,194,12543003602
4,33,117,195,1002696684
4,33,117,196,68499092
4,33,117,197,3923056
4,33,117,198,178256
4,33,117,199,6492
4,33,117,200,160
4,33,117,201,0
4,33,117,202,0
4,33,117,203,0
4,33,117,204,0
4,33,117,205,0
4,33,117,206,0
4,33,117,207,0
4,33,117,208,0
4,33,117,209,0
4,33,117,210,0
4,33,117,211,0
4,33,117,212,0
4,33,117,213,0
4,33,117,214,0
4,33,117,215,0
4,33,117,216,0
4,33,117,217,0
4,33,117,218,0
4,33,117,219,0
4,33,117,220,0
4,33,117,221,0
4,33,117,222,0
4,33,117,223,0
4,33,117,224,0
4,33,117,225,0
4,33,117,226,0
4,33,117,227,0
4,33,118,0,0
4,33,118,1,0
4,33,118,2,0
4,33,118,3,0
4,33,118,4,0
4,33,118,5,0
4,33,118,6,0
4,33,118,7,0
4,33,118,8,0
4,33,118,9,0
4,33,118,10,0
4,33,118,11,0
4,33,118,12,0
4,33,118,13,0
4,33,118,14,0
4,33,118,15,0
4,33,118,16,0
4,33,118,17,0
4,33,118,18,0
4,33,118,19,0
4,33,118,20,0
4,33,118,21,0
4,33,118,22,0
4,33,118,23,0
4,33,118,24,0
4,33,118,25,0
4,33,118,26,0
4,33,118,27,0
4,33,118,28,0
4,33,118,29,0
4,33,118,30,0
4,33,118,31,0
4,33,118,32,0
4,33,118,33,0
4,33,118,34,0
4,33,118,35,0
4,33,118,36,0
4,33,118,37,0
4,33,118,38,0
4,33,118,39,0
4,33,118,40,0
4,33,118,41,0
4,33,118,42,0
4,33,118,43,0
4,33,118,44,0
4,33,118,45,0
4,33,118,46,0
4,33,118,47,0
4,33,118,48,0
4,33,118,49,0
4,33,118,50,0
4,33,118,51,0
4,33,118,52,0
4,33,118,53,0
4,33,118,54,0
4,33,118,55,0
4,33,118,56,0
4,33,118,57,0
4,33,118,58,0
4,33,118,59,0
4,33,118,60,0
4,33,118,61,0
4,33,118,62,0
4,33,118,63,0
4,33,118,64,0
4,33,118,65,0
4,33,118,66,0
4,33,118,67,0
4,33,118,68,0
4,33,118,69,0
4,33,118,70,0
4,33,118,71,0
4,33,118,72,0
4,33,118,73,0
4,33,118,74,0
4,33,118,75,0
4,33,118,76,0
4,33,118,77,0
4,33,118,78,0
4,33,118,79,0
4,33,118,80,0
4,33,118,81,0
4,33,118,82,0
4,33,118,83,0
4,33,118,84,0
4,33,118,85,0
4,33,118,86,0
4,33,118,87,0
4,33,118,88,0
4,33,118,89,0
4,33,118,90,0
4,33,118,91,0
4,33,118,92,0
4,33,118,93,0
4,33,118,94,0
4,33,118,95,0
4,33,118,96,0
4,33,118,97,0
4,33,118,98,0
4,33,118,99,0
4,33,118,100,0
4,33,118,101,0
4,33,118,102,0
4,33,118,103,0
4,33,118,104,0
4,33,118,105,0
4,33,118,106,0
4,33,118,107,0
4,33,118,108,0
4,33,118,109,0
4,33,118,110,0
4,33,118,111,0
4,33,118,112,0
4,33,118,113,0
4,33,118,114,0
4,33,118,115,0
4,33,118,116,0
4,33,118,117,0
4,33,118,118,0
4,33,118,119,0
4,33,118,120,0
4,33,118,121,0
4,33,118,122,0
4,33,118,123,0
4,33,118,124,0
4,33,118,125,0
4,33,118,126,0
4,33,118,127,0
4,33,118,128,0
4,33,118,129,0
4,33,118,130,0
4,33,118,131,0
4,33,118,132,0
4,33,118,133,0
4,33,118,134,0
4,33,118,135,0
4,33,118,136,0
4,33,118,137,0
4,33,118,138,0
4,33,118,139,0
4,33,118,140,0
4,33,118,141,0
4,33,118,142,0
4,33,118,143,0
4,33,118,144,0
4,33,118,145,0
4,33,118,146,0
4,33,118,147,0
4,33,118,148,0
4,33,118,149,0
4,33,118,150,0
4,33,118,151,0
4,33,118,152,0
4,33,118,153,0
4,33,118,154,0
4,33,118,155,0
4,33,118,156,0
4,33,118,157,0
4,33,118,158,0
4,33,118,159,0
4,33,118,160,0
4,33,118,161,0
4,33,118,162,0
4,33,118,163,0
4,33,118,164,0
4,33,118,165,0
4,33,118,166,0
4,33,118,167,0
4,33,118,168,0
4,33,118,169,0
4,33,118,170,0
4,33,118,171,117561917880
4,33,118,172,4955847141870
4,33,118,173,88693501637310
4,33,118,174,897042172888858
4,33,118,175,5768110070616864
4,33,118,176,25214602332424534
4,33,118,177,78495352622722948
4,33,118,178,180613858616249688
4,33,118,179,317235316109801058
4,33,118,180,437601627475105336
4,33,118,181,485783504635045767
4,33,118,182,442876554443843153
4,33,118,183,337071553138694496
4,33,118,184,216930881030338756
4,33,118,185,119177586619434876
4,33,118,186,56251807888264932
4,33,118,187,22895100070347009
4,33,118,188,8044579204013480
4,33,118,189,2437055325889470
4,33,118,190,634295908941444
4,33,118,191,141048928119837
4,33,118,192,26610047262965
4,33,118,193,4228265392610
4,33,118,194,562953402842
4,33,118,195,62777315460
4,33,118,196,5884958239
4,33,118,197,464953225
4,33,118,198,31005457
4,33,118,199,1720662
4,33,118,200,74566
4,33,118,201,2352
4,33,118,202,56
4,33,118,203,0
4,33,118,204,0
4,33,118,205,0
4,33,118,206,0
4,33,118,207,0
4,33,118,208,0
4,33,118,209,0
4,33,118,210,0
4,33,118,211,0
4,33,118,212,0
4,33,118,213,0
4,33,118,214,0
4,33,118,215,0
4,33,118,216,0
4,33,118,217,0
4,33,118,218,0
4,33,118,219,0
4,33,118,220,0
4,33,118,221,0
4,33,118,222,0
4,33,118,223,0
4,33,118,224,0
4,33,118,225,0
4,33,118,226,0
4,33,118,227,0
4,33,119,0,0
4,33,119,1,0
4,33,119,2,0
4,33,119,3,0
4,33,119,4,0
4,33,119,5,0
4,33,119,6,0
4,33,119,7,0
4,33,119,8,0
4,33,119,9,0
4,33,119,10,0
4,33,119,11,0
4,33,119,12,0
4,33,119,13,0
4,33,119,14,0
4,33,119,15,0
4,33,119,16,0
4,33,119,17,0
4,33,119,18,0
4,33,119,19,0
4,33,119,20,0
4,33,119,21,0
4,33,119,22,0
4,33,119,23,0
4,33,119,24,0
4,33,119,25,0
4,33,119,26,0
4,33,119,27,0
4,33,119,28,0
4,33,119,29,0
4,33,119,30,0
4,33,119,31,0
4,33,119,32,0
4,33,119,33,0
4,33,119,34,0
4,33,119,35,0
4,33,119,36,0
4,33,119,37,0
4,33,119,38,0
4,33,119,39,0
4,33,119,40,0
4,33,119,41,0
4,33,119,42,0
4,33,119,43,0
4,33,119,44,0
4,33,119,45,0
4,33,119,46,0
4,33,119,47,0
4,33,119,48,0
4,33,119,49,0
4,33,119,50,0
4,33,119,51,0
4,33,119,52,0
4,33,119,53,0
4,33,119,54,0
4,33,119,55,0
4,33,119,56,0
4,33,119,57,0
4,33,119,58,0
4,33,119,59,0
4,33,119,60,0
4,33,119,61,0
4,33,119,62,0
4,33,119,63,0
4,33,119,64,0
4,33,119,65,0
4,33,119,66,0
4,33,119,67,0
4,33,119,68,0
4,33,119,69,0
4,33,119,70,0
4,33,119,71,0
4,33,119,72,0
4,33,119,73,0
4,33,119,74,0
4,33,119,75,0
4,33,119,76,0
4,33,119,77,0
4,33,119,78,0
4,33,119,79,0
4,33,119,80,0
4,33,119,81,0
4,33,119,82,0
4,33,119,83,0
4,33,119,84,0
4,33,119,85,0
4,33,119,86,0
4,33,119,87,0
4,33,119,88,0
4,33,119,89,0
4,33,119,90,0
4,33,119,91,0
4,33,119,92,0
4,33,119,93,0
4,33,119,94,0
4,33,119,95,0
4,33,119,96,0
4,33,119,97,0
4,33,119,98,0
4,33,119,99,0
4,33,119,100,0
4,33,119,101,0
4,33,119,102,0
4,33,119,103,0
4,33,119,104,0
4,33,119,105,0
4,33,119,106,0
4,33,119,107,0
4,33,119,108,0
4,33,119,109,0
4,33,119,110,0
4,33,119,111,0
4,33,119,112,0
4,33,119,113,0
4,33,119,114,0
4,33,119,115,0
4,33,119,116,0
4,33,119,117,0
4,33,119,118,0
4,33,119,119,0
4,33,119,120,0
4,33,119,121,0
4,33,119,122,0
4,33,119,123,0
4,33,119,124,0
4,33,119,125,0
4,33,119,126,0
4,33,119,127,0
4,33,119,128,0
4,33,119,129,0
4,33,119,130,0
4,33,119,131,0
4,33,119,132,0
4,33,119,133,0
4,33,119,134,0
4,33,119,135,0
4,33,119,136,0
4,33,119,137,0
4,33,119,138,0
4,33,119,139,0
4,33,119,140,0
4,33,119,141,0
4,33,119,142,0
4,33,119,143,0
4,33,119,144,0
4,33,119,145,0
4,33,119,146,0
4,33,119,147,0
4,33,119,148,0
4,33,119,149,0
4,33,119,150,0
4,33,119,151,0
4,33,119,152,0
4,33,119,153,0
4,33,119,154,0
4,33,119,155,0
4,33,119,156,0
4,33,119,157,0
4,33,119,158,0
4,33,119,159,0
4,33,119,160,0
4,33,119,161,0
4,33,119,162,0
4,33,119,163,0
4,33,119,164,0
4,33,119,165,0
4,33,119,166,0
4,33,119,167,0
4,33,119,168,0
4,33,119,169,0
4,33,119,170,0
4,33,119,171,0
4,33,119,172,0
4,33,119,173,0
4,33,119,174,0
4,33,119,175,79995909190
4,33,119,176,2864685282580
4,33,119,177,43331361912386
4,33,119,178,368447327308392
4,33,119,179,1981690779155628
4,33,119,180,7214684532513592
4,33,119,181,18650785166009320
4,33,119,182,35594537589327296
4,33,119,183,51876704314169504
4,33,119,184,59452827172735002
4,33,119,185,54899090664400398
4,33,119,186,41653544770962780
4,33,119,187,26363979516766548
4,33,119,188,14074302278294882
4,33,119,189,6383248993206620
4,33,119,190,2468943345118616
4,33,119,191,814945812617706
4,33,119,192,229036846308840
4,33,119,193,54531779046806
4,33,119,194,10918607039160
4,33,119,195,1822695372444
4,33,119,196,251768810402
4,33,119,197,28699799350
4,33,119,198,2709836938
4,33,119,199,212322938
4,33,119,200,13766784
4,33,119,201,742526
4,33,119,202,30504
4,33,119,203,852
4,33,119,204,16
4,33,119,205,0
4,33,119,206,0
4,33,119,207,0
4,33,119,208,0
4,33,119,209,0
4,33,119,210,0
4,33,119,211,0
4,33,119,212,0
4,33,119,213,0
4,33,119,214,0
4,33,119,215,0
4,33,119,216,0
4,33,119,217,0
4,33,119,218,0
4,33,119,219,0
4,33,119,220,0
4,33,119,221,0
4,33,119,222,0
4,33,119,223,0
4,33,119,224,0
4,33,119,225,0
4,33,119,226,0
4,33,119,227,0
4,33,120,0,0
4,33,120,1,0
4,33,120,2,0
4,33,120,3,0
4,33,120,4,0
4,33,120,5,0
4,33,120,6,0
4,33,120,7,0
4,33,120,8,0
4,33,120,9,0
4,33,120,10,0
4,33,120,11,0
4,33,120,12,0
4,33,120,13,0
4,33,120,14,0
4,33,120,15,0
4,33,120,16,0
4,33,120,17,0
4,33,120,18,0
4,33,120,19,0
4,33,120,20,0
4,33,120,21,0
4,33,120,22,0
4,33,120,23,0
4,33,120,24,0
4,33,120,25,0
4,33,120,26,0
4,33,120,27,0
4,33,120,28,0
4,33,120,29,0
4,33,120,30,0
4,33,120,31,0
4,33,120,32,0
4,33,120,33,0
4,33,120,34,0
4,33,120,35,0
4,33,120,36,0
4,33,120,37,0
4,33,120,38,0
4,33,120,39,0
4,33,120,40,0
4,33,120,41,0
4,33,120,42,0
4,33,120,43,0
4,33,120,44,0
4,33,120,45,0
4,33,120,46,0
4,33,120,47,0
4,33,120,48,0
4,33,120,49,0
4,33,120,50,0
4,33,120,51,0
4,33,120,52,0
4,33,120,53,0
4,33,120,54,0
4,33,120,55,0
4,33,120,56,0
4,33,120,57,0
4,33,120,58,0
4,33,120,59,0
4,33,120,60,0
4,33,120,61,0
4,33,120,62,0
4,33,120,63,0
4,33,120,64,0
4,33,120,65,0
4,33,120,66,0
4,33,120,67,0
4,33,120,68,0
4,33,120,69,0
4,33,120,70,0
4,33,120,71,0
4,33,120,72,0
4,33,120,73,0
4,33,120,74,0
4,33,120,75,0
4,33,120,76,0
4,33,120,77,0
4,33,120,78,0
4,33,120,79,0
4,33,120,80,0
4,33,120,81,0
4,33,120,82,0
4,33,120,83,0
4,33,120,84,0
4,33,120,85,0
4,33,120,86,0
4,33,120,87,0
4,33,120,88,0
4,33,120,89,0
4,33,120,90,0
4,33,120,91,0
4,33,120,92,0
4,33,120,93,0
4,33,120,94,0
4,33,120,95,0
4,33,120,96,0
4,33,120,97,0
4,33,120,98,0
4,33,120,99,0
4,33,120,100,0
4,33,120,101,0
4,33,120,102,0
4,33,120,103,0
4,33,120,104,0
4,33,120,105,0
4,33,120,106,0
4,33,120,107,0
4,33,120,108,0
4,33,120,109,0
4,33,120,110,0
4,33,120,111,0
4,33,120,112,0
4,33,120,113,0
4,33,120,114,0
4,33,120,115,0
4,33,120,116,0
4,33,120,117,0
4,33,120,118,0
4,33,120,119,0
4,33,120,120,0
4,33,120,121,0
4,33,120,122,0
4,33,120,123,0
4,33,120,124,0
4,33,120,125,0
4,33,120,126,0
4,33,120,127,0
4,33,120,128,0
4,33,120,129,0
4,33,120,130,0
4,33,120,131,0
4,33,120,132,0
4,33,120,133,0
4,33,120,134,0
4,33,120,135,0
4,33,120,136,0
4,33,120,137,0
4,33,120,138,0
4,33,120,139,0
4,33,120,140,0
4,33,120,141,0
4,33,120,142,0
4,33,120,143,0
4,33,120,144,0
4,33,120,145,0
4,33,120,146,0
4,33,120,147,0
4,33,120,148,0
4,33,120,149,0
4,33,120,150,0
4,33,120,151,0
4,33,120,152,0
4,33,120,153,0
4,33,120,154,0
4,33,120,155,0
4,33,120,156,0
4,33,120,157,0
4,33,120,158,0
4,33,120,159,0
4,33,120,160,0
4,33,120,161,0
4,33,120,162,0
4,33,120,163,0
4,33,120,164,0
4,33,120,165,0
4,33,120,166,0
4,33,120,167,0
4,33,120,168,0
4,33,120,169,0
4,33,120,170,0
4,33,120,171,0
4,33,120,172,0
4,33,120,173,0
4,33,120,174,0
4,33,120,175,0
4,33,120,176,0
4,33,120,177,0
4,33,120,178,0
4,33,120,179,45443741760
4,33,120,180,1376379597898
4,33,120,181,17502462744162
4,33,120,182,124334283913576
4,33,120,183,555359739820894
4,33,120,184,1670738846754482
4,33,120,185,3557175615249260
4,33,120,186,5583932188823378
4,33,120,187,6695274333925301
4,33,120,188,6316690964690316
4,33,120,189,4802135001853137
4,33,120,190,2995902785772342
4,33,120,191,1554004684676121
4,33,120,192,675775215816177
4,33,120,193,247336995971886
4,33,120,194,76192231527810
4,33,120,195,19681613958354
4,33,120,196,4232951373302
4,33,120,197,750676705083
4,33,120,198,108673540356
4,33,120,199,12765258322
4,33,120,200,1220110177
4,33,120,201,95360519
4,33,120,202,6027614
4,33,120,203,308004
4,33,120,204,12680
4,33,120,205,285
4,33,120,206,4
4,33,120,207,0
4,33,120,208,0
4,33,120,209,0
4,33,120,210,0
4,33,120,211,0
4,33,120,212,0
4,33,120,213,0
4,33,120,214,0
4,33,120,215,0
4,33,120,216,0
4,33,120,217,0
4,33,120,218,0
4,33,120,219,0
4,33,120,220,0
4,33,120,221,0
4,33,120,222,0
4,33,120,223,0
4,33,120,224,0
4,33,120,225,0
4,33,120,226,0
4,33,120,227,0
4,33,121,0,0
4,33,121,1,0
4,33,121,2,0
4,33,121,3,0
4,33,121,4,0
4,33,121,5,0
4,33,121,6,0
4,33,121,7,0
4,33,121,8,0
4,33,121,9,0
4,33,121,10,0
4,33,121,11,0
4,33,121,12,0
4,33,121,13,0
4,33,121,14,0
4,33,121,15,0
4,33,121,16,0
4,33,121,17,0
4,33,121,18,0
4,33,121,19,0
4,33,121,20,0
4,33,121,21,0
4,33,121,22,0
4,33,121,23,0
4,33,121,24,0
4,33,121,25,0
4,33,121,26,0
4,33,121,27,0
4,33,121,28,0
4,33,121,29,0
4,33,121,30,0
4,33,121,31,0
4,33,121,32,0
4,33,121,33,0
4,33,121,34,0
4,33,121,35,0
4,33,121,36,0
4,33,121,37,0
4,33,121,38,0
4,33,121,39,0
4,33,121,40,0
4,33,121,41,0
4,33,121,42,0
4,33,121,43,0
4,33,121,44,0
4,33,121,45,0
4,33,121,46,0
4,33,121,47,0
4,33,121,48,0
4,33,121,49,0
4,33,121,50,0
4,33,121,51,0
4,33,121,52,0
4,33,121,53,0
4,33,121,54,0
4,33,121,55,0
4,33,121,56,0
4,33,121,57,0
4,33,121,58,0
4,33,121,59,0
4,33,121,60,0
4,33,121,61,0
4,33,121,62,0
4,33,121,63,0
4,33,121,64,0
4,33,121,65,0
4,33,121,66,0
4,33,121,67,0
4,33,121,68,0
4,33,121,69,0
4,33,121,70,0
4,33,121,71,0
4,33,121,72,0
4,33,121,73,0
4,33,121,74,0
4,33,121,75,0
4,33,121,76,0
4,33,121,77,0
4,33,121,78,0
4,33,121,79,0
4,33,121,80,0
4,33,121,81,0
4,33,121,82,0
4,33,121,83,0
4,33,121,84,0
4,33,121,85,0
4,33,121,86,0
4,33,121,87,0
4,33,121,88,0
4,33,121,89,0
4,33,121,90,0
4,33,121,91,0
4,33,121,92,0
4,33,121,93,0
4,33,121,94,0
4,33,121,95,0
4,33,121,96,0
4,33,121,97,0
4,33,121,98,0
4,33,121,99,0
4,33,121,100,0
4,33,121,101,0
4,33,121,102,0
4,33,121,103,0
4,33,121,104,0
4,33,121,105,0
4,33,121,106,0
4,33,121,107,0
4,33,121,108,0
4,33,121,109,0
4,33,121,110,0
4,33,121,111,0
4,33,121,112,0
4,33,121,113,0
4,33,121,114,0
4,33,121,115,0
4,33,121,116,0
4,33,121,117,0
4,33,121,118,0
4,33,121,119,0
4,33,121,120,0
4,33,121,121,0
4,33,121,122,0
4,33,121,123,0
4,33,121,124,0
4,33,121,125,0
4,33,121,126,0
4,33,121,127,0
4,33,121,128,0
4,33,121,129,0
4,33,121,130,0
4,33,121,131,0
4,33,121,132,0
4,33,121,133,0
4,33,121,134,0
4,33,121,135,0
4,33,121,136,0
4,33,121,137,0
4,33,121,138,0
4,33,121,139,0
4,33,121,140,0
4,33,121,141,0
4,33,121,142,0
4,33,121,143,0
4,33,121,144,0
4,33,121,145,0
4,33,121,146,0
4,33,121,147,0
4,33,121,148,0
4,33,121,149,0
4,33,121,150,0
4,33,121,151,0
4,33,121,152,0
4,33,121,153,0
4,33,121,154,0
4,33,121,155,0
4,33,121,156,0
4,33,121,157,0
4,33,121,158,0
4,33,121,159,0
4,33,121,160,0
4,33,121,161,0
4,33,121,162,0
4,33,121,163,0
4,33,121,164,0
4,33,121,165,0
4,33,121,166,0
4,33,121,167,0
4,33,121,168,0
4,33,121,169,0
4,33,121,170,0
4,33,121,171,0
4,33,121,172,0
4,33,121,173,0
4,33,121,174,0
4,33,121,175,0
4,33,121,176,0
4,33,121,177,0
4,33,121,178,0
4,33,121,179,0
4,33,121,180,0
4,33,121,181,0
4,33,121,182,0
4,33,121,183,21507034122
4,33,121,184,547953008484
4,33,121,185,5819327811660
4,33,121,186,34267467676576
4,33,121,187,125974735513596
4,33,121,188,310077581035704
4,33,121,189,538080572483532
4,33,121,190,687296412543226
4,33,121,191,670289508853786
4,33,121,192,514059639528584
4,33,121,193,317058544385134
4,33,121,194,159790431860656
4,33,121,195,66444305724212
4,33,121,196,22888255528396
4,33,121,197,6524711250390
4,33,121,198,1530373943154
4,33,121,199,292388957872
4,33,121,200,44933342986
4,33,121,201,5497749926
4,33,121,202,535489784
4,33,121,203,41889430
4,33,121,204,2609060
4,33,121,205,125220
4,33,121,206,4790
4,33,121,207,120
4,33,121,208,0
4,33,121,209,0
4,33,121,210,0
4,33,121,211,0
4,33,121,212,0
4,33,121,213,0
4,33,121,214,0
4,33,121,215,0
4,33,121,216,0
4,33,121,217,0
4,33,121,218,0
4,33,121,219,0
4,33,121,220,0
4,33,121,221,0
4,33,121,222,0
4,33,121,223,0
4,33,121,224,0
4,33,121,225,0
4,33,121,226,0
4,33,121,227,0
4,33,122,0,0
4,33,122,1,0
4,33,122,2,0
4,33,122,3,0
4,33,122,4,0
4,33,122,5,0
4,33,122,6,0
4,33,122,7,0
4,33,122,8,0
4,33,122,9,0
4,33,122,10,0
4,33,122,11,0
4,33,122,12,0
4,33,122,13,0
4,33,122,14,0
4,33,122,15,0
4,33,122,16,0
4,33,122,17,0
4,33,122,18,0
4,33,122,19,0
4,33,122,20,0
4,33,122,21,0
4,33,122,22,0
4,33,122,23,0
4,33,122,24,0
4,33,122,25,0
4,33,122,26,0
4,33,122,27,0
4,33,122,28,0
4,33,122,29,0
4,33,122,30,0
4,33,122,31,0
4,33,122,32,0
4,33,122,33,0
4,33,122,34,0
4,33,122,35,0
4,33,122,36,0
4,33,122,37,0
4,33,122,38,0
4,33,122,39,0
4,33,122,40,0
4,33,122,41,0
4,33,122,42,0
4,33,122,43,0
4,33,122,44,0
4,33,122,45,0
4,33,122,46,0
4,33,122,47,0
4,33,122,48,0
4,33,122,49,0
4,33,122,50,0
4,33,122,51,0
4,33,122,52,0
4,33,122,53,0
4,33,122,54,0
4,33,122,55,0
4,33,122,56,0
4,33,122,57,0
4,33,122,58,0
4,33,122,59,0
4,33,122,60,0
4,33,122,61,0
4,33,122,62,0
4,33,122,63,0
4,33,122,64,0
4,33,122,65,0
4,33,122,66,0
4,33,122,67,0
4,33,122,68,0
4,33,122,69,0
4,33,122,70,0
4,33,122,71,0
4,33,122,72,0
4,33,122,73,0
4,33,122,74,0
4,33,122,75,0
4,33,122,76,0
4,33,122,77,0
4,33,122,78,0
4,33,122,79,0
4,33,122,80,0
4,33,122,81,0
4,33,122,82,0
4,33,122,83,0
4,33,122,84,0
4,33,122,85,0
4,33,122,86,0
4,33,122,87,0
4,33,122,88,0
4,33,122,89,0
4,33,122,90,0
4,33,122,91,0
4,33,122,92,0
4,33,122,93,0
4,33,122,94,0
4,33,122,95,0
4,33,122,96,0
4,33,122,97,0
4,33,122,98,0
4,33,122,99,0
4,33,122,100,0
4,33,122,101,0
4,33,122,102,0
4,33,122,103,0
4,33,122,104,0
4,33,122,105,0
4,33,122,106,0
4,33,122,107,0
4,33,122,108,0
4,33,122,109,0
4,33,122,110,0
4,33,122,111,0
4,33,122,112,0
4,33,122,113,0
4,33,122,114,0
4,33,122,115,0
4,33,122,116,0
4,33,122,117,0
4,33,122,118,0
4,33,122,119,0
4,33,122,120,0
4,33,122,121,0
4,33,122,122,0
4,33,122,123,0
4,33,122,124,0
4,33,122,125,0
4,33,122,126,0
4,33,122,127,0
4,33,122,128,0
4,33,122,129,0
4,33,122,130,0
4,33,122,131,0
4,33,122,132,0
4,33,122,133,0
4,33,122,134,0
4,33,122,135,0
4,33,122,136,0
4,33,122,137,0
4,33,122,138,0
4,33,122,139,0
4,33,122,140,0
4,33,122,141,0
4,33,122,142,0
4,33,122,143,0
4,33,122,144,0
4,33,122,145,0
4,33,122,146,0
4,33,122,147,0
4,33,122,148,0
4,33,122,149,0
4,33,122,150,0
4,33,122,151,0
4,33,122,152,0
4,33,122,153,0
4,33,122,154,0
4,33,122,155,0
4,33,122,156,0
4,33,122,157,0
4,33,122,158,0
4,33,122,159,0
4,33,122,160,0
4,33,122,161,0
4,33,122,162,0
4,33,122,163,0
4,33,122,164,0
4,33,122,165,0
4,33,122,166,0
4,33,122,167,0
4,33,122,168,0
4,33,122,169,0
4,33,122,170,0
4,33,122,171,0
4,33,122,172,0
4,33,122,173,0
4,33,122,174,0
4,33,122,175,0
4,33,122,176,0
4,33,122,177,0
4,33,122,178,0
4,33,122,179,0
4,33,122,180,0
4,33,122,181,0
4,33,122,182,0
4,33,122,183,0
4,33,122,184,0
4,33,122,185,0
4,33,122,186,0
4,33,122,187,8453107432
4,33,122,188,179946912838
4,33,122,189,1582883599718
4,33,122,190,7650154397686
4,33,122,191,22882218203812
4,33,122,192,45498573945742
4,33,122,193,63482679980927
4,33,122,194,65042107434018
4,33,122,195,50792900001824
4,33,122,196,31099825939020
4,33,122,197,15228798042884
4,33,122,198,6034324961457
4,33,122,199,1942713970633
4,33,122,200,506799387731
4,33,122,201,106183752358
4,33,122,202,17616262276
4,33,122,203,2277845600
4,33,122,204,228165185
4,33,122,205,17946065
4,33,122,206,1105441
4,33,122,207,50817
4,33,122,208,1694
4,33,122,209,42
4,33,122,210,0
4,33,122,211,0
4,33,122,212,0
4,33,122,213,0
4,33,122,214,0
4,33,122,215,0
4,33,122,216,0
4,33,122,217,0
4,33,122,218,0
4,33,122,219,0
4,33,122,220,0
4,33,122,221,0
4,33,122,222,0
4,33,122,223,0
4,33,122,224,0
4,33,122,225,0
4,33,122,226,0
4,33,122,227,0
4,33,123,0,0
4,33,123,1,0
4,33,123,2,0
4,33,123,3,0
4,33,123,4,0
4,33,123,5,0
4,33,123,6,0
4,33,123,7,0
4,33,123,8,0
4,33,123,9,0
4,33,123,10,0
4,33,123,11,0
4,33,123,12,0
4,33,123,13,0
4,33,123,14,0
4,33,123,15,0
4,33,123,16,0
4,33,123,17,0
4,33,123,18,0
4,33,123,19,0
4,33,123,20,0
4,33,123,21,0
4,33,123,22,0
4,33,123,23,0
4,33,123,24,0
4,33,123,25,0
4,33,123,26,0
4,33,123,27,0
4,33,123,28,0
4,33,123,29,0
4,33,123,30,0
4,33,123,31,0
4,33,123,32,0
4,33,123,33,0
4,33,123,34,0
4,33,123,35,0
4,33,123,36,0
4,33,123,37,0
4,33,123,38,0
4,33,123,39,0
4,33,123,40,0
4,33,123,41,0
4,33,123,42,0
4,33,123,43,0
4,33,123,44,0
4,33,123,45,0
4,33,123,46,0
4,33,123,47,0
4,33,123,48,0
4,33,123,49,0
4,33,123,50,0
4,33,123,51,0
4,33,123,52,0
4,33,123,53,0
4,33,123,54,0
4,33,123,55,0
4,33,123,56,0
4,33,123,57,0
4,33,123,58,0
4,33,123,59,0
4,33,123,60,0
4,33,123,61,0
4,33,123,62,0
4,33,123,63,0
4,33,123,64,0
4,33,123,65,0
4,33,123,66,0
4,33,123,67,0
4,33,123,68,0
4,33,123,69,0
4,33,123,70,0
4,33,123,71,0
4,33,123,72,0
4,33,123,73,0
4,33,123,74,0
4,33,123,75,0
4,33,123,76,0
4,33,123,77,0
4,33,123,78,0
4,33,123,79,0
4,33,123,80,0
4,33,123,81,0
4,33,123,82,0
4,33,123,83,0
4,33,123,84,0
4,33,123,85,0
4,33,123,86,0
4,33,123,87,0
4,33,123,88,0
4,33,123,89,0
4,33,123,90,0
4,33,123,91,0
4,33,123,92,0
4,33,123,93,0
4,33,123,94,0
4,33,123,95,0
4,33,123,96,0
4,33,123,97,0
4,33,123,98,0
4,33,123,99,0
4,33,123,100,0
4,33,123,101,0
4,33,123,102,0
4,33,123,103,0
4,33,123,104,0
4,33,123,105,0
4,33,123,106,0
4,33,123,107,0
4,33,123,108,0
4,33,123,109,0
4,33,123,110,0
4,33,123,111,0
4,33,123,112,0
4,33,123,113,0
4,33,123,114,0
4,33,123,115,0
4,33,123,116,0
4,33,123,117,0
4,33,123,118,0
4,33,123,119,0
4,33,123,120,0
4,33,123,121,0
4,33,123,122,0
4,33,123,123,0
4,33,123,124,0
4,33,123,125,0
4,33,123,126,0
4,33,123,127,0
4,33,123,128,0
4,33,123,129,0
4,33,123,130,0
4,33,123,131,0
4,33,123,132,0
4,33,123,133,0
4,33,123,134,0
4,33,123,135,0
4,33,123,136,0
4,33,123,137,0
4,33,123,138,0
4,33,123,139,0
4,33,123,140,0
4,33,123,141,0
4,33,123,142,0
4,33,123,143,0
4,33,123,144,0
4,33,123,145,0
4,33,123,146,0
4,33,123,147,0
4,33,123,148,0
4,33,123,149,0
4,33,123,150,0
4,33,123,151,0
4,33,123,152,0
4,33,123,153,0
4,33,123,154,0
4,33,123,155,0
4,33,123,156,0
4,33,123,157,0
4,33,123,158,0
4,33,123,159,0
4,33,123,160,0
4,33,123,161,0
4,33,123,162,0
4,33,123,163,0
4,33,123,164,0
4,33,123,165,0
4,33,123,166,0
4,33,123,167,0
4,33,123,168,0
4,33,123,169,0
4,33,123,170,0
4,33,123,171,0
4,33,123,172,0
4,33,123,173,0
4,33,123,174,0
4,33,123,175,0
4,33,123,176,0
4,33,123,177,0
4,33,123,178,0
4,33,123,179,0
4,33,123,180,0
4,33,123,181,0
4,33,123,182,0
4,33,123,183,0
4,33,123,184,0
4,33,123,185,0
4,33,123,186,0
4,33,123,187,0
4,33,123,188,0
4,33,123,189,0
4,33,123,190,0
4,33,123,191,2746713774
4,33,123,192,48441001060
4,33,123,193,349230520950
4,33,123,194,1367666934616
4,33,123,195,3278699506114
4,33,123,196,5178358039350
4,33,123,197,5704751061404
4,33,123,198,4596952329384
4,33,123,199,2810814012116
4,33,123,200,1337601786278
4,33,123,201,502783650304
4,33,123,202,149886734946
4,33,123,203,35244326564
4,33,123,204,6448162568
4,33,123,205,899644518
4,33,123,206,94080654
4,33,123,207,7439434
4,33,123,208,459166
4,33,123,209,20194
4,33,123,210,594
4,33,123,211,12
4,33,123,212,0
4,33,123,213,0
4,33,123,214,0
4,33,123,215,0
4,33,123,216,0
4,33,123,217,0
4,33,123,218,0
4,33,123,219,0
4,33,123,220,0
4,33,123,221,0
4,33,123,222,0
4,33,123,223,0
4,33,123,224,0
4,33,123,225,0
4,33,123,226,0
4,33,123,227,0
4,33,124,0,0
4,33,124,1,0
4,33,124,2,0
4,33,124,3,0
4,33,124,4,0
4,33,124,5,0
4,33,124,6,0
4,33,124,7,0
4,33,124,8,0
4,33,124,9,0
4,33,124,10,0
4,33,124,11,0
4,33,124,12,0
4,33,124,13,0
4,33,124,14,0
4,33,124,15,0
4,33,124,16,0
4,33,124,17,0
4,33,124,18,0
4,33,124,19,0
4,33,124,20,0
4,33,124,21,0
4,33,124,22,0
4,33,124,23,0
4,33,124,24,0
4,33,124,25,0
4,33,124,26,0
4,33,124,27,0
4,33,124,28,0
4,33,124,29,0
4,33,124,30,0
4,33,124,31,0
4,33,124,32,0
4,33,124,33,0
4,33,124,34,0
4,33,124,35,0
4,33,124,36,0
4,33,124,37,0
4,33,124,38,0
4,33,124,39,0
4,33,124,40,0
4,33,124,41,0
4,33,124,42,0
4,33,124,43,0
4,33,124,44,0
4,33,124,45,0
4,33,124,46,0
4,33,124,47,0
4,33,124,48,0
4,33,124,49,0
4,33,124,50,0
4,33,124,51,0
4,33,124,52,0
4,33,124,53,0
4,33,124,54,0
4,33,124,55,0
4,33,124,56,0
4,33,124,57,0
4,33,124,58,0
4,33,124,59,0
4,33,124,60,0
4,33,124,61,0
4,33,124,62,0
4,33,124,63,0
4,33,124,64,0
4,33,124,65,0
4,33,124,66,0
4,33,124,67,0
4,33,124,68,0
4,33,124,69,0
4,33,124,70,0
4,33,124,71,0
4,33,124,72,0
4,33,124,73,0
4,33,124,74,0
4,33,124,75,0
4,33,124,76,0
4,33,124,77,0
4,33,124,78,0
4,33,124,79,0
4,33,124,80,0
4,33,124,81,0
4,33,124,82,0
4,33,124,83,0
4,33,124,84,0
4,33,124,85,0
4,33,124,86,0
4,33,124,87,0
4,33,124,88,0
4,33,124,89,0
4,33,124,90,0
4,33,124,91,0
4,33,124,92,0
4,33,124,93,0
4,33,124,94,0
4,33,124,95,0
4,33,124,96,0
4,33,124,97,0
4,33,124,98,0
4,33,124,99,0
4,33,124,100,0
4,33,124,101,0
4,33,124,102,0
4,33,124,103,0
4,33,124,104,0
4,33,124,105,0
4,33,124,106,0
4,33,124,107,0
4,33,124,108,0
4,33,124,109,0
4,33,124,110,0
4,33,124,111,0
4,33,124,112,0
4,33,124,113,0
4,33,124,114,0
4,33,124,115,0
4,33,124,116,0
4,33,124,117,0
4,33,124,118,0
4,33,124,119,0
4,33,124,120,0
4,33,124,121,0
4,33,124,122,0
4,33,124,123,0
4,33,124,124,0
4,33,124,125,0
4,33,124,126,0
4,33,124,127,0
4,33,124,128,0
4,33,124,129,0
4,33,124,130,0
4,33,124,131,0
4,33,124,132,0
4,33,124,133,0
4,33,124,134,0
4,33,124,135,0
4,33,124,136,0
4,33,124,137,0
4,33,124,138,0
4,33,124,139,0
4,33,124,140,0
4,33,124,141,0
4,33,124,142,0
4,33,124,143,0
4,33,124,144,0
4,33,124,145,0
4,33,124,146,0
4,33,124,147,0
4,33,124,148,0
4,33,124,149,0
4,33,124,150,0
4,33,124,151,0
4,33,124,152,0
4,33,124,153,0
4,33,124,154,0
4,33,124,155,0
4,33,124,156,0
4,33,124,157,0
4,33,124,158,0
4,33,124,159,0
4,33,124,160,0
4,33,124,161,0
4,33,124,162,0
4,33,124,163,0
4,33,124,164,0
4,33,124,165,0
4,33,124,166,0
4,33,124,167,0
4,33,124,168,0
4,33,124,169,0
4,33,124,170,0
4,33,124,171,0
4,33,124,172,0
4,33,124,173,0
4,33,124,174,0
4,33,124,175,0
4,33,124,176,0
4,33,124,177,0
4,33,124,178,0
4,33,124,179,0
4,33,124,180,0
4,33,124,181,0
4,33,124,182,0
4,33,124,183,0
4,33,124,184,0
4,33,124,185,0
4,33,124,186,0
4,33,124,187,0
4,33,124,188,0
4,33,124,189,0
4,33,124,190,0
4,33,124,191,0
4,33,124,192,0
4,33,124,193,0
4,33,124,194,0
4,33,124,195,733189632
4,33,124,196,10596472562
4,33,124,197,61757508618
4,33,124,198,192673359940
4,33,124,199,362767099733
4,33,124,200,444747990006
4,33,124,201,377208781450
4,33,124,202,232370552860
4,33,124,203,107535300813
4,33,124,204,38109052160
4,33,124,205,10388084239
4,33,124,206,2155371304
4,33,124,207,333156873
4,33,124,208,37325450
4,33,124,209,2999338
4,33,124,210,180584
4,33,124,211,8245
4,33,124,212,190
4,33,124,213,3
4,33,124,214,0
4,33,124,215,0
4,33,124,216,0
4,33,124,217,0
4,33,124,218,0
4,33,124,219,0
4,33,124,220,0
4,33,124,221,0
4,33,124,222,0
4,33,124,223,0
4,33,124,224,0
4,33,124,225,0
4,33,124,226,0
4,33,124,227,0
4,33,125,0,0
4,33,125,1,0
4,33,125,2,0
4,33,125,3,0
4,33,125,4,0
4,33,125,5,0
4,33,125,6,0
4,33,125,7,0
4,33,125,8,0
4,33,125,9,0
4,33,125,10,0
4,33,125,11,0
4,33,125,12,0
4,33,125,13,0
4,33,125,14,0
4,33,125,15,0
4,33,125,16,0
4,33,125,17,0
4,33,125,18,0
4,33,125,19,0
4,33,125,20,0
4,33,125,21,0
4,33,125,22,0
4,33,125,23,0
4,33,125,24,0
4,33,125,25,0
4,33,125,26,0
4,33,125,27,0
4,33,125,28,0
4,33,125,29,0
4,33,125,30,0
4,33,125,31,0
4,33,125,32,0
4,33,125,33,0
4,33,125,34,0
4,33,125,35,0
4,33,125,36,0
4,33,125,37,0
4,33,125,38,0
4,33,125,39,0
4,33,125,40,0
4,33,125,41,0
4,33,125,42,0
4,33,125,43,0
4,33,125,44,0
4,33,125,45,0
4,33,125,46,0
4,33,125,47,0
4,33,125,48,0
4,33,125,49,0
4,33,125,50,0
4,33,125,51,0
4,33,125,52,0
4,33,125,53,0
4,33,125,54,0
4,33,125,55,0
4,33,125,56,0
4,33,125,57,0
4,33,125,58,0
4,33,125,59,0
4,33,125,60,0
4,33,125,61,0
4,33,125,62,0
4,33,125,63,0
4,33,125,64,0
4,33,125,65,0
4,33,125,66,0
4,33,125,67,0
4,33,125,68,0
4,33,125,69,0
4,33,125,70,0
4,33,125,71,0
4,33,125,72,0
4,33,125,73,0
4,33,125,74,0
4,33,125,75,0
4,33,125,76,0
4,33,125,77,0
4,33,125,78,0
4,33,125,79,0
4,33,125,80,0
4,33,125,81,0
4,33,125,82,0
4,33,125,83,0
4,33,125,84,0
4,33,125,85,0
4,33,125,86,0
4,33,125,87,0
4,33,125,88,0
4,33,125,89,0
4,33,125,90,0
4,33,125,91,0
4,33,125,92,0
4,33,125,93,0
4,33,125,94,0
4,33,125,95,0
4,33,125,96,0
4,33,125,97,0
4,33,125,98,0
4,33,125,99,0
4,33,125,100,0
4,33,125,101,0
4,33,125,102,0
4,33,125,103,0
4,33,125,104,0
4,33,125,105,0
4,33,125,106,0
4,33,125,107,0
4,33,125,108,0
4,33,125,109,0
4,33,125,110,0
4,33,125,111,0
4,33,125,112,0
4,33,125,113,0
4,33,125,114,0
4,33,125,115,0
4,33,125,116,0
4,33,125,117,0
4,33,125,118,0
4,33,125,119,0
4,33,125,120,0
4,33,125,121,0
4,33,125,122,0
4,33,125,123,0
4,33,125,124,0
4,33,125,125,0
4,33,125,126,0
4,33,125,127,0
4,33,125,128,0
4,33,125,129,0
4,33,125,130,0
4,33,125,131,0
4,33,125,132,0
4,33,125,133,0
4,33,125,134,0
4,33,125,135,0
4,33,125,136,0
4,33,125,137,0
4,33,125,138,0
4,33,125,139,0
4,33,125,140,0
4,33,125,141,0
4,33,125,142,0
4,33,125,143,0
4,33,125,144,0
4,33,125,145,0
4,33,125,146,0
4,33,125,147,0
4,33,125,148,0
4,33,125,149,0
4,33,125,150,0
4,33,125,151,0
4,33,125,152,0
4,33,125,153,0
4,33,125,154,0
4,33,125,155,0
4,33,125,156,0
4,33,125,157,0
4,33,125,158,0
4,33,125,159,0
4,33,125,160,0
4,33,125,161,0
4,33,125,162,0
4,33,125,163,0
4,33,125,164,0
4,33,125,165,0
4,33,125,166,0
4,33,125,167,0
4,33,125,168,0
4,33,125,169,0
4,33,125,170,0
4,33,125,171,0
4,33,125,172,0
4,33,125,173,0
4,33,125,174,0
4,33,125,175,0
4,33,125,176,0
4,33,125,177,0
4,33,125,178,0
4,33,125,179,0
4,33,125,180,0
4,33,125,181,0
4,33,125,182,0
4,33,125,183,0
4,33,125,184,0
4,33,125,185,0
4,33,125,186,0
4,33,125,187,0
4,33,125,188,0
4,33,125,189,0
4,33,125,190,0
4,33,125,191,0
4,33,125,192,0
4,33,125,193,0
4,33,125,194,0
4,33,125,195,0
4,33,125,196,0
4,33,125,197,0
4,33,125,198,0
4,33,125,199,159369650
4,33,125,200,1860876436
4,33,125,201,8607747472
4,33,125,202,20900236800
4,33,125,203,30039342148
4,33,125,204,27664381778
4,33,125,205,17408416590
4,33,125,206,7846519494
4,33,125,207,2599271204
4,33,125,208,636294076
4,33,125,209,112930536
4,33,125,210,14014304
4,33,125,211,1179628
4,33,125,212,68560
4,33,125,213,3020
4,33,125,214,80
4,33,125,215,0
4,33,125,216,0
4,33,125,217,0
4,33,125,218,0
4,33,125,219,0
4,33,125,220,0
4,33,125,221,0
4,33,125,222,0
4,33,125,223,0
4,33,125,224,0
4,33,125,225,0
4,33,125,226,0
4,33,125,227,0
4,33,126,0,0
4,33,126,1,0
4,33,126,2,0
4,33,126,3,0
4,33,126,4,0
4,33,126,5,0
4,33,126,6,0
4,33,126,7,0
4,33,126,8,0
4,33,126,9,0
4,33,126,10,0
4,33,126,11,0
4,33,126,12,0
4,33,126,13,0
4,33,126,14,0
4,33,126,15,0
4,33,126,16,0
4,33,126,17,0
4,33,126,18,0
4,33,126,19,0
4,33,126,20,0
4,33,126,21,0
4,33,126,22,0
4,33,126,23,0
4,33,126,24,0
4,33,126,25,0
4,33,126,26,0
4,33,126,27,0
4,33,126,28,0
4,33,126,29,0
4,33,126,30,0
4,33,126,31,0
4,33,126,32,0
4,33,126,33,0
4,33,126,34,0
4,33,126,35,0
4,33,126,36,0
4,33,126,37,0
4,33,126,38,0
4,33,126,39,0
4,33,126,40,0
4,33,126,41,0
4,33,126,42,0
4,33,126,43,0
4,33,126,44,0
4,33,126,45,0
4,33,126,46,0
4,33,126,47,0
4,33,126,48,0
4,33,126,49,0
4,33,126,50,0
4,33,126,51,0
4,33,126,52,0
4,33,126,53,0
4,33,126,54,0
4,33,126,55,0
4,33,126,56,0
4,33,126,57,0
4,33,126,58,0
4,33,126,59,0
4,33,126,60,0
4,33,126,61,0
4,33,126,62,0
4,33,126,63,0
4,33,126,64,0
4,33,126,65,0
4,33,126,66,0
4,33,126,67,0
4,33,126,68,0
4,33,126,69,0
4,33,126,70,0
4,33,126,71,0
4,33,126,72,0
4,33,126,73,0
4,33,126,74,0
4,33,126,75,0
4,33,126,76,0
4,33,126,77,0
4,33,126,78,0
4,33,126,79,0
4,33,126,80,0
4,33,126,81,0
4,33,126,82,0
4,33,126,83,0
4,33,126,84,0
4,33,126,85,0
4,33,126,86,0
4,33,126,87,0
4,33,126,88,0
4,33,126,89,0
4,33,126,90,0
4,33,126,91,0
4,33,126,92,0
4,33,126,93,0
4,33,126,94,0
4,33,126,95,0
4,33,126,96,0
4,33,126,97,0
4,33,126,98,0
4,33,126,99,0
4,33,126,100,0
4,33,126,101,0
4,33,126,102,0
4,33,126,103,0
4,33,126,104,0
4,33,126,105,0
4,33,126,106,0
4,33,126,107,0
4,33,126,108,0
4,33,126,109,0
4,33,126,110,0
4,33,126,111,0
4,33,126,112,0
4,33,126,113,0
4,33,126,114,0
4,33,126,115,0
4,33,126,116,0
4,33,126,117,0
4,33,126,118,0
4,33,126,119,0
4,33,126,120,0
4,33,126,121,0
4,33,126,122,0
4,33,126,123,0
4,33,126,124,0
4,33,126,125,0
4,33,126,126,0
4,33,126,127,0
4,33,126,128,0
4,33,126,129,0
4,33,126,130,0
4,33,126,131,0
4,33,126,132,0
4,33,126,133,0
4,33,126,134,0
4,33,126,135,0
4,33,126,136,0
4,33,126,137,0
4,33,126,138,0
4,33,126,139,0
4,33,126,140,0
4,33,126,141,0
4,33,126,142,0
4,33,126,143,0
4,33,126,144,0
4,33,126,145,0
4,33,126,146,0
4,33,126,147,0
4,33,126,148,0
4,33,126,149,0
4,33,126,150,0
4,33,126,151,0
4,33,126,152,0
4,33,126,153,0
4,33,126,154,0
4,33,126,155,0
4,33,126,156,0
4,33,126,157,0
4,33,126,158,0
4,33,126,159,0
4,33,126,160,0
4,33,126,161,0
4,33,126,162,0
4,33,126,163,0
4,33,126,164,0
4,33,126,165,0
4,33,126,166,0
4,33,126,167,0
4,33,126,168,0
4,33,126,169,0
4,33,126,170,0
4,33,126,171,0
4,33,126,172,0
4,33,126,173,0
4,33,126,174,0
4,33,126,175,0
4,33,126,176,0
4,33,126,177,0
4,33,126,178,0
4,33,126,179,0
4,33,126,180,0
4,33,126,181,0
4,33,126,182,0
4,33,126,183,0
4,33,126,184,0
4,33,126,185,0
4,33,126,186,0
4,33,126,187,0
4,33,126,188,0
4,33,126,189,0
4,33,126,190,0
4,33,126,191,0
4,33,126,192,0
4,33,126,193,0
4,33,126,194,0
4,33,126,195,0
4,33,126,196,0
4,33,126,197,0
4,33,126,198,0
4,33,126,199,0
4,33,126,200,0
4,33,126,201,0
4,33,126,202,0
4,33,126,203,27866072
4,33,126,204,257897758
4,33,126,205,922929678
4,33,126,206,1686493208
4,33,126,207,1774008911
4,33,126,208,1167656749
4,33,126,209,514150988
4,33,126,210,157281694
4,33,126,211,33632515
4,33,126,212,4868155
4,33,126,213,445940
4,33,126,214,25720
4,33,126,215,1016
4,33,126,216,28
4,33,126,217,0
4,33,126,218,0
4,33,126,219,0
4,33,126,220,0
4,33,126,221,0
4,33,126,222,0
4,33,126,223,0
4,33,126,224,0
4,33,126,225,0
4,33,126,226,0
4,33,126,227,0
4,33,127,0,0
4,33,127,1,0
4,33,127,2,0
4,33,127,3,0
4,33,127,4,0
4,33,127,5,0
4,33,127,6,0
4,33,127,7,0
4,33,127,8,0
4,33,127,9,0
4,33,127,10,0
4,33,127,11,0
4,33,127,12,0
4,33,127,13,0
4,33,127,14,0
4,33,127,15,0
4,33,127,16,0
4,33,127,17,0
4,33,127,18,0
4,33,127,19,0
4,33,127,20,0
4,33,127,21,0
4,33,127,22,0
4,33,127,23,0
4,33,127,24,0
4,33,127,25,0
4,33,127,26,0
4,33,127,27,0
4,33,127,28,0
4,33,127,29,0
4,33,127,30,0
4,33,127,31,0
4,33,127,32,0
4,33,127,33,0
4,33,127,34,0
4,33,127,35,0
4,33,127,36,0
4,33,127,37,0
4,33,127,38,0
4,33,127,39,0
4,33,127,40,0
4,33,127,41,0
4,33,127,42,0
4,33,127,43,0
4,33,127,44,0
4,33,127,45,0
4,33,127,46,0
4,33,127,47,0
4,33,127,48,0
4,33,127,49,0
4,33,127,50,0
4,33,127,51,0
4,33,127,52,0
4,33,127,53,0
4,33,127,54,0
4,33,127,55,0
4,33,127,56,0
4,33,127,57,0
4,33,127,58,0
4,33,127,59,0
4,33,127,60,0
4,33,127,61,0
4,33,127,62,0
4,33,127,63,0
4,33,127,64,0
4,33,127,65,0
4,33,127,66,0
4,33,127,67,0
4,33,127,68,0
4,33,127,69,0
4,33,127,70,0
4,33,127,71,0
4,33,127,72,0
4,33,127,73,0
4,33,127,74,0
4,33,127,75,0
4,33,127,76,0
4,33,127,77,0
4,33,127,78,0
4,33,127,79,0
4,33,127,80,0
4,33,127,81,0
4,33,127,82,0
4,33,127,83,0
4,33,127,84,0
4,33,127,85,0
4,33,127,86,0
4,33,127,87,0
4,33,127,88,0
4,33,127,89,0
4,33,127,90,0
4,33,127,91,0
4,33,127,92,0
4,33,127,93,0
4,33,127,94,0
4,33,127,95,0
4,33,127,96,0
4,33,127,97,0
4,33,127,98,0
4,33,127,99,0
4,33,127,100,0
4,33,127,101,0
4,33,127,102,0
4,33,127,103,0
4,33,127,104,0
4,33,127,105,0
4,33,127,106,0
4,33,127,107,0
4,33,127,108,0
4,33,127,109,0
4,33,127,110,0
4,33,127,111,0
4,33,127,112,0
4,33,127,113,0
4,33,127,114,0
4,33,127,115,0
4,33,127,116,0
4,33,127,117,0
4,33,127,118,0
4,33,127,119,0
4,33,127,120,0
4,33,127,121,0
4,33,127,122,0
4,33,127,123,0
4,33,127,124,0
4,33,127,125,0
4,33,127,126,0
4,33,127,127,0
4,33,127,128,0
4,33,127,129,0
4,33,127,130,0
4,33,127,131,0
4,33,127,132,0
4,33,127,133,0
4,33,127,134,0
4,33,127,135,0
4,33,127,136,0
4,33,127,137,0
4,33,127,138,0
4,33,127,139,0
4,33,127,140,0
4,33,127,141,0
4,33,127,142,0
4,33,127,143,0
4,33,127,144,0
4,33,127,145,0
4,33,127,146,0
4,33,127,147,0
4,33,127,148,0
4,33,127,149,0
4,33,127,150,0
4,33,127,151,0
4,33,127,152,0
4,33,127,153,0
4,33,127,154,0
4,33,127,155,0
4,33,127,156,0
4,33,127,157,0
4,33,127,158,0
4,33,127,159,0
4,33,127,160,0
4,33,127,161,0
4,33,127,162,0
4,33,127,163,0
4,33,127,164,0
4,33,127,165,0
4,33,127,166,0
4,33,127,167,0
4,33,127,168,0
4,33,127,169,0
4,33,127,170,0
4,33,127,171,0
4,33,127,172,0
4,33,127,173,0
4,33,127,174,0
4,33,127,175,0
4,33,127,176,0
4,33,127,177,0
4,33,127,178,0
4,33,127,179,0
4,33,127,180,0
4,33,127,181,0
4,33,127,182,0
4,33,127,183,0
4,33,127,184,0
4,33,127,185,0
4,33,127,186,0
4,33,127,187,0
4,33,127,188,0
4,33,127,189,0
4,33,127,190,0
4,33,127,191,0
4,33,127,192,0
4,33,127,193,0
4,33,127,194,0
4,33,127,195,0
4,33,127,196,0
4,33,127,197,0
4,33,127,198,0
4,33,127,199,0
4,33,127,200,0
4,33,127,201,0
4,33,127,202,0
4,33,127,203,0
4,33,127,204,0
4,33,127,205,0
4,33,127,206,0
4,33,127,207,3852630
4,33,127,208,27515892
4,33,127,209,73386282
4,33,127,210,95838254
4,33,127,211,68946130
4,33,127,212,29854382
4,33,127,213,8277864
4,33,127,214,1476912
4,33,127,215,161234
4,33,127,216,9376
4,33,127,217,332
4,33,127,218,8
4,33,127,219,0
4,33,127,220,0
4,33,127,221,0
4,33,127,222,0
4,33,127,223,0
4,33,127,224,0
4,33,127,225,0
4,33,127,226,0
4,33,127,227,0
4,33,128,0,0
4,33,128,1,0
4,33,128,2,0
4,33,128,3,0
4,33,128,4,0
4,33,128,5,0
4,33,128,6,0
4,33,128,7,0
4,33,128,8,0
4,33,128,9,0
4,33,128,10,0
4,33,128,11,0
4,33,128,12,0
4,33,128,13,0
4,33,128,14,0
4,33,128,15,0
4,33,128,16,0
4,33,128,17,0
4,33,128,18,0
4,33,128,19,0
4,33,128,20,0
4,33,128,21,0
4,33,128,22,0
4,33,128,23,0
4,33,128,24,0
4,33,128,25,0
4,33,128,26,0
4,33,128,27,0
4,33,128,28,0
4,33,128,29,0
4,33,128,30,0
4,33,128,31,0
4,33,128,32,0
4,33,128,33,0
4,33,128,34,0
4,33,128,35,0
4,33,128,36,0
4,33,128,37,0
4,33,128,38,0
4,33,128,39,0
4,33,128,40,0
4,33,128,41,0
4,33,128,42,0
4,33,128,43,0
4,33,128,44,0
4,33,128,45,0
4,33,128,46,0
4,33,128,47,0
4,33,128,48,0
4,33,128,49,0
4,33,128,50,0
4,33,128,51,0
4,33,128,52,0
4,33,128,53,0
4,33,128,54,0
4,33,128,55,0
4,33,128,56,0
4,33,128,57,0
4,33,128,58,0
4,33,128,59,0
4,33,128,60,0
4,33,128,61,0
4,33,128,62,0
4,33,128,63,0
4,33,128,64,0
4,33,128,65,0
4,33,128,66,0
4,33,128,67,0
4,33,128,68,0
4,33,128,69,0
4,33,128,70,0
4,33,128,71,0
4,33,128,72,0
4,33,128,73,0
4,33,128,74,0
4,33,128,75,0
4,33,128,76,0
4,33,128,77,0
4,33,128,78,0
4,33,128,79,0
4,33,128,80,0
4,33,128,81,0
4,33,128,82,0
4,33,128,83,0
4,33,128,84,0
4,33,128,85,0
4,33,128,86,0
4,33,128,87,0
4,33,128,88,0
4,33,128,89,0
4,33,128,90,0
4,33,128,91,0
4,33,128,92,0
4,33,128,93,0
4,33,128,94,0
4,33,128,95,0
4,33,128,96,0
4,33,128,97,0
4,33,128,98,0
4,33,128,99,0
4,33,128,100,0
4,33,128,101,0
4,33,128,102,0
4,33,128,103,0
4,33,128,104,0
4,33,128,105,0
4,33,128,106,0
4,33,128,107,0
4,33,128,108,0
4,33,128,109,0
4,33,128,110,0
4,33,128,111,0
4,33,128,112,0
4,33,128,113,0
4,33,128,114,0
4,33,128,115,0
4,33,128,116,0
4,33,128,117,0
4,33,128,118,0
4,33,128,119,0
4,33,128,120,0
4,33,128,121,0
4,33,128,122,0
4,33,128,123,0
4,33,128,124,0
4,33,128,125,0
4,33,128,126,0
4,33,128,127,0
4,33,128,128,0
4,33,128,129,0
4,33,128,130,0
4,33,128,131,0
4,33,128,132,0
4,33,128,133,0
4,33,128,134,0
4,33,128,135,0
4,33,128,136,0
4,33,128,137,0
4,33,128,138,0
4,33,128,139,0
4,33,128,140,0
4,33,128,141,0
4,33,128,142,0
4,33,128,143,0
4,33,128,144,0
4,33,128,145,0
4,33,128,146,0
4,33,128,147,0
4,33,128,148,0
4,33,128,149,0
4,33,128,150,0
4,33,128,151,0
4,33,128,152,0
4,33,128,153,0
4,33,128,154,0
4,33,128,155,0
4,33,128,156,0
4,33,128,157,0
4,33,128,158,0
4,33,128,159,0
4,33,128,160,0
4,33,128,161,0
4,33,128,162,0
4,33,128,163,0
4,33,128,164,0
4,33,128,165,0
4,33,128,166,0
4,33,128,167,0
4,33,128,168,0
4,33,128,169,0
4,33,128,170,0
4,33,128,171,0
4,33,128,172,0
4,33,128,173,0
4,33,128,174,0
4,33,128,175,0
4,33,128,176,0
4,33,128,177,0
4,33,128,178,0
4,33,128,179,0
4,33,128,180,0
4,33,128,181,0
4,33,128,182,0
4,33,128,183,0
4,33,128,184,0
4,33,128,185,0
4,33,128,186,0
4,33,128,187,0
4,33,128,188,0
4,33,128,189,0
4,33,128,190,0
4,33,128,191,0
4,33,128,192,0
4,33,128,193,0
4,33,128,194,0
4,33,128,195,0
4,33,128,196,0
4,33,128,197,0
4,33,128,198,0
4,33,128,199,0
4,33,128,200,0
4,33,128,201,0
4,33,128,202,0
4,33,128,203,0
4,33,128,204,0
4,33,128,205,0
4,33,128,206,0
4,33,128,207,0
4,33,128,208,0
4,33,128,209,0
4,33,128,210,0
4,33,128,211,410816
4,33,128,212,2176730
4,33,128,213,4077925
4,33,128,214,3482946
4,33,128,215,1513093
4,33,128,216,367117
4,33,128,217,50455
4,33,128,218,3606
4,33,128,219,95
4,33,128,220,2
4,33,128,221,0
4,33,128,222,0
4,33,128,223,0
4,33,128,224,0
4,33,128,225,0
4,33,128,226,0
4,33,128,227,0
4,33,129,0,0
4,33,129,1,0
4,33,129,2,0
4,33,129,3,0
4,33,129,4,0
4,33,129,5,0
4,33,129,6,0
4,33,129,7,0
4,33,129,8,0
4,33,129,9,0
4,33,129,10,0
4,33,129,11,0
4,33,129,12,0
4,33,129,13,0
4,33,129,14,0
4,33,129,15,0
4,33,129,16,0
4,33,129,17,0
4,33,129,18,0
4,33,129,19,0
4,33,129,20,0
4,33,129,21,0
4,33,129,22,0
4,33,129,23,0
4,33,129,24,0
4,33,129,25,0
4,33,129,26,0
4,33,129,27,0
4,33,129,28,0
4,33,129,29,0
4,33,129,30,0
4,33,129,31,0
4,33,129,32,0
4,33,129,33,0
4,33,129,34,0
4,33,129,35,0
4,33,129,36,0
4,33,129,37,0
4,33,129,38,0
4,33,129,39,0
4,33,129,40,0
4,33,129,41,0
4,33,129,42,0
4,33,129,43,0
4,33,129,44,0
4,33,129,45,0
4,33,129,46,0
4,33,129,47,0
4,33,129,48,0
4,33,129,49,0
4,33,129,50,0
4,33,129,51,0
4,33,129,52,0
4,33,129,53,0
4,33,129,54,0
4,33,129,55,0
4,33,129,56,0
4,33,129,57,0
4,33,129,58,0
4,33,129,59,0
4,33,129,60,0
4,33,129,61,0
4,33,129,62,0
4,33,129,63,0
4,33,129,64,0
4,33,129,65,0
4,33,129,66,0
4,33,129,67,0
4,33,129,68,0
4,33,129,69,0
4,33,129,70,0
4,33,129,71,0
4,33,129,72,0
4,33,129,73,0
4,33,129,74,0
4,33,129,75,0
4,33,129,76,0
4,33,129,77,0
4,33,129,78,0
4,33,129,79,0
4,33,129,80,0
4,33,129,81,0
4,33,129,82,0
4,33,129,83,0
4,33,129,84,0
4,33,129,85,0
4,33,129,86,0
4,33,129,87,0
4,33,129,88,0
4,33,129,89,0
4,33,129,90,0
4,33,129,91,0
4,33,129,92,0
4,33,129,93,0
4,33,129,94,0
4,33,129,95,0
4,33,129,96,0
4,33,129,97,0
4,33,129,98,0
4,33,129,99,0
4,33,129,100,0
4,33,129,101,0
4,33,129,102,0
4,33,129,103,0
4,33,129,104,0
4,33,129,105,0
4,33,129,106,0
4,33,129,107,0
4,33,129,108,0
4,33,129,109,0
4,33,129,110,0
4,33,129,111,0
4,33,129,112,0
4,33,129,113,0
4,33,129,114,0
4,33,129,115,0
4,33,129,116,0
4,33,129,117,0
4,33,129,118,0
4,33,129,119,0
4,33,129,120,0
4,33,129,121,0
4,33,129,122,0
4,33,129,123,0
4,33,129,124,0
4,33,129,125,0
4,33,129,126,0
4,33,129,127,0
4,33,129,128,0
4,33,129,129,0
4,33,129,130,0
4,33,129,131,0
4,33,129,132,0
4,33,129,133,0
4,33,129,134,0
4,33,129,135,0
4,33,129,136,0
4,33,129,137,0
4,33,129,138,0
4,33,129,139,0
4,33,129,140,0
4,33,129,141,0
4,33,129,142,0
4,33,129,143,0
4,33,129,144,0
4,33,129,145,0
4,33,129,146,0
4,33,129,147,0
4,33,129,148,0
4,33,129,149,0
4,33,129,150,0
4,33,129,151,0
4,33,129,152,0
4,33,129,153,0
4,33,129,154,0
4,33,129,155,0
4,33,129,156,0
4,33,129,157,0
4,33,129,158,0
4,33,129,159,0
4,33,129,160,0
4,33,129,161,0
4,33,129,162,0
4,33,129,163,0
4,33,129,164,0
4,33,129,165,0
4,33,129,166,0
4,33,129,167,0
4,33,129,168,0
4,33,129,169,0
4,33,129,170,0
4,33,129,171,0
4,33,129,172,0
4,33,129,173,0
4,33,129,174,0
4,33,129,175,0
4,33,129,176,0
4,33,129,177,0
4,33,129,178,0
4,33,129,179,0
4,33,129,180,0
4,33,129,181,0
4,33,129,182,0
4,33,129,183,0
4,33,129,184,0
4,33,129,185,0
4,33,129,186,0
4,33,129,187,0
4,33,129,188,0
4,33,129,189,0
4,33,129,190,0
4,33,129,191,0
4,33,129,192,0
4,33,129,193,0
4,33,129,194,0
4,33,129,195,0
4,33,129,196,0
4,33,129,197,0
4,33,129,198,0
4,33,129,199,0
4,33,129,200,0
4,33,129,201,0
4,33,129,202,0
4,33,129,203,0
4,33,129,204,0
4,33,129,205,0
4,33,129,206,0
4,33,129,207,0
4,33,129,208,0
4,33,129,209,0
4,33,129,210,0
4,33,129,211,0
4,33,129,212,0
4,33,129,213,0
4,33,129,214,0
4,33,129,215,32538
4,33,129,216,120068
4,33,129,217,142014
4,33,129,218,65898
4,33,129,219,12920
4,33,129,220,1182
4,33,129,221,40
4,33,129,222,0
4,33,129,223,0
4,33,129,224,0
4,33,129,225,0
4,33,129,226,0
4,33,129,227,0
4,33,130,0,0
4,33,130,1,0
4,33,130,2,0
4,33,130,3,0
4,33,130,4,0
4,33,130,5,0
4,33,130,6,0
4,33,130,7,0
4,33,130,8,0
4,33,130,9,0
4,33,130,10,0
4,33,130,11,0
4,33,130,12,0
4,33,130,13,0
4,33,130,14,0
4,33,130,15,0
4,33,130,16,0
4,33,130,17,0
4,33,130,18,0
4,33,130,19,0
4,33,130,20,0
4,33,130,21,0
4,33,130,22,0
4,33,130,23,0
4,33,130,24,0
4,33,130,25,0
4,33,130,26,0
4,33,130,27,0
4,33,130,28,0
4,33,130,29,0
4,33,130,30,0
4,33,130,31,0
4,33,130,32,0
4,33,130,33,0
4,33,130,34,0
4,33,130,35,0
4,33,130,36,0
4,33,130,37,0
4,33,130,38,0
4,33,130,39,0
4,33,130,40,0
4,33,130,41,0
4,33,130,42,0
4,33,130,43,0
4,33,130,44,0
4,33,130,45,0
4,33,130,46,0
4,33,130,47,0
4,33,130,48,0
4,33,130,49,0
4,33,130,50,0
4,33,130,51,0
4,33,130,52,0
4,33,130,53,0
4,33,130,54,0
4,33,130,55,0
4,33,130,56,0
4,33,130,57,0
4,33,130,58,0
4,33,130,59,0
4,33,130,60,0
4,33,130,61,0
4,33,130,62,0
4,33,130,63,0
4,33,130,64,0
4,33,130,65,0
4,33,130,66,0
4,33,130,67,0
4,33,130,68,0
4,33,130,69,0
4,33,130,70,0
4,33,130,71,0
4,33,130,72,0
4,33,130,73,0
4,33,130,74,0
4,33,130,75,0
4,33,130,76,0
4,33,130,77,0
4,33,130,78,0
4,33,130,79,0
4,33,130,80,0
4,33,130,81,0
4,33,130,82,0
4,33,130,83,0
4,33,130,84,0
4,33,130,85,0
4,33,130,86,0
4,33,130,87,0
4,33,130,88,0
4,33,130,89,0
4,33,130,90,0
4,33,130,91,0
4,33,130,92,0
4,33,130,93,0
4,33,130,94,0
4,33,130,95,0
4,33,130,96,0
4,33,130,97,0
4,33,130,98,0
4,33,130,99,0
4,33,130,100,0
4,33,130,101,0
4,33,130,102,0
4,33,130,103,0
4,33,130,104,0
4,33,130,105,0
4,33,130,106,0
4,33,130,107,0
4,33,130,108,0
4,33,130,109,0
4,33,130,110,0
4,33,130,111,0
4,33,130,112,0
4,33,130,113,0
4,33,130,114,0
4,33,130,115,0
4,33,130,116,0
4,33,130,117,0
4,33,130,118,0
4,33,130,119,0
4,33,130,120,0
4,33,130,121,0
4,33,130,122,0
4,33,130,123,0
4,33,130,124,0
4,33,130,125,0
4,33,130,126,0
4,33,130,127,0
4,33,130,128,0
4,33,130,129,0
4,33,130,130,0
4,33,130,131,0
4,33,130,132,0
4,33,130,133,0
4,33,130,134,0
4,33,130,135,0
4,33,130,136,0
4,33,130,137,0
4,33,130,138,0
4,33,130,139,0
4,33,130,140,0
4,33,130,141,0
4,33,130,142,0
4,33,130,143,0
4,33,130,144,0
4,33,130,145,0
4,33,130,146,0
4,33,130,147,0
4,33,130,148,0
4,33,130,149,0
4,33,130,150,0
4,33,130,151,0
4,33,130,152,0
4,33,130,153,0
4,33,130,154,0
4,33,130,155,0
4,33,130,156,0
4,33,130,157,0
4,33,130,158,0
4,33,130,159,0
4,33,130,160,0
4,33,130,161,0
4,33,130,162,0
4,33,130,163,0
4,33,130,164,0
4,33,130,165,0
4,33,130,166,0
4,33,130,167,0
4,33,130,168,0
4,33,130,169,0
4,33,130,170,0
4,33,130,171,0
4,33,130,172,0
4,33,130,173,0
4,33,130,174,0
4,33,130,175,0
4,33,130,176,0
4,33,130,177,0
4,33,130,178,0
4,33,130,179,0
4,33,130,180,0
4,33,130,181,0
4,33,130,182,0
4,33,130,183,0
4,33,130,184,0
4,33,130,185,0
4,33,130,186,0
4,33,130,187,0
4,33,130,188,0
4,33,130,189,0
4,33,130,190,0
4,33,130,191,0
4,33,130,192,0
4,33,130,193,0
4,33,130,194,0
4,33,130,195,0
4,33,130,196,0
4,33,130,197,0
4,33,130,198,0
4,33,130,199,0
4,33,130,200,0
4,33,130,201,0
4,33,130,202,0
4,33,130,203,0
4,33,130,204,0
4,33,130,205,0
4,33,130,206,0
4,33,130,207,0
4,33,130,208,0
4,33,130,209,0
4,33,130,210,0
4,33,130,211,0
4,33,130,212,0
4,33,130,213,0
4,33,130,214,0
4,33,130,215,0
4,33,130,216,0
4,33,130,217,0
4,33,130,218,0
4,33,130,219,1800
4,33,130,220,4117
4,33,130,221,2397
4,33,130,222,318
4,33,130,223,14
4,33,130,224,0
4,33,130,225,0
4,33,130,226,0
4,33,130,227,0
4,33,131,0,0
4,33,131,1,0
4,33,131,2,0
4,33,131,3,0
4,33,131,4,0
4,33,131,5,0
4,33,131,6,0
4,33,131,7,0
4,33,131,8,0
4,33,131,9,0
4,33,131,10,0
4,33,131,11,0
4,33,131,12,0
4,33,131,13,0
4,33,131,14,0
4,33,131,15,0
4,33,131,16,0
4,33,131,17,0
4,33,131,18,0
4,33,131,19,0
4,33,131,20,0
4,33,131,21,0
4,33,131,22,0
4,33,131,23,0
4,33,131,24,0
4,33,131,25,0
4,33,131,26,0
4,33,131,27,0
4,33,131,28,0
4,33,131,29,0
4,33,131,30,0
4,33,131,31,0
4,33,131,32,0
4,33,131,33,0
4,33,131,34,0
4,33,131,35,0
4,33,131,36,0
4,33,131,37,0
4,33,131,38,0
4,33,131,39,0
4,33,131,40,0
4,33,131,41,0
4,33,131,42,0
4,33,131,43,0
4,33,131,44,0
4,33,131,45,0
4,33,131,46,0
4,33,131,47,0
4,33,131,48,0
4,33,131,49,0
4,33,131,50,0
4,33,131,51,0
4,33,131,52,0
4,33,131,53,0
4,33,131,54,0
4,33,131,55,0
4,33,131,56,0
4,33,131,57,0
4,33,131,58,0
4,33,131,59,0
4,33,131,60,0
4,33,131,61,0
4,33,131,62,0
4,33,131,63,0
4,33,131,64,0
4,33,131,65,0
4,33,131,66,0
4,33,131,67,0
4,33,131,68,0
4,33,131,69,0
4,33,131,70,0
4,33,131,71,0
4,33,131,72,0
4,33,131,73,0
4,33,131,74,0
4,33,131,75,0
4,33,131,76,0
4,33,131,77,0
4,33,131,78,0
4,33,131,79,0
4,33,131,80,0
4,33,131,81,0
4,33,131,82,0
4,33,131,83,0
4,33,131,84,0
4,33,131,85,0
4,33,131,86,0
4,33,131,87,0
4,33,131,88,0
4,33,131,89,0
4,33,131,90,0
4,33,131,91,0
4,33,131,92,0
4,33,131,93,0
4,33,131,94,0
4,33,131,95,0
4,33,131,96,0
4,33,131,97,0
4,33,131,98,0
4,33,131,99,0
4,33,131,100,0
4,33,131,101,0
4,33,131,102,0
4,33,131,103,0
4,33,131,104,0
4,33,131,105,0
4,33,131,106,0
4,33,131,107,0
4,33,131,108,0
4,33,131,109,0
4,33,131,110,0
4,33,131,111,0
4,33,131,112,0
4,33,131,113,0
4,33,131,114,0
4,33,131,115,0
4,33,131,116,0
4,33,131,117,0
4,33,131,118,0
4,33,131,119,0
4,33,131,120,0
4,33,131,121,0
4,33,131,122,0
4,33,131,123,0
4,33,131,124,0
4,33,131,125,0
4,33,131,126,0
4,33,131,127,0
4,33,131,128,0
4,33,131,129,0
4,33,131,130,0
4,33,131,131,0
4,33,131,132,0
4,33,131,133,0
4,33,131,134,0
4,33,131,135,0
4,33,131,136,0
4,33,131,137,0
4,33,131,138,0
4,33,131,139,0
4,33,131,140,0
4,33,131,141,0
4,33,131,142,0
4,33,131,143,0
4,33,131,144,0
4,33,131,145,0
4,33,131,146,0
4,33,131,147,0
4,33,131,148,0
4,33,131,149,0
4,33,131,150,0
4,33,131,151,0
4,33,131,152,0
4,33,131,153,0
4,33,131,154,0
4,33,131,155,0
4,33,131,156,0
4,33,131,157,0
4,33,131,158,0
4,33,131,159,0
4,33,131,160,0
4,33,131,161,0
4,33,131,162,0
4,33,131,163,0
4,33,131,164,0
4,33,131,165,0
4,33,131,166,0
4,33,131,167,0
4,33,131,168,0
4,33,131,169,0
4,33,131,170,0
4,33,131,171,0
4,33,131,172,0
4,33,131,173,0
4,33,131,174,0
4,33,131,175,0
4,33,131,176,0
4,33,131,177,0
4,33,131,178,0
4,33,131,179,0
4,33,131,180,0
4,33,131,181,0
4,33,131,182,0
4,33,131,183,0
4,33,131,184,0
4,33,131,185,0
4,33,131,186,0
4,33,131,187,0
4,33,131,188,0
4,33,131,189,0
4,33,131,190,0
4,33,131,191,0
4,33,131,192,0
4,33,131,193,0
4,33,131,194,0
4,33,131,195,0
4,33,131,196,0
4,33,131,197,0
4,33,131,198,0
4,33,131,199,0
4,33,131,200,0
4,33,131,201,0
4,33,131,202,0
4,33,131,203,0
4,33,131,204,0
4,33,131,205,0
4,33,131,206,0
4,33,131,207,0
4,33,131,208,0
4,33,131,209,0
4,33,131,210,0
4,33,131,211,0
4,33,131,212,0
4,33,131,213,0
4,33,131,214,0
4,33,131,215,0
4,33,131,216,0
4,33,131,217,0
4,33,131,218,0
4,33,131,219,0
4,33,131,220,0
4,33,131,221,0
4,33,131,222,0
4,33,131,223,62
4,33,131,224,66
4,33,131,225,4
4,33,131,226,0
4,33,131,227,0
4,33,132,0,0
4,33,132,1,0
4,33,132,2,0
4,33,132,3,0
4,33,132,4,0
4,33,132,5,0
4,33,132,6,0
4,33,132,7,0
4,33,132,8,0
4,33,132,9,0
4,33,132,10,0
4,33,132,11,0
4,33,132,12,0
4,33,132,13,0
4,33,132,14,0
4,33,132,15,0
4,33,132,16,0
4,33,132,17,0
4,33,132,18,0
4,33,132,19,0
4,33,132,20,0
4,33,132,21,0
4,33,132,22,0
4,33,132,23,0
4,33,132,24,0
4,33,132,25,0
4,33,132,26,0
4,33,132,27,0
4,33,132,28,0
4,33,132,29,0
4,33,132,30,0
4,33,132,31,0
4,33,132,32,0
4,33,132,33,0
4,33,132,34,0
4,33,132,35,0
4,33,132,36,0
4,33,132,37,0
4,33,132,38,0
4,33,132,39,0
4,33,132,40,0
4,33,132,41,0
4,33,132,42,0
4,33,132,43,0
4,33,132,44,0
4,33,132,45,0
4,33,132,46,0
4,33,132,47,0
4,33,132,48,0
4,33,132,49,0
4,33,132,50,0
4,33,132,51,0
4,33,132,52,0
4,33,132,53,0
4,33,132,54,0
4,33,132,55,0
4,33,132,56,0
4,33,132,57,0
4,33,132,58,0
4,33,132,59,0
4,33,132,60,0
4,33,132,61,0
4,33,132,62,0
4,33,132,63,0
4,33,132,64,0
4,33,132,65,0
4,33,132,66,0
4,33,132,67,0
4,33,132,68,0
4,33,132,69,0
4,33,132,70,0
4,33,132,71,0
4,33,132,72,0
4,33,132,73,0
4,33,132,74,0
4,33,132,75,0
4,33,132,76,0
4,33,132,77,0
4,33,132,78,0
4,33,132,79,0
4,33,132,80,0
4,33,132,81,0
4,33,132,82,0
4,33,132,83,0
4,33,132,84,0
4,33,132,85,0
4,33,132,86,0
4,33,132,87,0
4,33,132,88,0
4,33,132,89,0
4,33,132,90,0
4,33,132,91,0
4,33,132,92,0
4,33,132,93,0
4,33,132,94,0
4,33,132,95,0
4,33,132,96,0
4,33,132,97,0
4,33,132,98,0
4,33,132,99,0
4,33,132,100,0
4,33,132,101,0
4,33,132,102,0
4,33,132,103,0
4,33,132,104,0
4,33,132,105,0
4,33,132,106,0
4,33,132,107,0
4,33,132,108,0
4,33,132,109,0
4,33,132,110,0
4,33,132,111,0
4,33,132,112,0
4,33,132,113,0
4,33,132,114,0
4,33,132,115,0
4,33,132,116,0
4,33,132,117,0
4,33,132,118,0
4,33,132,119,0
4,33,132,120,0
4,33,132,121,0
4,33,132,122,0
4,33,132,123,0
4,33,132,124,0
4,33,132,125,0
4,33,132,126,0
4,33,132,127,0
4,33,132,128,0
4,33,132,129,0
4,33,132,130,0
4,33,132,131,0
4,33,132,132,0
4,33,132,133,0
4,33,132,134,0
4,33,132,135,0
4,33,132,136,0
4,33,132,137,0
4,33,132,138,0
4,33,132,139,0
4,33,132,140,0
4,33,132,141,0
4,33,132,142,0
4,33,132,143,0
4,33,132,144,0
4,33,132,145,0
4,33,132,146,0
4,33,132,147,0
4,33,132,148,0
4,33,132,149,0
4,33,132,150,0
4,33,132,151,0
4,33,132,152,0
4,33,132,153,0
4,33,132,154,0
4,33,132,155,0
4,33,132,156,0
4,33,132,157,0
4,33,132,158,0
4,33,132,159,0
4,33,132,160,0
4,33,132,161,0
4,33,132,162,0
4,33,132,163,0
4,33,132,164,0
4,33,132,165,0
4,33,132,166,0
4,33,132,167,0
4,33,132,168,0
4,33,132,169,0
4,33,132,170,0
4,33,132,171,0
4,33,132,172,0
4,33,132,173,0
4,33,132,174,0
4,33,132,175,0
4,33,132,176,0
4,33,132,177,0
4,33,132,178,0
4,33,132,179,0
4,33,132,180,0
4,33,132,181,0
4,33,132,182,0
4,33,132,183,0
4,33,132,184,0
4,33,132,185,0
4,33,132,186,0
4,33,132,187,0
4,33,132,188,0
4,33,132,189,0
4,33,132,190,0
4,33,132,191,0
4,33,132,192,0
4,33,132,193,0
4,33,132,194,0
4,33,132,195,0
4,33,132,196,0
4,33,132,197,0
4,33,132,198,0
4,33,132,199,0
4,33,132,200,0
4,33,132,201,0
4,33,132,202,0
4,33,132,203,0
4,33,132,204,0
4,33,132,205,0
4,33,132,206,0
4,33,132,207,0
4,33,132,208,0
4,33,132,209,0
4,33,132,210,0
4,33,132,211,0
4,33,132,212,0
4,33,132,213,0
4,33,132,214,0
4,33,132,215,0
4,33,132,216,0
4,33,132,217,0
4,33,132,218,0
4,33,132,219,0
4,33,132,220,0
4,33,132,221,0
4,33,132,222,0
4,33,132,223,0
4,33,132,224,0
4,33,132,225,0
4,33,132,226,0
4,33,132,227,1
.DONE.
