r,c,o,a,count
4,34,0,0,1
4,34,0,1,0
4,34,0,2,0
4,34,0,3,0
4,34,0,4,0
4,34,0,5,0
4,34,0,6,0
4,34,0,7,0
4,34,0,8,0
4,34,0,9,0
4,34,0,10,0
4,34,0,11,0
4,34,0,12,0
4,34,0,13,0
4,34,0,14,0
4,34,0,15,0
4,34,0,16,0
4,34,0,17,0
4,34,0,18,0
4,34,0,19,0
4,34,0,20,0
4,34,0,21,0
4,34,0,22,0
4,34,0,23,0
4,34,0,24,0
4,34,0,25,0
4,34,0,26,0
4,34,0,27,0
4,34,0,28,0
4,34,0,29,0
4,34,0,30,0
4,34,0,31,0
4,34,0,32,0
4,34,0,33,0
4,34,0,34,0
4,34,0,35,0
4,34,0,36,0
4,34,0,37,0
4,34,0,38,0
4,34,0,39,0
4,34,0,40,0
4,34,0,41,0
4,34,0,42,0
4,34,0,43,0
4,34,0,44,0
4,34,0,45,0
4,34,0,46,0
4,34,0,47,0
4,34,0,48,0
4,34,0,49,0
4,34,0,50,0
4,34,0,51,0
4,34,0,52,0
4,34,0,53,0
4,34,0,54,0
4,34,0,55,0
4,34,0,56,0
4,34,0,57,0
4,34,0,58,0
4,34,0,59,0
4,34,0,60,0
4,34,0,61,0
4,34,0,62,0
4,34,0,63,0
4,34,0,64,0
4,34,0,65,0
4,34,0,66,0
4,34,0,67,0
4,34,0,68,0
4,34,0,69,0
4,34,0,70,0
4,34,0,71,0
4,34,0,72,0
4,34,0,73,0
4,34,0,74,0
4,34,0,75,0
4,34,0,76,0
4,34,0,77,0
4,34,0,78,0
4,34,0,79,0
4,34,0,80,0
4,34,0,81,0
4,34,0,82,0
4,34,0,83,0
4,34,0,84,0
4,34,0,85,0
4,34,0,86,0
4,34,0,87,0
4,34,0,88,0
4,34,0,89,0
4,34,0,90,0
4,34,0,91,0
4,34,0,92,0
4,34,0,93,0
4,34,0,94,0
4,34,0,95,0
4,34,0,96,0
4,34,0,97,0
4,34,0,98,0
4,34,0,99,0
4,34,0,100,0
4,34,0,101,0
4,34,0,102,0
4,34,0,103,0
4,34,0,104,0
4,34,0,105,0
4,34,0,106,0
4,34,0,107,0
4,34,0,108,0
4,34,0,109,0
4,34,0,110,0
4,34,0,111,0
4,34,0,112,0
4,34,0,113,0
4,34,0,114,0
4,34,0,115,0
4,34,0,116,0
4,34,0,117,0
4,34,0,118,0
4,34,0,119,0
4,34,0,120,0
4,34,0,121,0
4,34,0,122,0
4,34,0,123,0
4,34,0,124,0
4,34,0,125,0
4,34,0,126,0
4,34,0,127,0
4,34,0,128,0
4,34,0,129,0
4,34,0,130,0
4,34,0,131,0
4,34,0,132,0
4,34,0,133,0
4,34,0,134,0
4,34,0,135,0
4,34,0,136,0
4,34,0,137,0
4,34,0,138,0
4,34,0,139,0
4,34,0,140,0
4,34,0,141,0
4,34,0,142,0
4,34,0,143,0
4,34,0,144,0
4,34,0,145,0
4,34,0,146,0
4,34,0,147,0
4,34,0,148,0
4,34,0,149,0
4,34,0,150,0
4,34,0,151,0
4,34,0,152,0
4,34,0,153,0
4,34,0,154,0
4,34,0,155,0
4,34,0,156,0
4,34,0,157,0
4,34,0,158,0
4,34,0,159,0
4,34,0,160,0
4,34,0,161,0
4,34,0,162,0
4,34,0,163,0
4,34,0,164,0
4,34,0,165,0
4,34,0,166,0
4,34,0,167,0
4,34,0,168,0
4,34,0,169,0
4,34,0,170,0
4,34,0,171,0
4,34,0,172,0
4,34,0,173,0
4,34,0,174,0
4,34,0,175,0
4,34,0,176,0
4,34,0,177,0
4,34,0,178,0
4,34,0,179,0
4,34,0,180,0
4,34,0,181,0
4,34,0,182,0
4,34,0,183,0
4,34,0,184,0
4,34,0,185,0
4,34,0,186,0
4,34,0,187,0
4,34,0,188,0
4,34,0,189,0
4,34,0,190,0
4,34,0,191,0
4,34,0,192,0
4,34,0,193,0
4,34,0,194,0
4,34,0,195,0
4,34,0,196,0
4,34,0,197,0
4,34,0,198,0
4,34,0,199,0
4,34,0,200,0
4,34,0,201,0
4,34,0,202,0
4,34,0,203,0
4,34,0,204,0
4,34,0,205,0
4,34,0,206,0
4,34,0,207,0
4,34,0,208,0
4,34,0,209,0
4,34,0,210,0
4,34,0,211,0
4,34,0,212,0
4,34,0,213,0
4,34,0,214,0
4,34,0,215,0
4,34,0,216,0
4,34,0,217,0
4,34,0,218,0
4,34,0,219,0
4,34,0,220,0
4,34,0,221,0
4,34,0,222,0
4,34,0,223,0
4,34,0,224,0
4,34,0,225,0
4,34,0,226,0
4,34,0,227,0
4,34,0,228,0
4,34,0,229,0
4,34,0,230,0
4,34,0,231,0
4,34,0,232,0
4,34,0,233,0
4,34,0,234,0
4,34,1,0,136
4,34,1,1,0
4,34,1,2,0
4,34,1,3,0
4,34,1,4,0
4,34,1,5,0
4,34,1,6,0
4,34,1,7,0
4,34,1,8,0
4,34,1,9,0
4,34,1,10,0
4,34,1,11,0
4,34,1,12,0
4,34,1,13,0
4,34,1,14,0
4,34,1,15,0
4,34,1,16,0
4,34,1,17,0
4,34,1,18,0
4,34,1,19,0
4,34,1,20,0
4,34,1,21,0
4,34,1,22,0
4,34,1,23,0
4,34,1,24,0
4,34,1,25,0
4,34,1,26,0
4,34,1,27,0
4,34,1,28,0
4,34,1,29,0
4,34,1,30,0
4,34,1,31,0
4,34,1,32,0
4,34,1,33,0
4,34,1,34,0
4,34,1,35,0
4,34,1,36,0
4,34,1,37,0
4,34,1,38,0
4,34,1,39,0
4,34,1,40,0
4,34,1,41,0
4,34,1,42,0
4,34,1,43,0
4,34,1,44,0
4,34,1,45,0
4,34,1,46,0
4,34,1,47,0
4,34,1,48,0
4,34,1,49,0
4,34,1,50,0
4,34,1,51,0
4,34,1,52,0
4,34,1,53,0
4,34,1,54,0
4,34,1,55,0
4,34,1,56,0
4,34,1,57,0
4,34,1,58,0
4,34,1,59,0
4,34,1,60,0
4,34,1,61,0
4,34,1,62,0
4,34,1,63,0
4,34,1,64,0
4,34,1,65,0
4,34,1,66,0
4,34,1,67,0
4,34,1,68,0
4,34,1,69,0
4,34,1,70,0
4,34,1,71,0
4,34,1,72,0
4,34,1,73,0
4,34,1,74,0
4,34,1,75,0
4,34,1,76,0
4,34,1,77,0
4,34,1,78,0
4,34,1,79,0
4,34,1,80,0
4,34,1,81,0
4,34,1,82,0
4,34,1,83,0
4,34,1,84,0
4,34,1,85,0
4,34,1,86,0
4,34,1,87,0
4,34,1,88,0
4,34,1,89,0
4,34,1,90,0
4,34,1,91,0
4,34,1,92,0
4,34,1,93,0
4,34,1,94,0
4,34,1,95,0
4,34,1,96,0
4,34,1,97,0
4,34,1,98,0
4,34,1,99,0
4,34,1,100,0
4,34,1,101,0
4,34,1,102,0
4,34,1,103,0
4,34,1,104,0
4,34,1,105,0
4,34,1,106,0
4,34,1,107,0
4,34,1,108,0
4,34,1,109,0
4,34,1,110,0
4,34,1,111,0
4,34,1,112,0
4,34,1,113,0
4,34,1,114,0
4,34,1,115,0
4,34,1,116,0
4,34,1,117,0
4,34,1,118,0
4,34,1,119,0
4,34,1,120,0
4,34,1,121,0
4,34,1,122,0
4,34,1,123,0
4,34,1,124,0
4,34,1,125,0
4,34,1,126,0
4,34,1,127,0
4,34,1,128,0
4,34,1,129,0
4,34,1,130,0
4,34,1,131,0
4,34,1,132,0
4,34,1,133,0
4,34,1,134,0
4,34,1,135,0
4,34,1,136,0
4,34,1,137,0
4,34,1,138,0
4,34,1,139,0
4,34,1,140,0
4,34,1,141,0
4,34,1,142,0
4,34,1,143,0
4,34,1,144,0
4,34,1,145,0
4,34,1,146,0
4,34,1,147,0
4,34,1,148,0
4,34,1,149,0
4,34,1,150,0
4,34,1,151,0
4,34,1,152,0
4,34,1,153,0
4,34,1,154,0
4,34,1,155,0
4,34,1,156,0
4,34,1,157,0
4,34,1,158,0
4,34,1,159,0
4,34,1,160,0
4,34,1,161,0
4,34,1,162,0
4,34,1,163,0
4,34,1,164,0
4,34,1,165,0
4,34,1,166,0
4,34,1,167,0
4,34,1,168,0
4,34,1,169,0
4,34,1,170,0
4,34,1,171,0
4,34,1,172,0
4,34,1,173,0
4,34,1,174,0
4,34,1,175,0
4,34,1,176,0
4,34,1,177,0
4,34,1,178,0
4,34,1,179,0
4,34,1,180,0
4,34,1,181,0
4,34,1,182,0
4,34,1,183,0
4,34,1,184,0
4,34,1,185,0
4,34,1,186,0
4,34,1,187,0
4,34,1,188,0
4,34,1,189,0
4,34,1,190,0
4,34,1,191,0
4,34,1,192,0
4,34,1,193,0
4,34,1,194,0
4,34,1,195,0
4,34,1,196,0
4,34,1,197,0
4,34,1,198,0
4,34,1,199,0
4,34,1,200,0
4,34,1,201,0
4,34,1,202,0
4,34,1,203,0
4,34,1,204,0
4,34,1,205,0
4,34,1,206,0
4,34,1,207,0
4,34,1,208,0
4,34,1,209,0
4,34,1,210,0
4,34,1,211,0
4,34,1,212,0
4,34,1,213,0
4,34,1,214,0
4,34,1,215,0
4,34,1,216,0
4,34,1,217,0
4,34,1,218,0
4,34,1,219,0
4,34,1,220,0
4,34,1,221,0
4,34,1,222,0
4,34,1,223,0
4,34,1,224,0
4,34,1,225,0
4,34,1,226,0
4,34,1,227,0
4,34,1,228,0
4,34,1,229,0
4,34,1,230,0
4,34,1,231,0
4,34,1,232,0
4,34,1,233,0
4,34,1,234,0
4,34,2,0,8946
4,34,2,1,234
4,34,2,2,0
4,34,2,3,0
4,34,2,4,0
4,34,2,5,0
4,34,2,6,0
4,34,2,7,0
4,34,2,8,0
4,34,2,9,0
4,34,2,10,0
4,34,2,11,0
4,34,2,12,0
4,34,2,13,0
4,34,2,14,0
4,34,2,15,0
4,34,2,16,0
4,34,2,17,0
4,34,2,18,0
4,34,2,19,0
4,34,2,20,0
4,34,2,21,0
4,34,2,22,0
4,34,2,23,0
4,34,2,24,0
4,34,2,25,0
4,34,2,26,0
4,34,2,27,0
4,34,2,28,0
4,34,2,29,0
4,34,2,30,0
4,34,2,31,0
4,34,2,32,0
4,34,2,33,0
4,34,2,34,0
4,34,2,35,0
4,34,2,36,0
4,34,2,37,0
4,34,2,38,0
4,34,2,39,0
4,34,2,40,0
4,34,2,41,0
4,34,2,42,0
4,34,2,43,0
4,34,2,44,0
4,34,2,45,0
4,34,2,46,0
4,34,2,47,0
4,34,2,48,0
4,34,2,49,0
4,34,2,50,0
4,34,2,51,0
4,34,2,52,0
4,34,2,53,0
4,34,2,54,0
4,34,2,55,0
4,34,2,56,0
4,34,2,57,0
4,34,2,58,0
4,34,2,59,0
4,34,2,60,0
4,34,2,61,0
4,34,2,62,0
4,34,2,63,0
4,34,2,64,0
4,34,2,65,0
4,34,2,66,0
4,34,2,67,0
4,34,2,68,0
4,34,2,69,0
4,34,2,70,0
4,34,2,71,0
4,34,2,72,0
4,34,2,73,0
4,34,2,74,0
4,34,2,75,0
4,34,2,76,0
4,34,2,77,0
4,34,2,78,0
4,34,2,79,0
4,34,2,80,0
4,34,2,81,0
4,34,2,82,0
4,34,2,83,0
4,34,2,84,0
4,34,2,85,0
4,34,2,86,0
4,34,2,87,0
4,34,2,88,0
4,34,2,89,0
4,34,2,90,0
4,34,2,91,0
4,34,2,92,0
4,34,2,93,0
4,34,2,94,0
4,34,2,95,0
4,34,2,96,0
4,34,2,97,0
4,34,2,98,0
4,34,2,99,0
4,34,2,100,0
4,34,2,101,0
4,34,2,102,0
4,34,2,103,0
4,34,2,104,0
4,34,2,105,0
4,34,2,106,0
4,34,2,107,0
4,34,2,108,0
4,34,2,109,0
4,34,2,110,0
4,34,2,111,0
4,34,2,112,0
4,34,2,113,0
4,34,2,114,0
4,34,2,115,0
4,34,2,116,0
4,34,2,117,0
4,34,2,118,0
4,34,2,119,0
4,34,2,120,0
4,34,2,121,0
4,34,2,122,0
4,34,2,123,0
4,34,2,124,0
4,34,2,125,0
4,34,2,126,0
4,34,2,127,0
4,34,2,128,0
4,34,2,129,0
4,34,2,130,0
4,34,2,131,0
4,34,2,132,0
4,34,2,133,0
4,34,2,134,0
4,34,2,135,0
4,34,2,136,0
4,34,2,137,0
4,34,2,138,0
4,34,2,139,0
4,34,2,140,0
4,34,2,141,0
4,34,2,142,0
4,34,2,143,0
4,34,2,144,0
4,34,2,145,0
4,34,2,146,0
4,34,2,147,0
4,34,2,148,0
4,34,2,149,0
4,34,2,150,0
4,34,2,151,0
4,34,2,152,0
4,34,2,153,0
4,34,2,154,0
4,34,2,155,0
4,34,2,156,0
4,34,2,157,0
4,34,2,158,0
4,34,2,159,0
4,34,2,160,0
4,34,2,161,0
4,34,2,162,0
4,34,2,163,0
4,34,2,164,0
4,34,2,165,0
4,34,2,166,0
4,34,2,167,0
4,34,2,168,0
4,34,2,169,0
4,34,2,170,0
4,34,2,171,0
4,34,2,172,0
4,34,2,173,0
4,34,2,174,0
4,34,2,175,0
4,34,2,176,0
4,34,2,177,0
4,34,2,178,0
4,34,2,179,0
4,34,2,180,0
4,34,2,181,0
4,34,2,182,0
4,34,2,183,0
4,34,2,184,0
4,34,2,185,0
4,34,2,186,0
4,34,2,187,0
4,34,2,188,0
4,34,2,189,0
4,34,2,190,0
4,34,2,191,0
4,34,2,192,0
4,34,2,193,0
4,34,2,194,0
4,34,2,195,0
4,34,2,196,0
4,34,2,197,0
4,34,2,198,0
4,34,2,199,0
4,34,2,200,0
4,34,2,201,0
4,34,2,202,0
4,34,2,203,0
4,34,2,204,0
4,34,2,205,0
4,34,2,206,0
4,34,2,207,0
4,34,2,208,0
4,34,2,209,0
4,34,2,210,0
4,34,2,211,0
4,34,2,212,0
4,34,2,213,0
4,34,2,214,0
4,34,2,215,0
4,34,2,216,0
4,34,2,217,0
4,34,2,218,0
4,34,2,219,0
4,34,2,220,0
4,34,2,221,0
4,34,2,222,0
4,34,2,223,0
4,34,2,224,0
4,34,2,225,0
4,34,2,226,0
4,34,2,227,0
4,34,2,228,0
4,34,2,229,0
4,34,2,230,0
4,34,2,231,0
4,34,2,232,0
4,34,2,233,0
4,34,2,234,0
4,34,3,0,379276
4,34,3,1,30172
4,34,3,2,592
4,34,3,3,0
4,34,3,4,0
4,34,3,5,0
4,34,3,6,0
4,34,3,7,0
4,34,3,8,0
4,34,3,9,0
4,34,3,10,0
4,34,3,11,0
4,34,3,12,0
4,34,3,13,0
4,34,3,14,0
4,34,3,15,0
4,34,3,16,0
4,34,3,17,0
4,34,3,18,0
4,34,3,19,0
4,34,3,20,0
4,34,3,21,0
4,34,3,22,0
4,34,3,23,0
4,34,3,24,0
4,34,3,25,0
4,34,3,26,0
4,34,3,27,0
4,34,3,28,0
4,34,3,29,0
4,34,3,30,0
4,34,3,31,0
4,34,3,32,0
4,34,3,33,0
4,34,3,34,0
4,34,3,35,0
4,34,3,36,0
4,34,3,37,0
4,34,3,38,0
4,34,3,39,0
4,34,3,40,0
4,34,3,41,0
4,34,3,42,0
4,34,3,43,0
4,34,3,44,0
4,34,3,45,0
4,34,3,46,0
4,34,3,47,0
4,34,3,48,0
4,34,3,49,0
4,34,3,50,0
4,34,3,51,0
4,34,3,52,0
4,34,3,53,0
4,34,3,54,0
4,34,3,55,0
4,34,3,56,0
4,34,3,57,0
4,34,3,58,0
4,34,3,59,0
4,34,3,60,0
4,34,3,61,0
4,34,3,62,0
4,34,3,63,0
4,34,3,64,0
4,34,3,65,0
4,34,3,66,0
4,34,3,67,0
4,34,3,68,0
4,34,3,69,0
4,34,3,70,0
4,34,3,71,0
4,34,3,72,0
4,34,3,73,0
4,34,3,74,0
4,34,3,75,0
4,34,3,76,0
4,34,3,77,0
4,34,3,78,0
4,34,3,79,0
4,34,3,80,0
4,34,3,81,0
4,34,3,82,0
4,34,3,83,0
4,34,3,84,0
4,34,3,85,0
4,34,3,86,0
4,34,3,87,0
4,34,3,88,0
4,34,3,89,0
4,34,3,90,0
4,34,3,91,0
4,34,3,92,0
4,34,3,93,0
4,34,3,94,0
4,34,3,95,0
4,34,3,96,0
4,34,3,97,0
4,34,3,98,0
4,34,3,99,0
4,34,3,100,0
4,34,3,101,0
4,34,3,102,0
4,34,3,103,0
4,34,3,104,0
4,34,3,105,0
4,34,3,106,0
4,34,3,107,0
4,34,3,108,0
4,34,3,109,0
4,34,3,110,0
4,34,3,111,0
4,34,3,112,0
4,34,3,113,0
4,34,3,114,0
4,34,3,115,0
4,34,3,116,0
4,34,3,117,0
4,34,3,118,0
4,34,3,119,0
4,34,3,120,0
4,34,3,121,0
4,34,3,122,0
4,34,3,123,0
4,34,3,124,0
4,34,3,125,0
4,34,3,126,0
4,34,3,127,0
4,34,3,128,0
4,34,3,129,0
4,34,3,130,0
4,34,3,131,0
4,34,3,132,0
4,34,3,133,0
4,34,3,134,0
4,34,3,135,0
4,34,3,136,0
4,34,3,137,0
4,34,3,138,0
4,34,3,139,0
4,34,3,140,0
4,34,3,141,0
4,34,3,142,0
4,34,3,143,0
4,34,3,144,0
4,34,3,145,0
4,34,3,146,0
4,34,3,147,0
4,34,3,148,0
4,34,3,149,0
4,34,3,150,0
4,34,3,151,0
4,34,3,152,0
4,34,3,153,0
4,34,3,154,0
4,34,3,155,0
4,34,3,156,0
4,34,3,157,0
4,34,3,158,0
4,34,3,159,0
4,34,3,160,0
4,34,3,161,0
4,34,3,162,0
4,34,3,163,0
4,34,3,164,0
4,34,3,165,0
4,34,3,166,0
4,34,3,167,0
4,34,3,168,0
4,34,3,169,0
4,34,3,170,0
4,34,3,171,0
4,34,3,172,0
4,34,3,173,0
4,34,3,174,0
4,34,3,175,0
4,34,3,176,0
4,34,3,177,0
4,34,3,178,0
4,34,3,179,0
4,34,3,180,0
4,34,3,181,0
4,34,3,182,0
4,34,3,183,0
4,34,3,184,0
4,34,3,185,0
4,34,3,186,0
4,34,3,187,0
4,34,3,188,0
4,34,3,189,0
4,34,3,190,0
4,34,3,191,0
4,34,3,192,0
4,34,3,193,0
4,34,3,194,0
4,34,3,195,0
4,34,3,196,0
4,34,3,197,0
4,34,3,198,0
4,34,3,199,0
4,34,3,200,0
4,34,3,201,0
4,34,3,202,0
4,34,3,203,0
4,34,3,204,0
4,34,3,205,0
4,34,3,206,0
4,34,3,207,0
4,34,3,208,0
4,34,3,209,0
4,34,3,210,0
4,34,3,211,0
4,34,3,212,0
4,34,3,213,0
4,34,3,214,0
4,34,3,215,0
4,34,3,216,0
4,34,3,217,0
4,34,3,218,0
4,34,3,219,0
4,34,3,220,0
4,34,3,221,0
4,34,3,222,0
4,34,3,223,0
4,34,3,224,0
4,34,3,225,0
4,34,3,226,0
4,34,3,227,0
4,34,3,228,0
4,34,3,229,0
4,34,3,230,0
4,34,3,231,0
4,34,3,232,0
4,34,3,233,0
4,34,3,234,0
4,34,4,0,11652310
4,34,4,1,1879518
4,34,4,2,100449
4,34,4,3,1454
4,34,4,4,99
4,34,4,5,0
4,34,4,6,0
4,34,4,7,0
4,34,4,8,0
4,34,4,9,0
4,34,4,10,0
4,34,4,11,0
4,34,4,12,0
4,34,4,13,0
4,34,4,14,0
4,34,4,15,0
4,34,4,16,0
4,34,4,17,0
4,34,4,18,0
4,34,4,19,0
4,34,4,20,0
4,34,4,21,0
4,34,4,22,0
4,34,4,23,0
4,34,4,24,0
4,34,4,25,0
4,34,4,26,0
4,34,4,27,0
4,34,4,28,0
4,34,4,29,0
4,34,4,30,0
4,34,4,31,0
4,34,4,32,0
4,34,4,33,0
4,34,4,34,0
4,34,4,35,0
4,34,4,36,0
4,34,4,37,0
4,34,4,38,0
4,34,4,39,0
4,34,4,40,0
4,34,4,41,0
4,34,4,42,0
4,34,4,43,0
4,34,4,44,0
4,34,4,45,0
4,34,4,46,0
4,34,4,47,0
4,34,4,48,0
4,34,4,49,0
4,34,4,50,0
4,34,4,51,0
4,34,4,52,0
4,34,4,53,0
4,34,4,54,0
4,34,4,55,0
4,34,4,56,0
4,34,4,57,0
4,34,4,58,0
4,34,4,59,0
4,34,4,60,0
4,34,4,61,0
4,34,4,62,0
4,34,4,63,0
4,34,4,64,0
4,34,4,65,0
4,34,4,66,0
4,34,4,67,0
4,34,4,68,0
4,34,4,69,0
4,34,4,70,0
4,34,4,71,0
4,34,4,72,0
4,34,4,73,0
4,34,4,74,0
4,34,4,75,0
4,34,4,76,0
4,34,4,77,0
4,34,4,78,0
4,34,4,79,0
4,34,4,80,0
4,34,4,81,0
4,34,4,82,0
4,34,4,83,0
4,34,4,84,0
4,34,4,85,0
4,34,4,86,0
4,34,4,87,0
4,34,4,88,0
4,34,4,89,0
4,34,4,90,0
4,34,4,91,0
4,34,4,92,0
4,34,4,93,0
4,34,4,94,0
4,34,4,95,0
4,34,4,96,0
4,34,4,97,0
4,34,4,98,0
4,34,4,99,0
4,34,4,100,0
4,34,4,101,0
4,34,4,102,0
4,34,4,103,0
4,34,4,104,0
4,34,4,105,0
4,34,4,106,0
4,34,4,107,0
4,34,4,108,0
4,34,4,109,0
4,34,4,110,0
4,34,4,111,0
4,34,4,112,0
4,34,4,113,0
4,34,4,114,0
4,34,4,115,0
4,34,4,116,0
4,34,4,117,0
4,34,4,118,0
4,34,4,119,0
4,34,4,120,0
4,34,4,121,0
4,34,4,122,0
4,34,4,123,0
4,34,4,124,0
4,34,4,125,0
4,34,4,126,0
4,34,4,127,0
4,34,4,128,0
4,34,4,129,0
4,34,4,130,0
4,34,4,131,0
4,34,4,132,0
4,34,4,133,0
4,34,4,134,0
4,34,4,135,0
4,34,4,136,0
4,34,4,137,0
4,34,4,138,0
4,34,4,139,0
4,34,4,140,0
4,34,4,141,0
4,34,4,142,0
4,34,4,143,0
4,34,4,144,0
4,34,4,145,0
4,34,4,146,0
4,34,4,147,0
4,34,4,148,0
4,34,4,149,0
4,34,4,150,0
4,34,4,151,0
4,34,4,152,0
4,34,4,153,0
4,34,4,154,0
4,34,4,155,0
4,34,4,156,0
4,34,4,157,0
4,34,4,158,0
4,34,4,159,0
4,34,4,160,0
4,34,4,161,0
4,34,4,162,0
4,34,4,163,0
4,34,4,164,0
4,34,4,165,0
4,34,4,166,0
4,34,4,167,0
4,34,4,168,0
4,34,4,169,0
4,34,4,170,0
4,34,4,171,0
4,34,4,172,0
4,34,4,173,0
4,34,4,174,0
4,34,4,175,0
4,34,4,176,0
4,34,4,177,0
4,34,4,178,0
4,34,4,179,0
4,34,4,180,0
4,34,4,181,0
4,34,4,182,0
4,34,4,183,0
4,34,4,184,0
4,34,4,185,0
4,34,4,186,0
4,34,4,187,0
4,34,4,188,0
4,34,4,189,0
4,34,4,190,0
4,34,4,191,0
4,34,4,192,0
4,34,4,193,0
4,34,4,194,0
4,34,4,195,0
4,34,4,196,0
4,34,4,197,0
4,34,4,198,0
4,34,4,199,0
4,34,4,200,0
4,34,4,201,0
4,34,4,202,0
4,34,4,203,0
4,34,4,204,0
4,34,4,205,0
4,34,4,206,0
4,34,4,207,0
4,34,4,208,0
4,34,4,209,0
4,34,4,210,0
4,34,4,211,0
4,34,4,212,0
4,34,4,213,0
4,34,4,214,0
4,34,4,215,0
4,34,4,216,0
4,34,4,217,0
4,34,4,218,0
4,34,4,219,0
4,34,4,220,0
4,34,4,221,0
4,34,4,222,0
4,34,4,223,0
4,34,4,224,0
4,34,4,225,0
4,34,4,226,0
4,34,4,227,0
4,34,4,228,0
4,34,4,229,0
4,34,4,230,0
4,34,4,231,0
4,34,4,232,0
4,34,4,233,0
4,34,4,234,0
4,34,5,0,276543388
4,34,5,1,75372824
4,34,5,2,7693140
4,34,5,3,307136
4,34,5,4,15976
4,34,5,5,648
4,34,5,6,0
4,34,5,7,0
4,34,5,8,0
4,34,5,9,0
4,34,5,10,0
4,34,5,11,0
4,34,5,12,0
4,34,5,13,0
4,34,5,14,0
4,34,5,15,0
4,34,5,16,0
4,34,5,17,0
4,34,5,18,0
4,34,5,19,0
4,34,5,20,0
4,34,5,21,0
4,34,5,22,0
4,34,5,23,0
4,34,5,24,0
4,34,5,25,0
4,34,5,26,0
4,34,5,27,0
4,34,5,28,0
4,34,5,29,0
4,34,5,30,0
4,34,5,31,0
4,34,5,32,0
4,34,5,33,0
4,34,5,34,0
4,34,5,35,0
4,34,5,36,0
4,34,5,37,0
4,34,5,38,0
4,34,5,39,0
4,34,5,40,0
4,34,5,41,0
4,34,5,42,0
4,34,5,43,0
4,34,5,44,0
4,34,5,45,0
4,34,5,46,0
4,34,5,47,0
4,34,5,48,0
4,34,5,49,0
4,34,5,50,0
4,34,5,51,0
4,34,5,52,0
4,34,5,53,0
4,34,5,54,0
4,34,5,55,0
4,34,5,56,0
4,34,5,57,0
4,34,5,58,0
4,34,5,59,0
4,34,5,60,0
4,34,5,61,0
4,34,5,62,0
4,34,5,63,0
4,34,5,64,0
4,34,5,65,0
4,34,5,66,0
4,34,5,67,0
4,34,5,68,0
4,34,5,69,0
4,34,5,70,0
4,34,5,71,0
4,34,5,72,0
4,34,5,73,0
4,34,5,74,0
4,34,5,75,0
4,34,5,76,0
4,34,5,77,0
4,34,5,78,0
4,34,5,79,0
4,34,5,80,0
4,34,5,81,0
4,34,5,82,0
4,34,5,83,0
4,34,5,84,0
4,34,5,85,0
4,34,5,86,0
4,34,5,87,0
4,34,5,88,0
4,34,5,89,0
4,34,5,90,0
4,34,5,91,0
4,34,5,92,0
4,34,5,93,0
4,34,5,94,0
4,34,5,95,0
4,34,5,96,0
4,34,5,97,0
4,34,5,98,0
4,34,5,99,0
4,34,5,100,0
4,34,5,101,0
4,34,5,102,0
4,34,5,103,0
4,34,5,104,0
4,34,5,105,0
4,34,5,106,0
4,34,5,107,0
4,34,5,108,0
4,34,5,109,0
4,34,5,110,0
4,34,5,111,0
4,34,5,112,0
4,34,5,113,0
4,34,5,114,0
4,34,5,115,0
4,34,5,116,0
4,34,5,117,0
4,34,5,118,0
4,34,5,119,0
4,34,5,120,0
4,34,5,121,0
4,34,5,122,0
4,34,5,123,0
4,34,5,124,0
4,34,5,125,0
4,34,5,126,0
4,34,5,127,0
4,34,5,128,0
4,34,5,129,0
4,34,5,130,0
4,34,5,131,0
4,34,5,132,0
4,34,5,133,0
4,34,5,134,0
4,34,5,135,0
4,34,5,136,0
4,34,5,137,0
4,34,5,138,0
4,34,5,139,0
4,34,5,140,0
4,34,5,141,0
4,34,5,142,0
4,34,5,143,0
4,34,5,144,0
4,34,5,145,0
4,34,5,146,0
4,34,5,147,0
4,34,5,148,0
4,34,5,149,0
4,34,5,150,0
4,34,5,151,0
4,34,5,152,0
4,34,5,153,0
4,34,5,154,0
4,34,5,155,0
4,34,5,156,0
4,34,5,157,0
4,34,5,158,0
4,34,5,159,0
4,34,5,160,0
4,34,5,161,0
4,34,5,162,0
4,34,5,163,0
4,34,5,164,0
4,34,5,165,0
4,34,5,166,0
4,34,5,167,0
4,34,5,168,0
4,34,5,169,0
4,34,5,170,0
4,34,5,171,0
4,34,5,172,0
4,34,5,173,0
4,34,5,174,0
4,34,5,175,0
4,34,5,176,0
4,34,5,177,0
4,34,5,178,0
4,34,5,179,0
4,34,5,180,0
4,34,5,181,0
4,34,5,182,0
4,34,5,183,0
4,34,5,184,0
4,34,5,185,0
4,34,5,186,0
4,34,5,187,0
4,34,5,188,0
4,34,5,189,0
4,34,5,190,0
4,34,5,191,0
4,34,5,192,0
4,34,5,193,0
4,34,5,194,0
4,34,5,195,0
4,34,5,196,0
4,34,5,197,0
4,34,5,198,0
4,34,5,199,0
4,34,5,200,0
4,34,5,201,0
4,34,5,202,0
4,34,5,203,0
4,34,5,204,0
4,34,5,205,0
4,34,5,206,0
4,34,5,207,0
4,34,5,208,0
4,34,5,209,0
4,34,5,210,0
4,34,5,211,0
4,34,5,212,0
4,34,5,213,0
4,34,5,214,0
4,34,5,215,0
4,34,5,216,0
4,34,5,217,0
4,34,5,218,0
4,34,5,219,0
4,34,5,220,0
4,34,5,221,0
4,34,5,222,0
4,34,5,223,0
4,34,5,224,0
4,34,5,225,0
4,34,5,226,0
4,34,5,227,0
4,34,5,228,0
4,34,5,229,0
4,34,5,230,0
4,34,5,231,0
4,34,5,232,0
4,34,5,233,0
4,34,5,234,0
4,34,6,0,5277982542
4,34,6,1,2187704238
4,34,6,2,363401480
4,34,6,3,27692192
4,34,6,4,1646708
4,34,6,5,109746
4,34,6,6,2544
4,34,6,7,162
4,34,6,8,0
4,34,6,9,0
4,34,6,10,0
4,34,6,11,0
4,34,6,12,0
4,34,6,13,0
4,34,6,14,0
4,34,6,15,0
4,34,6,16,0
4,34,6,17,0
4,34,6,18,0
4,34,6,19,0
4,34,6,20,0
4,34,6,21,0
4,34,6,22,0
4,34,6,23,0
4,34,6,24,0
4,34,6,25,0
4,34,6,26,0
4,34,6,27,0
4,34,6,28,0
4,34,6,29,0
4,34,6,30,0
4,34,6,31,0
4,34,6,32,0
4,34,6,33,0
4,34,6,34,0
4,34,6,35,0
4,34,6,36,0
4,34,6,37,0
4,34,6,38,0
4,34,6,39,0
4,34,6,40,0
4,34,6,41,0
4,34,6,42,0
4,34,6,43,0
4,34,6,44,0
4,34,6,45,0
4,34,6,46,0
4,34,6,47,0
4,34,6,48,0
4,34,6,49,0
4,34,6,50,0
4,34,6,51,0
4,34,6,52,0
4,34,6,53,0
4,34,6,54,0
4,34,6,55,0
4,34,6,56,0
4,34,6,57,0
4,34,6,58,0
4,34,6,59,0
4,34,6,60,0
4,34,6,61,0
4,34,6,62,0
4,34,6,63,0
4,34,6,64,0
4,34,6,65,0
4,34,6,66,0
4,34,6,67,0
4,34,6,68,0
4,34,6,69,0
4,34,6,70,0
4,34,6,71,0
4,34,6,72,0
4,34,6,73,0
4,34,6,74,0
4,34,6,75,0
4,34,6,76,0
4,34,6,77,0
4,34,6,78,0
4,34,6,79,0
4,34,6,80,0
4,34,6,81,0
4,34,6,82,0
4,34,6,83,0
4,34,6,84,0
4,34,6,85,0
4,34,6,86,0
4,34,6,87,0
4,34,6,88,0
4,34,6,89,0
4,34,6,90,0
4,34,6,91,0
4,34,6,92,0
4,34,6,93,0
4,34,6,94,0
4,34,6,95,0
4,34,6,96,0
4,34,6,97,0
4,34,6,98,0
4,34,6,99,0
4,34,6,100,0
4,34,6,101,0
4,34,6,102,0
4,34,6,103,0
4,34,6,104,0
4,34,6,105,0
4,34,6,106,0
4,34,6,107,0
4,34,6,108,0
4,34,6,109,0
4,34,6,110,0
4,34,6,111,0
4,34,6,112,0
4,34,6,113,0
4,34,6,114,0
4,34,6,115,0
4,34,6,116,0
4,34,6,117,0
4,34,6,118,0
4,34,6,119,0
4,34,6,120,0
4,34,6,121,0
4,34,6,122,0
4,34,6,123,0
4,34,6,124,0
4,34,6,125,0
4,34,6,126,0
4,34,6,127,0
4,34,6,128,0
4,34,6,129,0
4,34,6,130,0
4,34,6,131,0
4,34,6,132,0
4,34,6,133,0
4,34,6,134,0
4,34,6,135,0
4,34,6,136,0
4,34,6,137,0
4,34,6,138,0
4,34,6,139,0
4,34,6,140,0
4,34,6,141,0
4,34,6,142,0
4,34,6,143,0
4,34,6,144,0
4,34,6,145,0
4,34,6,146,0
4,34,6,147,0
4,34,6,148,0
4,34,6,149,0
4,34,6,150,0
4,34,6,151,0
4,34,6,152,0
4,34,6,153,0
4,34,6,154,0
4,34,6,155,0
4,34,6,156,0
4,34,6,157,0
4,34,6,158,0
4,34,6,159,0
4,34,6,160,0
4,34,6,161,0
4,34,6,162,0
4,34,6,163,0
4,34,6,164,0
4,34,6,165,0
4,34,6,166,0
4,34,6,167,0
4,34,6,168,0
4,34,6,169,0
4,34,6,170,0
4,34,6,171,0
4,34,6,172,0
4,34,6,173,0
4,34,6,174,0
4,34,6,175,0
4,34,6,176,0
4,34,6,177,0
4,34,6,178,0
4,34,6,179,0
4,34,6,180,0
4,34,6,181,0
4,34,6,182,0
4,34,6,183,0
4,34,6,184,0
4,34,6,185,0
4,34,6,186,0
4,34,6,187,0
4,34,6,188,0
4,34,6,189,0
4,34,6,190,0
4,34,6,191,0
4,34,6,192,0
4,34,6,193,0
4,34,6,194,0
4,34,6,195,0
4,34,6,196,0
4,34,6,197,0
4,34,6,198,0
4,34,6,199,0
4,34,6,200,0
4,34,6,201,0
4,34,6,202,0
4,34,6,203,0
4,34,6,204,0
4,34,6,205,0
4,34,6,206,0
4,34,6,207,0
4,34,6,208,0
4,34,6,209,0
4,34,6,210,0
4,34,6,211,0
4,34,6,212,0
4,34,6,213,0
4,34,6,214,0
4,34,6,215,0
4,34,6,216,0
4,34,6,217,0
4,34,6,218,0
4,34,6,219,0
4,34,6,220,0
4,34,6,221,0
4,34,6,222,0
4,34,6,223,0
4,34,6,224,0
4,34,6,225,0
4,34,6,226,0
4,34,6,227,0
4,34,6,228,0
4,34,6,229,0
4,34,6,230,0
4,34,6,231,0
4,34,6,232,0
4,34,6,233,0
4,34,6,234,0
4,34,7,0,83269308260
4,34,7,1,48991165436
4,34,7,2,12062207100
4,34,7,3,1489863600
4,34,7,4,121432000
4,34,7,5,9784156
4,34,7,6,517228
4,34,7,7,27900
4,34,7,8,1400
4,34,7,9,0
4,34,7,10,0
4,34,7,11,0
4,34,7,12,0
4,34,7,13,0
4,34,7,14,0
4,34,7,15,0
4,34,7,16,0
4,34,7,17,0
4,34,7,18,0
4,34,7,19,0
4,34,7,20,0
4,34,7,21,0
4,34,7,22,0
4,34,7,23,0
4,34,7,24,0
4,34,7,25,0
4,34,7,26,0
4,34,7,27,0
4,34,7,28,0
4,34,7,29,0
4,34,7,30,0
4,34,7,31,0
4,34,7,32,0
4,34,7,33,0
4,34,7,34,0
4,34,7,35,0
4,34,7,36,0
4,34,7,37,0
4,34,7,38,0
4,34,7,39,0
4,34,7,40,0
4,34,7,41,0
4,34,7,42,0
4,34,7,43,0
4,34,7,44,0
4,34,7,45,0
4,34,7,46,0
4,34,7,47,0
4,34,7,48,0
4,34,7,49,0
4,34,7,50,0
4,34,7,51,0
4,34,7,52,0
4,34,7,53,0
4,34,7,54,0
4,34,7,55,0
4,34,7,56,0
4,34,7,57,0
4,34,7,58,0
4,34,7,59,0
4,34,7,60,0
4,34,7,61,0
4,34,7,62,0
4,34,7,63,0
4,34,7,64,0
4,34,7,65,0
4,34,7,66,0
4,34,7,67,0
4,34,7,68,0
4,34,7,69,0
4,34,7,70,0
4,34,7,71,0
4,34,7,72,0
4,34,7,73,0
4,34,7,74,0
4,34,7,75,0
4,34,7,76,0
4,34,7,77,0
4,34,7,78,0
4,34,7,79,0
4,34,7,80,0
4,34,7,81,0
4,34,7,82,0
4,34,7,83,0
4,34,7,84,0
4,34,7,85,0
4,34,7,86,0
4,34,7,87,0
4,34,7,88,0
4,34,7,89,0
4,34,7,90,0
4,34,7,91,0
4,34,7,92,0
4,34,7,93,0
4,34,7,94,0
4,34,7,95,0
4,34,7,96,0
4,34,7,97,0
4,34,7,98,0
4,34,7,99,0
4,34,7,100,0
4,34,7,101,0
4,34,7,102,0
4,34,7,103,0
4,34,7,104,0
4,34,7,105,0
4,34,7,106,0
4,34,7,107,0
4,34,7,108,0
4,34,7,109,0
4,34,7,110,0
4,34,7,111,0
4,34,7,112,0
4,34,7,113,0
4,34,7,114,0
4,34,7,115,0
4,34,7,116,0
4,34,7,117,0
4,34,7,118,0
4,34,7,119,0
4,34,7,120,0
4,34,7,121,0
4,34,7,122,0
4,34,7,123,0
4,34,7,124,0
4,34,7,125,0
4,34,7,126,0
4,34,7,127,0
4,34,7,128,0
4,34,7,129,0
4,34,7,130,0
4,34,7,131,0
4,34,7,132,0
4,34,7,133,0
4,34,7,134,0
4,34,7,135,0
4,34,7,136,0
4,34,7,137,0
4,34,7,138,0
4,34,7,139,0
4,34,7,140,0
4,34,7,141,0
4,34,7,142,0
4,34,7,143,0
4,34,7,144,0
4,34,7,145,0
4,34,7,146,0
4,34,7,147,0
4,34,7,148,0
4,34,7,149,0
4,34,7,150,0
4,34,7,151,0
4,34,7,152,0
4,34,7,153,0
4,34,7,154,0
4,34,7,155,0
4,34,7,156,0
4,34,7,157,0
4,34,7,158,0
4,34,7,159,0
4,34,7,160,0
4,34,7,161,0
4,34,7,162,0
4,34,7,163,0
4,34,7,164,0
4,34,7,165,0
4,34,7,166,0
4,34,7,167,0
4,34,7,168,0
4,34,7,169,0
4,34,7,170,0
4,34,7,171,0
4,34,7,172,0
4,34,7,173,0
4,34,7,174,0
4,34,7,175,0
4,34,7,176,0
4,34,7,177,0
4,34,7,178,0
4,34,7,179,0
4,34,7,180,0
4,34,7,181,0
4,34,7,182,0
4,34,7,183,0
4,34,7,184,0
4,34,7,185,0
4,34,7,186,0
4,34,7,187,0
4,34,7,188,0
4,34,7,189,0
4,34,7,190,0
4,34,7,191,0
4,34,7,192,0
4,34,7,193,0
4,34,7,194,0
4,34,7,195,0
4,34,7,196,0
4,34,7,197,0
4,34,7,198,0
4,34,7,199,0
4,34,7,200,0
4,34,7,201,0
4,34,7,202,0
4,34,7,203,0
4,34,7,204,0
4,34,7,205,0
4,34,7,206,0
4,34,7,207,0
4,34,7,208,0
4,34,7,209,0
4,34,7,210,0
4,34,7,211,0
4,34,7,212,0
4,34,7,213,0
4,34,7,214,0
4,34,7,215,0
4,34,7,216,0
4,34,7,217,0
4,34,7,218,0
4,34,7,219,0
4,34,7,220,0
4,34,7,221,0
4,34,7,222,0
4,34,7,223,0
4,34,7,224,0
4,34,7,225,0
4,34,7,226,0
4,34,7,227,0
4,34,7,228,0
4,34,7,229,0
4,34,7,230,0
4,34,7,231,0
4,34,7,232,0
4,34,7,233,0
4,34,7,234,0
4,34,8,0,1107867910127
4,34,8,1,881142387710
4,34,8,2,302257368311
4,34,8,3,55070859036
4,34,8,4,6345509984
4,34,8,5,615610860
4,34,8,6,48904140
4,34,8,7,3164284
4,34,8,8,230497
4,34,8,9,6334
4,34,8,10,382
4,34,8,11,0
4,34,8,12,0
4,34,8,13,0
4,34,8,14,0
4,34,8,15,0
4,34,8,16,0
4,34,8,17,0
4,34,8,18,0
4,34,8,19,0
4,34,8,20,0
4,34,8,21,0
4,34,8,22,0
4,34,8,23,0
4,34,8,24,0
4,34,8,25,0
4,34,8,26,0
4,34,8,27,0
4,34,8,28,0
4,34,8,29,0
4,34,8,30,0
4,34,8,31,0
4,34,8,32,0
4,34,8,33,0
4,34,8,34,0
4,34,8,35,0
4,34,8,36,0
4,34,8,37,0
4,34,8,38,0
4,34,8,39,0
4,34,8,40,0
4,34,8,41,0
4,34,8,42,0
4,34,8,43,0
4,34,8,44,0
4,34,8,45,0
4,34,8,46,0
4,34,8,47,0
4,34,8,48,0
4,34,8,49,0
4,34,8,50,0
4,34,8,51,0
4,34,8,52,0
4,34,8,53,0
4,34,8,54,0
4,34,8,55,0
4,34,8,56,0
4,34,8,57,0
4,34,8,58,0
4,34,8,59,0
4,34,8,60,0
4,34,8,61,0
4,34,8,62,0
4,34,8,63,0
4,34,8,64,0
4,34,8,65,0
4,34,8,66,0
4,34,8,67,0
4,34,8,68,0
4,34,8,69,0
4,34,8,70,0
4,34,8,71,0
4,34,8,72,0
4,34,8,73,0
4,34,8,74,0
4,34,8,75,0
4,34,8,76,0
4,34,8,77,0
4,34,8,78,0
4,34,8,79,0
4,34,8,80,0
4,34,8,81,0
4,34,8,82,0
4,34,8,83,0
4,34,8,84,0
4,34,8,85,0
4,34,8,86,0
4,34,8,87,0
4,34,8,88,0
4,34,8,89,0
4,34,8,90,0
4,34,8,91,0
4,34,8,92,0
4,34,8,93,0
4,34,8,94,0
4,34,8,95,0
4,34,8,96,0
4,34,8,97,0
4,34,8,98,0
4,34,8,99,0
4,34,8,100,0
4,34,8,101,0
4,34,8,102,0
4,34,8,103,0
4,34,8,104,0
4,34,8,105,0
4,34,8,106,0
4,34,8,107,0
4,34,8,108,0
4,34,8,109,0
4,34,8,110,0
4,34,8,111,0
4,34,8,112,0
4,34,8,113,0
4,34,8,114,0
4,34,8,115,0
4,34,8,116,0
4,34,8,117,0
4,34,8,118,0
4,34,8,119,0
4,34,8,120,0
4,34,8,121,0
4,34,8,122,0
4,34,8,123,0
4,34,8,124,0
4,34,8,125,0
4,34,8,126,0
4,34,8,127,0
4,34,8,128,0
4,34,8,129,0
4,34,8,130,0
4,34,8,131,0
4,34,8,132,0
4,34,8,133,0
4,34,8,134,0
4,34,8,135,0
4,34,8,136,0
4,34,8,137,0
4,34,8,138,0
4,34,8,139,0
4,34,8,140,0
4,34,8,141,0
4,34,8,142,0
4,34,8,143,0
4,34,8,144,0
4,34,8,145,0
4,34,8,146,0
4,34,8,147,0
4,34,8,148,0
4,34,8,149,0
4,34,8,150,0
4,34,8,151,0
4,34,8,152,0
4,34,8,153,0
4,34,8,154,0
4,34,8,155,0
4,34,8,156,0
4,34,8,157,0
4,34,8,158,0
4,34,8,159,0
4,34,8,160,0
4,34,8,161,0
4,34,8,162,0
4,34,8,163,0
4,34,8,164,0
4,34,8,165,0
4,34,8,166,0
4,34,8,167,0
4,34,8,168,0
4,34,8,169,0
4,34,8,170,0
4,34,8,171,0
4,34,8,172,0
4,34,8,173,0
4,34,8,174,0
4,34,8,175,0
4,34,8,176,0
4,34,8,177,0
4,34,8,178,0
4,34,8,179,0
4,34,8,180,0
4,34,8,181,0
4,34,8,182,0
4,34,8,183,0
4,34,8,184,0
4,34,8,185,0
4,34,8,186,0
4,34,8,187,0
4,34,8,188,0
4,34,8,189,0
4,34,8,190,0
4,34,8,191,0
4,34,8,192,0
4,34,8,193,0
4,34,8,194,0
4,34,8,195,0
4,34,8,196,0
4,34,8,197,0
4,34,8,198,0
4,34,8,199,0
4,34,8,200,0
4,34,8,201,0
4,34,8,202,0
4,34,8,203,0
4,34,8,204,0
4,34,8,205,0
4,34,8,206,0
4,34,8,207,0
4,34,8,208,0
4,34,8,209,0
4,34,8,210,0
4,34,8,211,0
4,34,8,212,0
4,34,8,213,0
4,34,8,214,0
4,34,8,215,0
4,34,8,216,0
4,34,8,217,0
4,34,8,218,0
4,34,8,219,0
4,34,8,220,0
4,34,8,221,0
4,34,8,222,0
4,34,8,223,0
4,34,8,224,0
4,34,8,225,0
4,34,8,226,0
4,34,8,227,0
4,34,8,228,0
4,34,8,229,0
4,34,8,230,0
4,34,8,231,0
4,34,8,232,0
4,34,8,233,0
4,34,8,234,0
4,34,9,0,12619137929164
4,34,9,1,13083291394120
4,34,9,2,5982189196028
4,34,9,3,1511461973652
4,34,9,4,241166709536
4,34,9,5,29355524048
4,34,9,6,3015677244
4,34,9,7,253599996
4,34,9,8,21105676
4,34,9,9,1242992
4,34,9,10,67792
4,34,9,11,3368
4,34,9,12,64
4,34,9,13,0
4,34,9,14,0
4,34,9,15,0
4,34,9,16,0
4,34,9,17,0
4,34,9,18,0
4,34,9,19,0
4,34,9,20,0
4,34,9,21,0
4,34,9,22,0
4,34,9,23,0
4,34,9,24,0
4,34,9,25,0
4,34,9,26,0
4,34,9,27,0
4,34,9,28,0
4,34,9,29,0
4,34,9,30,0
4,34,9,31,0
4,34,9,32,0
4,34,9,33,0
4,34,9,34,0
4,34,9,35,0
4,34,9,36,0
4,34,9,37,0
4,34,9,38,0
4,34,9,39,0
4,34,9,40,0
4,34,9,41,0
4,34,9,42,0
4,34,9,43,0
4,34,9,44,0
4,34,9,45,0
4,34,9,46,0
4,34,9,47,0
4,34,9,48,0
4,34,9,49,0
4,34,9,50,0
4,34,9,51,0
4,34,9,52,0
4,34,9,53,0
4,34,9,54,0
4,34,9,55,0
4,34,9,56,0
4,34,9,57,0
4,34,9,58,0
4,34,9,59,0
4,34,9,60,0
4,34,9,61,0
4,34,9,62,0
4,34,9,63,0
4,34,9,64,0
4,34,9,65,0
4,34,9,66,0
4,34,9,67,0
4,34,9,68,0
4,34,9,69,0
4,34,9,70,0
4,34,9,71,0
4,34,9,72,0
4,34,9,73,0
4,34,9,74,0
4,34,9,75,0
4,34,9,76,0
4,34,9,77,0
4,34,9,78,0
4,34,9,79,0
4,34,9,80,0
4,34,9,81,0
4,34,9,82,0
4,34,9,83,0
4,34,9,84,0
4,34,9,85,0
4,34,9,86,0
4,34,9,87,0
4,34,9,88,0
4,34,9,89,0
4,34,9,90,0
4,34,9,91,0
4,34,9,92,0
4,34,9,93,0
4,34,9,94,0
4,34,9,95,0
4,34,9,96,0
4,34,9,97,0
4,34,9,98,0
4,34,9,99,0
4,34,9,100,0
4,34,9,101,0
4,34,9,102,0
4,34,9,103,0
4,34,9,104,0
4,34,9,105,0
4,34,9,106,0
4,34,9,107,0
4,34,9,108,0
4,34,9,109,0
4,34,9,110,0
4,34,9,111,0
4,34,9,112,0
4,34,9,113,0
4,34,9,114,0
4,34,9,115,0
4,34,9,116,0
4,34,9,117,0
4,34,9,118,0
4,34,9,119,0
4,34,9,120,0
4,34,9,121,0
4,34,9,122,0
4,34,9,123,0
4,34,9,124,0
4,34,9,125,0
4,34,9,126,0
4,34,9,127,0
4,34,9,128,0
4,34,9,129,0
4,34,9,130,0
4,34,9,131,0
4,34,9,132,0
4,34,9,133,0
4,34,9,134,0
4,34,9,135,0
4,34,9,136,0
4,34,9,137,0
4,34,9,138,0
4,34,9,139,0
4,34,9,140,0
4,34,9,141,0
4,34,9,142,0
4,34,9,143,0
4,34,9,144,0
4,34,9,145,0
4,34,9,146,0
4,34,9,147,0
4,34,9,148,0
4,34,9,149,0
4,34,9,150,0
4,34,9,151,0
4,34,9,152,0
4,34,9,153,0
4,34,9,154,0
4,34,9,155,0
4,34,9,156,0
4,34,9,157,0
4,34,9,158,0
4,34,9,159,0
4,34,9,160,0
4,34,9,161,0
4,34,9,162,0
4,34,9,163,0
4,34,9,164,0
4,34,9,165,0
4,34,9,166,0
4,34,9,167,0
4,34,9,168,0
4,34,9,169,0
4,34,9,170,0
4,34,9,171,0
4,34,9,172,0
4,34,9,173,0
4,34,9,174,0
4,34,9,175,0
4,34,9,176,0
4,34,9,177,0
4,34,9,178,0
4,34,9,179,0
4,34,9,180,0
4,34,9,181,0
4,34,9,182,0
4,34,9,183,0
4,34,9,184,0
4,34,9,185,0
4,34,9,186,0
4,34,9,187,0
4,34,9,188,0
4,34,9,189,0
4,34,9,190,0
4,34,9,191,0
4,34,9,192,0
4,34,9,193,0
4,34,9,194,0
4,34,9,195,0
4,34,9,196,0
4,34,9,197,0
4,34,9,198,0
4,34,9,199,0
4,34,9,200,0
4,34,9,201,0
4,34,9,202,0
4,34,9,203,0
4,34,9,204,0
4,34,9,205,0
4,34,9,206,0
4,34,9,207,0
4,34,9,208,0
4,34,9,209,0
4,34,9,210,0
4,34,9,211,0
4,34,9,212,0
4,34,9,213,0
4,34,9,214,0
4,34,9,215,0
4,34,9,216,0
4,34,9,217,0
4,34,9,218,0
4,34,9,219,0
4,34,9,220,0
4,34,9,221,0
4,34,9,222,0
4,34,9,223,0
4,34,9,224,0
4,34,9,225,0
4,34,9,226,0
4,34,9,227,0
4,34,9,228,0
4,34,9,229,0
4,34,9,230,0
4,34,9,231,0
4,34,9,232,0
4,34,9,233,0
4,34,9,234,0
4,34,10,0,124512450054494
4,34,10,1,163601879241092
4,34,10,2,96449116829716
4,34,10,3,32344063534220
4,34,10,4,6927098935490
4,34,10,5,1079279567902
4,34,10,6,137560824492
4,34,10,7,14669813104
4,34,10,8,1414239934
4,34,10,9,117595360
4,34,10,10,7960928
4,34,10,11,559524
4,34,10,12,23074
4,34,10,13,1406
4,34,10,14,0
4,34,10,15,0
4,34,10,16,0
4,34,10,17,0
4,34,10,18,0
4,34,10,19,0
4,34,10,20,0
4,34,10,21,0
4,34,10,22,0
4,34,10,23,0
4,34,10,24,0
4,34,10,25,0
4,34,10,26,0
4,34,10,27,0
4,34,10,28,0
4,34,10,29,0
4,34,10,30,0
4,34,10,31,0
4,34,10,32,0
4,34,10,33,0
4,34,10,34,0
4,34,10,35,0
4,34,10,36,0
4,34,10,37,0
4,34,10,38,0
4,34,10,39,0
4,34,10,40,0
4,34,10,41,0
4,34,10,42,0
4,34,10,43,0
4,34,10,44,0
4,34,10,45,0
4,34,10,46,0
4,34,10,47,0
4,34,10,48,0
4,34,10,49,0
4,34,10,50,0
4,34,10,51,0
4,34,10,52,0
4,34,10,53,0
4,34,10,54,0
4,34,10,55,0
4,34,10,56,0
4,34,10,57,0
4,34,10,58,0
4,34,10,59,0
4,34,10,60,0
4,34,10,61,0
4,34,10,62,0
4,34,10,63,0
4,34,10,64,0
4,34,10,65,0
4,34,10,66,0
4,34,10,67,0
4,34,10,68,0
4,34,10,69,0
4,34,10,70,0
4,34,10,71,0
4,34,10,72,0
4,34,10,73,0
4,34,10,74,0
4,34,10,75,0
4,34,10,76,0
4,34,10,77,0
4,34,10,78,0
4,34,10,79,0
4,34,10,80,0
4,34,10,81,0
4,34,10,82,0
4,34,10,83,0
4,34,10,84,0
4,34,10,85,0
4,34,10,86,0
4,34,10,87,0
4,34,10,88,0
4,34,10,89,0
4,34,10,90,0
4,34,10,91,0
4,34,10,92,0
4,34,10,93,0
4,34,10,94,0
4,34,10,95,0
4,34,10,96,0
4,34,10,97,0
4,34,10,98,0
4,34,10,99,0
4,34,10,100,0
4,34,10,101,0
4,34,10,102,0
4,34,10,103,0
4,34,10,104,0
4,34,10,105,0
4,34,10,106,0
4,34,10,107,0
4,34,10,108,0
4,34,10,109,0
4,34,10,110,0
4,34,10,111,0
4,34,10,112,0
4,34,10,113,0
4,34,10,114,0
4,34,10,115,0
4,34,10,116,0
4,34,10,117,0
4,34,10,118,0
4,34,10,119,0
4,34,10,120,0
4,34,10,121,0
4,34,10,122,0
4,34,10,123,0
4,34,10,124,0
4,34,10,125,0
4,34,10,126,0
4,34,10,127,0
4,34,10,128,0
4,34,10,129,0
4,34,10,130,0
4,34,10,131,0
4,34,10,132,0
4,34,10,133,0
4,34,10,134,0
4,34,10,135,0
4,34,10,136,0
4,34,10,137,0
4,34,10,138,0
4,34,10,139,0
4,34,10,140,0
4,34,10,141,0
4,34,10,142,0
4,34,10,143,0
4,34,10,144,0
4,34,10,145,0
4,34,10,146,0
4,34,10,147,0
4,34,10,148,0
4,34,10,149,0
4,34,10,150,0
4,34,10,151,0
4,34,10,152,0
4,34,10,153,0
4,34,10,154,0
4,34,10,155,0
4,34,10,156,0
4,34,10,157,0
4,34,10,158,0
4,34,10,159,0
4,34,10,160,0
4,34,10,161,0
4,34,10,162,0
4,34,10,163,0
4,34,10,164,0
4,34,10,165,0
4,34,10,166,0
4,34,10,167,0
4,34,10,168,0
4,34,10,169,0
4,34,10,170,0
4,34,10,171,0
4,34,10,172,0
4,34,10,173,0
4,34,10,174,0
4,34,10,175,0
4,34,10,176,0
4,34,10,177,0
4,34,10,178,0
4,34,10,179,0
4,34,10,180,0
4,34,10,181,0
4,34,10,182,0
4,34,10,183,0
4,34,10,184,0
4,34,10,185,0
4,34,10,186,0
4,34,10,187,0
4,34,10,188,0
4,34,10,189,0
4,34,10,190,0
4,34,10,191,0
4,34,10,192,0
4,34,10,193,0
4,34,10,194,0
4,34,10,195,0
4,34,10,196,0
4,34,10,197,0
4,34,10,198,0
4,34,10,199,0
4,34,10,200,0
4,34,10,201,0
4,34,10,202,0
4,34,10,203,0
4,34,10,204,0
4,34,10,205,0
4,34,10,206,0
4,34,10,207,0
4,34,10,208,0
4,34,10,209,0
4,34,10,210,0
4,34,10,211,0
4,34,10,212,0
4,34,10,213,0
4,34,10,214,0
4,34,10,215,0
4,34,10,216,0
4,34,10,217,0
4,34,10,218,0
4,34,10,219,0
4,34,10,220,0
4,34,10,221,0
4,34,10,222,0
4,34,10,223,0
4,34,10,224,0
4,34,10,225,0
4,34,10,226,0
4,34,10,227,0
4,34,10,228,0
4,34,10,229,0
4,34,10,230,0
4,34,10,231,0
4,34,10,232,0
4,34,10,233,0
4,34,10,234,0
4,34,11,0,1074247278271692
4,34,11,1,1749025797490504
4,34,11,2,1295378212866872
4,34,11,3,557970523461684
4,34,11,4,155702231781032
4,34,11,5,31026954731032
4,34,11,6,4882461509152
4,34,11,7,641636730364
4,34,11,8,73502497600
4,34,11,9,7514654216
4,34,11,10,652436280
4,34,11,11,53148944
4,34,11,12,3519764
4,34,11,13,233696
4,34,11,14,9768
4,34,11,15,376
4,34,11,16,0
4,34,11,17,0
4,34,11,18,0
4,34,11,19,0
4,34,11,20,0
4,34,11,21,0
4,34,11,22,0
4,34,11,23,0
4,34,11,24,0
4,34,11,25,0
4,34,11,26,0
4,34,11,27,0
4,34,11,28,0
4,34,11,29,0
4,34,11,30,0
4,34,11,31,0
4,34,11,32,0
4,34,11,33,0
4,34,11,34,0
4,34,11,35,0
4,34,11,36,0
4,34,11,37,0
4,34,11,38,0
4,34,11,39,0
4,34,11,40,0
4,34,11,41,0
4,34,11,42,0
4,34,11,43,0
4,34,11,44,0
4,34,11,45,0
4,34,11,46,0
4,34,11,47,0
4,34,11,48,0
4,34,11,49,0
4,34,11,50,0
4,34,11,51,0
4,34,11,52,0
4,34,11,53,0
4,34,11,54,0
4,34,11,55,0
4,34,11,56,0
4,34,11,57,0
4,34,11,58,0
4,34,11,59,0
4,34,11,60,0
4,34,11,61,0
4,34,11,62,0
4,34,11,63,0
4,34,11,64,0
4,34,11,65,0
4,34,11,66,0
4,34,11,67,0
4,34,11,68,0
4,34,11,69,0
4,34,11,70,0
4,34,11,71,0
4,34,11,72,0
4,34,11,73,0
4,34,11,74,0
4,34,11,75,0
4,34,11,76,0
4,34,11,77,0
4,34,11,78,0
4,34,11,79,0
4,34,11,80,0
4,34,11,81,0
4,34,11,82,0
4,34,11,83,0
4,34,11,84,0
4,34,11,85,0
4,34,11,86,0
4,34,11,87,0
4,34,11,88,0
4,34,11,89,0
4,34,11,90,0
4,34,11,91,0
4,34,11,92,0
4,34,11,93,0
4,34,11,94,0
4,34,11,95,0
4,34,11,96,0
4,34,11,97,0
4,34,11,98,0
4,34,11,99,0
4,34,11,100,0
4,34,11,101,0
4,34,11,102,0
4,34,11,103,0
4,34,11,104,0
4,34,11,105,0
4,34,11,106,0
4,34,11,107,0
4,34,11,108,0
4,34,11,109,0
4,34,11,110,0
4,34,11,111,0
4,34,11,112,0
4,34,11,113,0
4,34,11,114,0
4,34,11,115,0
4,34,11,116,0
4,34,11,117,0
4,34,11,118,0
4,34,11,119,0
4,34,11,120,0
4,34,11,121,0
4,34,11,122,0
4,34,11,123,0
4,34,11,124,0
4,34,11,125,0
4,34,11,126,0
4,34,11,127,0
4,34,11,128,0
4,34,11,129,0
4,34,11,130,0
4,34,11,131,0
4,34,11,132,0
4,34,11,133,0
4,34,11,134,0
4,34,11,135,0
4,34,11,136,0
4,34,11,137,0
4,34,11,138,0
4,34,11,139,0
4,34,11,140,0
4,34,11,141,0
4,34,11,142,0
4,34,11,143,0
4,34,11,144,0
4,34,11,145,0
4,34,11,146,0
4,34,11,147,0
4,34,11,148,0
4,34,11,149,0
4,34,11,150,0
4,34,11,151,0
4,34,11,152,0
4,34,11,153,0
4,34,11,154,0
4,34,11,155,0
4,34,11,156,0
4,34,11,157,0
4,34,11,158,0
4,34,11,159,0
4,34,11,160,0
4,34,11,161,0
4,34,11,162,0
4,34,11,163,0
4,34,11,164,0
4,34,11,165,0
4,34,11,166,0
4,34,11,167,0
4,34,11,168,0
4,34,11,169,0
4,34,11,170,0
4,34,11,171,0
4,34,11,172,0
4,34,11,173,0
4,34,11,174,0
4,34,11,175,0
4,34,11,176,0
4,34,11,177,0
4,34,11,178,0
4,34,11,179,0
4,34,11,180,0
4,34,11,181,0
4,34,11,182,0
4,34,11,183,0
4,34,11,184,0
4,34,11,185,0
4,34,11,186,0
4,34,11,187,0
4,34,11,188,0
4,34,11,189,0
4,34,11,190,0
4,34,11,191,0
4,34,11,192,0
4,34,11,193,0
4,34,11,194,0
4,34,11,195,0
4,34,11,196,0
4,34,11,197,0
4,34,11,198,0
4,34,11,199,0
4,34,11,200,0
4,34,11,201,0
4,34,11,202,0
4,34,11,203,0
4,34,11,204,0
4,34,11,205,0
4,34,11,206,0
4,34,11,207,0
4,34,11,208,0
4,34,11,209,0
4,34,11,210,0
4,34,11,211,0
4,34,11,212,0
4,34,11,213,0
4,34,11,214,0
4,34,11,215,0
4,34,11,216,0
4,34,11,217,0
4,34,11,218,0
4,34,11,219,0
4,34,11,220,0
4,34,11,221,0
4,34,11,222,0
4,34,11,223,0
4,34,11,224,0
4,34,11,225,0
4,34,11,226,0
4,34,11,227,0
4,34,11,228,0
4,34,11,229,0
4,34,11,230,0
4,34,11,231,0
4,34,11,232,0
4,34,11,233,0
4,34,11,234,0
4,34,12,0,8165919553388194
4,34,12,1,16174346134170718
4,34,12,2,14738716556853251
4,34,12,3,7949050011072920
4,34,12,4,2816927362698956
4,34,12,5,709940536965416
4,34,12,6,137941253379724
4,34,12,7,22033927158936
4,34,12,8,3016422239128
4,34,12,9,365501822814
4,34,12,10,38924394395
4,34,12,11,3716131046
4,34,12,12,316575624
4,34,12,13,24540302
4,34,12,14,1673670
4,34,12,15,86170
4,34,12,16,4642
4,34,12,17,94
4,34,12,18,0
4,34,12,19,0
4,34,12,20,0
4,34,12,21,0
4,34,12,22,0
4,34,12,23,0
4,34,12,24,0
4,34,12,25,0
4,34,12,26,0
4,34,12,27,0
4,34,12,28,0
4,34,12,29,0
4,34,12,30,0
4,34,12,31,0
4,34,12,32,0
4,34,12,33,0
4,34,12,34,0
4,34,12,35,0
4,34,12,36,0
4,34,12,37,0
4,34,12,38,0
4,34,12,39,0
4,34,12,40,0
4,34,12,41,0
4,34,12,42,0
4,34,12,43,0
4,34,12,44,0
4,34,12,45,0
4,34,12,46,0
4,34,12,47,0
4,34,12,48,0
4,34,12,49,0
4,34,12,50,0
4,34,12,51,0
4,34,12,52,0
4,34,12,53,0
4,34,12,54,0
4,34,12,55,0
4,34,12,56,0
4,34,12,57,0
4,34,12,58,0
4,34,12,59,0
4,34,12,60,0
4,34,12,61,0
4,34,12,62,0
4,34,12,63,0
4,34,12,64,0
4,34,12,65,0
4,34,12,66,0
4,34,12,67,0
4,34,12,68,0
4,34,12,69,0
4,34,12,70,0
4,34,12,71,0
4,34,12,72,0
4,34,12,73,0
4,34,12,74,0
4,34,12,75,0
4,34,12,76,0
4,34,12,77,0
4,34,12,78,0
4,34,12,79,0
4,34,12,80,0
4,34,12,81,0
4,34,12,82,0
4,34,12,83,0
4,34,12,84,0
4,34,12,85,0
4,34,12,86,0
4,34,12,87,0
4,34,12,88,0
4,34,12,89,0
4,34,12,90,0
4,34,12,91,0
4,34,12,92,0
4,34,12,93,0
4,34,12,94,0
4,34,12,95,0
4,34,12,96,0
4,34,12,97,0
4,34,12,98,0
4,34,12,99,0
4,34,12,100,0
4,34,12,101,0
4,34,12,102,0
4,34,12,103,0
4,34,12,104,0
4,34,12,105,0
4,34,12,106,0
4,34,12,107,0
4,34,12,108,0
4,34,12,109,0
4,34,12,110,0
4,34,12,111,0
4,34,12,112,0
4,34,12,113,0
4,34,12,114,0
4,34,12,115,0
4,34,12,116,0
4,34,12,117,0
4,34,12,118,0
4,34,12,119,0
4,34,12,120,0
4,34,12,121,0
4,34,12,122,0
4,34,12,123,0
4,34,12,124,0
4,34,12,125,0
4,34,12,126,0
4,34,12,127,0
4,34,12,128,0
4,34,12,129,0
4,34,12,130,0
4,34,12,131,0
4,34,12,132,0
4,34,12,133,0
4,34,12,134,0
4,34,12,135,0
4,34,12,136,0
4,34,12,137,0
4,34,12,138,0
4,34,12,139,0
4,34,12,140,0
4,34,12,141,0
4,34,12,142,0
4,34,12,143,0
4,34,12,144,0
4,34,12,145,0
4,34,12,146,0
4,34,12,147,0
4,34,12,148,0
4,34,12,149,0
4,34,12,150,0
4,34,12,151,0
4,34,12,152,0
4,34,12,153,0
4,34,12,154,0
4,34,12,155,0
4,34,12,156,0
4,34,12,157,0
4,34,12,158,0
4,34,12,159,0
4,34,12,160,0
4,34,12,161,0
4,34,12,162,0
4,34,12,163,0
4,34,12,164,0
4,34,12,165,0
4,34,12,166,0
4,34,12,167,0
4,34,12,168,0
4,34,12,169,0
4,34,12,170,0
4,34,12,171,0
4,34,12,172,0
4,34,12,173,0
4,34,12,174,0
4,34,12,175,0
4,34,12,176,0
4,34,12,177,0
4,34,12,178,0
4,34,12,179,0
4,34,12,180,0
4,34,12,181,0
4,34,12,182,0
4,34,12,183,0
4,34,12,184,0
4,34,12,185,0
4,34,12,186,0
4,34,12,187,0
4,34,12,188,0
4,34,12,189,0
4,34,12,190,0
4,34,12,191,0
4,34,12,192,0
4,34,12,193,0
4,34,12,194,0
4,34,12,195,0
4,34,12,196,0
4,34,12,197,0
4,34,12,198,0
4,34,12,199,0
4,34,12,200,0
4,34,12,201,0
4,34,12,202,0
4,34,12,203,0
4,34,12,204,0
4,34,12,205,0
4,34,12,206,0
4,34,12,207,0
4,34,12,208,0
4,34,12,209,0
4,34,12,210,0
4,34,12,211,0
4,34,12,212,0
4,34,12,213,0
4,34,12,214,0
4,34,12,215,0
4,34,12,216,0
4,34,12,217,0
4,34,12,218,0
4,34,12,219,0
4,34,12,220,0
4,34,12,221,0
4,34,12,222,0
4,34,12,223,0
4,34,12,224,0
4,34,12,225,0
4,34,12,226,0
4,34,12,227,0
4,34,12,228,0
4,34,12,229,0
4,34,12,230,0
4,34,12,231,0
4,34,12,232,0
4,34,12,233,0
4,34,12,234,0
4,34,13,0,55034290287413988
4,34,13,1,130595943114668340
4,34,13,2,143930354151054820
4,34,13,3,95229835108109052
4,34,13,4,41939485466260164
4,34,13,5,13172051291446004
4,34,13,6,3148807580726676
4,34,13,7,608302166894624
4,34,13,8,99313756846952
4,34,13,9,14159934724220
4,34,13,10,1789327706688
4,34,13,11,201488778704
4,34,13,12,20437237412
4,34,13,13,1883032116
4,34,13,14,158542576
4,34,13,15,11235820
4,34,13,16,770500
4,34,13,17,37264
4,34,13,18,2080
4,34,13,19,0
4,34,13,20,0
4,34,13,21,0
4,34,13,22,0
4,34,13,23,0
4,34,13,24,0
4,34,13,25,0
4,34,13,26,0
4,34,13,27,0
4,34,13,28,0
4,34,13,29,0
4,34,13,30,0
4,34,13,31,0
4,34,13,32,0
4,34,13,33,0
4,34,13,34,0
4,34,13,35,0
4,34,13,36,0
4,34,13,37,0
4,34,13,38,0
4,34,13,39,0
4,34,13,40,0
4,34,13,41,0
4,34,13,42,0
4,34,13,43,0
4,34,13,44,0
4,34,13,45,0
4,34,13,46,0
4,34,13,47,0
4,34,13,48,0
4,34,13,49,0
4,34,13,50,0
4,34,13,51,0
4,34,13,52,0
4,34,13,53,0
4,34,13,54,0
4,34,13,55,0
4,34,13,56,0
4,34,13,57,0
4,34,13,58,0
4,34,13,59,0
4,34,13,60,0
4,34,13,61,0
4,34,13,62,0
4,34,13,63,0
4,34,13,64,0
4,34,13,65,0
4,34,13,66,0
4,34,13,67,0
4,34,13,68,0
4,34,13,69,0
4,34,13,70,0
4,34,13,71,0
4,34,13,72,0
4,34,13,73,0
4,34,13,74,0
4,34,13,75,0
4,34,13,76,0
4,34,13,77,0
4,34,13,78,0
4,34,13,79,0
4,34,13,80,0
4,34,13,81,0
4,34,13,82,0
4,34,13,83,0
4,34,13,84,0
4,34,13,85,0
4,34,13,86,0
4,34,13,87,0
4,34,13,88,0
4,34,13,89,0
4,34,13,90,0
4,34,13,91,0
4,34,13,92,0
4,34,13,93,0
4,34,13,94,0
4,34,13,95,0
4,34,13,96,0
4,34,13,97,0
4,34,13,98,0
4,34,13,99,0
4,34,13,100,0
4,34,13,101,0
4,34,13,102,0
4,34,13,103,0
4,34,13,104,0
4,34,13,105,0
4,34,13,106,0
4,34,13,107,0
4,34,13,108,0
4,34,13,109,0
4,34,13,110,0
4,34,13,111,0
4,34,13,112,0
4,34,13,113,0
4,34,13,114,0
4,34,13,115,0
4,34,13,116,0
4,34,13,117,0
4,34,13,118,0
4,34,13,119,0
4,34,13,120,0
4,34,13,121,0
4,34,13,122,0
4,34,13,123,0
4,34,13,124,0
4,34,13,125,0
4,34,13,126,0
4,34,13,127,0
4,34,13,128,0
4,34,13,129,0
4,34,13,130,0
4,34,13,131,0
4,34,13,132,0
4,34,13,133,0
4,34,13,134,0
4,34,13,135,0
4,34,13,136,0
4,34,13,137,0
4,34,13,138,0
4,34,13,139,0
4,34,13,140,0
4,34,13,141,0
4,34,13,142,0
4,34,13,143,0
4,34,13,144,0
4,34,13,145,0
4,34,13,146,0
4,34,13,147,0
4,34,13,148,0
4,34,13,149,0
4,34,13,150,0
4,34,13,151,0
4,34,13,152,0
4,34,13,153,0
4,34,13,154,0
4,34,13,155,0
4,34,13,156,0
4,34,13,157,0
4,34,13,158,0
4,34,13,159,0
4,34,13,160,0
4,34,13,161,0
4,34,13,162,0
4,34,13,163,0
4,34,13,164,0
4,34,13,165,0
4,34,13,166,0
4,34,13,167,0
4,34,13,168,0
4,34,13,169,0
4,34,13,170,0
4,34,13,171,0
4,34,13,172,0
4,34,13,173,0
4,34,13,174,0
4,34,13,175,0
4,34,13,176,0
4,34,13,177,0
4,34,13,178,0
4,34,13,179,0
4,34,13,180,0
4,34,13,181,0
4,34,13,182,0
4,34,13,183,0
4,34,13,184,0
4,34,13,185,0
4,34,13,186,0
4,34,13,187,0
4,34,13,188,0
4,34,13,189,0
4,34,13,190,0
4,34,13,191,0
4,34,13,192,0
4,34,13,193,0
4,34,13,194,0
4,34,13,195,0
4,34,13,196,0
4,34,13,197,0
4,34,13,198,0
4,34,13,199,0
4,34,13,200,0
4,34,13,201,0
4,34,13,202,0
4,34,13,203,0
4,34,13,204,0
4,34,13,205,0
4,34,13,206,0
4,34,13,207,0
4,34,13,208,0
4,34,13,209,0
4,34,13,210,0
4,34,13,211,0
4,34,13,212,0
4,34,13,213,0
4,34,13,214,0
4,34,13,215,0
4,34,13,216,0
4,34,13,217,0
4,34,13,218,0
4,34,13,219,0
4,34,13,220,0
4,34,13,221,0
4,34,13,222,0
4,34,13,223,0
4,34,13,224,0
4,34,13,225,0
4,34,13,226,0
4,34,13,227,0
4,34,13,228,0
4,34,13,229,0
4,34,13,230,0
4,34,13,231,0
4,34,13,232,0
4,34,13,233,0
4,34,13,234,0
4,34,14,0,330562157653282140
4,34,14,1,927659342658636702
4,34,14,2,1218907476953594880
4,34,14,3,972917663115339162
4,34,14,4,522914965381570792
4,34,14,5,201591978608427756
4,34,14,6,58858731046084706
4,34,14,7,13708730799199484
4,34,14,8,2662347541981238
4,34,14,9,445912911084358
4,34,14,10,65890956744662
4,34,14,11,8681245283254
4,34,14,12,1027715925888
4,34,14,13,110628208666
4,34,14,14,10908474072
4,34,14,15,960759378
4,34,14,16,77802028
4,34,14,17,5432638
4,34,14,18,367944
4,34,14,19,15578
4,34,14,20,674
4,34,14,21,0
4,34,14,22,0
4,34,14,23,0
4,34,14,24,0
4,34,14,25,0
4,34,14,26,0
4,34,14,27,0
4,34,14,28,0
4,34,14,29,0
4,34,14,30,0
4,34,14,31,0
4,34,14,32,0
4,34,14,33,0
4,34,14,34,0
4,34,14,35,0
4,34,14,36,0
4,34,14,37,0
4,34,14,38,0
4,34,14,39,0
4,34,14,40,0
4,34,14,41,0
4,34,14,42,0
4,34,14,43,0
4,34,14,44,0
4,34,14,45,0
4,34,14,46,0
4,34,14,47,0
4,34,14,48,0
4,34,14,49,0
4,34,14,50,0
4,34,14,51,0
4,34,14,52,0
4,34,14,53,0
4,34,14,54,0
4,34,14,55,0
4,34,14,56,0
4,34,14,57,0
4,34,14,58,0
4,34,14,59,0
4,34,14,60,0
4,34,14,61,0
4,34,14,62,0
4,34,14,63,0
4,34,14,64,0
4,34,14,65,0
4,34,14,66,0
4,34,14,67,0
4,34,14,68,0
4,34,14,69,0
4,34,14,70,0
4,34,14,71,0
4,34,14,72,0
4,34,14,73,0
4,34,14,74,0
4,34,14,75,0
4,34,14,76,0
4,34,14,77,0
4,34,14,78,0
4,34,14,79,0
4,34,14,80,0
4,34,14,81,0
4,34,14,82,0
4,34,14,83,0
4,34,14,84,0
4,34,14,85,0
4,34,14,86,0
4,34,14,87,0
4,34,14,88,0
4,34,14,89,0
4,34,14,90,0
4,34,14,91,0
4,34,14,92,0
4,34,14,93,0
4,34,14,94,0
4,34,14,95,0
4,34,14,96,0
4,34,14,97,0
4,34,14,98,0
4,34,14,99,0
4,34,14,100,0
4,34,14,101,0
4,34,14,102,0
4,34,14,103,0
4,34,14,104,0
4,34,14,105,0
4,34,14,106,0
4,34,14,107,0
4,34,14,108,0
4,34,14,109,0
4,34,14,110,0
4,34,14,111,0
4,34,14,112,0
4,34,14,113,0
4,34,14,114,0
4,34,14,115,0
4,34,14,116,0
4,34,14,117,0
4,34,14,118,0
4,34,14,119,0
4,34,14,120,0
4,34,14,121,0
4,34,14,122,0
4,34,14,123,0
4,34,14,124,0
4,34,14,125,0
4,34,14,126,0
4,34,14,127,0
4,34,14,128,0
4,34,14,129,0
4,34,14,130,0
4,34,14,131,0
4,34,14,132,0
4,34,14,133,0
4,34,14,134,0
4,34,14,135,0
4,34,14,136,0
4,34,14,137,0
4,34,14,138,0
4,34,14,139,0
4,34,14,140,0
4,34,14,141,0
4,34,14,142,0
4,34,14,143,0
4,34,14,144,0
4,34,14,145,0
4,34,14,146,0
4,34,14,147,0
4,34,14,148,0
4,34,14,149,0
4,34,14,150,0
4,34,14,151,0
4,34,14,152,0
4,34,14,153,0
4,34,14,154,0
4,34,14,155,0
4,34,14,156,0
4,34,14,157,0
4,34,14,158,0
4,34,14,159,0
4,34,14,160,0
4,34,14,161,0
4,34,14,162,0
4,34,14,163,0
4,34,14,164,0
4,34,14,165,0
4,34,14,166,0
4,34,14,167,0
4,34,14,168,0
4,34,14,169,0
4,34,14,170,0
4,34,14,171,0
4,34,14,172,0
4,34,14,173,0
4,34,14,174,0
4,34,14,175,0
4,34,14,176,0
4,34,14,177,0
4,34,14,178,0
4,34,14,179,0
4,34,14,180,0
4,34,14,181,0
4,34,14,182,0
4,34,14,183,0
4,34,14,184,0
4,34,14,185,0
4,34,14,186,0
4,34,14,187,0
4,34,14,188,0
4,34,14,189,0
4,34,14,190,0
4,34,14,191,0
4,34,14,192,0
4,34,14,193,0
4,34,14,194,0
4,34,14,195,0
4,34,14,196,0
4,34,14,197,0
4,34,14,198,0
4,34,14,199,0
4,34,14,200,0
4,34,14,201,0
4,34,14,202,0
4,34,14,203,0
4,34,14,204,0
4,34,14,205,0
4,34,14,206,0
4,34,14,207,0
4,34,14,208,0
4,34,14,209,0
4,34,14,210,0
4,34,14,211,0
4,34,14,212,0
4,34,14,213,0
4,34,14,214,0
4,34,14,215,0
4,34,14,216,0
4,34,14,217,0
4,34,14,218,0
4,34,14,219,0
4,34,14,220,0
4,34,14,221,0
4,34,14,222,0
4,34,14,223,0
4,34,14,224,0
4,34,14,225,0
4,34,14,226,0
4,34,14,227,0
4,34,14,228,0
4,34,14,229,0
4,34,14,230,0
4,34,14,231,0
4,34,14,232,0
4,34,14,233,0
4,34,14,234,0
4,34,15,0,1777328620630622960
4,34,15,1,5833154822519502916
4,34,15,2,9027099627741858296
4,34,15,3,8571395839583376684
4,34,15,4,5536676022113670064
4,34,15,5,2583105744818003100
4,34,15,6,912527970548290372
4,34,15,7,255147920723071168
4,34,15,8,58813475444456796
4,34,15,9,11559209008359960
4,34,15,10,1987141901686728
4,34,15,11,303711977770624
4,34,15,12,41635708614688
4,34,15,13,5172543328912
4,34,15,14,588103912888
4,34,15,15,60890260608
4,34,15,16,5775340084
4,34,15,17,493602424
4,34,15,18,39596948
4,34,15,19,2669788
4,34,15,20,152744
4,34,15,21,7864
4,34,15,22,184
4,34,15,23,0
4,34,15,24,0
4,34,15,25,0
4,34,15,26,0
4,34,15,27,0
4,34,15,28,0
4,34,15,29,0
4,34,15,30,0
4,34,15,31,0
4,34,15,32,0
4,34,15,33,0
4,34,15,34,0
4,34,15,35,0
4,34,15,36,0
4,34,15,37,0
4,34,15,38,0
4,34,15,39,0
4,34,15,40,0
4,34,15,41,0
4,34,15,42,0
4,34,15,43,0
4,34,15,44,0
4,34,15,45,0
4,34,15,46,0
4,34,15,47,0
4,34,15,48,0
4,34,15,49,0
4,34,15,50,0
4,34,15,51,0
4,34,15,52,0
4,34,15,53,0
4,34,15,54,0
4,34,15,55,0
4,34,15,56,0
4,34,15,57,0
4,34,15,58,0
4,34,15,59,0
4,34,15,60,0
4,34,15,61,0
4,34,15,62,0
4,34,15,63,0
4,34,15,64,0
4,34,15,65,0
4,34,15,66,0
4,34,15,67,0
4,34,15,68,0
4,34,15,69,0
4,34,15,70,0
4,34,15,71,0
4,34,15,72,0
4,34,15,73,0
4,34,15,74,0
4,34,15,75,0
4,34,15,76,0
4,34,15,77,0
4,34,15,78,0
4,34,15,79,0
4,34,15,80,0
4,34,15,81,0
4,34,15,82,0
4,34,15,83,0
4,34,15,84,0
4,34,15,85,0
4,34,15,86,0
4,34,15,87,0
4,34,15,88,0
4,34,15,89,0
4,34,15,90,0
4,34,15,91,0
4,34,15,92,0
4,34,15,93,0
4,34,15,94,0
4,34,15,95,0
4,34,15,96,0
4,34,15,97,0
4,34,15,98,0
4,34,15,99,0
4,34,15,100,0
4,34,15,101,0
4,34,15,102,0
4,34,15,103,0
4,34,15,104,0
4,34,15,105,0
4,34,15,106,0
4,34,15,107,0
4,34,15,108,0
4,34,15,109,0
4,34,15,110,0
4,34,15,111,0
4,34,15,112,0
4,34,15,113,0
4,34,15,114,0
4,34,15,115,0
4,34,15,116,0
4,34,15,117,0
4,34,15,118,0
4,34,15,119,0
4,34,15,120,0
4,34,15,121,0
4,34,15,122,0
4,34,15,123,0
4,34,15,124,0
4,34,15,125,0
4,34,15,126,0
4,34,15,127,0
4,34,15,128,0
4,34,15,129,0
4,34,15,130,0
4,34,15,131,0
4,34,15,132,0
4,34,15,133,0
4,34,15,134,0
4,34,15,135,0
4,34,15,136,0
4,34,15,137,0
4,34,15,138,0
4,34,15,139,0
4,34,15,140,0
4,34,15,141,0
4,34,15,142,0
4,34,15,143,0
4,34,15,144,0
4,34,15,145,0
4,34,15,146,0
4,34,15,147,0
4,34,15,148,0
4,34,15,149,0
4,34,15,150,0
4,34,15,151,0
4,34,15,152,0
4,34,15,153,0
4,34,15,154,0
4,34,15,155,0
4,34,15,156,0
4,34,15,157,0
4,34,15,158,0
4,34,15,159,0
4,34,15,160,0
4,34,15,161,0
4,34,15,162,0
4,34,15,163,0
4,34,15,164,0
4,34,15,165,0
4,34,15,166,0
4,34,15,167,0
4,34,15,168,0
4,34,15,169,0
4,34,15,170,0
4,34,15,171,0
4,34,15,172,0
4,34,15,173,0
4,34,15,174,0
4,34,15,175,0
4,34,15,176,0
4,34,15,177,0
4,34,15,178,0
4,34,15,179,0
4,34,15,180,0
4,34,15,181,0
4,34,15,182,0
4,34,15,183,0
4,34,15,184,0
4,34,15,185,0
4,34,15,186,0
4,34,15,187,0
4,34,15,188,0
4,34,15,189,0
4,34,15,190,0
4,34,15,191,0
4,34,15,192,0
4,34,15,193,0
4,34,15,194,0
4,34,15,195,0
4,34,15,196,0
4,34,15,197,0
4,34,15,198,0
4,34,15,199,0
4,34,15,200,0
4,34,15,201,0
4,34,15,202,0
4,34,15,203,0
4,34,15,204,0
4,34,15,205,0
4,34,15,206,0
4,34,15,207,0
4,34,15,208,0
4,34,15,209,0
4,34,15,210,0
4,34,15,211,0
4,34,15,212,0
4,34,15,213,0
4,34,15,214,0
4,34,15,215,0
4,34,15,216,0
4,34,15,217,0
4,34,15,218,0
4,34,15,219,0
4,34,15,220,0
4,34,15,221,0
4,34,15,222,0
4,34,15,223,0
4,34,15,224,0
4,34,15,225,0
4,34,15,226,0
4,34,15,227,0
4,34,15,228,0
4,34,15,229,0
4,34,15,230,0
4,34,15,231,0
4,34,15,232,0
4,34,15,233,0
4,34,15,234,0
4,34,16,0,8585965105232784199
4,34,16,1,32637778481595008216
4,34,16,2,58865928860558121056
4,34,16,3,65704452979516930774
4,34,16,4,50344881213700459840
4,34,16,5,28062669887351974904
4,34,16,6,11874527283581275228
4,34,16,7,3962629602684478272
4,34,16,8,1081184708992709563
4,34,16,9,249053960085154468
4,34,16,10,49722341948017422
4,34,16,11,8772904150538356
4,34,16,12,1384722423063628
4,34,16,13,197365485959534
4,34,16,14,25660950441714
4,34,16,15,3053671688686
4,34,16,16,333784602713
4,34,16,17,33336211364
4,34,16,18,3091218612
4,34,16,19,260524882
4,34,16,20,19114034
4,34,16,21,1337762
4,34,16,22,66880
4,34,16,23,3662
4,34,16,24,31
4,34,16,25,0
4,34,16,26,0
4,34,16,27,0
4,34,16,28,0
4,34,16,29,0
4,34,16,30,0
4,34,16,31,0
4,34,16,32,0
4,34,16,33,0
4,34,16,34,0
4,34,16,35,0
4,34,16,36,0
4,34,16,37,0
4,34,16,38,0
4,34,16,39,0
4,34,16,40,0
4,34,16,41,0
4,34,16,42,0
4,34,16,43,0
4,34,16,44,0
4,34,16,45,0
4,34,16,46,0
4,34,16,47,0
4,34,16,48,0
4,34,16,49,0
4,34,16,50,0
4,34,16,51,0
4,34,16,52,0
4,34,16,53,0
4,34,16,54,0
4,34,16,55,0
4,34,16,56,0
4,34,16,57,0
4,34,16,58,0
4,34,16,59,0
4,34,16,60,0
4,34,16,61,0
4,34,16,62,0
4,34,16,63,0
4,34,16,64,0
4,34,16,65,0
4,34,16,66,0
4,34,16,67,0
4,34,16,68,0
4,34,16,69,0
4,34,16,70,0
4,34,16,71,0
4,34,16,72,0
4,34,16,73,0
4,34,16,74,0
4,34,16,75,0
4,34,16,76,0
4,34,16,77,0
4,34,16,78,0
4,34,16,79,0
4,34,16,80,0
4,34,16,81,0
4,34,16,82,0
4,34,16,83,0
4,34,16,84,0
4,34,16,85,0
4,34,16,86,0
4,34,16,87,0
4,34,16,88,0
4,34,16,89,0
4,34,16,90,0
4,34,16,91,0
4,34,16,92,0
4,34,16,93,0
4,34,16,94,0
4,34,16,95,0
4,34,16,96,0
4,34,16,97,0
4,34,16,98,0
4,34,16,99,0
4,34,16,100,0
4,34,16,101,0
4,34,16,102,0
4,34,16,103,0
4,34,16,104,0
4,34,16,105,0
4,34,16,106,0
4,34,16,107,0
4,34,16,108,0
4,34,16,109,0
4,34,16,110,0
4,34,16,111,0
4,34,16,112,0
4,34,16,113,0
4,34,16,114,0
4,34,16,115,0
4,34,16,116,0
4,34,16,117,0
4,34,16,118,0
4,34,16,119,0
4,34,16,120,0
4,34,16,121,0
4,34,16,122,0
4,34,16,123,0
4,34,16,124,0
4,34,16,125,0
4,34,16,126,0
4,34,16,127,0
4,34,16,128,0
4,34,16,129,0
4,34,16,130,0
4,34,16,131,0
4,34,16,132,0
4,34,16,133,0
4,34,16,134,0
4,34,16,135,0
4,34,16,136,0
4,34,16,137,0
4,34,16,138,0
4,34,16,139,0
4,34,16,140,0
4,34,16,141,0
4,34,16,142,0
4,34,16,143,0
4,34,16,144,0
4,34,16,145,0
4,34,16,146,0
4,34,16,147,0
4,34,16,148,0
4,34,16,149,0
4,34,16,150,0
4,34,16,151,0
4,34,16,152,0
4,34,16,153,0
4,34,16,154,0
4,34,16,155,0
4,34,16,156,0
4,34,16,157,0
4,34,16,158,0
4,34,16,159,0
4,34,16,160,0
4,34,16,161,0
4,34,16,162,0
4,34,16,163,0
4,34,16,164,0
4,34,16,165,0
4,34,16,166,0
4,34,16,167,0
4,34,16,168,0
4,34,16,169,0
4,34,16,170,0
4,34,16,171,0
4,34,16,172,0
4,34,16,173,0
4,34,16,174,0
4,34,16,175,0
4,34,16,176,0
4,34,16,177,0
4,34,16,178,0
4,34,16,179,0
4,34,16,180,0
4,34,16,181,0
4,34,16,182,0
4,34,16,183,0
4,34,16,184,0
4,34,16,185,0
4,34,16,186,0
4,34,16,187,0
4,34,16,188,0
4,34,16,189,0
4,34,16,190,0
4,34,16,191,0
4,34,16,192,0
4,34,16,193,0
4,34,16,194,0
4,34,16,195,0
4,34,16,196,0
4,34,16,197,0
4,34,16,198,0
4,34,16,199,0
4,34,16,200,0
4,34,16,201,0
4,34,16,202,0
4,34,16,203,0
4,34,16,204,0
4,34,16,205,0
4,34,16,206,0
4,34,16,207,0
4,34,16,208,0
4,34,16,209,0
4,34,16,210,0
4,34,16,211,0
4,34,16,212,0
4,34,16,213,0
4,34,16,214,0
4,34,16,215,0
4,34,16,216,0
4,34,16,217,0
4,34,16,218,0
4,34,16,219,0
4,34,16,220,0
4,34,16,221,0
4,34,16,222,0
4,34,16,223,0
4,34,16,224,0
4,34,16,225,0
4,34,16,226,0
4,34,16,227,0
4,34,16,228,0
4,34,16,229,0
4,34,16,230,0
4,34,16,231,0
4,34,16,232,0
4,34,16,233,0
4,34,16,234,0
4,34,17,0,37384403909184426880
4,34,17,1,163201755649027984752
4,34,17,2,339929536189441608052
4,34,17,3,441463711002949640876
4,34,17,4,396761645562342694108
4,34,17,5,261228499377621805756
4,34,17,6,131087557408926536228
4,34,17,7,51848396919239483288
4,34,17,8,16681968010683302624
4,34,17,9,4496205811400671712
4,34,17,10,1041465181637527276
4,34,17,11,211666962688634256
4,34,17,12,38315707272247972
4,34,17,13,6242136023785864
4,34,17,14,923966044408796
4,34,17,15,125126438180592
4,34,17,16,15575279012272
4,34,17,17,1782640378304
4,34,17,18,188554849212
4,34,17,19,18503834368
4,34,17,20,1635596864
4,34,17,21,135651612
4,34,17,22,9537004
4,34,17,23,657524
4,34,17,24,30376
4,34,17,25,1432
4,34,17,26,0
4,34,17,27,0
4,34,17,28,0
4,34,17,29,0
4,34,17,30,0
4,34,17,31,0
4,34,17,32,0
4,34,17,33,0
4,34,17,34,0
4,34,17,35,0
4,34,17,36,0
4,34,17,37,0
4,34,17,38,0
4,34,17,39,0
4,34,17,40,0
4,34,17,41,0
4,34,17,42,0
4,34,17,43,0
4,34,17,44,0
4,34,17,45,0
4,34,17,46,0
4,34,17,47,0
4,34,17,48,0
4,34,17,49,0
4,34,17,50,0
4,34,17,51,0
4,34,17,52,0
4,34,17,53,0
4,34,17,54,0
4,34,17,55,0
4,34,17,56,0
4,34,17,57,0
4,34,17,58,0
4,34,17,59,0
4,34,17,60,0
4,34,17,61,0
4,34,17,62,0
4,34,17,63,0
4,34,17,64,0
4,34,17,65,0
4,34,17,66,0
4,34,17,67,0
4,34,17,68,0
4,34,17,69,0
4,34,17,70,0
4,34,17,71,0
4,34,17,72,0
4,34,17,73,0
4,34,17,74,0
4,34,17,75,0
4,34,17,76,0
4,34,17,77,0
4,34,17,78,0
4,34,17,79,0
4,34,17,80,0
4,34,17,81,0
4,34,17,82,0
4,34,17,83,0
4,34,17,84,0
4,34,17,85,0
4,34,17,86,0
4,34,17,87,0
4,34,17,88,0
4,34,17,89,0
4,34,17,90,0
4,34,17,91,0
4,34,17,92,0
4,34,17,93,0
4,34,17,94,0
4,34,17,95,0
4,34,17,96,0
4,34,17,97,0
4,34,17,98,0
4,34,17,99,0
4,34,17,100,0
4,34,17,101,0
4,34,17,102,0
4,34,17,103,0
4,34,17,104,0
4,34,17,105,0
4,34,17,106,0
4,34,17,107,0
4,34,17,108,0
4,34,17,109,0
4,34,17,110,0
4,34,17,111,0
4,34,17,112,0
4,34,17,113,0
4,34,17,114,0
4,34,17,115,0
4,34,17,116,0
4,34,17,117,0
4,34,17,118,0
4,34,17,119,0
4,34,17,120,0
4,34,17,121,0
4,34,17,122,0
4,34,17,123,0
4,34,17,124,0
4,34,17,125,0
4,34,17,126,0
4,34,17,127,0
4,34,17,128,0
4,34,17,129,0
4,34,17,130,0
4,34,17,131,0
4,34,17,132,0
4,34,17,133,0
4,34,17,134,0
4,34,17,135,0
4,34,17,136,0
4,34,17,137,0
4,34,17,138,0
4,34,17,139,0
4,34,17,140,0
4,34,17,141,0
4,34,17,142,0
4,34,17,143,0
4,34,17,144,0
4,34,17,145,0
4,34,17,146,0
4,34,17,147,0
4,34,17,148,0
4,34,17,149,0
4,34,17,150,0
4,34,17,151,0
4,34,17,152,0
4,34,17,153,0
4,34,17,154,0
4,34,17,155,0
4,34,17,156,0
4,34,17,157,0
4,34,17,158,0
4,34,17,159,0
4,34,17,160,0
4,34,17,161,0
4,34,17,162,0
4,34,17,163,0
4,34,17,164,0
4,34,17,165,0
4,34,17,166,0
4,34,17,167,0
4,34,17,168,0
4,34,17,169,0
4,34,17,170,0
4,34,17,171,0
4,34,17,172,0
4,34,17,173,0
4,34,17,174,0
4,34,17,175,0
4,34,17,176,0
4,34,17,177,0
4,34,17,178,0
4,34,17,179,0
4,34,17,180,0
4,34,17,181,0
4,34,17,182,0
4,34,17,183,0
4,34,17,184,0
4,34,17,185,0
4,34,17,186,0
4,34,17,187,0
4,34,17,188,0
4,34,17,189,0
4,34,17,190,0
4,34,17,191,0
4,34,17,192,0
4,34,17,193,0
4,34,17,194,0
4,34,17,195,0
4,34,17,196,0
4,34,17,197,0
4,34,17,198,0
4,34,17,199,0
4,34,17,200,0
4,34,17,201,0
4,34,17,202,0
4,34,17,203,0
4,34,17,204,0
4,34,17,205,0
4,34,17,206,0
4,34,17,207,0
4,34,17,208,0
4,34,17,209,0
4,34,17,210,0
4,34,17,211,0
4,34,17,212,0
4,34,17,213,0
4,34,17,214,0
4,34,17,215,0
4,34,17,216,0
4,34,17,217,0
4,34,17,218,0
4,34,17,219,0
4,34,17,220,0
4,34,17,221,0
4,34,17,222,0
4,34,17,223,0
4,34,17,224,0
4,34,17,225,0
4,34,17,226,0
4,34,17,227,0
4,34,17,228,0
4,34,17,229,0
4,34,17,230,0
4,34,17,231,0
4,34,17,232,0
4,34,17,233,0
4,34,17,234,0
4,34,18,0,147111585500119235710
4,34,18,1,731997690522885536778
4,34,18,2,1746590985483503318316
4,34,18,3,2615733316973390902296
4,34,18,4,2730572746745968086144
4,34,18,5,2102126532388025310144
4,34,18,6,1239242345827107864146
4,34,18,7,576638384954886290682
4,34,18,8,217740683828161151764
4,34,18,9,68496800566071247432
4,34,18,10,18387767060644073524
4,34,18,11,4300466726876573844
4,34,18,12,890832352334964592
4,34,18,13,165431157453757942
4,34,18,14,27806500219374504
4,34,18,15,4264686386335444
4,34,18,16,600470585429056
4,34,18,17,77882341888708
4,34,18,18,9329743530878
4,34,18,19,1038785069686
4,34,18,20,106438162708
4,34,18,21,10135375830
4,34,18,22,872950954
4,34,18,23,70375170
4,34,18,24,4879274
4,34,18,25,303870
4,34,18,26,14126
4,34,18,27,478
4,34,18,28,0
4,34,18,29,0
4,34,18,30,0
4,34,18,31,0
4,34,18,32,0
4,34,18,33,0
4,34,18,34,0
4,34,18,35,0
4,34,18,36,0
4,34,18,37,0
4,34,18,38,0
4,34,18,39,0
4,34,18,40,0
4,34,18,41,0
4,34,18,42,0
4,34,18,43,0
4,34,18,44,0
4,34,18,45,0
4,34,18,46,0
4,34,18,47,0
4,34,18,48,0
4,34,18,49,0
4,34,18,50,0
4,34,18,51,0
4,34,18,52,0
4,34,18,53,0
4,34,18,54,0
4,34,18,55,0
4,34,18,56,0
4,34,18,57,0
4,34,18,58,0
4,34,18,59,0
4,34,18,60,0
4,34,18,61,0
4,34,18,62,0
4,34,18,63,0
4,34,18,64,0
4,34,18,65,0
4,34,18,66,0
4,34,18,67,0
4,34,18,68,0
4,34,18,69,0
4,34,18,70,0
4,34,18,71,0
4,34,18,72,0
4,34,18,73,0
4,34,18,74,0
4,34,18,75,0
4,34,18,76,0
4,34,18,77,0
4,34,18,78,0
4,34,18,79,0
4,34,18,80,0
4,34,18,81,0
4,34,18,82,0
4,34,18,83,0
4,34,18,84,0
4,34,18,85,0
4,34,18,86,0
4,34,18,87,0
4,34,18,88,0
4,34,18,89,0
4,34,18,90,0
4,34,18,91,0
4,34,18,92,0
4,34,18,93,0
4,34,18,94,0
4,34,18,95,0
4,34,18,96,0
4,34,18,97,0
4,34,18,98,0
4,34,18,99,0
4,34,18,100,0
4,34,18,101,0
4,34,18,102,0
4,34,18,103,0
4,34,18,104,0
4,34,18,105,0
4,34,18,106,0
4,34,18,107,0
4,34,18,108,0
4,34,18,109,0
4,34,18,110,0
4,34,18,111,0
4,34,18,112,0
4,34,18,113,0
4,34,18,114,0
4,34,18,115,0
4,34,18,116,0
4,34,18,117,0
4,34,18,118,0
4,34,18,119,0
4,34,18,120,0
4,34,18,121,0
4,34,18,122,0
4,34,18,123,0
4,34,18,124,0
4,34,18,125,0
4,34,18,126,0
4,34,18,127,0
4,34,18,128,0
4,34,18,129,0
4,34,18,130,0
4,34,18,131,0
4,34,18,132,0
4,34,18,133,0
4,34,18,134,0
4,34,18,135,0
4,34,18,136,0
4,34,18,137,0
4,34,18,138,0
4,34,18,139,0
4,34,18,140,0
4,34,18,141,0
4,34,18,142,0
4,34,18,143,0
4,34,18,144,0
4,34,18,145,0
4,34,18,146,0
4,34,18,147,0
4,34,18,148,0
4,34,18,149,0
4,34,18,150,0
4,34,18,151,0
4,34,18,152,0
4,34,18,153,0
4,34,18,154,0
4,34,18,155,0
4,34,18,156,0
4,34,18,157,0
4,34,18,158,0
4,34,18,159,0
4,34,18,160,0
4,34,18,161,0
4,34,18,162,0
4,34,18,163,0
4,34,18,164,0
4,34,18,165,0
4,34,18,166,0
4,34,18,167,0
4,34,18,168,0
4,34,18,169,0
4,34,18,170,0
4,34,18,171,0
4,34,18,172,0
4,34,18,173,0
4,34,18,174,0
4,34,18,175,0
4,34,18,176,0
4,34,18,177,0
4,34,18,178,0
4,34,18,179,0
4,34,18,180,0
4,34,18,181,0
4,34,18,182,0
4,34,18,183,0
4,34,18,184,0
4,34,18,185,0
4,34,18,186,0
4,34,18,187,0
4,34,18,188,0
4,34,18,189,0
4,34,18,190,0
4,34,18,191,0
4,34,18,192,0
4,34,18,193,0
4,34,18,194,0
4,34,18,195,0
4,34,18,196,0
4,34,18,197,0
4,34,18,198,0
4,34,18,199,0
4,34,18,200,0
4,34,18,201,0
4,34,18,202,0
4,34,18,203,0
4,34,18,204,0
4,34,18,205,0
4,34,18,206,0
4,34,18,207,0
4,34,18,208,0
4,34,18,209,0
4,34,18,210,0
4,34,18,211,0
4,34,18,212,0
4,34,18,213,0
4,34,18,214,0
4,34,18,215,0
4,34,18,216,0
4,34,18,217,0
4,34,18,218,0
4,34,18,219,0
4,34,18,220,0
4,34,18,221,0
4,34,18,222,0
4,34,18,223,0
4,34,18,224,0
4,34,18,225,0
4,34,18,226,0
4,34,18,227,0
4,34,18,228,0
4,34,18,229,0
4,34,18,230,0
4,34,18,231,0
4,34,18,232,0
4,34,18,233,0
4,34,18,234,0
4,34,19,0,524405822609435277124
4,34,19,1,2954131932195849647468
4,34,19,2,8017056835733563949008
4,34,19,3,13737192936680413690580
4,34,19,4,16514210108105679861184
4,34,19,5,14732242182864631674928
4,34,19,6,10114199028830053878772
4,34,19,7,5495356970592065434788
4,34,19,8,2422032085413534418924
4,34,19,9,886350695728247649412
4,34,19,10,275302234081171509856
4,34,19,11,74031580967427701992
4,34,19,12,17529719375281850812
4,34,19,13,3704154251890595096
4,34,19,14,705752555902466756
4,34,19,15,122283119885601356
4,34,19,16,19403775667339120
4,34,19,17,2834234803446216
4,34,19,18,382343862365996
4,34,19,19,47859606758880
4,34,19,20,5559191836016
4,34,19,21,599909649432
4,34,19,22,59846368552
4,34,19,23,5537081044
4,34,19,24,470646948
4,34,19,25,35975160
4,34,19,26,2469276
4,34,19,27,136184
4,34,19,28,7000
4,34,19,29,120
4,34,19,30,0
4,34,19,31,0
4,34,19,32,0
4,34,19,33,0
4,34,19,34,0
4,34,19,35,0
4,34,19,36,0
4,34,19,37,0
4,34,19,38,0
4,34,19,39,0
4,34,19,40,0
4,34,19,41,0
4,34,19,42,0
4,34,19,43,0
4,34,19,44,0
4,34,19,45,0
4,34,19,46,0
4,34,19,47,0
4,34,19,48,0
4,34,19,49,0
4,34,19,50,0
4,34,19,51,0
4,34,19,52,0
4,34,19,53,0
4,34,19,54,0
4,34,19,55,0
4,34,19,56,0
4,34,19,57,0
4,34,19,58,0
4,34,19,59,0
4,34,19,60,0
4,34,19,61,0
4,34,19,62,0
4,34,19,63,0
4,34,19,64,0
4,34,19,65,0
4,34,19,66,0
4,34,19,67,0
4,34,19,68,0
4,34,19,69,0
4,34,19,70,0
4,34,19,71,0
4,34,19,72,0
4,34,19,73,0
4,34,19,74,0
4,34,19,75,0
4,34,19,76,0
4,34,19,77,0
4,34,19,78,0
4,34,19,79,0
4,34,19,80,0
4,34,19,81,0
4,34,19,82,0
4,34,19,83,0
4,34,19,84,0
4,34,19,85,0
4,34,19,86,0
4,34,19,87,0
4,34,19,88,0
4,34,19,89,0
4,34,19,90,0
4,34,19,91,0
4,34,19,92,0
4,34,19,93,0
4,34,19,94,0
4,34,19,95,0
4,34,19,96,0
4,34,19,97,0
4,34,19,98,0
4,34,19,99,0
4,34,19,100,0
4,34,19,101,0
4,34,19,102,0
4,34,19,103,0
4,34,19,104,0
4,34,19,105,0
4,34,19,106,0
4,34,19,107,0
4,34,19,108,0
4,34,19,109,0
4,34,19,110,0
4,34,19,111,0
4,34,19,112,0
4,34,19,113,0
4,34,19,114,0
4,34,19,115,0
4,34,19,116,0
4,34,19,117,0
4,34,19,118,0
4,34,19,119,0
4,34,19,120,0
4,34,19,121,0
4,34,19,122,0
4,34,19,123,0
4,34,19,124,0
4,34,19,125,0
4,34,19,126,0
4,34,19,127,0
4,34,19,128,0
4,34,19,129,0
4,34,19,130,0
4,34,19,131,0
4,34,19,132,0
4,34,19,133,0
4,34,19,134,0
4,34,19,135,0
4,34,19,136,0
4,34,19,137,0
4,34,19,138,0
4,34,19,139,0
4,34,19,140,0
4,34,19,141,0
4,34,19,142,0
4,34,19,143,0
4,34,19,144,0
4,34,19,145,0
4,34,19,146,0
4,34,19,147,0
4,34,19,148,0
4,34,19,149,0
4,34,19,150,0
4,34,19,151,0
4,34,19,152,0
4,34,19,153,0
4,34,19,154,0
4,34,19,155,0
4,34,19,156,0
4,34,19,157,0
4,34,19,158,0
4,34,19,159,0
4,34,19,160,0
4,34,19,161,0
4,34,19,162,0
4,34,19,163,0
4,34,19,164,0
4,34,19,165,0
4,34,19,166,0
4,34,19,167,0
4,34,19,168,0
4,34,19,169,0
4,34,19,170,0
4,34,19,171,0
4,34,19,172,0
4,34,19,173,0
4,34,19,174,0
4,34,19,175,0
4,34,19,176,0
4,34,19,177,0
4,34,19,178,0
4,34,19,179,0
4,34,19,180,0
4,34,19,181,0
4,34,19,182,0
4,34,19,183,0
4,34,19,184,0
4,34,19,185,0
4,34,19,186,0
4,34,19,187,0
4,34,19,188,0
4,34,19,189,0
4,34,19,190,0
4,34,19,191,0
4,34,19,192,0
4,34,19,193,0
4,34,19,194,0
4,34,19,195,0
4,34,19,196,0
4,34,19,197,0
4,34,19,198,0
4,34,19,199,0
4,34,19,200,0
4,34,19,201,0
4,34,19,202,0
4,34,19,203,0
4,34,19,204,0
4,34,19,205,0
4,34,19,206,0
4,34,19,207,0
4,34,19,208,0
4,34,19,209,0
4,34,19,210,0
4,34,19,211,0
4,34,19,212,0
4,34,19,213,0
4,34,19,214,0
4,34,19,215,0
4,34,19,216,0
4,34,19,217,0
4,34,19,218,0
4,34,19,219,0
4,34,19,220,0
4,34,19,221,0
4,34,19,222,0
4,34,19,223,0
4,34,19,224,0
4,34,19,225,0
4,34,19,226,0
4,34,19,227,0
4,34,19,228,0
4,34,19,229,0
4,34,19,230,0
4,34,19,231,0
4,34,19,232,0
4,34,19,233,0
4,34,19,234,0
4,34,20,0,1696762959168602997606
4,34,20,1,10755780776947404725554
4,34,20,2,32986729093547577077909
4,34,20,3,64219616971433715870378
4,34,20,4,88232941121121362872377
4,34,20,5,90483053965528431829088
4,34,20,6,71767176988094584531065
4,34,20,7,45201208559108837531588
4,34,20,8,23117878617545007076115
4,34,20,9,9802247025786447916048
4,34,20,10,3514543426750581682568
4,34,20,11,1085442109506852989622
4,34,20,12,293579294119423363610
4,34,20,13,70515339875321992898
4,34,20,14,15210267122110778138
4,34,20,15,2973061017832914872
4,34,20,16,530593901452567573
4,34,20,17,86988486852431990
4,34,20,18,13159297694432050
4,34,20,19,1844295582420926
4,34,20,20,240198063183575
4,34,20,21,29113677601986
4,34,20,22,3283455028010
4,34,20,23,344410575300
4,34,20,24,33643821672
4,34,20,25,3021724522
4,34,20,26,250901385
4,34,20,27,18168708
4,34,20,28,1262744
4,34,20,29,61914
4,34,20,30,2979
4,34,20,31,30
4,34,20,32,0
4,34,20,33,0
4,34,20,34,0
4,34,20,35,0
4,34,20,36,0
4,34,20,37,0
4,34,20,38,0
4,34,20,39,0
4,34,20,40,0
4,34,20,41,0
4,34,20,42,0
4,34,20,43,0
4,34,20,44,0
4,34,20,45,0
4,34,20,46,0
4,34,20,47,0
4,34,20,48,0
4,34,20,49,0
4,34,20,50,0
4,34,20,51,0
4,34,20,52,0
4,34,20,53,0
4,34,20,54,0
4,34,20,55,0
4,34,20,56,0
4,34,20,57,0
4,34,20,58,0
4,34,20,59,0
4,34,20,60,0
4,34,20,61,0
4,34,20,62,0
4,34,20,63,0
4,34,20,64,0
4,34,20,65,0
4,34,20,66,0
4,34,20,67,0
4,34,20,68,0
4,34,20,69,0
4,34,20,70,0
4,34,20,71,0
4,34,20,72,0
4,34,20,73,0
4,34,20,74,0
4,34,20,75,0
4,34,20,76,0
4,34,20,77,0
4,34,20,78,0
4,34,20,79,0
4,34,20,80,0
4,34,20,81,0
4,34,20,82,0
4,34,20,83,0
4,34,20,84,0
4,34,20,85,0
4,34,20,86,0
4,34,20,87,0
4,34,20,88,0
4,34,20,89,0
4,34,20,90,0
4,34,20,91,0
4,34,20,92,0
4,34,20,93,0
4,34,20,94,0
4,34,20,95,0
4,34,20,96,0
4,34,20,97,0
4,34,20,98,0
4,34,20,99,0
4,34,20,100,0
4,34,20,101,0
4,34,20,102,0
4,34,20,103,0
4,34,20,104,0
4,34,20,105,0
4,34,20,106,0
4,34,20,107,0
4,34,20,108,0
4,34,20,109,0
4,34,20,110,0
4,34,20,111,0
4,34,20,112,0
4,34,20,113,0
4,34,20,114,0
4,34,20,115,0
4,34,20,116,0
4,34,20,117,0
4,34,20,118,0
4,34,20,119,0
4,34,20,120,0
4,34,20,121,0
4,34,20,122,0
4,34,20,123,0
4,34,20,124,0
4,34,20,125,0
4,34,20,126,0
4,34,20,127,0
4,34,20,128,0
4,34,20,129,0
4,34,20,130,0
4,34,20,131,0
4,34,20,132,0
4,34,20,133,0
4,34,20,134,0
4,34,20,135,0
4,34,20,136,0
4,34,20,137,0
4,34,20,138,0
4,34,20,139,0
4,34,20,140,0
4,34,20,141,0
4,34,20,142,0
4,34,20,143,0
4,34,20,144,0
4,34,20,145,0
4,34,20,146,0
4,34,20,147,0
4,34,20,148,0
4,34,20,149,0
4,34,20,150,0
4,34,20,151,0
4,34,20,152,0
4,34,20,153,0
4,34,20,154,0
4,34,20,155,0
4,34,20,156,0
4,34,20,157,0
4,34,20,158,0
4,34,20,159,0
4,34,20,160,0
4,34,20,161,0
4,34,20,162,0
4,34,20,163,0
4,34,20,164,0
4,34,20,165,0
4,34,20,166,0
4,34,20,167,0
4,34,20,168,0
4,34,20,169,0
4,34,20,170,0
4,34,20,171,0
4,34,20,172,0
4,34,20,173,0
4,34,20,174,0
4,34,20,175,0
4,34,20,176,0
4,34,20,177,0
4,34,20,178,0
4,34,20,179,0
4,34,20,180,0
4,34,20,181,0
4,34,20,182,0
4,34,20,183,0
4,34,20,184,0
4,34,20,185,0
4,34,20,186,0
4,34,20,187,0
4,34,20,188,0
4,34,20,189,0
4,34,20,190,0
4,34,20,191,0
4,34,20,192,0
4,34,20,193,0
4,34,20,194,0
4,34,20,195,0
4,34,20,196,0
4,34,20,197,0
4,34,20,198,0
4,34,20,199,0
4,34,20,200,0
4,34,20,201,0
4,34,20,202,0
4,34,20,203,0
4,34,20,204,0
4,34,20,205,0
4,34,20,206,0
4,34,20,207,0
4,34,20,208,0
4,34,20,209,0
4,34,20,210,0
4,34,20,211,0
4,34,20,212,0
4,34,20,213,0
4,34,20,214,0
4,34,20,215,0
4,34,20,216,0
4,34,20,217,0
4,34,20,218,0
4,34,20,219,0
4,34,20,220,0
4,34,20,221,0
4,34,20,222,0
4,34,20,223,0
4,34,20,224,0
4,34,20,225,0
4,34,20,226,0
4,34,20,227,0
4,34,20,228,0
4,34,20,229,0
4,34,20,230,0
4,34,20,231,0
4,34,20,232,0
4,34,20,233,0
4,34,20,234,0
4,34,21,0,4991800907388323552676
4,34,21,1,35410867067946403582436
4,34,21,2,122018057299257333046508
4,34,21,3,268211318102176001259956
4,34,21,4,418315010574940413893820
4,34,21,5,489611349320918784437332
4,34,21,6,445396082693987208512604
4,34,21,7,322951697112660883997004
4,34,21,8,190535893669272539082172
4,34,21,9,93186227388698929053036
4,34,21,10,38454821618158759027352
4,34,21,11,13617805410172579195184
4,34,21,12,4203639017619635872816
4,34,21,13,1146933876295846903512
4,34,21,14,279850114341245016656
4,34,21,15,61651621744287101820
4,34,21,16,12360850699613033092
4,34,21,17,2270547691288308652
4,34,21,18,384147948006332764
4,34,21,19,60120736388977492
4,34,21,20,8735971038182924
4,34,21,21,1181830931510196
4,34,21,22,149066305279160
4,34,21,23,17538593207080
4,34,21,24,1927391697332
4,34,21,25,197246482932
4,34,21,26,18796748364
4,34,21,27,1633942244
4,34,21,28,133165896
4,34,21,29,9382104
4,34,21,30,605144
4,34,21,31,29324
4,34,21,32,1216
4,34,21,33,0
4,34,21,34,0
4,34,21,35,0
4,34,21,36,0
4,34,21,37,0
4,34,21,38,0
4,34,21,39,0
4,34,21,40,0
4,34,21,41,0
4,34,21,42,0
4,34,21,43,0
4,34,21,44,0
4,34,21,45,0
4,34,21,46,0
4,34,21,47,0
4,34,21,48,0
4,34,21,49,0
4,34,21,50,0
4,34,21,51,0
4,34,21,52,0
4,34,21,53,0
4,34,21,54,0
4,34,21,55,0
4,34,21,56,0
4,34,21,57,0
4,34,21,58,0
4,34,21,59,0
4,34,21,60,0
4,34,21,61,0
4,34,21,62,0
4,34,21,63,0
4,34,21,64,0
4,34,21,65,0
4,34,21,66,0
4,34,21,67,0
4,34,21,68,0
4,34,21,69,0
4,34,21,70,0
4,34,21,71,0
4,34,21,72,0
4,34,21,73,0
4,34,21,74,0
4,34,21,75,0
4,34,21,76,0
4,34,21,77,0
4,34,21,78,0
4,34,21,79,0
4,34,21,80,0
4,34,21,81,0
4,34,21,82,0
4,34,21,83,0
4,34,21,84,0
4,34,21,85,0
4,34,21,86,0
4,34,21,87,0
4,34,21,88,0
4,34,21,89,0
4,34,21,90,0
4,34,21,91,0
4,34,21,92,0
4,34,21,93,0
4,34,21,94,0
4,34,21,95,0
4,34,21,96,0
4,34,21,97,0
4,34,21,98,0
4,34,21,99,0
4,34,21,100,0
4,34,21,101,0
4,34,21,102,0
4,34,21,103,0
4,34,21,104,0
4,34,21,105,0
4,34,21,106,0
4,34,21,107,0
4,34,21,108,0
4,34,21,109,0
4,34,21,110,0
4,34,21,111,0
4,34,21,112,0
4,34,21,113,0
4,34,21,114,0
4,34,21,115,0
4,34,21,116,0
4,34,21,117,0
4,34,21,118,0
4,34,21,119,0
4,34,21,120,0
4,34,21,121,0
4,34,21,122,0
4,34,21,123,0
4,34,21,124,0
4,34,21,125,0
4,34,21,126,0
4,34,21,127,0
4,34,21,128,0
4,34,21,129,0
4,34,21,130,0
4,34,21,131,0
4,34,21,132,0
4,34,21,133,0
4,34,21,134,0
4,34,21,135,0
4,34,21,136,0
4,34,21,137,0
4,34,21,138,0
4,34,21,139,0
4,34,21,140,0
4,34,21,141,0
4,34,21,142,0
4,34,21,143,0
4,34,21,144,0
4,34,21,145,0
4,34,21,146,0
4,34,21,147,0
4,34,21,148,0
4,34,21,149,0
4,34,21,150,0
4,34,21,151,0
4,34,21,152,0
4,34,21,153,0
4,34,21,154,0
4,34,21,155,0
4,34,21,156,0
4,34,21,157,0
4,34,21,158,0
4,34,21,159,0
4,34,21,160,0
4,34,21,161,0
4,34,21,162,0
4,34,21,163,0
4,34,21,164,0
4,34,21,165,0
4,34,21,166,0
4,34,21,167,0
4,34,21,168,0
4,34,21,169,0
4,34,21,170,0
4,34,21,171,0
4,34,21,172,0
4,34,21,173,0
4,34,21,174,0
4,34,21,175,0
4,34,21,176,0
4,34,21,177,0
4,34,21,178,0
4,34,21,179,0
4,34,21,180,0
4,34,21,181,0
4,34,21,182,0
4,34,21,183,0
4,34,21,184,0
4,34,21,185,0
4,34,21,186,0
4,34,21,187,0
4,34,21,188,0
4,34,21,189,0
4,34,21,190,0
4,34,21,191,0
4,34,21,192,0
4,34,21,193,0
4,34,21,194,0
4,34,21,195,0
4,34,21,196,0
4,34,21,197,0
4,34,21,198,0
4,34,21,199,0
4,34,21,200,0
4,34,21,201,0
4,34,21,202,0
4,34,21,203,0
4,34,21,204,0
4,34,21,205,0
4,34,21,206,0
4,34,21,207,0
4,34,21,208,0
4,34,21,209,0
4,34,21,210,0
4,34,21,211,0
4,34,21,212,0
4,34,21,213,0
4,34,21,214,0
4,34,21,215,0
4,34,21,216,0
4,34,21,217,0
4,34,21,218,0
4,34,21,219,0
4,34,21,220,0
4,34,21,221,0
4,34,21,222,0
4,34,21,223,0
4,34,21,224,0
4,34,21,225,0
4,34,21,226,0
4,34,21,227,0
4,34,21,228,0
4,34,21,229,0
4,34,21,230,0
4,34,21,231,0
4,34,21,232,0
4,34,21,233,0
4,34,21,234,0
4,34,22,0,13372815288388940745916
4,34,22,1,105624407245242269257198
4,34,22,2,406767699419334377049548
4,34,22,3,1003842402135353550233804
4,34,22,4,1766496463955540570772518
4,34,22,5,2344614374686248662560420
4,34,22,6,2430119826312200047305282
4,34,22,7,2015515237630777730536424
4,34,22,8,1363759116832154321587348
4,34,22,9,765665230929636527986838
4,34,22,10,362400343855310294417678
4,34,22,11,146829778766070024479160
4,34,22,12,51667459006661012280072
4,34,22,13,16002960058620415197666
4,34,22,14,4414468193309484613610
4,34,22,15,1095425628447245749044
4,34,22,16,246567016380188508002
4,34,22,17,50698132893986068224
4,34,22,18,9578692290623722814
4,34,22,19,1670970529088259422
4,34,22,20,270229231882064606
4,34,22,21,40651303734584262
4,34,22,22,5702677839417614
4,34,22,23,747145364509350
4,34,22,24,91544685162438
4,34,22,25,10492747652974
4,34,22,26,1125144378272
4,34,22,27,112097819340
4,34,22,28,10419112870
4,34,22,29,890383958
4,34,22,30,69296512
4,34,22,31,4816904
4,34,22,32,292158
4,34,22,33,13348
4,34,22,34,406
4,34,22,35,0
4,34,22,36,0
4,34,22,37,0
4,34,22,38,0
4,34,22,39,0
4,34,22,40,0
4,34,22,41,0
4,34,22,42,0
4,34,22,43,0
4,34,22,44,0
4,34,22,45,0
4,34,22,46,0
4,34,22,47,0
4,34,22,48,0
4,34,22,49,0
4,34,22,50,0
4,34,22,51,0
4,34,22,52,0
4,34,22,53,0
4,34,22,54,0
4,34,22,55,0
4,34,22,56,0
4,34,22,57,0
4,34,22,58,0
4,34,22,59,0
4,34,22,60,0
4,34,22,61,0
4,34,22,62,0
4,34,22,63,0
4,34,22,64,0
4,34,22,65,0
4,34,22,66,0
4,34,22,67,0
4,34,22,68,0
4,34,22,69,0
4,34,22,70,0
4,34,22,71,0
4,34,22,72,0
4,34,22,73,0
4,34,22,74,0
4,34,22,75,0
4,34,22,76,0
4,34,22,77,0
4,34,22,78,0
4,34,22,79,0
4,34,22,80,0
4,34,22,81,0
4,34,22,82,0
4,34,22,83,0
4,34,22,84,0
4,34,22,85,0
4,34,22,86,0
4,34,22,87,0
4,34,22,88,0
4,34,22,89,0
4,34,22,90,0
4,34,22,91,0
4,34,22,92,0
4,34,22,93,0
4,34,22,94,0
4,34,22,95,0
4,34,22,96,0
4,34,22,97,0
4,34,22,98,0
4,34,22,99,0
4,34,22,100,0
4,34,22,101,0
4,34,22,102,0
4,34,22,103,0
4,34,22,104,0
4,34,22,105,0
4,34,22,106,0
4,34,22,107,0
4,34,22,108,0
4,34,22,109,0
4,34,22,110,0
4,34,22,111,0
4,34,22,112,0
4,34,22,113,0
4,34,22,114,0
4,34,22,115,0
4,34,22,116,0
4,34,22,117,0
4,34,22,118,0
4,34,22,119,0
4,34,22,120,0
4,34,22,121,0
4,34,22,122,0
4,34,22,123,0
4,34,22,124,0
4,34,22,125,0
4,34,22,126,0
4,34,22,127,0
4,34,22,128,0
4,34,22,129,0
4,34,22,130,0
4,34,22,131,0
4,34,22,132,0
4,34,22,133,0
4,34,22,134,0
4,34,22,135,0
4,34,22,136,0
4,34,22,137,0
4,34,22,138,0
4,34,22,139,0
4,34,22,140,0
4,34,22,141,0
4,34,22,142,0
4,34,22,143,0
4,34,22,144,0
4,34,22,145,0
4,34,22,146,0
4,34,22,147,0
4,34,22,148,0
4,34,22,149,0
4,34,22,150,0
4,34,22,151,0
4,34,22,152,0
4,34,22,153,0
4,34,22,154,0
4,34,22,155,0
4,34,22,156,0
4,34,22,157,0
4,34,22,158,0
4,34,22,159,0
4,34,22,160,0
4,34,22,161,0
4,34,22,162,0
4,34,22,163,0
4,34,22,164,0
4,34,22,165,0
4,34,22,166,0
4,34,22,167,0
4,34,22,168,0
4,34,22,169,0
4,34,22,170,0
4,34,22,171,0
4,34,22,172,0
4,34,22,173,0
4,34,22,174,0
4,34,22,175,0
4,34,22,176,0
4,34,22,177,0
4,34,22,178,0
4,34,22,179,0
4,34,22,180,0
4,34,22,181,0
4,34,22,182,0
4,34,22,183,0
4,34,22,184,0
4,34,22,185,0
4,34,22,186,0
4,34,22,187,0
4,34,22,188,0
4,34,22,189,0
4,34,22,190,0
4,34,22,191,0
4,34,22,192,0
4,34,22,193,0
4,34,22,194,0
4,34,22,195,0
4,34,22,196,0
4,34,22,197,0
4,34,22,198,0
4,34,22,199,0
4,34,22,200,0
4,34,22,201,0
4,34,22,202,0
4,34,22,203,0
4,34,22,204,0
4,34,22,205,0
4,34,22,206,0
4,34,22,207,0
4,34,22,208,0
4,34,22,209,0
4,34,22,210,0
4,34,22,211,0
4,34,22,212,0
4,34,22,213,0
4,34,22,214,0
4,34,22,215,0
4,34,22,216,0
4,34,22,217,0
4,34,22,218,0
4,34,22,219,0
4,34,22,220,0
4,34,22,221,0
4,34,22,222,0
4,34,22,223,0
4,34,22,224,0
4,34,22,225,0
4,34,22,226,0
4,34,22,227,0
4,34,22,228,0
4,34,22,229,0
4,34,22,230,0
4,34,22,231,0
4,34,22,232,0
4,34,22,233,0
4,34,22,234,0
4,34,23,0,32664584039838919025520
4,34,23,1,285927845685405043597252
4,34,23,2,1224697778766304647848520
4,34,23,3,3375795258553886538588300
4,34,23,4,6665791386991351919209868
4,34,23,5,9974408902767008258204660
4,34,23,6,11708068827432139880675768
4,34,23,7,11041044304386115453031392
4,34,23,8,8519993224483588956580172
4,34,23,9,5464597113798586754115700
4,34,23,10,2955292884622748776094784
4,34,23,11,1366264956353982440193720
4,34,23,12,547160216656529056520288
4,34,23,13,192213685140072050598588
4,34,23,14,59913829950224806182684
4,34,23,15,16738934266337677344820
4,34,23,16,4228020838142154296616
4,34,23,17,972622925862705081128
4,34,23,18,205051769881949589512
4,34,23,19,39826944154545683308
4,34,23,20,7158096769691982300
4,34,23,21,1194966395994062616
4,34,23,22,185868310185831124
4,34,23,23,26999490983089956
4,34,23,24,3669232936666892
4,34,23,25,467099716918692
4,34,23,26,55756746596072
4,34,23,27,6229899081868
4,34,23,28,651193885428
4,34,23,29,63571585908
4,34,23,30,5745079748
4,34,23,31,479406160
4,34,23,32,36208600
4,34,23,33,2449944
4,34,23,34,133700
4,34,23,35,6276
4,34,23,36,116
4,34,23,37,0
4,34,23,38,0
4,34,23,39,0
4,34,23,40,0
4,34,23,41,0
4,34,23,42,0
4,34,23,43,0
4,34,23,44,0
4,34,23,45,0
4,34,23,46,0
4,34,23,47,0
4,34,23,48,0
4,34,23,49,0
4,34,23,50,0
4,34,23,51,0
4,34,23,52,0
4,34,23,53,0
4,34,23,54,0
4,34,23,55,0
4,34,23,56,0
4,34,23,57,0
4,34,23,58,0
4,34,23,59,0
4,34,23,60,0
4,34,23,61,0
4,34,23,62,0
4,34,23,63,0
4,34,23,64,0
4,34,23,65,0
4,34,23,66,0
4,34,23,67,0
4,34,23,68,0
4,34,23,69,0
4,34,23,70,0
4,34,23,71,0
4,34,23,72,0
4,34,23,73,0
4,34,23,74,0
4,34,23,75,0
4,34,23,76,0
4,34,23,77,0
4,34,23,78,0
4,34,23,79,0
4,34,23,80,0
4,34,23,81,0
4,34,23,82,0
4,34,23,83,0
4,34,23,84,0
4,34,23,85,0
4,34,23,86,0
4,34,23,87,0
4,34,23,88,0
4,34,23,89,0
4,34,23,90,0
4,34,23,91,0
4,34,23,92,0
4,34,23,93,0
4,34,23,94,0
4,34,23,95,0
4,34,23,96,0
4,34,23,97,0
4,34,23,98,0
4,34,23,99,0
4,34,23,100,0
4,34,23,101,0
4,34,23,102,0
4,34,23,103,0
4,34,23,104,0
4,34,23,105,0
4,34,23,106,0
4,34,23,107,0
4,34,23,108,0
4,34,23,109,0
4,34,23,110,0
4,34,23,111,0
4,34,23,112,0
4,34,23,113,0
4,34,23,114,0
4,34,23,115,0
4,34,23,116,0
4,34,23,117,0
4,34,23,118,0
4,34,23,119,0
4,34,23,120,0
4,34,23,121,0
4,34,23,122,0
4,34,23,123,0
4,34,23,124,0
4,34,23,125,0
4,34,23,126,0
4,34,23,127,0
4,34,23,128,0
4,34,23,129,0
4,34,23,130,0
4,34,23,131,0
4,34,23,132,0
4,34,23,133,0
4,34,23,134,0
4,34,23,135,0
4,34,23,136,0
4,34,23,137,0
4,34,23,138,0
4,34,23,139,0
4,34,23,140,0
4,34,23,141,0
4,34,23,142,0
4,34,23,143,0
4,34,23,144,0
4,34,23,145,0
4,34,23,146,0
4,34,23,147,0
4,34,23,148,0
4,34,23,149,0
4,34,23,150,0
4,34,23,151,0
4,34,23,152,0
4,34,23,153,0
4,34,23,154,0
4,34,23,155,0
4,34,23,156,0
4,34,23,157,0
4,34,23,158,0
4,34,23,159,0
4,34,23,160,0
4,34,23,161,0
4,34,23,162,0
4,34,23,163,0
4,34,23,164,0
4,34,23,165,0
4,34,23,166,0
4,34,23,167,0
4,34,23,168,0
4,34,23,169,0
4,34,23,170,0
4,34,23,171,0
4,34,23,172,0
4,34,23,173,0
4,34,23,174,0
4,34,23,175,0
4,34,23,176,0
4,34,23,177,0
4,34,23,178,0
4,34,23,179,0
4,34,23,180,0
4,34,23,181,0
4,34,23,182,0
4,34,23,183,0
4,34,23,184,0
4,34,23,185,0
4,34,23,186,0
4,34,23,187,0
4,34,23,188,0
4,34,23,189,0
4,34,23,190,0
4,34,23,191,0
4,34,23,192,0
4,34,23,193,0
4,34,23,194,0
4,34,23,195,0
4,34,23,196,0
4,34,23,197,0
4,34,23,198,0
4,34,23,199,0
4,34,23,200,0
4,34,23,201,0
4,34,23,202,0
4,34,23,203,0
4,34,23,204,0
4,34,23,205,0
4,34,23,206,0
4,34,23,207,0
4,34,23,208,0
4,34,23,209,0
4,34,23,210,0
4,34,23,211,0
4,34,23,212,0
4,34,23,213,0
4,34,23,214,0
4,34,23,215,0
4,34,23,216,0
4,34,23,217,0
4,34,23,218,0
4,34,23,219,0
4,34,23,220,0
4,34,23,221,0
4,34,23,222,0
4,34,23,223,0
4,34,23,224,0
4,34,23,225,0
4,34,23,226,0
4,34,23,227,0
4,34,23,228,0
4,34,23,229,0
4,34,23,230,0
4,34,23,231,0
4,34,23,232,0
4,34,23,233,0
4,34,23,234,0
4,34,24,0,72828866909764577389082
4,34,24,1,703464973867583056468056
4,34,24,2,3336284819775630445834904
4,34,24,3,10223192884180013745206190
4,34,24,4,22537670769670925351673897
4,34,24,5,37819475638937998359852200
4,34,24,6,49999063462774581463286317
4,34,24,7,53314459644936513118172838
4,34,24,8,46669994206554124676221480
4,34,24,9,34031790080424692415172728
4,34,24,10,20944745928046903275108493
4,34,24,11,11015229639667603197449818
4,34,24,12,5010169572631031600369865
4,34,24,13,1993766869342507318920926
4,34,24,14,701762895086537051973197
4,34,24,15,220654119002310973186426
4,34,24,16,62523286606528737040357
4,34,24,17,16086733021453389200526
4,34,24,18,3782853115886640735284
4,34,24,19,817563249637748905638
4,34,24,20,163168280700923160485
4,34,24,21,30194081631334323072
4,34,24,22,5198627058763904719
4,34,24,23,835182661911013362
4,34,24,24,125483528358218056
4,34,24,25,17663385381024336
4,34,24,26,2332882942166125
4,34,24,27,289235694339714
4,34,24,28,33648901106456
4,34,24,29,3673396617572
4,34,24,30,375146629134
4,34,24,31,35749251058
4,34,24,32,3155837385
4,34,24,33,257240758
4,34,24,34,18603262
4,34,24,35,1232804
4,34,24,36,61737
4,34,24,37,2714
4,34,24,38,29
4,34,24,39,0
4,34,24,40,0
4,34,24,41,0
4,34,24,42,0
4,34,24,43,0
4,34,24,44,0
4,34,24,45,0
4,34,24,46,0
4,34,24,47,0
4,34,24,48,0
4,34,24,49,0
4,34,24,50,0
4,34,24,51,0
4,34,24,52,0
4,34,24,53,0
4,34,24,54,0
4,34,24,55,0
4,34,24,56,0
4,34,24,57,0
4,34,24,58,0
4,34,24,59,0
4,34,24,60,0
4,34,24,61,0
4,34,24,62,0
4,34,24,63,0
4,34,24,64,0
4,34,24,65,0
4,34,24,66,0
4,34,24,67,0
4,34,24,68,0
4,34,24,69,0
4,34,24,70,0
4,34,24,71,0
4,34,24,72,0
4,34,24,73,0
4,34,24,74,0
4,34,24,75,0
4,34,24,76,0
4,34,24,77,0
4,34,24,78,0
4,34,24,79,0
4,34,24,80,0
4,34,24,81,0
4,34,24,82,0
4,34,24,83,0
4,34,24,84,0
4,34,24,85,0
4,34,24,86,0
4,34,24,87,0
4,34,24,88,0
4,34,24,89,0
4,34,24,90,0
4,34,24,91,0
4,34,24,92,0
4,34,24,93,0
4,34,24,94,0
4,34,24,95,0
4,34,24,96,0
4,34,24,97,0
4,34,24,98,0
4,34,24,99,0
4,34,24,100,0
4,34,24,101,0
4,34,24,102,0
4,34,24,103,0
4,34,24,104,0
4,34,24,105,0
4,34,24,106,0
4,34,24,107,0
4,34,24,108,0
4,34,24,109,0
4,34,24,110,0
4,34,24,111,0
4,34,24,112,0
4,34,24,113,0
4,34,24,114,0
4,34,24,115,0
4,34,24,116,0
4,34,24,117,0
4,34,24,118,0
4,34,24,119,0
4,34,24,120,0
4,34,24,121,0
4,34,24,122,0
4,34,24,123,0
4,34,24,124,0
4,34,24,125,0
4,34,24,126,0
4,34,24,127,0
4,34,24,128,0
4,34,24,129,0
4,34,24,130,0
4,34,24,131,0
4,34,24,132,0
4,34,24,133,0
4,34,24,134,0
4,34,24,135,0
4,34,24,136,0
4,34,24,137,0
4,34,24,138,0
4,34,24,139,0
4,34,24,140,0
4,34,24,141,0
4,34,24,142,0
4,34,24,143,0
4,34,24,144,0
4,34,24,145,0
4,34,24,146,0
4,34,24,147,0
4,34,24,148,0
4,34,24,149,0
4,34,24,150,0
4,34,24,151,0
4,34,24,152,0
4,34,24,153,0
4,34,24,154,0
4,34,24,155,0
4,34,24,156,0
4,34,24,157,0
4,34,24,158,0
4,34,24,159,0
4,34,24,160,0
4,34,24,161,0
4,34,24,162,0
4,34,24,163,0
4,34,24,164,0
4,34,24,165,0
4,34,24,166,0
4,34,24,167,0
4,34,24,168,0
4,34,24,169,0
4,34,24,170,0
4,34,24,171,0
4,34,24,172,0
4,34,24,173,0
4,34,24,174,0
4,34,24,175,0
4,34,24,176,0
4,34,24,177,0
4,34,24,178,0
4,34,24,179,0
4,34,24,180,0
4,34,24,181,0
4,34,24,182,0
4,34,24,183,0
4,34,24,184,0
4,34,24,185,0
4,34,24,186,0
4,34,24,187,0
4,34,24,188,0
4,34,24,189,0
4,34,24,190,0
4,34,24,191,0
4,34,24,192,0
4,34,24,193,0
4,34,24,194,0
4,34,24,195,0
4,34,24,196,0
4,34,24,197,0
4,34,24,198,0
4,34,24,199,0
4,34,24,200,0
4,34,24,201,0
4,34,24,202,0
4,34,24,203,0
4,34,24,204,0
4,34,24,205,0
4,34,24,206,0
4,34,24,207,0
4,34,24,208,0
4,34,24,209,0
4,34,24,210,0
4,34,24,211,0
4,34,24,212,0
4,34,24,213,0
4,34,24,214,0
4,34,24,215,0
4,34,24,216,0
4,34,24,217,0
4,34,24,218,0
4,34,24,219,0
4,34,24,220,0
4,34,24,221,0
4,34,24,222,0
4,34,24,223,0
4,34,24,224,0
4,34,24,225,0
4,34,24,226,0
4,34,24,227,0
4,34,24,228,0
4,34,24,229,0
4,34,24,230,0
4,34,24,231,0
4,34,24,232,0
4,34,24,233,0
4,34,24,234,0
4,34,25,0,148361169662850354651320
4,34,25,1,1574941070821132978969680
4,34,25,2,8236235715741308194979132
4,34,25,3,27934083594718138042543524
4,34,25,4,68438588985261726228852596
4,34,25,5,128164482744759723660799524
4,34,25,6,189874621833206212582074856
4,34,25,7,227761091265308437700528904
4,34,25,8,225036995551770166554871744
4,34,25,9,185693305658760076829645116
4,34,25,10,129525997845838957832391188
4,34,25,11,77236319872131912041340756
4,34,25,12,39801625285575689933422324
4,34,25,13,17913379303140836645674360
4,34,25,14,7113102591250876108965192
4,34,25,15,2515821538036862783668784
4,34,25,16,799468087870577042623072
4,34,25,17,230014658029009343943888
4,34,25,18,60318806878255704394260
4,34,25,19,14501709877055706448220
4,34,25,20,3212453791175165969236
4,34,25,21,658541863610527303304
4,34,25,22,125395204899749554544
4,34,25,23,22249664697802986968
4,34,25,24,3688727670167382336
4,34,25,25,572651743816192532
4,34,25,26,83398469400276476
4,34,25,27,11409812774685128
4,34,25,28,1467248016101808
4,34,25,29,177416434307704
4,34,25,30,20162581436112
4,34,25,31,2150577876844
4,34,25,32,214698422560
4,34,25,33,20013931544
4,34,25,34,1720547516
4,34,25,35,136532224
4,34,25,36,9589972
4,34,25,37,601380
4,34,25,38,28732
4,34,25,39,1120
4,34,25,40,0
4,34,25,41,0
4,34,25,42,0
4,34,25,43,0
4,34,25,44,0
4,34,25,45,0
4,34,25,46,0
4,34,25,47,0
4,34,25,48,0
4,34,25,49,0
4,34,25,50,0
4,34,25,51,0
4,34,25,52,0
4,34,25,53,0
4,34,25,54,0
4,34,25,55,0
4,34,25,56,0
4,34,25,57,0
4,34,25,58,0
4,34,25,59,0
4,34,25,60,0
4,34,25,61,0
4,34,25,62,0
4,34,25,63,0
4,34,25,64,0
4,34,25,65,0
4,34,25,66,0
4,34,25,67,0
4,34,25,68,0
4,34,25,69,0
4,34,25,70,0
4,34,25,71,0
4,34,25,72,0
4,34,25,73,0
4,34,25,74,0
4,34,25,75,0
4,34,25,76,0
4,34,25,77,0
4,34,25,78,0
4,34,25,79,0
4,34,25,80,0
4,34,25,81,0
4,34,25,82,0
4,34,25,83,0
4,34,25,84,0
4,34,25,85,0
4,34,25,86,0
4,34,25,87,0
4,34,25,88,0
4,34,25,89,0
4,34,25,90,0
4,34,25,91,0
4,34,25,92,0
4,34,25,93,0
4,34,25,94,0
4,34,25,95,0
4,34,25,96,0
4,34,25,97,0
4,34,25,98,0
4,34,25,99,0
4,34,25,100,0
4,34,25,101,0
4,34,25,102,0
4,34,25,103,0
4,34,25,104,0
4,34,25,105,0
4,34,25,106,0
4,34,25,107,0
4,34,25,108,0
4,34,25,109,0
4,34,25,110,0
4,34,25,111,0
4,34,25,112,0
4,34,25,113,0
4,34,25,114,0
4,34,25,115,0
4,34,25,116,0
4,34,25,117,0
4,34,25,118,0
4,34,25,119,0
4,34,25,120,0
4,34,25,121,0
4,34,25,122,0
4,34,25,123,0
4,34,25,124,0
4,34,25,125,0
4,34,25,126,0
4,34,25,127,0
4,34,25,128,0
4,34,25,129,0
4,34,25,130,0
4,34,25,131,0
4,34,25,132,0
4,34,25,133,0
4,34,25,134,0
4,34,25,135,0
4,34,25,136,0
4,34,25,137,0
4,34,25,138,0
4,34,25,139,0
4,34,25,140,0
4,34,25,141,0
4,34,25,142,0
4,34,25,143,0
4,34,25,144,0
4,34,25,145,0
4,34,25,146,0
4,34,25,147,0
4,34,25,148,0
4,34,25,149,0
4,34,25,150,0
4,34,25,151,0
4,34,25,152,0
4,34,25,153,0
4,34,25,154,0
4,34,25,155,0
4,34,25,156,0
4,34,25,157,0
4,34,25,158,0
4,34,25,159,0
4,34,25,160,0
4,34,25,161,0
4,34,25,162,0
4,34,25,163,0
4,34,25,164,0
4,34,25,165,0
4,34,25,166,0
4,34,25,167,0
4,34,25,168,0
4,34,25,169,0
4,34,25,170,0
4,34,25,171,0
4,34,25,172,0
4,34,25,173,0
4,34,25,174,0
4,34,25,175,0
4,34,25,176,0
4,34,25,177,0
4,34,25,178,0
4,34,25,179,0
4,34,25,180,0
4,34,25,181,0
4,34,25,182,0
4,34,25,183,0
4,34,25,184,0
4,34,25,185,0
4,34,25,186,0
4,34,25,187,0
4,34,25,188,0
4,34,25,189,0
4,34,25,190,0
4,34,25,191,0
4,34,25,192,0
4,34,25,193,0
4,34,25,194,0
4,34,25,195,0
4,34,25,196,0
4,34,25,197,0
4,34,25,198,0
4,34,25,199,0
4,34,25,200,0
4,34,25,201,0
4,34,25,202,0
4,34,25,203,0
4,34,25,204,0
4,34,25,205,0
4,34,25,206,0
4,34,25,207,0
4,34,25,208,0
4,34,25,209,0
4,34,25,210,0
4,34,25,211,0
4,34,25,212,0
4,34,25,213,0
4,34,25,214,0
4,34,25,215,0
4,34,25,216,0
4,34,25,217,0
4,34,25,218,0
4,34,25,219,0
4,34,25,220,0
4,34,25,221,0
4,34,25,222,0
4,34,25,223,0
4,34,25,224,0
4,34,25,225,0
4,34,25,226,0
4,34,25,227,0
4,34,25,228,0
4,34,25,229,0
4,34,25,230,0
4,34,25,231,0
4,34,25,232,0
4,34,25,233,0
4,34,25,234,0
4,34,26,0,276368892900481337375076
4,34,26,1,3212097160564973497584472
4,34,26,2,18450566917079825863301572
4,34,26,3,68982285352504685224038012
4,34,26,4,187024108645784332793741124
4,34,26,5,389117111307947401837974534
4,34,26,6,642998380760032543856326316
4,34,26,7,863548397465667350194354122
4,34,26,8,958502944418145640306575236
4,34,26,9,890998308043888026317911200
4,34,26,10,701516702688751987907876216
4,34,26,11,472655623992522631236439724
4,34,26,12,275208286388700944860119472
4,34,26,13,139812233745058051900523262
4,34,26,14,62552896032290545595475708
4,34,26,15,24868788600276611636826816
4,34,26,16,8859348386620602296211248
4,34,26,17,2849687311929523031314848
4,34,26,18,833274720418811984982590
4,34,26,19,222827824949436695759062
4,34,26,20,54778610232050047396722
4,34,26,21,12436258047529043269226
4,34,26,22,2617730777361425398352
4,34,26,23,512642369502437831246
4,34,26,24,93681140635932860758
4,34,26,25,16015265471377922388
4,34,26,26,2566748235515506028
4,34,26,27,386344472439812292
4,34,26,28,54685937995658374
4,34,26,29,7285327771595284
4,34,26,30,913915397479104
4,34,26,31,107934124442280
4,34,26,32,11989955963878
4,34,26,33,1251014817360
4,34,26,34,122131330942
4,34,26,35,11116582862
4,34,26,36,934441864
4,34,26,37,71663514
4,34,26,38,4907940
4,34,26,39,293232
4,34,26,40,12632
4,34,26,41,392
4,34,26,42,0
4,34,26,43,0
4,34,26,44,0
4,34,26,45,0
4,34,26,46,0
4,34,26,47,0
4,34,26,48,0
4,34,26,49,0
4,34,26,50,0
4,34,26,51,0
4,34,26,52,0
4,34,26,53,0
4,34,26,54,0
4,34,26,55,0
4,34,26,56,0
4,34,26,57,0
4,34,26,58,0
4,34,26,59,0
4,34,26,60,0
4,34,26,61,0
4,34,26,62,0
4,34,26,63,0
4,34,26,64,0
4,34,26,65,0
4,34,26,66,0
4,34,26,67,0
4,34,26,68,0
4,34,26,69,0
4,34,26,70,0
4,34,26,71,0
4,34,26,72,0
4,34,26,73,0
4,34,26,74,0
4,34,26,75,0
4,34,26,76,0
4,34,26,77,0
4,34,26,78,0
4,34,26,79,0
4,34,26,80,0
4,34,26,81,0
4,34,26,82,0
4,34,26,83,0
4,34,26,84,0
4,34,26,85,0
4,34,26,86,0
4,34,26,87,0
4,34,26,88,0
4,34,26,89,0
4,34,26,90,0
4,34,26,91,0
4,34,26,92,0
4,34,26,93,0
4,34,26,94,0
4,34,26,95,0
4,34,26,96,0
4,34,26,97,0
4,34,26,98,0
4,34,26,99,0
4,34,26,100,0
4,34,26,101,0
4,34,26,102,0
4,34,26,103,0
4,34,26,104,0
4,34,26,105,0
4,34,26,106,0
4,34,26,107,0
4,34,26,108,0
4,34,26,109,0
4,34,26,110,0
4,34,26,111,0
4,34,26,112,0
4,34,26,113,0
4,34,26,114,0
4,34,26,115,0
4,34,26,116,0
4,34,26,117,0
4,34,26,118,0
4,34,26,119,0
4,34,26,120,0
4,34,26,121,0
4,34,26,122,0
4,34,26,123,0
4,34,26,124,0
4,34,26,125,0
4,34,26,126,0
4,34,26,127,0
4,34,26,128,0
4,34,26,129,0
4,34,26,130,0
4,34,26,131,0
4,34,26,132,0
4,34,26,133,0
4,34,26,134,0
4,34,26,135,0
4,34,26,136,0
4,34,26,137,0
4,34,26,138,0
4,34,26,139,0
4,34,26,140,0
4,34,26,141,0
4,34,26,142,0
4,34,26,143,0
4,34,26,144,0
4,34,26,145,0
4,34,26,146,0
4,34,26,147,0
4,34,26,148,0
4,34,26,149,0
4,34,26,150,0
4,34,26,151,0
4,34,26,152,0
4,34,26,153,0
4,34,26,154,0
4,34,26,155,0
4,34,26,156,0
4,34,26,157,0
4,34,26,158,0
4,34,26,159,0
4,34,26,160,0
4,34,26,161,0
4,34,26,162,0
4,34,26,163,0
4,34,26,164,0
4,34,26,165,0
4,34,26,166,0
4,34,26,167,0
4,34,26,168,0
4,34,26,169,0
4,34,26,170,0
4,34,26,171,0
4,34,26,172,0
4,34,26,173,0
4,34,26,174,0
4,34,26,175,0
4,34,26,176,0
4,34,26,177,0
4,34,26,178,0
4,34,26,179,0
4,34,26,180,0
4,34,26,181,0
4,34,26,182,0
4,34,26,183,0
4,34,26,184,0
4,34,26,185,0
4,34,26,186,0
4,34,26,187,0
4,34,26,188,0
4,34,26,189,0
4,34,26,190,0
4,34,26,191,0
4,34,26,192,0
4,34,26,193,0
4,34,26,194,0
4,34,26,195,0
4,34,26,196,0
4,34,26,197,0
4,34,26,198,0
4,34,26,199,0
4,34,26,200,0
4,34,26,201,0
4,34,26,202,0
4,34,26,203,0
4,34,26,204,0
4,34,26,205,0
4,34,26,206,0
4,34,26,207,0
4,34,26,208,0
4,34,26,209,0
4,34,26,210,0
4,34,26,211,0
4,34,26,212,0
4,34,26,213,0
4,34,26,214,0
4,34,26,215,0
4,34,26,216,0
4,34,26,217,0
4,34,26,218,0
4,34,26,219,0
4,34,26,220,0
4,34,26,221,0
4,34,26,222,0
4,34,26,223,0
4,34,26,224,0
4,34,26,225,0
4,34,26,226,0
4,34,26,227,0
4,34,26,228,0
4,34,26,229,0
4,34,26,230,0
4,34,26,231,0
4,34,26,232,0
4,34,26,233,0
4,34,26,234,0
4,34,27,0,471111890834296626324424
4,34,27,1,5973345383950684722334032
4,34,27,2,37549778292669662103634576
4,34,27,3,154174059910702788439115780
4,34,27,4,460726632731456812082412824
4,34,27,5,1060573665006295226613083780
4,34,27,6,1946383256603780867672736352
4,34,27,7,2913740157717349651352627468
4,34,27,8,3617163941403720747123447108
4,34,27,9,3771622077709716114924571512
4,34,27,10,3338527379637255645019552392
4,34,27,11,2532633647097425716378245956
4,34,27,12,1661337957174965096461921452
4,34,27,13,950551792363819459102409536
4,34,27,14,478430070111424449352572112
4,34,27,15,213592019416604220361598036
4,34,27,16,85254876651786335240507492
4,34,27,17,30650460390138095627879088
4,34,27,18,9992419502186878662116336
4,34,27,19,2971987951300448910041304
4,34,27,20,810765168726238716132900
4,34,27,21,203829412935624691432820
4,34,27,22,47420247461159339380528
4,34,27,23,10246295710929680774692
4,34,27,24,2062825545003568339332
4,34,27,25,388022114654958564540
4,34,27,26,68357455889711915804
4,34,27,27,11301624929393867912
4,34,27,28,1756570565564738560
4,34,27,29,256997447318850400
4,34,27,30,35428244072230716
4,34,27,31,4604362189090248
4,34,27,32,564182315799160
4,34,27,33,65147706991448
4,34,27,34,7080476186204
4,34,27,35,722692125292
4,34,27,36,69058038740
4,34,27,37,6133797584
4,34,27,38,502782428
4,34,27,39,37690472
4,34,27,40,2468000
4,34,27,41,134996
4,34,27,42,5952
4,34,27,43,112
4,34,27,44,0
4,34,27,45,0
4,34,27,46,0
4,34,27,47,0
4,34,27,48,0
4,34,27,49,0
4,34,27,50,0
4,34,27,51,0
4,34,27,52,0
4,34,27,53,0
4,34,27,54,0
4,34,27,55,0
4,34,27,56,0
4,34,27,57,0
4,34,27,58,0
4,34,27,59,0
4,34,27,60,0
4,34,27,61,0
4,34,27,62,0
4,34,27,63,0
4,34,27,64,0
4,34,27,65,0
4,34,27,66,0
4,34,27,67,0
4,34,27,68,0
4,34,27,69,0
4,34,27,70,0
4,34,27,71,0
4,34,27,72,0
4,34,27,73,0
4,34,27,74,0
4,34,27,75,0
4,34,27,76,0
4,34,27,77,0
4,34,27,78,0
4,34,27,79,0
4,34,27,80,0
4,34,27,81,0
4,34,27,82,0
4,34,27,83,0
4,34,27,84,0
4,34,27,85,0
4,34,27,86,0
4,34,27,87,0
4,34,27,88,0
4,34,27,89,0
4,34,27,90,0
4,34,27,91,0
4,34,27,92,0
4,34,27,93,0
4,34,27,94,0
4,34,27,95,0
4,34,27,96,0
4,34,27,97,0
4,34,27,98,0
4,34,27,99,0
4,34,27,100,0
4,34,27,101,0
4,34,27,102,0
4,34,27,103,0
4,34,27,104,0
4,34,27,105,0
4,34,27,106,0
4,34,27,107,0
4,34,27,108,0
4,34,27,109,0
4,34,27,110,0
4,34,27,111,0
4,34,27,112,0
4,34,27,113,0
4,34,27,114,0
4,34,27,115,0
4,34,27,116,0
4,34,27,117,0
4,34,27,118,0
4,34,27,119,0
4,34,27,120,0
4,34,27,121,0
4,34,27,122,0
4,34,27,123,0
4,34,27,124,0
4,34,27,125,0
4,34,27,126,0
4,34,27,127,0
4,34,27,128,0
4,34,27,129,0
4,34,27,130,0
4,34,27,131,0
4,34,27,132,0
4,34,27,133,0
4,34,27,134,0
4,34,27,135,0
4,34,27,136,0
4,34,27,137,0
4,34,27,138,0
4,34,27,139,0
4,34,27,140,0
4,34,27,141,0
4,34,27,142,0
4,34,27,143,0
4,34,27,144,0
4,34,27,145,0
4,34,27,146,0
4,34,27,147,0
4,34,27,148,0
4,34,27,149,0
4,34,27,150,0
4,34,27,151,0
4,34,27,152,0
4,34,27,153,0
4,34,27,154,0
4,34,27,155,0
4,34,27,156,0
4,34,27,157,0
4,34,27,158,0
4,34,27,159,0
4,34,27,160,0
4,34,27,161,0
4,34,27,162,0
4,34,27,163,0
4,34,27,164,0
4,34,27,165,0
4,34,27,166,0
4,34,27,167,0
4,34,27,168,0
4,34,27,169,0
4,34,27,170,0
4,34,27,171,0
4,34,27,172,0
4,34,27,173,0
4,34,27,174,0
4,34,27,175,0
4,34,27,176,0
4,34,27,177,0
4,34,27,178,0
4,34,27,179,0
4,34,27,180,0
4,34,27,181,0
4,34,27,182,0
4,34,27,183,0
4,34,27,184,0
4,34,27,185,0
4,34,27,186,0
4,34,27,187,0
4,34,27,188,0
4,34,27,189,0
4,34,27,190,0
4,34,27,191,0
4,34,27,192,0
4,34,27,193,0
4,34,27,194,0
4,34,27,195,0
4,34,27,196,0
4,34,27,197,0
4,34,27,198,0
4,34,27,199,0
4,34,27,200,0
4,34,27,201,0
4,34,27,202,0
4,34,27,203,0
4,34,27,204,0
4,34,27,205,0
4,34,27,206,0
4,34,27,207,0
4,34,27,208,0
4,34,27,209,0
4,34,27,210,0
4,34,27,211,0
4,34,27,212,0
4,34,27,213,0
4,34,27,214,0
4,34,27,215,0
4,34,27,216,0
4,34,27,217,0
4,34,27,218,0
4,34,27,219,0
4,34,27,220,0
4,34,27,221,0
4,34,27,222,0
4,34,27,223,0
4,34,27,224,0
4,34,27,225,0
4,34,27,226,0
4,34,27,227,0
4,34,27,228,0
4,34,27,229,0
4,34,27,230,0
4,34,27,231,0
4,34,27,232,0
4,34,27,233,0
4,34,27,234,0
4,34,28,0,735356279949153581431308
4,34,28,1,10136726458796410126970996
4,34,28,2,69494792770190301447026178
4,34,28,3,312235863280031364306353988
4,34,28,4,1024649835205600627751046078
4,34,28,5,2599612755016216592362613006
4,34,28,6,5277301699739218945732342740
4,34,28,7,8769842829413092410592841178
4,34,28,8,12125981178118807526642560389
4,34,28,9,14124783550087741315140801372
4,34,28,10,14002055317697047680736591804
4,34,28,11,11917624466903730663394847776
4,34,28,12,8780603893098504157827088661
4,34,28,13,5644276443163409854575720930
4,34,28,14,3190003159185121176964493721
4,34,28,15,1597240461773873654025441288
4,34,28,16,713767727204512457055814985
4,34,28,17,286693363080236420906461954
4,34,28,18,104187397354176430462558977
4,34,28,19,34464086551158932241277080
4,34,28,20,10433483353349383498156337
4,34,28,21,2904728700937168901851988
4,34,28,22,746896980399766387830201
4,34,28,23,178051034537278487689276
4,34,28,24,39483498416821591270039
4,34,28,25,8168856445753541846562
4,34,28,26,1580920044704544105049
4,34,28,27,286843570878185881340
4,34,28,28,48889970932427813555
4,34,28,29,7840619257141369322
4,34,28,30,1184711489538934980
4,34,28,31,168828337489796086
4,34,28,32,22705627941264536
4,34,28,33,2882654754907556
4,34,28,34,345396933048085
4,34,28,35,39026784676216
4,34,28,36,4152461661416
4,34,28,37,414866537260
4,34,28,38,38735440648
4,34,28,39,3372681278
4,34,28,40,269150051
4,34,28,41,19324354
4,34,28,42,1246257
4,34,28,43,61806
4,34,28,44,2565
4,34,28,45,28
4,34,28,46,0
4,34,28,47,0
4,34,28,48,0
4,34,28,49,0
4,34,28,50,0
4,34,28,51,0
4,34,28,52,0
4,34,28,53,0
4,34,28,54,0
4,34,28,55,0
4,34,28,56,0
4,34,28,57,0
4,34,28,58,0
4,34,28,59,0
4,34,28,60,0
4,34,28,61,0
4,34,28,62,0
4,34,28,63,0
4,34,28,64,0
4,34,28,65,0
4,34,28,66,0
4,34,28,67,0
4,34,28,68,0
4,34,28,69,0
4,34,28,70,0
4,34,28,71,0
4,34,28,72,0
4,34,28,73,0
4,34,28,74,0
4,34,28,75,0
4,34,28,76,0
4,34,28,77,0
4,34,28,78,0
4,34,28,79,0
4,34,28,80,0
4,34,28,81,0
4,34,28,82,0
4,34,28,83,0
4,34,28,84,0
4,34,28,85,0
4,34,28,86,0
4,34,28,87,0
4,34,28,88,0
4,34,28,89,0
4,34,28,90,0
4,34,28,91,0
4,34,28,92,0
4,34,28,93,0
4,34,28,94,0
4,34,28,95,0
4,34,28,96,0
4,34,28,97,0
4,34,28,98,0
4,34,28,99,0
4,34,28,100,0
4,34,28,101,0
4,34,28,102,0
4,34,28,103,0
4,34,28,104,0
4,34,28,105,0
4,34,28,106,0
4,34,28,107,0
4,34,28,108,0
4,34,28,109,0
4,34,28,110,0
4,34,28,111,0
4,34,28,112,0
4,34,28,113,0
4,34,28,114,0
4,34,28,115,0
4,34,28,116,0
4,34,28,117,0
4,34,28,118,0
4,34,28,119,0
4,34,28,120,0
4,34,28,121,0
4,34,28,122,0
4,34,28,123,0
4,34,28,124,0
4,34,28,125,0
4,34,28,126,0
4,34,28,127,0
4,34,28,128,0
4,34,28,129,0
4,34,28,130,0
4,34,28,131,0
4,34,28,132,0
4,34,28,133,0
4,34,28,134,0
4,34,28,135,0
4,34,28,136,0
4,34,28,137,0
4,34,28,138,0
4,34,28,139,0
4,34,28,140,0
4,34,28,141,0
4,34,28,142,0
4,34,28,143,0
4,34,28,144,0
4,34,28,145,0
4,34,28,146,0
4,34,28,147,0
4,34,28,148,0
4,34,28,149,0
4,34,28,150,0
4,34,28,151,0
4,34,28,152,0
4,34,28,153,0
4,34,28,154,0
4,34,28,155,0
4,34,28,156,0
4,34,28,157,0
4,34,28,158,0
4,34,28,159,0
4,34,28,160,0
4,34,28,161,0
4,34,28,162,0
4,34,28,163,0
4,34,28,164,0
4,34,28,165,0
4,34,28,166,0
4,34,28,167,0
4,34,28,168,0
4,34,28,169,0
4,34,28,170,0
4,34,28,171,0
4,34,28,172,0
4,34,28,173,0
4,34,28,174,0
4,34,28,175,0
4,34,28,176,0
4,34,28,177,0
4,34,28,178,0
4,34,28,179,0
4,34,28,180,0
4,34,28,181,0
4,34,28,182,0
4,34,28,183,0
4,34,28,184,0
4,34,28,185,0
4,34,28,186,0
4,34,28,187,0
4,34,28,188,0
4,34,28,189,0
4,34,28,190,0
4,34,28,191,0
4,34,28,192,0
4,34,28,193,0
4,34,28,194,0
4,34,28,195,0
4,34,28,196,0
4,34,28,197,0
4,34,28,198,0
4,34,28,199,0
4,34,28,200,0
4,34,28,201,0
4,34,28,202,0
4,34,28,203,0
4,34,28,204,0
4,34,28,205,0
4,34,28,206,0
4,34,28,207,0
4,34,28,208,0
4,34,28,209,0
4,34,28,210,0
4,34,28,211,0
4,34,28,212,0
4,34,28,213,0
4,34,28,214,0
4,34,28,215,0
4,34,28,216,0
4,34,28,217,0
4,34,28,218,0
4,34,28,219,0
4,34,28,220,0
4,34,28,221,0
4,34,28,222,0
4,34,28,223,0
4,34,28,224,0
4,34,28,225,0
4,34,28,226,0
4,34,28,227,0
4,34,28,228,0
4,34,28,229,0
4,34,28,230,0
4,34,28,231,0
4,34,28,232,0
4,34,28,233,0
4,34,28,234,0
4,34,29,0,1051595778004812858877592
4,34,29,1,15708262644976195407711192
4,34,29,2,117061466853836642691045432
4,34,29,3,573592307141163452804811048
4,34,29,4,2059865810518065508050044648
4,34,29,5,5738958611979214210772889536
4,34,29,6,12838735506600356719609276408
4,34,29,7,23593159280440053369380532484
4,34,29,8,36193000495538439808385900328
4,34,29,9,46915257165090931621161468252
4,34,29,10,51890352680912368630781687532
4,34,29,11,49380629989627646151657029232
4,34,29,12,40737747193487099569587354916
4,34,29,13,29343548958784181001140709596
4,34,29,14,18583916512972118104248806924
4,34,29,15,10420068257219998335965326940
4,34,29,16,5207991165593873533661143040
4,34,29,17,2335680310568275071582324484
4,34,29,18,945898377271613018592817672
4,34,29,19,347957917727346885167912332
4,34,29,20,116898983364223413472623476
4,34,29,21,36043232744426632786487144
4,34,29,22,10244112908980151419786808
4,34,29,23,2694426065128654997388016
4,34,29,24,658137583064069953438312
4,34,29,25,149753077438160234529328
4,34,29,26,31830410896044762558908
4,34,29,27,6335425934777081012856
4,34,29,28,1183340818059543325828
4,34,29,29,207806534441492036464
4,34,29,30,34365155225187909248
4,34,29,31,5358722770183215036
4,34,29,32,788749883294648032
4,34,29,33,109666591819449024
4,34,29,34,14408904905195304
4,34,29,35,1788982221742276
4,34,29,36,209793253293776
4,34,29,37,23214601622404
4,34,29,38,2417582490624
4,34,29,39,236661946240
4,34,29,40,21641228616
4,34,29,41,1832138184
4,34,29,42,143004164
4,34,29,43,9924524
4,34,29,44,609044
4,34,29,45,28096
4,34,29,46,1080
4,34,29,47,0
4,34,29,48,0
4,34,29,49,0
4,34,29,50,0
4,34,29,51,0
4,34,29,52,0
4,34,29,53,0
4,34,29,54,0
4,34,29,55,0
4,34,29,56,0
4,34,29,57,0
4,34,29,58,0
4,34,29,59,0
4,34,29,60,0
4,34,29,61,0
4,34,29,62,0
4,34,29,63,0
4,34,29,64,0
4,34,29,65,0
4,34,29,66,0
4,34,29,67,0
4,34,29,68,0
4,34,29,69,0
4,34,29,70,0
4,34,29,71,0
4,34,29,72,0
4,34,29,73,0
4,34,29,74,0
4,34,29,75,0
4,34,29,76,0
4,34,29,77,0
4,34,29,78,0
4,34,29,79,0
4,34,29,80,0
4,34,29,81,0
4,34,29,82,0
4,34,29,83,0
4,34,29,84,0
4,34,29,85,0
4,34,29,86,0
4,34,29,87,0
4,34,29,88,0
4,34,29,89,0
4,34,29,90,0
4,34,29,91,0
4,34,29,92,0
4,34,29,93,0
4,34,29,94,0
4,34,29,95,0
4,34,29,96,0
4,34,29,97,0
4,34,29,98,0
4,34,29,99,0
4,34,29,100,0
4,34,29,101,0
4,34,29,102,0
4,34,29,103,0
4,34,29,104,0
4,34,29,105,0
4,34,29,106,0
4,34,29,107,0
4,34,29,108,0
4,34,29,109,0
4,34,29,110,0
4,34,29,111,0
4,34,29,112,0
4,34,29,113,0
4,34,29,114,0
4,34,29,115,0
4,34,29,116,0
4,34,29,117,0
4,34,29,118,0
4,34,29,119,0
4,34,29,120,0
4,34,29,121,0
4,34,29,122,0
4,34,29,123,0
4,34,29,124,0
4,34,29,125,0
4,34,29,126,0
4,34,29,127,0
4,34,29,128,0
4,34,29,129,0
4,34,29,130,0
4,34,29,131,0
4,34,29,132,0
4,34,29,133,0
4,34,29,134,0
4,34,29,135,0
4,34,29,136,0
4,34,29,137,0
4,34,29,138,0
4,34,29,139,0
4,34,29,140,0
4,34,29,141,0
4,34,29,142,0
4,34,29,143,0
4,34,29,144,0
4,34,29,145,0
4,34,29,146,0
4,34,29,147,0
4,34,29,148,0
4,34,29,149,0
4,34,29,150,0
4,34,29,151,0
4,34,29,152,0
4,34,29,153,0
4,34,29,154,0
4,34,29,155,0
4,34,29,156,0
4,34,29,157,0
4,34,29,158,0
4,34,29,159,0
4,34,29,160,0
4,34,29,161,0
4,34,29,162,0
4,34,29,163,0
4,34,29,164,0
4,34,29,165,0
4,34,29,166,0
4,34,29,167,0
4,34,29,168,0
4,34,29,169,0
4,34,29,170,0
4,34,29,171,0
4,34,29,172,0
4,34,29,173,0
4,34,29,174,0
4,34,29,175,0
4,34,29,176,0
4,34,29,177,0
4,34,29,178,0
4,34,29,179,0
4,34,29,180,0
4,34,29,181,0
4,34,29,182,0
4,34,29,183,0
4,34,29,184,0
4,34,29,185,0
4,34,29,186,0
4,34,29,187,0
4,34,29,188,0
4,34,29,189,0
4,34,29,190,0
4,34,29,191,0
4,34,29,192,0
4,34,29,193,0
4,34,29,194,0
4,34,29,195,0
4,34,29,196,0
4,34,29,197,0
4,34,29,198,0
4,34,29,199,0
4,34,29,200,0
4,34,29,201,0
4,34,29,202,0
4,34,29,203,0
4,34,29,204,0
4,34,29,205,0
4,34,29,206,0
4,34,29,207,0
4,34,29,208,0
4,34,29,209,0
4,34,29,210,0
4,34,29,211,0
4,34,29,212,0
4,34,29,213,0
4,34,29,214,0
4,34,29,215,0
4,34,29,216,0
4,34,29,217,0
4,34,29,218,0
4,34,29,219,0
4,34,29,220,0
4,34,29,221,0
4,34,29,222,0
4,34,29,223,0
4,34,29,224,0
4,34,29,225,0
4,34,29,226,0
4,34,29,227,0
4,34,29,228,0
4,34,29,229,0
4,34,29,230,0
4,34,29,231,0
4,34,29,232,0
4,34,29,233,0
4,34,29,234,0
4,34,30,0,1378438193734807477894280
4,34,30,1,22241700176203232561492532
4,34,30,2,179601469893369122889639232
4,34,30,3,956663005828003986253867540
4,34,30,4,3747131706153032228448365800
4,34,30,5,11425322040293562595535306842
4,34,30,6,28067929897844637821875210368
4,34,30,7,56830974397070963225549226296
4,34,30,8,96369680551775193958125151846
4,34,30,9,138503494490953420829077816722
4,34,30,10,170310158101372235726333173486
4,34,30,11,180596413822803513275894908632
4,34,30,12,166306565399165234650264470058
4,34,30,13,133869380442290350429464234800
4,34,30,14,94792618236867052865078977776
4,34,30,15,59416470963547088067666390960
4,34,30,16,33172488159634022946130892784
4,34,30,17,16597845486526084866141275904
4,34,30,18,7487149316718111632890713660
4,34,30,19,3062247442956444690008633734
4,34,30,20,1141644215511776331189211474
4,34,30,21,389862082032061045600125100
4,34,30,22,122492904833840527300735450
4,34,30,23,35552603651201198894086176
4,34,30,24,9566550750281582687561880
4,34,30,25,2394215346053040742221140
4,34,30,26,558918336444801716012878
4,34,30,27,122019869506893477173836
4,34,30,28,24969355006194817060588
4,34,30,29,4799150653895273970102
4,34,30,30,867922607322679696536
4,34,30,31,147921276297722896364
4,34,30,32,23789256090505099560
4,34,30,33,3614034805676906916
4,34,30,34,519048887764303694
4,34,30,35,70508458984766482
4,34,30,36,9060551903481698
4,34,30,37,1101223966528714
4,34,30,38,126466056129070
4,34,30,39,13708817953956
4,34,30,40,1399698817566
4,34,30,41,134030327708
4,34,30,42,11990053104
4,34,30,43,991882866
4,34,30,44,75196416
4,34,30,45,5026424
4,34,30,46,296946
4,34,30,47,12286
4,34,30,48,378
4,34,30,49,0
4,34,30,50,0
4,34,30,51,0
4,34,30,52,0
4,34,30,53,0
4,34,30,54,0
4,34,30,55,0
4,34,30,56,0
4,34,30,57,0
4,34,30,58,0
4,34,30,59,0
4,34,30,60,0
4,34,30,61,0
4,34,30,62,0
4,34,30,63,0
4,34,30,64,0
4,34,30,65,0
4,34,30,66,0
4,34,30,67,0
4,34,30,68,0
4,34,30,69,0
4,34,30,70,0
4,34,30,71,0
4,34,30,72,0
4,34,30,73,0
4,34,30,74,0
4,34,30,75,0
4,34,30,76,0
4,34,30,77,0
4,34,30,78,0
4,34,30,79,0
4,34,30,80,0
4,34,30,81,0
4,34,30,82,0
4,34,30,83,0
4,34,30,84,0
4,34,30,85,0
4,34,30,86,0
4,34,30,87,0
4,34,30,88,0
4,34,30,89,0
4,34,30,90,0
4,34,30,91,0
4,34,30,92,0
4,34,30,93,0
4,34,30,94,0
4,34,30,95,0
4,34,30,96,0
4,34,30,97,0
4,34,30,98,0
4,34,30,99,0
4,34,30,100,0
4,34,30,101,0
4,34,30,102,0
4,34,30,103,0
4,34,30,104,0
4,34,30,105,0
4,34,30,106,0
4,34,30,107,0
4,34,30,108,0
4,34,30,109,0
4,34,30,110,0
4,34,30,111,0
4,34,30,112,0
4,34,30,113,0
4,34,30,114,0
4,34,30,115,0
4,34,30,116,0
4,34,30,117,0
4,34,30,118,0
4,34,30,119,0
4,34,30,120,0
4,34,30,121,0
4,34,30,122,0
4,34,30,123,0
4,34,30,124,0
4,34,30,125,0
4,34,30,126,0
4,34,30,127,0
4,34,30,128,0
4,34,30,129,0
4,34,30,130,0
4,34,30,131,0
4,34,30,132,0
4,34,30,133,0
4,34,30,134,0
4,34,30,135,0
4,34,30,136,0
4,34,30,137,0
4,34,30,138,0
4,34,30,139,0
4,34,30,140,0
4,34,30,141,0
4,34,30,142,0
4,34,30,143,0
4,34,30,144,0
4,34,30,145,0
4,34,30,146,0
4,34,30,147,0
4,34,30,148,0
4,34,30,149,0
4,34,30,150,0
4,34,30,151,0
4,34,30,152,0
4,34,30,153,0
4,34,30,154,0
4,34,30,155,0
4,34,30,156,0
4,34,30,157,0
4,34,30,158,0
4,34,30,159,0
4,34,30,160,0
4,34,30,161,0
4,34,30,162,0
4,34,30,163,0
4,34,30,164,0
4,34,30,165,0
4,34,30,166,0
4,34,30,167,0
4,34,30,168,0
4,34,30,169,0
4,34,30,170,0
4,34,30,171,0
4,34,30,172,0
4,34,30,173,0
4,34,30,174,0
4,34,30,175,0
4,34,30,176,0
4,34,30,177,0
4,34,30,178,0
4,34,30,179,0
4,34,30,180,0
4,34,30,181,0
4,34,30,182,0
4,34,30,183,0
4,34,30,184,0
4,34,30,185,0
4,34,30,186,0
4,34,30,187,0
4,34,30,188,0
4,34,30,189,0
4,34,30,190,0
4,34,30,191,0
4,34,30,192,0
4,34,30,193,0
4,34,30,194,0
4,34,30,195,0
4,34,30,196,0
4,34,30,197,0
4,34,30,198,0
4,34,30,199,0
4,34,30,200,0
4,34,30,201,0
4,34,30,202,0
4,34,30,203,0
4,34,30,204,0
4,34,30,205,0
4,34,30,206,0
4,34,30,207,0
4,34,30,208,0
4,34,30,209,0
4,34,30,210,0
4,34,30,211,0
4,34,30,212,0
4,34,30,213,0
4,34,30,214,0
4,34,30,215,0
4,34,30,216,0
4,34,30,217,0
4,34,30,218,0
4,34,30,219,0
4,34,30,220,0
4,34,30,221,0
4,34,30,222,0
4,34,30,223,0
4,34,30,224,0
4,34,30,225,0
4,34,30,226,0
4,34,30,227,0
4,34,30,228,0
4,34,30,229,0
4,34,30,230,0
4,34,30,231,0
4,34,30,232,0
4,34,30,233,0
4,34,30,234,0
4,34,31,0,1656916928418626574068576
4,34,31,1,28790074818669602880445528
4,34,31,2,251138369010390360784534544
4,34,31,3,1449705756601599118415530872
4,34,31,4,6173796218026449023663313416
4,34,31,5,20534637118264153440003195560
4,34,31,6,55211749916305649586701621624
4,34,31,7,122752753055998298896848988848
4,34,31,8,229294514928071775811634705496
4,34,31,9,364108632409933225584570607556
4,34,31,10,496053044719275226345187152980
4,34,31,11,584203334020651797668789514912
4,34,31,12,598674692639548565974657980564
4,34,31,13,537059770005065518829618527088
4,34,31,14,424188068995941075197192767996
4,34,31,15,296658121880499606668994322912
4,34,31,16,184741709484870939065467334788
4,34,31,17,103020758410489201967760132624
4,34,31,18,51730115861566636221261700476
4,34,31,19,23515791326416686803312048716
4,34,31,20,9727533310473600410806426248
4,34,31,21,3679264399007685741945210296
4,34,31,22,1278090318934021917775408296
4,34,31,23,409414997475079212552643248
4,34,31,24,121384239778832765579747336
4,34,31,25,33419243355808304654319392
4,34,31,26,8569656554171323872947156
4,34,31,27,2052247250541617360153996
4,34,31,28,460091350586833661557096
4,34,31,29,96771445314564742034712
4,34,31,30,19132873794284462227824
4,34,31,31,3561959735213989521244
4,34,31,32,625354058198045191220
4,34,31,33,103669368193462310124
4,34,31,34,16245246811150931060
4,34,31,35,2408322015097935840
4,34,31,36,337956071938784020
4,34,31,37,44905253259818156
4,34,31,38,5649132232448772
4,34,31,39,672513392845972
4,34,31,40,75702766282360
4,34,31,41,8042438428276
4,34,31,42,804483690688
4,34,31,43,75443751208
4,34,31,44,6603846280
4,34,31,45,531605520
4,34,31,46,39383716
4,34,31,47,2523424
4,34,31,48,136160
4,34,31,49,5736
4,34,31,50,108
4,34,31,51,0
4,34,31,52,0
4,34,31,53,0
4,34,31,54,0
4,34,31,55,0
4,34,31,56,0
4,34,31,57,0
4,34,31,58,0
4,34,31,59,0
4,34,31,60,0
4,34,31,61,0
4,34,31,62,0
4,34,31,63,0
4,34,31,64,0
4,34,31,65,0
4,34,31,66,0
4,34,31,67,0
4,34,31,68,0
4,34,31,69,0
4,34,31,70,0
4,34,31,71,0
4,34,31,72,0
4,34,31,73,0
4,34,31,74,0
4,34,31,75,0
4,34,31,76,0
4,34,31,77,0
4,34,31,78,0
4,34,31,79,0
4,34,31,80,0
4,34,31,81,0
4,34,31,82,0
4,34,31,83,0
4,34,31,84,0
4,34,31,85,0
4,34,31,86,0
4,34,31,87,0
4,34,31,88,0
4,34,31,89,0
4,34,31,90,0
4,34,31,91,0
4,34,31,92,0
4,34,31,93,0
4,34,31,94,0
4,34,31,95,0
4,34,31,96,0
4,34,31,97,0
4,34,31,98,0
4,34,31,99,0
4,34,31,100,0
4,34,31,101,0
4,34,31,102,0
4,34,31,103,0
4,34,31,104,0
4,34,31,105,0
4,34,31,106,0
4,34,31,107,0
4,34,31,108,0
4,34,31,109,0
4,34,31,110,0
4,34,31,111,0
4,34,31,112,0
4,34,31,113,0
4,34,31,114,0
4,34,31,115,0
4,34,31,116,0
4,34,31,117,0
4,34,31,118,0
4,34,31,119,0
4,34,31,120,0
4,34,31,121,0
4,34,31,122,0
4,34,31,123,0
4,34,31,124,0
4,34,31,125,0
4,34,31,126,0
4,34,31,127,0
4,34,31,128,0
4,34,31,129,0
4,34,31,130,0
4,34,31,131,0
4,34,31,132,0
4,34,31,133,0
4,34,31,134,0
4,34,31,135,0
4,34,31,136,0
4,34,31,137,0
4,34,31,138,0
4,34,31,139,0
4,34,31,140,0
4,34,31,141,0
4,34,31,142,0
4,34,31,143,0
4,34,31,144,0
4,34,31,145,0
4,34,31,146,0
4,34,31,147,0
4,34,31,148,0
4,34,31,149,0
4,34,31,150,0
4,34,31,151,0
4,34,31,152,0
4,34,31,153,0
4,34,31,154,0
4,34,31,155,0
4,34,31,156,0
4,34,31,157,0
4,34,31,158,0
4,34,31,159,0
4,34,31,160,0
4,34,31,161,0
4,34,31,162,0
4,34,31,163,0
4,34,31,164,0
4,34,31,165,0
4,34,31,166,0
4,34,31,167,0
4,34,31,168,0
4,34,31,169,0
4,34,31,170,0
4,34,31,171,0
4,34,31,172,0
4,34,31,173,0
4,34,31,174,0
4,34,31,175,0
4,34,31,176,0
4,34,31,177,0
4,34,31,178,0
4,34,31,179,0
4,34,31,180,0
4,34,31,181,0
4,34,31,182,0
4,34,31,183,0
4,34,31,184,0
4,34,31,185,0
4,34,31,186,0
4,34,31,187,0
4,34,31,188,0
4,34,31,189,0
4,34,31,190,0
4,34,31,191,0
4,34,31,192,0
4,34,31,193,0
4,34,31,194,0
4,34,31,195,0
4,34,31,196,0
4,34,31,197,0
4,34,31,198,0
4,34,31,199,0
4,34,31,200,0
4,34,31,201,0
4,34,31,202,0
4,34,31,203,0
4,34,31,204,0
4,34,31,205,0
4,34,31,206,0
4,34,31,207,0
4,34,31,208,0
4,34,31,209,0
4,34,31,210,0
4,34,31,211,0
4,34,31,212,0
4,34,31,213,0
4,34,31,214,0
4,34,31,215,0
4,34,31,216,0
4,34,31,217,0
4,34,31,218,0
4,34,31,219,0
4,34,31,220,0
4,34,31,221,0
4,34,31,222,0
4,34,31,223,0
4,34,31,224,0
4,34,31,225,0
4,34,31,226,0
4,34,31,227,0
4,34,31,228,0
4,34,31,229,0
4,34,31,230,0
4,34,31,231,0
4,34,31,232,0
4,34,31,233,0
4,34,31,234,0
4,34,32,0,1827088104189247759581569
4,34,32,1,34084017240471010549516144
4,34,32,2,320227895307020821902946368
4,34,32,3,1997322857275950655082395300
4,34,32,4,9220123459989828364656493632
4,34,32,5,33349579776558108954559591532
4,34,32,6,97826789684271135654345866126
4,34,32,7,238052074422177916935375461118
4,34,32,8,488211704726138684377621192890
4,34,32,9,853731392511321951759680323012
4,34,32,10,1284423472519360769792945551604
4,34,32,11,1674656861334719467659886323838
4,34,32,12,1904005830015991554115326353858
4,34,32,13,1898270030613001931983413193072
4,34,32,14,1668306516031943541193640185609
4,34,32,15,1299107822392190555867281493244
4,34,32,16,900904001386023248370066801449
4,34,32,17,559233485152436257662119137924
4,34,32,18,312322209811489816795418062019
4,34,32,19,157721924496058901204299018900
4,34,32,20,72373844504888246050983515576
4,34,32,21,30317589926314585805301167118
4,34,32,22,11644731063548226152728347943
4,34,32,23,4117592466804676010899947340
4,34,32,24,1345386654332075843405276403
4,34,32,25,407574791523130772722756628
4,34,32,26,114829684960161857801326379
4,34,32,27,30171159914986265170729102
4,34,32,28,7411567786531124690199950
4,34,32,29,1706053691173828748942126
4,34,32,30,368746702200081056691953
4,34,32,31,74974886478110248288212
4,34,32,32,14363828865360884534429
4,34,32,33,2596706882011403277622
4,34,32,34,443529948509302038493
4,34,32,35,71653038204700907714
4,34,32,36,10957968243907646340
4,34,32,37,1587399082554669766
4,34,32,38,217906157479653232
4,34,32,39,28346940119105308
4,34,32,40,3493861900887816
4,34,32,41,407724528938046
4,34,32,42,44997101764082
4,34,32,43,4686204990904
4,34,32,44,459586370479
4,34,32,45,42160333378
4,34,32,46,3613870903
4,34,32,47,283931838
4,34,32,48,20134346
4,34,32,49,1269128
4,34,32,50,61641
4,34,32,51,2470
4,34,32,52,27
4,34,32,53,0
4,34,32,54,0
4,34,32,55,0
4,34,32,56,0
4,34,32,57,0
4,34,32,58,0
4,34,32,59,0
4,34,32,60,0
4,34,32,61,0
4,34,32,62,0
4,34,32,63,0
4,34,32,64,0
4,34,32,65,0
4,34,32,66,0
4,34,32,67,0
4,34,32,68,0
4,34,32,69,0
4,34,32,70,0
4,34,32,71,0
4,34,32,72,0
4,34,32,73,0
4,34,32,74,0
4,34,32,75,0
4,34,32,76,0
4,34,32,77,0
4,34,32,78,0
4,34,32,79,0
4,34,32,80,0
4,34,32,81,0
4,34,32,82,0
4,34,32,83,0
4,34,32,84,0
4,34,32,85,0
4,34,32,86,0
4,34,32,87,0
4,34,32,88,0
4,34,32,89,0
4,34,32,90,0
4,34,32,91,0
4,34,32,92,0
4,34,32,93,0
4,34,32,94,0
4,34,32,95,0
4,34,32,96,0
4,34,32,97,0
4,34,32,98,0
4,34,32,99,0
4,34,32,100,0
4,34,32,101,0
4,34,32,102,0
4,34,32,103,0
4,34,32,104,0
4,34,32,105,0
4,34,32,106,0
4,34,32,107,0
4,34,32,108,0
4,34,32,109,0
4,34,32,110,0
4,34,32,111,0
4,34,32,112,0
4,34,32,113,0
4,34,32,114,0
4,34,32,115,0
4,34,32,116,0
4,34,32,117,0
4,34,32,118,0
4,34,32,119,0
4,34,32,120,0
4,34,32,121,0
4,34,32,122,0
4,34,32,123,0
4,34,32,124,0
4,34,32,125,0
4,34,32,126,0
4,34,32,127,0
4,34,32,128,0
4,34,32,129,0
4,34,32,130,0
4,34,32,131,0
4,34,32,132,0
4,34,32,133,0
4,34,32,134,0
4,34,32,135,0
4,34,32,136,0
4,34,32,137,0
4,34,32,138,0
4,34,32,139,0
4,34,32,140,0
4,34,32,141,0
4,34,32,142,0
4,34,32,143,0
4,34,32,144,0
4,34,32,145,0
4,34,32,146,0
4,34,32,147,0
4,34,32,148,0
4,34,32,149,0
4,34,32,150,0
4,34,32,151,0
4,34,32,152,0
4,34,32,153,0
4,34,32,154,0
4,34,32,155,0
4,34,32,156,0
4,34,32,157,0
4,34,32,158,0
4,34,32,159,0
4,34,32,160,0
4,34,32,161,0
4,34,32,162,0
4,34,32,163,0
4,34,32,164,0
4,34,32,165,0
4,34,32,166,0
4,34,32,167,0
4,34,32,168,0
4,34,32,169,0
4,34,32,170,0
4,34,32,171,0
4,34,32,172,0
4,34,32,173,0
4,34,32,174,0
4,34,32,175,0
4,34,32,176,0
4,34,32,177,0
4,34,32,178,0
4,34,32,179,0
4,34,32,180,0
4,34,32,181,0
4,34,32,182,0
4,34,32,183,0
4,34,32,184,0
4,34,32,185,0
4,34,32,186,0
4,34,32,187,0
4,34,32,188,0
4,34,32,189,0
4,34,32,190,0
4,34,32,191,0
4,34,32,192,0
4,34,32,193,0
4,34,32,194,0
4,34,32,195,0
4,34,32,196,0
4,34,32,197,0
4,34,32,198,0
4,34,32,199,0
4,34,32,200,0
4,34,32,201,0
4,34,32,202,0
4,34,32,203,0
4,34,32,204,0
4,34,32,205,0
4,34,32,206,0
4,34,32,207,0
4,34,32,208,0
4,34,32,209,0
4,34,32,210,0
4,34,32,211,0
4,34,32,212,0
4,34,32,213,0
4,34,32,214,0
4,34,32,215,0
4,34,32,216,0
4,34,32,217,0
4,34,32,218,0
4,34,32,219,0
4,34,32,220,0
4,34,32,221,0
4,34,32,222,0
4,34,32,223,0
4,34,32,224,0
4,34,32,225,0
4,34,32,226,0
4,34,32,227,0
4,34,32,228,0
4,34,32,229,0
4,34,32,230,0
4,34,32,231,0
4,34,32,232,0
4,34,32,233,0
4,34,32,234,0
4,34,33,0,1848936208733914378176312
4,34,33,1,36920571651275136793706944
4,34,33,2,372522767597617331861285976
4,34,33,3,2503260481181677004495929400
4,34,33,4,12489345281714680839727329864
4,34,33,5,48980026073200568408186412628
4,34,33,6,156275012761622138045061177168
4,34,33,7,414927361219489972596954892696
4,34,33,8,931355126296449398050778286400
4,34,33,9,1787835915118498654465878932860
4,34,33,10,2960977534247780899075960299536
4,34,33,11,4260833770878068708795363160360
4,34,33,12,5358824204602548922520504829032
4,34,33,13,5921350146906279419824426171952
4,34,33,14,5776176392560529692779734783436
4,34,33,15,4997391584683835557118652800688
4,34,33,16,3852334702688990491579463498184
4,34,33,17,2658183943926643098078706544192
4,34,33,18,1649461375356636381095421862980
4,34,33,19,924720500473713249082231928628
4,34,33,20,470520566007917462033064704484
4,34,33,21,218261585465272579071695509516
4,34,33,22,92693633866499090497750937164
4,34,33,23,36185078320038851256242571448
4,34,33,24,13032428802479130155087072640
4,34,33,25,4345281243528196624931989216
4,34,33,26,1345428683147585588601001596
4,34,33,27,387959939208309031882818836
4,34,33,28,104452294528139672551500604
4,34,33,29,26319226326156318375015260
4,34,33,30,6219821267194764469102468
4,34,33,31,1381250130384063987165728
4,34,33,32,288746566319846241371292
4,34,33,33,56910980856612874845704
4,34,33,34,10590609618177610677520
4,34,33,35,1863069569930396969304
4,34,33,36,310157358766846492252
4,34,33,37,48905930653149965296
4,34,33,38,7309106816548825340
4,34,33,39,1035825704764703624
4,34,33,40,139225581867252140
4,34,33,41,17747039262020484
4,34,33,42,2144515798215752
4,34,33,43,245419572778608
4,34,33,44,26567430132988
4,34,33,45,2712788387780
4,34,33,46,260778075988
4,34,33,47,23453576116
4,34,33,48,1956201264
4,34,33,49,150552880
4,34,33,50,10269964
4,34,33,51,617900
4,34,33,52,27768
4,34,33,53,1040
4,34,33,54,0
4,34,33,55,0
4,34,33,56,0
4,34,33,57,0
4,34,33,58,0
4,34,33,59,0
4,34,33,60,0
4,34,33,61,0
4,34,33,62,0
4,34,33,63,0
4,34,33,64,0
4,34,33,65,0
4,34,33,66,0
4,34,33,67,0
4,34,33,68,0
4,34,33,69,0
4,34,33,70,0
4,34,33,71,0
4,34,33,72,0
4,34,33,73,0
4,34,33,74,0
4,34,33,75,0
4,34,33,76,0
4,34,33,77,0
4,34,33,78,0
4,34,33,79,0
4,34,33,80,0
4,34,33,81,0
4,34,33,82,0
4,34,33,83,0
4,34,33,84,0
4,34,33,85,0
4,34,33,86,0
4,34,33,87,0
4,34,33,88,0
4,34,33,89,0
4,34,33,90,0
4,34,33,91,0
4,34,33,92,0
4,34,33,93,0
4,34,33,94,0
4,34,33,95,0
4,34,33,96,0
4,34,33,97,0
4,34,33,98,0
4,34,33,99,0
4,34,33,100,0
4,34,33,101,0
4,34,33,102,0
4,34,33,103,0
4,34,33,104,0
4,34,33,105,0
4,34,33,106,0
4,34,33,107,0
4,34,33,108,0
4,34,33,109,0
4,34,33,110,0
4,34,33,111,0
4,34,33,112,0
4,34,33,113,0
4,34,33,114,0
4,34,33,115,0
4,34,33,116,0
4,34,33,117,0
4,34,33,118,0
4,34,33,119,0
4,34,33,120,0
4,34,33,121,0
4,34,33,122,0
4,34,33,123,0
4,34,33,124,0
4,34,33,125,0
4,34,33,126,0
4,34,33,127,0
4,34,33,128,0
4,34,33,129,0
4,34,33,130,0
4,34,33,131,0
4,34,33,132,0
4,34,33,133,0
4,34,33,134,0
4,34,33,135,0
4,34,33,136,0
4,34,33,137,0
4,34,33,138,0
4,34,33,139,0
4,34,33,140,0
4,34,33,141,0
4,34,33,142,0
4,34,33,143,0
4,34,33,144,0
4,34,33,145,0
4,34,33,146,0
4,34,33,147,0
4,34,33,148,0
4,34,33,149,0
4,34,33,150,0
4,34,33,151,0
4,34,33,152,0
4,34,33,153,0
4,34,33,154,0
4,34,33,155,0
4,34,33,156,0
4,34,33,157,0
4,34,33,158,0
4,34,33,159,0
4,34,33,160,0
4,34,33,161,0
4,34,33,162,0
4,34,33,163,0
4,34,33,164,0
4,34,33,165,0
4,34,33,166,0
4,34,33,167,0
4,34,33,168,0
4,34,33,169,0
4,34,33,170,0
4,34,33,171,0
4,34,33,172,0
4,34,33,173,0
4,34,33,174,0
4,34,33,175,0
4,34,33,176,0
4,34,33,177,0
4,34,33,178,0
4,34,33,179,0
4,34,33,180,0
4,34,33,181,0
4,34,33,182,0
4,34,33,183,0
4,34,33,184,0
4,34,33,185,0
4,34,33,186,0
4,34,33,187,0
4,34,33,188,0
4,34,33,189,0
4,34,33,190,0
4,34,33,191,0
4,34,33,192,0
4,34,33,193,0
4,34,33,194,0
4,34,33,195,0
4,34,33,196,0
4,34,33,197,0
4,34,33,198,0
4,34,33,199,0
4,34,33,200,0
4,34,33,201,0
4,34,33,202,0
4,34,33,203,0
4,34,33,204,0
4,34,33,205,0
4,34,33,206,0
4,34,33,207,0
4,34,33,208,0
4,34,33,209,0
4,34,33,210,0
4,34,33,211,0
4,34,33,212,0
4,34,33,213,0
4,34,33,214,0
4,34,33,215,0
4,34,33,216,0
4,34,33,217,0
4,34,33,218,0
4,34,33,219,0
4,34,33,220,0
4,34,33,221,0
4,34,33,222,0
4,34,33,223,0
4,34,33,224,0
4,34,33,225,0
4,34,33,226,0
4,34,33,227,0
4,34,33,228,0
4,34,33,229,0
4,34,33,230,0
4,34,33,231,0
4,34,33,232,0
4,34,33,233,0
4,34,33,234,0
4,34,34,0,1717669002807920411293186
4,34,34,1,36606303236119317556953826
4,34,34,2,395524700260692891265138720
4,34,34,3,2855361951481591748348626592
4,34,34,4,15353436318462074774921378982
4,34,34,5,65097035339174391140287168604
4,34,34,6,225250075994090930695166872484
4,34,34,7,650615634415681260041229418402
4,34,34,8,1593548677881442001225752493908
4,34,34,9,3347784629441883946589282904670
4,34,34,10,6085116440138844694240619071044
4,34,34,11,9635505648614875825420486494098
4,34,34,12,13366856931371125475892830763614
4,34,34,13,16325183875200339150873435392124
4,34,34,14,17631567735444721705352998000198
4,34,34,15,16910598998434024996611076265114
4,34,34,16,14463022301861223993275271983778
4,34,34,17,11076229743574668371988703879194
4,34,34,18,7627437576937167069597657088338
4,34,34,19,4743052434971364348238754371654
4,34,34,20,2674667837363228607134052599844
4,34,34,21,1373506366149520485946869351008
4,34,34,22,644917951461808071060446508602
4,34,34,23,277956800892416034649070579164
4,34,34,24,110366614381720649114594593314
4,34,34,25,40510252498115077861215340622
4,34,34,26,13788739305580641474353779370
4,34,34,27,4364855508643588531930237114
4,34,34,28,1288389857744835777148934296
4,34,34,29,355470668201512362343129636
4,34,34,30,91874459761101672467933020
4,34,34,31,22289087008887663309395506
4,34,34,32,5085005666310553956462854
4,34,34,33,1092738465801331915270362
4,34,34,34,221525071431368940388058
4,34,34,35,42423053497309926155542
4,34,34,36,7683841868389650911264
4,34,34,37,1317679944696807283320
4,34,34,38,214133042998075707898
4,34,34,39,32999711957237912718
4,34,34,40,4825192322107323680
4,34,34,41,669618476769823698
4,34,34,42,88201358716271620
4,34,34,43,11024057780746370
4,34,34,44,1306717044570238
4,34,34,45,146716622409566
4,34,34,46,15580498808494
4,34,34,47,1561313144668
4,34,34,48,146942690900
4,34,34,49,12947355944
4,34,34,50,1054659694
4,34,34,51,78853574
4,34,34,52,5173622
4,34,34,53,299898
4,34,34,54,12028
4,34,34,55,364
4,34,34,56,0
4,34,34,57,0
4,34,34,58,0
4,34,34,59,0
4,34,34,60,0
4,34,34,61,0
4,34,34,62,0
4,34,34,63,0
4,34,34,64,0
4,34,34,65,0
4,34,34,66,0
4,34,34,67,0
4,34,34,68,0
4,34,34,69,0
4,34,34,70,0
4,34,34,71,0
4,34,34,72,0
4,34,34,73,0
4,34,34,74,0
4,34,34,75,0
4,34,34,76,0
4,34,34,77,0
4,34,34,78,0
4,34,34,79,0
4,34,34,80,0
4,34,34,81,0
4,34,34,82,0
4,34,34,83,0
4,34,34,84,0
4,34,34,85,0
4,34,34,86,0
4,34,34,87,0
4,34,34,88,0
4,34,34,89,0
4,34,34,90,0
4,34,34,91,0
4,34,34,92,0
4,34,34,93,0
4,34,34,94,0
4,34,34,95,0
4,34,34,96,0
4,34,34,97,0
4,34,34,98,0
4,34,34,99,0
4,34,34,100,0
4,34,34,101,0
4,34,34,102,0
4,34,34,103,0
4,34,34,104,0
4,34,34,105,0
4,34,34,106,0
4,34,34,107,0
4,34,34,108,0
4,34,34,109,0
4,34,34,110,0
4,34,34,111,0
4,34,34,112,0
4,34,34,113,0
4,34,34,114,0
4,34,34,115,0
4,34,34,116,0
4,34,34,117,0
4,34,34,118,0
4,34,34,119,0
4,34,34,120,0
4,34,34,121,0
4,34,34,122,0
4,34,34,123,0
4,34,34,124,0
4,34,34,125,0
4,34,34,126,0
4,34,34,127,0
4,34,34,128,0
4,34,34,129,0
4,34,34,130,0
4,34,34,131,0
4,34,34,132,0
4,34,34,133,0
4,34,34,134,0
4,34,34,135,0
4,34,34,136,0
4,34,34,137,0
4,34,34,138,0
4,34,34,139,0
4,34,34,140,0
4,34,34,141,0
4,34,34,142,0
4,34,34,143,0
4,34,34,144,0
4,34,34,145,0
4,34,34,146,0
4,34,34,147,0
4,34,34,148,0
4,34,34,149,0
4,34,34,150,0
4,34,34,151,0
4,34,34,152,0
4,34,34,153,0
4,34,34,154,0
4,34,34,155,0
4,34,34,156,0
4,34,34,157,0
4,34,34,158,0
4,34,34,159,0
4,34,34,160,0
4,34,34,161,0
4,34,34,162,0
4,34,34,163,0
4,34,34,164,0
4,34,34,165,0
4,34,34,166,0
4,34,34,167,0
4,34,34,168,0
4,34,34,169,0
4,34,34,170,0
4,34,34,171,0
4,34,34,172,0
4,34,34,173,0
4,34,34,174,0
4,34,34,175,0
4,34,34,176,0
4,34,34,177,0
4,34,34,178,0
4,34,34,179,0
4,34,34,180,0
4,34,34,181,0
4,34,34,182,0
4,34,34,183,0
4,34,34,184,0
4,34,34,185,0
4,34,34,186,0
4,34,34,187,0
4,34,34,188,0
4,34,34,189,0
4,34,34,190,0
4,34,34,191,0
4,34,34,192,0
4,34,34,193,0
4,34,34,194,0
4,34,34,195,0
4,34,34,196,0
4,34,34,197,0
4,34,34,198,0
4,34,34,199,0
4,34,34,200,0
4,34,34,201,0
4,34,34,202,0
4,34,34,203,0
4,34,34,204,0
4,34,34,205,0
4,34,34,206,0
4,34,34,207,0
4,34,34,208,0
4,34,34,209,0
4,34,34,210,0
4,34,34,211,0
4,34,34,212,0
4,34,34,213,0
4,34,34,214,0
4,34,34,215,0
4,34,34,216,0
4,34,34,217,0
4,34,34,218,0
4,34,34,219,0
4,34,34,220,0
4,34,34,221,0
4,34,34,222,0
4,34,34,223,0
4,34,34,224,0
4,34,34,225,0
4,34,34,226,0
4,34,34,227,0
4,34,34,228,0
4,34,34,229,0
4,34,34,230,0
4,34,34,231,0
4,34,34,232,0
4,34,34,233,0
4,34,34,234,0
4,34,35,0,1465418027708373583268620
4,34,35,1,33232428748902595713955804
4,34,35,2,383425930926348111013029728
4,34,35,3,2965472091019178411701388928
4,34,35,4,17137319573233675176036387556
4,34,35,5,78335849278835326168330293728
4,34,35,6,293135750567965894397985482516
4,34,35,7,918459284127424947334217394700
4,34,35,8,2447585189865806336818031004328
4,34,35,9,5610994841098063155407814016476
4,34,35,10,11160552744788060598846574230388
4,34,35,11,19390217129504204612143772325788
4,34,35,12,29586629954086391561641844921352
4,34,35,13,39832219576196135697409268819248
4,34,35,14,47510663857324037279662103543272
4,34,35,15,50400639734658433258221833215936
4,34,35,16,47729742286120311619021853186872
4,34,35,17,40500900615990282987853134947764
4,34,35,18,30909874764589244744837548965708
4,34,35,19,21298485619111847835613699718568
4,34,35,20,13301530014801878276213172514896
4,34,35,21,7558596188915400036011422292220
4,34,35,22,3923118349525970815021543234380
4,34,35,23,1866765206678143810467512412380
4,34,35,24,817266783580460710208543825972
4,34,35,25,330305041692371639397121426500
4,34,35,26,123625569969796799840387385896
4,34,35,27,42974110924838348941971872036
4,34,35,28,13911530624279901489446361272
4,34,35,29,4204176222414920323016782296
4,34,35,30,1188787999674728664553105600
4,34,35,31,315168613255773257180544896
4,34,35,32,78490854242936566314558600
4,34,35,33,18394430058771972706078208
4,34,35,34,4062884391913244915260972
4,34,35,35,847017738872985275143208
4,34,35,36,166890206597245688425244
4,34,35,37,31114401252721121847080
4,34,35,38,5494604163551850708488
4,34,35,39,919909592726567043548
4,34,35,40,146119853234359080500
4,34,35,41,22033085871023405156
4,34,35,42,3155064613516345244
4,34,35,43,429117997646855036
4,34,35,44,55429566433699244
4,34,35,45,6797069519915952
4,34,35,46,790622785101760
4,34,35,47,87138050682080
4,34,35,48,9079538295736
4,34,35,49,892419734132
4,34,35,50,82330470296
4,34,35,51,7099070280
4,34,35,52,563097512
4,34,35,53,41112908
4,34,35,54,2584864
4,34,35,55,136736
4,34,35,56,5568
4,34,35,57,104
4,34,35,58,0
4,34,35,59,0
4,34,35,60,0
4,34,35,61,0
4,34,35,62,0
4,34,35,63,0
4,34,35,64,0
4,34,35,65,0
4,34,35,66,0
4,34,35,67,0
4,34,35,68,0
4,34,35,69,0
4,34,35,70,0
4,34,35,71,0
4,34,35,72,0
4,34,35,73,0
4,34,35,74,0
4,34,35,75,0
4,34,35,76,0
4,34,35,77,0
4,34,35,78,0
4,34,35,79,0
4,34,35,80,0
4,34,35,81,0
4,34,35,82,0
4,34,35,83,0
4,34,35,84,0
4,34,35,85,0
4,34,35,86,0
4,34,35,87,0
4,34,35,88,0
4,34,35,89,0
4,34,35,90,0
4,34,35,91,0
4,34,35,92,0
4,34,35,93,0
4,34,35,94,0
4,34,35,95,0
4,34,35,96,0
4,34,35,97,0
4,34,35,98,0
4,34,35,99,0
4,34,35,100,0
4,34,35,101,0
4,34,35,102,0
4,34,35,103,0
4,34,35,104,0
4,34,35,105,0
4,34,35,106,0
4,34,35,107,0
4,34,35,108,0
4,34,35,109,0
4,34,35,110,0
4,34,35,111,0
4,34,35,112,0
4,34,35,113,0
4,34,35,114,0
4,34,35,115,0
4,34,35,116,0
4,34,35,117,0
4,34,35,118,0
4,34,35,119,0
4,34,35,120,0
4,34,35,121,0
4,34,35,122,0
4,34,35,123,0
4,34,35,124,0
4,34,35,125,0
4,34,35,126,0
4,34,35,127,0
4,34,35,128,0
4,34,35,129,0
4,34,35,130,0
4,34,35,131,0
4,34,35,132,0
4,34,35,133,0
4,34,35,134,0
4,34,35,135,0
4,34,35,136,0
4,34,35,137,0
4,34,35,138,0
4,34,35,139,0
4,34,35,140,0
4,34,35,141,0
4,34,35,142,0
4,34,35,143,0
4,34,35,144,0
4,34,35,145,0
4,34,35,146,0
4,34,35,147,0
4,34,35,148,0
4,34,35,149,0
4,34,35,150,0
4,34,35,151,0
4,34,35,152,0
4,34,35,153,0
4,34,35,154,0
4,34,35,155,0
4,34,35,156,0
4,34,35,157,0
4,34,35,158,0
4,34,35,159,0
4,34,35,160,0
4,34,35,161,0
4,34,35,162,0
4,34,35,163,0
4,34,35,164,0
4,34,35,165,0
4,34,35,166,0
4,34,35,167,0
4,34,35,168,0
4,34,35,169,0
4,34,35,170,0
4,34,35,171,0
4,34,35,172,0
4,34,35,173,0
4,34,35,174,0
4,34,35,175,0
4,34,35,176,0
4,34,35,177,0
4,34,35,178,0
4,34,35,179,0
4,34,35,180,0
4,34,35,181,0
4,34,35,182,0
4,34,35,183,0
4,34,35,184,0
4,34,35,185,0
4,34,35,186,0
4,34,35,187,0
4,34,35,188,0
4,34,35,189,0
4,34,35,190,0
4,34,35,191,0
4,34,35,192,0
4,34,35,193,0
4,34,35,194,0
4,34,35,195,0
4,34,35,196,0
4,34,35,197,0
4,34,35,198,0
4,34,35,199,0
4,34,35,200,0
4,34,35,201,0
4,34,35,202,0
4,34,35,203,0
4,34,35,204,0
4,34,35,205,0
4,34,35,206,0
4,34,35,207,0
4,34,35,208,0
4,34,35,209,0
4,34,35,210,0
4,34,35,211,0
4,34,35,212,0
4,34,35,213,0
4,34,35,214,0
4,34,35,215,0
4,34,35,216,0
4,34,35,217,0
4,34,35,218,0
4,34,35,219,0
4,34,35,220,0
4,34,35,221,0
4,34,35,222,0
4,34,35,223,0
4,34,35,224,0
4,34,35,225,0
4,34,35,226,0
4,34,35,227,0
4,34,35,228,0
4,34,35,229,0
4,34,35,230,0
4,34,35,231,0
4,34,35,232,0
4,34,35,233,0
4,34,35,234,0
4,34,36,0,1148524145032806881924310
4,34,36,1,27633100632934971916640962
4,34,36,2,339486039913076591927006103
4,34,36,3,2805188395245153019287229210
4,34,36,4,17375209249516791612436597781
4,34,36,5,85393118550059642167213655176
4,34,36,6,344619695368091942809451458158
4,34,36,7,1168033278123143218209653263010
4,34,36,8,3377153026675359585041682583730
4,34,36,9,8424324410860703187012351753976
4,34,36,10,18284668456399404567388068803371
4,34,36,11,34758229792970139068651636354854
4,34,36,12,58174969983229914915670728440869
4,34,36,13,86106622233420337387703491264964
4,34,36,14,113144090262811993648984801437861
4,34,36,15,132450509452244145173460605336748
4,34,36,16,138600388550379364852454856107060
4,34,36,17,130079565952114368208701233909270
4,34,36,18,109861812417827587387229207663368
4,34,36,19,83785154991083209461136129433866
4,34,36,20,57901745204807096205564484582098
4,34,36,21,36388509682187252970011847154652
4,34,36,22,20870493408440434147340130564674
4,34,36,23,10962919164714378160663218064332
4,34,36,24,5292152131789763580984314771394
4,34,36,25,2355465801497363796591512446798
4,34,36,26,969635638615993235518660038520
4,34,36,27,370246087730312426909092954114
4,34,36,28,131490866468356865003008582223
4,34,36,29,43541940124586708938976833564
4,34,36,30,13474896149011686006704574393
4,34,36,31,3905412252371493873220489762
4,34,36,32,1062127552110453063926920668
4,34,36,33,271538683766250087819298274
4,34,36,34,65365240635353017588689593
4,34,36,35,14838140743241365892682844
4,34,36,36,3180772429761708409827089
4,34,36,37,644698643332982668951828
4,34,36,38,123694502946658569056064
4,34,36,39,22488411486702171693666
4,34,36,40,3877674818789058326961
4,34,36,41,634625638520626489712
4,34,36,42,98641839780468838436
4,34,36,43,14567761086815315956
4,34,36,44,2044658352632363299
4,34,36,45,272745127131228342
4,34,36,46,34569367267074410
4,34,36,47,4161065521278552
4,34,36,48,475185291399832
4,34,36,49,51412190240216
4,34,36,50,5258023815030
4,34,36,51,507035826596
4,34,36,52,45796125967
4,34,36,53,3867110592
4,34,36,54,299685448
4,34,36,55,20926824
4,34,36,56,1290875
4,34,36,57,61634
4,34,36,58,2375
4,34,36,59,26
4,34,36,60,0
4,34,36,61,0
4,34,36,62,0
4,34,36,63,0
4,34,36,64,0
4,34,36,65,0
4,34,36,66,0
4,34,36,67,0
4,34,36,68,0
4,34,36,69,0
4,34,36,70,0
4,34,36,71,0
4,34,36,72,0
4,34,36,73,0
4,34,36,74,0
4,34,36,75,0
4,34,36,76,0
4,34,36,77,0
4,34,36,78,0
4,34,36,79,0
4,34,36,80,0
4,34,36,81,0
4,34,36,82,0
4,34,36,83,0
4,34,36,84,0
4,34,36,85,0
4,34,36,86,0
4,34,36,87,0
4,34,36,88,0
4,34,36,89,0
4,34,36,90,0
4,34,36,91,0
4,34,36,92,0
4,34,36,93,0
4,34,36,94,0
4,34,36,95,0
4,34,36,96,0
4,34,36,97,0
4,34,36,98,0
4,34,36,99,0
4,34,36,100,0
4,34,36,101,0
4,34,36,102,0
4,34,36,103,0
4,34,36,104,0
4,34,36,105,0
4,34,36,106,0
4,34,36,107,0
4,34,36,108,0
4,34,36,109,0
4,34,36,110,0
4,34,36,111,0
4,34,36,112,0
4,34,36,113,0
4,34,36,114,0
4,34,36,115,0
4,34,36,116,0
4,34,36,117,0
4,34,36,118,0
4,34,36,119,0
4,34,36,120,0
4,34,36,121,0
4,34,36,122,0
4,34,36,123,0
4,34,36,124,0
4,34,36,125,0
4,34,36,126,0
4,34,36,127,0
4,34,36,128,0
4,34,36,129,0
4,34,36,130,0
4,34,36,131,0
4,34,36,132,0
4,34,36,133,0
4,34,36,134,0
4,34,36,135,0
4,34,36,136,0
4,34,36,137,0
4,34,36,138,0
4,34,36,139,0
4,34,36,140,0
4,34,36,141,0
4,34,36,142,0
4,34,36,143,0
4,34,36,144,0
4,34,36,145,0
4,34,36,146,0
4,34,36,147,0
4,34,36,148,0
4,34,36,149,0
4,34,36,150,0
4,34,36,151,0
4,34,36,152,0
4,34,36,153,0
4,34,36,154,0
4,34,36,155,0
4,34,36,156,0
4,34,36,157,0
4,34,36,158,0
4,34,36,159,0
4,34,36,160,0
4,34,36,161,0
4,34,36,162,0
4,34,36,163,0
4,34,36,164,0
4,34,36,165,0
4,34,36,166,0
4,34,36,167,0
4,34,36,168,0
4,34,36,169,0
4,34,36,170,0
4,34,36,171,0
4,34,36,172,0
4,34,36,173,0
4,34,36,174,0
4,34,36,175,0
4,34,36,176,0
4,34,36,177,0
4,34,36,178,0
4,34,36,179,0
4,34,36,180,0
4,34,36,181,0
4,34,36,182,0
4,34,36,183,0
4,34,36,184,0
4,34,36,185,0
4,34,36,186,0
4,34,36,187,0
4,34,36,188,0
4,34,36,189,0
4,34,36,190,0
4,34,36,191,0
4,34,36,192,0
4,34,36,193,0
4,34,36,194,0
4,34,36,195,0
4,34,36,196,0
4,34,36,197,0
4,34,36,198,0
4,34,36,199,0
4,34,36,200,0
4,34,36,201,0
4,34,36,202,0
4,34,36,203,0
4,34,36,204,0
4,34,36,205,0
4,34,36,206,0
4,34,36,207,0
4,34,36,208,0
4,34,36,209,0
4,34,36,210,0
4,34,36,211,0
4,34,36,212,0
4,34,36,213,0
4,34,36,214,0
4,34,36,215,0
4,34,36,216,0
4,34,36,217,0
4,34,36,218,0
4,34,36,219,0
4,34,36,220,0
4,34,36,221,0
4,34,36,222,0
4,34,36,223,0
4,34,36,224,0
4,34,36,225,0
4,34,36,226,0
4,34,36,227,0
4,34,36,228,0
4,34,36,229,0
4,34,36,230,0
4,34,36,231,0
4,34,36,232,0
4,34,36,233,0
4,34,36,234,0
4,34,37,0,827245508521410287470112
4,34,37,1,21052286677850800070588012
4,34,37,2,274619122824768842118315556
4,34,37,3,2417723632511458623356601420
4,34,37,4,16007413974264061462695967292
4,34,37,5,84357250013235002771602035440
4,34,37,6,366166834212520033631264777736
4,34,37,7,1338878334373324575268135551336
4,34,37,8,4188598360753816448599289243176
4,34,37,9,11338182229600231668482953772032
4,34,37,10,26779886336386803282890412393956
4,34,37,11,55547919757123191236110812296244
4,34,37,12,101706053268699201937928231336320
4,34,37,13,165073874179961572895197944421968
4,34,37,14,238360707421422288614517324051124
4,34,37,15,307203979477853723079470493365308
4,34,37,16,354469675175416407563657612414572
4,34,37,17,367268202650560912815837311997852
4,34,37,18,342717895532460789589919338408428
4,34,37,19,288911325137991795476313791473192
4,34,37,20,220713506055024795546750160764644
4,34,37,21,153294578868484028022914058668900
4,34,37,22,97113222142522746470256866015000
4,34,37,23,56300066194803409100251396681464
4,34,37,24,29965930133642767934129923921000
4,34,37,25,14689512451806241046346972642544
4,34,37,26,6652199423554600222289572777476
4,34,37,27,2790939826152744577470232449316
4,34,37,28,1087765613581079029025219499928
4,34,37,29,394831484766716555663910834812
4,34,37,30,133780165254405161505822819896
4,34,37,31,42404317182228810859821074048
4,34,37,32,12598807462041397802627271076
4,34,37,33,3515164796786363949664659924
4,34,37,34,922557694977385833881589732
4,34,37,35,228113833870522955282852656
4,34,37,36,53216553321925660724685752
4,34,37,37,11728889674763411999792068
4,34,37,38,2445193041392036988631496
4,34,37,39,482725323609460651773588
4,34,37,40,90334778742185273980712
4,34,37,41,16038569273471332528416
4,34,37,42,2703750435609105745604
4,34,37,43,433046400822449647836
4,34,37,44,65929733318815780168
4,34,37,45,9544365253815023044
4,34,37,46,1313968136441886128
4,34,37,47,172010021243440488
4,34,37,48,21404040048081168
4,34,37,49,2529936822258948
4,34,37,50,283726989099256
4,34,37,51,30145733364400
4,34,37,52,3025779680768
4,34,37,53,286159086112
4,34,37,54,25359477896
4,34,37,55,2085484132
4,34,37,56,158112336
4,34,37,57,10626736
4,34,37,58,624980
4,34,37,59,27476
4,34,37,60,1000
4,34,37,61,0
4,34,37,62,0
4,34,37,63,0
4,34,37,64,0
4,34,37,65,0
4,34,37,66,0
4,34,37,67,0
4,34,37,68,0
4,34,37,69,0
4,34,37,70,0
4,34,37,71,0
4,34,37,72,0
4,34,37,73,0
4,34,37,74,0
4,34,37,75,0
4,34,37,76,0
4,34,37,77,0
4,34,37,78,0
4,34,37,79,0
4,34,37,80,0
4,34,37,81,0
4,34,37,82,0
4,34,37,83,0
4,34,37,84,0
4,34,37,85,0
4,34,37,86,0
4,34,37,87,0
4,34,37,88,0
4,34,37,89,0
4,34,37,90,0
4,34,37,91,0
4,34,37,92,0
4,34,37,93,0
4,34,37,94,0
4,34,37,95,0
4,34,37,96,0
4,34,37,97,0
4,34,37,98,0
4,34,37,99,0
4,34,37,100,0
4,34,37,101,0
4,34,37,102,0
4,34,37,103,0
4,34,37,104,0
4,34,37,105,0
4,34,37,106,0
4,34,37,107,0
4,34,37,108,0
4,34,37,109,0
4,34,37,110,0
4,34,37,111,0
4,34,37,112,0
4,34,37,113,0
4,34,37,114,0
4,34,37,115,0
4,34,37,116,0
4,34,37,117,0
4,34,37,118,0
4,34,37,119,0
4,34,37,120,0
4,34,37,121,0
4,34,37,122,0
4,34,37,123,0
4,34,37,124,0
4,34,37,125,0
4,34,37,126,0
4,34,37,127,0
4,34,37,128,0
4,34,37,129,0
4,34,37,130,0
4,34,37,131,0
4,34,37,132,0
4,34,37,133,0
4,34,37,134,0
4,34,37,135,0
4,34,37,136,0
4,34,37,137,0
4,34,37,138,0
4,34,37,139,0
4,34,37,140,0
4,34,37,141,0
4,34,37,142,0
4,34,37,143,0
4,34,37,144,0
4,34,37,145,0
4,34,37,146,0
4,34,37,147,0
4,34,37,148,0
4,34,37,149,0
4,34,37,150,0
4,34,37,151,0
4,34,37,152,0
4,34,37,153,0
4,34,37,154,0
4,34,37,155,0
4,34,37,156,0
4,34,37,157,0
4,34,37,158,0
4,34,37,159,0
4,34,37,160,0
4,34,37,161,0
4,34,37,162,0
4,34,37,163,0
4,34,37,164,0
4,34,37,165,0
4,34,37,166,0
4,34,37,167,0
4,34,37,168,0
4,34,37,169,0
4,34,37,170,0
4,34,37,171,0
4,34,37,172,0
4,34,37,173,0
4,34,37,174,0
4,34,37,175,0
4,34,37,176,0
4,34,37,177,0
4,34,37,178,0
4,34,37,179,0
4,34,37,180,0
4,34,37,181,0
4,34,37,182,0
4,34,37,183,0
4,34,37,184,0
4,34,37,185,0
4,34,37,186,0
4,34,37,187,0
4,34,37,188,0
4,34,37,189,0
4,34,37,190,0
4,34,37,191,0
4,34,37,192,0
4,34,37,193,0
4,34,37,194,0
4,34,37,195,0
4,34,37,196,0
4,34,37,197,0
4,34,37,198,0
4,34,37,199,0
4,34,37,200,0
4,34,37,201,0
4,34,37,202,0
4,34,37,203,0
4,34,37,204,0
4,34,37,205,0
4,34,37,206,0
4,34,37,207,0
4,34,37,208,0
4,34,37,209,0
4,34,37,210,0
4,34,37,211,0
4,34,37,212,0
4,34,37,213,0
4,34,37,214,0
4,34,37,215,0
4,34,37,216,0
4,34,37,217,0
4,34,37,218,0
4,34,37,219,0
4,34,37,220,0
4,34,37,221,0
4,34,37,222,0
4,34,37,223,0
4,34,37,224,0
4,34,37,225,0
4,34,37,226,0
4,34,37,227,0
4,34,37,228,0
4,34,37,229,0
4,34,37,230,0
4,34,37,231,0
4,34,37,232,0
4,34,37,233,0
4,34,37,234,0
4,34,38,0,547790689353511051445010
4,34,38,1,14699897058822673315382396
4,34,38,2,203019957386889385093174412
4,34,38,3,1899137153126337695676496328
4,34,38,4,13404519785558312146065572188
4,34,38,5,75545301319175047601936525606
4,34,38,6,351765248956958936902814749970
4,34,38,7,1383913173960906653951707948150
4,34,38,8,4672080593619000439911174000222
4,34,38,9,13687146568781308514668177956160
4,34,38,10,35085561784300393058120769512492
4,34,38,11,79198890116767106002675733334864
4,34,38,12,158218598714012246566044396650362
4,34,38,13,280871459800305261637208593005830
4,34,38,14,444585928330810550819326949637730
4,34,38,15,629374472023138754110003535096532
4,34,38,16,799044376364726667119865209874086
4,34,38,17,912213514646488365800229162338496
4,34,38,18,938934195766616881176235277883752
4,34,38,19,873690560703941641312863040230654
4,34,38,20,737007293515782805781940386930176
4,34,38,21,565232159063391934212935613010182
4,34,38,22,395283362367531677014481978809992
4,34,38,23,252828649110681946542460293127112
4,34,38,24,148352850572272837189392050945780
4,34,38,25,80097650262532677211260535383226
4,34,38,26,39908724283379293165335358907216
4,34,38,27,18401838186808175905231182655298
4,34,38,28,7873356751375973684533373866466
4,34,38,29,3133685155239411966299875879450
4,34,38,30,1162965022560695873567474107856
4,34,38,31,403311648853660767482903142806
4,34,38,32,130964917973331758430382484668
4,34,38,33,39895232112256249940531739158
4,34,38,34,11420625994855290694916277782
4,34,38,35,3077210780153116167281979260
4,34,38,36,781569671128135295749475530
4,34,38,37,187378212504179398951119514
4,34,38,38,42458569360935386196067464
4,34,38,39,9103709174910058910582430
4,34,38,40,1849049805913487553641916
4,34,38,41,356110259934071418546356
4,34,38,42,65089439050075231734742
4,34,38,43,11299629786864227978002
4,34,38,44,1864368200208292952416
4,34,38,45,292511120545394074936
4,34,38,46,43657727606042523264
4,34,38,47,6199815842704475734
4,34,38,48,837727504310411786
4,34,38,49,107681153900268564
4,34,38,50,13160463821491772
4,34,38,51,1528091231267428
4,34,38,52,168342139653260
4,34,38,53,17563356608556
4,34,38,54,1731301739536
4,34,38,55,160475948574
4,34,38,56,13933521482
4,34,38,57,1119716002
4,34,38,58,82467374
4,34,38,59,5319900
4,34,38,60,301644
4,34,38,61,11800
4,34,38,62,350
4,34,38,63,0
4,34,38,64,0
4,34,38,65,0
4,34,38,66,0
4,34,38,67,0
4,34,38,68,0
4,34,38,69,0
4,34,38,70,0
4,34,38,71,0
4,34,38,72,0
4,34,38,73,0
4,34,38,74,0
4,34,38,75,0
4,34,38,76,0
4,34,38,77,0
4,34,38,78,0
4,34,38,79,0
4,34,38,80,0
4,34,38,81,0
4,34,38,82,0
4,34,38,83,0
4,34,38,84,0
4,34,38,85,0
4,34,38,86,0
4,34,38,87,0
4,34,38,88,0
4,34,38,89,0
4,34,38,90,0
4,34,38,91,0
4,34,38,92,0
4,34,38,93,0
4,34,38,94,0
4,34,38,95,0
4,34,38,96,0
4,34,38,97,0
4,34,38,98,0
4,34,38,99,0
4,34,38,100,0
4,34,38,101,0
4,34,38,102,0
4,34,38,103,0
4,34,38,104,0
4,34,38,105,0
4,34,38,106,0
4,34,38,107,0
4,34,38,108,0
4,34,38,109,0
4,34,38,110,0
4,34,38,111,0
4,34,38,112,0
4,34,38,113,0
4,34,38,114,0
4,34,38,115,0
4,34,38,116,0
4,34,38,117,0
4,34,38,118,0
4,34,38,119,0
4,34,38,120,0
4,34,38,121,0
4,34,38,122,0
4,34,38,123,0
4,34,38,124,0
4,34,38,125,0
4,34,38,126,0
4,34,38,127,0
4,34,38,128,0
4,34,38,129,0
4,34,38,130,0
4,34,38,131,0
4,34,38,132,0
4,34,38,133,0
4,34,38,134,0
4,34,38,135,0
4,34,38,136,0
4,34,38,137,0
4,34,38,138,0
4,34,38,139,0
4,34,38,140,0
4,34,38,141,0
4,34,38,142,0
4,34,38,143,0
4,34,38,144,0
4,34,38,145,0
4,34,38,146,0
4,34,38,147,0
4,34,38,148,0
4,34,38,149,0
4,34,38,150,0
4,34,38,151,0
4,34,38,152,0
4,34,38,153,0
4,34,38,154,0
4,34,38,155,0
4,34,38,156,0
4,34,38,157,0
4,34,38,158,0
4,34,38,159,0
4,34,38,160,0
4,34,38,161,0
4,34,38,162,0
4,34,38,163,0
4,34,38,164,0
4,34,38,165,0
4,34,38,166,0
4,34,38,167,0
4,34,38,168,0
4,34,38,169,0
4,34,38,170,0
4,34,38,171,0
4,34,38,172,0
4,34,38,173,0
4,34,38,174,0
4,34,38,175,0
4,34,38,176,0
4,34,38,177,0
4,34,38,178,0
4,34,38,179,0
4,34,38,180,0
4,34,38,181,0
4,34,38,182,0
4,34,38,183,0
4,34,38,184,0
4,34,38,185,0
4,34,38,186,0
4,34,38,187,0
4,34,38,188,0
4,34,38,189,0
4,34,38,190,0
4,34,38,191,0
4,34,38,192,0
4,34,38,193,0
4,34,38,194,0
4,34,38,195,0
4,34,38,196,0
4,34,38,197,0
4,34,38,198,0
4,34,38,199,0
4,34,38,200,0
4,34,38,201,0
4,34,38,202,0
4,34,38,203,0
4,34,38,204,0
4,34,38,205,0
4,34,38,206,0
4,34,38,207,0
4,34,38,208,0
4,34,38,209,0
4,34,38,210,0
4,34,38,211,0
4,34,38,212,0
4,34,38,213,0
4,34,38,214,0
4,34,38,215,0
4,34,38,216,0
4,34,38,217,0
4,34,38,218,0
4,34,38,219,0
4,34,38,220,0
4,34,38,221,0
4,34,38,222,0
4,34,38,223,0
4,34,38,224,0
4,34,38,225,0
4,34,38,226,0
4,34,38,227,0
4,34,38,228,0
4,34,38,229,0
4,34,38,230,0
4,34,38,231,0
4,34,38,232,0
4,34,38,233,0
4,34,38,234,0
4,34,39,0,333630363502845041324516
4,34,39,1,9410746839990737428662240
4,34,39,2,137206717068808942816576052
4,34,39,3,1359977611133042862273389228
4,34,39,4,10205652617226587302457031372
4,34,39,5,61348706188153001177468830676
4,34,39,6,305634304190868594320402144180
4,34,39,7,1290375866012168133902372016932
4,34,39,8,4688723692557791967946347097212
4,34,39,9,14826759433143995675273461991728
4,34,39,10,41140865649537256263693304976224
4,34,39,11,100800439975945733916393602597088
4,34,39,12,219149297027820703639176877186620
4,34,39,13,424435664427705668842265913911904
4,34,39,14,734667883945664688380202946433448
4,34,39,15,1139713577730521396562847915106712
4,34,39,16,1588632219422701322173740941262972
4,34,39,17,1994382935167846180620164889995032
4,34,39,18,2260303169082985455563014621502660
4,34,39,19,2318065560236133563115640910093232
4,34,39,20,2156485424691486962883131533022820
4,34,39,21,1824455572421908225192655970255604
4,34,39,22,1407454646671538717054295654654448
4,34,39,23,992740223691765852952525012160176
4,34,39,24,642017722466396458573211981796216
4,34,39,25,381756267427555119367544463629204
4,34,39,26,209295453929103640321184148119876
4,34,39,27,106083090169719165645429745451756
4,34,39,28,49840252817277134217994771568400
4,34,39,29,21759175795781739476848081302856
4,34,39,30,8848129751076973826149116299268
4,34,39,31,3358620588538421562912635763308
4,34,39,32,1192501718165752473482713840324
4,34,39,33,396798957179530580984980089860
4,34,39,34,123954002887753882302704598248
4,34,39,35,36411525061432595381981844336
4,34,39,36,10073132330660967109244426652
4,34,39,37,2628151320496441455766359488
4,34,39,38,647540082494680164514863456
4,34,39,39,150849588934867735803169288
4,34,39,40,33264103542286719849369924
4,34,39,41,6950528783362686703420652
4,34,39,42,1377491747181706890582092
4,34,39,43,259160765500578021060512
4,34,39,44,46323032086487042076032
4,34,39,45,7871641013428139921164
4,34,39,46,1272380533759243777452
4,34,39,47,195721300935514899768
4,34,39,48,28658268623922658524
4,34,39,49,3994847660233673080
4,34,39,50,530088259107441972
4,34,39,51,66934933329280132
4,34,39,52,8037961324363572
4,34,39,53,917041561573484
4,34,39,54,99267020447040
4,34,39,55,10172184748796
4,34,39,56,984162335980
4,34,39,57,89476898824
4,34,39,58,7606282728
4,34,39,59,595367060
4,34,39,60,42775828
4,34,39,61,2641124
4,34,39,62,137152
4,34,39,63,5396
4,34,39,64,100
4,34,39,65,0
4,34,39,66,0
4,34,39,67,0
4,34,39,68,0
4,34,39,69,0
4,34,39,70,0
4,34,39,71,0
4,34,39,72,0
4,34,39,73,0
4,34,39,74,0
4,34,39,75,0
4,34,39,76,0
4,34,39,77,0
4,34,39,78,0
4,34,39,79,0
4,34,39,80,0
4,34,39,81,0
4,34,39,82,0
4,34,39,83,0
4,34,39,84,0
4,34,39,85,0
4,34,39,86,0
4,34,39,87,0
4,34,39,88,0
4,34,39,89,0
4,34,39,90,0
4,34,39,91,0
4,34,39,92,0
4,34,39,93,0
4,34,39,94,0
4,34,39,95,0
4,34,39,96,0
4,34,39,97,0
4,34,39,98,0
4,34,39,99,0
4,34,39,100,0
4,34,39,101,0
4,34,39,102,0
4,34,39,103,0
4,34,39,104,0
4,34,39,105,0
4,34,39,106,0
4,34,39,107,0
4,34,39,108,0
4,34,39,109,0
4,34,39,110,0
4,34,39,111,0
4,34,39,112,0
4,34,39,113,0
4,34,39,114,0
4,34,39,115,0
4,34,39,116,0
4,34,39,117,0
4,34,39,118,0
4,34,39,119,0
4,34,39,120,0
4,34,39,121,0
4,34,39,122,0
4,34,39,123,0
4,34,39,124,0
4,34,39,125,0
4,34,39,126,0
4,34,39,127,0
4,34,39,128,0
4,34,39,129,0
4,34,39,130,0
4,34,39,131,0
4,34,39,132,0
4,34,39,133,0
4,34,39,134,0
4,34,39,135,0
4,34,39,136,0
4,34,39,137,0
4,34,39,138,0
4,34,39,139,0
4,34,39,140,0
4,34,39,141,0
4,34,39,142,0
4,34,39,143,0
4,34,39,144,0
4,34,39,145,0
4,34,39,146,0
4,34,39,147,0
4,34,39,148,0
4,34,39,149,0
4,34,39,150,0
4,34,39,151,0
4,34,39,152,0
4,34,39,153,0
4,34,39,154,0
4,34,39,155,0
4,34,39,156,0
4,34,39,157,0
4,34,39,158,0
4,34,39,159,0
4,34,39,160,0
4,34,39,161,0
4,34,39,162,0
4,34,39,163,0
4,34,39,164,0
4,34,39,165,0
4,34,39,166,0
4,34,39,167,0
4,34,39,168,0
4,34,39,169,0
4,34,39,170,0
4,34,39,171,0
4,34,39,172,0
4,34,39,173,0
4,34,39,174,0
4,34,39,175,0
4,34,39,176,0
4,34,39,177,0
4,34,39,178,0
4,34,39,179,0
4,34,39,180,0
4,34,39,181,0
4,34,39,182,0
4,34,39,183,0
4,34,39,184,0
4,34,39,185,0
4,34,39,186,0
4,34,39,187,0
4,34,39,188,0
4,34,39,189,0
4,34,39,190,0
4,34,39,191,0
4,34,39,192,0
4,34,39,193,0
4,34,39,194,0
4,34,39,195,0
4,34,39,196,0
4,34,39,197,0
4,34,39,198,0
4,34,39,199,0
4,34,39,200,0
4,34,39,201,0
4,34,39,202,0
4,34,39,203,0
4,34,39,204,0
4,34,39,205,0
4,34,39,206,0
4,34,39,207,0
4,34,39,208,0
4,34,39,209,0
4,34,39,210,0
4,34,39,211,0
4,34,39,212,0
4,34,39,213,0
4,34,39,214,0
4,34,39,215,0
4,34,39,216,0
4,34,39,217,0
4,34,39,218,0
4,34,39,219,0
4,34,39,220,0
4,34,39,221,0
4,34,39,222,0
4,34,39,223,0
4,34,39,224,0
4,34,39,225,0
4,34,39,226,0
4,34,39,227,0
4,34,39,228,0
4,34,39,229,0
4,34,39,230,0
4,34,39,231,0
4,34,39,232,0
4,34,39,233,0
4,34,39,234,0
4,34,40,0,186977313439302280675958
4,34,40,1,5525699607067153156772000
4,34,40,2,84795473810332540230922158
4,34,40,3,888074914193353304800564222
4,34,40,4,7066428615268627324472690339
4,34,40,5,45188441308953416206200564020
4,34,40,6,240239541290500497422395429931
4,34,40,7,1085658101922631079788761501786
4,34,40,8,4234938185005493109989241455979
4,34,40,9,14418067477769409632540729793130
4,34,40,10,43194344578132334131121547517212
4,34,40,11,114577752227855265109788832513054
4,34,40,12,270404751214729989167475424452076
4,34,40,13,569933938704229085203721408815054
4,34,40,14,1076172284876857188061752451113774
4,34,40,15,1825272605315459492395648291778856
4,34,40,16,2787200842950982771702677420464969
4,34,40,17,3840002842719247971802656364629402
4,34,40,18,4783140246380051646824041036374305
4,34,40,19,5397717761819733711382186205336422
4,34,40,20,5530264945410260469528140307723427
4,34,40,21,5155665185260975371837143495033042
4,34,40,22,4383673680598224261482593771206585
4,34,40,23,3407722438165186480112311033875028
4,34,40,24,2428054125033603142785550192942876
4,34,40,25,1589795215416078843695936535634314
4,34,40,26,959051421563599247390905676447220
4,34,40,27,534418212138270701991155714432414
4,34,40,28,275775301193544882761295072631874
4,34,40,29,132105823140926959072224639536028
4,34,40,30,58883002282601670675961633310232
4,34,40,31,24474433520088498952521669349690
4,34,40,32,9505707077527419922063357886798
4,34,40,33,3456528447704839337532786386580
4,34,40,34,1178845185729640106733499373910
4,34,40,35,377708382950369696309247313240
4,34,40,36,113870500338524456718209286787
4,34,40,37,32347869809698419187131260554
4,34,40,38,8670472863257771261525510919
4,34,40,39,2195566686697899252486415626
4,34,40,40,525854456182828615272502037
4,34,40,41,119254301690005000670433018
4,34,40,42,25633842114488725023476996
4,34,40,43,5227487971237540939810286
4,34,40,44,1012246507072790987745169
4,34,40,45,186264908558980741877888
4,34,40,46,32593049946191370463733
4,34,40,47,5426520658574280074946
4,34,40,48,860049853171237188199
4,34,40,49,129800995024110159516
4,34,40,50,18658026758565186585
4,34,40,51,2554419090850674516
4,34,40,52,333022894711206915
4,34,40,53,41325422850935840
4,34,40,54,4877600281457909
4,34,40,55,546953104870448
4,34,40,56,58177310508637
4,34,40,57,5856104671964
4,34,40,58,556208360133
4,34,40,59,49544204578
4,34,40,60,4125299813
4,34,40,61,315276818
4,34,40,62,21698321
4,34,40,63,1308816
4,34,40,64,61523
4,34,40,65,2280
4,34,40,66,25
4,34,40,67,0
4,34,40,68,0
4,34,40,69,0
4,34,40,70,0
4,34,40,71,0
4,34,40,72,0
4,34,40,73,0
4,34,40,74,0
4,34,40,75,0
4,34,40,76,0
4,34,40,77,0
4,34,40,78,0
4,34,40,79,0
4,34,40,80,0
4,34,40,81,0
4,34,40,82,0
4,34,40,83,0
4,34,40,84,0
4,34,40,85,0
4,34,40,86,0
4,34,40,87,0
4,34,40,88,0
4,34,40,89,0
4,34,40,90,0
4,34,40,91,0
4,34,40,92,0
4,34,40,93,0
4,34,40,94,0
4,34,40,95,0
4,34,40,96,0
4,34,40,97,0
4,34,40,98,0
4,34,40,99,0
4,34,40,100,0
4,34,40,101,0
4,34,40,102,0
4,34,40,103,0
4,34,40,104,0
4,34,40,105,0
4,34,40,106,0
4,34,40,107,0
4,34,40,108,0
4,34,40,109,0
4,34,40,110,0
4,34,40,111,0
4,34,40,112,0
4,34,40,113,0
4,34,40,114,0
4,34,40,115,0
4,34,40,116,0
4,34,40,117,0
4,34,40,118,0
4,34,40,119,0
4,34,40,120,0
4,34,40,121,0
4,34,40,122,0
4,34,40,123,0
4,34,40,124,0
4,34,40,125,0
4,34,40,126,0
4,34,40,127,0
4,34,40,128,0
4,34,40,129,0
4,34,40,130,0
4,34,40,131,0
4,34,40,132,0
4,34,40,133,0
4,34,40,134,0
4,34,40,135,0
4,34,40,136,0
4,34,40,137,0
4,34,40,138,0
4,34,40,139,0
4,34,40,140,0
4,34,40,141,0
4,34,40,142,0
4,34,40,143,0
4,34,40,144,0
4,34,40,145,0
4,34,40,146,0
4,34,40,147,0
4,34,40,148,0
4,34,40,149,0
4,34,40,150,0
4,34,40,151,0
4,34,40,152,0
4,34,40,153,0
4,34,40,154,0
4,34,40,155,0
4,34,40,156,0
4,34,40,157,0
4,34,40,158,0
4,34,40,159,0
4,34,40,160,0
4,34,40,161,0
4,34,40,162,0
4,34,40,163,0
4,34,40,164,0
4,34,40,165,0
4,34,40,166,0
4,34,40,167,0
4,34,40,168,0
4,34,40,169,0
4,34,40,170,0
4,34,40,171,0
4,34,40,172,0
4,34,40,173,0
4,34,40,174,0
4,34,40,175,0
4,34,40,176,0
4,34,40,177,0
4,34,40,178,0
4,34,40,179,0
4,34,40,180,0
4,34,40,181,0
4,34,40,182,0
4,34,40,183,0
4,34,40,184,0
4,34,40,185,0
4,34,40,186,0
4,34,40,187,0
4,34,40,188,0
4,34,40,189,0
4,34,40,190,0
4,34,40,191,0
4,34,40,192,0
4,34,40,193,0
4,34,40,194,0
4,34,40,195,0
4,34,40,196,0
4,34,40,197,0
4,34,40,198,0
4,34,40,199,0
4,34,40,200,0
4,34,40,201,0
4,34,40,202,0
4,34,40,203,0
4,34,40,204,0
4,34,40,205,0
4,34,40,206,0
4,34,40,207,0
4,34,40,208,0
4,34,40,209,0
4,34,40,210,0
4,34,40,211,0
4,34,40,212,0
4,34,40,213,0
4,34,40,214,0
4,34,40,215,0
4,34,40,216,0
4,34,40,217,0
4,34,40,218,0
4,34,40,219,0
4,34,40,220,0
4,34,40,221,0
4,34,40,222,0
4,34,40,223,0
4,34,40,224,0
4,34,40,225,0
4,34,40,226,0
4,34,40,227,0
4,34,40,228,0
4,34,40,229,0
4,34,40,230,0
4,34,40,231,0
4,34,40,232,0
4,34,40,233,0
4,34,40,234,0
4,34,41,0,96472737882165395442728
4,34,41,1,2976964273500591646513956
4,34,41,2,47936651445034450537221176
4,34,41,3,528963524845507444303418988
4,34,41,4,4450742790936438999855921592
4,34,41,5,30197580817023977034968297132
4,34,41,6,170875688138838776032274846608
4,34,41,7,824415085051104959701663421948
4,34,41,8,3443535324701214455727466408080
4,34,41,9,12589993177522091628695239169508
4,34,41,10,40619431279032281844690606598920
4,34,41,11,116357099021924445428388508151444
4,34,41,12,297340694764890727342598639973956
4,34,41,13,680347350440124366451886306880484
4,34,41,14,1398039565281541504528848497712032
4,34,41,15,2586405660085426969440852838118384
4,34,41,16,4317070110776175834278197732952468
4,34,41,17,6513762562200706252853113431574032
4,34,41,18,8900493865034345185569399019223224
4,34,41,19,11033530208069147214419566090874236
4,34,41,20,12431653449015042685666527349326608
4,34,41,21,12755250052094446568402471538097140
4,34,41,22,11941892547661631696415057447534500
4,34,41,23,10223748420747476936231275669974900
4,34,41,24,8021873030876797339552714383203832
4,34,41,25,5782081290280067322153388240131684
4,34,41,26,3837734220308025278711504593890084
4,34,41,27,2351242129604062707201648143058440
4,34,41,28,1332891902349500767736690952809768
4,34,41,29,700793077488908796630582639865928
4,34,41,30,342507593110947941398894882261024
4,34,41,31,155948301874788433426051192475268
4,34,41,32,66285031126242561341162077701876
4,34,41,33,26352108769888260353540746889576
4,34,41,34,9816727681264973383214157257744
4,34,41,35,3432439219061009268872471941004
4,34,41,36,1128253361318418584547771403608
4,34,41,37,349151773165821554812150309288
4,34,41,38,101863613966815039442564422828
4,34,41,39,28052761826462915696436336020
4,34,41,40,7301347851488288439030227792
4,34,41,41,1797993050231330792801380180
4,34,41,42,419359791561588187332989488
4,34,41,43,92731289768063968290082632
4,34,41,44,19458269756660069786203452
4,34,41,45,3877823318022406917198344
4,34,41,46,734535876629197677041688
4,34,41,47,132336439228768161738484
4,34,41,48,22690731414354690245296
4,34,41,49,3704565907765509478432
4,34,41,50,576120096051579103200
4,34,41,51,85366065532845467224
4,34,41,52,12053061774781107752
4,34,41,53,1621490583008213048
4,34,41,54,207782692840783980
4,34,41,55,25348148507886496
4,34,41,56,2941351967433516
4,34,41,57,324237543711988
4,34,41,58,33896278807684
4,34,41,59,3351015726460
4,34,41,60,312366445360
4,34,41,61,27301312252
4,34,41,62,2216351912
4,34,41,63,165495072
4,34,41,64,10965524
4,34,41,65,629804
4,34,41,66,27164
4,34,41,67,960
4,34,41,68,0
4,34,41,69,0
4,34,41,70,0
4,34,41,71,0
4,34,41,72,0
4,34,41,73,0
4,34,41,74,0
4,34,41,75,0
4,34,41,76,0
4,34,41,77,0
4,34,41,78,0
4,34,41,79,0
4,34,41,80,0
4,34,41,81,0
4,34,41,82,0
4,34,41,83,0
4,34,41,84,0
4,34,41,85,0
4,34,41,86,0
4,34,41,87,0
4,34,41,88,0
4,34,41,89,0
4,34,41,90,0
4,34,41,91,0
4,34,41,92,0
4,34,41,93,0
4,34,41,94,0
4,34,41,95,0
4,34,41,96,0
4,34,41,97,0
4,34,41,98,0
4,34,41,99,0
4,34,41,100,0
4,34,41,101,0
4,34,41,102,0
4,34,41,103,0
4,34,41,104,0
4,34,41,105,0
4,34,41,106,0
4,34,41,107,0
4,34,41,108,0
4,34,41,109,0
4,34,41,110,0
4,34,41,111,0
4,34,41,112,0
4,34,41,113,0
4,34,41,114,0
4,34,41,115,0
4,34,41,116,0
4,34,41,117,0
4,34,41,118,0
4,34,41,119,0
4,34,41,120,0
4,34,41,121,0
4,34,41,122,0
4,34,41,123,0
4,34,41,124,0
4,34,41,125,0
4,34,41,126,0
4,34,41,127,0
4,34,41,128,0
4,34,41,129,0
4,34,41,130,0
4,34,41,131,0
4,34,41,132,0
4,34,41,133,0
4,34,41,134,0
4,34,41,135,0
4,34,41,136,0
4,34,41,137,0
4,34,41,138,0
4,34,41,139,0
4,34,41,140,0
4,34,41,141,0
4,34,41,142,0
4,34,41,143,0
4,34,41,144,0
4,34,41,145,0
4,34,41,146,0
4,34,41,147,0
4,34,41,148,0
4,34,41,149,0
4,34,41,150,0
4,34,41,151,0
4,34,41,152,0
4,34,41,153,0
4,34,41,154,0
4,34,41,155,0
4,34,41,156,0
4,34,41,157,0
4,34,41,158,0
4,34,41,159,0
4,34,41,160,0
4,34,41,161,0
4,34,41,162,0
4,34,41,163,0
4,34,41,164,0
4,34,41,165,0
4,34,41,166,0
4,34,41,167,0
4,34,41,168,0
4,34,41,169,0
4,34,41,170,0
4,34,41,171,0
4,34,41,172,0
4,34,41,173,0
4,34,41,174,0
4,34,41,175,0
4,34,41,176,0
4,34,41,177,0
4,34,41,178,0
4,34,41,179,0
4,34,41,180,0
4,34,41,181,0
4,34,41,182,0
4,34,41,183,0
4,34,41,184,0
4,34,41,185,0
4,34,41,186,0
4,34,41,187,0
4,34,41,188,0
4,34,41,189,0
4,34,41,190,0
4,34,41,191,0
4,34,41,192,0
4,34,41,193,0
4,34,41,194,0
4,34,41,195,0
4,34,41,196,0
4,34,41,197,0
4,34,41,198,0
4,34,41,199,0
4,34,41,200,0
4,34,41,201,0
4,34,41,202,0
4,34,41,203,0
4,34,41,204,0
4,34,41,205,0
4,34,41,206,0
4,34,41,207,0
4,34,41,208,0
4,34,41,209,0
4,34,41,210,0
4,34,41,211,0
4,34,41,212,0
4,34,41,213,0
4,34,41,214,0
4,34,41,215,0
4,34,41,216,0
4,34,41,217,0
4,34,41,218,0
4,34,41,219,0
4,34,41,220,0
4,34,41,221,0
4,34,41,222,0
4,34,41,223,0
4,34,41,224,0
4,34,41,225,0
4,34,41,226,0
4,34,41,227,0
4,34,41,228,0
4,34,41,229,0
4,34,41,230,0
4,34,41,231,0
4,34,41,232,0
4,34,41,233,0
4,34,41,234,0
4,34,42,0,45851155242719292499826
4,34,42,1,1472192867643594114964772
4,34,42,2,24797289249411160674553640
4,34,42,3,287460102946243615250113262
4,34,42,4,2550576639616151180141020694
4,34,42,5,18311746599136241544532967418
4,34,42,6,110000739127774604714786823942
4,34,42,7,565148073598921277541720878522
4,34,42,8,2521273551126454624583783718732
4,34,42,9,9874225715323605390298349666696
4,34,42,10,34222070937560754339044964402886
4,34,42,11,105599886155034910510951061550114
4,34,42,12,291470124654731244878130220327854
4,34,42,13,722225351303862810732015633602920
4,34,42,14,1611206077097504493184099325415878
4,34,42,15,3243761540445739569665656876680834
4,34,42,16,5905069123820770421926061167642508
4,34,42,17,9737185081567463471193825039129374
4,34,42,18,14566972242325788616968911768425104
4,34,42,19,19801828524476397028086021038583148
4,34,42,20,24497443287438330044619562956442500
4,34,42,21,27626338562165007821567742858441022
4,34,42,22,28448777422027007566306760811551870
4,34,42,23,26800506408887784518195121844205158
4,34,42,24,23142758175558057503127978825441134
4,34,42,25,18356141185983167414349184724912326
4,34,42,26,13402378704368832714942256287700996
4,34,42,27,9027814294654487173798998127788532
4,34,42,28,5622906337830375382213705014074102
4,34,42,29,3245562654450894244728899559795178
4,34,42,30,1739904980487054494032843377269694
4,34,42,31,868146438459215996474768068380762
4,34,42,32,403997556087187940816041514662008
4,34,42,33,175680565542956393795658738100642
4,34,42,34,71518764704188197919903811614082
4,34,42,35,27302963501488438475520077041860
4,34,42,36,9790082414383704177431896754344
4,34,42,37,3302146867798472744943910956328
4,34,42,38,1049163760483610525330214032140
4,34,42,39,314405966122537692660580863648
4,34,42,40,88974736088056942394532454286
4,34,42,41,23804903448845788087799675998
4,34,42,42,6027756360625955177366162932
4,34,42,43,1446015095304802823249317286
4,34,42,44,328950072980244716143835822
4,34,42,45,71025365764491994095613916
4,34,42,46,14567435673572571391458566
4,34,42,47,2840341551542875493318890
4,34,42,48,526837716178245244410874
4,34,42,49,93018383547869356731586
4,34,42,50,15641359943411674975768
4,34,42,51,2505983133631575304202
4,34,42,52,382660184390752224052
4,34,42,53,55699978977775979058
4,34,42,54,7728766466257356968
4,34,42,55,1022130048438736276
4,34,42,56,128787595300985522
4,34,42,57,15449979174276080
4,34,42,58,1762990835341302
4,34,42,59,191074094546820
4,34,42,60,19630949085964
4,34,42,61,1906911302812
4,34,42,62,174351162266
4,34,42,63,14932222518
4,34,42,64,1184980450
4,34,42,65,85928146
4,34,42,66,5452670
4,34,42,67,302632
4,34,42,68,11552
4,34,42,69,336
4,34,42,70,0
4,34,42,71,0
4,34,42,72,0
4,34,42,73,0
4,34,42,74,0
4,34,42,75,0
4,34,42,76,0
4,34,42,77,0
4,34,42,78,0
4,34,42,79,0
4,34,42,80,0
4,34,42,81,0
4,34,42,82,0
4,34,42,83,0
4,34,42,84,0
4,34,42,85,0
4,34,42,86,0
4,34,42,87,0
4,34,42,88,0
4,34,42,89,0
4,34,42,90,0
4,34,42,91,0
4,34,42,92,0
4,34,42,93,0
4,34,42,94,0
4,34,42,95,0
4,34,42,96,0
4,34,42,97,0
4,34,42,98,0
4,34,42,99,0
4,34,42,100,0
4,34,42,101,0
4,34,42,102,0
4,34,42,103,0
4,34,42,104,0
4,34,42,105,0
4,34,42,106,0
4,34,42,107,0
4,34,42,108,0
4,34,42,109,0
4,34,42,110,0
4,34,42,111,0
4,34,42,112,0
4,34,42,113,0
4,34,42,114,0
4,34,42,115,0
4,34,42,116,0
4,34,42,117,0
4,34,42,118,0
4,34,42,119,0
4,34,42,120,0
4,34,42,121,0
4,34,42,122,0
4,34,42,123,0
4,34,42,124,0
4,34,42,125,0
4,34,42,126,0
4,34,42,127,0
4,34,42,128,0
4,34,42,129,0
4,34,42,130,0
4,34,42,131,0
4,34,42,132,0
4,34,42,133,0
4,34,42,134,0
4,34,42,135,0
4,34,42,136,0
4,34,42,137,0
4,34,42,138,0
4,34,42,139,0
4,34,42,140,0
4,34,42,141,0
4,34,42,142,0
4,34,42,143,0
4,34,42,144,0
4,34,42,145,0
4,34,42,146,0
4,34,42,147,0
4,34,42,148,0
4,34,42,149,0
4,34,42,150,0
4,34,42,151,0
4,34,42,152,0
4,34,42,153,0
4,34,42,154,0
4,34,42,155,0
4,34,42,156,0
4,34,42,157,0
4,34,42,158,0
4,34,42,159,0
4,34,42,160,0
4,34,42,161,0
4,34,42,162,0
4,34,42,163,0
4,34,42,164,0
4,34,42,165,0
4,34,42,166,0
4,34,42,167,0
4,34,42,168,0
4,34,42,169,0
4,34,42,170,0
4,34,42,171,0
4,34,42,172,0
4,34,42,173,0
4,34,42,174,0
4,34,42,175,0
4,34,42,176,0
4,34,42,177,0
4,34,42,178,0
4,34,42,179,0
4,34,42,180,0
4,34,42,181,0
4,34,42,182,0
4,34,42,183,0
4,34,42,184,0
4,34,42,185,0
4,34,42,186,0
4,34,42,187,0
4,34,42,188,0
4,34,42,189,0
4,34,42,190,0
4,34,42,191,0
4,34,42,192,0
4,34,42,193,0
4,34,42,194,0
4,34,42,195,0
4,34,42,196,0
4,34,42,197,0
4,34,42,198,0
4,34,42,199,0
4,34,42,200,0
4,34,42,201,0
4,34,42,202,0
4,34,42,203,0
4,34,42,204,0
4,34,42,205,0
4,34,42,206,0
4,34,42,207,0
4,34,42,208,0
4,34,42,209,0
4,34,42,210,0
4,34,42,211,0
4,34,42,212,0
4,34,42,213,0
4,34,42,214,0
4,34,42,215,0
4,34,42,216,0
4,34,42,217,0
4,34,42,218,0
4,34,42,219,0
4,34,42,220,0
4,34,42,221,0
4,34,42,222,0
4,34,42,223,0
4,34,42,224,0
4,34,42,225,0
4,34,42,226,0
4,34,42,227,0
4,34,42,228,0
4,34,42,229,0
4,34,42,230,0
4,34,42,231,0
4,34,42,232,0
4,34,42,233,0
4,34,42,234,0
4,34,43,0,20085322094625922648924
4,34,43,1,668578871251076620537024
4,34,43,2,11741749158850432544148696
4,34,43,3,142569090237516856254677308
4,34,43,4,1330197227113706871858876052
4,34,43,5,10078223399809614185926755044
4,34,43,6,64101131937133239830019931556
4,34,43,7,349795261337227462378090032448
4,34,43,8,1662517206467360810093999545644
4,34,43,9,6956915609113435661173427552428
4,34,43,10,25836145473288354468688342466040
4,34,43,11,85664929834780528825820239580768
4,34,43,12,254760395355655790436768074929400
4,34,43,13,681953965479743033221755833904720
4,34,43,14,1647722686797388233645163032948312
4,34,43,15,3601559256198855408471107794625912
4,34,43,16,7134682407097193819551836109148104
4,34,43,17,12829817317130652871359766341921776
4,34,43,18,20972049739687318462835591810612964
4,34,43,19,31204288108083367052761973727836584
4,34,43,20,42316978882792794658276477328738652
4,34,43,21,52376347770224664206413053803544484
4,34,43,22,59252391991508010294228974771620476
4,34,43,23,61362745779319766761312050750398588
4,34,43,24,58272500632977500007483084297589584
4,34,43,25,50835576294116932922338583975292412
4,34,43,26,40817897270880168759664737475393232
4,34,43,27,30226286084142497796851592806728208
4,34,43,28,20685657360405169268466027607008232
4,34,43,29,13110399662918826603390577059264072
4,34,43,30,7711424755253321307541817938143236
4,34,43,31,4218135217835056932831134858121388
4,34,43,32,2150019353012849341224744424629620
4,34,43,33,1023137437738972183924117912278360
4,34,43,34,455394585146062456139816171910928
4,34,43,35,189911766219098636590751807517996
4,34,43,36,74323804456317607461049863694128
4,34,43,37,27338373346142198387017688744912
4,34,43,38,9464538241518639996176835852432
4,34,43,39,3088027770011539971970857024228
4,34,43,40,950723050009977250567019279348
4,34,43,41,276516200791650469369720333060
4,34,43,42,76059510004915372977404932584
4,34,43,43,19806073786945968538222181656
4,34,43,44,4887377474609662713497136536
4,34,43,45,1143887462034969200401389880
4,34,43,46,254152937886764581494437492
4,34,43,47,53649132416969098717292976
4,34,43,48,10767449846599873322936900
4,34,43,49,2056107290805180239419640
4,34,43,50,373793578636944515343880
4,34,43,51,64730306339950085533688
4,34,43,52,10682459351363026523484
4,34,43,53,1680645642335805184268
4,34,43,54,252129950515540984956
4,34,43,55,36071022735682402788
4,34,43,56,4920970225983091544
4,34,43,57,640014594464353548
4,34,43,58,79317537288264712
4,34,43,59,9359538040198912
4,34,43,60,1050408853753108
4,34,43,61,111949428061440
4,34,43,62,11304941030440
4,34,43,63,1078409592972
4,34,43,64,96761733272
4,34,43,65,8117343160
4,34,43,66,627114116
4,34,43,67,44358852
4,34,43,68,2689444
4,34,43,69,137156
4,34,43,70,5220
4,34,43,71,96
4,34,43,72,0
4,34,43,73,0
4,34,43,74,0
4,34,43,75,0
4,34,43,76,0
4,34,43,77,0
4,34,43,78,0
4,34,43,79,0
4,34,43,80,0
4,34,43,81,0
4,34,43,82,0
4,34,43,83,0
4,34,43,84,0
4,34,43,85,0
4,34,43,86,0
4,34,43,87,0
4,34,43,88,0
4,34,43,89,0
4,34,43,90,0
4,34,43,91,0
4,34,43,92,0
4,34,43,93,0
4,34,43,94,0
4,34,43,95,0
4,34,43,96,0
4,34,43,97,0
4,34,43,98,0
4,34,43,99,0
4,34,43,100,0
4,34,43,101,0
4,34,43,102,0
4,34,43,103,0
4,34,43,104,0
4,34,43,105,0
4,34,43,106,0
4,34,43,107,0
4,34,43,108,0
4,34,43,109,0
4,34,43,110,0
4,34,43,111,0
4,34,43,112,0
4,34,43,113,0
4,34,43,114,0
4,34,43,115,0
4,34,43,116,0
4,34,43,117,0
4,34,43,118,0
4,34,43,119,0
4,34,43,120,0
4,34,43,121,0
4,34,43,122,0
4,34,43,123,0
4,34,43,124,0
4,34,43,125,0
4,34,43,126,0
4,34,43,127,0
4,34,43,128,0
4,34,43,129,0
4,34,43,130,0
4,34,43,131,0
4,34,43,132,0
4,34,43,133,0
4,34,43,134,0
4,34,43,135,0
4,34,43,136,0
4,34,43,137,0
4,34,43,138,0
4,34,43,139,0
4,34,43,140,0
4,34,43,141,0
4,34,43,142,0
4,34,43,143,0
4,34,43,144,0
4,34,43,145,0
4,34,43,146,0
4,34,43,147,0
4,34,43,148,0
4,34,43,149,0
4,34,43,150,0
4,34,43,151,0
4,34,43,152,0
4,34,43,153,0
4,34,43,154,0
4,34,43,155,0
4,34,43,156,0
4,34,43,157,0
4,34,43,158,0
4,34,43,159,0
4,34,43,160,0
4,34,43,161,0
4,34,43,162,0
4,34,43,163,0
4,34,43,164,0
4,34,43,165,0
4,34,43,166,0
4,34,43,167,0
4,34,43,168,0
4,34,43,169,0
4,34,43,170,0
4,34,43,171,0
4,34,43,172,0
4,34,43,173,0
4,34,43,174,0
4,34,43,175,0
4,34,43,176,0
4,34,43,177,0
4,34,43,178,0
4,34,43,179,0
4,34,43,180,0
4,34,43,181,0
4,34,43,182,0
4,34,43,183,0
4,34,43,184,0
4,34,43,185,0
4,34,43,186,0
4,34,43,187,0
4,34,43,188,0
4,34,43,189,0
4,34,43,190,0
4,34,43,191,0
4,34,43,192,0
4,34,43,193,0
4,34,43,194,0
4,34,43,195,0
4,34,43,196,0
4,34,43,197,0
4,34,43,198,0
4,34,43,199,0
4,34,43,200,0
4,34,43,201,0
4,34,43,202,0
4,34,43,203,0
4,34,43,204,0
4,34,43,205,0
4,34,43,206,0
4,34,43,207,0
4,34,43,208,0
4,34,43,209,0
4,34,43,210,0
4,34,43,211,0
4,34,43,212,0
4,34,43,213,0
4,34,43,214,0
4,34,43,215,0
4,34,43,216,0
4,34,43,217,0
4,34,43,218,0
4,34,43,219,0
4,34,43,220,0
4,34,43,221,0
4,34,43,222,0
4,34,43,223,0
4,34,43,224,0
4,34,43,225,0
4,34,43,226,0
4,34,43,227,0
4,34,43,228,0
4,34,43,229,0
4,34,43,230,0
4,34,43,231,0
4,34,43,232,0
4,34,43,233,0
4,34,43,234,0
4,34,44,0,8114340683462698159350
4,34,44,1,278956562124342666942480
4,34,44,2,5091069574082450507924200
4,34,44,3,64549327328778423863938568
4,34,44,4,631484941142031853594485464
4,34,44,5,5035167198353140467396911032
4,34,44,6,33818713877663143029341082104
4,34,44,7,195505937122724701253805544362
4,34,44,8,987413070838998095829752435079
4,34,44,9,4403748966136056509016170946920
4,34,44,10,17480621312316216873272702800409
4,34,44,11,62126176089092256941684518775338
4,34,44,12,198579918677127567065633626168293
4,34,44,13,572860117003079497652806935070894
4,34,44,14,1495514703474673957783321449570557
4,34,44,15,3540717528646775385792965959794402
4,34,44,16,7615533809883362171950198699685726
4,34,44,17,14901901091574133535127159422735980
4,34,44,18,26561747171265918178455976624639309
4,34,44,19,43175824186899772577840085609846004
4,34,44,20,64072757086944142462579809811948278
4,34,44,21,86904823950358088163504640178840334
4,34,44,22,107862306017028227131653986236997184
4,34,44,23,122662416126835078436435191404403240
4,34,44,24,127991738442887741896259868109313485
4,34,44,25,122729580397291572403930929919787534
4,34,44,26,108326851975621672786507883065250328
4,34,44,27,88168590386335358485579818670474816
4,34,44,28,66296898014177585621724236657711413
4,34,44,29,46143657663414610246964596820153072
4,34,44,30,29786690630094621740239929154799958
4,34,44,31,17868015262413750225045857808833488
4,34,44,32,9979630843313016537252340645297584
4,34,44,33,5199410647341211878228561899062426
4,34,44,34,2531519221678597415085556582259791
4,34,44,35,1153836833463158941120666316509430
4,34,44,36,493118426261531112993340134593319
4,34,44,37,197909614852609145951421862431082
4,34,44,38,74698940149887579926860733850503
4,34,44,39,26550731491824493225098118822610
4,34,44,40,8898111824854828508614052180168
4,34,44,41,2815066993600241660188959875082
4,34,44,42,841643301610115266500568530248
4,34,44,43,238049285428562913154688631988
4,34,44,44,63757485094870861490209230461
4,34,44,45,16185433843327691080111967276
4,34,44,46,3897883015255288002149735682
4,34,44,47,891264940647899522826594638
4,34,44,48,193642414968595696318795859
4,34,44,49,40006514531190885825974308
4,34,44,50,7864939604418822181888198
4,34,44,51,1472199448728658014108676
4,34,44,52,262535057064761072495977
4,34,44,53,44623790775067296926052
4,34,44,54,7232263758186781285202
4,34,44,55,1117984040901000585294
4,34,44,56,164862923091764203395
4,34,44,57,23192477667237703542
4,34,44,58,3112055348923206830
4,34,44,59,398177397919731920
4,34,44,60,48549319960430953
4,34,44,61,5636239881729556
4,34,44,62,622247350042025
4,34,44,63,65213030322882
4,34,44,64,6472652869101
4,34,44,65,606515700538
4,34,44,66,53335874853
4,34,44,67,4383593874
4,34,44,68,330438118
4,34,44,69,22417180
4,34,44,70,1322315
4,34,44,71,61254
4,34,44,72,2185
4,34,44,73,24
4,34,44,74,0
4,34,44,75,0
4,34,44,76,0
4,34,44,77,0
4,34,44,78,0
4,34,44,79,0
4,34,44,80,0
4,34,44,81,0
4,34,44,82,0
4,34,44,83,0
4,34,44,84,0
4,34,44,85,0
4,34,44,86,0
4,34,44,87,0
4,34,44,88,0
4,34,44,89,0
4,34,44,90,0
4,34,44,91,0
4,34,44,92,0
4,34,44,93,0
4,34,44,94,0
4,34,44,95,0
4,34,44,96,0
4,34,44,97,0
4,34,44,98,0
4,34,44,99,0
4,34,44,100,0
4,34,44,101,0
4,34,44,102,0
4,34,44,103,0
4,34,44,104,0
4,34,44,105,0
4,34,44,106,0
4,34,44,107,0
4,34,44,108,0
4,34,44,109,0
4,34,44,110,0
4,34,44,111,0
4,34,44,112,0
4,34,44,113,0
4,34,44,114,0
4,34,44,115,0
4,34,44,116,0
4,34,44,117,0
4,34,44,118,0
4,34,44,119,0
4,34,44,120,0
4,34,44,121,0
4,34,44,122,0
4,34,44,123,0
4,34,44,124,0
4,34,44,125,0
4,34,44,126,0
4,34,44,127,0
4,34,44,128,0
4,34,44,129,0
4,34,44,130,0
4,34,44,131,0
4,34,44,132,0
4,34,44,133,0
4,34,44,134,0
4,34,44,135,0
4,34,44,136,0
4,34,44,137,0
4,34,44,138,0
4,34,44,139,0
4,34,44,140,0
4,34,44,141,0
4,34,44,142,0
4,34,44,143,0
4,34,44,144,0
4,34,44,145,0
4,34,44,146,0
4,34,44,147,0
4,34,44,148,0
4,34,44,149,0
4,34,44,150,0
4,34,44,151,0
4,34,44,152,0
4,34,44,153,0
4,34,44,154,0
4,34,44,155,0
4,34,44,156,0
4,34,44,157,0
4,34,44,158,0
4,34,44,159,0
4,34,44,160,0
4,34,44,161,0
4,34,44,162,0
4,34,44,163,0
4,34,44,164,0
4,34,44,165,0
4,34,44,166,0
4,34,44,167,0
4,34,44,168,0
4,34,44,169,0
4,34,44,170,0
4,34,44,171,0
4,34,44,172,0
4,34,44,173,0
4,34,44,174,0
4,34,44,175,0
4,34,44,176,0
4,34,44,177,0
4,34,44,178,0
4,34,44,179,0
4,34,44,180,0
4,34,44,181,0
4,34,44,182,0
4,34,44,183,0
4,34,44,184,0
4,34,44,185,0
4,34,44,186,0
4,34,44,187,0
4,34,44,188,0
4,34,44,189,0
4,34,44,190,0
4,34,44,191,0
4,34,44,192,0
4,34,44,193,0
4,34,44,194,0
4,34,44,195,0
4,34,44,196,0
4,34,44,197,0
4,34,44,198,0
4,34,44,199,0
4,34,44,200,0
4,34,44,201,0
4,34,44,202,0
4,34,44,203,0
4,34,44,204,0
4,34,44,205,0
4,34,44,206,0
4,34,44,207,0
4,34,44,208,0
4,34,44,209,0
4,34,44,210,0
4,34,44,211,0
4,34,44,212,0
4,34,44,213,0
4,34,44,214,0
4,34,44,215,0
4,34,44,216,0
4,34,44,217,0
4,34,44,218,0
4,34,44,219,0
4,34,44,220,0
4,34,44,221,0
4,34,44,222,0
4,34,44,223,0
4,34,44,224,0
4,34,44,225,0
4,34,44,226,0
4,34,44,227,0
4,34,44,228,0
4,34,44,229,0
4,34,44,230,0
4,34,44,231,0
4,34,44,232,0
4,34,44,233,0
4,34,44,234,0
4,34,45,0,3025096373758059667376
4,34,45,1,106983408699636267900220
4,34,45,2,2022037385831059576595116
4,34,45,3,26686957635166113492862080
4,34,45,4,272944821827412005882430848
4,34,45,5,2283989573987459664714024168
4,34,45,6,16155806084537362069804721004
4,34,45,7,98684330731805255975334362764
4,34,45,8,528273904066618006065560189464
4,34,45,9,2504714089657410533998837180808
4,34,45,10,10600605346212637269000966100304
4,34,45,11,40282472182244097630767599131928
4,34,45,12,138052414978089573966676674543408
4,34,45,13,428148379020283180601095208404076
4,34,45,14,1204789982236130728032646067969364
4,34,45,15,3082394323520554555414535797154360
4,34,45,16,7181770144315462573542665414542380
4,34,45,17,15258548073590683032401448537321648
4,34,45,18,29594635554295540413147485177730228
4,34,45,19,52451005209662743138795335842992652
4,34,45,20,85022133373361288634496178448099952
4,34,45,21,126166071383388718095908259939118744
4,34,45,22,171553726684923904465907924124801864
4,34,45,23,213971161725863578352197341353496728
4,34,45,24,245078965751045621614909366905445728
4,34,45,25,258110377734248000602733762014463540
4,34,45,26,250301561698997752166021494768628520
4,34,45,27,223843960281291724057143484031179632
4,34,45,28,184911951259083253513933456350104744
4,34,45,29,141343591015664130453566576376181792
4,34,45,30,100152249308330654834682042859775136
4,34,45,31,65904647280531505464288979922936416
4,34,45,32,40349852425634447810562396281418680
4,34,45,33,23026547591352692538111442896286068
4,34,45,34,12270076680632502104999497433245748
4,34,45,35,6115611352224758065976952457198188
4,34,45,36,2855717540832350925041186205117940
4,34,45,37,1251250721178228442112423439808304
4,34,45,38,515179723582327407615716106243796
4,34,45,39,199595527373371365973658475079836
4,34,45,40,72857592271954436633359309603804
4,34,45,41,25087045615677688358780534665344
4,34,45,42,8157573170333071417212968406660
4,34,45,43,2507643603225527530181001334452
4,34,45,44,729448165474019603206760944224
4,34,45,45,200980544414170948580620777052
4,34,45,46,52496576306687855351110085392
4,34,45,47,13010466003424859521001665448
4,34,45,48,3061888385820131475121602668
4,34,45,49,684782499176220473325489252
4,34,45,50,145645380570228325339108252
4,34,45,51,29479207981410332381703120
4,34,45,52,5681750323480483623276392
4,34,45,53,1043380405175141117466356
4,34,45,54,182648097626372234595568
4,34,45,55,30491818648829887926492
4,34,45,56,4856142096132623924776
4,34,45,57,737967577864626816192
4,34,45,58,107020028413920734412
4,34,45,59,14810019882560249532
4,34,45,60,1955307539674226580
4,34,45,61,246183703786221068
4,34,45,62,29539226602620524
4,34,45,63,3374467377961076
4,34,45,64,366504361715200
4,34,45,65,37777193316096
4,34,45,66,3684602973988
4,34,45,67,339028513340
4,34,45,68,29254673008
4,34,45,69,2346173328
4,34,45,70,172558540
4,34,45,71,11271020
4,34,45,72,632788
4,34,45,73,26784
4,34,45,74,920
4,34,45,75,0
4,34,45,76,0
4,34,45,77,0
4,34,45,78,0
4,34,45,79,0
4,34,45,80,0
4,34,45,81,0
4,34,45,82,0
4,34,45,83,0
4,34,45,84,0
4,34,45,85,0
4,34,45,86,0
4,34,45,87,0
4,34,45,88,0
4,34,45,89,0
4,34,45,90,0
4,34,45,91,0
4,34,45,92,0
4,34,45,93,0
4,34,45,94,0
4,34,45,95,0
4,34,45,96,0
4,34,45,97,0
4,34,45,98,0
4,34,45,99,0
4,34,45,100,0
4,34,45,101,0
4,34,45,102,0
4,34,45,103,0
4,34,45,104,0
4,34,45,105,0
4,34,45,106,0
4,34,45,107,0
4,34,45,108,0
4,34,45,109,0
4,34,45,110,0
4,34,45,111,0
4,34,45,112,0
4,34,45,113,0
4,34,45,114,0
4,34,45,115,0
4,34,45,116,0
4,34,45,117,0
4,34,45,118,0
4,34,45,119,0
4,34,45,120,0
4,34,45,121,0
4,34,45,122,0
4,34,45,123,0
4,34,45,124,0
4,34,45,125,0
4,34,45,126,0
4,34,45,127,0
4,34,45,128,0
4,34,45,129,0
4,34,45,130,0
4,34,45,131,0
4,34,45,132,0
4,34,45,133,0
4,34,45,134,0
4,34,45,135,0
4,34,45,136,0
4,34,45,137,0
4,34,45,138,0
4,34,45,139,0
4,34,45,140,0
4,34,45,141,0
4,34,45,142,0
4,34,45,143,0
4,34,45,144,0
4,34,45,145,0
4,34,45,146,0
4,34,45,147,0
4,34,45,148,0
4,34,45,149,0
4,34,45,150,0
4,34,45,151,0
4,34,45,152,0
4,34,45,153,0
4,34,45,154,0
4,34,45,155,0
4,34,45,156,0
4,34,45,157,0
4,34,45,158,0
4,34,45,159,0
4,34,45,160,0
4,34,45,161,0
4,34,45,162,0
4,34,45,163,0
4,34,45,164,0
4,34,45,165,0
4,34,45,166,0
4,34,45,167,0
4,34,45,168,0
4,34,45,169,0
4,34,45,170,0
4,34,45,171,0
4,34,45,172,0
4,34,45,173,0
4,34,45,174,0
4,34,45,175,0
4,34,45,176,0
4,34,45,177,0
4,34,45,178,0
4,34,45,179,0
4,34,45,180,0
4,34,45,181,0
4,34,45,182,0
4,34,45,183,0
4,34,45,184,0
4,34,45,185,0
4,34,45,186,0
4,34,45,187,0
4,34,45,188,0
4,34,45,189,0
4,34,45,190,0
4,34,45,191,0
4,34,45,192,0
4,34,45,193,0
4,34,45,194,0
4,34,45,195,0
4,34,45,196,0
4,34,45,197,0
4,34,45,198,0
4,34,45,199,0
4,34,45,200,0
4,34,45,201,0
4,34,45,202,0
4,34,45,203,0
4,34,45,204,0
4,34,45,205,0
4,34,45,206,0
4,34,45,207,0
4,34,45,208,0
4,34,45,209,0
4,34,45,210,0
4,34,45,211,0
4,34,45,212,0
4,34,45,213,0
4,34,45,214,0
4,34,45,215,0
4,34,45,216,0
4,34,45,217,0
4,34,45,218,0
4,34,45,219,0
4,34,45,220,0
4,34,45,221,0
4,34,45,222,0
4,34,45,223,0
4,34,45,224,0
4,34,45,225,0
4,34,45,226,0
4,34,45,227,0
4,34,45,228,0
4,34,45,229,0
4,34,45,230,0
4,34,45,231,0
4,34,45,232,0
4,34,45,233,0
4,34,45,234,0
4,34,46,0,1041344350746835878098
4,34,46,1,37729716184751308319052
4,34,46,2,735907135759232320447404
4,34,46,3,10077774415980974362457428
4,34,46,4,107434070335004306795572076
4,34,46,5,940790641326031092577867484
4,34,46,6,6989256845490696481826432290
4,34,46,7,44989979499815911033635871116
4,34,46,8,254609373453295770805554122758
4,34,46,9,1280101830577044311784880302148
4,34,46,10,5761908949055792528261082426190
4,34,46,11,23353019065187301235895097618396
4,34,46,12,85599787984218134083464148599392
4,34,46,13,284712253527095383964484886812840
4,34,46,14,861505565217622820520783858582480
4,34,46,15,2376232482466125405888931489576410
4,34,46,16,5983670926692373910484404206616822
4,34,46,17,13772786426165970747261157583380250
4,34,46,18,29005336442453672647778045686274336
4,34,46,19,55936622520696304152650063407971600
4,34,46,20,98855327659839887298872472854635612
4,34,46,21,160214188081883193283915668908164720
4,34,46,22,238297903765519955795478468598645434
4,34,46,23,325541698309506519811060127034998186
4,34,46,24,408837141238705619982794997209932628
4,34,46,25,472490085830794920466806895563508274
4,34,46,26,503073889716855371869550031498174546
4,34,46,27,494110172918603948818291141902489044
4,34,46,28,448312130492682470549984717768305302
4,34,46,29,376324862875428227082891588419327910
4,34,46,30,292733428373973874131510176824902070
4,34,46,31,211367898701911955440231692088612806
4,34,46,32,141909090127925761979473328281574256
4,34,46,33,88743717613206147432064450508829284
4,34,46,34,51780481053700757995372911017736032
4,34,46,35,28237326362667058703279710997747920
4,34,46,36,14414950271239153073252297943358986
4,34,46,37,6899331612417060214531970673880346
4,34,46,38,3100578519061159305641756156608486
4,34,46,39,1310150732468034995335967233503084
4,34,46,40,521202802530149861805105883919980
4,34,46,41,195446329449033283091294955592558
4,34,46,42,69163698267080009521396617041134
4,34,46,43,23121840415094457966620917313626
4,34,46,44,7309635708983329196769800726160
4,34,46,45,2187303522069420068472962672598
4,34,46,46,620085235452442449622394428156
4,34,46,47,166683489907158529525287003824
4,34,46,48,42519223053318046196232951484
4,34,46,49,10300693880641415074331971966
4,34,46,50,2371688816782991241221748088
4,34,46,51,519355932782305338058235042
4,34,46,52,108237578404817040283723710
4,34,46,53,21481635326571940990007972
4,34,46,54,4062394944108963050778064
4,34,46,55,732397119315902279700042
4,34,46,56,125937633870148462652568
4,34,46,57,20661843459369616545628
4,34,46,58,3235243536283053462520
4,34,46,59,483550284196641748408
4,34,46,60,68990600651002045080
4,34,46,61,9395135976090628006
4,34,46,62,1220829521399306566
4,34,46,63,151295772151861506
4,34,46,64,17868269489000564
4,34,46,65,2008901981841092
4,34,46,66,214670017776460
4,34,46,67,21759364174294
4,34,46,68,2086146709458
4,34,46,69,188391040282
4,34,46,70,15931668248
4,34,46,71,1248799320
4,34,46,72,89198752
4,34,46,73,5568334
4,34,46,74,302608
4,34,46,75,11284
4,34,46,76,322
4,34,46,77,0
4,34,46,78,0
4,34,46,79,0
4,34,46,80,0
4,34,46,81,0
4,34,46,82,0
4,34,46,83,0
4,34,46,84,0
4,34,46,85,0
4,34,46,86,0
4,34,46,87,0
4,34,46,88,0
4,34,46,89,0
4,34,46,90,0
4,34,46,91,0
4,34,46,92,0
4,34,46,93,0
4,34,46,94,0
4,34,46,95,0
4,34,46,96,0
4,34,46,97,0
4,34,46,98,0
4,34,46,99,0
4,34,46,100,0
4,34,46,101,0
4,34,46,102,0
4,34,46,103,0
4,34,46,104,0
4,34,46,105,0
4,34,46,106,0
4,34,46,107,0
4,34,46,108,0
4,34,46,109,0
4,34,46,110,0
4,34,46,111,0
4,34,46,112,0
4,34,46,113,0
4,34,46,114,0
4,34,46,115,0
4,34,46,116,0
4,34,46,117,0
4,34,46,118,0
4,34,46,119,0
4,34,46,120,0
4,34,46,121,0
4,34,46,122,0
4,34,46,123,0
4,34,46,124,0
4,34,46,125,0
4,34,46,126,0
4,34,46,127,0
4,34,46,128,0
4,34,46,129,0
4,34,46,130,0
4,34,46,131,0
4,34,46,132,0
4,34,46,133,0
4,34,46,134,0
4,34,46,135,0
4,34,46,136,0
4,34,46,137,0
4,34,46,138,0
4,34,46,139,0
4,34,46,140,0
4,34,46,141,0
4,34,46,142,0
4,34,46,143,0
4,34,46,144,0
4,34,46,145,0
4,34,46,146,0
4,34,46,147,0
4,34,46,148,0
4,34,46,149,0
4,34,46,150,0
4,34,46,151,0
4,34,46,152,0
4,34,46,153,0
4,34,46,154,0
4,34,46,155,0
4,34,46,156,0
4,34,46,157,0
4,34,46,158,0
4,34,46,159,0
4,34,46,160,0
4,34,46,161,0
4,34,46,162,0
4,34,46,163,0
4,34,46,164,0
4,34,46,165,0
4,34,46,166,0
4,34,46,167,0
4,34,46,168,0
4,34,46,169,0
4,34,46,170,0
4,34,46,171,0
4,34,46,172,0
4,34,46,173,0
4,34,46,174,0
4,34,46,175,0
4,34,46,176,0
4,34,46,177,0
4,34,46,178,0
4,34,46,179,0
4,34,46,180,0
4,34,46,181,0
4,34,46,182,0
4,34,46,183,0
4,34,46,184,0
4,34,46,185,0
4,34,46,186,0
4,34,46,187,0
4,34,46,188,0
4,34,46,189,0
4,34,46,190,0
4,34,46,191,0
4,34,46,192,0
4,34,46,193,0
4,34,46,194,0
4,34,46,195,0
4,34,46,196,0
4,34,46,197,0
4,34,46,198,0
4,34,46,199,0
4,34,46,200,0
4,34,46,201,0
4,34,46,202,0
4,34,46,203,0
4,34,46,204,0
4,34,46,205,0
4,34,46,206,0
4,34,46,207,0
4,34,46,208,0
4,34,46,209,0
4,34,46,210,0
4,34,46,211,0
4,34,46,212,0
4,34,46,213,0
4,34,46,214,0
4,34,46,215,0
4,34,46,216,0
4,34,46,217,0
4,34,46,218,0
4,34,46,219,0
4,34,46,220,0
4,34,46,221,0
4,34,46,222,0
4,34,46,223,0
4,34,46,224,0
4,34,46,225,0
4,34,46,226,0
4,34,46,227,0
4,34,46,228,0
4,34,46,229,0
4,34,46,230,0
4,34,46,231,0
4,34,46,232,0
4,34,46,233,0
4,34,46,234,0
4,34,47,0,331173062771775151892
4,34,47,1,12240748997970015391200
4,34,47,2,245495341018585880536028
4,34,47,3,3476899492099031148540012
4,34,47,4,38516217416118032170723468
4,34,47,5,351939815290074522800425936
4,34,47,6,2738445213025890743572440596
4,34,47,7,18526261345578744505630143424
4,34,47,8,110549800760863082332132988648
4,34,47,9,587876825208419476610217574752
4,34,47,10,2807130559181834293761904611928
4,34,47,11,12104582049574865270943849951908
4,34,47,12,47338323173348665091701202975240
4,34,47,13,168450789539158320115204716484224
4,34,47,14,546784868428183413375634911965732
4,34,47,15,1622086032790427540279986091655996
4,34,47,16,4404343008928889135913678029138764
4,34,47,17,10957896744196021886501842298114356
4,34,47,18,25003066746585489096288457984770460
4,34,47,19,52358323023892447900604553354300640
4,34,47,20,100684927484291201524470425063684040
4,34,47,21,177896608045436434314230726302422796
4,34,47,22,288957078889554864148004588923097224
4,34,47,23,431735476688454055057446274483423588
4,34,47,24,593759665281318780475116799767884840
4,34,47,25,752224550668952039749388210103513188
4,34,47,26,878652647686991453179134624567682696
4,34,47,27,947255494849210957910703806557482824
4,34,47,28,943633655517573280320448405303606652
4,34,47,29,869737487860558541312441545161876456
4,34,47,30,742733850037264303882467626992923600
4,34,47,31,588560464478167933879972734150266140
4,34,47,32,433455421327485612171358644845832384
4,34,47,33,297162690473650005943096247131647108
4,34,47,34,189953896024226078025990794417024144
4,34,47,35,113399033079984066919430446388866048
4,34,47,36,63323765866389524394425243400579292
4,34,47,37,33127399330353819565848181952822624
4,34,47,38,16259612962690684011157311455486244
4,34,47,39,7497947794747264224902156029994392
4,34,47,40,3252797195024951398100005063957776
4,34,47,41,1329206053086927868233825699496648
4,34,47,42,512215695847453927304203593457568
4,34,47,43,186342140206253662702558064076816
4,34,47,44,64063347362664446715873729371688
4,34,47,45,20833608933013426888466486377740
4,34,47,46,6414577104061396978812166709932
4,34,47,47,1871508605637516728081585577760
4,34,47,48,517832824630628818687135866092
4,34,47,49,135987571679652915613009255812
4,34,47,50,33919120544995189157237595016
4,34,47,51,8041484863386593089679526260
4,34,47,52,1813308100577726560345862364
4,34,47,53,389165245881167521998764236
4,34,47,54,79541062910088911536251760
4,34,47,55,15491496718202820149645252
4,34,47,56,2876527405186566448076608
4,34,47,57,509471743025454236397112
4,34,47,58,86103651425118718304452
4,34,47,59,13890282246802181299148
4,34,47,60,2139366691753137729004
4,34,47,61,314624014064676128388
4,34,47,62,44179552373927024964
4,34,47,63,5922381789021853928
4,34,47,64,757631469520964472
4,34,47,65,92438552520787960
4,34,47,66,10747383791038212
4,34,47,67,1189278011696840
4,34,47,68,125047290110300
4,34,47,69,12464999679684
4,34,47,70,1174193883028
4,34,47,71,104087637184
4,34,47,72,8624854268
4,34,47,73,657871948
4,34,47,74,45821772
4,34,47,75,2728696
4,34,47,76,136696
4,34,47,77,5040
4,34,47,78,92
4,34,47,79,0
4,34,47,80,0
4,34,47,81,0
4,34,47,82,0
4,34,47,83,0
4,34,47,84,0
4,34,47,85,0
4,34,47,86,0
4,34,47,87,0
4,34,47,88,0
4,34,47,89,0
4,34,47,90,0
4,34,47,91,0
4,34,47,92,0
4,34,47,93,0
4,34,47,94,0
4,34,47,95,0
4,34,47,96,0
4,34,47,97,0
4,34,47,98,0
4,34,47,99,0
4,34,47,100,0
4,34,47,101,0
4,34,47,102,0
4,34,47,103,0
4,34,47,104,0
4,34,47,105,0
4,34,47,106,0
4,34,47,107,0
4,34,47,108,0
4,34,47,109,0
4,34,47,110,0
4,34,47,111,0
4,34,47,112,0
4,34,47,113,0
4,34,47,114,0
4,34,47,115,0
4,34,47,116,0
4,34,47,117,0
4,34,47,118,0
4,34,47,119,0
4,34,47,120,0
4,34,47,121,0
4,34,47,122,0
4,34,47,123,0
4,34,47,124,0
4,34,47,125,0
4,34,47,126,0
4,34,47,127,0
4,34,47,128,0
4,34,47,129,0
4,34,47,130,0
4,34,47,131,0
4,34,47,132,0
4,34,47,133,0
4,34,47,134,0
4,34,47,135,0
4,34,47,136,0
4,34,47,137,0
4,34,47,138,0
4,34,47,139,0
4,34,47,140,0
4,34,47,141,0
4,34,47,142,0
4,34,47,143,0
4,34,47,144,0
4,34,47,145,0
4,34,47,146,0
4,34,47,147,0
4,34,47,148,0
4,34,47,149,0
4,34,47,150,0
4,34,47,151,0
4,34,47,152,0
4,34,47,153,0
4,34,47,154,0
4,34,47,155,0
4,34,47,156,0
4,34,47,157,0
4,34,47,158,0
4,34,47,159,0
4,34,47,160,0
4,34,47,161,0
4,34,47,162,0
4,34,47,163,0
4,34,47,164,0
4,34,47,165,0
4,34,47,166,0
4,34,47,167,0
4,34,47,168,0
4,34,47,169,0
4,34,47,170,0
4,34,47,171,0
4,34,47,172,0
4,34,47,173,0
4,34,47,174,0
4,34,47,175,0
4,34,47,176,0
4,34,47,177,0
4,34,47,178,0
4,34,47,179,0
4,34,47,180,0
4,34,47,181,0
4,34,47,182,0
4,34,47,183,0
4,34,47,184,0
4,34,47,185,0
4,34,47,186,0
4,34,47,187,0
4,34,47,188,0
4,34,47,189,0
4,34,47,190,0
4,34,47,191,0
4,34,47,192,0
4,34,47,193,0
4,34,47,194,0
4,34,47,195,0
4,34,47,196,0
4,34,47,197,0
4,34,47,198,0
4,34,47,199,0
4,34,47,200,0
4,34,47,201,0
4,34,47,202,0
4,34,47,203,0
4,34,47,204,0
4,34,47,205,0
4,34,47,206,0
4,34,47,207,0
4,34,47,208,0
4,34,47,209,0
4,34,47,210,0
4,34,47,211,0
4,34,47,212,0
4,34,47,213,0
4,34,47,214,0
4,34,47,215,0
4,34,47,216,0
4,34,47,217,0
4,34,47,218,0
4,34,47,219,0
4,34,47,220,0
4,34,47,221,0
4,34,47,222,0
4,34,47,223,0
4,34,47,224,0
4,34,47,225,0
4,34,47,226,0
4,34,47,227,0
4,34,47,228,0
4,34,47,229,0
4,34,47,230,0
4,34,47,231,0
4,34,47,232,0
4,34,47,233,0
4,34,47,234,0
4,34,48,0,97346467632578503798
4,34,48,1,3654454331741588337536
4,34,48,2,75084694697465175187906
4,34,48,3,1096124617229548580286954
4,34,48,4,12578764718157230660519910
4,34,48,5,119580543682211634327398742
4,34,48,6,971788048364942329990316074
4,34,48,7,6890861222317092468268809492
4,34,48,8,43242123026089149532151551149
4,34,48,9,242588845736332802751513127188
4,34,48,10,1225741197016588448580278412916
4,34,48,11,5609316463131911016254363811306
4,34,48,12,23347127152191938322142428151036
4,34,48,13,88666546697114196040171231550958
4,34,48,14,307997318567690530854812924744605
4,34,48,15,980387242385686999938905474059450
4,34,48,16,2863637807053183256730884489884193
4,34,48,17,7683581738756890192376268821507112
4,34,48,18,18952945252097451695498511509669953
4,34,48,19,43004840004622757996684638654854574
4,34,48,20,89803045628983829401431690326592539
4,34,48,21,172652303893447970169298331701190838
4,34,48,22,305721428016947025977921040217262962
4,34,48,23,498798245234153930934894759162794304
4,34,48,24,750183768974443572658950374738104798
4,34,48,25,1040615958284690812324198543082206816
4,34,48,26,1332227182984600915132074219076961376
4,34,48,27,1575330457673591086576781667247292344
4,34,48,28,1722148150229681697269225138763226891
4,34,48,29,1742345074335565391055584615174264538
4,34,48,30,1633346409701645760873901733854819915
4,34,48,31,1420589660650745945236176119846254670
4,34,48,32,1147922191464403052895292679624978639
4,34,48,33,863074138989361746597804787206146614
4,34,48,34,604691577468234986072290537163999723
4,34,48,35,395400131812746968277320779299114418
4,34,48,36,241669370916837592274838319537709012
4,34,48,37,138274360044701244660964390283101652
4,34,48,38,74170460007311999861522552743012930
4,34,48,39,37350661837571491249202417959113748
4,34,48,40,17681657687443606371911781284526368
4,34,48,41,7878663196761819316686345067869942
4,34,48,42,3308276903893183891750493521181113
4,34,48,43,1310550027103267466632384368923412
4,34,48,44,490297548245200791982719792680396
4,34,48,45,173397818857593636971983036861490
4,34,48,46,58023372636382581187126393744938
4,34,48,47,18387071520800003146174496195534
4,34,48,48,5522394523674533451079697626113
4,34,48,49,1573205838838965054963237980698
4,34,48,50,425412553637130535773701441489
4,34,48,51,109272860475098663219905564770
4,34,48,52,26680295769385651556409525688
4,34,48,53,6196310719945617656998564178
4,34,48,54,1369671097965892896194407917
4,34,48,55,288339056835216988085195620
4,34,48,56,57842010525710059558055188
4,34,48,57,11062847946248750229294794
4,34,48,58,2018291105102228431532857
4,34,48,59,351380819196521597591544
4,34,48,60,58398706820313080773483
4,34,48,61,9267800242161390857200
4,34,48,62,1404665305787188644095
4,34,48,63,203336781786270296794
4,34,48,64,28110614231486836482
4,34,48,65,3710483780741915048
4,34,48,66,467418877059790897
4,34,48,67,56157142528258312
4,34,48,68,6428473797961517
4,34,48,69,700232798794540
4,34,48,70,72443368766701
4,34,48,71,7101072787670
4,34,48,72,657373335619
4,34,48,73,57128477820
4,34,48,74,4638023364
4,34,48,75,344932634
4,34,48,76,23062670
4,34,48,77,1331632
4,34,48,78,60781
4,34,48,79,2090
4,34,48,80,23
4,34,48,81,0
4,34,48,82,0
4,34,48,83,0
4,34,48,84,0
4,34,48,85,0
4,34,48,86,0
4,34,48,87,0
4,34,48,88,0
4,34,48,89,0
4,34,48,90,0
4,34,48,91,0
4,34,48,92,0
4,34,48,93,0
4,34,48,94,0
4,34,48,95,0
4,34,48,96,0
4,34,48,97,0
4,34,48,98,0
4,34,48,99,0
4,34,48,100,0
4,34,48,101,0
4,34,48,102,0
4,34,48,103,0
4,34,48,104,0
4,34,48,105,0
4,34,48,106,0
4,34,48,107,0
4,34,48,108,0
4,34,48,109,0
4,34,48,110,0
4,34,48,111,0
4,34,48,112,0
4,34,48,113,0
4,34,48,114,0
4,34,48,115,0
4,34,48,116,0
4,34,48,117,0
4,34,48,118,0
4,34,48,119,0
4,34,48,120,0
4,34,48,121,0
4,34,48,122,0
4,34,48,123,0
4,34,48,124,0
4,34,48,125,0
4,34,48,126,0
4,34,48,127,0
4,34,48,128,0
4,34,48,129,0
4,34,48,130,0
4,34,48,131,0
4,34,48,132,0
4,34,48,133,0
4,34,48,134,0
4,34,48,135,0
4,34,48,136,0
4,34,48,137,0
4,34,48,138,0
4,34,48,139,0
4,34,48,140,0
4,34,48,141,0
4,34,48,142,0
4,34,48,143,0
4,34,48,144,0
4,34,48,145,0
4,34,48,146,0
4,34,48,147,0
4,34,48,148,0
4,34,48,149,0
4,34,48,150,0
4,34,48,151,0
4,34,48,152,0
4,34,48,153,0
4,34,48,154,0
4,34,48,155,0
4,34,48,156,0
4,34,48,157,0
4,34,48,158,0
4,34,48,159,0
4,34,48,160,0
4,34,48,161,0
4,34,48,162,0
4,34,48,163,0
4,34,48,164,0
4,34,48,165,0
4,34,48,166,0
4,34,48,167,0
4,34,48,168,0
4,34,48,169,0
4,34,48,170,0
4,34,48,171,0
4,34,48,172,0
4,34,48,173,0
4,34,48,174,0
4,34,48,175,0
4,34,48,176,0
4,34,48,177,0
4,34,48,178,0
4,34,48,179,0
4,34,48,180,0
4,34,48,181,0
4,34,48,182,0
4,34,48,183,0
4,34,48,184,0
4,34,48,185,0
4,34,48,186,0
4,34,48,187,0
4,34,48,188,0
4,34,48,189,0
4,34,48,190,0
4,34,48,191,0
4,34,48,192,0
4,34,48,193,0
4,34,48,194,0
4,34,48,195,0
4,34,48,196,0
4,34,48,197,0
4,34,48,198,0
4,34,48,199,0
4,34,48,200,0
4,34,48,201,0
4,34,48,202,0
4,34,48,203,0
4,34,48,204,0
4,34,48,205,0
4,34,48,206,0
4,34,48,207,0
4,34,48,208,0
4,34,48,209,0
4,34,48,210,0
4,34,48,211,0
4,34,48,212,0
4,34,48,213,0
4,34,48,214,0
4,34,48,215,0
4,34,48,216,0
4,34,48,217,0
4,34,48,218,0
4,34,48,219,0
4,34,48,220,0
4,34,48,221,0
4,34,48,222,0
4,34,48,223,0
4,34,48,224,0
4,34,48,225,0
4,34,48,226,0
4,34,48,227,0
4,34,48,228,0
4,34,48,229,0
4,34,48,230,0
4,34,48,231,0
4,34,48,232,0
4,34,48,233,0
4,34,48,234,0
4,34,49,0,26456567177150594808
4,34,49,1,1004160469356762522740
4,34,49,2,21057165606627618803680
4,34,49,3,315794972995349440717268
4,34,49,4,3742392010175572767721000
4,34,49,5,36904628046384566735952624
4,34,49,6,312343495849366794102803900
4,34,49,7,2315047670858870375143939348
4,34,49,8,15236930638654151956879897864
4,34,49,9,89942353360469960042564882264
4,34,49,10,479659374938983727168542982996
4,34,49,11,2323671237687448207131362579700
4,34,49,12,10267860195062795359610896870420
4,34,49,13,41515170665120018430338240524392
4,34,49,14,153951768721534689688467460872240
4,34,49,15,524552915401164918904155886183732
4,34,49,16,1644369681137842741257897580413132
4,34,49,17,4747237569900527495128089210531428
4,34,49,18,12630551054202754770208898157200644
4,34,49,19,30985918065875674479506703724753012
4,34,49,20,70117460351370787301788887419225652
4,34,49,21,146395417611760357522004981477452892
4,34,49,22,282077928761838564461956716389308504
4,34,49,23,501708220716934712956739769967143436
4,34,49,24,823928719976788516122268570831983900
4,34,49,25,1249769887391529623694820310541738404
4,34,49,26,1751700380260428580886467219171917360
4,34,49,27,2269954509304495523631119848875966068
4,34,49,28,2721430844854907518194709446490831680
4,34,49,29,3021034056589675651292828990401334768
4,34,49,30,3108188698954883761338028273917330876
4,34,49,31,2967047406525734702362126342794953192
4,34,49,32,2631052165097791344405010429745757132
4,34,49,33,2170136676040918959133981652618909728
4,34,49,34,1667226095845628172636572420124355288
4,34,49,35,1194731628351698809249448035018333204
4,34,49,36,799731031297018510984213547448827964
4,34,49,37,500777484746027684265036640240064240
4,34,49,38,293760540214866169561051454099980624
4,34,49,39,161656726726561997258159601846577508
4,34,49,40,83565467607075424886451593988932456
4,34,49,41,40629987247145527799387452054939752
4,34,49,42,18602770264239198370015124050200524
4,34,49,43,8029955468612516042441787185512632
4,34,49,44,3271266987398965218330786199523644
4,34,49,45,1258981664983729437960929798345292
4,34,49,46,458172512313364154632955530694024
4,34,49,47,157806714062361624681754022770240
4,34,49,48,51483394285237375290554788158384
4,34,49,49,15921842530376151729397319981228
4,34,49,50,4671181937560571697271685841432
4,34,49,51,1300997928364017607473918294492
4,34,49,52,344223215179401884349963899432
4,34,49,53,86577412879588629669084209500
4,34,49,54,20713223056018918494850037120
4,34,49,55,4716693668409206626432979224
4,34,49,56,1022898513620244143729389200
4,34,49,57,211387016160952212882704980
4,34,49,58,41649185371408460077363408
4,34,49,59,7827643977116350446114532
4,34,49,60,1403926343088173432757316
4,34,49,61,240387851013526640985692
4,34,49,62,39307053250902557468848
4,34,49,63,6139255821931777707136
4,34,49,64,916012626207213904328
4,34,49,65,130565568318575452268
4,34,49,66,17776108678923449724
4,34,49,67,2310954189355976908
4,34,49,68,286727936730441396
4,34,49,69,33926936895843648
4,34,49,70,3824283468879612
4,34,49,71,410060475441816
4,34,49,72,41745636593492
4,34,49,73,4022995814448
4,34,49,74,365842975292
4,34,49,75,31198315108
4,34,49,76,2472534200
4,34,49,77,179213416
4,34,49,78,11537400
4,34,49,79,633628
4,34,49,80,26336
4,34,49,81,880
4,34,49,82,0
4,34,49,83,0
4,34,49,84,0
4,34,49,85,0
4,34,49,86,0
4,34,49,87,0
4,34,49,88,0
4,34,49,89,0
4,34,49,90,0
4,34,49,91,0
4,34,49,92,0
4,34,49,93,0
4,34,49,94,0
4,34,49,95,0
4,34,49,96,0
4,34,49,97,0
4,34,49,98,0
4,34,49,99,0
4,34,49,100,0
4,34,49,101,0
4,34,49,102,0
4,34,49,103,0
4,34,49,104,0
4,34,49,105,0
4,34,49,106,0
4,34,49,107,0
4,34,49,108,0
4,34,49,109,0
4,34,49,110,0
4,34,49,111,0
4,34,49,112,0
4,34,49,113,0
4,34,49,114,0
4,34,49,115,0
4,34,49,116,0
4,34,49,117,0
4,34,49,118,0
4,34,49,119,0
4,34,49,120,0
4,34,49,121,0
4,34,49,122,0
4,34,49,123,0
4,34,49,124,0
4,34,49,125,0
4,34,49,126,0
4,34,49,127,0
4,34,49,128,0
4,34,49,129,0
4,34,49,130,0
4,34,49,131,0
4,34,49,132,0
4,34,49,133,0
4,34,49,134,0
4,34,49,135,0
4,34,49,136,0
4,34,49,137,0
4,34,49,138,0
4,34,49,139,0
4,34,49,140,0
4,34,49,141,0
4,34,49,142,0
4,34,49,143,0
4,34,49,144,0
4,34,49,145,0
4,34,49,146,0
4,34,49,147,0
4,34,49,148,0
4,34,49,149,0
4,34,49,150,0
4,34,49,151,0
4,34,49,152,0
4,34,49,153,0
4,34,49,154,0
4,34,49,155,0
4,34,49,156,0
4,34,49,157,0
4,34,49,158,0
4,34,49,159,0
4,34,49,160,0
4,34,49,161,0
4,34,49,162,0
4,34,49,163,0
4,34,49,164,0
4,34,49,165,0
4,34,49,166,0
4,34,49,167,0
4,34,49,168,0
4,34,49,169,0
4,34,49,170,0
4,34,49,171,0
4,34,49,172,0
4,34,49,173,0
4,34,49,174,0
4,34,49,175,0
4,34,49,176,0
4,34,49,177,0
4,34,49,178,0
4,34,49,179,0
4,34,49,180,0
4,34,49,181,0
4,34,49,182,0
4,34,49,183,0
4,34,49,184,0
4,34,49,185,0
4,34,49,186,0
4,34,49,187,0
4,34,49,188,0
4,34,49,189,0
4,34,49,190,0
4,34,49,191,0
4,34,49,192,0
4,34,49,193,0
4,34,49,194,0
4,34,49,195,0
4,34,49,196,0
4,34,49,197,0
4,34,49,198,0
4,34,49,199,0
4,34,49,200,0
4,34,49,201,0
4,34,49,202,0
4,34,49,203,0
4,34,49,204,0
4,34,49,205,0
4,34,49,206,0
4,34,49,207,0
4,34,49,208,0
4,34,49,209,0
4,34,49,210,0
4,34,49,211,0
4,34,49,212,0
4,34,49,213,0
4,34,49,214,0
4,34,49,215,0
4,34,49,216,0
4,34,49,217,0
4,34,49,218,0
4,34,49,219,0
4,34,49,220,0
4,34,49,221,0
4,34,49,222,0
4,34,49,223,0
4,34,49,224,0
4,34,49,225,0
4,34,49,226,0
4,34,49,227,0
4,34,49,228,0
4,34,49,229,0
4,34,49,230,0
4,34,49,231,0
4,34,49,232,0
4,34,49,233,0
4,34,49,234,0
4,34,50,0,6649095520028576690
4,34,50,1,253948786284377327188
4,34,50,2,5414649942250896722744
4,34,50,3,83138866184139792225554
4,34,50,4,1014261074121225418948796
4,34,50,5,10344199668657441477988374
4,34,50,6,90917665991686521026408228
4,34,50,7,702427345079868652086122756
4,34,50,8,4835885934728929628484602374
4,34,50,9,29957501588580153914013496892
4,34,50,10,168188731928061244047624957538
4,34,50,11,860338501191008446977624648238
4,34,50,12,4025982711355654230016578481412
4,34,50,13,17287345890436327374004313278098
4,34,50,14,68271347908265401740612333452722
4,34,50,15,248399906667657143586302804332132
4,34,50,16,833719690745192981048754640520190
4,34,50,17,2583707661151133120670710269849112
4,34,50,18,7397762716123822454631144237598116
4,34,50,19,19578450895475352510245448841272082
4,34,50,20,47906746679742668198780470013549720
4,34,50,21,108399837850696082697923523102567916
4,34,50,22,226840327926783348516185913734967134
4,34,50,23,439044087609540926492004413120191786
4,34,50,24,786023081315515584718296740826886014
4,34,50,25,1301864578767022696361815620288401722
4,34,50,26,1995250292890810007058293308076021234
4,34,50,27,2830557747221621673070934215087155142
4,34,50,28,3718640826039882755677836303950847990
4,34,50,29,4526750644793940446825407038051827396
4,34,50,30,5109662744014142962337432925710011566
4,34,50,31,5352722221037819383219803900265611664
4,34,50,32,5209121538548236820103294166204957194
4,34,50,33,4714582747011070788412069986519908008
4,34,50,34,3973158207161293608976306848062332898
4,34,50,35,3121768750090432942955119251116693468
4,34,50,36,2289915906485908750379084980999880204
4,34,50,37,1570314283963269725682077623056809622
4,34,50,38,1008088695180622444467105216009029588
4,34,50,39,606661432130864978835672916548224686
4,34,50,40,342693328070032323854267737477720726
4,34,50,41,181941734932825083366818542883955764
4,34,50,42,90898642548803468941247746714689458
4,34,50,43,42784265151531665264840653542595890
4,34,50,44,18992687198537057566745222221932526
4,34,50,45,7959927094116057210059262777255260
4,34,50,46,3152595688200044929102851077568518
4,34,50,47,1181009411212125789162520704350974
4,34,50,48,418821758963079372328062666071902
4,34,50,49,140714565142830507807816669368620
4,34,50,50,44823637443338156907932149727188
4,34,50,51,13546955435614148841786998369724
4,34,50,52,3887209501663782626454510372932
4,34,50,53,1059692783538127996361243235658
4,34,50,54,274626718288710532745235146898
4,34,50,55,67700730829011488712884901978
4,34,50,56,15885138858001626024203286366
4,34,50,57,3549662030473920827205787256
4,34,50,58,755828415826113013625427136
4,34,50,59,153437004936530832451018278
4,34,50,60,29711453829654464184875804
4,34,50,61,5490387385347460480322886
4,34,50,62,968598406763193025218666
4,34,50,63,163190811703063787137264
4,34,50,64,26264912914889703577238
4,34,50,65,4038898861837258577028
4,34,50,66,593457158872165030128
4,34,50,67,83316985385970805874
4,34,50,68,11174023705298197524
4,34,50,69,1431051054133562448
4,34,50,70,174910485317555952
4,34,50,71,20385484777862754
4,34,50,72,2262934516514698
4,34,50,73,238864035482232
4,34,50,74,23924921352864
4,34,50,75,2267170585234
4,34,50,76,202431026328
4,34,50,77,16918905970
4,34,50,78,1310284332
4,34,50,79,92216342
4,34,50,80,5664540
4,34,50,81,301510
4,34,50,82,10996
4,34,50,83,308
4,34,50,84,0
4,34,50,85,0
4,34,50,86,0
4,34,50,87,0
4,34,50,88,0
4,34,50,89,0
4,34,50,90,0
4,34,50,91,0
4,34,50,92,0
4,34,50,93,0
4,34,50,94,0
4,34,50,95,0
4,34,50,96,0
4,34,50,97,0
4,34,50,98,0
4,34,50,99,0
4,34,50,100,0
4,34,50,101,0
4,34,50,102,0
4,34,50,103,0
4,34,50,104,0
4,34,50,105,0
4,34,50,106,0
4,34,50,107,0
4,34,50,108,0
4,34,50,109,0
4,34,50,110,0
4,34,50,111,0
4,34,50,112,0
4,34,50,113,0
4,34,50,114,0
4,34,50,115,0
4,34,50,116,0
4,34,50,117,0
4,34,50,118,0
4,34,50,119,0
4,34,50,120,0
4,34,50,121,0
4,34,50,122,0
4,34,50,123,0
4,34,50,124,0
4,34,50,125,0
4,34,50,126,0
4,34,50,127,0
4,34,50,128,0
4,34,50,129,0
4,34,50,130,0
4,34,50,131,0
4,34,50,132,0
4,34,50,133,0
4,34,50,134,0
4,34,50,135,0
4,34,50,136,0
4,34,50,137,0
4,34,50,138,0
4,34,50,139,0
4,34,50,140,0
4,34,50,141,0
4,34,50,142,0
4,34,50,143,0
4,34,50,144,0
4,34,50,145,0
4,34,50,146,0
4,34,50,147,0
4,34,50,148,0
4,34,50,149,0
4,34,50,150,0
4,34,50,151,0
4,34,50,152,0
4,34,50,153,0
4,34,50,154,0
4,34,50,155,0
4,34,50,156,0
4,34,50,157,0
4,34,50,158,0
4,34,50,159,0
4,34,50,160,0
4,34,50,161,0
4,34,50,162,0
4,34,50,163,0
4,34,50,164,0
4,34,50,165,0
4,34,50,166,0
4,34,50,167,0
4,34,50,168,0
4,34,50,169,0
4,34,50,170,0
4,34,50,171,0
4,34,50,172,0
4,34,50,173,0
4,34,50,174,0
4,34,50,175,0
4,34,50,176,0
4,34,50,177,0
4,34,50,178,0
4,34,50,179,0
4,34,50,180,0
4,34,50,181,0
4,34,50,182,0
4,34,50,183,0
4,34,50,184,0
4,34,50,185,0
4,34,50,186,0
4,34,50,187,0
4,34,50,188,0
4,34,50,189,0
4,34,50,190,0
4,34,50,191,0
4,34,50,192,0
4,34,50,193,0
4,34,50,194,0
4,34,50,195,0
4,34,50,196,0
4,34,50,197,0
4,34,50,198,0
4,34,50,199,0
4,34,50,200,0
4,34,50,201,0
4,34,50,202,0
4,34,50,203,0
4,34,50,204,0
4,34,50,205,0
4,34,50,206,0
4,34,50,207,0
4,34,50,208,0
4,34,50,209,0
4,34,50,210,0
4,34,50,211,0
4,34,50,212,0
4,34,50,213,0
4,34,50,214,0
4,34,50,215,0
4,34,50,216,0
4,34,50,217,0
4,34,50,218,0
4,34,50,219,0
4,34,50,220,0
4,34,50,221,0
4,34,50,222,0
4,34,50,223,0
4,34,50,224,0
4,34,50,225,0
4,34,50,226,0
4,34,50,227,0
4,34,50,228,0
4,34,50,229,0
4,34,50,230,0
4,34,50,231,0
4,34,50,232,0
4,34,50,233,0
4,34,50,234,0
4,34,51,0,1545172152582717708
4,34,51,1,59093870782487950784
4,34,51,2,1276287181674728739936
4,34,51,3,19996202416476435640428
4,34,51,4,250344237210323849727824
4,34,51,5,2632767019743960940326692
4,34,51,6,23962139073885439468798044
4,34,51,7,192444175493306342001248144
4,34,51,8,1382126133223975743877405848
4,34,51,9,8961826886102511069182838032
4,34,51,10,52830925020965498033051068636
4,34,51,11,284634174416639038935335841736
4,34,51,12,1407012106775660251022795678776
4,34,51,13,6400415657230700370757916913076
4,34,51,14,26852662723811601369419671730112
4,34,51,15,104077651639128185513433193189292
4,34,51,16,373118168256973528113832319736876
4,34,51,17,1238306869872953223989210198024304
4,34,51,18,3806764247289891640152878108966096
4,34,51,19,10843951666177489921131011293578204
4,34,51,20,28629187672479795671843141285109624
4,34,51,21,70057418561133707808601598317090592
4,34,51,22,158899493739805337915711757490408912
4,34,51,23,334038259025995724211406319246802748
4,34,51,24,650811272360984538129382159180267832
4,34,51,25,1175143690154770845528401862312121284
4,34,51,26,1966621861135438411123266332235168180
4,34,51,27,3050690738496419746410550588147705136
4,34,51,28,4387554873568325274237194639662274988
4,34,51,29,5852579123925825339152299316223154776
4,34,51,30,7244099106292322949317377001145237296
4,34,51,31,8325433744752793610347696977195972672
4,34,51,32,8890954371274551094173633838217456812
4,34,51,33,8830798652508353227389819291983032440
4,34,51,34,8165909163491816057616099127197262072
4,34,51,35,7037997042075947592943419467739912516
4,34,51,36,5660510219544092895204679460324144452
4,34,51,37,4253740402901763456377433225459303060
4,34,51,38,2990590481573232426498032700026364292
4,34,51,39,1969608907670400767682205476301209432
4,34,51,40,1216753452348965813909897496895793972
4,34,51,41,705952325177051486976894112630564216
4,34,51,42,385150979480714498811652187295244156
4,34,51,43,197824209171913519485892463863603608
4,34,51,44,95764545455509045973306681828046676
4,34,51,45,43738451834135958821138989911039932
4,34,51,46,18866169482446872511118122489301356
4,34,51,47,7692481815076471244228901079863260
4,34,51,48,2967469360152162939093420536089440
4,34,51,49,1083910826738166956375165414332396
4,34,51,50,375160771933155920463404947154204
4,34,51,51,123131213631881881414115431749260
4,34,51,52,38347786559268227883676162844444
4,34,51,53,11340060881057823000040333200020
4,34,51,54,3186137275290181173375184642668
4,34,51,55,851040561048051927982600154992
4,34,51,56,216236225430889382325370827044
4,34,51,57,52293612238987905891331948952
4,34,51,58,12043542242487076559063324368
4,34,51,59,2642905579585554950054225896
4,34,51,60,552915291905303221747503628
4,34,51,61,110332059605165183734030916
4,34,51,62,21009385496729078962070920
4,34,51,63,3819246139418963385740080
4,34,51,64,663065056720632811042864
4,34,51,65,109972113433633463111424
4,34,51,66,17428384089442486870820
4,34,51,67,2639610750282923869044
4,34,51,68,382070359537940387816
4,34,51,69,52847392352363099076
4,34,51,70,6983447607902774688
4,34,51,71,881232620763802988
4,34,51,72,106120598106138128
4,34,51,73,12183934170442616
4,34,51,74,1331978680403392
4,34,51,75,138410996078896
4,34,51,76,13639726032328
4,34,51,77,1270449781572
4,34,51,78,111372675488
4,34,51,79,9121879132
4,34,51,80,687184168
4,34,51,81,47131936
4,34,51,82,2758644
4,34,51,83,135728
4,34,51,84,4856
4,34,51,85,88
4,34,51,86,0
4,34,51,87,0
4,34,51,88,0
4,34,51,89,0
4,34,51,90,0
4,34,51,91,0
4,34,51,92,0
4,34,51,93,0
4,34,51,94,0
4,34,51,95,0
4,34,51,96,0
4,34,51,97,0
4,34,51,98,0
4,34,51,99,0
4,34,51,100,0
4,34,51,101,0
4,34,51,102,0
4,34,51,103,0
4,34,51,104,0
4,34,51,105,0
4,34,51,106,0
4,34,51,107,0
4,34,51,108,0
4,34,51,109,0
4,34,51,110,0
4,34,51,111,0
4,34,51,112,0
4,34,51,113,0
4,34,51,114,0
4,34,51,115,0
4,34,51,116,0
4,34,51,117,0
4,34,51,118,0
4,34,51,119,0
4,34,51,120,0
4,34,51,121,0
4,34,51,122,0
4,34,51,123,0
4,34,51,124,0
4,34,51,125,0
4,34,51,126,0
4,34,51,127,0
4,34,51,128,0
4,34,51,129,0
4,34,51,130,0
4,34,51,131,0
4,34,51,132,0
4,34,51,133,0
4,34,51,134,0
4,34,51,135,0
4,34,51,136,0
4,34,51,137,0
4,34,51,138,0
4,34,51,139,0
4,34,51,140,0
4,34,51,141,0
4,34,51,142,0
4,34,51,143,0
4,34,51,144,0
4,34,51,145,0
4,34,51,146,0
4,34,51,147,0
4,34,51,148,0
4,34,51,149,0
4,34,51,150,0
4,34,51,151,0
4,34,51,152,0
4,34,51,153,0
4,34,51,154,0
4,34,51,155,0
4,34,51,156,0
4,34,51,157,0
4,34,51,158,0
4,34,51,159,0
4,34,51,160,0
4,34,51,161,0
4,34,51,162,0
4,34,51,163,0
4,34,51,164,0
4,34,51,165,0
4,34,51,166,0
4,34,51,167,0
4,34,51,168,0
4,34,51,169,0
4,34,51,170,0
4,34,51,171,0
4,34,51,172,0
4,34,51,173,0
4,34,51,174,0
4,34,51,175,0
4,34,51,176,0
4,34,51,177,0
4,34,51,178,0
4,34,51,179,0
4,34,51,180,0
4,34,51,181,0
4,34,51,182,0
4,34,51,183,0
4,34,51,184,0
4,34,51,185,0
4,34,51,186,0
4,34,51,187,0
4,34,51,188,0
4,34,51,189,0
4,34,51,190,0
4,34,51,191,0
4,34,51,192,0
4,34,51,193,0
4,34,51,194,0
4,34,51,195,0
4,34,51,196,0
4,34,51,197,0
4,34,51,198,0
4,34,51,199,0
4,34,51,200,0
4,34,51,201,0
4,34,51,202,0
4,34,51,203,0
4,34,51,204,0
4,34,51,205,0
4,34,51,206,0
4,34,51,207,0
4,34,51,208,0
4,34,51,209,0
4,34,51,210,0
4,34,51,211,0
4,34,51,212,0
4,34,51,213,0
4,34,51,214,0
4,34,51,215,0
4,34,51,216,0
4,34,51,217,0
4,34,51,218,0
4,34,51,219,0
4,34,51,220,0
4,34,51,221,0
4,34,51,222,0
4,34,51,223,0
4,34,51,224,0
4,34,51,225,0
4,34,51,226,0
4,34,51,227,0
4,34,51,228,0
4,34,51,229,0
4,34,51,230,0
4,34,51,231,0
4,34,51,232,0
4,34,51,233,0
4,34,51,234,0
4,34,52,0,331911984171708534
4,34,52,1,12645839218639726960
4,34,52,2,275609659890513995244
4,34,52,3,4391500364206060894308
4,34,52,4,56248365770371612038466
4,34,52,5,608194274615647932333208
4,34,52,6,5716016876429623205376312
4,34,52,7,47589313981221974398828926
4,34,52,8,355597318433559327690084476
4,34,52,9,2407059727336687719659373050
4,34,52,10,14861339400515976239595674588
4,34,52,11,84115966264851153447576603436
4,34,52,12,438133967280055183635076564440
4,34,52,13,2106169051915748276862659543562
4,34,52,14,9364293329051350251920349350440
4,34,52,15,38569771917029029219497117139346
4,34,52,16,147337268778492747116370242342417
4,34,52,17,522423104562025573034771893077266
4,34,52,18,1720305006562357656016975590328312
4,34,52,19,5262528413085499701815504202941552
4,34,52,20,14957076298992969287453810694403066
4,34,52,21,39496882178711538365276825488822004
4,34,52,22,96895437291208321344814013398505950
4,34,52,23,220802601256307441892282855932431976
4,34,52,24,467295043430665329119901814727222886
4,34,52,25,918318999192323477787093906766280706
4,34,52,26,1675548228142139603474736367024341465
4,34,52,27,2838277787463830903894188851812594366
4,34,52,28,4463748118427071350629772917386107976
4,34,52,29,6518549593074456379662329092438929434
4,34,52,30,8841438010773238590928868210532694008
4,34,52,31,11142655775353046115384663800717406516
4,34,52,32,13055181812692824046585330556748711435
4,34,52,33,14229869662161300825381327562240463340
4,34,52,34,14440956468004676743645976659758865448
4,34,52,35,13657581777643236533801801451141283212
4,34,52,36,12049955955664071903501173156230746129
4,34,52,37,9929292848133762986430728771795763516
4,34,52,38,7650442646185143220607009103060195550
4,34,52,39,5518501847213916518138400124938678620
4,34,52,40,3731301979484245602419312058273115298
4,34,52,41,2367776544371378618488924826494731616
4,34,52,42,1411852391516293084193156807499369068
4,34,52,43,791986107384987740127936122499190694
4,34,52,44,418423749165269727306856871857665590
4,34,52,45,208426206529377824654266918279457542
4,34,52,46,97986481710388996175157089641363573
4,34,52,47,43518256028657398133522392380892072
4,34,52,48,18274907052865318503609751613779405
4,34,52,49,7262372585638545253315706414762158
4,34,52,50,2733247928671969447719711592622889
4,34,52,51,974928479752920050855150923092826
4,34,52,52,329804880174198815430845464478152
4,34,52,53,105879898436455879236012987685544
4,34,52,54,32278298199901678380317032874858
4,34,52,55,9349893926445189912178465340748
4,34,52,56,2574850252499223251338932774758
4,34,52,57,674513500877347348311558087330
4,34,52,58,168175157375857913224822762794
4,34,52,59,39930076451347312466992443530
4,34,52,60,9033065567058034385531734303
4,34,52,61,1948006258977906445451918400
4,34,52,62,400664562172805940747022469
4,34,52,63,78634139580088335108138316
4,34,52,64,14732304163356393800717000
4,34,52,65,2635909990278458906048898
4,34,52,66,450545257834621584365312
4,34,52,67,73589013939558317196466
4,34,52,68,11487834468418034520550
4,34,52,69,1714179128634122848010
4,34,52,70,244489284200063419622
4,34,52,71,33325979561476303508
4,34,52,72,4339999348466873557
4,34,52,73,539709772297426908
4,34,52,74,64043179153608562
4,34,52,75,7244003521492704
4,34,52,76,779960353872805
4,34,52,77,79784128555114
4,34,52,78,7734424896695
4,34,52,79,708207304868
4,34,52,80,60879308584
4,34,52,81,4884545138
4,34,52,82,358551862
4,34,52,83,23623844
4,34,52,84,1336293
4,34,52,85,60104
4,34,52,86,1995
4,34,52,87,22
4,34,52,88,0
4,34,52,89,0
4,34,52,90,0
4,34,52,91,0
4,34,52,92,0
4,34,52,93,0
4,34,52,94,0
4,34,52,95,0
4,34,52,96,0
4,34,52,97,0
4,34,52,98,0
4,34,52,99,0
4,34,52,100,0
4,34,52,101,0
4,34,52,102,0
4,34,52,103,0
4,34,52,104,0
4,34,52,105,0
4,34,52,106,0
4,34,52,107,0
4,34,52,108,0
4,34,52,109,0
4,34,52,110,0
4,34,52,111,0
4,34,52,112,0
4,34,52,113,0
4,34,52,114,0
4,34,52,115,0
4,34,52,116,0
4,34,52,117,0
4,34,52,118,0
4,34,52,119,0
4,34,52,120,0
4,34,52,121,0
4,34,52,122,0
4,34,52,123,0
4,34,52,124,0
4,34,52,125,0
4,34,52,126,0
4,34,52,127,0
4,34,52,128,0
4,34,52,129,0
4,34,52,130,0
4,34,52,131,0
4,34,52,132,0
4,34,52,133,0
4,34,52,134,0
4,34,52,135,0
4,34,52,136,0
4,34,52,137,0
4,34,52,138,0
4,34,52,139,0
4,34,52,140,0
4,34,52,141,0
4,34,52,142,0
4,34,52,143,0
4,34,52,144,0
4,34,52,145,0
4,34,52,146,0
4,34,52,147,0
4,34,52,148,0
4,34,52,149,0
4,34,52,150,0
4,34,52,151,0
4,34,52,152,0
4,34,52,153,0
4,34,52,154,0
4,34,52,155,0
4,34,52,156,0
4,34,52,157,0
4,34,52,158,0
4,34,52,159,0
4,34,52,160,0
4,34,52,161,0
4,34,52,162,0
4,34,52,163,0
4,34,52,164,0
4,34,52,165,0
4,34,52,166,0
4,34,52,167,0
4,34,52,168,0
4,34,52,169,0
4,34,52,170,0
4,34,52,171,0
4,34,52,172,0
4,34,52,173,0
4,34,52,174,0
4,34,52,175,0
4,34,52,176,0
4,34,52,177,0
4,34,52,178,0
4,34,52,179,0
4,34,52,180,0
4,34,52,181,0
4,34,52,182,0
4,34,52,183,0
4,34,52,184,0
4,34,52,185,0
4,34,52,186,0
4,34,52,187,0
4,34,52,188,0
4,34,52,189,0
4,34,52,190,0
4,34,52,191,0
4,34,52,192,0
4,34,52,193,0
4,34,52,194,0
4,34,52,195,0
4,34,52,196,0
4,34,52,197,0
4,34,52,198,0
4,34,52,199,0
4,34,52,200,0
4,34,52,201,0
4,34,52,202,0
4,34,52,203,0
4,34,52,204,0
4,34,52,205,0
4,34,52,206,0
4,34,52,207,0
4,34,52,208,0
4,34,52,209,0
4,34,52,210,0
4,34,52,211,0
4,34,52,212,0
4,34,52,213,0
4,34,52,214,0
4,34,52,215,0
4,34,52,216,0
4,34,52,217,0
4,34,52,218,0
4,34,52,219,0
4,34,52,220,0
4,34,52,221,0
4,34,52,222,0
4,34,52,223,0
4,34,52,224,0
4,34,52,225,0
4,34,52,226,0
4,34,52,227,0
4,34,52,228,0
4,34,52,229,0
4,34,52,230,0
4,34,52,231,0
4,34,52,232,0
4,34,52,233,0
4,34,52,234,0
4,34,53,0,65856214909969920
4,34,53,1,2486269669725458700
4,34,53,2,54476691081166557652
4,34,53,3,879896277168376044600
4,34,53,4,11495581845587852295324
4,34,53,5,127433140180590411200284
4,34,53,6,1233319073041932765164944
4,34,53,7,10616018695555237447123568
4,34,53,8,82313795969289418866411204
4,34,53,9,580168511984694353142170660
4,34,53,10,3741909370239666683308471864
4,34,53,11,22194075578756993459896426732
4,34,53,12,121505666693350446147162278972
4,34,53,13,615719188521218260698457678928
4,34,53,14,2894015718907412760441406720340
4,34,53,15,12636253960320489209966624374396
4,34,53,16,51311407016380025551361680226968
4,34,53,17,193916999194466781057655125500172
4,34,53,18,682388070227080422072029356557932
4,34,53,19,2236508457549273440149626157065960
4,34,53,20,6827566256594052996859759517824052
4,34,53,21,19412888324197638806497613656383812
4,34,53,22,51400950324934276506936535921342496
4,34,53,23,126708661344375926515666156805250004
4,34,53,24,290720653702168403532209179316396472
4,34,53,25,620662916729315664787162749397116116
4,34,53,26,1232621644507866758350180341650336312
4,34,53,27,2276675203882229246970291796784819576
4,34,53,28,3910237612659183322124245554005159932
4,34,53,29,6244669908195521829690357666117161848
4,34,53,30,9273461604498125011511355037443880680
4,34,53,31,12807871369442359045083890816193685792
4,34,53,32,16456999595719474146717959842103263676
4,34,53,33,19681597288169323802785612719092470384
4,34,53,34,21921206755800219999629246745204524724
4,34,53,35,22755154413395063461580090576763264444
4,34,53,36,22033140698165179884152631774761926524
4,34,53,37,19919148140183867665484577679674759436
4,34,53,38,16831284017885642418039390529258828788
4,34,53,39,13307574784861739939489769004703699560
4,34,53,40,9856388262036679109310378880842225824
4,34,53,41,6846766197619205353491728516039499736
4,34,53,42,4465955173080166326861188854127363312
4,34,53,43,2738481249438420548760569009473363952
4,34,53,44,1580387759311787590687642108845225040
4,34,53,45,859309016318903088812454719574824052
4,34,53,46,440674547760163750963450511034643188
4,34,53,47,213351565358832007397512639476636384
4,34,53,48,97607567548462345286153932895868360
4,34,53,49,42233346909965209229877073351271724
4,34,53,50,17296621329884329257737451878167448
4,34,53,51,6710063804638723731092531882947060
4,34,53,52,2467493389670204945377540819191348
4,34,53,53,860666342684326487338037853404072
4,34,53,54,284926301450942769777135688895788
4,34,53,55,89578834134639893526366694378304
4,34,53,56,26760811745331240648284771213292
4,34,53,57,7600675755606507712053096716300
4,34,53,58,2053508462467622088712452804684
4,34,53,59,528032091045960622854439332976
4,34,53,60,129291069577209452238310103492
4,34,53,61,30160793712078629421429439888
4,34,53,62,6706573584054002397442240788
4,34,53,63,1422179495378874663464724868
4,34,53,64,287745189915670170378378060
4,34,53,65,55571834541722174362010748
4,34,53,66,10248788983906135402049088
4,34,53,67,1805594957381535374490828
4,34,53,68,303971254787926907366096
4,34,53,69,48911788426131451677540
4,34,53,70,7523701826111481599784
4,34,53,71,1106397971171273188004
4,34,53,72,155534264752915626808
4,34,53,73,20897178696003734964
4,34,53,74,2682469572167275096
4,34,53,75,328789673889556120
4,34,53,76,38448735935050756
4,34,53,77,4284831581786916
4,34,53,78,454365031647428
4,34,53,79,45754560550912
4,34,53,80,4362453923336
4,34,53,81,392496597840
4,34,53,82,33107095788
4,34,53,83,2593650964
4,34,53,84,185343136
4,34,53,85,11759696
4,34,53,86,632204
4,34,53,87,25820
4,34,53,88,840
4,34,53,89,0
4,34,53,90,0
4,34,53,91,0
4,34,53,92,0
4,34,53,93,0
4,34,53,94,0
4,34,53,95,0
4,34,53,96,0
4,34,53,97,0
4,34,53,98,0
4,34,53,99,0
4,34,53,100,0
4,34,53,101,0
4,34,53,102,0
4,34,53,103,0
4,34,53,104,0
4,34,53,105,0
4,34,53,106,0
4,34,53,107,0
4,34,53,108,0
4,34,53,109,0
4,34,53,110,0
4,34,53,111,0
4,34,53,112,0
4,34,53,113,0
4,34,53,114,0
4,34,53,115,0
4,34,53,116,0
4,34,53,117,0
4,34,53,118,0
4,34,53,119,0
4,34,53,120,0
4,34,53,121,0
4,34,53,122,0
4,34,53,123,0
4,34,53,124,0
4,34,53,125,0
4,34,53,126,0
4,34,53,127,0
4,34,53,128,0
4,34,53,129,0
4,34,53,130,0
4,34,53,131,0
4,34,53,132,0
4,34,53,133,0
4,34,53,134,0
4,34,53,135,0
4,34,53,136,0
4,34,53,137,0
4,34,53,138,0
4,34,53,139,0
4,34,53,140,0
4,34,53,141,0
4,34,53,142,0
4,34,53,143,0
4,34,53,144,0
4,34,53,145,0
4,34,53,146,0
4,34,53,147,0
4,34,53,148,0
4,34,53,149,0
4,34,53,150,0
4,34,53,151,0
4,34,53,152,0
4,34,53,153,0
4,34,53,154,0
4,34,53,155,0
4,34,53,156,0
4,34,53,157,0
4,34,53,158,0
4,34,53,159,0
4,34,53,160,0
4,34,53,161,0
4,34,53,162,0
4,34,53,163,0
4,34,53,164,0
4,34,53,165,0
4,34,53,166,0
4,34,53,167,0
4,34,53,168,0
4,34,53,169,0
4,34,53,170,0
4,34,53,171,0
4,34,53,172,0
4,34,53,173,0
4,34,53,174,0
4,34,53,175,0
4,34,53,176,0
4,34,53,177,0
4,34,53,178,0
4,34,53,179,0
4,34,53,180,0
4,34,53,181,0
4,34,53,182,0
4,34,53,183,0
4,34,53,184,0
4,34,53,185,0
4,34,53,186,0
4,34,53,187,0
4,34,53,188,0
4,34,53,189,0
4,34,53,190,0
4,34,53,191,0
4,34,53,192,0
4,34,53,193,0
4,34,53,194,0
4,34,53,195,0
4,34,53,196,0
4,34,53,197,0
4,34,53,198,0
4,34,53,199,0
4,34,53,200,0
4,34,53,201,0
4,34,53,202,0
4,34,53,203,0
4,34,53,204,0
4,34,53,205,0
4,34,53,206,0
4,34,53,207,0
4,34,53,208,0
4,34,53,209,0
4,34,53,210,0
4,34,53,211,0
4,34,53,212,0
4,34,53,213,0
4,34,53,214,0
4,34,53,215,0
4,34,53,216,0
4,34,53,217,0
4,34,53,218,0
4,34,53,219,0
4,34,53,220,0
4,34,53,221,0
4,34,53,222,0
4,34,53,223,0
4,34,53,224,0
4,34,53,225,0
4,34,53,226,0
4,34,53,227,0
4,34,53,228,0
4,34,53,229,0
4,34,53,230,0
4,34,53,231,0
4,34,53,232,0
4,34,53,233,0
4,34,53,234,0
4,34,54,0,12056242080273042
4,34,54,1,448457667499599228
4,34,54,2,9842453525362555164
4,34,54,3,160638793737990514840
4,34,54,4,2134495034176143807412
4,34,54,5,24192090767654258980122
4,34,54,6,240466672818794713096590
4,34,54,7,2134432664174032589454246
4,34,54,8,17129430614894660985402932
4,34,54,9,125394151773794127606186858
4,34,54,10,842740311771072315227586892
4,34,54,11,5224906827339189469451417204
4,34,54,12,29991230678901150075181152732
4,34,54,13,159813257388971619638913283114
4,34,54,14,792149256884896030645641223344
4,34,54,15,3657772466569075009526062410416
4,34,54,16,15750587219226135356016787801976
4,34,54,17,63292739776853410776563691373654
4,34,54,18,237451515027199837663071921616842
4,34,54,19,831858708247833329815563588224210
4,34,54,20,2721379036736073421752381656216542
4,34,54,21,8312702692112077537969146123510080
4,34,54,22,23703360160770984770318434885797330
4,34,54,23,63075038922685574020774355576585928
4,34,54,24,156576852679597720680053269784302072
4,34,54,25,362452579426137611381462219429646466
4,34,54,26,782095353467508681862468824704114204
4,34,54,27,1572517571543058463600878460758279648
4,34,54,28,2945254225573050847827278839495300978
4,34,54,29,5137330591577007150316394397491791506
4,34,54,30,8344042764795816771230096075411368060
4,34,54,31,12619012298438417884332055715100767168
4,34,54,32,17771519534733730823816661141825600632
4,34,54,33,23311699806137021495128077722842937370
4,34,54,34,28492776798949022907594060373028075888
4,34,54,35,32466063488449342335980157520762449326
4,34,54,36,34509596790011116509477314264510333896
4,34,54,37,34245304782104358003090702129889555000
4,34,54,38,31753834434972232450006208212646740456
4,34,54,39,27538987481599049614705133866664326118
4,34,54,40,22361950492343111571683547976459944988
4,34,54,41,17019853086665819527107243048306124190
4,34,54,42,12155498846718083243594969574543693846
4,34,54,43,8155494530632431371421092978975287550
4,34,54,44,5146043799896683300415314751072159264
4,34,54,45,3057146606400505469424477869588823832
4,34,54,46,1711733279215880983897803020448964210
4,34,54,47,904211177780261599279021282350894586
4,34,54,48,451056833443344957834516750849808828
4,34,54,49,212671448948145673189806845422784734
4,34,54,50,94856554308894385493343522671473498
4,34,54,51,40053891044877055889476018517409026
4,34,54,52,16023479084731533971705655962415502
4,34,54,53,6077117471622004695491810617040862
4,34,54,54,2186462061292275508072640618670844
4,34,54,55,746703324626815089961691601462440
4,34,54,56,242192548835947404762494815330402
4,34,54,57,74647289527633657032484842994002
4,34,54,58,21874287339491247670006896100464
4,34,54,59,6097345886384908656209568531886
4,34,54,60,1617527138164931348421080390612
4,34,54,61,408583232276317175093407793604
4,34,54,62,98319643548743454490071275118
4,34,54,63,22549729124152663357648143038
4,34,54,64,4931635125099697622346051922
4,34,54,65,1028942910983015031408809574
4,34,54,66,204897493847977697717469310
4,34,54,67,38959197154698119040189448
4,34,54,68,7075853840866082568068420
4,34,54,69,1227977979826555766488722
4,34,54,70,203688786625479462723228
4,34,54,71,32299748162107988130942
4,34,54,72,4897105231351725894188
4,34,54,73,709897418836453518192
4,34,54,74,98383296707592613450
4,34,54,75,13031860268201957364
4,34,54,76,1649164574757060284
4,34,54,77,199257644092984856
4,34,54,78,22964899978202574
4,34,54,79,2521642609938580
4,34,54,80,263349631408900
4,34,54,81,26101923059234
4,34,54,82,2447862110058
4,34,54,83,216304444928
4,34,54,84,17880462592
4,34,54,85,1368513864
4,34,54,86,94921272
4,34,54,87,5739820
4,34,54,88,299284
4,34,54,89,10688
4,34,54,90,294
4,34,54,91,0
4,34,54,92,0
4,34,54,93,0
4,34,54,94,0
4,34,54,95,0
4,34,54,96,0
4,34,54,97,0
4,34,54,98,0
4,34,54,99,0
4,34,54,100,0
4,34,54,101,0
4,34,54,102,0
4,34,54,103,0
4,34,54,104,0
4,34,54,105,0
4,34,54,106,0
4,34,54,107,0
4,34,54,108,0
4,34,54,109,0
4,34,54,110,0
4,34,54,111,0
4,34,54,112,0
4,34,54,113,0
4,34,54,114,0
4,34,54,115,0
4,34,54,116,0
4,34,54,117,0
4,34,54,118,0
4,34,54,119,0
4,34,54,120,0
4,34,54,121,0
4,34,54,122,0
4,34,54,123,0
4,34,54,124,0
4,34,54,125,0
4,34,54,126,0
4,34,54,127,0
4,34,54,128,0
4,34,54,129,0
4,34,54,130,0
4,34,54,131,0
4,34,54,132,0
4,34,54,133,0
4,34,54,134,0
4,34,54,135,0
4,34,54,136,0
4,34,54,137,0
4,34,54,138,0
4,34,54,139,0
4,34,54,140,0
4,34,54,141,0
4,34,54,142,0
4,34,54,143,0
4,34,54,144,0
4,34,54,145,0
4,34,54,146,0
4,34,54,147,0
4,34,54,148,0
4,34,54,149,0
4,34,54,150,0
4,34,54,151,0
4,34,54,152,0
4,34,54,153,0
4,34,54,154,0
4,34,54,155,0
4,34,54,156,0
4,34,54,157,0
4,34,54,158,0
4,34,54,159,0
4,34,54,160,0
4,34,54,161,0
4,34,54,162,0
4,34,54,163,0
4,34,54,164,0
4,34,54,165,0
4,34,54,166,0
4,34,54,167,0
4,34,54,168,0
4,34,54,169,0
4,34,54,170,0
4,34,54,171,0
4,34,54,172,0
4,34,54,173,0
4,34,54,174,0
4,34,54,175,0
4,34,54,176,0
4,34,54,177,0
4,34,54,178,0
4,34,54,179,0
4,34,54,180,0
4,34,54,181,0
4,34,54,182,0
4,34,54,183,0
4,34,54,184,0
4,34,54,185,0
4,34,54,186,0
4,34,54,187,0
4,34,54,188,0
4,34,54,189,0
4,34,54,190,0
4,34,54,191,0
4,34,54,192,0
4,34,54,193,0
4,34,54,194,0
4,34,54,195,0
4,34,54,196,0
4,34,54,197,0
4,34,54,198,0
4,34,54,199,0
4,34,54,200,0
4,34,54,201,0
4,34,54,202,0
4,34,54,203,0
4,34,54,204,0
4,34,54,205,0
4,34,54,206,0
4,34,54,207,0
4,34,54,208,0
4,34,54,209,0
4,34,54,210,0
4,34,54,211,0
4,34,54,212,0
4,34,54,213,0
4,34,54,214,0
4,34,54,215,0
4,34,54,216,0
4,34,54,217,0
4,34,54,218,0
4,34,54,219,0
4,34,54,220,0
4,34,54,221,0
4,34,54,222,0
4,34,54,223,0
4,34,54,224,0
4,34,54,225,0
4,34,54,226,0
4,34,54,227,0
4,34,54,228,0
4,34,54,229,0
4,34,54,230,0
4,34,54,231,0
4,34,54,232,0
4,34,54,233,0
4,34,54,234,0
4,34,55,0,2033112870144068
4,34,55,1,74060567471106720
4,34,55,2,1622325648578558500
4,34,55,3,26674064830602385132
4,34,55,4,359487593113239294236
4,34,55,5,4154885267303777384756
4,34,55,6,42309175315486494411524
4,34,55,7,386303428352197316997532
4,34,55,8,3200914712426839890669240
4,34,55,9,24277415306772942152204728
4,34,55,10,169605779631055238588267728
4,34,55,11,1096510891241320273649977408
4,34,55,12,6583146544330236507756420512
4,34,55,13,36798938383662020957059035588
4,34,55,14,191893051493245117510858467008
4,34,55,15,934799251581630200439701331216
4,34,55,16,4258380678741154803744539037936
4,34,55,17,18151972638146536773869781818252
4,34,55,18,72430970090133268030625498611392
4,34,55,19,270593440661805103312795431892860
4,34,55,20,946444823517167929533672687759704
4,34,55,21,3098754770066388827817205845693764
4,34,55,22,9494478239324829898561995044637584
4,34,55,23,27213616481907468397710575613540628
4,34,55,24,72936375809254932215862844491425056
4,34,55,25,182700279106883968268567606670309044
4,34,55,26,427522456569162823844061846485179888
4,34,55,27,934102186303373152654017907334511628
4,34,55,28,1904803483271278246777469387958813796
4,34,55,29,3623716848426847177487359453125453372
4,34,55,30,6429353201675884435597978028926001404
4,34,55,31,10636315408672004581988829770578695576
4,34,55,32,16405019111153978608544325492611680316
4,34,55,33,23590081024776115443670669583034540032
4,34,55,34,31631075004810725272510712638494259272
4,34,55,35,39560005992309435627446678226244061304
4,34,55,36,46168325093522456395288746080574136364
4,34,55,37,50306493354521992806797348883737652496
4,34,55,38,51215087219675237208588319128793805944
4,34,55,39,48754689358922002902008202191444095188
4,34,55,40,43438157621988120294396794462073052440
4,34,55,41,36256634296315085937927811023179926920
4,34,55,42,28380023151204783587895850573030876404
4,34,55,43,20854975044100034834291821167183716656
4,34,55,44,14402786804407688636713327203906470024
4,34,55,45,9358138994952385707371046026056625080
4,34,55,46,5726586956209606122092822331096413088
4,34,55,47,3303760166342054408298692553981929092
4,34,55,48,1798670433519501577066415020842052604
4,34,55,49,924969637624286076430957378871110184
4,34,55,50,449691702379179870373116617486043360
4,34,55,51,206855966595041526143203859488569000
4,34,55,52,90098377070808831140608601050345656
4,34,55,53,37185037483736514415370307787095768
4,34,55,54,14551464186879569252520506969599648
4,34,55,55,5402536354957443092560666357314076
4,34,55,56,1904099120499305914805314555484312
4,34,55,57,637406362805886448057571064483844
4,34,55,58,202768782402189133692173407235372
4,34,55,59,61327902098518880168076244897372
4,34,55,60,17643962498040056606487664532400
4,34,55,61,4830813895003182461709211567384
4,34,55,62,1259313897836894528699549661400
4,34,55,63,312708549515202016502654561848
4,34,55,64,74001344378234514049064002120
4,34,55,65,16696846630216924913208160744
4,34,55,66,3593541085891469268729849196
4,34,55,67,738069941359270310365019400
4,34,55,68,144725368515913453233931888
4,34,55,69,27104277173112065755698804
4,34,55,70,4849921220126700180741848
4,34,55,71,829414876724490425734316
4,34,55,72,135599859755609644112928
4,34,55,73,21196992307147281089748
4,34,55,74,3168506642630137909140
4,34,55,75,452888100645219945200
4,34,55,76,61889568385081322948
4,34,55,77,8083541197844591000
4,34,55,78,1008625970409713732
4,34,55,79,120141692742733744
4,34,55,80,13647723084809180
4,34,55,81,1476541019219264
4,34,55,82,151867862018836
4,34,55,83,14814862012812
4,34,55,84,1366012122996
4,34,55,85,118527770096
4,34,55,86,9600877024
4,34,55,87,714585896
4,34,55,88,48266320
4,34,55,89,2778308
4,34,55,90,134252
4,34,55,91,4668
4,34,55,92,84
4,34,55,93,0
4,34,55,94,0
4,34,55,95,0
4,34,55,96,0
4,34,55,97,0
4,34,55,98,0
4,34,55,99,0
4,34,55,100,0
4,34,55,101,0
4,34,55,102,0
4,34,55,103,0
4,34,55,104,0
4,34,55,105,0
4,34,55,106,0
4,34,55,107,0
4,34,55,108,0
4,34,55,109,0
4,34,55,110,0
4,34,55,111,0
4,34,55,112,0
4,34,55,113,0
4,34,55,114,0
4,34,55,115,0
4,34,55,116,0
4,34,55,117,0
4,34,55,118,0
4,34,55,119,0
4,34,55,120,0
4,34,55,121,0
4,34,55,122,0
4,34,55,123,0
4,34,55,124,0
4,34,55,125,0
4,34,55,126,0
4,34,55,127,0
4,34,55,128,0
4,34,55,129,0
4,34,55,130,0
4,34,55,131,0
4,34,55,132,0
4,34,55,133,0
4,34,55,134,0
4,34,55,135,0
4,34,55,136,0
4,34,55,137,0
4,34,55,138,0
4,34,55,139,0
4,34,55,140,0
4,34,55,141,0
4,34,55,142,0
4,34,55,143,0
4,34,55,144,0
4,34,55,145,0
4,34,55,146,0
4,34,55,147,0
4,34,55,148,0
4,34,55,149,0
4,34,55,150,0
4,34,55,151,0
4,34,55,152,0
4,34,55,153,0
4,34,55,154,0
4,34,55,155,0
4,34,55,156,0
4,34,55,157,0
4,34,55,158,0
4,34,55,159,0
4,34,55,160,0
4,34,55,161,0
4,34,55,162,0
4,34,55,163,0
4,34,55,164,0
4,34,55,165,0
4,34,55,166,0
4,34,55,167,0
4,34,55,168,0
4,34,55,169,0
4,34,55,170,0
4,34,55,171,0
4,34,55,172,0
4,34,55,173,0
4,34,55,174,0
4,34,55,175,0
4,34,55,176,0
4,34,55,177,0
4,34,55,178,0
4,34,55,179,0
4,34,55,180,0
4,34,55,181,0
4,34,55,182,0
4,34,55,183,0
4,34,55,184,0
4,34,55,185,0
4,34,55,186,0
4,34,55,187,0
4,34,55,188,0
4,34,55,189,0
4,34,55,190,0
4,34,55,191,0
4,34,55,192,0
4,34,55,193,0
4,34,55,194,0
4,34,55,195,0
4,34,55,196,0
4,34,55,197,0
4,34,55,198,0
4,34,55,199,0
4,34,55,200,0
4,34,55,201,0
4,34,55,202,0
4,34,55,203,0
4,34,55,204,0
4,34,55,205,0
4,34,55,206,0
4,34,55,207,0
4,34,55,208,0
4,34,55,209,0
4,34,55,210,0
4,34,55,211,0
4,34,55,212,0
4,34,55,213,0
4,34,55,214,0
4,34,55,215,0
4,34,55,216,0
4,34,55,217,0
4,34,55,218,0
4,34,55,219,0
4,34,55,220,0
4,34,55,221,0
4,34,55,222,0
4,34,55,223,0
4,34,55,224,0
4,34,55,225,0
4,34,55,226,0
4,34,55,227,0
4,34,55,228,0
4,34,55,229,0
4,34,55,230,0
4,34,55,231,0
4,34,55,232,0
4,34,55,233,0
4,34,55,234,0
4,34,56,0,315115782398582
4,34,56,1,11167249477745184
4,34,56,2,243324994910663798
4,34,56,3,4018714803638765094
4,34,56,4,54791702630338250794
4,34,56,5,644222804532127743794
4,34,56,6,6704833881801232604040
4,34,56,7,62826922008621248641090
4,34,56,8,536263407035572097777040
4,34,56,9,4204370993480970653076996
4,34,56,10,30461931240769790779657670
4,34,56,11,204884318537109981769328956
4,34,56,12,1283573373664156864159726695
4,34,56,13,7509104982433063935465829840
4,34,56,14,41098063065170426624116666615
4,34,56,15,210720939299651005048526058742
4,34,56,16,1013111853819372934925409364138
4,34,56,17,4570226175046729186427941658748
4,34,56,18,19350816188028696355664216402537
4,34,56,19,76912558177489134330877488668522
4,34,56,20,286951163451924610838069869761937
4,34,56,21,1004716012919274593110481905394706
4,34,56,22,3300370668312227904166534052132563
4,34,56,23,10166796186953300988333598276080538
4,34,56,24,29355803553727791233708748200363438
4,34,56,25,79406636543372726833502740437308828
4,34,56,26,201105763300740646273990210739046022
4,34,56,27,476590864115939720701008543035669326
4,34,56,28,1056269994047344683611702024302622134
4,34,56,29,2188174654643631361386604564963888860
4,34,56,30,4235073570086209111493689693844280101
4,34,56,31,7654892967167745608178605893732183892
4,34,56,32,12917694790830195189679177259622051505
4,34,56,33,20347717992039772080769191730093305022
4,34,56,34,29915943797635181222633463059588603456
4,34,56,35,41055968420188019743023099532295452120
4,34,56,36,52605114322615853662826322035183080202
4,34,56,37,62952175400676503902529891939545685506
4,34,56,38,70394285785907541305509032418065918203
4,34,56,39,73599803039074966956382363892406495096
4,34,56,40,72002466738253520433805494329262638175
4,34,56,41,65964683705657156153269691426782459494
4,34,56,42,56645528734245174535470575463551819957
4,34,56,43,45638607265128186284280391041661550948
4,34,56,44,34534346242736415884725848171557056464
4,34,56,45,24568014734122487243949357124442326982
4,34,56,46,16448911504786610524753881270832801727
4,34,56,47,10375149332647753956370080479691164312
4,34,56,48,6171221935461783850726619321878997578
4,34,56,49,3464816417244913701458946451759240854
4,34,56,50,1837866288675118087398866493448898408
4,34,56,51,921811404287819509333407294210827040
4,34,56,52,437533102469671316485164270252825142
4,34,56,53,196672093792103253010057772987728492
4,34,56,54,83779276772379071234130984820706269
4,34,56,55,33843061583421944764474272009950354
4,34,56,56,12971762299482488700379768720704775
4,34,56,57,4720240490144370793203493558751646
4,34,56,58,1631509727423156622762470089744034
4,34,56,59,535905457337496499256649250197732
4,34,56,60,167364427366865035887524872706143
4,34,56,61,49717791847531404834687205117462
4,34,56,62,14054898879611061800011489702350
4,34,56,63,3782707264987411328311494355484
4,34,56,64,969680427590819903274052773479
4,34,56,65,236863331603461661302578405762
4,34,56,66,55157345614525196489205539057
4,34,56,67,12250050650905579508520874130
4,34,56,68,2595923931532548445236927821
4,34,56,69,525111314892741548653696596
4,34,56,70,101436382559393406981489378
4,34,56,71,18719079451548488961915168
4,34,56,72,3301201832029458844123235
4,34,56,73,556522725669612962420216
4,34,56,74,89704757888790777541410
4,34,56,75,13827194988054663766046
4,34,56,76,2038269978555102731678
4,34,56,77,287324043172166856354
4,34,56,78,38723947914696555157
4,34,56,79,4988033363091738618
4,34,56,80,613736032796455762
4,34,56,81,72076509088978838
4,34,56,82,8070386850530286
4,34,56,83,860306933173674
4,34,56,84,87138364584319
4,34,56,85,8364873782152
4,34,56,86,758381579916
4,34,56,87,64537171654
4,34,56,88,5119476653
4,34,56,89,371053376
4,34,56,90,24090089
4,34,56,91,1336000
4,34,56,92,59223
4,34,56,93,1900
4,34,56,94,21
4,34,56,95,0
4,34,56,96,0
4,34,56,97,0
4,34,56,98,0
4,34,56,99,0
4,34,56,100,0
4,34,56,101,0
4,34,56,102,0
4,34,56,103,0
4,34,56,104,0
4,34,56,105,0
4,34,56,106,0
4,34,56,107,0
4,34,56,108,0
4,34,56,109,0
4,34,56,110,0
4,34,56,111,0
4,34,56,112,0
4,34,56,113,0
4,34,56,114,0
4,34,56,115,0
4,34,56,116,0
4,34,56,117,0
4,34,56,118,0
4,34,56,119,0
4,34,56,120,0
4,34,56,121,0
4,34,56,122,0
4,34,56,123,0
4,34,56,124,0
4,34,56,125,0
4,34,56,126,0
4,34,56,127,0
4,34,56,128,0
4,34,56,129,0
4,34,56,130,0
4,34,56,131,0
4,34,56,132,0
4,34,56,133,0
4,34,56,134,0
4,34,56,135,0
4,34,56,136,0
4,34,56,137,0
4,34,56,138,0
4,34,56,139,0
4,34,56,140,0
4,34,56,141,0
4,34,56,142,0
4,34,56,143,0
4,34,56,144,0
4,34,56,145,0
4,34,56,146,0
4,34,56,147,0
4,34,56,148,0
4,34,56,149,0
4,34,56,150,0
4,34,56,151,0
4,34,56,152,0
4,34,56,153,0
4,34,56,154,0
4,34,56,155,0
4,34,56,156,0
4,34,56,157,0
4,34,56,158,0
4,34,56,159,0
4,34,56,160,0
4,34,56,161,0
4,34,56,162,0
4,34,56,163,0
4,34,56,164,0
4,34,56,165,0
4,34,56,166,0
4,34,56,167,0
4,34,56,168,0
4,34,56,169,0
4,34,56,170,0
4,34,56,171,0
4,34,56,172,0
4,34,56,173,0
4,34,56,174,0
4,34,56,175,0
4,34,56,176,0
4,34,56,177,0
4,34,56,178,0
4,34,56,179,0
4,34,56,180,0
4,34,56,181,0
4,34,56,182,0
4,34,56,183,0
4,34,56,184,0
4,34,56,185,0
4,34,56,186,0
4,34,56,187,0
4,34,56,188,0
4,34,56,189,0
4,34,56,190,0
4,34,56,191,0
4,34,56,192,0
4,34,56,193,0
4,34,56,194,0
4,34,56,195,0
4,34,56,196,0
4,34,56,197,0
4,34,56,198,0
4,34,56,199,0
4,34,56,200,0
4,34,56,201,0
4,34,56,202,0
4,34,56,203,0
4,34,56,204,0
4,34,56,205,0
4,34,56,206,0
4,34,56,207,0
4,34,56,208,0
4,34,56,209,0
4,34,56,210,0
4,34,56,211,0
4,34,56,212,0
4,34,56,213,0
4,34,56,214,0
4,34,56,215,0
4,34,56,216,0
4,34,56,217,0
4,34,56,218,0
4,34,56,219,0
4,34,56,220,0
4,34,56,221,0
4,34,56,222,0
4,34,56,223,0
4,34,56,224,0
4,34,56,225,0
4,34,56,226,0
4,34,56,227,0
4,34,56,228,0
4,34,56,229,0
4,34,56,230,0
4,34,56,231,0
4,34,56,232,0
4,34,56,233,0
4,34,56,234,0
4,34,57,0,44754125133512
4,34,57,1,1531800596088132
4,34,57,2,33094981482588744
4,34,57,3,547570153205454396
4,34,57,4,7534943488675355940
4,34,57,5,89928011723644466720
4,34,57,6,954557067723737692960
4,34,57,7,9160368688491351256128
4,34,57,8,80374898891292811215560
4,34,57,9,650007022789643106895344
4,34,57,10,4873727782279063504350816
4,34,57,11,34028843707303998120419164
4,34,57,12,221969524639870157845834316
4,34,57,13,1355992956639684931536167048
4,34,57,14,7771778365584777113916891548
4,34,57,15,41845243051221730140390736764
4,34,57,16,211848325585563669937196360492
4,34,57,17,1009038110274807906565055133344
4,34,57,18,4523028814750890171406008278032
4,34,57,19,19082333751832585323108353131500
4,34,57,20,75766413108413517461942093375684
4,34,57,21,283049842877128041542043599696588
4,34,57,22,994567830511082086162893704792668
4,34,57,23,3285429019429331783366306811993764
4,34,57,24,10197706940395636235554090780676212
4,34,57,25,29723952196041799714363456769262472
4,34,57,26,81306937561752613280791100161671384
4,34,57,27,208583521344735010924845915251239720
4,34,57,28,501507336322581132134946488685874764
4,34,57,29,1129381764639731814047375125256333720
4,34,57,30,2380718244946378575571547506704679136
4,34,57,31,4695062264535004769645172083900264384
4,34,57,32,8658374024523120810133184324031668076
4,34,57,33,14925517938193859764188993117920512772
4,34,57,34,24043903706561340275873135373089137592
4,34,57,35,36191061034381769173145250978612764784
4,34,57,36,50899666152783891916019044323121834988
4,34,57,37,66896476546729217674518912476302783736
4,34,57,38,82183612742312803889859414635188422660
4,34,57,39,94414797498775458372938532602112307836
4,34,57,40,101485439730118740312353417424301802356
4,34,57,41,102132462238533957191591063853784761728
4,34,57,42,96305842051954345029576647693073398356
4,34,57,43,85160759817514810075931148203889397736
4,34,57,44,70684166202537805736879597955374844824
4,34,57,45,55121077544858976793428996147009702348
4,34,57,46,40425412631867132321061903772642992224
4,34,57,47,27910251194875396137592024481422302960
4,34,57,48,18158201709120569877164552273027711596
4,34,57,49,11142918325167888078827543906959514428
4,34,57,50,6455714606982668545299164050425750236
4,34,57,51,3534211295583933783547674434302762092
4,34,57,52,1829809019265157746660704631583414036
4,34,57,53,896651137383446717089567770156413608
4,34,57,54,416161346111640833158072243260764904
4,34,57,55,183068383118799486874831587535166736
4,34,57,56,76374622745784736915859009463321512
4,34,57,57,30235643723686142799773538876090856
4,34,57,58,11364641475112157880498761507451796
4,34,57,59,4057652502856005257371639776866612
4,34,57,60,1376828470102727158070183672999232
4,34,57,61,444185128432082299158650502096304
4,34,57,62,136305593677439465256620246584676
4,34,57,63,39802549667012163051150120560808
4,34,57,64,11064605210556444370998234895680
4,34,57,65,2929335926641394197459036185384
4,34,57,66,738911622818188475947834699456
4,34,57,67,177659999795948194139198529468
4,34,57,68,40732963659870425732626301904
4,34,57,69,8909374856791863383538434252
4,34,57,70,1859846847479275787922028952
4,34,57,71,370693468872572073859444400
4,34,57,72,70571777925880135121166968
4,34,57,73,12837583008378693727750396
4,34,57,74,2232088764697552480106608
4,34,57,75,371049880747627209298788
4,34,57,76,58983855865814811536680
4,34,57,77,8967380322655733902448
4,34,57,78,1303880798096939308292
4,34,57,79,181303715032883813440
4,34,57,80,24102780937324355012
4,34,57,81,3062250797986173420
4,34,57,82,371586640456481376
4,34,57,83,43027915215626408
4,34,57,84,4748936598724572
4,34,57,85,498780040667592
4,34,57,86,49750361542628
4,34,57,87,4698585356664
4,34,57,88,418641875256
4,34,57,89,34953290612
4,34,57,90,2707605136
4,34,57,91,190827424
4,34,57,92,11933780
4,34,57,93,628404
4,34,57,94,25236
4,34,57,95,800
4,34,57,96,0
4,34,57,97,0
4,34,57,98,0
4,34,57,99,0
4,34,57,100,0
4,34,57,101,0
4,34,57,102,0
4,34,57,103,0
4,34,57,104,0
4,34,57,105,0
4,34,57,106,0
4,34,57,107,0
4,34,57,108,0
4,34,57,109,0
4,34,57,110,0
4,34,57,111,0
4,34,57,112,0
4,34,57,113,0
4,34,57,114,0
4,34,57,115,0
4,34,57,116,0
4,34,57,117,0
4,34,57,118,0
4,34,57,119,0
4,34,57,120,0
4,34,57,121,0
4,34,57,122,0
4,34,57,123,0
4,34,57,124,0
4,34,57,125,0
4,34,57,126,0
4,34,57,127,0
4,34,57,128,0
4,34,57,129,0
4,34,57,130,0
4,34,57,131,0
4,34,57,132,0
4,34,57,133,0
4,34,57,134,0
4,34,57,135,0
4,34,57,136,0
4,34,57,137,0
4,34,57,138,0
4,34,57,139,0
4,34,57,140,0
4,34,57,141,0
4,34,57,142,0
4,34,57,143,0
4,34,57,144,0
4,34,57,145,0
4,34,57,146,0
4,34,57,147,0
4,34,57,148,0
4,34,57,149,0
4,34,57,150,0
4,34,57,151,0
4,34,57,152,0
4,34,57,153,0
4,34,57,154,0
4,34,57,155,0
4,34,57,156,0
4,34,57,157,0
4,34,57,158,0
4,34,57,159,0
4,34,57,160,0
4,34,57,161,0
4,34,57,162,0
4,34,57,163,0
4,34,57,164,0
4,34,57,165,0
4,34,57,166,0
4,34,57,167,0
4,34,57,168,0
4,34,57,169,0
4,34,57,170,0
4,34,57,171,0
4,34,57,172,0
4,34,57,173,0
4,34,57,174,0
4,34,57,175,0
4,34,57,176,0
4,34,57,177,0
4,34,57,178,0
4,34,57,179,0
4,34,57,180,0
4,34,57,181,0
4,34,57,182,0
4,34,57,183,0
4,34,57,184,0
4,34,57,185,0
4,34,57,186,0
4,34,57,187,0
4,34,57,188,0
4,34,57,189,0
4,34,57,190,0
4,34,57,191,0
4,34,57,192,0
4,34,57,193,0
4,34,57,194,0
4,34,57,195,0
4,34,57,196,0
4,34,57,197,0
4,34,57,198,0
4,34,57,199,0
4,34,57,200,0
4,34,57,201,0
4,34,57,202,0
4,34,57,203,0
4,34,57,204,0
4,34,57,205,0
4,34,57,206,0
4,34,57,207,0
4,34,57,208,0
4,34,57,209,0
4,34,57,210,0
4,34,57,211,0
4,34,57,212,0
4,34,57,213,0
4,34,57,214,0
4,34,57,215,0
4,34,57,216,0
4,34,57,217,0
4,34,57,218,0
4,34,57,219,0
4,34,57,220,0
4,34,57,221,0
4,34,57,222,0
4,34,57,223,0
4,34,57,224,0
4,34,57,225,0
4,34,57,226,0
4,34,57,227,0
4,34,57,228,0
4,34,57,229,0
4,34,57,230,0
4,34,57,231,0
4,34,57,232,0
4,34,57,233,0
4,34,57,234,0
4,34,58,0,5801405883890
4,34,58,1,190218402415876
4,34,58,2,4063816242177832
4,34,58,3,67191918275123894
4,34,58,4,931256912110157122
4,34,58,5,11260208269993842688
4,34,58,6,121676117410089528484
4,34,58,7,1193641859059584517716
4,34,58,8,10746181858940929226178
4,34,58,9,89476578542152364132138
4,34,58,10,692951739451335300502072
4,34,58,11,5012632422545134833674674
4,34,58,12,33975583569498399498398608
4,34,58,13,216285623452394490687701684
4,34,58,14,1295392811705948099688446252
4,34,58,15,7308543176659347139309684314
4,34,58,16,38876667929495762290313570712
4,34,58,17,195079769890363055998309590656
4,34,58,18,923684690945177738859130153200
4,34,58,19,4127180475945890260230419445864
4,34,58,20,17400166139806446614495403915410
4,34,58,21,69200701638903893170234077555946
4,34,58,22,259512005019806828386878867209322
4,34,58,23,917238035304782685088681126874786
4,34,58,24,3053764952756284423815621081290642
4,34,58,25,9570633686945841885056032246562368
4,34,58,26,28216207603053143698182765218492432
4,34,58,27,78198218396063975562689690692282146
4,34,58,28,203571158222128280744919186402969710
4,34,58,29,497437804752509898330579906433563016
4,34,58,30,1140132483962124012017596424255155360
4,34,58,31,2449477749519270588668665629281611598
4,34,58,32,4929760522048250577833470486635979310
4,34,58,33,9289183279893217035777289287921954906
4,34,58,34,16380763821479283071876370555268891000
4,34,58,35,27023919954608702040626356139597174842
4,34,58,36,41699016585880006557362892498152881836
4,34,58,37,60176897021948078127529229894782969482
4,34,58,38,81223924870878278908161435439966167202
4,34,58,39,102558947677132832839775944715214993652
4,34,58,40,121183731406916269650329148697820480572
4,34,58,41,134060157848459019766770354365535885580
4,34,58,42,138930049048604185484393638807827069796
4,34,58,43,134969856225166458335225672179764940808
4,34,58,44,123016609375246481330307006861770577174
4,34,58,45,105281052200521107820832590484726517536
4,34,58,46,84682094912609942789648090827068670414
4,34,58,47,64076251300897608376057236400167032794
4,34,58,48,45654303195911996166816461865728559724
4,34,58,49,30659070580508908649809468895505961312
4,34,58,50,19423820982491820194843566914633916602
4,34,58,51,11619878391241315470315848950989213756
4,34,58,52,6569548544350388949379830967184272934
4,34,58,53,3513114400911545257513328909332703920
4,34,58,54,1778302995666641340409848118742472006
4,34,58,55,852681682641192720080157486055886460
4,34,58,56,387546532077457845436292183182319758
4,34,58,57,167063772399929873463940200575088320
4,34,58,58,68345045981483705793822430115076446
4,34,58,59,26547517114523658701572416207863226
4,34,58,60,9795847253908246879690392369545266
4,34,58,61,3435235145173321132901808727365078
4,34,58,62,1145384793325681157237217924641980
4,34,58,63,363247737564158296840273738258838
4,34,58,64,109618033741655659795822866281098
4,34,58,65,31488891638406991581844957097882
4,34,58,66,8613858271523281757789859913046
4,34,58,67,2244778765603990747263856003830
4,34,58,68,557517113369756241616033021832
4,34,58,69,132016481448739705109424678094
4,34,58,70,29816886821992623409805339808
4,34,58,71,6425995015649678272341473542
4,34,58,72,1322027653735304364453725944
4,34,58,73,259738277729635653732810704
4,34,58,74,48751824397002927065754294
4,34,58,75,8744921562856681041702868
4,34,58,76,1499556794669186705007926
4,34,58,77,245877726567461686832632
4,34,58,78,38556827939020844864782
4,34,58,79,5782933667565183148254
4,34,58,80,829571103594706321560
4,34,58,81,113803898776207261108
4,34,58,82,14925667959794807364
4,34,58,83,1870602779560970250
4,34,58,84,223874586873940372
4,34,58,85,25561790687955988
4,34,58,86,2780916500693118
4,34,58,87,287767021726144
4,34,58,88,28260521114312
4,34,58,89,2625787197898
4,34,58,90,229822366736
4,34,58,91,18801191986
4,34,58,92,1422493190
4,34,58,93,97262204
4,34,58,94,5791956
4,34,58,95,295918
4,34,58,96,10360
4,34,58,97,280
4,34,58,98,0
4,34,58,99,0
4,34,58,100,0
4,34,58,101,0
4,34,58,102,0
4,34,58,103,0
4,34,58,104,0
4,34,58,105,0
4,34,58,106,0
4,34,58,107,0
4,34,58,108,0
4,34,58,109,0
4,34,58,110,0
4,34,58,111,0
4,34,58,112,0
4,34,58,113,0
4,34,58,114,0
4,34,58,115,0
4,34,58,116,0
4,34,58,117,0
4,34,58,118,0
4,34,58,119,0
4,34,58,120,0
4,34,58,121,0
4,34,58,122,0
4,34,58,123,0
4,34,58,124,0
4,34,58,125,0
4,34,58,126,0
4,34,58,127,0
4,34,58,128,0
4,34,58,129,0
4,34,58,130,0
4,34,58,131,0
4,34,58,132,0
4,34,58,133,0
4,34,58,134,0
4,34,58,135,0
4,34,58,136,0
4,34,58,137,0
4,34,58,138,0
4,34,58,139,0
4,34,58,140,0
4,34,58,141,0
4,34,58,142,0
4,34,58,143,0
4,34,58,144,0
4,34,58,145,0
4,34,58,146,0
4,34,58,147,0
4,34,58,148,0
4,34,58,149,0
4,34,58,150,0
4,34,58,151,0
4,34,58,152,0
4,34,58,153,0
4,34,58,154,0
4,34,58,155,0
4,34,58,156,0
4,34,58,157,0
4,34,58,158,0
4,34,58,159,0
4,34,58,160,0
4,34,58,161,0
4,34,58,162,0
4,34,58,163,0
4,34,58,164,0
4,34,58,165,0
4,34,58,166,0
4,34,58,167,0
4,34,58,168,0
4,34,58,169,0
4,34,58,170,0
4,34,58,171,0
4,34,58,172,0
4,34,58,173,0
4,34,58,174,0
4,34,58,175,0
4,34,58,176,0
4,34,58,177,0
4,34,58,178,0
4,34,58,179,0
4,34,58,180,0
4,34,58,181,0
4,34,58,182,0
4,34,58,183,0
4,34,58,184,0
4,34,58,185,0
4,34,58,186,0
4,34,58,187,0
4,34,58,188,0
4,34,58,189,0
4,34,58,190,0
4,34,58,191,0
4,34,58,192,0
4,34,58,193,0
4,34,58,194,0
4,34,58,195,0
4,34,58,196,0
4,34,58,197,0
4,34,58,198,0
4,34,58,199,0
4,34,58,200,0
4,34,58,201,0
4,34,58,202,0
4,34,58,203,0
4,34,58,204,0
4,34,58,205,0
4,34,58,206,0
4,34,58,207,0
4,34,58,208,0
4,34,58,209,0
4,34,58,210,0
4,34,58,211,0
4,34,58,212,0
4,34,58,213,0
4,34,58,214,0
4,34,58,215,0
4,34,58,216,0
4,34,58,217,0
4,34,58,218,0
4,34,58,219,0
4,34,58,220,0
4,34,58,221,0
4,34,58,222,0
4,34,58,223,0
4,34,58,224,0
4,34,58,225,0
4,34,58,226,0
4,34,58,227,0
4,34,58,228,0
4,34,58,229,0
4,34,58,230,0
4,34,58,231,0
4,34,58,232,0
4,34,58,233,0
4,34,58,234,0
4,34,59,0,682853187516
4,34,59,1,21248944188096
4,34,59,2,447940030495464
4,34,59,3,7385108000824220
4,34,59,4,102913372172059500
4,34,59,5,1258716912746867016
4,34,59,6,13825521143770041012
4,34,59,7,138437530836023026688
4,34,59,8,1276850277566817720544
4,34,59,9,10928601024574857840316
4,34,59,10,87275711803580261331624
4,34,59,11,652962398892941109023296
4,34,59,12,4590588220344280026063140
4,34,59,13,30396224672766362561484204
4,34,59,14,189875776428659319754271672
4,34,59,15,1120318132487514376845287548
4,34,59,16,6248763146569743688418787304
4,34,59,17,32964963766647978203933226244
4,34,59,18,164524746939718467681987073104
4,34,59,19,776876460586829175648766540124
4,34,59,20,3470239495790131054888602064360
4,34,59,21,14659974313490815336526500134864
4,34,59,22,58546090986136285472136544211132
4,34,59,23,220918537525372876964366053413432
4,34,59,24,787184240314831230589305126615132
4,34,59,25,2646914530905562449853328644740916
4,34,59,26,8392815675030941452438035689217876
4,34,59,27,25075337750427732975485794295000876
4,34,59,28,70536357709423369832023986191740500
4,34,59,29,186662711613231916217245530161904056
4,34,59,30,464337622803295022453312336237846152
4,34,59,31,1084937898577928165953698058130069948
4,34,59,32,2379306743171732212329728079503548848
4,34,59,33,4894122804137486417453802159537579052
4,34,59,34,9436577488626978414526103798186327952
4,34,59,35,17046885723961611824310123578464659108
4,34,59,36,28839533192530324462170881964730258476
4,34,59,37,45679122412461171899911167311386568912
4,34,59,38,67727336776297212845297386675349791800
4,34,59,39,93997693846110178370051655715188272504
4,34,59,40,122131839959094140342040567652160980544
4,34,59,41,148597508134426643821496533933799284484
4,34,59,42,169369816896182052003811371296275236720
4,34,59,43,180937104253366708526053532842318694392
4,34,59,44,181284287901588084880863421653610510016
4,34,59,45,170470344843220642534988814327193166620
4,34,59,46,150571364800155596379029100210587790184
4,34,59,47,125030114953775726216869602380058924032
4,34,59,48,97691341258423533050383241318411769484
4,34,59,49,71889560747229592315819869857553329748
4,34,59,50,49870558807449057954775720174283377564
4,34,59,51,32642717671328636449324420952369083592
4,34,59,52,20177913816803701878467347682479722988
4,34,59,53,11789165567337047958850178110010678212
4,34,59,54,6515640354625843095735965277855985864
4,34,59,55,3409006731717025465147972391020297480
4,34,59,56,1689672627935169440771013009286847428
4,34,59,57,793899926872430035055255384705216756
4,34,59,58,353817718618128309499611680377861696
4,34,59,59,149652778525511670637957466711579104
4,34,59,60,60103864552739249463365202610373620
4,34,59,61,22931676350010076926533980388668944
4,34,59,62,8315211505270966844896837369640548
4,34,59,63,2866757314574224151677006108234816
4,34,59,64,940059837664356245286976866342848
4,34,59,65,293310527165626979435585830340284
4,34,59,66,87109359741340032873301511276924
4,34,59,67,24633375736131757903807993609528
4,34,59,68,6635346682111169277588247791640
4,34,59,69,1703122410930755077432886999184
4,34,59,70,416712797264803209236739235416
4,34,59,71,97231475282433597057252259332
4,34,59,72,21643600098119422886057975928
4,34,59,73,4598111624999527435780545720
4,34,59,74,932674594587114041552324664
4,34,59,75,180696388647574829227846316
4,34,59,76,33449992864621971306670048
4,34,59,77,5918530688574991337105900
4,34,59,78,1001214825927877591356412
4,34,59,79,161969950605940058458960
4,34,59,80,25061174076926196970832
4,34,59,81,3708981652810014495468
4,34,59,82,525016926104433350240
4,34,59,83,71068912605856802052
4,34,59,84,9196625145897911140
4,34,59,85,1137085337242033644
4,34,59,86,134229699803097812
4,34,59,87,15112847061421588
4,34,59,88,1620622069205656
4,34,59,89,165215557337224
4,34,59,90,15973849645696
4,34,59,91,1459545504116
4,34,59,92,125446645240
4,34,59,93,10054104708
4,34,59,94,739559892
4,34,59,95,49201324
4,34,59,96,2786876
4,34,59,97,132268
4,34,59,98,4476
4,34,59,99,80
4,34,59,100,0
4,34,59,101,0
4,34,59,102,0
4,34,59,103,0
4,34,59,104,0
4,34,59,105,0
4,34,59,106,0
4,34,59,107,0
4,34,59,108,0
4,34,59,109,0
4,34,59,110,0
4,34,59,111,0
4,34,59,112,0
4,34,59,113,0
4,34,59,114,0
4,34,59,115,0
4,34,59,116,0
4,34,59,117,0
4,34,59,118,0
4,34,59,119,0
4,34,59,120,0
4,34,59,121,0
4,34,59,122,0
4,34,59,123,0
4,34,59,124,0
4,34,59,125,0
4,34,59,126,0
4,34,59,127,0
4,34,59,128,0
4,34,59,129,0
4,34,59,130,0
4,34,59,131,0
4,34,59,132,0
4,34,59,133,0
4,34,59,134,0
4,34,59,135,0
4,34,59,136,0
4,34,59,137,0
4,34,59,138,0
4,34,59,139,0
4,34,59,140,0
4,34,59,141,0
4,34,59,142,0
4,34,59,143,0
4,34,59,144,0
4,34,59,145,0
4,34,59,146,0
4,34,59,147,0
4,34,59,148,0
4,34,59,149,0
4,34,59,150,0
4,34,59,151,0
4,34,59,152,0
4,34,59,153,0
4,34,59,154,0
4,34,59,155,0
4,34,59,156,0
4,34,59,157,0
4,34,59,158,0
4,34,59,159,0
4,34,59,160,0
4,34,59,161,0
4,34,59,162,0
4,34,59,163,0
4,34,59,164,0
4,34,59,165,0
4,34,59,166,0
4,34,59,167,0
4,34,59,168,0
4,34,59,169,0
4,34,59,170,0
4,34,59,171,0
4,34,59,172,0
4,34,59,173,0
4,34,59,174,0
4,34,59,175,0
4,34,59,176,0
4,34,59,177,0
4,34,59,178,0
4,34,59,179,0
4,34,59,180,0
4,34,59,181,0
4,34,59,182,0
4,34,59,183,0
4,34,59,184,0
4,34,59,185,0
4,34,59,186,0
4,34,59,187,0
4,34,59,188,0
4,34,59,189,0
4,34,59,190,0
4,34,59,191,0
4,34,59,192,0
4,34,59,193,0
4,34,59,194,0
4,34,59,195,0
4,34,59,196,0
4,34,59,197,0
4,34,59,198,0
4,34,59,199,0
4,34,59,200,0
4,34,59,201,0
4,34,59,202,0
4,34,59,203,0
4,34,59,204,0
4,34,59,205,0
4,34,59,206,0
4,34,59,207,0
4,34,59,208,0
4,34,59,209,0
4,34,59,210,0
4,34,59,211,0
4,34,59,212,0
4,34,59,213,0
4,34,59,214,0
4,34,59,215,0
4,34,59,216,0
4,34,59,217,0
4,34,59,218,0
4,34,59,219,0
4,34,59,220,0
4,34,59,221,0
4,34,59,222,0
4,34,59,223,0
4,34,59,224,0
4,34,59,225,0
4,34,59,226,0
4,34,59,227,0
4,34,59,228,0
4,34,59,229,0
4,34,59,230,0
4,34,59,231,0
4,34,59,232,0
4,34,59,233,0
4,34,59,234,0
4,34,60,0,72490595190
4,34,60,1,2117478342864
4,34,60,2,43998475039408
4,34,60,3,721969392593376
4,34,60,4,10102774768245772
4,34,60,5,124847980424751648
4,34,60,6,1392362578297512674
4,34,60,7,14215100702684229760
4,34,60,8,134166358437373111002
4,34,60,9,1178990166154742239658
4,34,60,10,9696417429514202435640
4,34,60,11,74926615945194441745470
4,34,60,12,545573193168083002650924
4,34,60,13,3751561237351905974402564
4,34,60,14,24401462173523930141001008
4,34,60,15,150304065460069631204848430
4,34,60,16,877453541735065745592781717
4,34,60,17,4857280301407521609518792614
4,34,60,18,25502727620605691925359330194
4,34,60,19,127005486513545796927827550870
4,34,60,20,599848975654452702815697160857
4,34,60,21,2686092841240373812694992884160
4,34,60,22,11399359741649038089721627997951
4,34,60,23,45824094988559378433276800867574
4,34,60,24,174379445087782834752974599330337
4,34,60,25,627748258221968839115601356962094
4,34,60,26,2136183162021569947322567133329814
4,34,60,27,6866051123896016866335567128065936
4,34,60,28,20827094351530921017202177261043259
4,34,60,29,59570541498897785976518344065973826
4,34,60,30,160524146161472430905871967006434630
4,34,60,31,407176663632473505824336029932553584
4,34,60,32,971396339889311911809005201646419872
4,34,60,33,2177885812688458926820148841965901948
4,34,60,34,4585393059889807393530633305514198983
4,34,60,35,9060029655005968906974363561990201062
4,34,60,36,16789629367393109245409667356020733479
4,34,60,37,29167730930563842364259469930609855718
4,34,60,38,47485008566967210678236025200455098991
4,34,60,39,72427017280519841285381344727969715786
4,34,60,40,103488438682732857793057777526985615151
4,34,60,41,138531377411032414586460110173372578182
4,34,60,42,173759493053934334788951229427802119687
4,34,60,43,204282541971335573789192772360042175608
4,34,60,44,225211306404994650740923049398938563335
4,34,60,45,232953711608041911360851931931218826766
4,34,60,46,226233876447190003738101268820384649538
4,34,60,47,206432662148143591519061628603925117276
4,34,60,48,177126757889001691178860304250011504303
4,34,60,49,143036475845308275534992092554164753848
4,34,60,50,108805227599252932298973032192142449198
4,34,60,51,78033404641250009848009352493131000054
4,34,60,52,52810948235679175620714427515178017849
4,34,60,53,33756409199424174907927305239986468556
4,34,60,54,20395780492857843600970584753673616335
4,34,60,55,11657948232385102097349172613456277982
4,34,60,56,6308524093102095437291195008539907427
4,34,60,57,3234162994975077298662815583291787302
4,34,60,58,1571834520555753929427068970217534178
4,34,60,59,724640164328045667120321466852175154
4,34,60,60,317063888394888452119376150889550403
4,34,60,61,131733935076380851871115793882270128
4,34,60,62,51996507582103524479574824308641677
4,34,60,63,19505593501974693368204276399080436
4,34,60,64,6956998912162340818177775596025430
4,34,60,65,2360049684501723107605868279600120
4,34,60,66,761742112886189794101823178945445
4,34,60,67,234007172705570072236601393893142
4,34,60,68,68443167781655395380706061977626
4,34,60,69,19065900560088616929217813860236
4,34,60,70,5060119149488567078905671475398
4,34,60,71,1279956102097134077971634806346
4,34,60,72,308688513173852899525017213824
4,34,60,73,71007170242679991028575683388
4,34,60,74,15585093483569193328860833349
4,34,60,75,3265222655234598281080782042
4,34,60,76,653253150281438074900978566
4,34,60,77,124847297585383605167445334
4,34,60,78,22801274201165939213251733
4,34,60,79,3980699937977007350258770
4,34,60,80,664503114824829980858629
4,34,60,81,106086823972119736008616
4,34,60,82,16199748671969995402493
4,34,60,83,2366200962639894251866
4,34,60,84,330564222776335146879
4,34,60,85,44159665911367580220
4,34,60,86,5638911356242695620
4,34,60,87,687880044627428948
4,34,60,88,80097991868026446
4,34,60,89,8892701161996856
4,34,60,90,939941110004482
4,34,60,91,94393334862920
4,34,60,92,8983181170866
4,34,60,93,807162487974
4,34,60,94,68043981655
4,34,60,95,5338766078
4,34,60,96,382178796
4,34,60,97,24451424
4,34,60,98,1330463
4,34,60,99,58138
4,34,60,100,1805
4,34,60,101,20
4,34,60,102,0
4,34,60,103,0
4,34,60,104,0
4,34,60,105,0
4,34,60,106,0
4,34,60,107,0
4,34,60,108,0
4,34,60,109,0
4,34,60,110,0
4,34,60,111,0
4,34,60,112,0
4,34,60,113,0
4,34,60,114,0
4,34,60,115,0
4,34,60,116,0
4,34,60,117,0
4,34,60,118,0
4,34,60,119,0
4,34,60,120,0
4,34,60,121,0
4,34,60,122,0
4,34,60,123,0
4,34,60,124,0
4,34,60,125,0
4,34,60,126,0
4,34,60,127,0
4,34,60,128,0
4,34,60,129,0
4,34,60,130,0
4,34,60,131,0
4,34,60,132,0
4,34,60,133,0
4,34,60,134,0
4,34,60,135,0
4,34,60,136,0
4,34,60,137,0
4,34,60,138,0
4,34,60,139,0
4,34,60,140,0
4,34,60,141,0
4,34,60,142,0
4,34,60,143,0
4,34,60,144,0
4,34,60,145,0
4,34,60,146,0
4,34,60,147,0
4,34,60,148,0
4,34,60,149,0
4,34,60,150,0
4,34,60,151,0
4,34,60,152,0
4,34,60,153,0
4,34,60,154,0
4,34,60,155,0
4,34,60,156,0
4,34,60,157,0
4,34,60,158,0
4,34,60,159,0
4,34,60,160,0
4,34,60,161,0
4,34,60,162,0
4,34,60,163,0
4,34,60,164,0
4,34,60,165,0
4,34,60,166,0
4,34,60,167,0
4,34,60,168,0
4,34,60,169,0
4,34,60,170,0
4,34,60,171,0
4,34,60,172,0
4,34,60,173,0
4,34,60,174,0
4,34,60,175,0
4,34,60,176,0
4,34,60,177,0
4,34,60,178,0
4,34,60,179,0
4,34,60,180,0
4,34,60,181,0
4,34,60,182,0
4,34,60,183,0
4,34,60,184,0
4,34,60,185,0
4,34,60,186,0
4,34,60,187,0
4,34,60,188,0
4,34,60,189,0
4,34,60,190,0
4,34,60,191,0
4,34,60,192,0
4,34,60,193,0
4,34,60,194,0
4,34,60,195,0
4,34,60,196,0
4,34,60,197,0
4,34,60,198,0
4,34,60,199,0
4,34,60,200,0
4,34,60,201,0
4,34,60,202,0
4,34,60,203,0
4,34,60,204,0
4,34,60,205,0
4,34,60,206,0
4,34,60,207,0
4,34,60,208,0
4,34,60,209,0
4,34,60,210,0
4,34,60,211,0
4,34,60,212,0
4,34,60,213,0
4,34,60,214,0
4,34,60,215,0
4,34,60,216,0
4,34,60,217,0
4,34,60,218,0
4,34,60,219,0
4,34,60,220,0
4,34,60,221,0
4,34,60,222,0
4,34,60,223,0
4,34,60,224,0
4,34,60,225,0
4,34,60,226,0
4,34,60,227,0
4,34,60,228,0
4,34,60,229,0
4,34,60,230,0
4,34,60,231,0
4,34,60,232,0
4,34,60,233,0
4,34,60,234,0
4,34,61,0,6879041360
4,34,61,1,186142828252
4,34,61,2,3815078774780
4,34,61,3,62212434312432
4,34,61,4,873594220560040
4,34,61,5,10901442183280240
4,34,61,6,123373785603130488
4,34,61,7,1283479733039811028
4,34,61,8,12388036045242974928
4,34,61,9,111682350729856341012
4,34,61,10,945117690068706433172
4,34,61,11,7535625061880273834528
4,34,61,12,56767546722379828659712
4,34,61,13,404894876199791172313968
4,34,61,14,2738573860013618103395436
4,34,61,15,17584812964292695273681428
4,34,61,16,107280487819215122393628628
4,34,61,17,622136960032149867792462028
4,34,61,18,3430367985063132127763438276
4,34,61,19,17984688331375857797676307764
4,34,61,20,89642664580177460319376241772
4,34,61,21,424671736907488881519350710044
4,34,61,22,1911349069300882595194620983076
4,34,61,23,8168607770160908752823519541316
4,34,61,24,33129107394451698882864026484092
4,34,61,25,127415563038208054798990232636128
4,34,61,26,464359626000190416867640188411792
4,34,61,27,1602322665373618527666520360072148
4,34,61,28,5230397464045165946170382544907412
4,34,61,29,16136924476051805111211244616971252
4,34,61,30,47012375169128936826432871997448100
4,34,61,31,129214231076529301492071613091410404
4,34,61,32,334749421963862935034525277638800388
4,34,61,33,816685219036237411865954763426447012
4,34,61,34,1874756762971863580712065567886725384
4,34,61,35,4046162349610868530114887143456942004
4,34,61,36,8204125556733448103107692130079970964
4,34,61,37,15618200111694297009727108124716246736
4,34,61,38,27899833938049657351362081694220699520
4,34,61,39,46747204388174503134871388879212336420
4,34,61,40,73444412447008619036680559232216510796
4,34,61,41,108176962587210319750238792753731202364
4,34,61,42,149371583172773322742025294769549103868
4,34,61,43,193376514452971733877419066688117906284
4,34,61,44,234772528977440175393816507742504645436
4,34,61,45,267399624237485983400021669557764293996
4,34,61,46,285863455375468225633146135737613916832
4,34,61,47,287012809247419478957059267338170805372
4,34,61,48,270824571053658282852040637091550835716
4,34,61,49,240352875961192914880529190460081338668
4,34,61,50,200788193961075289138791170059854270428
4,34,61,51,158023769567706703842228421640761763724
4,34,61,52,117267285693684006636500294129504792108
4,34,61,53,82125190558523196633661684783247802232
4,34,61,54,54323749709296894222942426069029099048
4,34,61,55,33968351640915516630064913242071309616
4,34,61,56,20094296219958230508666961094930116208
4,34,61,57,11254040508286773535128606441813542132
4,34,61,58,5971516436007463090015477898393258164
4,34,61,59,3003879704673911553855361265579879352
4,34,61,60,1433379322328532591732054900580131900
4,34,61,61,649168382310669665362234037092954636
4,34,61,62,279181791305333746534987421695646904
4,34,61,63,114063502613089724729599691587827004
4,34,61,64,44290964619494007169347028732443136
4,34,61,65,16351454251167681414302769098963288
4,34,61,66,5741459563800328328494986688412708
4,34,61,67,1918031569409529808007116890625716
4,34,61,68,609808798480416115120245383950544
4,34,61,69,184573951580553216450747865945900
4,34,61,70,53201086523819618276965408092392
4,34,61,71,14607685843896964838112893859836
4,34,61,72,3822042710615753966227636607004
4,34,61,73,953260116119589695606719547604
4,34,61,74,226717090980765846611565863380
4,34,61,75,51436954960532309517024370360
4,34,61,76,11136533047718022536686556368
4,34,61,77,2301844440490423140822427824
4,34,61,78,454379646105042640953738940
4,34,61,79,85691639548746175014640572
4,34,61,80,15444843915974739866934356
4,34,61,81,2661254722588087656665468
4,34,61,82,438487446552261475916264
4,34,61,83,69099797016185118979348
4,34,61,84,10415749390166573415012
4,34,61,85,1501758584863340321524
4,34,61,86,207088047937134717852
4,34,61,87,27305007396914719380
4,34,61,88,3440918026099689036
4,34,61,89,414164541196005516
4,34,61,90,47571871060517284
4,34,61,91,5208046709489836
4,34,61,92,542553491673176
4,34,61,93,53670173794928
4,34,61,94,5026257285440
4,34,61,95,443876936980
4,34,61,96,36705319584
4,34,61,97,2812276096
4,34,61,98,195550216
4,34,61,99,12054740
4,34,61,100,622156
4,34,61,101,24584
4,34,61,102,760
4,34,61,103,0
4,34,61,104,0
4,34,61,105,0
4,34,61,106,0
4,34,61,107,0
4,34,61,108,0
4,34,61,109,0
4,34,61,110,0
4,34,61,111,0
4,34,61,112,0
4,34,61,113,0
4,34,61,114,0
4,34,61,115,0
4,34,61,116,0
4,34,61,117,0
4,34,61,118,0
4,34,61,119,0
4,34,61,120,0
4,34,61,121,0
4,34,61,122,0
4,34,61,123,0
4,34,61,124,0
4,34,61,125,0
4,34,61,126,0
4,34,61,127,0
4,34,61,128,0
4,34,61,129,0
4,34,61,130,0
4,34,61,131,0
4,34,61,132,0
4,34,61,133,0
4,34,61,134,0
4,34,61,135,0
4,34,61,136,0
4,34,61,137,0
4,34,61,138,0
4,34,61,139,0
4,34,61,140,0
4,34,61,141,0
4,34,61,142,0
4,34,61,143,0
4,34,61,144,0
4,34,61,145,0
4,34,61,146,0
4,34,61,147,0
4,34,61,148,0
4,34,61,149,0
4,34,61,150,0
4,34,61,151,0
4,34,61,152,0
4,34,61,153,0
4,34,61,154,0
4,34,61,155,0
4,34,61,156,0
4,34,61,157,0
4,34,61,158,0
4,34,61,159,0
4,34,61,160,0
4,34,61,161,0
4,34,61,162,0
4,34,61,163,0
4,34,61,164,0
4,34,61,165,0
4,34,61,166,0
4,34,61,167,0
4,34,61,168,0
4,34,61,169,0
4,34,61,170,0
4,34,61,171,0
4,34,61,172,0
4,34,61,173,0
4,34,61,174,0
4,34,61,175,0
4,34,61,176,0
4,34,61,177,0
4,34,61,178,0
4,34,61,179,0
4,34,61,180,0
4,34,61,181,0
4,34,61,182,0
4,34,61,183,0
4,34,61,184,0
4,34,61,185,0
4,34,61,186,0
4,34,61,187,0
4,34,61,188,0
4,34,61,189,0
4,34,61,190,0
4,34,61,191,0
4,34,61,192,0
4,34,61,193,0
4,34,61,194,0
4,34,61,195,0
4,34,61,196,0
4,34,61,197,0
4,34,61,198,0
4,34,61,199,0
4,34,61,200,0
4,34,61,201,0
4,34,61,202,0
4,34,61,203,0
4,34,61,204,0
4,34,61,205,0
4,34,61,206,0
4,34,61,207,0
4,34,61,208,0
4,34,61,209,0
4,34,61,210,0
4,34,61,211,0
4,34,61,212,0
4,34,61,213,0
4,34,61,214,0
4,34,61,215,0
4,34,61,216,0
4,34,61,217,0
4,34,61,218,0
4,34,61,219,0
4,34,61,220,0
4,34,61,221,0
4,34,61,222,0
4,34,61,223,0
4,34,61,224,0
4,34,61,225,0
4,34,61,226,0
4,34,61,227,0
4,34,61,228,0
4,34,61,229,0
4,34,61,230,0
4,34,61,231,0
4,34,61,232,0
4,34,61,233,0
4,34,61,234,0
4,34,62,0,576610962
4,34,62,1,14217416876
4,34,62,2,288499396204
4,34,62,3,4669986753212
4,34,62,4,65814885131588
4,34,62,5,829486193696928
4,34,62,6,9527137381881066
4,34,62,7,101001624116104426
4,34,62,8,996880378619981274
4,34,62,9,9218706094898232664
4,34,62,10,80249288612005879966
4,34,62,11,659917992021444535200
4,34,62,12,5140164248959591683088
4,34,62,13,37999643327608650749970
4,34,62,14,267025666458855211253966
4,34,62,15,1785562451016886340565706
4,34,62,16,11370454810890681146605956
4,34,62,17,68987863562816607414904578
4,34,62,18,398904571139225589876617956
4,34,62,19,2198311760566532843483337808
4,34,62,20,11544663551406968874348797528
4,34,62,21,57760126635883852270396475092
4,34,62,22,275205339676979286073072473718
4,34,62,23,1248089281816067190388094731874
4,34,62,24,5384314236468308721140209019154
4,34,62,25,22080575095289638756082760313514
4,34,62,26,86010919117824400788681635478252
4,34,62,27,317981341066970921667445015549842
4,34,62,28,1114742330630027791207079430820376
4,34,62,29,3702330053215698572539223525724966
4,34,62,30,11638425524071171352344830426490340
4,34,62,31,34595134582314658916534486063048844
4,34,62,32,97144541202461164666197945566960440
4,34,62,33,257447297609338791767080739283312882
4,34,62,34,643306112071840776474316056426739892
4,34,62,35,1514308253625277561382678457772456502
4,34,62,36,3355115890083211156899879173034332554
4,34,62,37,6991251016266225740930154510419503538
4,34,62,38,13691428726321016563970690849864104544
4,34,62,39,25183895187765176456600975430011263848
4,34,62,40,43486903628211850045554288899824766080
4,34,62,41,70467591457126124536039498255860379712
4,34,62,42,107128876853997337465746998744487560004
4,34,62,43,152777855629275751993291833519113456568
4,34,62,44,204391338116175252665026955200655335124
4,34,62,45,256557457246027619130154299039839939296
4,34,62,46,302243355743225425454978137845464287470
4,34,62,47,334320261784384673942723810424443020546
4,34,62,48,347403912469579884460232199792745025752
4,34,62,49,339349081697151631959667905843178979352
4,34,62,50,311821858641935542049112416255366421672
4,34,62,51,269741823733079221334326154997029827422
4,34,62,52,219848632280101916184328363464260993702
4,34,62,53,168964334667937866653846220767052751852
4,34,62,54,122553898085976265881123509336229619980
4,34,62,55,83961773206883368510644987877474302110
4,34,62,56,54376480454298768328770264172511940974
4,34,62,57,33316148077793068751053579537648684530
4,34,62,58,19325683333421291903583573376714449190
4,34,62,59,10620719607151886154009105982125003302
4,34,62,60,5533417233004109903166265894878729906
4,34,62,61,2734718188770530968634357282763979606
4,34,62,62,1282769277091490126375960520589218130
4,34,62,63,571369276144404315860659033386590330
4,34,62,64,241775773328841474599690130822499806
4,34,62,65,97232814261694443736644944037571472
4,34,62,66,37177260258141385748511979455196380
4,34,62,67,13519260696031429492262553425759800
4,34,62,68,4677086536145917404826251259400244
4,34,62,69,1539831162493924121844862979283290
4,34,62,70,482580890757428445979323110083074
4,34,62,71,144008954274875847040166415209158
4,34,62,72,40931364035068347613075020495886
4,34,62,73,11084082867638774047453759625406
4,34,62,74,2860592792421452826789690950298
4,34,62,75,703831170999541968999316535322
4,34,62,76,165153697936958673846653136886
4,34,62,77,36972044781797319614462591396
4,34,62,78,7899269386276598351340955758
4,34,62,79,1611363600039263343876187094
4,34,62,80,313946991962029954142998670
4,34,62,81,58442893193912278428094542
4,34,62,82,10398347981321315032948092
4,34,62,83,1768810565962529712080856
4,34,62,84,287730504786445342648358
4,34,62,85,44766265228871580463722
4,34,62,86,6662100820724779992282
4,34,62,87,948322717493653867344
4,34,62,88,129098176132625096426
4,34,62,89,16802416448684782656
4,34,62,90,2089784454094250222
4,34,62,91,248201189996411244
4,34,62,92,28122562216143962
4,34,62,93,3035879522879204
4,34,62,94,311692957596778
4,34,62,95,30365713513586
4,34,62,96,2798115840624
4,34,62,97,242761204554
4,34,62,98,19664568414
4,34,62,99,1471127700
4,34,62,100,99185222
4,34,62,101,5818890
4,34,62,102,291400
4,34,62,103,10012
4,34,62,104,266
4,34,62,105,0
4,34,62,106,0
4,34,62,107,0
4,34,62,108,0
4,34,62,109,0
4,34,62,110,0
4,34,62,111,0
4,34,62,112,0
4,34,62,113,0
4,34,62,114,0
4,34,62,115,0
4,34,62,116,0
4,34,62,117,0
4,34,62,118,0
4,34,62,119,0
4,34,62,120,0
4,34,62,121,0
4,34,62,122,0
4,34,62,123,0
4,34,62,124,0
4,34,62,125,0
4,34,62,126,0
4,34,62,127,0
4,34,62,128,0
4,34,62,129,0
4,34,62,130,0
4,34,62,131,0
4,34,62,132,0
4,34,62,133,0
4,34,62,134,0
4,34,62,135,0
4,34,62,136,0
4,34,62,137,0
4,34,62,138,0
4,34,62,139,0
4,34,62,140,0
4,34,62,141,0
4,34,62,142,0
4,34,62,143,0
4,34,62,144,0
4,34,62,145,0
4,34,62,146,0
4,34,62,147,0
4,34,62,148,0
4,34,62,149,0
4,34,62,150,0
4,34,62,151,0
4,34,62,152,0
4,34,62,153,0
4,34,62,154,0
4,34,62,155,0
4,34,62,156,0
4,34,62,157,0
4,34,62,158,0
4,34,62,159,0
4,34,62,160,0
4,34,62,161,0
4,34,62,162,0
4,34,62,163,0
4,34,62,164,0
4,34,62,165,0
4,34,62,166,0
4,34,62,167,0
4,34,62,168,0
4,34,62,169,0
4,34,62,170,0
4,34,62,171,0
4,34,62,172,0
4,34,62,173,0
4,34,62,174,0
4,34,62,175,0
4,34,62,176,0
4,34,62,177,0
4,34,62,178,0
4,34,62,179,0
4,34,62,180,0
4,34,62,181,0
4,34,62,182,0
4,34,62,183,0
4,34,62,184,0
4,34,62,185,0
4,34,62,186,0
4,34,62,187,0
4,34,62,188,0
4,34,62,189,0
4,34,62,190,0
4,34,62,191,0
4,34,62,192,0
4,34,62,193,0
4,34,62,194,0
4,34,62,195,0
4,34,62,196,0
4,34,62,197,0
4,34,62,198,0
4,34,62,199,0
4,34,62,200,0
4,34,62,201,0
4,34,62,202,0
4,34,62,203,0
4,34,62,204,0
4,34,62,205,0
4,34,62,206,0
4,34,62,207,0
4,34,62,208,0
4,34,62,209,0
4,34,62,210,0
4,34,62,211,0
4,34,62,212,0
4,34,62,213,0
4,34,62,214,0
4,34,62,215,0
4,34,62,216,0
4,34,62,217,0
4,34,62,218,0
4,34,62,219,0
4,34,62,220,0
4,34,62,221,0
4,34,62,222,0
4,34,62,223,0
4,34,62,224,0
4,34,62,225,0
4,34,62,226,0
4,34,62,227,0
4,34,62,228,0
4,34,62,229,0
4,34,62,230,0
4,34,62,231,0
4,34,62,232,0
4,34,62,233,0
4,34,62,234,0
4,34,63,0,41997556
4,34,63,1,923621088
4,34,63,2,18727432812
4,34,63,3,300645698988
4,34,63,4,4258274161724
4,34,63,5,54271901897800
4,34,63,6,633261842698404
4,34,63,7,6848103036145436
4,34,63,8,69170797723325404
4,34,63,9,656535645360398156
4,34,63,10,5881419667631371920
4,34,63,11,49893837287516551416
4,34,63,12,401844571348367163704
4,34,63,13,3078624706834983016664
4,34,63,14,22468621261213459280108
4,34,63,15,156380722248952974578172
4,34,63,16,1038737197623181066290848
4,34,63,17,6588055201237296994271452
4,34,63,18,39907398640624269051068836
4,34,63,19,230900927797607810140254132
4,34,63,20,1275946180359532567734268748
4,34,63,21,6732368735962866548694014408
4,34,63,22,33905533467624259435087676096
4,34,63,23,162903068784572866862270946488
4,34,63,24,746258471371001511823893282044
4,34,63,25,3257299892638114298676239744436
4,34,63,26,13536566064189853537849349739648
4,34,63,27,53516369210905732788587798888920
4,34,63,28,201100348956474826345564447063168
4,34,63,29,717608475857691666053901604134472
4,34,63,30,2429379670924422998735616368912352
4,34,63,31,7794875924238694516231115494024248
4,34,63,32,23680708313916067861570341683925004
4,34,63,33,68047951724770808141401069764937876
4,34,63,34,184771980884209763095612137610524920
4,34,63,35,473621781397263735763623864896356244
4,34,63,36,1144957395072781280450806101859365540
4,34,63,37,2608054498554408897407600020182625396
4,34,63,38,5593035949515599209203664959353708332
4,34,63,39,11283634385639848615193152990567989428
4,34,63,40,21400652937622769239961160253489937456
4,34,63,41,38135838075704249701455029508374028824
4,34,63,42,63821995134365392567700989793579933452
4,34,63,43,100275835599860435266217914996281120180
4,34,63,44,147886254175176146619738256359432178696
4,34,63,45,204711505396722282383313909886736111852
4,34,63,46,265997520203558502264347502160738262056
4,34,63,47,324512013507672187159201328115299151024
4,34,63,48,371838538123441042127267692258635183916
4,34,63,49,400360918837881380817317126685680481900
4,34,63,50,405294059191246805297588309067817282836
4,34,63,51,386006722016116313869910835404480735320
4,34,63,52,346130365877024900509725719903246019264
4,34,63,53,292442313149650735479207102260029994408
4,34,63,54,232994329316629762624001908948387462468
4,34,63,55,175190348695676956413167505580243914404
4,34,63,56,124419697519463740220200831143091324200
4,34,63,57,83527646905319656855647510733691260700
4,34,63,58,53048136338924869999478216158205974348
4,34,63,59,31895551060443872689572354609447477056
4,34,63,60,18168253075773541262328335900150490816
4,34,63,61,9810742302975186230577378423134382932
4,34,63,62,5025242936614751515808779348313056024
4,34,63,63,2442966029710568155470060207064008108
4,34,63,64,1127715839362225733614732504327083824
4,34,63,65,494537728506346600782786265827169356
4,34,63,66,206106944191968635099914242684738100
4,34,63,67,81665290195980993785076102971434044
4,34,63,68,30773510723467288062832688095892580
4,34,63,69,11031681237096056083817814438231052
4,34,63,70,3763159149563163352207396741483280
4,34,63,71,1221869173910280536699669607696516
4,34,63,72,377720349057607621313396575042508
4,34,63,73,111199409866936529138214121168228
4,34,63,74,31184403611306535502645997473100
4,34,63,75,8332930702267687581669802088136
4,34,63,76,2122334676758763977046786577492
4,34,63,77,515376957145695997597231266812
4,34,63,78,119365600456271326140697002100
4,34,63,79,26377406288979921603229931408
4,34,63,80,5563456419340864889168307268
4,34,63,81,1120417826770079574404864820
4,34,63,82,215525607475412020063247676
4,34,63,83,39614571390392143912691432
4,34,63,84,6959678701843829007048064
4,34,63,85,1169024712016805634354900
4,34,63,86,187782575191030514791520
4,34,63,87,28850181848101319396492
4,34,63,88,4239633069277652896332
4,34,63,89,595896816590813066144
4,34,63,90,80093250861263147440
4,34,63,91,10290888458463227304
4,34,63,92,1263307205934748832
4,34,63,93,148057531664574676
4,34,63,94,16548447253034360
4,34,63,95,1761450755812316
4,34,63,96,178217215476088
4,34,63,97,17097183881720
4,34,63,98,1549489095592
4,34,63,99,132007049428
4,34,63,100,10472912932
4,34,63,101,761548472
4,34,63,102,49913352
4,34,63,103,2783544
4,34,63,104,129776
4,34,63,105,4280
4,34,63,106,76
4,34,63,107,0
4,34,63,108,0
4,34,63,109,0
4,34,63,110,0
4,34,63,111,0
4,34,63,112,0
4,34,63,113,0
4,34,63,114,0
4,34,63,115,0
4,34,63,116,0
4,34,63,117,0
4,34,63,118,0
4,34,63,119,0
4,34,63,120,0
4,34,63,121,0
4,34,63,122,0
4,34,63,123,0
4,34,63,124,0
4,34,63,125,0
4,34,63,126,0
4,34,63,127,0
4,34,63,128,0
4,34,63,129,0
4,34,63,130,0
4,34,63,131,0
4,34,63,132,0
4,34,63,133,0
4,34,63,134,0
4,34,63,135,0
4,34,63,136,0
4,34,63,137,0
4,34,63,138,0
4,34,63,139,0
4,34,63,140,0
4,34,63,141,0
4,34,63,142,0
4,34,63,143,0
4,34,63,144,0
4,34,63,145,0
4,34,63,146,0
4,34,63,147,0
4,34,63,148,0
4,34,63,149,0
4,34,63,150,0
4,34,63,151,0
4,34,63,152,0
4,34,63,153,0
4,34,63,154,0
4,34,63,155,0
4,34,63,156,0
4,34,63,157,0
4,34,63,158,0
4,34,63,159,0
4,34,63,160,0
4,34,63,161,0
4,34,63,162,0
4,34,63,163,0
4,34,63,164,0
4,34,63,165,0
4,34,63,166,0
4,34,63,167,0
4,34,63,168,0
4,34,63,169,0
4,34,63,170,0
4,34,63,171,0
4,34,63,172,0
4,34,63,173,0
4,34,63,174,0
4,34,63,175,0
4,34,63,176,0
4,34,63,177,0
4,34,63,178,0
4,34,63,179,0
4,34,63,180,0
4,34,63,181,0
4,34,63,182,0
4,34,63,183,0
4,34,63,184,0
4,34,63,185,0
4,34,63,186,0
4,34,63,187,0
4,34,63,188,0
4,34,63,189,0
4,34,63,190,0
4,34,63,191,0
4,34,63,192,0
4,34,63,193,0
4,34,63,194,0
4,34,63,195,0
4,34,63,196,0
4,34,63,197,0
4,34,63,198,0
4,34,63,199,0
4,34,63,200,0
4,34,63,201,0
4,34,63,202,0
4,34,63,203,0
4,34,63,204,0
4,34,63,205,0
4,34,63,206,0
4,34,63,207,0
4,34,63,208,0
4,34,63,209,0
4,34,63,210,0
4,34,63,211,0
4,34,63,212,0
4,34,63,213,0
4,34,63,214,0
4,34,63,215,0
4,34,63,216,0
4,34,63,217,0
4,34,63,218,0
4,34,63,219,0
4,34,63,220,0
4,34,63,221,0
4,34,63,222,0
4,34,63,223,0
4,34,63,224,0
4,34,63,225,0
4,34,63,226,0
4,34,63,227,0
4,34,63,228,0
4,34,63,229,0
4,34,63,230,0
4,34,63,231,0
4,34,63,232,0
4,34,63,233,0
4,34,63,234,0
4,34,64,0,2596518
4,34,64,1,49468192
4,34,64,2,1021765226
4,34,64,3,16251224578
4,34,64,4,232082081642
4,34,64,5,2999861670774
4,34,64,6,35640734198292
4,34,64,7,394033476687776
4,34,64,8,4080813437944304
4,34,64,9,39820727101761920
4,34,64,10,367610480404649016
4,34,64,11,3220757510480686614
4,34,64,12,26845611507592488976
4,34,64,13,213275444924004080826
4,34,64,14,1617244976923410612662
4,34,64,15,11717532011960972732888
4,34,64,16,81180284811344460630738
4,34,64,17,538069862199355684261638
4,34,64,18,3412924513574422667749740
4,34,64,19,20718574688405816904523642
4,34,64,20,120368398631120890531488092
4,34,64,21,669107571433112524390705780
4,34,64,22,3557671535591775201723308049
4,34,64,23,18085393157306892659881973218
4,34,64,24,87850354098705141708945707376
4,34,64,25,407506101400713698598636064312
4,34,64,26,1803790549437721431098419130835
4,34,64,27,7612981935865722880351329983604
4,34,64,28,30610360374425602513311660895168
4,34,64,29,117147251775298961017989438054116
4,34,64,30,426315871826527946264746458140041
4,34,64,31,1473794257025310580788648226865126
4,34,64,32,4835115820252542734968697511510706
4,34,64,33,15038097510364490106774855650804846
4,34,64,34,44293833329888001794887469599948771
4,34,64,35,123426415472758290619796352605332306
4,34,64,36,325045699324483610661666511542772901
4,34,64,37,808204959473079307517924297843923304
4,34,64,38,1895513551866102292422729643704971274
4,34,64,39,4189598901957711075014291409326519428
4,34,64,40,8719684179149786668274197278177095161
4,34,64,41,17076209598693430511000564524344895842
4,34,64,42,31446150709099067625874086717737516217
4,34,64,43,54425265610611865163244489012575706802
4,34,64,44,88494477713740087674065411939864811792
4,34,64,45,135144173692651703066720097907351298962
4,34,64,46,193814786602735418735185565887868826513
4,34,64,47,261028823832077790281505869060050844608
4,34,64,48,330191060150600865326488136232444149935
4,34,64,49,392407987550536784710452308153945412116
4,34,64,50,438307860234844774976657335748276255885
4,34,64,51,460373049112767788965429351977894058656
4,34,64,52,454977972223343412001176890410276978040
4,34,64,53,423364174638273836133936592068465994566
4,34,64,54,371192659744930931206536852582310248259
4,34,64,55,306889105809401780509091591292560391310
4,34,64,56,239444626781640006407403130730166276851
4,34,64,57,176448282252198750335392267712973531454
4,34,64,58,122902846912636282855572440467167101589
4,34,64,59,80979115454893931215868209868698842588
4,34,64,60,50509337256744241172492676526353934636
4,34,64,61,29844339152961319886004516443893487646
4,34,64,62,16715854921866541841533408397007827133
4,34,64,63,8880452710991612017310371432365725184
4,34,64,64,4477370547449183884901131365648447573
4,34,64,65,2143441917044389847249448326923488528
4,34,64,66,974762378783988761378607352420602157
4,34,64,67,421270581586145434024927170196020246
4,34,64,68,173083958321313182353971484520382458
4,34,64,69,67628061406773702396863656388721170
4,34,64,70,25136125042683079313116285656193928
4,34,64,71,8889687456853495612494589378841630
4,34,64,72,2992256658460410336335268753386833
4,34,64,73,958822278380199450583312592601904
4,34,64,74,292553869494751945168713862320130
4,34,64,75,85016984335940756414123496023632
4,34,64,76,23536748905691827669902799568195
4,34,64,77,6209328223930461375424405070724
4,34,64,78,1561442185079383708381524132228
4,34,64,79,374391737296096782251421005026
4,34,64,80,85623184294881886940002992459
4,34,64,81,18684234872495537477628491560
4,34,64,82,3891686482552707051015337110
4,34,64,83,773999628215488644234310254
4,34,64,84,147042634594660754792496471
4,34,64,85,26692962718358819665819994
4,34,64,86,4631683333136399740050167
4,34,64,87,768399339694731591837654
4,34,64,88,121907866319836260789798
4,34,64,89,18498203923270042165068
4,34,64,90,2684695267790025946133
4,34,64,91,372642090017200721482
4,34,64,92,49456511352543941193
4,34,64,93,6273651534118465122
4,34,64,94,760196445689553200
4,34,64,95,87917534011670786
4,34,64,96,9693259597119470
4,34,64,97,1017295888787358
4,34,64,98,101416674394888
4,34,64,99,9578498706706
4,34,64,100,853694093119
4,34,64,101,71333201144
4,34,64,102,5537886156
4,34,64,103,391664234
4,34,64,104,24696894
4,34,64,105,1319430
4,34,64,106,56849
4,34,64,107,1710
4,34,64,108,19
4,34,64,109,0
4,34,64,110,0
4,34,64,111,0
4,34,64,112,0
4,34,64,113,0
4,34,64,114,0
4,34,64,115,0
4,34,64,116,0
4,34,64,117,0
4,34,64,118,0
4,34,64,119,0
4,34,64,120,0
4,34,64,121,0
4,34,64,122,0
4,34,64,123,0
4,34,64,124,0
4,34,64,125,0
4,34,64,126,0
4,34,64,127,0
4,34,64,128,0
4,34,64,129,0
4,34,64,130,0
4,34,64,131,0
4,34,64,132,0
4,34,64,133,0
4,34,64,134,0
4,34,64,135,0
4,34,64,136,0
4,34,64,137,0
4,34,64,138,0
4,34,64,139,0
4,34,64,140,0
4,34,64,141,0
4,34,64,142,0
4,34,64,143,0
4,34,64,144,0
4,34,64,145,0
4,34,64,146,0
4,34,64,147,0
4,34,64,148,0
4,34,64,149,0
4,34,64,150,0
4,34,64,151,0
4,34,64,152,0
4,34,64,153,0
4,34,64,154,0
4,34,64,155,0
4,34,64,156,0
4,34,64,157,0
4,34,64,158,0
4,34,64,159,0
4,34,64,160,0
4,34,64,161,0
4,34,64,162,0
4,34,64,163,0
4,34,64,164,0
4,34,64,165,0
4,34,64,166,0
4,34,64,167,0
4,34,64,168,0
4,34,64,169,0
4,34,64,170,0
4,34,64,171,0
4,34,64,172,0
4,34,64,173,0
4,34,64,174,0
4,34,64,175,0
4,34,64,176,0
4,34,64,177,0
4,34,64,178,0
4,34,64,179,0
4,34,64,180,0
4,34,64,181,0
4,34,64,182,0
4,34,64,183,0
4,34,64,184,0
4,34,64,185,0
4,34,64,186,0
4,34,64,187,0
4,34,64,188,0
4,34,64,189,0
4,34,64,190,0
4,34,64,191,0
4,34,64,192,0
4,34,64,193,0
4,34,64,194,0
4,34,64,195,0
4,34,64,196,0
4,34,64,197,0
4,34,64,198,0
4,34,64,199,0
4,34,64,200,0
4,34,64,201,0
4,34,64,202,0
4,34,64,203,0
4,34,64,204,0
4,34,64,205,0
4,34,64,206,0
4,34,64,207,0
4,34,64,208,0
4,34,64,209,0
4,34,64,210,0
4,34,64,211,0
4,34,64,212,0
4,34,64,213,0
4,34,64,214,0
4,34,64,215,0
4,34,64,216,0
4,34,64,217,0
4,34,64,218,0
4,34,64,219,0
4,34,64,220,0
4,34,64,221,0
4,34,64,222,0
4,34,64,223,0
4,34,64,224,0
4,34,64,225,0
4,34,64,226,0
4,34,64,227,0
4,34,64,228,0
4,34,64,229,0
4,34,64,230,0
4,34,64,231,0
4,34,64,232,0
4,34,64,233,0
4,34,64,234,0
4,34,65,0,131544
4,34,65,1,2080564
4,34,65,2,45520624
4,34,65,3,715895316
4,34,65,4,10372488800
4,34,65,5,136751982636
4,34,65,6,1660945991500
4,34,65,7,18852712147288
4,34,65,8,200896042618736
4,34,65,9,2021749127627248
4,34,65,10,19286371813283424
4,34,65,11,174924563302755400
4,34,65,12,1511965982792927236
4,34,65,13,12476819445419659744
4,34,65,14,98433147871310661556
4,34,65,15,743209071273350088132
4,34,65,16,5374624696862240190644
4,34,65,17,37246441291779995507180
4,34,65,18,247436601625618287740840
4,34,65,19,1575980507067018819514796
4,34,65,20,9623695336181052246930340
4,34,65,21,56334171916015664416742220
4,34,65,22,316024371609058926869865700
4,34,65,23,1698311905876780803814882644
4,34,65,24,8738701029062191835329903896
4,34,65,25,43028103024178109782953620640
4,34,65,26,202600135055955864127577110060
4,34,65,27,911554273695314119658280417204
4,34,65,28,3915831656408000142969410083784
4,34,65,29,16046542368007796996366215427620
4,34,65,30,62668537950570858109167847302460
4,34,65,31,233025717574553327309305564423340
4,34,65,32,824146380416044843682003174263240
4,34,65,33,2769486440620678954658442923316436
4,34,65,34,8833417161772217984438493499649708
4,34,65,35,26713405591625519275748004015159612
4,34,65,36,76513459880237856560148714307098704
4,34,65,37,207346628227045872231239653649485716
4,34,65,38,531079814538988827030298709348972744
4,34,65,39,1284386222687028086702066744200395764
4,34,65,40,2930191414604251295747683617266241580
4,34,65,41,6300581678590271688792013619565305804
4,34,65,42,12758627862201796761139454022319278208
4,34,65,43,24314261163826521958399370110911888520
4,34,65,44,43580643057166641769197700797927214756
4,34,65,45,73433635421970812013154392218796757228
4,34,65,46,116282560239255584742089865330837078540
4,34,65,47,173005750173760520117174484551543946712
4,34,65,48,241825182540013421446244418998182299416
4,34,65,49,317589708318849603007881002932619199976
4,34,65,50,391960641478073168007504616834830133292
4,34,65,51,454748925070248315731617249239810790640
4,34,65,52,496187562228033915517364607749961591380
4,34,65,53,509448495723399135541509104194369445372
4,34,65,54,492500215220430435868219182397914269124
4,34,65,55,448605253540643591659664493264704937116
4,34,65,56,385296279034047734664366145498783842044
4,34,65,57,312270916456143818270288058330087820380
4,34,65,58,239008880990727695523328523372543070036
4,34,65,59,172894459483565172910354219034037928900
4,34,65,60,118294605216345892648957034345878008360
4,34,65,61,76610205214643871648168376521487656136
4,34,65,62,46995031205454271057717958307678822740
4,34,65,63,27324266030152057236883169910919020808
4,34,65,64,15067583206013631919407754002964433884
4,34,65,65,7884657604188323043829744291407036632
4,34,65,66,3917324753752142716428042657983619124
4,34,65,67,1848693802754541499703043974591660992
4,34,65,68,829065357016405189529763134379910028
4,34,65,69,353443866464012533132528949619765056
4,34,65,70,143285152239435897951231075651672300
4,34,65,71,55253028243458429340465810370343960
4,34,65,72,20272014190716257386111088277119932
4,34,65,73,7078238092631415288862506991669252
4,34,65,74,2352532073269810564914160144006672
4,34,65,75,744422379045816190704381040689684
4,34,65,76,224320203267175600363967744454048
4,34,65,77,64383970272780463077035022324868
4,34,65,78,17605547064405058765802850443292
4,34,65,79,4587698586978625562171820008736
4,34,65,80,1139556263626565035622467994032
4,34,65,81,269901659760492949417687706284
4,34,65,82,60974518700521430346506246500
4,34,65,83,13143693512958960539088287828
4,34,65,84,2704405989186992072039553608
4,34,65,85,531340540272902798845615856
4,34,65,86,99719202454461290645902768
4,34,65,87,17882940380304680606394568
4,34,65,88,3065405755546030527933704
4,34,65,89,502387696392698068466852
4,34,65,90,78736571804286664916252
4,34,65,91,11801817604575734251820
4,34,65,92,1691844159232148021320
4,34,65,93,231932562684751774532
4,34,65,94,30397651800430534872
4,34,65,95,3807202021829941708
4,34,65,96,455383210717245036
4,34,65,97,51970647598758600
4,34,65,98,5652070594822384
4,34,65,99,584802266035832
4,34,65,100,57440168449836
4,34,65,101,5339470455240
4,34,65,102,467728932784
4,34,65,103,38327798260
4,34,65,104,2905327824
4,34,65,105,199388176
4,34,65,106,12117784
4,34,65,107,613388
4,34,65,108,23864
4,34,65,109,720
4,34,65,110,0
4,34,65,111,0
4,34,65,112,0
4,34,65,113,0
4,34,65,114,0
4,34,65,115,0
4,34,65,116,0
4,34,65,117,0
4,34,65,118,0
4,34,65,119,0
4,34,65,120,0
4,34,65,121,0
4,34,65,122,0
4,34,65,123,0
4,34,65,124,0
4,34,65,125,0
4,34,65,126,0
4,34,65,127,0
4,34,65,128,0
4,34,65,129,0
4,34,65,130,0
4,34,65,131,0
4,34,65,132,0
4,34,65,133,0
4,34,65,134,0
4,34,65,135,0
4,34,65,136,0
4,34,65,137,0
4,34,65,138,0
4,34,65,139,0
4,34,65,140,0
4,34,65,141,0
4,34,65,142,0
4,34,65,143,0
4,34,65,144,0
4,34,65,145,0
4,34,65,146,0
4,34,65,147,0
4,34,65,148,0
4,34,65,149,0
4,34,65,150,0
4,34,65,151,0
4,34,65,152,0
4,34,65,153,0
4,34,65,154,0
4,34,65,155,0
4,34,65,156,0
4,34,65,157,0
4,34,65,158,0
4,34,65,159,0
4,34,65,160,0
4,34,65,161,0
4,34,65,162,0
4,34,65,163,0
4,34,65,164,0
4,34,65,165,0
4,34,65,166,0
4,34,65,167,0
4,34,65,168,0
4,34,65,169,0
4,34,65,170,0
4,34,65,171,0
4,34,65,172,0
4,34,65,173,0
4,34,65,174,0
4,34,65,175,0
4,34,65,176,0
4,34,65,177,0
4,34,65,178,0
4,34,65,179,0
4,34,65,180,0
4,34,65,181,0
4,34,65,182,0
4,34,65,183,0
4,34,65,184,0
4,34,65,185,0
4,34,65,186,0
4,34,65,187,0
4,34,65,188,0
4,34,65,189,0
4,34,65,190,0
4,34,65,191,0
4,34,65,192,0
4,34,65,193,0
4,34,65,194,0
4,34,65,195,0
4,34,65,196,0
4,34,65,197,0
4,34,65,198,0
4,34,65,199,0
4,34,65,200,0
4,34,65,201,0
4,34,65,202,0
4,34,65,203,0
4,34,65,204,0
4,34,65,205,0
4,34,65,206,0
4,34,65,207,0
4,34,65,208,0
4,34,65,209,0
4,34,65,210,0
4,34,65,211,0
4,34,65,212,0
4,34,65,213,0
4,34,65,214,0
4,34,65,215,0
4,34,65,216,0
4,34,65,217,0
4,34,65,218,0
4,34,65,219,0
4,34,65,220,0
4,34,65,221,0
4,34,65,222,0
4,34,65,223,0
4,34,65,224,0
4,34,65,225,0
4,34,65,226,0
4,34,65,227,0
4,34,65,228,0
4,34,65,229,0
4,34,65,230,0
4,34,65,231,0
4,34,65,232,0
4,34,65,233,0
4,34,65,234,0
4,34,66,0,5154
4,34,66,1,63188
4,34,66,2,1587696
4,34,66,3,24593722
4,34,66,4,365495982
4,34,66,5,4969901838
4,34,66,6,62106810196
4,34,66,7,729207665940
4,34,66,8,8043067993316
4,34,66,9,83929945761498
4,34,66,10,831277814156768
4,34,66,11,7837457660671788
4,34,66,12,70504224609873368
4,34,66,13,606219916240285890
4,34,66,14,4989243247573601284
4,34,66,15,39345675881295735222
4,34,66,16,297558064512262675164
4,34,66,17,2159305575216010580250
4,34,66,18,15041590019436019078832
4,34,66,19,100601606054801828855828
4,34,66,20,646062735754869297417126
4,34,66,21,3983544877344776552676374
4,34,66,22,23577714896995190507997784
4,34,66,23,133915939369341338816923330
4,34,66,24,729586862059544306090707418
4,34,66,25,3810739909128371613786107770
4,34,66,26,19070578152713837076453898704
4,34,66,27,91377639054675119279588994308
4,34,66,28,418894459443676445511476072700
4,34,66,29,1835675783854104868028865985994
4,34,66,30,7682918616495124937134623850104
4,34,66,31,30682088687050209679206831841584
4,34,66,32,116799817580273956985044257007310
4,34,66,33,423401126508117284955250581682978
4,34,66,34,1460010268547527931929237350105610
4,34,66,35,4783947519405104656566025461015344
4,34,66,36,14878907284363740316730162507402712
4,34,66,37,43876962467634541559892241957808360
4,34,66,38,122550046084079106169405349853985864
4,34,66,39,323847864417680469900207833392740606
4,34,66,40,808858372103493855385527749945152638
4,34,66,41,1907571352866532668194984043790315816
4,34,66,42,4243894958224344668375168205964526726
4,34,66,43,8899272661892359301446714788149801666
4,34,66,44,17575957593233755318557792039005441886
4,34,66,45,32671612519452660162217116126490477146
4,34,66,46,57130907113295172441559733860049161030
4,34,66,47,93936974014350878288666181208032285618
4,34,66,48,145191240639185085417829679189648012376
4,34,66,49,210919122518891137364673333695209649540
4,34,66,50,287976383173424494648483894407697221500
4,34,66,51,369586581362314424977219261258502715394
4,34,66,52,445967832142964273988266637593136693222
4,34,66,53,506151758530073891905210257616149545140
4,34,66,54,540575363482958284053880749331291614936
4,34,66,55,543598466645233511777960504998688927922
4,34,66,56,515023670398017593789089444924553105504
4,34,66,57,460053355849360788611287786158155279044
4,34,66,58,387742219730033386392039805431486507412
4,34,66,59,308576629939941261113783036425913346052
4,34,66,60,232060747608148272020437543332418796844
4,34,66,61,165039958974375068325127434475670842044
4,34,66,62,111082709642054456513467593905906521276
4,34,66,63,70807896983423816423943542606390004532
4,34,66,64,42774607121233279031133194283070922152
4,34,66,65,24503684219376297072143028250820817498
4,34,66,66,13318907327814112885511740263991231296
4,34,66,67,6872683831136197362070572569668209444
4,34,66,68,3368301399599342363062366281499228878
4,34,66,69,1568579222429020798544828971271734542
4,34,66,70,694345777316611739533249388540235654
4,34,66,71,292255106747728306391031610327352752
4,34,66,72,117001318021664892264239838075428224
4,34,66,73,44562729401731173487153174478479094
4,34,66,74,16151126026679166788870774326645076
4,34,66,75,5571501389758183180838139089981444
4,34,66,76,1829628202454980976096720985036290
4,34,66,77,572078174434412509676697273035386
4,34,66,78,170346144127769639982703095774470
4,34,66,79,48314923284825961501933480341324
4,34,66,80,13055643535611621970808237655376
4,34,66,81,3361939733408290844308893233494
4,34,66,82,825230148921383669021789922918
4,34,66,83,193145803817322066851933313804
4,34,66,84,43118516056198713854619901960
4,34,66,85,9184672057989031240589647640
4,34,66,86,1867429062018000067767700320
4,34,66,87,362548675627053977451537196
4,34,66,88,67233840010645707877398152
4,34,66,89,11913983002976335127815852
4,34,66,90,2017927146653776564893506
4,34,66,91,326770139714140849949722
4,34,66,92,50599492819898027150996
4,34,66,93,7493026124175072046360
4,34,66,94,1061131770648905289996
4,34,66,95,143687813773745971816
4,34,66,96,18598562293626681346
4,34,66,97,2300051042183460946
4,34,66,98,271572277939547906
4,34,66,99,30583906245093222
4,34,66,100,3280794677459644
4,34,66,101,334631863800460
4,34,66,102,32376362599526
4,34,66,103,2961531530626
4,34,66,104,254862294134
4,34,66,105,20451974872
4,34,66,106,1513227470
4,34,66,107,100634662
4,34,66,108,5818572
4,34,66,109,285718
4,34,66,110,9644
4,34,66,111,252
4,34,66,112,0
4,34,66,113,0
4,34,66,114,0
4,34,66,115,0
4,34,66,116,0
4,34,66,117,0
4,34,66,118,0
4,34,66,119,0
4,34,66,120,0
4,34,66,121,0
4,34,66,122,0
4,34,66,123,0
4,34,66,124,0
4,34,66,125,0
4,34,66,126,0
4,34,66,127,0
4,34,66,128,0
4,34,66,129,0
4,34,66,130,0
4,34,66,131,0
4,34,66,132,0
4,34,66,133,0
4,34,66,134,0
4,34,66,135,0
4,34,66,136,0
4,34,66,137,0
4,34,66,138,0
4,34,66,139,0
4,34,66,140,0
4,34,66,141,0
4,34,66,142,0
4,34,66,143,0
4,34,66,144,0
4,34,66,145,0
4,34,66,146,0
4,34,66,147,0
4,34,66,148,0
4,34,66,149,0
4,34,66,150,0
4,34,66,151,0
4,34,66,152,0
4,34,66,153,0
4,34,66,154,0
4,34,66,155,0
4,34,66,156,0
4,34,66,157,0
4,34,66,158,0
4,34,66,159,0
4,34,66,160,0
4,34,66,161,0
4,34,66,162,0
4,34,66,163,0
4,34,66,164,0
4,34,66,165,0
4,34,66,166,0
4,34,66,167,0
4,34,66,168,0
4,34,66,169,0
4,34,66,170,0
4,34,66,171,0
4,34,66,172,0
4,34,66,173,0
4,34,66,174,0
4,34,66,175,0
4,34,66,176,0
4,34,66,177,0
4,34,66,178,0
4,34,66,179,0
4,34,66,180,0
4,34,66,181,0
4,34,66,182,0
4,34,66,183,0
4,34,66,184,0
4,34,66,185,0
4,34,66,186,0
4,34,66,187,0
4,34,66,188,0
4,34,66,189,0
4,34,66,190,0
4,34,66,191,0
4,34,66,192,0
4,34,66,193,0
4,34,66,194,0
4,34,66,195,0
4,34,66,196,0
4,34,66,197,0
4,34,66,198,0
4,34,66,199,0
4,34,66,200,0
4,34,66,201,0
4,34,66,202,0
4,34,66,203,0
4,34,66,204,0
4,34,66,205,0
4,34,66,206,0
4,34,66,207,0
4,34,66,208,0
4,34,66,209,0
4,34,66,210,0
4,34,66,211,0
4,34,66,212,0
4,34,66,213,0
4,34,66,214,0
4,34,66,215,0
4,34,66,216,0
4,34,66,217,0
4,34,66,218,0
4,34,66,219,0
4,34,66,220,0
4,34,66,221,0
4,34,66,222,0
4,34,66,223,0
4,34,66,224,0
4,34,66,225,0
4,34,66,226,0
4,34,66,227,0
4,34,66,228,0
4,34,66,229,0
4,34,66,230,0
4,34,66,231,0
4,34,66,232,0
4,34,66,233,0
4,34,66,234,0
4,34,67,0,140
4,34,67,1,1168
4,34,67,2,40448
4,34,67,3,614996
4,34,67,4,9537324
4,34,67,5,136957868
4,34,67,6,1777974888
4,34,67,7,21890366076
4,34,67,8,252437820380
4,34,67,9,2756230994156
4,34,67,10,28569818732156
4,34,67,11,281937118390480
4,34,67,12,2655669487958484
4,34,67,13,23918640856570732
4,34,67,14,206304738142706508
4,34,67,15,1706080805632532076
4,34,67,16,13539610965512865516
4,34,67,17,103187825749627876904
4,34,67,18,755579497183532802052
4,34,67,19,5317408752629059431080
4,34,67,20,35971576074407580662272
4,34,67,21,233920928288986552577892
4,34,67,22,1462123599989041987956172
4,34,67,23,8782309636320787782109696
4,34,67,24,50675752426784663023593668
4,34,67,25,280783733152712587305416136
4,34,67,26,1493127453136130667398727412
4,34,67,27,7615708787960834257246240396
4,34,67,28,37231697878942727271376616568
4,34,67,29,174330359696876529410697504936
4,34,67,30,781142686662181596902142322512
4,34,67,31,3346556185226706581051850329696
4,34,67,32,13695131969505870454874562980992
4,34,67,33,53481596694256220983913977923924
4,34,67,34,199097199034556558481337184596684
4,34,67,35,705809345272033044167973845169344
4,34,67,36,2380124550694827039540551564962784
4,34,67,37,7626477899876037652532703252935500
4,34,67,38,23194227595271692306273879759837740
4,34,67,39,66878838718579890770103483742223184
4,34,67,40,182632609338028920289186225122351184
4,34,67,41,471832902443701895160398468663497236
4,34,67,42,1152059775312527749623688130831155244
4,34,67,43,2655939481504722953329899752814609504
4,34,67,44,5775985589109529769343618434844113128
4,34,67,45,11839741700760776639832977834847263488
4,34,67,46,22858675194562766109161006810648114096
4,34,67,47,41541657920219024151636992178478199132
4,34,67,48,71027011672863779957673900777112346028
4,34,67,49,114211305027374530494681421386471392132
4,34,67,50,172678441085297905024211785406170214420
4,34,67,51,245453052777032563205114458292130918440
4,34,67,52,328033231175963520386638476549455838148
4,34,67,53,412251455603959878583957212524881158684
4,34,67,54,487339830232442210243308844818672781160
4,34,67,55,542134307840640139009761069847547498908
4,34,67,56,567819568953832598501043643246399007088
4,34,67,57,560275561424881572392550369861257206320
4,34,67,58,521157255559446282757362462941386981988
4,34,67,59,457320191927482394912658570851449745860
4,34,67,60,378859613550914692739604894639770928296
4,34,67,61,296531262345867764178114102748039724576
4,34,67,62,219444314172649147159630164099162590552
4,34,67,63,153660104793742611618152720178943112856
4,34,67,64,101880518409359875146496485394577463248
4,34,67,65,64004386462018655446639954443732140372
4,34,67,66,38123628202979967890941176158172852268
4,34,67,67,21542775501785036345415902377387564260
4,34,67,68,11554930250869686878763207731940350888
4,34,67,69,5885780085196981837578547340529376108
4,34,67,70,2848406341818822998172601818787387644
4,34,67,71,1310174539798630337164868969161980904
4,34,67,72,572971150099494712315939981267843220
4,34,67,73,238309009176342257964932142746638428
4,34,67,74,94289374762376349414150808874174900
4,34,67,75,35497314091422023562529978112890488
4,34,67,76,12718120349062338708740247901129720
4,34,67,77,4337316613854036721617516115175124
4,34,67,78,1408191166762221672140085992768028
4,34,67,79,435326636557097287163102754496920
4,34,67,80,128161022777506814841422292056496
4,34,67,81,35938873845567614299217153184452
4,34,67,82,9601327148576691341881224531008
4,34,67,83,2444326159347244758176239314896
4,34,67,84,593150064516280326111478352540
4,34,67,85,137239111466626638446643532664
4,34,67,86,30286022427135901648062632948
4,34,67,87,6376921270960241143776846016
4,34,67,88,1281575924290601946238661100
4,34,67,89,245925613122718385674394532
4,34,67,90,45076158938220197444396984
4,34,67,91,7894430814136058739627676
4,34,67,92,1321463548174580252602452
4,34,67,93,211473030267866483694320
4,34,67,94,32358838441956175447504
4,34,67,95,4734796268851206644200
4,34,67,96,662465344534147547280
4,34,67,97,88614017884049240412
4,34,67,98,11328493336861233440
4,34,67,99,1383375331895014424
4,34,67,100,161238833695112444
4,34,67,101,17918224535052388
4,34,67,102,1895779062691344
4,34,67,103,190595340696524
4,34,67,104,18161971401432
4,34,67,105,1634018352164
4,34,67,106,138068453036
4,34,67,107,10847579936
4,34,67,108,779965756
4,34,67,109,50377232
4,34,67,110,2767544
4,34,67,111,126776
4,34,67,112,4080
4,34,67,113,72
4,34,67,114,0
4,34,67,115,0
4,34,67,116,0
4,34,67,117,0
4,34,67,118,0
4,34,67,119,0
4,34,67,120,0
4,34,67,121,0
4,34,67,122,0
4,34,67,123,0
4,34,67,124,0
4,34,67,125,0
4,34,67,126,0
4,34,67,127,0
4,34,67,128,0
4,34,67,129,0
4,34,67,130,0
4,34,67,131,0
4,34,67,132,0
4,34,67,133,0
4,34,67,134,0
4,34,67,135,0
4,34,67,136,0
4,34,67,137,0
4,34,67,138,0
4,34,67,139,0
4,34,67,140,0
4,34,67,141,0
4,34,67,142,0
4,34,67,143,0
4,34,67,144,0
4,34,67,145,0
4,34,67,146,0
4,34,67,147,0
4,34,67,148,0
4,34,67,149,0
4,34,67,150,0
4,34,67,151,0
4,34,67,152,0
4,34,67,153,0
4,34,67,154,0
4,34,67,155,0
4,34,67,156,0
4,34,67,157,0
4,34,67,158,0
4,34,67,159,0
4,34,67,160,0
4,34,67,161,0
4,34,67,162,0
4,34,67,163,0
4,34,67,164,0
4,34,67,165,0
4,34,67,166,0
4,34,67,167,0
4,34,67,168,0
4,34,67,169,0
4,34,67,170,0
4,34,67,171,0
4,34,67,172,0
4,34,67,173,0
4,34,67,174,0
4,34,67,175,0
4,34,67,176,0
4,34,67,177,0
4,34,67,178,0
4,34,67,179,0
4,34,67,180,0
4,34,67,181,0
4,34,67,182,0
4,34,67,183,0
4,34,67,184,0
4,34,67,185,0
4,34,67,186,0
4,34,67,187,0
4,34,67,188,0
4,34,67,189,0
4,34,67,190,0
4,34,67,191,0
4,34,67,192,0
4,34,67,193,0
4,34,67,194,0
4,34,67,195,0
4,34,67,196,0
4,34,67,197,0
4,34,67,198,0
4,34,67,199,0
4,34,67,200,0
4,34,67,201,0
4,34,67,202,0
4,34,67,203,0
4,34,67,204,0
4,34,67,205,0
4,34,67,206,0
4,34,67,207,0
4,34,67,208,0
4,34,67,209,0
4,34,67,210,0
4,34,67,211,0
4,34,67,212,0
4,34,67,213,0
4,34,67,214,0
4,34,67,215,0
4,34,67,216,0
4,34,67,217,0
4,34,67,218,0
4,34,67,219,0
4,34,67,220,0
4,34,67,221,0
4,34,67,222,0
4,34,67,223,0
4,34,67,224,0
4,34,67,225,0
4,34,67,226,0
4,34,67,227,0
4,34,67,228,0
4,34,67,229,0
4,34,67,230,0
4,34,67,231,0
4,34,67,232,0
4,34,67,233,0
4,34,67,234,0
4,34,68,0,2
4,34,68,1,8
4,34,68,2,650
4,34,68,3,9972
4,34,68,4,164176
4,34,68,5,2642776
4,34,68,6,36118704
4,34,68,7,478755020
4,34,68,8,5876341938
4,34,68,9,68170504068
4,34,68,10,749703175608
4,34,68,11,7832563788422
4,34,68,12,78031966933246
4,34,68,13,742601952191170
4,34,68,14,6763781552492404
4,34,68,15,59044408163023802
4,34,68,16,494556724903189764
4,34,68,17,3978216785998701640
4,34,68,18,30752980972581748981
4,34,68,19,228572821788252404708
4,34,68,20,1633955674460339419489
4,34,68,21,11235947267318909734142
4,34,68,22,74327515990666159975851
4,34,68,23,472958520519262363180700
4,34,68,24,2894298277673914465783016
4,34,68,25,17028538329546358111341976
4,34,68,26,96282910625093952059285797
4,34,68,27,522928555610097517357559690
4,34,68,28,2726482207551353361838091941
4,34,68,29,13637691588812030794177790866
4,34,68,30,65393578674750941279675025661
4,34,68,31,300354107018639842508184988212
4,34,68,32,1320253006989482129767390606343
4,34,68,33,5548840521738487994556819152712
4,34,68,34,22276324877005182944049566333029
4,34,68,35,85336966261982548928990542133636
4,34,68,36,311619006211191389363731036165288
4,34,68,37,1083508831865164226802997955369210
4,34,68,38,3583298787733201298302152177772325
4,34,68,39,11258780395653371722079755194357544
4,34,68,40,33571654761046532293379268812467136
4,34,68,41,94895726711999304564060925436604024
4,34,68,42,254004552785768907966813753697742657
4,34,68,43,643131772575284311758580906930502946
4,34,68,44,1538808550901627411081293170769460833
4,34,68,45,3476031244406182183478810825059226284
4,34,68,46,7406573215359994696737892648092639619
4,34,68,47,14874539913044225218790574212535576724
4,34,68,48,28136112223197018775378232475840265010
4,34,68,49,50099090426953465048119521917992047312
4,34,68,50,83935450631023089868132312628791472710
4,34,68,51,132273473634148309758108377065355603006
4,34,68,52,196034839635788938327695706109899024059
4,34,68,53,273217519184963602575930108828511401596
4,34,68,54,358128933522465146748416429907308198630
4,34,68,55,441594034276393069917243433278157225834
4,34,68,56,512400498751869880491843013346539338015
4,34,68,57,559750878050814397392163010488937910532
4,34,68,58,575990464455949697937224637788443788529
4,34,68,59,558650412717167370872944380361357436128
4,34,68,60,511049873974948865422994282117726786858
4,34,68,61,441261511102227229592171499326095411808
4,34,68,62,359881518429675326585008446414250428156
4,34,68,63,277445653195650781150491591101174130470
4,34,68,64,202335566326693189024153012483042551095
4,34,68,65,139686705753194218093588841685370671692
4,34,68,66,91353716041560536832095494157216410752
4,34,68,67,56632922274962920872502696529094603762
4,34,68,68,33300248511388740314450515821946513584
4,34,68,69,18582525609528024812794654229198508464
4,34,68,70,9846036679077069248807499905845055796
4,34,68,71,4955818843898116242138826468405899866
4,34,68,72,2370509630352937534995852803372437384
4,34,68,73,1077936939977727608606156786165884602
4,34,68,74,466125117891801499481519443243408502
4,34,68,75,191726584037410383510951318460035960
4,34,68,76,75029014992343735239398226619823839
4,34,68,77,27939951188048003619766451099608622
4,34,68,78,9902460571415053222619954453014497
4,34,68,79,3340765703426303300451629575389518
4,34,68,80,1072988956538529354015058682715109
4,34,68,81,328134814602587975344204389965044
4,34,68,82,95561555727781414052324976555506
4,34,68,83,26507099460927145260842065212000
4,34,68,84,7004465231123137025228858365902
4,34,68,85,1763685114258639401597901224430
4,34,68,86,423267635540211302714615605847
4,34,68,87,96847152688314449509169077578
4,34,68,88,21133919407686138749185931929
4,34,68,89,4399964583600993226588890184
4,34,68,90,874290105162349667604933648
4,34,68,91,165867746402100419464459844
4,34,68,92,30055664197409782217888814
4,34,68,93,5203495340398820789609128
4,34,68,94,860986036419728170084167
4,34,68,95,136185352507402258463864
4,34,68,96,20595150763794218625294
4,34,68,97,2977995332578881217818
4,34,68,98,411698921840987317397
4,34,68,99,54405390347963286018
4,34,68,100,6869825439306294855
4,34,68,101,828391885013878358
4,34,68,102,95311683018995519
4,34,68,103,10451334542643522
4,34,68,104,1090538298690646
4,34,68,105,108053280226790
4,34,68,106,10138135691313
4,34,68,107,896973267200
4,34,68,108,74329379120
4,34,68,109,5711825040
4,34,68,110,399228216
4,34,68,111,24815464
4,34,68,112,1302649
4,34,68,113,55356
4,34,68,114,1615
4,34,68,115,18
4,34,68,116,0
4,34,68,117,0
4,34,68,118,0
4,34,68,119,0
4,34,68,120,0
4,34,68,121,0
4,34,68,122,0
4,34,68,123,0
4,34,68,124,0
4,34,68,125,0
4,34,68,126,0
4,34,68,127,0
4,34,68,128,0
4,34,68,129,0
4,34,68,130,0
4,34,68,131,0
4,34,68,132,0
4,34,68,133,0
4,34,68,134,0
4,34,68,135,0
4,34,68,136,0
4,34,68,137,0
4,34,68,138,0
4,34,68,139,0
4,34,68,140,0
4,34,68,141,0
4,34,68,142,0
4,34,68,143,0
4,34,68,144,0
4,34,68,145,0
4,34,68,146,0
4,34,68,147,0
4,34,68,148,0
4,34,68,149,0
4,34,68,150,0
4,34,68,151,0
4,34,68,152,0
4,34,68,153,0
4,34,68,154,0
4,34,68,155,0
4,34,68,156,0
4,34,68,157,0
4,34,68,158,0
4,34,68,159,0
4,34,68,160,0
4,34,68,161,0
4,34,68,162,0
4,34,68,163,0
4,34,68,164,0
4,34,68,165,0
4,34,68,166,0
4,34,68,167,0
4,34,68,168,0
4,34,68,169,0
4,34,68,170,0
4,34,68,171,0
4,34,68,172,0
4,34,68,173,0
4,34,68,174,0
4,34,68,175,0
4,34,68,176,0
4,34,68,177,0
4,34,68,178,0
4,34,68,179,0
4,34,68,180,0
4,34,68,181,0
4,34,68,182,0
4,34,68,183,0
4,34,68,184,0
4,34,68,185,0
4,34,68,186,0
4,34,68,187,0
4,34,68,188,0
4,34,68,189,0
4,34,68,190,0
4,34,68,191,0
4,34,68,192,0
4,34,68,193,0
4,34,68,194,0
4,34,68,195,0
4,34,68,196,0
4,34,68,197,0
4,34,68,198,0
4,34,68,199,0
4,34,68,200,0
4,34,68,201,0
4,34,68,202,0
4,34,68,203,0
4,34,68,204,0
4,34,68,205,0
4,34,68,206,0
4,34,68,207,0
4,34,68,208,0
4,34,68,209,0
4,34,68,210,0
4,34,68,211,0
4,34,68,212,0
4,34,68,213,0
4,34,68,214,0
4,34,68,215,0
4,34,68,216,0
4,34,68,217,0
4,34,68,218,0
4,34,68,219,0
4,34,68,220,0
4,34,68,221,0
4,34,68,222,0
4,34,68,223,0
4,34,68,224,0
4,34,68,225,0
4,34,68,226,0
4,34,68,227,0
4,34,68,228,0
4,34,68,229,0
4,34,68,230,0
4,34,68,231,0
4,34,68,232,0
4,34,68,233,0
4,34,68,234,0
4,34,69,0,0
4,34,69,1,0
4,34,69,2,4
4,34,69,3,84
4,34,69,4,1412
4,34,69,5,30836
4,34,69,6,453008
4,34,69,7,6829248
4,34,69,8,92645348
4,34,69,9,1173215676
4,34,69,10,14042080196
4,34,69,11,158411792400
4,34,69,12,1698194841860
4,34,69,13,17327376140880
4,34,69,14,168763307845288
4,34,69,15,1572119094086748
4,34,69,16,14029479766930100
4,34,69,17,120093254116742884
4,34,69,18,987083018788718792
4,34,69,19,7796340487539181900
4,34,69,20,59208567809823755272
4,34,69,21,432527552547038579952
4,34,69,22,3040108593749761575140
4,34,69,23,20561729726643123706432
4,34,69,24,133819217441795431344696
4,34,69,25,837928542064242703730416
4,34,69,26,5046828711289585329955996
4,34,69,27,29228190029718700945349348
4,34,69,28,162691136108660158448897852
4,34,69,29,869905553234202224846152420
4,34,69,30,4465370597950929227401949592
4,34,69,31,21989576876525549395236885180
4,34,69,32,103804286241178553522483038776
4,34,69,33,469341271801066770312543088784
4,34,69,34,2030704977414446078002656269548
4,34,69,35,8399927270432089629632621890336
4,34,69,36,33184871940189351631197579464152
4,34,69,37,125080174396760683570524830113504
4,34,69,38,449318259097656694640006191003908
4,34,69,39,1536596122367893150811870042278292
4,34,69,40,4997137747421687856342328577448664
4,34,69,41,15436603267523592216758469227287232
4,34,69,42,45244451243448473541270129066921416
4,34,69,43,125684729643184485321016936903943796
4,34,69,44,330548314342095697020322209539281044
4,34,69,45,822187497845415881304351624116204408
4,34,69,46,1932239215611203845932778662878825132
4,34,69,47,4286511298594824120856321669946222108
4,34,69,48,8968782535603161704620354878464732612
4,34,69,49,17685741021511002519783245008336061552
4,34,69,50,32846808198548170806767109780329033988
4,34,69,51,57426757902668163062831169096249071356
4,34,69,52,94474159708223438385105784864273090800
4,34,69,53,146209009040642268176067425632999526224
4,34,69,54,212834598739033707332538586684740994764
4,34,69,55,291421664182663155114847108797951114616
4,34,69,56,375383872100182654634909926436555779972
4,34,69,57,455010073121864071146182793336390485216
4,34,69,58,519188947973020471754754681696599936628
4,34,69,59,557956260278185981816944444233430986276
4,34,69,60,565058335472882327572512757134747124228
4,34,69,61,539612847818760998733608922872117629580
4,34,69,62,486257353738329380812208851025882003152
4,34,69,63,413769080588492858323129813807928219784
4,34,69,64,332719089519479573869372768347725231700
4,34,69,65,253014497712951667614304031205302877988
4,34,69,66,182085672302972478392543594536102865760
4,34,69,67,124100362889761603596882057016807547600
4,34,69,68,80154320578451162725065633561036109904
4,34,69,69,49091844805591756047027259190064046360
4,34,69,70,28528044748848997399546620312055362088
4,34,69,71,15737825276340915534922338842548403480
4,34,69,72,8245831223982805216459044904168619536
4,34,69,73,4105111256532634451386328827072480744
4,34,69,74,1942571606970346347526506280906896012
4,34,69,75,874036440984812096532470764987206280
4,34,69,76,374024936491559628380065160817940264
4,34,69,77,152261272923567885466527264654077400
4,34,69,78,58976537376998847708114156731904360
4,34,69,79,21739002220715636928602077359764468
4,34,69,80,7626582672792982377507877497156808
4,34,69,81,2546851077086370898385345917821492
4,34,69,82,809675717297188196021472321309616
4,34,69,83,245078539898634922678631920135132
4,34,69,84,70639009378678600401471035433696
4,34,69,85,19390873354985529102522851791664
4,34,69,86,5070431706866604267503750117512
4,34,69,87,1263234794338849046166717748048
4,34,69,88,299935748680763784585241881348
4,34,69,89,67890236232671272443949669560
4,34,69,90,14654333077089000425111907512
4,34,69,91,3017593388167809476351689296
4,34,69,92,592999755179026580387044160
4,34,69,93,111253022965222569487697552
4,34,69,94,19933866779898066713514396
4,34,69,95,3412242837719751997754608
4,34,69,96,558191060776978351447524
4,34,69,97,87280673107271037824100
4,34,69,98,13046883352465214921292
4,34,69,99,1864510862249136267856
4,34,69,100,254714454754661937428
4,34,69,101,33255851816812343772
4,34,69,102,4147865799227657580
4,34,69,103,493905277950120604
4,34,69,104,56095545281660516
4,34,69,105,6069213281386772
4,34,69,106,624495253666272
4,34,69,107,60973840012620
4,34,69,108,5631200283184
4,34,69,109,489649475840
4,34,69,110,39780717116
4,34,69,111,2984202748
4,34,69,112,202211744
4,34,69,113,12118096
4,34,69,114,602028
4,34,69,115,23076
4,34,69,116,680
4,34,69,117,0
4,34,69,118,0
4,34,69,119,0
4,34,69,120,0
4,34,69,121,0
4,34,69,122,0
4,34,69,123,0
4,34,69,124,0
4,34,69,125,0
4,34,69,126,0
4,34,69,127,0
4,34,69,128,0
4,34,69,129,0
4,34,69,130,0
4,34,69,131,0
4,34,69,132,0
4,34,69,133,0
4,34,69,134,0
4,34,69,135,0
4,34,69,136,0
4,34,69,137,0
4,34,69,138,0
4,34,69,139,0
4,34,69,140,0
4,34,69,141,0
4,34,69,142,0
4,34,69,143,0
4,34,69,144,0
4,34,69,145,0
4,34,69,146,0
4,34,69,147,0
4,34,69,148,0
4,34,69,149,0
4,34,69,150,0
4,34,69,151,0
4,34,69,152,0
4,34,69,153,0
4,34,69,154,0
4,34,69,155,0
4,34,69,156,0
4,34,69,157,0
4,34,69,158,0
4,34,69,159,0
4,34,69,160,0
4,34,69,161,0
4,34,69,162,0
4,34,69,163,0
4,34,69,164,0
4,34,69,165,0
4,34,69,166,0
4,34,69,167,0
4,34,69,168,0
4,34,69,169,0
4,34,69,170,0
4,34,69,171,0
4,34,69,172,0
4,34,69,173,0
4,34,69,174,0
4,34,69,175,0
4,34,69,176,0
4,34,69,177,0
4,34,69,178,0
4,34,69,179,0
4,34,69,180,0
4,34,69,181,0
4,34,69,182,0
4,34,69,183,0
4,34,69,184,0
4,34,69,185,0
4,34,69,186,0
4,34,69,187,0
4,34,69,188,0
4,34,69,189,0
4,34,69,190,0
4,34,69,191,0
4,34,69,192,0
4,34,69,193,0
4,34,69,194,0
4,34,69,195,0
4,34,69,196,0
4,34,69,197,0
4,34,69,198,0
4,34,69,199,0
4,34,69,200,0
4,34,69,201,0
4,34,69,202,0
4,34,69,203,0
4,34,69,204,0
4,34,69,205,0
4,34,69,206,0
4,34,69,207,0
4,34,69,208,0
4,34,69,209,0
4,34,69,210,0
4,34,69,211,0
4,34,69,212,0
4,34,69,213,0
4,34,69,214,0
4,34,69,215,0
4,34,69,216,0
4,34,69,217,0
4,34,69,218,0
4,34,69,219,0
4,34,69,220,0
4,34,69,221,0
4,34,69,222,0
4,34,69,223,0
4,34,69,224,0
4,34,69,225,0
4,34,69,226,0
4,34,69,227,0
4,34,69,228,0
4,34,69,229,0
4,34,69,230,0
4,34,69,231,0
4,34,69,232,0
4,34,69,233,0
4,34,69,234,0
4,34,70,0,0
4,34,70,1,0
4,34,70,2,0
4,34,70,3,0
4,34,70,4,2
4,34,70,5,144
4,34,70,6,2556
4,34,70,7,49734
4,34,70,8,833778
4,34,70,9,12137246
4,34,70,10,167085098
4,34,70,11,2114287532
4,34,70,12,25180823618
4,34,70,13,282822975254
4,34,70,14,3010485104892
4,34,70,15,30486819841416
4,34,70,16,294458586330804
4,34,70,17,2718824514435090
4,34,70,18,24039072567725028
4,34,70,19,203815821381516094
4,34,70,20,1658860333189357338
4,34,70,21,12971607889500529870
4,34,70,22,97511944937779092488
4,34,70,23,704999229279473868636
4,34,70,24,4903451822724403540390
4,34,70,25,32813246737015631059202
4,34,70,26,211263314468558591048376
4,34,70,27,1308479580129799286108326
4,34,70,28,7794154981488271386722902
4,34,70,29,44635041632859905101792424
4,34,70,30,245635243131592044375948606
4,34,70,31,1298304265708895102448343852
4,34,70,32,6586573151433539682194228712
4,34,70,33,32050254616191643258582691506
4,34,70,34,149469388988981479450225687178
4,34,70,35,667502073004284714851925672894
4,34,70,36,2851918057045493931797709402942
4,34,70,37,11646264911585597476765727516656
4,34,70,38,45411136343488043188018985216314
4,34,70,39,168891608547973976927788401365688
4,34,70,40,598486261508037288136345555011760
4,34,70,41,2018465444501469297047323506001298
4,34,70,42,6471787175947001702633519344304766
4,34,70,43,19704982436166785769601392917773096
4,34,70,44,56910563490036909581189496853270822
4,34,70,45,155739465835700735537146959410127414
4,34,70,46,403395005576655352331924158691941016
4,34,70,47,987971012696528476954741914274997656
4,34,70,48,2285704885225108056467199179397215300
4,34,70,49,4990791981263360755847176769594313128
4,34,70,50,10276375924192358680842381525173535806
4,34,70,51,19939864387019620077439353647788584764
4,34,70,52,36438017952400689038778356929962077256
4,34,70,53,62680018523780511250067810035012440190
4,34,70,54,101459663705706621523892238844431767442
4,34,70,55,154509367967148440136840363327275664176
4,34,70,56,221350480815065768698462891730486658328
4,34,70,57,298329933229937538306615857947415979142
4,34,70,58,378344352180046638725181805977912308528
4,34,70,59,451635448487516063997307359717580556848
4,34,70,60,507671700101580438397165278144150598398
4,34,70,61,537646633822345640751087686380875980500
4,34,70,62,536770486130426904276318748363496844944
4,34,70,63,505525268609353367717456658630186498220
4,34,70,64,449430887504012464634948821796225039118
4,34,70,65,377453136842005329456777599335926253680
4,34,70,66,299682629705607145249660533765396150882
4,34,70,67,225099567973384684017663887966513340726
4,34,70,68,160070319770457221978176434304209291580
4,34,70,69,107836618319836696860816064793289276488
4,34,70,70,68868592029394139729108295586088250358
4,34,70,71,41719285283830027727668602717441127516
4,34,70,72,23985749135825025396465326532009161250
4,34,70,73,13094470658594539499120803963544491114
4,34,70,74,6791018670275139258195938320957154772
4,34,70,75,3347069884268666225104083318583288842
4,34,70,76,1568284978794667771247496486271774166
4,34,70,77,698780695950535893422098580265270960
4,34,70,78,296153806447226045617372862356181410
4,34,70,79,119409946472097301720284289997101526
4,34,70,80,45812157032673009727538844334214536
4,34,70,81,16726127049716232158686053561641968
4,34,70,82,5812090840576266818757333682476596
4,34,70,83,1922357526602189306635913625457576
4,34,70,84,605259743657859566617989624774934
4,34,70,85,181425945447758817152736643206592
4,34,70,86,51779568498373201848208551399764
4,34,70,87,14072836716845003521918222187288
4,34,70,88,3642893719062927260897593943934
4,34,70,89,898354007314588565282057620428
4,34,70,90,211104466875976609169927030936
4,34,70,91,47285374879498222746776048354
4,34,70,92,10099088381409005089541959116
4,34,70,93,2057415671504866735165837012
4,34,70,94,399955948434928327820125602
4,34,70,95,74219680177114790966247792
4,34,70,96,13152342069970498494830860
4,34,70,97,2226437959325626314383296
4,34,70,98,360135606952940427889630
4,34,70,99,55675457455046124778158
4,34,70,100,8227337725452485497946
4,34,70,101,1162144896441991819010
4,34,70,102,156897610005427539906
4,34,70,103,20239863528252931416
4,34,70,104,2493622709317639744
4,34,70,105,293211114105629474
4,34,70,106,32871975334079444
4,34,70,107,3508973746211386
4,34,70,108,356005183583554
4,34,70,109,34244291163460
4,34,70,110,3112160421866
4,34,70,111,265827763378
4,34,70,112,21142430472
4,34,70,113,1547519694
4,34,70,114,101551566
4,34,70,115,5788986
4,34,70,116,278860
4,34,70,117,9256
4,34,70,118,238
4,34,70,119,0
4,34,70,120,0
4,34,70,121,0
4,34,70,122,0
4,34,70,123,0
4,34,70,124,0
4,34,70,125,0
4,34,70,126,0
4,34,70,127,0
4,34,70,128,0
4,34,70,129,0
4,34,70,130,0
4,34,70,131,0
4,34,70,132,0
4,34,70,133,0
4,34,70,134,0
4,34,70,135,0
4,34,70,136,0
4,34,70,137,0
4,34,70,138,0
4,34,70,139,0
4,34,70,140,0
4,34,70,141,0
4,34,70,142,0
4,34,70,143,0
4,34,70,144,0
4,34,70,145,0
4,34,70,146,0
4,34,70,147,0
4,34,70,148,0
4,34,70,149,0
4,34,70,150,0
4,34,70,151,0
4,34,70,152,0
4,34,70,153,0
4,34,70,154,0
4,34,70,155,0
4,34,70,156,0
4,34,70,157,0
4,34,70,158,0
4,34,70,159,0
4,34,70,160,0
4,34,70,161,0
4,34,70,162,0
4,34,70,163,0
4,34,70,164,0
4,34,70,165,0
4,34,70,166,0
4,34,70,167,0
4,34,70,168,0
4,34,70,169,0
4,34,70,170,0
4,34,70,171,0
4,34,70,172,0
4,34,70,173,0
4,34,70,174,0
4,34,70,175,0
4,34,70,176,0
4,34,70,177,0
4,34,70,178,0
4,34,70,179,0
4,34,70,180,0
4,34,70,181,0
4,34,70,182,0
4,34,70,183,0
4,34,70,184,0
4,34,70,185,0
4,34,70,186,0
4,34,70,187,0
4,34,70,188,0
4,34,70,189,0
4,34,70,190,0
4,34,70,191,0
4,34,70,192,0
4,34,70,193,0
4,34,70,194,0
4,34,70,195,0
4,34,70,196,0
4,34,70,197,0
4,34,70,198,0
4,34,70,199,0
4,34,70,200,0
4,34,70,201,0
4,34,70,202,0
4,34,70,203,0
4,34,70,204,0
4,34,70,205,0
4,34,70,206,0
4,34,70,207,0
4,34,70,208,0
4,34,70,209,0
4,34,70,210,0
4,34,70,211,0
4,34,70,212,0
4,34,70,213,0
4,34,70,214,0
4,34,70,215,0
4,34,70,216,0
4,34,70,217,0
4,34,70,218,0
4,34,70,219,0
4,34,70,220,0
4,34,70,221,0
4,34,70,222,0
4,34,70,223,0
4,34,70,224,0
4,34,70,225,0
4,34,70,226,0
4,34,70,227,0
4,34,70,228,0
4,34,70,229,0
4,34,70,230,0
4,34,70,231,0
4,34,70,232,0
4,34,70,233,0
4,34,70,234,0
4,34,71,0,0
4,34,71,1,0
4,34,71,2,0
4,34,71,3,0
4,34,71,4,0
4,34,71,5,0
4,34,71,6,0
4,34,71,7,68
4,34,71,8,2776
4,34,71,9,52976
4,34,71,10,986748
4,34,71,11,15400376
4,34,71,12,218204212
4,34,71,13,2851034044
4,34,71,14,34586629912
4,34,71,15,394126064800
4,34,71,16,4237763614104
4,34,71,17,43210856459192
4,34,71,18,419227945563676
4,34,71,19,3880469739805240
4,34,71,20,34341188719010248
4,34,71,21,291044616679723988
4,34,71,22,2365268436022884316
4,34,71,23,18450551941157337528
4,34,71,24,138251616578317954436
4,34,71,25,995620519563576734392
4,34,71,26,6893352951437340547984
4,34,71,27,45894359873018081529480
4,34,71,28,293829592814508080297092
4,34,71,29,1808825522385522705007948
4,34,71,30,10704525086917328605676680
4,34,71,31,60878463153788967044760224
4,34,71,32,332580212669410669587785040
4,34,71,33,1744354259059163132490010452
4,34,71,34,8778269200007702102936236504
4,34,71,35,42355868557607289469174322676
4,34,71,36,195799004748244162964464370808
4,34,71,37,866425756141150004122646865288
4,34,71,38,3666748793143617316689937737000
4,34,71,39,14826585924352966144477295616896
4,34,71,40,57223217612152421450984409816396
4,34,71,41,210580701598493347781215081381684
4,34,71,42,738092768863110428335724864500568
4,34,71,43,2461337107630142637374558532090248
4,34,71,44,7800377926876022283325147126025464
4,34,71,45,23467165855333016236044158171487664
4,34,71,46,66946267592798081399774735563539772
4,34,71,47,180901618289829276609329721626822380
4,34,71,48,462544308879522370321258597395190276
4,34,71,49,1117954395558107547763181528797939596
4,34,71,50,2551798333274796866158554327163455764
4,34,71,51,5495972159858446828029843031053273596
4,34,71,52,11160452952463590152760326416426558592
4,34,71,53,21353351894394909583083844343222444196
4,34,71,54,38472898925087043080549357870789974876
4,34,71,55,65246969929433628667497875662913074412
4,34,71,56,104124256680093571474114283117249855404
4,34,71,57,156335879890667157679952832378576951328
4,34,71,58,220835806723669015539688927783389489584
4,34,71,59,293516025477696510181093030342751725100
4,34,71,60,367154259530963495971908525935528191816
4,34,71,61,432388031181966874256129023046181446616
4,34,71,62,479629794780442938943242666121501945160
4,34,71,63,501398948595120897447350563706657801768
4,34,71,64,494280760471875400013837152739547821224
4,34,71,65,459799417805593562845477709857213933064
4,34,71,66,403900572277701975046887919518607526544
4,34,71,67,335279510988940712349105005940343994116
4,34,71,68,263198096954971394661730775612608790916
4,34,71,69,195530230700869592550397053695930279312
4,34,71,70,137563485675232286003118019933760657480
4,34,71,71,91714764782608924317927145046618317780
4,34,71,72,57982040737681149623982449310298195380
4,34,71,73,34779003072397003518166834215906446664
4,34,71,74,19803381718271207490822130378277881668
4,34,71,75,10709424094425283204984546109271322920
4,34,71,76,5502745921542513115552788222850369776
4,34,71,77,2687432552336301352203414457676358316
4,34,71,78,1247887213958494561645789268636319636
4,34,71,79,551068305479182658422554918168472024
4,34,71,80,231483484674087797462056917797861344
4,34,71,81,92510885051925427098282822364740824
4,34,71,82,35178878263160851201662950417571984
4,34,71,83,12730136315284583454813779734968308
4,34,71,84,4384123749987155798744881534092808
4,34,71,85,1437021516888956006890631737605252
4,34,71,86,448338623772693557008448865530988
4,34,71,87,133151904917467293049225121726984
4,34,71,88,37647107963356286043044291722828
4,34,71,89,10134828585776025253643826084064
4,34,71,90,2598218427702910842438132696888
4,34,71,91,634456833449746681052921593540
4,34,71,92,147607432663403270459493321428
4,34,71,93,32728486299582315704836588708
4,34,71,94,6918371620072909691003219872
4,34,71,95,1394773510647953103517511560
4,34,71,96,268283611985886767613731212
4,34,71,97,49254343628466113418066224
4,34,71,98,8634099106180899108003884
4,34,71,99,1445634701471344252449424
4,34,71,100,231255705619014376429468
4,34,71,101,35351656414893541918900
4,34,71,102,5164881427025538217404
4,34,71,103,721179436580664592760
4,34,71,104,96226918742417044188
4,34,71,105,12265478246466091436
4,34,71,106,1492735404073332512
4,34,71,107,173324210893376800
4,34,71,108,19179959898430884
4,34,71,109,2019826205613360
4,34,71,110,202025890359896
4,34,71,111,19141460532972
4,34,71,112,1711002746732
4,34,71,113,143470508284
4,34,71,114,11167285872
4,34,71,115,794184608
4,34,71,116,50567096
4,34,71,117,2738108
4,34,71,118,123268
4,34,71,119,3876
4,34,71,120,68
4,34,71,121,0
4,34,71,122,0
4,34,71,123,0
4,34,71,124,0
4,34,71,125,0
4,34,71,126,0
4,34,71,127,0
4,34,71,128,0
4,34,71,129,0
4,34,71,130,0
4,34,71,131,0
4,34,71,132,0
4,34,71,133,0
4,34,71,134,0
4,34,71,135,0
4,34,71,136,0
4,34,71,137,0
4,34,71,138,0
4,34,71,139,0
4,34,71,140,0
4,34,71,141,0
4,34,71,142,0
4,34,71,143,0
4,34,71,144,0
4,34,71,145,0
4,34,71,146,0
4,34,71,147,0
4,34,71,148,0
4,34,71,149,0
4,34,71,150,0
4,34,71,151,0
4,34,71,152,0
4,34,71,153,0
4,34,71,154,0
4,34,71,155,0
4,34,71,156,0
4,34,71,157,0
4,34,71,158,0
4,34,71,159,0
4,34,71,160,0
4,34,71,161,0
4,34,71,162,0
4,34,71,163,0
4,34,71,164,0
4,34,71,165,0
4,34,71,166,0
4,34,71,167,0
4,34,71,168,0
4,34,71,169,0
4,34,71,170,0
4,34,71,171,0
4,34,71,172,0
4,34,71,173,0
4,34,71,174,0
4,34,71,175,0
4,34,71,176,0
4,34,71,177,0
4,34,71,178,0
4,34,71,179,0
4,34,71,180,0
4,34,71,181,0
4,34,71,182,0
4,34,71,183,0
4,34,71,184,0
4,34,71,185,0
4,34,71,186,0
4,34,71,187,0
4,34,71,188,0
4,34,71,189,0
4,34,71,190,0
4,34,71,191,0
4,34,71,192,0
4,34,71,193,0
4,34,71,194,0
4,34,71,195,0
4,34,71,196,0
4,34,71,197,0
4,34,71,198,0
4,34,71,199,0
4,34,71,200,0
4,34,71,201,0
4,34,71,202,0
4,34,71,203,0
4,34,71,204,0
4,34,71,205,0
4,34,71,206,0
4,34,71,207,0
4,34,71,208,0
4,34,71,209,0
4,34,71,210,0
4,34,71,211,0
4,34,71,212,0
4,34,71,213,0
4,34,71,214,0
4,34,71,215,0
4,34,71,216,0
4,34,71,217,0
4,34,71,218,0
4,34,71,219,0
4,34,71,220,0
4,34,71,221,0
4,34,71,222,0
4,34,71,223,0
4,34,71,224,0
4,34,71,225,0
4,34,71,226,0
4,34,71,227,0
4,34,71,228,0
4,34,71,229,0
4,34,71,230,0
4,34,71,231,0
4,34,71,232,0
4,34,71,233,0
4,34,71,234,0
4,34,72,0,0
4,34,72,1,0
4,34,72,2,0
4,34,72,3,0
4,34,72,4,0
4,34,72,5,0
4,34,72,6,0
4,34,72,7,0
4,34,72,8,0
4,34,72,9,0
4,34,72,10,1122
4,34,72,11,37242
4,34,72,12,762676
4,34,72,13,13649386
4,34,72,14,208602592
4,34,72,15,2886673158
4,34,72,16,36617290388
4,34,72,17,431546170174
4,34,72,18,4766692694236
4,34,72,19,49646166460798
4,34,72,20,489904924251536
4,34,72,21,4596440132911226
4,34,72,22,41116747883180988
4,34,72,23,351423812282835944
4,34,72,24,2874636909867230832
4,34,72,25,22533706332621388472
4,34,72,26,169435136243860850046
4,34,72,27,1222942904171211156292
4,34,72,28,8477254002307262196366
4,34,72,29,56452300917516990777248
4,34,72,30,361196268177604420900534
4,34,72,31,2220405203487512457996106
4,34,72,32,13112385354800353217053720
4,34,72,33,74365408540376520618585528
4,34,72,34,404883494266426758239891387
4,34,72,35,2115162773744381566368512048
4,34,72,36,10596325719651426147766760076
4,34,72,37,50870919966007653324263276940
4,34,72,38,233860497649852563652121328666
4,34,72,39,1028622152432858953025731502876
4,34,72,40,4324912032434983241953212802707
4,34,72,41,17366295605760581005553256281420
4,34,72,42,66528963615718811826398503692896
4,34,72,43,242904729005592422065874438833532
4,34,72,44,844340489004120974592933137100194
4,34,72,45,2791139137700282843694335983408806
4,34,72,46,8764937477781099086708981310507283
4,34,72,47,26118067822698965738918595923642296
4,34,72,48,73770852391765053598350177756685077
4,34,72,49,197295568175641419478932511662628524
4,34,72,50,499105252835660395117006714493154576
4,34,72,51,1193122312748362008185177649221484844
4,34,72,52,2692774001265925735533253011398836454
4,34,72,53,5732916291814768849274324654102786876
4,34,72,54,11505124043859441761602405911972151126
4,34,72,55,21750666232096707852302579621245758574
4,34,72,56,38716514284496903033077839448208273566
4,34,72,57,64862646706904091479273235132486285836
4,34,72,58,102248847308576405297200392726491658773
4,34,72,59,151648403723546715422410503459357483672
4,34,72,60,211613205561623773242300334058724571179
4,34,72,61,277869330709294664925913265747278736634
4,34,72,62,343441567154339803896058626496005950049
4,34,72,63,399714567369661733979391324738446201924
4,34,72,64,438273530985873951679395003045049251784
4,34,72,65,452988960305471972611616283613558626744
4,34,72,66,441625514350320269952732777378872475004
4,34,72,67,406389302882173088274960603579867268430
4,34,72,68,353233727896820069820468625769038333065
4,34,72,69,290221612520345858222452511610669004440
4,34,72,70,225558993627256488203581729079641883301
4,34,72,71,165944164782405824367435257935274071778
4,34,72,72,115646504104252736574052588099893830504
4,34,72,73,76392993933999681708442867086127456256
4,34,72,74,47861708397910860856202460416298870102
4,34,72,75,28456306105879067907453320943405760866
4,34,72,76,16063629091255695250905351936436368722
4,34,72,77,8613483973647960707101411131800495410
4,34,72,78,4388892182691804154832291241427317770
4,34,72,79,2125780639325994863558848764980567858
4,34,72,80,979022081166237042310741765748250872
4,34,72,81,428822658305723903578366608029816324
4,34,72,82,178671083500788756226610435781888734
4,34,72,83,70824569310343248135450641520205312
4,34,72,84,26712410455376797028172084858046201
4,34,72,85,9586849151638801471687025279944834
4,34,72,86,3274148034267410949626029584574367
4,34,72,87,1064148547055661070748470954157582
4,34,72,88,329162440604307073911504502702949
4,34,72,89,96905922437199660489580774131180
4,34,72,90,27155667947853737793221846761350
4,34,72,91,7244248988930237278771753532932
4,34,72,92,1840007727197996603629369032067
4,34,72,93,445072328222524037897192077078
4,34,72,94,102550795604837033178896352529
4,34,72,95,22515341881096163627886831406
4,34,72,96,4711950859886972998917823087
4,34,72,97,940309420255356120182880062
4,34,72,98,179003355132539125785864472
4,34,72,99,32519547357403780727487666
4,34,72,100,5640080155952788191624107
4,34,72,101,934181821006860364114284
4,34,72,102,147810514815379023245809
4,34,72,103,22345752813949690224430
4,34,72,104,3228081980144216679954
4,34,72,105,445599247362788327862
4,34,72,106,58765211432581859715
4,34,72,107,7401504296783644448
4,34,72,108,889810379730068420
4,34,72,109,102021402058458438
4,34,72,110,11142867349630739
4,34,72,111,1157536893549020
4,34,72,112,114122063623685
4,34,72,113,10647262847382
4,34,72,114,935836024996
4,34,72,115,76946973698
4,34,72,116,5855060521
4,34,72,117,404572836
4,34,72,118,24795883
4,34,72,119,1279868
4,34,72,120,53659
4,34,72,121,1520
4,34,72,122,17
4,34,72,123,0
4,34,72,124,0
4,34,72,125,0
4,34,72,126,0
4,34,72,127,0
4,34,72,128,0
4,34,72,129,0
4,34,72,130,0
4,34,72,131,0
4,34,72,132,0
4,34,72,133,0
4,34,72,134,0
4,34,72,135,0
4,34,72,136,0
4,34,72,137,0
4,34,72,138,0
4,34,72,139,0
4,34,72,140,0
4,34,72,141,0
4,34,72,142,0
4,34,72,143,0
4,34,72,144,0
4,34,72,145,0
4,34,72,146,0
4,34,72,147,0
4,34,72,148,0
4,34,72,149,0
4,34,72,150,0
4,34,72,151,0
4,34,72,152,0
4,34,72,153,0
4,34,72,154,0
4,34,72,155,0
4,34,72,156,0
4,34,72,157,0
4,34,72,158,0
4,34,72,159,0
4,34,72,160,0
4,34,72,161,0
4,34,72,162,0
4,34,72,163,0
4,34,72,164,0
4,34,72,165,0
4,34,72,166,0
4,34,72,167,0
4,34,72,168,0
4,34,72,169,0
4,34,72,170,0
4,34,72,171,0
4,34,72,172,0
4,34,72,173,0
4,34,72,174,0
4,34,72,175,0
4,34,72,176,0
4,34,72,177,0
4,34,72,178,0
4,34,72,179,0
4,34,72,180,0
4,34,72,181,0
4,34,72,182,0
4,34,72,183,0
4,34,72,184,0
4,34,72,185,0
4,34,72,186,0
4,34,72,187,0
4,34,72,188,0
4,34,72,189,0
4,34,72,190,0
4,34,72,191,0
4,34,72,192,0
4,34,72,193,0
4,34,72,194,0
4,34,72,195,0
4,34,72,196,0
4,34,72,197,0
4,34,72,198,0
4,34,72,199,0
4,34,72,200,0
4,34,72,201,0
4,34,72,202,0
4,34,72,203,0
4,34,72,204,0
4,34,72,205,0
4,34,72,206,0
4,34,72,207,0
4,34,72,208,0
4,34,72,209,0
4,34,72,210,0
4,34,72,211,0
4,34,72,212,0
4,34,72,213,0
4,34,72,214,0
4,34,72,215,0
4,34,72,216,0
4,34,72,217,0
4,34,72,218,0
4,34,72,219,0
4,34,72,220,0
4,34,72,221,0
4,34,72,222,0
4,34,72,223,0
4,34,72,224,0
4,34,72,225,0
4,34,72,226,0
4,34,72,227,0
4,34,72,228,0
4,34,72,229,0
4,34,72,230,0
4,34,72,231,0
4,34,72,232,0
4,34,72,233,0
4,34,72,234,0
4,34,73,0,0
4,34,73,1,0
4,34,73,2,0
4,34,73,3,0
4,34,73,4,0
4,34,73,5,0
4,34,73,6,0
4,34,73,7,0
4,34,73,8,0
4,34,73,9,0
4,34,73,10,0
4,34,73,11,0
4,34,73,12,0
4,34,73,13,11968
4,34,73,14,378332
4,34,73,15,8114088
4,34,73,16,143252300
4,34,73,17,2177658244
4,34,73,18,29717801536
4,34,73,19,370577939244
4,34,73,20,4282045705540
4,34,73,21,46263324544012
4,34,73,22,470475212540852
4,34,73,23,4525804506756192
4,34,73,24,41337318923730808
4,34,73,25,359526335698279848
4,34,73,26,2984214420732208068
4,34,73,27,23680444791728539700
4,34,73,28,179880428454387899836
4,34,73,29,1309311129315802943764
4,34,73,30,9138564789423860333292
4,34,73,31,61192654783619088127912
4,34,73,32,393214179386250377076664
4,34,73,33,2425008332649587486519172
4,34,73,34,14352544034860257996975468
4,34,73,35,81506511645050753769776492
4,34,73,36,443980923154184813840444356
4,34,73,37,2318757965043705007221046364
4,34,73,38,11604605129704955478925591364
4,34,73,39,55617602471700058023159822964
4,34,73,40,255085953971976165206374534740
4,34,73,41,1118677336719358805158343126196
4,34,73,42,4686933734997410701203567528560
4,34,73,43,18742782686523275109848490087952
4,34,73,44,71468414134179958361486506208712
4,34,73,45,259588016807198630262427297387384
4,34,73,46,897196400646300803002918648050736
4,34,73,47,2947512352035410109047229812867284
4,34,73,48,9194273933504785642424136321656868
4,34,73,49,27202075682412626353573355069675832
4,34,73,50,76250818673700995244926296462177264
4,34,73,51,202297942522218679099243510712958020
4,34,73,52,507466061967585458147011498173354840
4,34,73,53,1202482630757774049322707758186818908
4,34,73,54,2689208290168834066076953088300820388
4,34,73,55,5671494964703022285996792566554707176
4,34,73,56,11271817433394840416927120442717952684
4,34,73,57,21098770686510948398557790656145576004
4,34,73,58,37177761804372148455915050459766020060
4,34,73,59,61648798732560035260151096947925334808
4,34,73,60,96181711670563995466202984319954089048
4,34,73,61,141175018354442549006710719435151441108
4,34,73,62,194962303015546687912492959419975445976
4,34,73,63,253371305356570454740187537956717980656
4,34,73,64,309968292338751424866065149722683229212
4,34,73,65,357121757605804526024994507439310684808
4,34,73,66,387686956997037268031964655795927673932
4,34,73,67,396800067340852606646257705729158820684
4,34,73,68,383153908083892550332788199838114535640
4,34,73,69,349292141229402241582840547799000292604
4,34,73,70,300837346561881634321130474916095496548
4,34,73,71,244973304388425731714996218538806393908
4,34,73,72,188739861878968131768763858234914087168
4,34,73,73,137680289619513316096761711704932008372
4,34,73,74,95155863350869220038746882929862139200
4,34,73,75,62349148368899771413467210453539484808
4,34,73,76,38753629396972597585354061141918554564
4,34,73,77,22862025708425440139050166462062077444
4,34,73,78,12807000384385595314590534170909072552
4,34,73,79,6815470614251831749129657246366745604
4,34,73,80,3446834320073214159552835457655103804
4,34,73,81,1657131054597588768779541129881981036
4,34,73,82,757560070826849999623621805951493556
4,34,73,83,329374825165551680145052575221991392
4,34,73,84,136221442593216723297171662180501852
4,34,73,85,53596032671940386596746682957218932
4,34,73,86,20062585935762404120332774624594308
4,34,73,87,7145480421826356333140048379650896
4,34,73,88,2421483705895560548280613517720576
4,34,73,89,780817023657285762686200431551848
4,34,73,90,239578666738090612586550168580596
4,34,73,91,69951701361613235963479867487628
4,34,73,92,19437095257066473374262836534084
4,34,73,93,5140379646654013985113831150032
4,34,73,94,1294069180453551496662187548180
4,34,73,95,310176166442414548034426362408
4,34,73,96,70804605195708779246695354312
4,34,73,97,15397584292021834389996057532
4,34,73,98,3191073334057485069675649268
4,34,73,99,630497569598314696371192388
4,34,73,100,118814472419714604496923044
4,34,73,101,21363432717915140316997720
4,34,73,102,3666535507209627717064588
4,34,73,103,600859815178277371709748
4,34,73,104,94046936951595986460368
4,34,73,105,14062268085466594832080
4,34,73,106,2008832577778717631136
4,34,73,107,274151887083634959224
4,34,73,108,35736399793202641420
4,34,73,109,4447674003738791372
4,34,73,110,528187506112693844
4,34,73,111,59797761426592336
4,34,73,112,6445807226723020
4,34,73,113,660433634994184
4,34,73,114,64170184647780
4,34,73,115,5893255005696
4,34,73,116,509006273144
4,34,73,117,41018950116
4,34,73,118,3046130564
4,34,73,119,203883632
4,34,73,120,12050860
4,34,73,121,588004
4,34,73,122,22220
4,34,73,123,640
4,34,73,124,0
4,34,73,125,0
4,34,73,126,0
4,34,73,127,0
4,34,73,128,0
4,34,73,129,0
4,34,73,130,0
4,34,73,131,0
4,34,73,132,0
4,34,73,133,0
4,34,73,134,0
4,34,73,135,0
4,34,73,136,0
4,34,73,137,0
4,34,73,138,0
4,34,73,139,0
4,34,73,140,0
4,34,73,141,0
4,34,73,142,0
4,34,73,143,0
4,34,73,144,0
4,34,73,145,0
4,34,73,146,0
4,34,73,147,0
4,34,73,148,0
4,34,73,149,0
4,34,73,150,0
4,34,73,151,0
4,34,73,152,0
4,34,73,153,0
4,34,73,154,0
4,34,73,155,0
4,34,73,156,0
4,34,73,157,0
4,34,73,158,0
4,34,73,159,0
4,34,73,160,0
4,34,73,161,0
4,34,73,162,0
4,34,73,163,0
4,34,73,164,0
4,34,73,165,0
4,34,73,166,0
4,34,73,167,0
4,34,73,168,0
4,34,73,169,0
4,34,73,170,0
4,34,73,171,0
4,34,73,172,0
4,34,73,173,0
4,34,73,174,0
4,34,73,175,0
4,34,73,176,0
4,34,73,177,0
4,34,73,178,0
4,34,73,179,0
4,34,73,180,0
4,34,73,181,0
4,34,73,182,0
4,34,73,183,0
4,34,73,184,0
4,34,73,185,0
4,34,73,186,0
4,34,73,187,0
4,34,73,188,0
4,34,73,189,0
4,34,73,190,0
4,34,73,191,0
4,34,73,192,0
4,34,73,193,0
4,34,73,194,0
4,34,73,195,0
4,34,73,196,0
4,34,73,197,0
4,34,73,198,0
4,34,73,199,0
4,34,73,200,0
4,34,73,201,0
4,34,73,202,0
4,34,73,203,0
4,34,73,204,0
4,34,73,205,0
4,34,73,206,0
4,34,73,207,0
4,34,73,208,0
4,34,73,209,0
4,34,73,210,0
4,34,73,211,0
4,34,73,212,0
4,34,73,213,0
4,34,73,214,0
4,34,73,215,0
4,34,73,216,0
4,34,73,217,0
4,34,73,218,0
4,34,73,219,0
4,34,73,220,0
4,34,73,221,0
4,34,73,222,0
4,34,73,223,0
4,34,73,224,0
4,34,73,225,0
4,34,73,226,0
4,34,73,227,0
4,34,73,228,0
4,34,73,229,0
4,34,73,230,0
4,34,73,231,0
4,34,73,232,0
4,34,73,233,0
4,34,73,234,0
4,34,74,0,0
4,34,74,1,0
4,34,74,2,0
4,34,74,3,0
4,34,74,4,0
4,34,74,5,0
4,34,74,6,0
4,34,74,7,0
4,34,74,8,0
4,34,74,9,0
4,34,74,10,0
4,34,74,11,0
4,34,74,12,0
4,34,74,13,0
4,34,74,14,0
4,34,74,15,0
4,34,74,16,92752
4,34,74,17,3022624
4,34,74,18,67143918
4,34,74,19,1192481964
4,34,74,20,18176175830
4,34,74,21,246792725716
4,34,74,22,3049586844490
4,34,74,23,34791738503420
4,34,74,24,370073577359526
4,34,74,25,3696336131678752
4,34,74,26,34850811921858602
4,34,74,27,311420667618759632
4,34,74,28,2645476371774991380
4,34,74,29,21414442451770479192
4,34,74,30,165479559352322829278
4,34,74,31,1222410567896890900070
4,34,74,32,8641170976989953073038
4,34,74,33,58496708348364928892418
4,34,74,34,379408098707496062636510
4,34,74,35,2358405722755606016303444
4,34,74,36,14050984853555536221049690
4,34,74,37,80230493436890788264712474
4,34,74,38,438956049877141340468424226
4,34,74,39,2300375597208354460785891958
4,34,74,40,11541662976683147776143528854
4,34,74,41,55408881973052679899244077296
4,34,74,42,254354597613118279693564477222
4,34,74,43,1115628990515066570410611018850
4,34,74,44,4671519309526034368470766648052
4,34,74,45,18657979716299029300701018888510
4,34,74,46,71010961839021572524440687458896
4,34,74,47,257280861347255077452651549144650
4,34,74,48,886468606302627318773700384827022
4,34,74,49,2901588868619635416048748408093354
4,34,74,50,9012874424193685166036051155233636
4,34,74,51,26539012528689800716140773273006356
4,34,74,52,74002373023938458024637018274392938
4,34,74,53,195210733564740393175973729122646782
4,34,74,54,486670476491041651314795948902054966
4,34,74,55,1145619433431137656885336892993694000
4,34,74,56,2544202697643339871911180885209512202
4,34,74,57,5326455781875658996319950510614010018
4,34,74,58,10505409201555387191831496033594375362
4,34,74,59,19509103120718210369764348057364154486
4,34,74,60,34097811350591056162122815512777402902
4,34,74,61,56072869874215216317169437253960902320
4,34,74,62,86745605892474876954361697362518646390
4,34,74,63,126241331413306905298426471997410180936
4,34,74,64,172848016572981529789816792704081846242
4,34,74,65,222710582226040401772006108717612306094
4,34,74,66,270138691568446475144416466512175917664
4,34,74,67,308605209185998328307760925604347080614
4,34,74,68,332222918889644451273046958216566303844
4,34,74,69,337237588285574968314792310497681938398
4,34,74,70,323009740191789686888566803589746151224
4,34,74,71,292130604019514458342668021915804859736
4,34,74,72,249653003187735647622415028480977255324
4,34,74,73,201749526866529082173458224570347707556
4,34,74,74,154282641855658565697883968244225641888
4,34,74,75,111725707439608573818600624804095691336
4,34,74,76,76667059673567861486231671776834655960
4,34,74,77,49883181336107986034703099660506274850
4,34,74,78,30792017475536404870768539976652312054
4,34,74,79,18042087291589818296702116943395004454
4,34,74,80,10039256415450400408389124644813408776
4,34,74,81,5307117282172057816630014339047059936
4,34,74,82,2666299721130803609971308551978375456
4,34,74,83,1273438692463285272170155425349573290
4,34,74,84,578318800559754268049079777606904536
4,34,74,85,249778667644118060171287405129870684
4,34,74,86,102612395867225747117512747326249922
4,34,74,87,40099602701533726262197818147244790
4,34,74,88,14907337357114599767199724433426892
4,34,74,89,5272204190334350521387334097786422
4,34,74,90,1773868524386472126708542346131488
4,34,74,91,567792843294268135619657199666940
4,34,74,92,172902908260476694979680276964890
4,34,74,93,50092293782820647622649457537500
4,34,74,94,13807692237780729925748466972876
4,34,74,95,3621562424299431355548517647414
4,34,74,96,903983439972123730183601184942
4,34,74,97,214784994303572509638566683944
4,34,74,98,48589336537036452288704113490
4,34,74,99,10469120510650709776109095718
4,34,74,100,2149170168602489242297419680
4,34,74,101,420529963509086377792293362
4,34,74,102,78464003676580342248769310
4,34,74,103,13966009254866181696237402
4,34,74,104,2372320319512550119070352
4,34,74,105,384702040841706763264572
4,34,74,106,59572703708329021889058
4,34,74,107,8810974269859395081850
4,34,74,108,1244763923913294791182
4,34,74,109,167961118213746903550
4,34,74,110,21641572829434941346
4,34,74,111,2661579691062597156
4,34,74,112,312224119898466286
4,34,74,113,34901565616776882
4,34,74,114,3712673857114354
4,34,74,115,375139969123586
4,34,74,116,35913312922120
4,34,74,117,3245492079834
4,34,74,118,275316682690
4,34,74,119,21712501454
4,34,74,120,1572633380
4,34,74,121,101874544
4,34,74,122,5728116
4,34,74,123,270814
4,34,74,124,8848
4,34,74,125,224
4,34,74,126,0
4,34,74,127,0
4,34,74,128,0
4,34,74,129,0
4,34,74,130,0
4,34,74,131,0
4,34,74,132,0
4,34,74,133,0
4,34,74,134,0
4,34,74,135,0
4,34,74,136,0
4,34,74,137,0
4,34,74,138,0
4,34,74,139,0
4,34,74,140,0
4,34,74,141,0
4,34,74,142,0
4,34,74,143,0
4,34,74,144,0
4,34,74,145,0
4,34,74,146,0
4,34,74,147,0
4,34,74,148,0
4,34,74,149,0
4,34,74,150,0
4,34,74,151,0
4,34,74,152,0
4,34,74,153,0
4,34,74,154,0
4,34,74,155,0
4,34,74,156,0
4,34,74,157,0
4,34,74,158,0
4,34,74,159,0
4,34,74,160,0
4,34,74,161,0
4,34,74,162,0
4,34,74,163,0
4,34,74,164,0
4,34,74,165,0
4,34,74,166,0
4,34,74,167,0
4,34,74,168,0
4,34,74,169,0
4,34,74,170,0
4,34,74,171,0
4,34,74,172,0
4,34,74,173,0
4,34,74,174,0
4,34,74,175,0
4,34,74,176,0
4,34,74,177,0
4,34,74,178,0
4,34,74,179,0
4,34,74,180,0
4,34,74,181,0
4,34,74,182,0
4,34,74,183,0
4,34,74,184,0
4,34,74,185,0
4,34,74,186,0
4,34,74,187,0
4,34,74,188,0
4,34,74,189,0
4,34,74,190,0
4,34,74,191,0
4,34,74,192,0
4,34,74,193,0
4,34,74,194,0
4,34,74,195,0
4,34,74,196,0
4,34,74,197,0
4,34,74,198,0
4,34,74,199,0
4,34,74,200,0
4,34,74,201,0
4,34,74,202,0
4,34,74,203,0
4,34,74,204,0
4,34,74,205,0
4,34,74,206,0
4,34,74,207,0
4,34,74,208,0
4,34,74,209,0
4,34,74,210,0
4,34,74,211,0
4,34,74,212,0
4,34,74,213,0
4,34,74,214,0
4,34,74,215,0
4,34,74,216,0
4,34,74,217,0
4,34,74,218,0
4,34,74,219,0
4,34,74,220,0
4,34,74,221,0
4,34,74,222,0
4,34,74,223,0
4,34,74,224,0
4,34,74,225,0
4,34,74,226,0
4,34,74,227,0
4,34,74,228,0
4,34,74,229,0
4,34,74,230,0
4,34,74,231,0
4,34,74,232,0
4,34,74,233,0
4,34,74,234,0
4,34,75,0,0
4,34,75,1,0
4,34,75,2,0
4,34,75,3,0
4,34,75,4,0
4,34,75,5,0
4,34,75,6,0
4,34,75,7,0
4,34,75,8,0
4,34,75,9,0
4,34,75,10,0
4,34,75,11,0
4,34,75,12,0
4,34,75,13,0
4,34,75,14,0
4,34,75,15,0
4,34,75,16,0
4,34,75,17,0
4,34,75,18,0
4,34,75,19,556512
4,34,75,20,19457088
4,34,75,21,447956664
4,34,75,22,8101069440
4,34,75,23,124610444952
4,34,75,24,1695105652580
4,34,75,25,20879650975168
4,34,75,26,236474385195360
4,34,75,27,2488735924062744
4,34,75,28,24525584317530284
4,34,75,29,227592843783876836
4,34,75,30,1997332461413071160
4,34,75,31,16630759581404341796
4,34,75,32,131714496383665614256
4,34,75,33,994147671265963579968
4,34,75,34,7161413997546809720296
4,34,75,35,49288816726508890435724
4,34,75,36,324366023018095431757404
4,34,75,37,2042118230407104615311356
4,34,75,38,12302916455651405514991304
4,34,75,39,70934053303824160474162156
4,34,75,40,391366756363922089996590660
4,34,75,41,2065818515119184618401422196
4,34,75,42,10428385666692358738924727536
4,34,75,43,50320355711875887042818338536
4,34,75,44,231958479097056832081235007768
4,34,75,45,1020736399623022844734020354380
4,34,75,46,4284640961952868289220812469460
4,34,75,47,17141243023107346936791365819612
4,34,75,48,65298122258689710907652704931932
4,34,75,49,236631194988218785951573901556904
4,34,75,50,814934596495670550158890557759608
4,34,75,51,2664458116490593970714637387317244
4,34,75,52,8261924542506957796610393174472328
4,34,75,53,24271191151203947819331457372314532
4,34,75,54,67483303354191081682059140045045016
4,34,75,55,177405643686809394695951781825408240
4,34,75,56,440548654408666491529299747718175844
4,34,75,57,1032501516124716577274027515150939628
4,34,75,58,2281943965542648140852657268670885884
4,34,75,59,4752501409013698262370333502958569508
4,34,75,60,9321215476457327105008177326501739852
4,34,75,61,17208210983561658685304408492451927928
4,34,75,62,29891378638038814113338921533334426084
4,34,75,63,48842166170720028867486575214274416040
4,34,75,64,75064330861946623960068307685532200064
4,34,75,65,108510661532906219391674910310981219908
4,34,75,66,147563653066451837903117330983507316728
4,34,75,67,188832642571721114177340053156092510840
4,34,75,68,227476966288758987662155132448624050220
4,34,75,69,258092753346192572656262504415636342068
4,34,75,70,275958521973463012018204102068581748332
4,34,75,71,278241312826592461157819527990087232004
4,34,75,72,264734274568243857194114810785703548184
4,34,75,73,237861150985099364299179506156561561616
4,34,75,74,201967504126047899450882755998539232680
4,34,75,75,162182190267467642468458876585057907796
4,34,75,76,123253952395704386644252516874063001584
4,34,75,77,88710530798838491690443845794801599144
4,34,75,78,60507714595014203489695807928388868436
4,34,75,79,39135671740281804214425554061311936700
4,34,75,80,24016210467545394664320861021886937228
4,34,75,81,13990234722638887825134013276065101572
4,34,75,82,7739773763947488659330743112837320024
4,34,75,83,4068012108033402141629693054462064636
4,34,75,84,2032023867742993115210201723937059428
4,34,75,85,964904251148538859825440696109800812
4,34,75,86,435652334012682121852792689417249868
4,34,75,87,187052986244390625388188455954422008
4,34,75,88,76384497752851592598746635159102936
4,34,75,89,29668148430062383180944599338641468
4,34,75,90,10960581593331505148065193416119780
4,34,75,91,3851558213728469934196639781836944
4,34,75,92,1287341254052757454779802908467572
4,34,75,93,409258522660661033361069443025304
4,34,75,94,123749738752931634768253047549856
4,34,75,95,35590811992459446363849765798364
4,34,75,96,9736379731754861623577687618140
4,34,75,97,2533737475547586515795804510884
4,34,75,98,627324832990154787758458610800
4,34,75,99,147801500197585089795208124136
4,34,75,100,33146429648799816907156185856
4,34,75,101,7077960050456842124012798600
4,34,75,102,1439649386017552556012362124
4,34,75,103,279037324157752888645852068
4,34,75,104,51559926691260842851800204
4,34,75,105,9086420087365176320255660
4,34,75,106,1527842613399479572651432
4,34,75,107,245201397745071956275164
4,34,75,108,37570523425638300514292
4,34,75,109,5497065919635384799140
4,34,75,110,768069978793219816480
4,34,75,111,102475371312651752056
4,34,75,112,13051870434329894528
4,34,75,113,1586183121307940228
4,34,75,114,183797965628770568
4,34,75,115,20285008855670376
4,34,75,116,2129216577717716
4,34,75,117,212131907245256
4,34,75,118,20004464363420
4,34,75,119,1777972612944
4,34,75,120,148030948776
4,34,75,121,11420047552
4,34,75,122,803537384
4,34,75,123,50456252
4,34,75,124,2694468
4,34,75,125,119252
4,34,75,126,3668
4,34,75,127,64
4,34,75,128,0
4,34,75,129,0
4,34,75,130,0
4,34,75,131,0
4,34,75,132,0
4,34,75,133,0
4,34,75,134,0
4,34,75,135,0
4,34,75,136,0
4,34,75,137,0
4,34,75,138,0
4,34,75,139,0
4,34,75,140,0
4,34,75,141,0
4,34,75,142,0
4,34,75,143,0
4,34,75,144,0
4,34,75,145,0
4,34,75,146,0
4,34,75,147,0
4,34,75,148,0
4,34,75,149,0
4,34,75,150,0
4,34,75,151,0
4,34,75,152,0
4,34,75,153,0
4,34,75,154,0
4,34,75,155,0
4,34,75,156,0
4,34,75,157,0
4,34,75,158,0
4,34,75,159,0
4,34,75,160,0
4,34,75,161,0
4,34,75,162,0
4,34,75,163,0
4,34,75,164,0
4,34,75,165,0
4,34,75,166,0
4,34,75,167,0
4,34,75,168,0
4,34,75,169,0
4,34,75,170,0
4,34,75,171,0
4,34,75,172,0
4,34,75,173,0
4,34,75,174,0
4,34,75,175,0
4,34,75,176,0
4,34,75,177,0
4,34,75,178,0
4,34,75,179,0
4,34,75,180,0
4,34,75,181,0
4,34,75,182,0
4,34,75,183,0
4,34,75,184,0
4,34,75,185,0
4,34,75,186,0
4,34,75,187,0
4,34,75,188,0
4,34,75,189,0
4,34,75,190,0
4,34,75,191,0
4,34,75,192,0
4,34,75,193,0
4,34,75,194,0
4,34,75,195,0
4,34,75,196,0
4,34,75,197,0
4,34,75,198,0
4,34,75,199,0
4,34,75,200,0
4,34,75,201,0
4,34,75,202,0
4,34,75,203,0
4,34,75,204,0
4,34,75,205,0
4,34,75,206,0
4,34,75,207,0
4,34,75,208,0
4,34,75,209,0
4,34,75,210,0
4,34,75,211,0
4,34,75,212,0
4,34,75,213,0
4,34,75,214,0
4,34,75,215,0
4,34,75,216,0
4,34,75,217,0
4,34,75,218,0
4,34,75,219,0
4,34,75,220,0
4,34,75,221,0
4,34,75,222,0
4,34,75,223,0
4,34,75,224,0
4,34,75,225,0
4,34,75,226,0
4,34,75,227,0
4,34,75,228,0
4,34,75,229,0
4,34,75,230,0
4,34,75,231,0
4,34,75,232,0
4,34,75,233,0
4,34,75,234,0
4,34,76,0,0
4,34,76,1,0
4,34,76,2,0
4,34,76,3,0
4,34,76,4,0
4,34,76,5,0
4,34,76,6,0
4,34,76,7,0
4,34,76,8,0
4,34,76,9,0
4,34,76,10,0
4,34,76,11,0
4,34,76,12,0
4,34,76,13,0
4,34,76,14,0
4,34,76,15,0
4,34,76,16,0
4,34,76,17,0
4,34,76,18,0
4,34,76,19,0
4,34,76,20,0
4,34,76,21,0
4,34,76,22,2689808
4,34,76,23,102870896
4,34,76,24,2470042106
4,34,76,25,45847133438
4,34,76,26,715802375044
4,34,76,27,9808758889676
4,34,76,28,121012879240882
4,34,76,29,1366518966970586
4,34,76,30,14286289209605006
4,34,76,31,139412191335989728
4,34,76,32,1277591578185110038
4,34,76,33,11045328313251620158
4,34,76,34,90401626757563849344
4,34,76,35,702340859602163746250
4,34,76,36,5190202012878021269048
4,34,76,37,36539269715929514784326
4,34,76,38,245343404402308042144179
4,34,76,39,1572471655927592075994736
4,34,76,40,9625393168491996109178374
4,34,76,41,56287339368975977152807296
4,34,76,42,314484376155581395880299542
4,34,76,43,1678589949137463239394303754
4,34,76,44,8557354142594816328600749907
4,34,76,45,41650011478101003392643404302
4,34,76,46,193441354147147183629893747747
4,34,76,47,856787201560540646831558601456
4,34,76,48,3616397006189605966099607237215
4,34,76,49,14534958285998062868544506676466
4,34,76,50,55579147260575553514183677566009
4,34,76,51,202009901675644476359898172060034
4,34,76,52,697237207651122316043047960683026
4,34,76,53,2283010592957610120163450299272622
4,34,76,54,7084691804409757738151148102151603
4,34,76,55,20815448513105286665232744419668616
4,34,76,56,57846177947807308154655881763800998
4,34,76,57,151905199005676669437796122302705942
4,34,76,58,376603180619136194807417100132100636
4,34,76,59,880722431235110521543069819046298590
4,34,76,60,1941337102699792733527141699326660579
4,34,76,61,4030621283556466996300998197602558334
4,34,76,62,7877705675722217367565892363430415558
4,34,76,63,14487130504411919943970038746518023274
4,34,76,64,25059527191282564848558413112162384220
4,34,76,65,40764500744394829276156421211550876810
4,34,76,66,62356298000091679036019450252813637319
4,34,76,67,89700878496081751508467913868575126308
4,34,76,68,121371718730439834476036663527783401614
4,34,76,69,154519143810965954546012531447474829784
4,34,76,70,185173435435007254656081446503860010293
4,34,76,71,208995002217752752502222097285475632206
4,34,76,72,222288745828284490164773879281665371006
4,34,76,73,222953075954791945362657809083039315478
4,34,76,74,211024359962562555440008271438242241189
4,34,76,75,188622961271566901936163922266880155980
4,34,76,76,159339304420496211061763253162136367795
4,34,76,77,127302973661537058872045981106887763554
4,34,76,78,96261793588834516476393692626763644614
4,34,76,79,68939533329289874809082628163780753734
4,34,76,80,46791137305038887571107712226584438306
4,34,76,81,30116259058427639241607481887401703832
4,34,76,82,18391569592911117160774553438693084394
4,34,76,83,10661791451514761926977712606129106268
4,34,76,84,5869787324906037407196851177752646293
4,34,76,85,3070123434433908689284707344110083756
4,34,76,86,1526034558591308407635253999134361745
4,34,76,87,721033613449368388006091726900917216
4,34,76,88,323900493147987110041023752753178184
4,34,76,89,138353885668833060474035835016577372
4,34,76,90,56199433002554474294718883303074847
4,34,76,91,21709592554503837268402724356334316
4,34,76,92,7975417461835601541313870572947373
4,34,76,93,2786304098594328545155313515868774
4,34,76,94,925681001025249471137914972886609
4,34,76,95,292438560668294074864388052970580
4,34,76,96,87848643197629047622514550246503
4,34,76,97,25093384124873664542537367804170
4,34,76,98,6815844236463631272827379027040
4,34,76,99,1760557214911761627378520981554
4,34,76,100,432524101280238919463894611974
4,34,76,101,101085411546979476394843618798
4,34,76,102,22480319256794284107118749776
4,34,76,103,4758804939610307791151617978
4,34,76,104,959276641853043831994315368
4,34,76,105,184215513790279001946535688
4,34,76,106,33716210974223340158025404
4,34,76,107,5884010756235285925805672
4,34,76,108,979511627507474792995474
4,34,76,109,155597665954778931271434
4,34,76,110,23592590876829647105121
4,34,76,111,3415105018578596941852
4,34,76,112,471964273172312894497
4,34,76,113,62264943331490460520
4,34,76,114,7839320872197301951
4,34,76,115,941425396123934010
4,34,76,116,107749984758174625
4,34,76,117,11740161448656626
4,34,76,118,1215824416835688
4,34,76,119,119412298116776
4,34,76,120,11088620271860
4,34,76,121,968939796716
4,34,76,122,79089378203
4,34,76,123,5961555822
4,34,76,124,407382222
4,34,76,125,24626706
4,34,76,126,1250835
4,34,76,127,51758
4,34,76,128,1425
4,34,76,129,16
4,34,76,130,0
4,34,76,131,0
4,34,76,132,0
4,34,76,133,0
4,34,76,134,0
4,34,76,135,0
4,34,76,136,0
4,34,76,137,0
4,34,76,138,0
4,34,76,139,0
4,34,76,140,0
4,34,76,141,0
4,34,76,142,0
4,34,76,143,0
4,34,76,144,0
4,34,76,145,0
4,34,76,146,0
4,34,76,147,0
4,34,76,148,0
4,34,76,149,0
4,34,76,150,0
4,34,76,151,0
4,34,76,152,0
4,34,76,153,0
4,34,76,154,0
4,34,76,155,0
4,34,76,156,0
4,34,76,157,0
4,34,76,158,0
4,34,76,159,0
4,34,76,160,0
4,34,76,161,0
4,34,76,162,0
4,34,76,163,0
4,34,76,164,0
4,34,76,165,0
4,34,76,166,0
4,34,76,167,0
4,34,76,168,0
4,34,76,169,0
4,34,76,170,0
4,34,76,171,0
4,34,76,172,0
4,34,76,173,0
4,34,76,174,0
4,34,76,175,0
4,34,76,176,0
4,34,76,177,0
4,34,76,178,0
4,34,76,179,0
4,34,76,180,0
4,34,76,181,0
4,34,76,182,0
4,34,76,183,0
4,34,76,184,0
4,34,76,185,0
4,34,76,186,0
4,34,76,187,0
4,34,76,188,0
4,34,76,189,0
4,34,76,190,0
4,34,76,191,0
4,34,76,192,0
4,34,76,193,0
4,34,76,194,0
4,34,76,195,0
4,34,76,196,0
4,34,76,197,0
4,34,76,198,0
4,34,76,199,0
4,34,76,200,0
4,34,76,201,0
4,34,76,202,0
4,34,76,203,0
4,34,76,204,0
4,34,76,205,0
4,34,76,206,0
4,34,76,207,0
4,34,76,208,0
4,34,76,209,0
4,34,76,210,0
4,34,76,211,0
4,34,76,212,0
4,34,76,213,0
4,34,76,214,0
4,34,76,215,0
4,34,76,216,0
4,34,76,217,0
4,34,76,218,0
4,34,76,219,0
4,34,76,220,0
4,34,76,221,0
4,34,76,222,0
4,34,76,223,0
4,34,76,224,0
4,34,76,225,0
4,34,76,226,0
4,34,76,227,0
4,34,76,228,0
4,34,76,229,0
4,34,76,230,0
4,34,76,231,0
4,34,76,232,0
4,34,76,233,0
4,34,76,234,0
4,34,77,0,0
4,34,77,1,0
4,34,77,2,0
4,34,77,3,0
4,34,77,4,0
4,34,77,5,0
4,34,77,6,0
4,34,77,7,0
4,34,77,8,0
4,34,77,9,0
4,34,77,10,0
4,34,77,11,0
4,34,77,12,0
4,34,77,13,0
4,34,77,14,0
4,34,77,15,0
4,34,77,16,0
4,34,77,17,0
4,34,77,18,0
4,34,77,19,0
4,34,77,20,0
4,34,77,21,0
4,34,77,22,0
4,34,77,23,0
4,34,77,24,0
4,34,77,25,10759232
4,34,77,26,454002192
4,34,77,27,11457030532
4,34,77,28,219570431528
4,34,77,29,3497468017768
4,34,77,30,48497047875244
4,34,77,31,601689870392952
4,34,77,32,6799265031667456
4,34,77,33,70845507479080352
4,34,77,34,686670076135687372
4,34,77,35,6231525794869034624
4,34,77,36,53208247253161304720
4,34,77,37,429065912063056796976
4,34,77,38,3276971448556758642072
4,34,77,39,23756118385742583507164
4,34,77,40,163738839223285964330296
4,34,77,41,1074319553936326587549172
4,34,77,42,6715814882641344116978564
4,34,77,43,40021746791738920044232228
4,34,77,44,227438585700566378745349436
4,34,77,45,1232671062363464262271227500
4,34,77,46,6370997089870249321627949532
4,34,77,47,31393196907614916518963081232
4,34,77,48,147421243827016781267018420440
4,34,77,49,659409516245807075038988920620
4,34,77,50,2807684687117529979583984979288
4,34,77,51,11371738748990759487011092280832
4,34,77,52,43776893268958231410427178825968
4,34,77,53,160040441027383784958387067988068
4,34,77,54,555121391344165360066264910936568
4,34,77,55,1825206989135936906132343889828292
4,34,77,56,5683122207341935132432578609238736
4,34,77,57,16741568943569473955135433804745508
4,34,77,58,46615319758904428506638097434685344
4,34,77,59,122570485835761049502493106477795288
4,34,77,60,304080455105554526496949779429774932
4,34,77,61,711186207777761423759489770147312312
4,34,77,62,1566932666777433076613318421859316260
4,34,77,63,3250193443993357287468861556710390224
4,34,77,64,6343448389596173081370832007308188652
4,34,77,65,11644355485181148076773313491709006720
4,34,77,66,20097919385942655237069968661638690112
4,34,77,67,32610851440733560254060801809463053720
4,34,77,68,49743642880829921052522373471506673512
4,34,77,69,71338687471548289132489748930685255376
4,34,77,70,96211874759689478730533970236710178792
4,34,77,71,122068738990420444362999825683544067276
4,34,77,72,145765696038487489874842108804430375520
4,34,77,73,163917060056173259947774901799651386760
4,34,77,74,173694590581392203869487427472990141424
4,34,77,75,173556831415407565021009968048336663016
4,34,77,76,163646636813794205261920366103072843220
4,34,77,77,145716306771131842906281917338211689780
4,34,77,78,122623205089148014396076588926450740900
4,34,77,79,97594187505921613200889485114028305268
4,34,77,80,73514903591365752291234704518010609396
4,34,77,81,52447601054120628169204059906565312916
4,34,77,82,35461301673649561249304609755205338124
4,34,77,83,22736351658355296880822153727290759528
4,34,77,84,13831142249774009157557024403950226316
4,34,77,85,7986835406392894853930797651808977812
4,34,77,86,4379778481031914121769199327146439144
4,34,77,87,2281624290035180849483798511105743600
4,34,77,88,1129476278038204271351127405188976040
4,34,77,89,531435588591798168064403923341690916
4,34,77,90,237705062438647326525097221024015676
4,34,77,91,101085777290206766560963072406228344
4,34,77,92,40872674516281946671623393701084092
4,34,77,93,15713603326204179663609166673971296
4,34,77,94,5743952470436278069196163725929784
4,34,77,95,1996269581336583029428356859174508
4,34,77,96,659591451080560891639416075488500
4,34,77,97,207181595284206411541562429929956
4,34,77,98,61862173599937794234828391655944
4,34,77,99,17558424698007244514959331956988
4,34,77,100,4737379064477036575161967153652
4,34,77,101,1215099771586411672560883269044
4,34,77,102,296322010314181282040267773892
4,34,77,103,68719826843912686242991416744
4,34,77,104,15159547409418665471337107264
4,34,77,105,3182191048571544843747998016
4,34,77,106,635882776410844387296438908
4,34,77,107,121012820498368495579542708
4,34,77,108,21942706296761218360267452
4,34,77,109,3792729889505541064892436
4,34,77,110,625174192192172210043704
4,34,77,111,98309760278826664787168
4,34,77,112,14752343385258573617584
4,34,77,113,2112848934329143050104
4,34,77,114,288824192827270913724
4,34,77,115,37678949715169217928
4,34,77,116,4689424366869236564
4,34,77,117,556475264569188304
4,34,77,118,62907070908593944
4,34,77,119,6766122294894796
4,34,77,120,691228792769560
4,34,77,121,66911708339152
4,34,77,122,6116118065316
4,34,77,123,525074339276
4,34,77,124,41991984504
4,34,77,125,3088107272
4,34,77,126,204259664
4,34,77,127,11911228
4,34,77,128,571244
4,34,77,129,21296
4,34,77,130,600
4,34,77,131,0
4,34,77,132,0
4,34,77,133,0
4,34,77,134,0
4,34,77,135,0
4,34,77,136,0
4,34,77,137,0
4,34,77,138,0
4,34,77,139,0
4,34,77,140,0
4,34,77,141,0
4,34,77,142,0
4,34,77,143,0
4,34,77,144,0
4,34,77,145,0
4,34,77,146,0
4,34,77,147,0
4,34,77,148,0
4,34,77,149,0
4,34,77,150,0
4,34,77,151,0
4,34,77,152,0
4,34,77,153,0
4,34,77,154,0
4,34,77,155,0
4,34,77,156,0
4,34,77,157,0
4,34,77,158,0
4,34,77,159,0
4,34,77,160,0
4,34,77,161,0
4,34,77,162,0
4,34,77,163,0
4,34,77,164,0
4,34,77,165,0
4,34,77,166,0
4,34,77,167,0
4,34,77,168,0
4,34,77,169,0
4,34,77,170,0
4,34,77,171,0
4,34,77,172,0
4,34,77,173,0
4,34,77,174,0
4,34,77,175,0
4,34,77,176,0
4,34,77,177,0
4,34,77,178,0
4,34,77,179,0
4,34,77,180,0
4,34,77,181,0
4,34,77,182,0
4,34,77,183,0
4,34,77,184,0
4,34,77,185,0
4,34,77,186,0
4,34,77,187,0
4,34,77,188,0
4,34,77,189,0
4,34,77,190,0
4,34,77,191,0
4,34,77,192,0
4,34,77,193,0
4,34,77,194,0
4,34,77,195,0
4,34,77,196,0
4,34,77,197,0
4,34,77,198,0
4,34,77,199,0
4,34,77,200,0
4,34,77,201,0
4,34,77,202,0
4,34,77,203,0
4,34,77,204,0
4,34,77,205,0
4,34,77,206,0
4,34,77,207,0
4,34,77,208,0
4,34,77,209,0
4,34,77,210,0
4,34,77,211,0
4,34,77,212,0
4,34,77,213,0
4,34,77,214,0
4,34,77,215,0
4,34,77,216,0
4,34,77,217,0
4,34,77,218,0
4,34,77,219,0
4,34,77,220,0
4,34,77,221,0
4,34,77,222,0
4,34,77,223,0
4,34,77,224,0
4,34,77,225,0
4,34,77,226,0
4,34,77,227,0
4,34,77,228,0
4,34,77,229,0
4,34,77,230,0
4,34,77,231,0
4,34,77,232,0
4,34,77,233,0
4,34,77,234,0
4,34,78,0,0
4,34,78,1,0
4,34,78,2,0
4,34,78,3,0
4,34,78,4,0
4,34,78,5,0
4,34,78,6,0
4,34,78,7,0
4,34,78,8,0
4,34,78,9,0
4,34,78,10,0
4,34,78,11,0
4,34,78,12,0
4,34,78,13,0
4,34,78,14,0
4,34,78,15,0
4,34,78,16,0
4,34,78,17,0
4,34,78,18,0
4,34,78,19,0
4,34,78,20,0
4,34,78,21,0
4,34,78,22,0
4,34,78,23,0
4,34,78,24,0
4,34,78,25,0
4,34,78,26,0
4,34,78,27,0
4,34,78,28,36312408
4,34,78,29,1695557152
4,34,78,30,45291849096
4,34,78,31,900824123674
4,34,78,32,14706026481880
4,34,78,33,207161705968210
4,34,78,34,2593770209347600
4,34,78,35,29423485954410214
4,34,78,36,306428192857748302
4,34,78,37,2957628536623511206
4,34,78,38,26642170872324735726
4,34,78,39,225157755375822577208
4,34,78,40,1792387902712577044214
4,34,78,41,13481375254860028512782
4,34,78,42,96030491527497275901454
4,34,78,43,648970413497439809647344
4,34,78,44,4166291942807568447939010
4,34,78,45,25432415825619360481415822
4,34,78,46,147708527066766116692077434
4,34,78,47,816496666301583187133387478
4,34,78,48,4296213069699904188269677780
4,34,78,49,21516221833082760562829280388
4,34,78,50,102538636476077437504442991630
4,34,78,51,464814081711631318564232791436
4,34,78,52,2003159401861719098939807252742
4,34,78,53,8202083035344413517156789884380
4,34,78,54,31885595304756382008422300578624
4,34,78,55,117593865669029195613264599268774
4,34,78,56,411082089572903190126223972315846
4,34,78,57,1360953132020650149107937224676554
4,34,78,58,4263198149161099502823612573316034
4,34,78,59,12624370286527727035386936388748662
4,34,78,60,35308085492502295503901589460416590
4,34,78,61,93185583926509232048896088268994004
4,34,78,62,231884683341451578353393704229131778
4,34,78,63,543636809318429232582634931072059904
4,34,78,64,1199932806160734065401910750500791992
4,34,78,65,2492034102796413303473723726657528666
4,34,78,66,4867251115706927702427677976670589070
4,34,78,67,8936784634796000406664152190060670694
4,34,78,68,15421870862518587527256782285599835902
4,34,78,69,25009188146144439100808325586935884822
4,34,78,70,38113291456762233954977599617287542438
4,34,78,71,54592555314749420402451195830282431260
4,34,78,72,73517684943372030604945723598602600660
4,34,78,73,93115974142397950181686893169718863118
4,34,78,74,110980957355530228074607734281474488026
4,34,78,75,124543501275700425638795923890240763332
4,34,78,76,131682860674137979653155962400458260442
4,34,78,77,131275326418028539387256912337793762782
4,34,78,78,123483129281961774517246173176707787290
4,34,78,79,109681934780428338949438963265583504240
4,34,78,80,92065751212205808291515475599058640242
4,34,78,81,73084146080120273513352038074463567858
4,34,78,82,54906708101770998942106320150118840464
4,34,78,83,39066433487756940514355068229507608520
4,34,78,84,26341307618739214717718509898505090868
4,34,78,85,16841558366750208451410850308586503696
4,34,78,86,10215734049197866156049091778250492648
4,34,78,87,5881707264753750481950673436126046524
4,34,78,88,3215585726862839199620779752507097042
4,34,78,89,1669889328402915936070329444028386004
4,34,78,90,823959834022932766982081966044608166
4,34,78,91,386373544603424050862266623526503918
4,34,78,92,172209637672762287322222293718928888
4,34,78,93,72962073730143369984876459594789872
4,34,78,94,29386297377511273469628961488776366
4,34,78,95,11251209184701515028712186843473166
4,34,78,96,4094894144780200506641621446282962
4,34,78,97,1416595958097147923511330652150780
4,34,78,98,465771647194858468607261357459030
4,34,78,99,145541441253583479997328724243922
4,34,78,100,43217038411638576075227376969342
4,34,78,101,12194336992646653745520364299092
4,34,78,102,3269604049812701678089206778214
4,34,78,103,833086074713762882843139074616
4,34,78,104,201742083637539640480914196744
4,34,78,105,46441129051686080963844618186
4,34,78,106,10165548400333809043638549570
4,34,78,107,2116581751864743634628343014
4,34,78,108,419369569011474893287412724
4,34,78,109,79107332935851474054869466
4,34,78,110,14213578030847610878349908
4,34,78,111,2433675485259479617026828
4,34,78,112,397269138773337470258874
4,34,78,113,61848996109866931366892
4,34,78,114,9186061873955719764902
4,34,78,115,1301807680319512765574
4,34,78,116,176032713147208158872
4,34,78,117,22709130103191715784
4,34,78,118,2793876299783052564
4,34,78,119,327597006705608102
4,34,78,120,36575269783736648
4,34,78,121,3882980757875678
4,34,78,122,391256299345520
4,34,78,123,37318084924740
4,34,78,124,3356304798946
4,34,78,125,282940765188
4,34,78,126,22136149304
4,34,78,127,1587098300
4,34,78,128,101539654
4,34,78,129,5633946
4,34,78,130,261568
4,34,78,131,8420
4,34,78,132,210
4,34,78,133,0
4,34,78,134,0
4,34,78,135,0
4,34,78,136,0
4,34,78,137,0
4,34,78,138,0
4,34,78,139,0
4,34,78,140,0
4,34,78,141,0
4,34,78,142,0
4,34,78,143,0
4,34,78,144,0
4,34,78,145,0
4,34,78,146,0
4,34,78,147,0
4,34,78,148,0
4,34,78,149,0
4,34,78,150,0
4,34,78,151,0
4,34,78,152,0
4,34,78,153,0
4,34,78,154,0
4,34,78,155,0
4,34,78,156,0
4,34,78,157,0
4,34,78,158,0
4,34,78,159,0
4,34,78,160,0
4,34,78,161,0
4,34,78,162,0
4,34,78,163,0
4,34,78,164,0
4,34,78,165,0
4,34,78,166,0
4,34,78,167,0
4,34,78,168,0
4,34,78,169,0
4,34,78,170,0
4,34,78,171,0
4,34,78,172,0
4,34,78,173,0
4,34,78,174,0
4,34,78,175,0
4,34,78,176,0
4,34,78,177,0
4,34,78,178,0
4,34,78,179,0
4,34,78,180,0
4,34,78,181,0
4,34,78,182,0
4,34,78,183,0
4,34,78,184,0
4,34,78,185,0
4,34,78,186,0
4,34,78,187,0
4,34,78,188,0
4,34,78,189,0
4,34,78,190,0
4,34,78,191,0
4,34,78,192,0
4,34,78,193,0
4,34,78,194,0
4,34,78,195,0
4,34,78,196,0
4,34,78,197,0
4,34,78,198,0
4,34,78,199,0
4,34,78,200,0
4,34,78,201,0
4,34,78,202,0
4,34,78,203,0
4,34,78,204,0
4,34,78,205,0
4,34,78,206,0
4,34,78,207,0
4,34,78,208,0
4,34,78,209,0
4,34,78,210,0
4,34,78,211,0
4,34,78,212,0
4,34,78,213,0
4,34,78,214,0
4,34,78,215,0
4,34,78,216,0
4,34,78,217,0
4,34,78,218,0
4,34,78,219,0
4,34,78,220,0
4,34,78,221,0
4,34,78,222,0
4,34,78,223,0
4,34,78,224,0
4,34,78,225,0
4,34,78,226,0
4,34,78,227,0
4,34,78,228,0
4,34,78,229,0
4,34,78,230,0
4,34,78,231,0
4,34,78,232,0
4,34,78,233,0
4,34,78,234,0
4,34,79,0,0
4,34,79,1,0
4,34,79,2,0
4,34,79,3,0
4,34,79,4,0
4,34,79,5,0
4,34,79,6,0
4,34,79,7,0
4,34,79,8,0
4,34,79,9,0
4,34,79,10,0
4,34,79,11,0
4,34,79,12,0
4,34,79,13,0
4,34,79,14,0
4,34,79,15,0
4,34,79,16,0
4,34,79,17,0
4,34,79,18,0
4,34,79,19,0
4,34,79,20,0
4,34,79,21,0
4,34,79,22,0
4,34,79,23,0
4,34,79,24,0
4,34,79,25,0
4,34,79,26,0
4,34,79,27,0
4,34,79,28,0
4,34,79,29,0
4,34,79,30,0
4,34,79,31,104902512
4,34,79,32,5420322720
4,34,79,33,154148858408
4,34,79,34,3196714963336
4,34,79,35,53704741559776
4,34,79,36,771308551017260
4,34,79,37,9776537544052524
4,34,79,38,111646068643313580
4,34,79,39,1165093665916305056
4,34,79,40,11223969448245809500
4,34,79,41,100565675366801192040
4,34,79,42,842777896004061406480
4,34,79,43,6634296756133827448488
4,34,79,44,49217166275208363830132
4,34,79,45,344956159854232040825892
4,34,79,46,2288535860317358346865280
4,34,79,47,14391496939892481895568696
4,34,79,48,85870108654339014119801364
4,34,79,49,486467703083127642986254796
4,34,79,50,2617627674912873201523486084
4,34,79,51,13380293771624280931134774628
4,34,79,52,64968181333429268692977233676
4,34,79,53,299578470992839190835107642452
4,34,79,54,1311379009616177422192493129608
4,34,79,55,5446680201130507527083009565780
4,34,79,56,21451337343770901564047401642848
4,34,79,57,80055591117962166593970968395944
4,34,79,58,282885721532104848579453264344024
4,34,79,59,945712107245353976907542776380416
4,34,79,60,2988607988124172605716056890406384
4,34,79,61,8920091133805113440088390399134028
4,34,79,62,25124107943792409479356616399634752
4,34,79,63,66722737155854010449302504907889760
4,34,79,64,166946587382156060849421312912937640
4,34,79,65,393265438341724139906531456839179436
4,34,79,66,871596312386390392217117318801271940
4,34,79,67,1816447695759904672012020472749894756
4,34,79,68,3558040210334169726331596087922021220
4,34,79,69,6548368345582549524848651480958595632
4,34,79,70,11321367583585808602691745978803333824
4,34,79,71,18385499055044978462607507936659780488
4,34,79,72,28047144829848434070554991472548365536
4,34,79,73,40199650679966557426586046487423389820
4,34,79,74,54152038535238034575625921807495752552
4,34,79,75,68589086060846929638634801678905868128
4,34,79,76,81728942162513035395531989084464711136
4,34,79,77,91674273218716968287125875329021035012
4,34,79,78,96865514743995815237380536927950506252
4,34,79,79,96485406224587753859225476470323847780
4,34,79,80,90668961273450323424142679499212664496
4,34,79,81,80445123053910826128490234626838807016
4,34,79,82,67440851281000351937828599228869896340
4,34,79,83,53463729329203071019676373356083457388
4,34,79,84,40107543839564386511801213992767468072
4,34,79,85,28492056125925044067302767709968469400
4,34,79,86,19179248554706597415618384054358876548
4,34,79,87,12240652578695420965884005194550050352
4,34,79,88,7410911154187132598232315272553929008
4,34,79,89,4258275438464245997901909058135562080
4,34,79,90,2323075331586021842623863021130948040
4,34,79,91,1203658700021570319868338949721134004
4,34,79,92,592472249338590134748379748170025132
4,34,79,93,277104062675485314915802916421296268
4,34,79,94,123164730475234750565764189363237528
4,34,79,95,52027290437672359370246022024383064
4,34,79,96,20887524031171556973974807456705008
4,34,79,97,7969715967984162481888723798248912
4,34,79,98,2889824368696565251718911958282024
4,34,79,99,995710766084859494197070741024128
4,34,79,100,325972988679624382826980326522872
4,34,79,101,101383973363994493330169544285632
4,34,79,102,29953993370635439723715142048092
4,34,79,103,8406385485399383545703056878760
4,34,79,104,2240911228672518463582389970880
4,34,79,105,567439267080530322190749608132
4,34,79,106,136503780480526813176634801416
4,34,79,107,31202395831506217529307742456
4,34,79,108,6779126805669501514724685684
4,34,79,109,1400430515271059374517582592
4,34,79,110,275194594098893247291917004
4,34,79,111,51465652597349476064272164
4,34,79,112,9164567129752331597798152
4,34,79,113,1554666242303882732196388
4,34,79,114,251356452174816264360916
4,34,79,115,38746954027827986827444
4,34,79,116,5696449389507737122340
4,34,79,117,798839645855713402468
4,34,79,118,106857621884496079124
4,34,79,119,13632073619863231020
4,34,79,120,1657868984170791624
4,34,79,121,192075345918279016
4,34,79,122,21177763992714760
4,34,79,123,2218908989102860
4,34,79,124,220476233433020
4,34,79,125,20714756069056
4,34,79,126,1832080993480
4,34,79,127,151543535512
4,34,79,128,11592680552
4,34,79,129,807313896
4,34,79,130,50017204
4,34,79,131,2635856
4,34,79,132,114728
4,34,79,133,3456
4,34,79,134,60
4,34,79,135,0
4,34,79,136,0
4,34,79,137,0
4,34,79,138,0
4,34,79,139,0
4,34,79,140,0
4,34,79,141,0
4,34,79,142,0
4,34,79,143,0
4,34,79,144,0
4,34,79,145,0
4,34,79,146,0
4,34,79,147,0
4,34,79,148,0
4,34,79,149,0
4,34,79,150,0
4,34,79,151,0
4,34,79,152,0
4,34,79,153,0
4,34,79,154,0
4,34,79,155,0
4,34,79,156,0
4,34,79,157,0
4,34,79,158,0
4,34,79,159,0
4,34,79,160,0
4,34,79,161,0
4,34,79,162,0
4,34,79,163,0
4,34,79,164,0
4,34,79,165,0
4,34,79,166,0
4,34,79,167,0
4,34,79,168,0
4,34,79,169,0
4,34,79,170,0
4,34,79,171,0
4,34,79,172,0
4,34,79,173,0
4,34,79,174,0
4,34,79,175,0
4,34,79,176,0
4,34,79,177,0
4,34,79,178,0
4,34,79,179,0
4,34,79,180,0
4,34,79,181,0
4,34,79,182,0
4,34,79,183,0
4,34,79,184,0
4,34,79,185,0
4,34,79,186,0
4,34,79,187,0
4,34,79,188,0
4,34,79,189,0
4,34,79,190,0
4,34,79,191,0
4,34,79,192,0
4,34,79,193,0
4,34,79,194,0
4,34,79,195,0
4,34,79,196,0
4,34,79,197,0
4,34,79,198,0
4,34,79,199,0
4,34,79,200,0
4,34,79,201,0
4,34,79,202,0
4,34,79,203,0
4,34,79,204,0
4,34,79,205,0
4,34,79,206,0
4,34,79,207,0
4,34,79,208,0
4,34,79,209,0
4,34,79,210,0
4,34,79,211,0
4,34,79,212,0
4,34,79,213,0
4,34,79,214,0
4,34,79,215,0
4,34,79,216,0
4,34,79,217,0
4,34,79,218,0
4,34,79,219,0
4,34,79,220,0
4,34,79,221,0
4,34,79,222,0
4,34,79,223,0
4,34,79,224,0
4,34,79,225,0
4,34,79,226,0
4,34,79,227,0
4,34,79,228,0
4,34,79,229,0
4,34,79,230,0
4,34,79,231,0
4,34,79,232,0
4,34,79,233,0
4,34,79,234,0
4,34,80,0,0
4,34,80,1,0
4,34,80,2,0
4,34,80,3,0
4,34,80,4,0
4,34,80,5,0
4,34,80,6,0
4,34,80,7,0
4,34,80,8,0
4,34,80,9,0
4,34,80,10,0
4,34,80,11,0
4,34,80,12,0
4,34,80,13,0
4,34,80,14,0
4,34,80,15,0
4,34,80,16,0
4,34,80,17,0
4,34,80,18,0
4,34,80,19,0
4,34,80,20,0
4,34,80,21,0
4,34,80,22,0
4,34,80,23,0
4,34,80,24,0
4,34,80,25,0
4,34,80,26,0
4,34,80,27,0
4,34,80,28,0
4,34,80,29,0
4,34,80,30,0
4,34,80,31,0
4,34,80,32,0
4,34,80,33,0
4,34,80,34,262256280
4,34,80,35,14973290904
4,34,80,36,455345222190
4,34,80,37,9887938987558
4,34,80,38,171594285349020
4,34,80,39,2520906480189860
4,34,80,40,32442532549989226
4,34,80,41,373932008389234410
4,34,80,42,3919187029227473936
4,34,80,43,37761695163940914510
4,34,80,44,337163041457057196404
4,34,80,45,2806569467912346563552
4,34,80,46,21879976885546430098824
4,34,80,47,160314603660064863169320
4,34,80,48,1106917054360430629285626
4,34,80,49,7216902771676999597551448
4,34,80,50,44497089631545351558064383
4,34,80,51,259730700002214816418052452
4,34,80,52,1436277634331912098604778180
4,34,80,53,7527676459087108447636573274
4,34,80,54,37399562133493021297623156987
4,34,80,55,176132263627796566874655877766
4,34,80,56,786111748592450745501341902470
4,34,80,57,3323865655155197149648682541718
4,34,80,58,13307700471405680527953069949022
4,34,80,59,50420296554099647475464645053880
4,34,80,60,180658489132723717653986533429675
4,34,80,61,611707865572594419689145899405438
4,34,80,62,1955814267027127170822401934332846
4,34,80,63,5900185512976632644627562571638854
4,34,80,64,16780881535267734008914285751471080
4,34,80,65,44961376883732082648817610034135508
4,34,80,66,113402111544614588104876551416366119
4,34,80,67,269069615132340668957927399295135194
4,34,80,68,600215760441422678190678258058387092
4,34,80,69,1258130712748841367611765530398320130
4,34,80,70,2477090080354573523958865940208223240
4,34,80,71,4579611045835171256173055817766317938
4,34,80,72,7949034939120806731457891774179343567
4,34,80,73,12953441846565848717783247269532229166
4,34,80,74,19819160758369149183075252542532644992
4,34,80,75,28478440429267917743758711894908352704
4,34,80,76,38444454190758862469781798451647919431
4,34,80,77,48780112455768164869064277977703719930
4,34,80,78,58209205188813487352958884514867662968
4,34,80,79,65367869989239748087050839745316453710
4,34,80,80,69130981304478620911171984667444125606
4,34,80,81,68904647132139439553215605984738553102
4,34,80,82,64779129324157358394526633471143767263
4,34,80,83,57488373914152319600274173883505031808
4,34,80,84,48197883652893164003875818527827761660
4,34,80,85,38204512569697993046036503823439181996
4,34,80,86,28652435646198071122281364375550234966
4,34,80,87,20345638493832467002796404002685712282
4,34,80,88,13687506913925264909869634581608269814
4,34,80,89,8729226970622869457156387240188744672
4,34,80,90,5280237331720169959330627911737460129
4,34,80,91,3030793188685532150448817315792881636
4,34,80,92,1651404977660763798854312673828776938
4,34,80,93,854445569714742523867846845940471032
4,34,80,94,419911583192592463461251777019446312
4,34,80,95,196044076627143226312771552538975388
4,34,80,96,86960820911049663558888537282362110
4,34,80,97,36651585446245288675963130943519154
4,34,80,98,14677843270616621590232837455041993
4,34,80,99,5584858082950500669909690561030798
4,34,80,100,2018855628674607006228769066922712
4,34,80,101,693253019587294577216121780642206
4,34,80,102,226107333097237389314482511972079
4,34,80,103,70035145764845224108503048877780
4,34,80,104,20598913878516310490588724814155
4,34,80,105,5752567846863300300490461949124
4,34,80,106,1525289182441395050734003255934
4,34,80,107,383997553019738905573595287038
4,34,80,108,91799099325288564349785500743
4,34,80,109,20843422922230064075308953060
4,34,80,110,4496219042049980737177622106
4,34,80,111,921803847448447622682513596
4,34,80,112,179696019965392674689406009
4,34,80,113,33324620907865443978234842
4,34,80,114,5882285314112933791313538
4,34,80,115,988789698283053452370022
4,34,80,116,158359108989013817208708
4,34,80,117,24173264237577626777944
4,34,80,118,3518088868538572962403
4,34,80,119,488230490156813536198
4,34,80,120,64607755213370205903
4,34,80,121,8150680409732370706
4,34,80,122,979839984367940565
4,34,80,123,112161142293245436
4,34,80,124,12211541367693277
4,34,80,125,1262555247705182
4,34,80,126,123679558723934
4,34,80,127,11442194730430
4,34,80,128,994744151889
4,34,80,129,80648193366
4,34,80,130,6024723964
4,34,80,131,407323270
4,34,80,132,24296264
4,34,80,133,1215298
4,34,80,134,49653
4,34,80,135,1330
4,34,80,136,15
4,34,80,137,0
4,34,80,138,0
4,34,80,139,0
4,34,80,140,0
4,34,80,141,0
4,34,80,142,0
4,34,80,143,0
4,34,80,144,0
4,34,80,145,0
4,34,80,146,0
4,34,80,147,0
4,34,80,148,0
4,34,80,149,0
4,34,80,150,0
4,34,80,151,0
4,34,80,152,0
4,34,80,153,0
4,34,80,154,0
4,34,80,155,0
4,34,80,156,0
4,34,80,157,0
4,34,80,158,0
4,34,80,159,0
4,34,80,160,0
4,34,80,161,0
4,34,80,162,0
4,34,80,163,0
4,34,80,164,0
4,34,80,165,0
4,34,80,166,0
4,34,80,167,0
4,34,80,168,0
4,34,80,169,0
4,34,80,170,0
4,34,80,171,0
4,34,80,172,0
4,34,80,173,0
4,34,80,174,0
4,34,80,175,0
4,34,80,176,0
4,34,80,177,0
4,34,80,178,0
4,34,80,179,0
4,34,80,180,0
4,34,80,181,0
4,34,80,182,0
4,34,80,183,0
4,34,80,184,0
4,34,80,185,0
4,34,80,186,0
4,34,80,187,0
4,34,80,188,0
4,34,80,189,0
4,34,80,190,0
4,34,80,191,0
4,34,80,192,0
4,34,80,193,0
4,34,80,194,0
4,34,80,195,0
4,34,80,196,0
4,34,80,197,0
4,34,80,198,0
4,34,80,199,0
4,34,80,200,0
4,34,80,201,0
4,34,80,202,0
4,34,80,203,0
4,34,80,204,0
4,34,80,205,0
4,34,80,206,0
4,34,80,207,0
4,34,80,208,0
4,34,80,209,0
4,34,80,210,0
4,34,80,211,0
4,34,80,212,0
4,34,80,213,0
4,34,80,214,0
4,34,80,215,0
4,34,80,216,0
4,34,80,217,0
4,34,80,218,0
4,34,80,219,0
4,34,80,220,0
4,34,80,221,0
4,34,80,222,0
4,34,80,223,0
4,34,80,224,0
4,34,80,225,0
4,34,80,226,0
4,34,80,227,0
4,34,80,228,0
4,34,80,229,0
4,34,80,230,0
4,34,80,231,0
4,34,80,232,0
4,34,80,233,0
4,34,80,234,0
4,34,81,0,0
4,34,81,1,0
4,34,81,2,0
4,34,81,3,0
4,34,81,4,0
4,34,81,5,0
4,34,81,6,0
4,34,81,7,0
4,34,81,8,0
4,34,81,9,0
4,34,81,10,0
4,34,81,11,0
4,34,81,12,0
4,34,81,13,0
4,34,81,14,0
4,34,81,15,0
4,34,81,16,0
4,34,81,17,0
4,34,81,18,0
4,34,81,19,0
4,34,81,20,0
4,34,81,21,0
4,34,81,22,0
4,34,81,23,0
4,34,81,24,0
4,34,81,25,0
4,34,81,26,0
4,34,81,27,0
4,34,81,28,0
4,34,81,29,0
4,34,81,30,0
4,34,81,31,0
4,34,81,32,0
4,34,81,33,0
4,34,81,34,0
4,34,81,35,0
4,34,81,36,0
4,34,81,37,572195520
4,34,81,38,36023073840
4,34,81,39,1175119157892
4,34,81,40,26824255452072
4,34,81,41,482551968334988
4,34,81,42,7274379478417172
4,34,81,43,95313326420140804
4,34,81,44,1111503195917865412
4,34,81,45,11725742064951212220
4,34,81,46,113214688597265386824
4,34,81,47,1009073870939301115276
4,34,81,48,8355976719395953423172
4,34,81,49,64602735055905767626228
4,34,81,50,468067733762287948944524
4,34,81,51,3187215522434706332744192
4,34,81,52,20440834510097418112256388
4,34,81,53,123671215435764779380503968
4,34,81,54,706681181954901297238490908
4,34,81,55,3816836306569732247263192776
4,34,81,56,19494590087017005564683214128
4,34,81,57,94177645652281007838795363064
4,34,81,58,430330955138180470618856007188
4,34,81,59,1859503809500225302004705878784
4,34,81,60,7595989118734125348921892594156
4,34,81,61,29319997306550149178044527883908
4,34,81,62,106879157852632456148358585890604
4,34,81,63,367702674238707894884231733103028
4,34,81,64,1193103733305888525606213874812432
4,34,81,65,3648610638511704306838589945465664
4,34,81,66,10508274677329428998453253765635068
4,34,81,67,28482752495912573321062339250758712
4,34,81,68,72608140943606360034293583681019768
4,34,81,69,173968356838867596391598488801611272
4,34,81,70,391558104564413759788039152497217364
4,34,81,71,827486269973062480908121281700849240
4,34,81,72,1641370016024068075771820187775402972
4,34,81,73,3055106155931825278127126854782746276
4,34,81,74,5335411528647940201768583759939416100
4,34,81,75,8742513313283315232288969875324263132
4,34,81,76,13442942411498994759434672808359756004
4,34,81,77,19402674091986308944541021674295093000
4,34,81,78,26297295092853220537298628633528537356
4,34,81,79,33486084096640324572901177780606998968
4,34,81,80,40085300208322410950366809753950601916
4,34,81,81,45141067738755167718682127943356691244
4,34,81,82,47857444539580976671865212160222879936
4,34,81,83,47803716427583051382748417741937928916
4,34,81,84,45025869780963651606506275882489311280
4,34,81,85,40022791329310353939849492857304471800
4,34,81,86,33600809901480003697369545351689618900
4,34,81,87,26664359902775187123131510844084539972
4,34,81,88,20016030241162566245229603094638022752
4,34,81,89,14223170528669415180731890377042239828
4,34,81,90,9573468416637919374458893179749471928
4,34,81,91,6107352646256101787965999005473457676
4,34,81,92,3694667800125561694444990903483508784
4,34,81,93,2120481538255479048725624368571885244
4,34,81,94,1155041223512051089762842359854969948
4,34,81,95,597310833470673148524585606763026248
4,34,81,96,293324436891451974971542745657063964
4,34,81,97,136809336270857243408369934014773608
4,34,81,98,60610574464400954523733139436102376
4,34,81,99,25507293425392135856550550539148600
4,34,81,100,10196633122959330385533143064321668
4,34,81,101,3871656729217933558666602176826044
4,34,81,102,1396168025403319132422960226393424
4,34,81,103,478100499527869606673710485271832
4,34,81,104,155443892584528824248262595586060
4,34,81,105,47976926688298047282235888382960
4,34,81,106,14055081234039802959423797540492
4,34,81,107,3907770117571488441485763382512
4,34,81,108,1031086035478507191600014830652
4,34,81,109,258188879734582998333956170564
4,34,81,110,61362214336663349599252780768
4,34,81,111,13844320751619410925608998204
4,34,81,112,2966054678078014920369419384
4,34,81,113,603662350002613129819983800
4,34,81,114,116767250360208971365894128
4,34,81,115,21477712648043451518120148
4,34,81,116,3758659019340153849248236
4,34,81,117,626164754589155818533844
4,34,81,118,99349942205058464820668
4,34,81,119,15019218036098327636376
4,34,81,120,2163993223515333283256
4,34,81,121,297206657042706157068
4,34,81,122,38908390906145297044
4,34,81,123,4854058008740669444
4,34,81,124,576800771570486236
4,34,81,125,65230509104238192
4,34,81,126,7012150876479448
4,34,81,127,715277547079268
4,34,81,128,69062121906652
4,34,81,129,6288785847184
4,34,81,130,537026730192
4,34,81,131,42643561788
4,34,81,132,3106888776
4,34,81,133,203188664
4,34,81,134,11694320
4,34,81,135,551676
4,34,81,136,20304
4,34,81,137,560
4,34,81,138,0
4,34,81,139,0
4,34,81,140,0
4,34,81,141,0
4,34,81,142,0
4,34,81,143,0
4,34,81,144,0
4,34,81,145,0
4,34,81,146,0
4,34,81,147,0
4,34,81,148,0
4,34,81,149,0
4,34,81,150,0
4,34,81,151,0
4,34,81,152,0
4,34,81,153,0
4,34,81,154,0
4,34,81,155,0
4,34,81,156,0
4,34,81,157,0
4,34,81,158,0
4,34,81,159,0
4,34,81,160,0
4,34,81,161,0
4,34,81,162,0
4,34,81,163,0
4,34,81,164,0
4,34,81,165,0
4,34,81,166,0
4,34,81,167,0
4,34,81,168,0
4,34,81,169,0
4,34,81,170,0
4,34,81,171,0
4,34,81,172,0
4,34,81,173,0
4,34,81,174,0
4,34,81,175,0
4,34,81,176,0
4,34,81,177,0
4,34,81,178,0
4,34,81,179,0
4,34,81,180,0
4,34,81,181,0
4,34,81,182,0
4,34,81,183,0
4,34,81,184,0
4,34,81,185,0
4,34,81,186,0
4,34,81,187,0
4,34,81,188,0
4,34,81,189,0
4,34,81,190,0
4,34,81,191,0
4,34,81,192,0
4,34,81,193,0
4,34,81,194,0
4,34,81,195,0
4,34,81,196,0
4,34,81,197,0
4,34,81,198,0
4,34,81,199,0
4,34,81,200,0
4,34,81,201,0
4,34,81,202,0
4,34,81,203,0
4,34,81,204,0
4,34,81,205,0
4,34,81,206,0
4,34,81,207,0
4,34,81,208,0
4,34,81,209,0
4,34,81,210,0
4,34,81,211,0
4,34,81,212,0
4,34,81,213,0
4,34,81,214,0
4,34,81,215,0
4,34,81,216,0
4,34,81,217,0
4,34,81,218,0
4,34,81,219,0
4,34,81,220,0
4,34,81,221,0
4,34,81,222,0
4,34,81,223,0
4,34,81,224,0
4,34,81,225,0
4,34,81,226,0
4,34,81,227,0
4,34,81,228,0
4,34,81,229,0
4,34,81,230,0
4,34,81,231,0
4,34,81,232,0
4,34,81,233,0
4,34,81,234,0
4,34,82,0,0
4,34,82,1,0
4,34,82,2,0
4,34,82,3,0
4,34,82,4,0
4,34,82,5,0
4,34,82,6,0
4,34,82,7,0
4,34,82,8,0
4,34,82,9,0
4,34,82,10,0
4,34,82,11,0
4,34,82,12,0
4,34,82,13,0
4,34,82,14,0
4,34,82,15,0
4,34,82,16,0
4,34,82,17,0
4,34,82,18,0
4,34,82,19,0
4,34,82,20,0
4,34,82,21,0
4,34,82,22,0
4,34,82,23,0
4,34,82,24,0
4,34,82,25,0
4,34,82,26,0
4,34,82,27,0
4,34,82,28,0
4,34,82,29,0
4,34,82,30,0
4,34,82,31,0
4,34,82,32,0
4,34,82,33,0
4,34,82,34,0
4,34,82,35,0
4,34,82,36,0
4,34,82,37,0
4,34,82,38,0
4,34,82,39,0
4,34,82,40,1096708080
4,34,82,41,75960034080
4,34,82,42,2663900938620
4,34,82,43,64141032693442
4,34,82,44,1200107902535516
4,34,82,45,18619885405928702
4,34,82,46,249053142676003722
4,34,82,47,2945439864095877892
4,34,82,48,31340711814615519336
4,34,82,49,303792567839775680296
4,34,82,50,2707301575967399529258
4,34,82,51,22334480204140569738338
4,34,82,52,171461202035829087650322
4,34,82,53,1229823742866395065374766
4,34,82,54,8266725299914206492761064
4,34,82,55,52196766673543948875707616
4,34,82,56,310115092901098771641792244
4,34,82,57,1735855232174796210308264928
4,34,82,58,9161932145147121480148163812
4,34,82,59,45621992224944955957116257690
4,34,82,60,214382067373083961625929322698
4,34,82,61,950704915698006994465225361304
4,34,82,62,3978154980320755060908149223828
4,34,82,63,15702409961456187836102319244084
4,34,82,64,58440943662984624270952629884588
4,34,82,65,204980171490087084083359250149474
4,34,82,66,677171556120553431064898288166630
4,34,82,67,2105755802792467150775778602222260
4,34,82,68,6159732585349688581546555046565082
4,34,82,69,16938855227545048822422711133654156
4,34,82,70,43763244539770181072627739137036934
4,34,82,71,106167923073600586090999095750154380
4,34,82,72,241723758423406863324280308478428500
4,34,82,73,516307106081567838701023693219340634
4,34,82,74,1034246053976014734149824355470011628
4,34,82,75,1942587047670831582388066452992724986
4,34,82,76,3420942454384098443538623735215503302
4,34,82,77,5648643548669916961168483799057479060
4,34,82,78,8746967589702755783241027669632141798
4,34,82,79,12706434764375394682022632059592510438
4,34,82,80,17323413158754989811396689801790532772
4,34,82,81,22178146947771644825744040454790390192
4,34,82,82,26679571113768561272841358031845996626
4,34,82,83,30179197818262942689151206656516100176
4,34,82,84,32125568015352790106974220036153156608
4,34,82,85,32208049756513008866334645599214520612
4,34,82,86,30437837526913541109705602044142874910
4,34,82,87,27137233372754092324731952245211515086
4,34,82,88,22844457698163874288738810892309567300
4,34,82,89,18172265254967882462604351058696443022
4,34,82,90,13670447168391577470963652889148400924
4,34,82,91,9732245219390506873286974371208655476
4,34,82,92,6561248081770855013673655815249149350
4,34,82,93,4191426236131382666087437198921250554
4,34,82,94,2538448647367199987104448661268823746
4,34,82,95,1458157021700392208522393118024904040
4,34,82,96,794759639938936043601704463644537690
4,34,82,97,411146774103473599304387857605417376
4,34,82,98,201924680954744679953097282824998590
4,34,82,99,94163756762746682779185420132929042
4,34,82,100,41698474007700800789879116148886760
4,34,82,101,17535179882504801304934899906841950
4,34,82,102,7002281110947215483856861911916048
4,34,82,103,2655037947741246100197468993710734
4,34,82,104,955756890818547745177919933819252
4,34,82,105,326587244508529074220110735247872
4,34,82,106,105912561145515708087552609669676
4,34,82,107,32592101822934861139145197874320
4,34,82,108,9515262582782492077007015850082
4,34,82,109,2635208010871446611307733719252
4,34,82,110,692247290215683696070679534264
4,34,82,111,172488181993125276900499626910
4,34,82,112,40770775720381786077923178888
4,34,82,113,9143561539993242266379649176
4,34,82,114,1946215174831892307225629070
4,34,82,115,393325347673901202983887072
4,34,82,116,75511340141205380141965754
4,34,82,117,13778771738213141082974848
4,34,82,118,2391093183912079175185572
4,34,82,119,394833573626594239935904
4,34,82,120,62070454462201636643222
4,34,82,121,9293786698260711791068
4,34,82,122,1325769589309340288934
4,34,82,123,180208027719577822752
4,34,82,124,23339500010765360692
4,34,82,125,2879395765364975362
4,34,82,126,338192475786737346
4,34,82,127,37782587933826752
4,34,82,128,4009676166678472
4,34,82,129,403452827013280
4,34,82,130,38382862280792
4,34,82,131,3438583192938
4,34,82,132,288259888982
4,34,82,133,22384609966
4,34,82,134,1589341100
4,34,82,135,100480420
4,34,82,136,5504460
4,34,82,137,251110
4,34,82,138,7972
4,34,82,139,196
4,34,82,140,0
4,34,82,141,0
4,34,82,142,0
4,34,82,143,0
4,34,82,144,0
4,34,82,145,0
4,34,82,146,0
4,34,82,147,0
4,34,82,148,0
4,34,82,149,0
4,34,82,150,0
4,34,82,151,0
4,34,82,152,0
4,34,82,153,0
4,34,82,154,0
4,34,82,155,0
4,34,82,156,0
4,34,82,157,0
4,34,82,158,0
4,34,82,159,0
4,34,82,160,0
4,34,82,161,0
4,34,82,162,0
4,34,82,163,0
4,34,82,164,0
4,34,82,165,0
4,34,82,166,0
4,34,82,167,0
4,34,82,168,0
4,34,82,169,0
4,34,82,170,0
4,34,82,171,0
4,34,82,172,0
4,34,82,173,0
4,34,82,174,0
4,34,82,175,0
4,34,82,176,0
4,34,82,177,0
4,34,82,178,0
4,34,82,179,0
4,34,82,180,0
4,34,82,181,0
4,34,82,182,0
4,34,82,183,0
4,34,82,184,0
4,34,82,185,0
4,34,82,186,0
4,34,82,187,0
4,34,82,188,0
4,34,82,189,0
4,34,82,190,0
4,34,82,191,0
4,34,82,192,0
4,34,82,193,0
4,34,82,194,0
4,34,82,195,0
4,34,82,196,0
4,34,82,197,0
4,34,82,198,0
4,34,82,199,0
4,34,82,200,0
4,34,82,201,0
4,34,82,202,0
4,34,82,203,0
4,34,82,204,0
4,34,82,205,0
4,34,82,206,0
4,34,82,207,0
4,34,82,208,0
4,34,82,209,0
4,34,82,210,0
4,34,82,211,0
4,34,82,212,0
4,34,82,213,0
4,34,82,214,0
4,34,82,215,0
4,34,82,216,0
4,34,82,217,0
4,34,82,218,0
4,34,82,219,0
4,34,82,220,0
4,34,82,221,0
4,34,82,222,0
4,34,82,223,0
4,34,82,224,0
4,34,82,225,0
4,34,82,226,0
4,34,82,227,0
4,34,82,228,0
4,34,82,229,0
4,34,82,230,0
4,34,82,231,0
4,34,82,232,0
4,34,82,233,0
4,34,82,234,0
4,34,83,0,0
4,34,83,1,0
4,34,83,2,0
4,34,83,3,0
4,34,83,4,0
4,34,83,5,0
4,34,83,6,0
4,34,83,7,0
4,34,83,8,0
4,34,83,9,0
4,34,83,10,0
4,34,83,11,0
4,34,83,12,0
4,34,83,13,0
4,34,83,14,0
4,34,83,15,0
4,34,83,16,0
4,34,83,17,0
4,34,83,18,0
4,34,83,19,0
4,34,83,20,0
4,34,83,21,0
4,34,83,22,0
4,34,83,23,0
4,34,83,24,0
4,34,83,25,0
4,34,83,26,0
4,34,83,27,0
4,34,83,28,0
4,34,83,29,0
4,34,83,30,0
4,34,83,31,0
4,34,83,32,0
4,34,83,33,0
4,34,83,34,0
4,34,83,35,0
4,34,83,36,0
4,34,83,37,0
4,34,83,38,0
4,34,83,39,0
4,34,83,40,0
4,34,83,41,0
4,34,83,42,0
4,34,83,43,1855967520
4,34,83,44,141113081280
4,34,83,45,5328264233880
4,34,83,46,135732365834200
4,34,83,47,2649789664290904
4,34,83,48,42437052845533732
4,34,83,49,580971099830552672
4,34,83,50,6984229951889821276
4,34,83,51,75108982330633816684
4,34,83,52,732227713405322076692
4,34,83,53,6534796094885950882028
4,34,83,54,53782458254539632578172
4,34,83,55,410485142548648472195600
4,34,83,56,2917811937981094028917404
4,34,83,57,19379327866008781671165660
4,34,83,58,120564390208788927884198836
4,34,83,59,703888923944891290023435076
4,34,83,60,3861716424699173509518003544
4,34,83,61,19927604527079242846733903556
4,34,83,62,96780592919570704440438597960
4,34,83,63,442505319538679078648428629688
4,34,83,64,1904953882180898417096126196776
4,34,83,65,7720465872414223394074906406172
4,34,83,66,29450162042173168023318612992828
4,34,83,67,105695930763926310898753724782364
4,34,83,68,356745783333333376907145790976484
4,34,83,69,1131794478476929016231745886952844
4,34,83,70,3373250160997247598309069869278024
4,34,83,71,9439798401652593980377953270326544
4,34,83,72,24790092833032784567461470062339816
4,34,83,73,61063242104453787272086201975963484
4,34,83,74,141019437796524493378850167004597028
4,34,83,75,305225792611769182338380592492305244
4,34,83,76,619005306675479297370864277955786168
4,34,83,77,1176073383040566775318091685524994864
4,34,83,78,2093294454102254647941675070226002956
4,34,83,79,3490814870256328092614958769343630556
4,34,83,80,5455383642281283970468143086830055124
4,34,83,81,7992498759404512406937807093640361596
4,34,83,82,10982662415364109453266126979267357332
4,34,83,83,14163041121008545438040614099699431552
4,34,83,84,17152434091772811829410806770800526308
4,34,83,85,19522918122516071432934112116404543716
4,34,83,86,20901014471581815779668343147571065220
4,34,83,87,21065108597996428290622471317085606748
4,34,83,88,20003761604888964961681834302741425052
4,34,83,89,17913867879448667604652180278731900700
4,34,83,90,15141471113211042959554291166210592244
4,34,83,91,12089437986555085643422257565060419244
4,34,83,92,9125225704728943620584252184421679720
4,34,83,93,6516256392656607185843841720348421620
4,34,83,94,4405155864971932607295664774258705584
4,34,83,95,2820951896865282515783537598726384976
4,34,83,96,1712116210097081902891644679647900632
4,34,83,97,985311510660142669012988847257792844
4,34,83,98,537877160041505013387524856020365384
4,34,83,99,278608831514695067760598763013286884
4,34,83,100,136964673547253703470919989786154204
4,34,83,101,63913292093003974727515981106193268
4,34,83,102,28312504073882504269405562006631384
4,34,83,103,11906268237281310120058204536840916
4,34,83,104,4752934570974711967818413183518264
4,34,83,105,1800906520985201333424680865851400
4,34,83,106,647586735792235462651785023801684
4,34,83,107,220953751426169861344847917805148
4,34,83,108,71517407577174905860250254610604
4,34,83,109,21955215731602307862380050142440
4,34,83,110,6391377852280441829407472724264
4,34,83,111,1764059692718859575408530811104
4,34,83,112,461584023461993299928570784072
4,34,83,113,114498196276930426257757920212
4,34,83,114,26927233271306045629495880908
4,34,83,115,6005010019897394661677492028
4,34,83,116,1270279414244000862565606176
4,34,83,117,254994663485136707917481488
4,34,83,118,48599558795781424135640760
4,34,83,119,8799413947909857864083080
4,34,83,120,1514459717390673407815732
4,34,83,121,247913610839658323896096
4,34,83,122,38620118165881985027156
4,34,83,123,5727803581142391924520
4,34,83,124,809016787842854625440
4,34,83,125,108838622385855566768
4,34,83,126,13945607126470864360
4,34,83,127,1701323335432063032
4,34,83,128,197500391164110124
4,34,83,129,21795066306831428
4,34,83,130,2283115588066324
4,34,83,131,226553312343844
4,34,83,132,21230401629512
4,34,83,133,1870061857304
4,34,83,134,153776242204
4,34,83,135,11670728480
4,34,83,136,804761556
4,34,83,137,49221624
4,34,83,138,2561504
4,34,83,139,109696
4,34,83,140,3240
4,34,83,141,56
4,34,83,142,0
4,34,83,143,0
4,34,83,144,0
4,34,83,145,0
4,34,83,146,0
4,34,83,147,0
4,34,83,148,0
4,34,83,149,0
4,34,83,150,0
4,34,83,151,0
4,34,83,152,0
4,34,83,153,0
4,34,83,154,0
4,34,83,155,0
4,34,83,156,0
4,34,83,157,0
4,34,83,158,0
4,34,83,159,0
4,34,83,160,0
4,34,83,161,0
4,34,83,162,0
4,34,83,163,0
4,34,83,164,0
4,34,83,165,0
4,34,83,166,0
4,34,83,167,0
4,34,83,168,0
4,34,83,169,0
4,34,83,170,0
4,34,83,171,0
4,34,83,172,0
4,34,83,173,0
4,34,83,174,0
4,34,83,175,0
4,34,83,176,0
4,34,83,177,0
4,34,83,178,0
4,34,83,179,0
4,34,83,180,0
4,34,83,181,0
4,34,83,182,0
4,34,83,183,0
4,34,83,184,0
4,34,83,185,0
4,34,83,186,0
4,34,83,187,0
4,34,83,188,0
4,34,83,189,0
4,34,83,190,0
4,34,83,191,0
4,34,83,192,0
4,34,83,193,0
4,34,83,194,0
4,34,83,195,0
4,34,83,196,0
4,34,83,197,0
4,34,83,198,0
4,34,83,199,0
4,34,83,200,0
4,34,83,201,0
4,34,83,202,0
4,34,83,203,0
4,34,83,204,0
4,34,83,205,0
4,34,83,206,0
4,34,83,207,0
4,34,83,208,0
4,34,83,209,0
4,34,83,210,0
4,34,83,211,0
4,34,83,212,0
4,34,83,213,0
4,34,83,214,0
4,34,83,215,0
4,34,83,216,0
4,34,83,217,0
4,34,83,218,0
4,34,83,219,0
4,34,83,220,0
4,34,83,221,0
4,34,83,222,0
4,34,83,223,0
4,34,83,224,0
4,34,83,225,0
4,34,83,226,0
4,34,83,227,0
4,34,83,228,0
4,34,83,229,0
4,34,83,230,0
4,34,83,231,0
4,34,83,232,0
4,34,83,233,0
4,34,83,234,0
4,34,84,0,0
4,34,84,1,0
4,34,84,2,0
4,34,84,3,0
4,34,84,4,0
4,34,84,5,0
4,34,84,6,0
4,34,84,7,0
4,34,84,8,0
4,34,84,9,0
4,34,84,10,0
4,34,84,11,0
4,34,84,12,0
4,34,84,13,0
4,34,84,14,0
4,34,84,15,0
4,34,84,16,0
4,34,84,17,0
4,34,84,18,0
4,34,84,19,0
4,34,84,20,0
4,34,84,21,0
4,34,84,22,0
4,34,84,23,0
4,34,84,24,0
4,34,84,25,0
4,34,84,26,0
4,34,84,27,0
4,34,84,28,0
4,34,84,29,0
4,34,84,30,0
4,34,84,31,0
4,34,84,32,0
4,34,84,33,0
4,34,84,34,0
4,34,84,35,0
4,34,84,36,0
4,34,84,37,0
4,34,84,38,0
4,34,84,39,0
4,34,84,40,0
4,34,84,41,0
4,34,84,42,0
4,34,84,43,0
4,34,84,44,0
4,34,84,45,0
4,34,84,46,2783951280
4,34,84,47,231901652880
4,34,84,48,9437591471310
4,34,84,49,255024154473990
4,34,84,50,5210273502907804
4,34,84,51,86381682196728844
4,34,84,52,1213548439649304752
4,34,84,53,14863862958408710730
4,34,84,54,161884396018038408116
4,34,84,55,1590095057283963839312
4,34,84,56,14233692593518333924722
4,34,84,57,117028810326895868423584
4,34,84,58,889073333752068185569986
4,34,84,59,6269504089019910142254616
4,34,84,60,41180967076027003144056058
4,34,84,61,252628466493053197416928060
4,34,84,62,1450298716652235280543886199
4,34,84,63,7802929531048214756758366526
4,34,84,64,39384972940098558299846879769
4,34,84,65,186625115658635645591272381868
4,34,84,66,830509875931916537389924425247
4,34,84,67,3471531261550213188330326344300
4,34,84,68,13629604300022738305637483282942
4,34,84,69,50251734889307069897667113535132
4,34,84,70,173938346470437448795975175148227
4,34,84,71,565004808865280118469611455709860
4,34,84,72,1721614309624520436076003503120258
4,34,84,73,4918711831653905215506090606732724
4,34,84,74,13170598359881506729612343715962075
4,34,84,75,33038301287986620233208773086961850
4,34,84,76,77612215820241466540775048617913850
4,34,84,77,170693288685066713574681080405232560
4,34,84,78,351390784303865567930712130439116258
4,34,84,79,677036133057207312795648908378177756
4,34,84,80,1220934534367882476779356098314627016
4,34,84,81,2061095500514533994769454292037936098
4,34,84,82,3257999150006020033552032168616164607
4,34,84,83,4824224538359291742783020266026929242
4,34,84,84,6695080853930499652349403891897875412
4,34,84,85,8713856234662236354681488038773488654
4,34,84,86,10644015149415364003977033960928286767
4,34,84,87,12212018261654929210669271952568025682
4,34,84,88,13171229122452940782539585267176194548
4,34,84,89,13366178022837986642649229613872678010
4,34,84,90,12773863028808551027660233887959978123
4,34,84,91,11507006935598361405317164645359948080
4,34,84,92,9779363947535479224853353561274301400
4,34,84,93,7847580253029751091058170399668240870
4,34,84,94,5950962122183098438646508853209024575
4,34,84,95,4267665568158104635903539448241276176
4,34,84,96,2896299738206210539443002216672197867
4,34,84,97,1861292535331981194154383616519611092
4,34,84,98,1133286485885321442026267759055914191
4,34,84,99,654065304662109683729545895664103166
4,34,84,100,357953660385940412048972930434796323
4,34,84,101,185818945866013628348338710378135038
4,34,84,102,91518571282624474963718441118063149
4,34,84,103,42770969990270945738703966786894272
4,34,84,104,18968864534080447113158007000400625
4,34,84,105,7983376031080053143483536766575792
4,34,84,106,3188282684279704005017757721679071
4,34,84,107,1208087863435340286267050098252552
4,34,84,108,434246961673764645732094764749307
4,34,84,109,148040482570163773836823206213370
4,34,84,110,47855140509369446328509591437051
4,34,84,111,14664853255139761775664430800338
4,34,84,112,4259228438033186594375952395215
4,34,84,113,1172215738963573816071043372682
4,34,84,114,305670513809405363482393794985
4,34,84,115,75518239362989322536999862496
4,34,84,116,17677930802951748078839330837
4,34,84,117,3921694735079229459476443742
4,34,84,118,824737150862540077265670193
4,34,84,119,164492410374055872791656954
4,34,84,120,31131347442161316768373612
4,34,84,121,5594165599065884664383904
4,34,84,122,955068272242494496477560
4,34,84,123,155011812468713694872012
4,34,84,124,23931489214485294822098
4,34,84,125,3515991869270344609752
4,34,84,126,491740863577024623889
4,34,84,127,65477837011118110072
4,34,84,128,8300159019917197496
4,34,84,129,1001296644446840902
4,34,84,130,114877240397649187
4,34,84,131,12520968983383432
4,34,84,132,1294457199337542
4,34,84,133,126641077754902
4,34,84,134,11684873541365
4,34,84,135,1011490625544
4,34,84,136,81502375932
4,34,84,137,6037406864
4,34,84,138,404045460
4,34,84,139,23792664
4,34,84,140,1173005
4,34,84,141,47344
4,34,84,142,1235
4,34,84,143,14
4,34,84,144,0
4,34,84,145,0
4,34,84,146,0
4,34,84,147,0
4,34,84,148,0
4,34,84,149,0
4,34,84,150,0
4,34,84,151,0
4,34,84,152,0
4,34,84,153,0
4,34,84,154,0
4,34,84,155,0
4,34,84,156,0
4,34,84,157,0
4,34,84,158,0
4,34,84,159,0
4,34,84,160,0
4,34,84,161,0
4,34,84,162,0
4,34,84,163,0
4,34,84,164,0
4,34,84,165,0
4,34,84,166,0
4,34,84,167,0
4,34,84,168,0
4,34,84,169,0
4,34,84,170,0
4,34,84,171,0
4,34,84,172,0
4,34,84,173,0
4,34,84,174,0
4,34,84,175,0
4,34,84,176,0
4,34,84,177,0
4,34,84,178,0
4,34,84,179,0
4,34,84,180,0
4,34,84,181,0
4,34,84,182,0
4,34,84,183,0
4,34,84,184,0
4,34,84,185,0
4,34,84,186,0
4,34,84,187,0
4,34,84,188,0
4,34,84,189,0
4,34,84,190,0
4,34,84,191,0
4,34,84,192,0
4,34,84,193,0
4,34,84,194,0
4,34,84,195,0
4,34,84,196,0
4,34,84,197,0
4,34,84,198,0
4,34,84,199,0
4,34,84,200,0
4,34,84,201,0
4,34,84,202,0
4,34,84,203,0
4,34,84,204,0
4,34,84,205,0
4,34,84,206,0
4,34,84,207,0
4,34,84,208,0
4,34,84,209,0
4,34,84,210,0
4,34,84,211,0
4,34,84,212,0
4,34,84,213,0
4,34,84,214,0
4,34,84,215,0
4,34,84,216,0
4,34,84,217,0
4,34,84,218,0
4,34,84,219,0
4,34,84,220,0
4,34,84,221,0
4,34,84,222,0
4,34,84,223,0
4,34,84,224,0
4,34,84,225,0
4,34,84,226,0
4,34,84,227,0
4,34,84,228,0
4,34,84,229,0
4,34,84,230,0
4,34,84,231,0
4,34,84,232,0
4,34,84,233,0
4,34,84,234,0
4,34,85,0,0
4,34,85,1,0
4,34,85,2,0
4,34,85,3,0
4,34,85,4,0
4,34,85,5,0
4,34,85,6,0
4,34,85,7,0
4,34,85,8,0
4,34,85,9,0
4,34,85,10,0
4,34,85,11,0
4,34,85,12,0
4,34,85,13,0
4,34,85,14,0
4,34,85,15,0
4,34,85,16,0
4,34,85,17,0
4,34,85,18,0
4,34,85,19,0
4,34,85,20,0
4,34,85,21,0
4,34,85,22,0
4,34,85,23,0
4,34,85,24,0
4,34,85,25,0
4,34,85,26,0
4,34,85,27,0
4,34,85,28,0
4,34,85,29,0
4,34,85,30,0
4,34,85,31,0
4,34,85,32,0
4,34,85,33,0
4,34,85,34,0
4,34,85,35,0
4,34,85,36,0
4,34,85,37,0
4,34,85,38,0
4,34,85,39,0
4,34,85,40,0
4,34,85,41,0
4,34,85,42,0
4,34,85,43,0
4,34,85,44,0
4,34,85,45,0
4,34,85,46,0
4,34,85,47,0
4,34,85,48,0
4,34,85,49,3711935040
4,34,85,50,338195493240
4,34,85,51,14845660907100
4,34,85,52,426529211906480
4,34,85,53,9145842279375880
4,34,85,54,157416068329171760
4,34,85,55,2275358911464224456
4,34,85,56,28461240898629511464
4,34,85,57,314576824525662591600
4,34,85,58,3118878983780770811584
4,34,85,59,28047415908069419556764
4,34,85,60,230694798003643122259416
4,34,85,61,1746606472283580403820956
4,34,85,62,12231519340953594698916160
4,34,85,63,79527316681530646205546704
4,34,85,64,481438787790176862953605892
4,34,85,65,2719497526916655653056689064
4,34,85,66,14356523386535460692511597332
4,34,85,67,70911397188396510213625773428
4,34,85,68,327961006764738764606668346004
4,34,85,69,1420926230894967786416944629360
4,34,85,70,5768509051615597987499152793180
4,34,85,71,21943981282820206142596331231700
4,34,85,72,78213289316348120830753029954896
4,34,85,73,261135349179354458964795569125004
4,34,85,74,816480644486614841297181582972464
4,34,85,75,2389894317355708917555919044420272
4,34,85,76,6546613675774348008567183502280852
4,34,85,77,16777206939791860314844429240829976
4,34,85,78,40212890621714971215183807662891152
4,34,85,79,90127915258607255983429488015459852
4,34,85,80,188861823088499619001432174508031152
4,34,85,81,370003861675108916964160935746177188
4,34,85,82,677768747382696694090845284250258856
4,34,85,83,1161072054753056809726358522664919380
4,34,85,84,1860728058104259867725328824415116728
4,34,85,85,2790938525828783150745389172890458968
4,34,85,86,3920212028985627726960402496675673252
4,34,85,87,5160060917244612642172656434305767652
4,34,85,88,6369704884043172666758955404182083292
4,34,85,89,7380191251780586950473082423595156160
4,34,85,90,8033176159440966648897271415312035068
4,34,85,91,8222051053413753905479969948849508180
4,34,85,92,7920524487569201174109299455952982576
4,34,85,93,7188102406907555806760411884976545092
4,34,85,94,6151167996120220067919347822431903616
4,34,85,95,4967810150022800478800557153172364880
4,34,85,96,3789629686524129481791321270549612348
4,34,85,97,2732675788982693510893240856302039964
4,34,85,98,1863998189646301523709514279316670104
4,34,85,99,1203494083184664671876096888857069324
4,34,85,100,735910656218139402556098128212189004
4,34,85,101,426378719422442996335726177948374312
4,34,85,102,234167210301137088146639238749266268
4,34,85,103,121941473420596613334348882758299812
4,34,85,104,60224083249375539624235968887158348
4,34,85,105,28212756520676917626343796863309984
4,34,85,106,12537364424532616126900348975577256
4,34,85,107,5285044190240595301271704055186772
4,34,85,108,2113190600644964855271123083720204
4,34,85,109,801337394014277936957722971759088
4,34,85,110,288134320348937015013608556642036
4,34,85,111,98214577491181432017329828616716
4,34,85,112,31728221144290292129906778829724
4,34,85,113,9711548723547606655742259346896
4,34,85,114,2815752236710197336561003227300
4,34,85,115,773161376260023771934774283484
4,34,85,116,201024898217014712156233216788
4,34,85,117,49488764843403158686830739492
4,34,85,118,11536192105989119584906071812
4,34,85,119,2546806432485511131612735740
4,34,85,120,532653981088095292252271824
4,34,85,121,105585829892701639294476572
4,34,85,122,19848201840936878354797640
4,34,85,123,3540537170893267733279580
4,34,85,124,599709921895093292396984
4,34,85,125,96521001565589230310800
4,34,85,126,14769535041836080629480
4,34,85,127,2149729553751691355396
4,34,85,128,297724087649009352340
4,34,85,129,39238710352038712088
4,34,85,130,4920867759071137096
4,34,85,131,586985696846663420
4,34,85,132,66551037036254764
4,34,85,133,7163364323229628
4,34,85,134,730733713355244
4,34,85,135,70463791074284
4,34,85,136,6398590665200
4,34,85,137,543924718728
4,34,85,138,42911348528
4,34,85,139,3098981628
4,34,85,140,200512472
4,34,85,141,11395224
4,34,85,142,529228
4,34,85,143,19244
4,34,85,144,520
4,34,85,145,0
4,34,85,146,0
4,34,85,147,0
4,34,85,148,0
4,34,85,149,0
4,34,85,150,0
4,34,85,151,0
4,34,85,152,0
4,34,85,153,0
4,34,85,154,0
4,34,85,155,0
4,34,85,156,0
4,34,85,157,0
4,34,85,158,0
4,34,85,159,0
4,34,85,160,0
4,34,85,161,0
4,34,85,162,0
4,34,85,163,0
4,34,85,164,0
4,34,85,165,0
4,34,85,166,0
4,34,85,167,0
4,34,85,168,0
4,34,85,169,0
4,34,85,170,0
4,34,85,171,0
4,34,85,172,0
4,34,85,173,0
4,34,85,174,0
4,34,85,175,0
4,34,85,176,0
4,34,85,177,0
4,34,85,178,0
4,34,85,179,0
4,34,85,180,0
4,34,85,181,0
4,34,85,182,0
4,34,85,183,0
4,34,85,184,0
4,34,85,185,0
4,34,85,186,0
4,34,85,187,0
4,34,85,188,0
4,34,85,189,0
4,34,85,190,0
4,34,85,191,0
4,34,85,192,0
4,34,85,193,0
4,34,85,194,0
4,34,85,195,0
4,34,85,196,0
4,34,85,197,0
4,34,85,198,0
4,34,85,199,0
4,34,85,200,0
4,34,85,201,0
4,34,85,202,0
4,34,85,203,0
4,34,85,204,0
4,34,85,205,0
4,34,85,206,0
4,34,85,207,0
4,34,85,208,0
4,34,85,209,0
4,34,85,210,0
4,34,85,211,0
4,34,85,212,0
4,34,85,213,0
4,34,85,214,0
4,34,85,215,0
4,34,85,216,0
4,34,85,217,0
4,34,85,218,0
4,34,85,219,0
4,34,85,220,0
4,34,85,221,0
4,34,85,222,0
4,34,85,223,0
4,34,85,224,0
4,34,85,225,0
4,34,85,226,0
4,34,85,227,0
4,34,85,228,0
4,34,85,229,0
4,34,85,230,0
4,34,85,231,0
4,34,85,232,0
4,34,85,233,0
4,34,85,234,0
4,34,86,0,0
4,34,86,1,0
4,34,86,2,0
4,34,86,3,0
4,34,86,4,0
4,34,86,5,0
4,34,86,6,0
4,34,86,7,0
4,34,86,8,0
4,34,86,9,0
4,34,86,10,0
4,34,86,11,0
4,34,86,12,0
4,34,86,13,0
4,34,86,14,0
4,34,86,15,0
4,34,86,16,0
4,34,86,17,0
4,34,86,18,0
4,34,86,19,0
4,34,86,20,0
4,34,86,21,0
4,34,86,22,0
4,34,86,23,0
4,34,86,24,0
4,34,86,25,0
4,34,86,26,0
4,34,86,27,0
4,34,86,28,0
4,34,86,29,0
4,34,86,30,0
4,34,86,31,0
4,34,86,32,0
4,34,86,33,0
4,34,86,34,0
4,34,86,35,0
4,34,86,36,0
4,34,86,37,0
4,34,86,38,0
4,34,86,39,0
4,34,86,40,0
4,34,86,41,0
4,34,86,42,0
4,34,86,43,0
4,34,86,44,0
4,34,86,45,0
4,34,86,46,0
4,34,86,47,0
4,34,86,48,0
4,34,86,49,0
4,34,86,50,0
4,34,86,51,0
4,34,86,52,4407922860
4,34,86,53,438703081920
4,34,86,54,20785579769880
4,34,86,55,636276676835870
4,34,86,56,14358410643079314
4,34,86,57,257291927167491038
4,34,86,58,3836623755157584536
4,34,86,59,49127824387228658550
4,34,86,60,552238979181646760196
4,34,86,61,5536911284858249795300
4,34,86,62,50104253892886030409264
4,34,86,63,412867252952845088211616
4,34,86,64,3119028462409325203588992
4,34,86,65,21715023846551753702840614
4,34,86,66,139884362680195329140133594
4,34,86,67,836324261675902297469417046
4,34,86,68,4651406114077679374189133364
4,34,86,69,24107301768596714201331311522
4,34,86,70,116576815491740618552908063780
4,34,86,71,526445337841897624769032899672
4,34,86,72,2221348665713143740280875230734
4,34,86,73,8760750089912141129465394662966
4,34,86,74,32298548656479442846400558900338
4,34,86,75,111310345327026922815510717253726
4,34,86,76,358548673976112905492280864255328
4,34,86,77,1079299121319157705349996683974620
4,34,86,78,3035457453432895711847999620642444
4,34,86,79,7974482033694776443739369150450476
4,34,86,80,19565740665038427805629401171971696
4,34,86,81,44827871300501262279184531616870338
4,34,86,82,95903222904867443437306966844393170
4,34,86,83,191587679674489601164400636093600482
4,34,86,84,357449177612625239813257321292650266
4,34,86,85,622999425472557706983448791667425868
4,34,86,86,1014740513931051960686423663163934204
4,34,86,87,1545384055239259788638200398131375346
4,34,86,88,2201921930744536137166398583461071444
4,34,86,89,2937423497369893591005461698665726686
4,34,86,90,3671842413124668894308500516842671570
4,34,86,91,4304659241632157276156989148387806284
4,34,86,92,4737372396473116610064406261648654310
4,34,86,93,4898922033142676608640018209285210770
4,34,86,94,4764891443961545707672447404098062030
4,34,86,95,4363320916996952043764445017988512962
4,34,86,96,3765345697710892307259442865978316736
4,34,86,97,3064865120058571825526531211293506464
4,34,86,98,2355103093322946424348223559195162818
4,34,86,99,1709807709352847074239175714137078130
4,34,86,100,1173654019694123016853012488249069226
4,34,86,101,762205725587865328745307636420813644
4,34,86,102,468589454201521199344945944051456460
4,34,86,103,272843430631820561890788882026624414
4,34,86,104,150525607639329741358778201793729702
4,34,86,105,78708329402699735231843693537672144
4,34,86,106,39016143329372279591041214944220572
4,34,86,107,18337672311324116571289306339671932
4,34,86,108,8172355476572873935531502302276198
4,34,86,109,3453394071847431767591507860361056
4,34,86,110,1383571632275545136104390206212772
4,34,86,111,525467459082956053437573200247890
4,34,86,112,189141209965152674846626007952206
4,34,86,113,64507606005931900117142152702918
4,34,86,114,20839909288265941973732323652878
4,34,86,115,6375469482670281829377365909752
4,34,86,116,1846445723329528457168539307348
4,34,86,117,506129748153438456274756838906
4,34,86,118,131283283756415931019881976826
4,34,86,119,32221162926858159996438190690
4,34,86,120,7482919742263387356459246324
4,34,86,121,1644649965695900288181921026
4,34,86,122,342205868603020830129501230
4,34,86,123,67439542869032528262187038
4,34,86,124,12595340064918890877118172
4,34,86,125,2230824804289651657696276
4,34,86,126,374964011016251673006610
4,34,86,127,59852603886395251553946
4,34,86,128,9078535532956048254450
4,34,86,129,1309198311999378273400
4,34,86,130,179555123678329751598
4,34,86,131,23423325090529753420
4,34,86,132,2906054716389924564
4,34,86,133,342749726220660586
4,34,86,134,38398973632439538
4,34,86,135,4081085731439474
4,34,86,136,410690391960448
4,34,86,137,39020120691848
4,34,86,138,3485427993988
4,34,86,139,290777779586
4,34,86,140,22426237918
4,34,86,141,1577683490
4,34,86,142,98627806
4,34,86,143,5337642
4,34,86,144,239428
4,34,86,145,7504
4,34,86,146,182
4,34,86,147,0
4,34,86,148,0
4,34,86,149,0
4,34,86,150,0
4,34,86,151,0
4,34,86,152,0
4,34,86,153,0
4,34,86,154,0
4,34,86,155,0
4,34,86,156,0
4,34,86,157,0
4,34,86,158,0
4,34,86,159,0
4,34,86,160,0
4,34,86,161,0
4,34,86,162,0
4,34,86,163,0
4,34,86,164,0
4,34,86,165,0
4,34,86,166,0
4,34,86,167,0
4,34,86,168,0
4,34,86,169,0
4,34,86,170,0
4,34,86,171,0
4,34,86,172,0
4,34,86,173,0
4,34,86,174,0
4,34,86,175,0
4,34,86,176,0
4,34,86,177,0
4,34,86,178,0
4,34,86,179,0
4,34,86,180,0
4,34,86,181,0
4,34,86,182,0
4,34,86,183,0
4,34,86,184,0
4,34,86,185,0
4,34,86,186,0
4,34,86,187,0
4,34,86,188,0
4,34,86,189,0
4,34,86,190,0
4,34,86,191,0
4,34,86,192,0
4,34,86,193,0
4,34,86,194,0
4,34,86,195,0
4,34,86,196,0
4,34,86,197,0
4,34,86,198,0
4,34,86,199,0
4,34,86,200,0
4,34,86,201,0
4,34,86,202,0
4,34,86,203,0
4,34,86,204,0
4,34,86,205,0
4,34,86,206,0
4,34,86,207,0
4,34,86,208,0
4,34,86,209,0
4,34,86,210,0
4,34,86,211,0
4,34,86,212,0
4,34,86,213,0
4,34,86,214,0
4,34,86,215,0
4,34,86,216,0
4,34,86,217,0
4,34,86,218,0
4,34,86,219,0
4,34,86,220,0
4,34,86,221,0
4,34,86,222,0
4,34,86,223,0
4,34,86,224,0
4,34,86,225,0
4,34,86,226,0
4,34,86,227,0
4,34,86,228,0
4,34,86,229,0
4,34,86,230,0
4,34,86,231,0
4,34,86,232,0
4,34,86,233,0
4,34,86,234,0
4,34,87,0,0
4,34,87,1,0
4,34,87,2,0
4,34,87,3,0
4,34,87,4,0
4,34,87,5,0
4,34,87,6,0
4,34,87,7,0
4,34,87,8,0
4,34,87,9,0
4,34,87,10,0
4,34,87,11,0
4,34,87,12,0
4,34,87,13,0
4,34,87,14,0
4,34,87,15,0
4,34,87,16,0
4,34,87,17,0
4,34,87,18,0
4,34,87,19,0
4,34,87,20,0
4,34,87,21,0
4,34,87,22,0
4,34,87,23,0
4,34,87,24,0
4,34,87,25,0
4,34,87,26,0
4,34,87,27,0
4,34,87,28,0
4,34,87,29,0
4,34,87,30,0
4,34,87,31,0
4,34,87,32,0
4,34,87,33,0
4,34,87,34,0
4,34,87,35,0
4,34,87,36,0
4,34,87,37,0
4,34,87,38,0
4,34,87,39,0
4,34,87,40,0
4,34,87,41,0
4,34,87,42,0
4,34,87,43,0
4,34,87,44,0
4,34,87,45,0
4,34,87,46,0
4,34,87,47,0
4,34,87,48,0
4,34,87,49,0
4,34,87,50,0
4,34,87,51,0
4,34,87,52,0
4,34,87,53,0
4,34,87,54,0
4,34,87,55,4667212440
4,34,87,56,506981844240
4,34,87,57,25943858392680
4,34,87,58,847803732062400
4,34,87,59,20187795453376404
4,34,87,60,377687888972148932
4,34,87,61,5825877025708845104
4,34,87,62,76558999764870038604
4,34,87,63,877180146497576190116
4,34,87,64,8911490021242013866828
4,34,87,65,81286141012909881177972
4,34,87,66,672037995032525204249808
4,34,87,67,5072465029245626360497400
4,34,87,68,35148249138458049922637520
4,34,87,69,224545949189437117491607144
4,34,87,70,1326937871612004651496651044
4,34,87,71,7271559190482076699566165544
4,34,87,72,37021503432851569136116672864
4,34,87,73,175360730351589121692824981940
4,34,87,74,773556577657445806171641671596
4,34,87,75,3179988911426245454043687733680
4,34,87,76,12187577231266636680531755321680
4,34,87,77,43558116019368696643847192913676
4,34,87,78,145184872896993564891881280232684
4,34,87,79,451307964825076530372701869602292
4,34,87,80,1308271773556493575312981911943376
4,34,87,81,3536395831835491207901738496748876
4,34,87,82,8913139121494480231659257406899080
4,34,87,83,20945616960434020473221908471758752
4,34,87,84,45894596812816369470732248289240908
4,34,87,85,93774716923953493434624116886651600
4,34,87,86,178714319692095526320415595671196236
4,34,87,87,317778536060582520986042021717885444
4,34,87,88,527442115134130809488373118197679356
4,34,87,89,817626134986826150110572879372235240
4,34,87,90,1184562643766736645523277238017462772
4,34,87,91,1605175627361766120357069439668454624
4,34,87,92,2036217954152736400138637550039949984
4,34,87,93,2420300639698576515529160301201802732
4,34,87,94,2698271044761722447250017570174274704
4,34,87,95,2824318928707940855921797897013661864
4,34,87,96,2778424967471262515643950446280183576
4,34,87,97,2571468775933646434893168246612948316
4,34,87,98,2241253504787376948675018112543158380
4,34,87,99,1841363412744265765170765431966755844
4,34,87,100,1427299653310737571711697063447008288
4,34,87,101,1044668209781649273378141817476143764
4,34,87,102,722533669081561370301693766554726680
4,34,87,103,472551188199386326923314601871725396
4,34,87,104,292421151444201318510122269135729376
4,34,87,105,171300247672124334538880106579661452
4,34,87,106,95033717899093915239127219667923736
4,34,87,107,49947054527309677387701937172599336
4,34,87,108,24874657568389416567120445620472020
4,34,87,109,11740410605944726852122824432082016
4,34,87,110,5251877317518971246483184464831956
4,34,87,111,2226594037953412170860154341032552
4,34,87,112,894579592097060618043172757916328
4,34,87,113,340544656282590357481118494098136
4,34,87,114,122802014761788917931718356614676
4,34,87,115,41936422049582250197839621352960
4,34,87,116,13557998133910727838792202859092
4,34,87,117,4148356570557541696162968866408
4,34,87,118,1200867679166683824982010950360
4,34,87,119,328799402940445101667695889920
4,34,87,120,85131600284544619754729348352
4,34,87,121,20841257172715000873353306028
4,34,87,122,4824303789252588565237847244
4,34,87,123,1056068447531459481445215624
4,34,87,124,218693161863344836070213024
4,34,87,125,42861908062653931551740256
4,34,87,126,7955496505681500375712416
4,34,87,127,1399363378474598701534916
4,34,87,128,233446576693619454842740
4,34,87,129,36962140325417607449044
4,34,87,130,5558080792723653779288
4,34,87,131,794181172959914536236
4,34,87,132,107867976903994094480
4,34,87,133,13928283667444084704
4,34,87,134,1709505777686907540
4,34,87,135,199344409158229748
4,34,87,136,22065549251616988
4,34,87,137,2315209450827356
4,34,87,138,229779857717348
4,34,87,139,21503030691352
4,34,87,140,1888186053076
4,34,87,141,154469255864
4,34,87,142,11638406804
4,34,87,143,795084640
4,34,87,144,48040352
4,34,87,145,2470644
4,34,87,146,104156
4,34,87,147,3020
4,34,87,148,52
4,34,87,149,0
4,34,87,150,0
4,34,87,151,0
4,34,87,152,0
4,34,87,153,0
4,34,87,154,0
4,34,87,155,0
4,34,87,156,0
4,34,87,157,0
4,34,87,158,0
4,34,87,159,0
4,34,87,160,0
4,34,87,161,0
4,34,87,162,0
4,34,87,163,0
4,34,87,164,0
4,34,87,165,0
4,34,87,166,0
4,34,87,167,0
4,34,87,168,0
4,34,87,169,0
4,34,87,170,0
4,34,87,171,0
4,34,87,172,0
4,34,87,173,0
4,34,87,174,0
4,34,87,175,0
4,34,87,176,0
4,34,87,177,0
4,34,87,178,0
4,34,87,179,0
4,34,87,180,0
4,34,87,181,0
4,34,87,182,0
4,34,87,183,0
4,34,87,184,0
4,34,87,185,0
4,34,87,186,0
4,34,87,187,0
4,34,87,188,0
4,34,87,189,0
4,34,87,190,0
4,34,87,191,0
4,34,87,192,0
4,34,87,193,0
4,34,87,194,0
4,34,87,195,0
4,34,87,196,0
4,34,87,197,0
4,34,87,198,0
4,34,87,199,0
4,34,87,200,0
4,34,87,201,0
4,34,87,202,0
4,34,87,203,0
4,34,87,204,0
4,34,87,205,0
4,34,87,206,0
4,34,87,207,0
4,34,87,208,0
4,34,87,209,0
4,34,87,210,0
4,34,87,211,0
4,34,87,212,0
4,34,87,213,0
4,34,87,214,0
4,34,87,215,0
4,34,87,216,0
4,34,87,217,0
4,34,87,218,0
4,34,87,219,0
4,34,87,220,0
4,34,87,221,0
4,34,87,222,0
4,34,87,223,0
4,34,87,224,0
4,34,87,225,0
4,34,87,226,0
4,34,87,227,0
4,34,87,228,0
4,34,87,229,0
4,34,87,230,0
4,34,87,231,0
4,34,87,232,0
4,34,87,233,0
4,34,87,234,0
4,34,88,0,0
4,34,88,1,0
4,34,88,2,0
4,34,88,3,0
4,34,88,4,0
4,34,88,5,0
4,34,88,6,0
4,34,88,7,0
4,34,88,8,0
4,34,88,9,0
4,34,88,10,0
4,34,88,11,0
4,34,88,12,0
4,34,88,13,0
4,34,88,14,0
4,34,88,15,0
4,34,88,16,0
4,34,88,17,0
4,34,88,18,0
4,34,88,19,0
4,34,88,20,0
4,34,88,21,0
4,34,88,22,0
4,34,88,23,0
4,34,88,24,0
4,34,88,25,0
4,34,88,26,0
4,34,88,27,0
4,34,88,28,0
4,34,88,29,0
4,34,88,30,0
4,34,88,31,0
4,34,88,32,0
4,34,88,33,0
4,34,88,34,0
4,34,88,35,0
4,34,88,36,0
4,34,88,37,0
4,34,88,38,0
4,34,88,39,0
4,34,88,40,0
4,34,88,41,0
4,34,88,42,0
4,34,88,43,0
4,34,88,44,0
4,34,88,45,0
4,34,88,46,0
4,34,88,47,0
4,34,88,48,0
4,34,88,49,0
4,34,88,50,0
4,34,88,51,0
4,34,88,52,0
4,34,88,53,0
4,34,88,54,0
4,34,88,55,0
4,34,88,56,0
4,34,88,57,0
4,34,88,58,4407922860
4,34,88,59,522396547740
4,34,88,60,28895980683750
4,34,88,61,1009934366966530
4,34,88,62,25441537405402886
4,34,88,63,498367002809114314
4,34,88,64,7974433298745260722
4,34,88,65,107825314543167906302
4,34,88,66,1262185804130940665152
4,34,88,67,13019885574989407414126
4,34,88,68,119928959531421908172402
4,34,88,69,996400653582728761908834
4,34,88,70,7524476975057531352747810
4,34,88,71,51954680196129488996406956
4,34,88,72,329508992988380469075962964
4,34,88,73,1926360338113981336192681480
4,34,88,74,10409055851421510007425269271
4,34,88,75,52093223934622240512737696378
4,34,88,76,241832314347768265250781531808
4,34,88,77,1042554239505278380274887381300
4,34,88,78,4177159281829416924743619363040
4,34,88,79,15563191508297781860281526373470
4,34,88,80,53939379499737318504083919244028
4,34,88,81,173939287698055963544395358480772
4,34,88,82,521950545629825448305050248025968
4,34,88,83,1457588828266759282214632350272730
4,34,88,84,3788290887883913248247223537735196
4,34,88,85,9164134016612932708376890391993632
4,34,88,86,20636566134302178753575607345914297
4,34,88,87,43268373666711259928895086089999450
4,34,88,88,84492758442709650861101232539883467
4,34,88,89,153729817871249055277739868437192310
4,34,88,90,260740820706077755499970546657344850
4,34,88,91,412519268765967134843716073579582330
4,34,88,92,609232923301782523930433861117606099
4,34,88,93,840600187705824565777896918336277262
4,34,88,94,1084583501743267015274969141751345652
4,34,88,95,1309887516118698607914511887766737692
4,34,88,96,1482360284325352050749203430136560702
4,34,88,97,1573568985678390725875333608691607538
4,34,88,98,1568544915434548177356337954081003484
4,34,88,99,1469769718025147720627756647819078428
4,34,88,100,1295962281467140103533674248741895941
4,34,88,101,1076357815241923695592751072238355158
4,34,88,102,842845640226089911492781218847836530
4,34,88,103,622791953777126485179213390688065636
4,34,88,104,434595236226402644646795579761359929
4,34,88,105,286603469909694891457705425011795252
4,34,88,106,178731792948716540509537204790765261
4,34,88,107,105457090036936644862717261405678728
4,34,88,108,58896901951160122789880066333722866
4,34,88,109,31145823093419591465833220229946508
4,34,88,110,15599287802758031370132861246806399
4,34,88,111,7400713741509435367234210908267834
4,34,88,112,3326082022189285574638230976187758
4,34,88,113,1416026454967266418083378037450844
4,34,88,114,571007163697291586872320939639547
4,34,88,115,218053719246931235690887868857684
4,34,88,116,78836723783880469009303362918638
4,34,88,117,26977701817873589367793660606304
4,34,88,118,8734630948309803327248896369573
4,34,88,119,2674802333955638670943274499548
4,34,88,120,774450289915242387115763059929
4,34,88,121,211939825943930718698489319266
4,34,88,122,54807544811093864458222250077
4,34,88,123,13390973883079823498282473224
4,34,88,124,3091156732768327730171724213
4,34,88,125,674262642419600906308084628
4,34,88,126,139019014363786900557530154
4,34,88,127,27106225660192005812636700
4,34,88,128,5001399633245684130308613
4,34,88,129,873909320890676315760646
4,34,88,130,144723642387250590816626
4,34,88,131,22732621945692495829808
4,34,88,132,3389217119051797945437
4,34,88,133,479877658448437426850
4,34,88,134,64550608849069255492
4,34,88,135,8250133543730782058
4,34,88,136,1001698611276325479
4,34,88,137,115477666672215148
4,34,88,138,12627610003921319
4,34,88,139,1307776193717468
4,34,88,140,127970551776363
4,34,88,141,11790067141946
4,34,88,142,1017181203638
4,34,88,143,81517404130
4,34,88,144,5991851601
4,34,88,145,397180790
4,34,88,146,23103789
4,34,88,147,1123704
4,34,88,148,44831
4,34,88,149,1140
4,34,88,150,13
4,34,88,151,0
4,34,88,152,0
4,34,88,153,0
4,34,88,154,0
4,34,88,155,0
4,34,88,156,0
4,34,88,157,0
4,34,88,158,0
4,34,88,159,0
4,34,88,160,0
4,34,88,161,0
4,34,88,162,0
4,34,88,163,0
4,34,88,164,0
4,34,88,165,0
4,34,88,166,0
4,34,88,167,0
4,34,88,168,0
4,34,88,169,0
4,34,88,170,0
4,34,88,171,0
4,34,88,172,0
4,34,88,173,0
4,34,88,174,0
4,34,88,175,0
4,34,88,176,0
4,34,88,177,0
4,34,88,178,0
4,34,88,179,0
4,34,88,180,0
4,34,88,181,0
4,34,88,182,0
4,34,88,183,0
4,34,88,184,0
4,34,88,185,0
4,34,88,186,0
4,34,88,187,0
4,34,88,188,0
4,34,88,189,0
4,34,88,190,0
4,34,88,191,0
4,34,88,192,0
4,34,88,193,0
4,34,88,194,0
4,34,88,195,0
4,34,88,196,0
4,34,88,197,0
4,34,88,198,0
4,34,88,199,0
4,34,88,200,0
4,34,88,201,0
4,34,88,202,0
4,34,88,203,0
4,34,88,204,0
4,34,88,205,0
4,34,88,206,0
4,34,88,207,0
4,34,88,208,0
4,34,88,209,0
4,34,88,210,0
4,34,88,211,0
4,34,88,212,0
4,34,88,213,0
4,34,88,214,0
4,34,88,215,0
4,34,88,216,0
4,34,88,217,0
4,34,88,218,0
4,34,88,219,0
4,34,88,220,0
4,34,88,221,0
4,34,88,222,0
4,34,88,223,0
4,34,88,224,0
4,34,88,225,0
4,34,88,226,0
4,34,88,227,0
4,34,88,228,0
4,34,88,229,0
4,34,88,230,0
4,34,88,231,0
4,34,88,232,0
4,34,88,233,0
4,34,88,234,0
4,34,89,0,0
4,34,89,1,0
4,34,89,2,0
4,34,89,3,0
4,34,89,4,0
4,34,89,5,0
4,34,89,6,0
4,34,89,7,0
4,34,89,8,0
4,34,89,9,0
4,34,89,10,0
4,34,89,11,0
4,34,89,12,0
4,34,89,13,0
4,34,89,14,0
4,34,89,15,0
4,34,89,16,0
4,34,89,17,0
4,34,89,18,0
4,34,89,19,0
4,34,89,20,0
4,34,89,21,0
4,34,89,22,0
4,34,89,23,0
4,34,89,24,0
4,34,89,25,0
4,34,89,26,0
4,34,89,27,0
4,34,89,28,0
4,34,89,29,0
4,34,89,30,0
4,34,89,31,0
4,34,89,32,0
4,34,89,33,0
4,34,89,34,0
4,34,89,35,0
4,34,89,36,0
4,34,89,37,0
4,34,89,38,0
4,34,89,39,0
4,34,89,40,0
4,34,89,41,0
4,34,89,42,0
4,34,89,43,0
4,34,89,44,0
4,34,89,45,0
4,34,89,46,0
4,34,89,47,0
4,34,89,48,0
4,34,89,49,0
4,34,89,50,0
4,34,89,51,0
4,34,89,52,0
4,34,89,53,0
4,34,89,54,0
4,34,89,55,0
4,34,89,56,0
4,34,89,57,0
4,34,89,58,0
4,34,89,59,0
4,34,89,60,0
4,34,89,61,3711935040
4,34,89,62,480018209160
4,34,89,63,28729658396580
4,34,89,64,1076005556152960
4,34,89,65,28750314003978836
4,34,89,66,591378428017441500
4,34,89,67,9844589192150329284
4,34,89,68,137337920818637277344
4,34,89,69,1646575070959981249196
4,34,89,70,17284210945958749184692
4,34,89,71,161088789155185023474520
4,34,89,72,1347257436772579017668228
4,34,89,73,10194295822506102589664924
4,34,89,74,70231380797112596975142192
4,34,89,75,442691382680083289572904952
4,34,89,76,2562806260692441400071728776
4,34,89,77,13666203208759412622763913152
4,34,89,78,67277918429760366776703018432
4,34,89,79,306287720523587508705993747644
4,34,89,80,1291139097781315590718621479048
4,34,89,81,5044425815518465648899930452496
4,34,89,82,18278609509431981588917730715260
4,34,89,83,61458495185582591399606855943848
4,34,89,84,191815831938301793236238448717100
4,34,89,85,555866186784158317759815448723232
4,34,89,86,1496031187338815313219289268693364
4,34,89,87,3740201840067261919781994918544920
4,34,89,88,8688505917082730904689671114009784
4,34,89,89,18759734146859226755608859578413204
4,34,89,90,37662522876860769849382266464185284
4,34,89,91,70340234848570513551542859484374436
4,34,89,92,122282904018864913411471102769815904
4,34,89,93,198014971550365019792869197066394480
4,34,89,94,298916164123587618239562562916535240
4,34,89,95,421027921007959637298496886358479668
4,34,89,96,553872866886538360144531594804546172
4,34,89,97,681245537547338464322188473302795628
4,34,89,98,784276063203884884610573616349445048
4,34,89,99,846047867546582598810262805033365064
4,34,89,100,856196171944931268845781721136685676
4,34,89,101,813747958430606434305429113770962468
4,34,89,102,727138661347805163175742711096961816
4,34,89,103,611515363622696764605748535069258088
4,34,89,104,484491727243801876564356336333154536
4,34,89,105,361950692004907576716415462456457652
4,34,89,106,255186104564598969118623121772628956
4,34,89,107,169915129007623062097711117982708924
4,34,89,108,106919630209650668005613478039812152
4,34,89,109,63617221254408067428569874307878952
4,34,89,110,35808223389524655415430526103910592
4,34,89,111,19073818848529491418497450021756212
4,34,89,112,9617279574005112688114731499761504
4,34,89,113,4590889026025777739444245149501084
4,34,89,114,2074912726269224025865877760756324
4,34,89,115,887870492249687914615022200957980
4,34,89,116,359663475447873359075778903277284
4,34,89,117,137897086267927565445195721130068
4,34,89,118,50027640515610122088729977680992
4,34,89,119,17167999558244222764854633311224
4,34,89,120,5570883706266682627259884206000
4,34,89,121,1708651415461480508872389387056
4,34,89,122,495152816791642961504292413992
4,34,89,123,135527376495877159611756323292
4,34,89,124,35026065877101400774236045104
4,34,89,125,8545778725599676745277464592
4,34,89,126,1968283741236345979654733504
4,34,89,127,428009063612240468605503132
4,34,89,128,87898720619740081519542060
4,34,89,129,17056643672151112360724328
4,34,89,130,3129504237215621880421652
4,34,89,131,543338749935125244657344
4,34,89,132,89340051673248979876644
4,34,89,133,13923952533969989367896
4,34,89,134,2058457206095892417592
4,34,89,135,288828290601803166784
4,34,89,136,38478722375825309884
4,34,89,137,4867825578845845692
4,34,89,138,584648789451967032
4,34,89,139,66626162218615824
4,34,89,140,7196434238039244
4,34,89,141,735475704495528
4,34,89,142,70934903863832
4,34,89,143,6431007155008
4,34,89,144,544707882888
4,34,89,145,42726565940
4,34,89,146,3060635740
4,34,89,147,196065920
4,34,89,148,11008996
4,34,89,149,503828
4,34,89,150,18116
4,34,89,151,480
4,34,89,152,0
4,34,89,153,0
4,34,89,154,0
4,34,89,155,0
4,34,89,156,0
4,34,89,157,0
4,34,89,158,0
4,34,89,159,0
4,34,89,160,0
4,34,89,161,0
4,34,89,162,0
4,34,89,163,0
4,34,89,164,0
4,34,89,165,0
4,34,89,166,0
4,34,89,167,0
4,34,89,168,0
4,34,89,169,0
4,34,89,170,0
4,34,89,171,0
4,34,89,172,0
4,34,89,173,0
4,34,89,174,0
4,34,89,175,0
4,34,89,176,0
4,34,89,177,0
4,34,89,178,0
4,34,89,179,0
4,34,89,180,0
4,34,89,181,0
4,34,89,182,0
4,34,89,183,0
4,34,89,184,0
4,34,89,185,0
4,34,89,186,0
4,34,89,187,0
4,34,89,188,0
4,34,89,189,0
4,34,89,190,0
4,34,89,191,0
4,34,89,192,0
4,34,89,193,0
4,34,89,194,0
4,34,89,195,0
4,34,89,196,0
4,34,89,197,0
4,34,89,198,0
4,34,89,199,0
4,34,89,200,0
4,34,89,201,0
4,34,89,202,0
4,34,89,203,0
4,34,89,204,0
4,34,89,205,0
4,34,89,206,0
4,34,89,207,0
4,34,89,208,0
4,34,89,209,0
4,34,89,210,0
4,34,89,211,0
4,34,89,212,0
4,34,89,213,0
4,34,89,214,0
4,34,89,215,0
4,34,89,216,0
4,34,89,217,0
4,34,89,218,0
4,34,89,219,0
4,34,89,220,0
4,34,89,221,0
4,34,89,222,0
4,34,89,223,0
4,34,89,224,0
4,34,89,225,0
4,34,89,226,0
4,34,89,227,0
4,34,89,228,0
4,34,89,229,0
4,34,89,230,0
4,34,89,231,0
4,34,89,232,0
4,34,89,233,0
4,34,89,234,0
4,34,90,0,0
4,34,90,1,0
4,34,90,2,0
4,34,90,3,0
4,34,90,4,0
4,34,90,5,0
4,34,90,6,0
4,34,90,7,0
4,34,90,8,0
4,34,90,9,0
4,34,90,10,0
4,34,90,11,0
4,34,90,12,0
4,34,90,13,0
4,34,90,14,0
4,34,90,15,0
4,34,90,16,0
4,34,90,17,0
4,34,90,18,0
4,34,90,19,0
4,34,90,20,0
4,34,90,21,0
4,34,90,22,0
4,34,90,23,0
4,34,90,24,0
4,34,90,25,0
4,34,90,26,0
4,34,90,27,0
4,34,90,28,0
4,34,90,29,0
4,34,90,30,0
4,34,90,31,0
4,34,90,32,0
4,34,90,33,0
4,34,90,34,0
4,34,90,35,0
4,34,90,36,0
4,34,90,37,0
4,34,90,38,0
4,34,90,39,0
4,34,90,40,0
4,34,90,41,0
4,34,90,42,0
4,34,90,43,0
4,34,90,44,0
4,34,90,45,0
4,34,90,46,0
4,34,90,47,0
4,34,90,48,0
4,34,90,49,0
4,34,90,50,0
4,34,90,51,0
4,34,90,52,0
4,34,90,53,0
4,34,90,54,0
4,34,90,55,0
4,34,90,56,0
4,34,90,57,0
4,34,90,58,0
4,34,90,59,0
4,34,90,60,0
4,34,90,61,0
4,34,90,62,0
4,34,90,63,0
4,34,90,64,2783951280
4,34,90,65,393117740640
4,34,90,66,25492332850320
4,34,90,67,1025205897192450
4,34,90,68,29131487621041130
4,34,90,69,631087256927979818
4,34,90,70,10962606334247384760
4,34,90,71,158245319720466465122
4,34,90,72,1948324254022600298116
4,34,90,73,20861579096423898172312
4,34,90,74,197141508926580344915162
4,34,90,75,1662815957281506673801330
4,34,90,76,12627561850588184859872452
4,34,90,77,86922601404195189587833040
4,34,90,78,545208991727284842018059848
4,34,90,79,3128849663218626082388960580
4,34,90,80,16480723116608411690874886248
4,34,90,81,79873810947192648202312490218
4,34,90,82,356853639603164658365667545038
4,34,90,83,1471844008834185891138609367638
4,34,90,84,5610459003432288671194999139810
4,34,90,85,19781793643727251619976539574588
4,34,90,86,64557449295139688205507769852238
4,34,90,87,195104014214030398821569133693074
4,34,90,88,546281144801691944869012665486528
4,34,90,89,1417659644008599800264911595036218
4,34,90,90,3411224083291556142583833993509384
4,34,90,91,7614175966010959097798301690453592
4,34,90,92,15773509920765163442309228407032238
4,34,90,93,30344506889585752375164862813399586
4,34,90,94,54246607560780331036796342263116674
4,34,90,95,90187016343283212545215580244595388
4,34,90,96,139564888723061922049202885361351454
4,34,90,97,201229463776855639265171878058798272
4,34,90,98,270612739231648167455869499241541726
4,34,90,99,339807231587474599451893829519174704
4,34,90,100,398888221480487723774252360814260430
4,34,90,101,438249676563600782965045417533476056
4,34,90,102,451194082012222829869066077786671692
4,34,90,103,435802329487361688132603791503290544
4,34,90,104,395365215147848527249912524094029852
4,34,90,105,337261645710415491271492037243974552
4,34,90,106,270797310305116396711338498563204552
4,34,90,107,204855427958484145682977301529104396
4,34,90,108,146135849173095002009389548351715330
4,34,90,109,98381433586201479969995874956339598
4,34,90,110,62548331561320764197457160345214276
4,34,90,111,37576833523163448180885097139615742
4,34,90,112,21342124125148956860145342723073254
4,34,90,113,11463946822315432358028569219161618
4,34,90,114,5825465043669718795045731913203124
4,34,90,115,2800934574644878389954195844388538
4,34,90,116,1274333953508483959440583002158896
4,34,90,117,548606383208331695156624106074138
4,34,90,118,223452190701460914066114409484918
4,34,90,119,86092589889231825775358841389798
4,34,90,120,31367648175675992241645766544370
4,34,90,121,10803949959142013699886135358890
4,34,90,122,3516379679864612229724822937600
4,34,90,123,1081029408062579437386191072472
4,34,90,124,313778219147677213119083599264
4,34,90,125,85956601431254262485894337070
4,34,90,126,22215844904030920066167500962
4,34,90,127,5415956779551534525573894740
4,34,90,128,1245319511740180784844313236
4,34,90,129,270098497825524566324112124
4,34,90,130,55275146492553260518024960
4,34,90,131,10678845613578576534192868
4,34,90,132,1948974731660188158035356
4,34,90,133,336307201887540033642310
4,34,90,134,54916677859627856065516
4,34,90,135,8493659248302972742952
4,34,90,136,1245235471845647736900
4,34,90,137,173159249445143103936
4,34,90,138,22848091065006034330
4,34,90,139,2860967229629861018
4,34,90,140,339885970589002838
4,34,90,141,38284788701085696
4,34,90,142,4083905143496796
4,34,90,143,411773386843070
4,34,90,144,39129036862294
4,34,90,145,3488960064760
4,34,90,146,289937380472
4,34,90,147,22226363138
4,34,90,148,1550339596
4,34,90,149,95910216
4,34,90,150,5131476
4,34,90,151,226510
4,34,90,152,7016
4,34,90,153,168
4,34,90,154,0
4,34,90,155,0
4,34,90,156,0
4,34,90,157,0
4,34,90,158,0
4,34,90,159,0
4,34,90,160,0
4,34,90,161,0
4,34,90,162,0
4,34,90,163,0
4,34,90,164,0
4,34,90,165,0
4,34,90,166,0
4,34,90,167,0
4,34,90,168,0
4,34,90,169,0
4,34,90,170,0
4,34,90,171,0
4,34,90,172,0
4,34,90,173,0
4,34,90,174,0
4,34,90,175,0
4,34,90,176,0
4,34,90,177,0
4,34,90,178,0
4,34,90,179,0
4,34,90,180,0
4,34,90,181,0
4,34,90,182,0
4,34,90,183,0
4,34,90,184,0
4,34,90,185,0
4,34,90,186,0
4,34,90,187,0
4,34,90,188,0
4,34,90,189,0
4,34,90,190,0
4,34,90,191,0
4,34,90,192,0
4,34,90,193,0
4,34,90,194,0
4,34,90,195,0
4,34,90,196,0
4,34,90,197,0
4,34,90,198,0
4,34,90,199,0
4,34,90,200,0
4,34,90,201,0
4,34,90,202,0
4,34,90,203,0
4,34,90,204,0
4,34,90,205,0
4,34,90,206,0
4,34,90,207,0
4,34,90,208,0
4,34,90,209,0
4,34,90,210,0
4,34,90,211,0
4,34,90,212,0
4,34,90,213,0
4,34,90,214,0
4,34,90,215,0
4,34,90,216,0
4,34,90,217,0
4,34,90,218,0
4,34,90,219,0
4,34,90,220,0
4,34,90,221,0
4,34,90,222,0
4,34,90,223,0
4,34,90,224,0
4,34,90,225,0
4,34,90,226,0
4,34,90,227,0
4,34,90,228,0
4,34,90,229,0
4,34,90,230,0
4,34,90,231,0
4,34,90,232,0
4,34,90,233,0
4,34,90,234,0
4,34,91,0,0
4,34,91,1,0
4,34,91,2,0
4,34,91,3,0
4,34,91,4,0
4,34,91,5,0
4,34,91,6,0
4,34,91,7,0
4,34,91,8,0
4,34,91,9,0
4,34,91,10,0
4,34,91,11,0
4,34,91,12,0
4,34,91,13,0
4,34,91,14,0
4,34,91,15,0
4,34,91,16,0
4,34,91,17,0
4,34,91,18,0
4,34,91,19,0
4,34,91,20,0
4,34,91,21,0
4,34,91,22,0
4,34,91,23,0
4,34,91,24,0
4,34,91,25,0
4,34,91,26,0
4,34,91,27,0
4,34,91,28,0
4,34,91,29,0
4,34,91,30,0
4,34,91,31,0
4,34,91,32,0
4,34,91,33,0
4,34,91,34,0
4,34,91,35,0
4,34,91,36,0
4,34,91,37,0
4,34,91,38,0
4,34,91,39,0
4,34,91,40,0
4,34,91,41,0
4,34,91,42,0
4,34,91,43,0
4,34,91,44,0
4,34,91,45,0
4,34,91,46,0
4,34,91,47,0
4,34,91,48,0
4,34,91,49,0
4,34,91,50,0
4,34,91,51,0
4,34,91,52,0
4,34,91,53,0
4,34,91,54,0
4,34,91,55,0
4,34,91,56,0
4,34,91,57,0
4,34,91,58,0
4,34,91,59,0
4,34,91,60,0
4,34,91,61,0
4,34,91,62,0
4,34,91,63,0
4,34,91,64,0
4,34,91,65,0
4,34,91,66,0
4,34,91,67,1855967520
4,34,91,68,286573295040
4,34,91,69,20169575323560
4,34,91,70,872977270094840
4,34,91,71,26453243858682556
4,34,91,72,605405548510818004
4,34,91,73,11008717422382405976
4,34,91,74,164932651401870102988
4,34,91,75,2091271362654817535748
4,34,91,76,22899801682999436346916
4,34,91,77,219924715959890248512236
4,34,91,78,1874566311360908139256876
4,34,91,79,14312555504636858742170136
4,34,91,80,98592786675201034529136440
4,34,91,81,616205209593359879144771280
4,34,91,82,3509684510850754774812564152
4,34,91,83,18279648082892798242772482676
4,34,91,84,87295629339279196895455795904
4,34,91,85,383048354560427062283429876460
4,34,91,86,1546901930477630430413901394200
4,34,91,87,5756758043725763256465747520468
4,34,91,88,19762489658668530437895838892072
4,34,91,89,62634400388673592416847050756356
4,34,91,90,183398059031149774757189027668428
4,34,91,91,496428937403465887362230281230064
4,34,91,92,1242958964456297057771336380660056
4,34,91,93,2880408460156733680372816246033180
4,34,91,94,6181960662320709083931008501347096
4,34,91,95,12296405868330466765071632265588152
4,34,91,96,22685583280890142549368801064480488
4,34,91,97,38852672671078066931776806290127780
4,34,91,98,61831657277067092059881495051487188
4,34,91,99,91533138563068561630012346805294592
4,34,91,100,126187351297121058000537702363972740
4,34,91,101,162197177320873203157048753986149332
4,34,91,102,194625670531481656519802965555904376
4,34,91,103,218291149208230736378712245203801072
4,34,91,104,229140805423807624892490173408493124
4,34,91,105,225394158177220193672522007592486160
4,34,91,106,208010249293180574092528812331810840
4,34,91,107,180315779683403922280369242330243480
4,34,91,108,146982509037932629410512643958376340
4,34,91,109,112777464750922178961455272518070628
4,34,91,110,81528093194572093676194348768298520
4,34,91,111,55575398350950869769228465646536160
4,34,91,112,35749205711696118948343770624196960
4,34,91,113,21713573237714467838868335550731120
4,34,91,114,12459572350047094611144189370957048
4,34,91,115,6757101051407279304249159497597136
4,34,91,116,3464448594543644665516042648712120
4,34,91,117,1679608346110687371234329203321000
4,34,91,118,770050865750128931152396249482220
4,34,91,119,333856942281283988500073303397628
4,34,91,120,136861071499193620522244980646312
4,34,91,121,53037923679786818406332421918860
4,34,91,122,19424604330687876512321543428996
4,34,91,123,6720750297863260556584737309640
4,34,91,124,2195835842804138655607131189184
4,34,91,125,677173623854413230935654960076
4,34,91,126,197022676714672318329138084140
4,34,91,127,54057627073568691990094981616
4,34,91,128,13981641929891643535643353384
4,34,91,129,3408015412527334823322225684
4,34,91,130,782769454174591420166016376
4,34,91,131,169427644684548334501150152
4,34,91,132,34568182883499056258941608
4,34,91,133,6651699492320342797133120
4,34,91,134,1207991889656006644228420
4,34,91,135,207228853288539382033976
4,34,91,136,33612885740451140129524
4,34,91,137,5159900447493097653956
4,34,91,138,750281421426984843308
4,34,91,139,103405521897757056352
4,34,91,140,13513926011901351908
4,34,91,141,1674883336571701768
4,34,91,142,196805100009242012
4,34,91,143,21908902067642052
4,34,91,144,2307618506533524
4,34,91,145,229484352822000
4,34,91,146,21477038965304
4,34,91,147,1882214168572
4,34,91,148,153332951708
4,34,91,149,11478543720
4,34,91,150,777443660
4,34,91,151,46443396
4,34,91,152,2362508
4,34,91,153,98108
4,34,91,154,2796
4,34,91,155,48
4,34,91,156,0
4,34,91,157,0
4,34,91,158,0
4,34,91,159,0
4,34,91,160,0
4,34,91,161,0
4,34,91,162,0
4,34,91,163,0
4,34,91,164,0
4,34,91,165,0
4,34,91,166,0
4,34,91,167,0
4,34,91,168,0
4,34,91,169,0
4,34,91,170,0
4,34,91,171,0
4,34,91,172,0
4,34,91,173,0
4,34,91,174,0
4,34,91,175,0
4,34,91,176,0
4,34,91,177,0
4,34,91,178,0
4,34,91,179,0
4,34,91,180,0
4,34,91,181,0
4,34,91,182,0
4,34,91,183,0
4,34,91,184,0
4,34,91,185,0
4,34,91,186,0
4,34,91,187,0
4,34,91,188,0
4,34,91,189,0
4,34,91,190,0
4,34,91,191,0
4,34,91,192,0
4,34,91,193,0
4,34,91,194,0
4,34,91,195,0
4,34,91,196,0
4,34,91,197,0
4,34,91,198,0
4,34,91,199,0
4,34,91,200,0
4,34,91,201,0
4,34,91,202,0
4,34,91,203,0
4,34,91,204,0
4,34,91,205,0
4,34,91,206,0
4,34,91,207,0
4,34,91,208,0
4,34,91,209,0
4,34,91,210,0
4,34,91,211,0
4,34,91,212,0
4,34,91,213,0
4,34,91,214,0
4,34,91,215,0
4,34,91,216,0
4,34,91,217,0
4,34,91,218,0
4,34,91,219,0
4,34,91,220,0
4,34,91,221,0
4,34,91,222,0
4,34,91,223,0
4,34,91,224,0
4,34,91,225,0
4,34,91,226,0
4,34,91,227,0
4,34,91,228,0
4,34,91,229,0
4,34,91,230,0
4,34,91,231,0
4,34,91,232,0
4,34,91,233,0
4,34,91,234,0
4,34,92,0,0
4,34,92,1,0
4,34,92,2,0
4,34,92,3,0
4,34,92,4,0
4,34,92,5,0
4,34,92,6,0
4,34,92,7,0
4,34,92,8,0
4,34,92,9,0
4,34,92,10,0
4,34,92,11,0
4,34,92,12,0
4,34,92,13,0
4,34,92,14,0
4,34,92,15,0
4,34,92,16,0
4,34,92,17,0
4,34,92,18,0
4,34,92,19,0
4,34,92,20,0
4,34,92,21,0
4,34,92,22,0
4,34,92,23,0
4,34,92,24,0
4,34,92,25,0
4,34,92,26,0
4,34,92,27,0
4,34,92,28,0
4,34,92,29,0
4,34,92,30,0
4,34,92,31,0
4,34,92,32,0
4,34,92,33,0
4,34,92,34,0
4,34,92,35,0
4,34,92,36,0
4,34,92,37,0
4,34,92,38,0
4,34,92,39,0
4,34,92,40,0
4,34,92,41,0
4,34,92,42,0
4,34,92,43,0
4,34,92,44,0
4,34,92,45,0
4,34,92,46,0
4,34,92,47,0
4,34,92,48,0
4,34,92,49,0
4,34,92,50,0
4,34,92,51,0
4,34,92,52,0
4,34,92,53,0
4,34,92,54,0
4,34,92,55,0
4,34,92,56,0
4,34,92,57,0
4,34,92,58,0
4,34,92,59,0
4,34,92,60,0
4,34,92,61,0
4,34,92,62,0
4,34,92,63,0
4,34,92,64,0
4,34,92,65,0
4,34,92,66,0
4,34,92,67,0
4,34,92,68,0
4,34,92,69,0
4,34,92,70,1096708080
4,34,92,71,185565035280
4,34,92,72,14207614692750
4,34,92,73,663534229468730
4,34,92,74,21505818105330926
4,34,92,75,521644041237154166
4,34,92,76,9962808087374143644
4,34,92,77,155425171572845611374
4,34,92,78,2035764487391644922116
4,34,92,79,22861125456954224614718
4,34,92,80,223686615392541602002954
4,34,92,81,1931050560937851863789004
4,34,92,82,14852614476784410740000434
4,34,92,83,102563686029193510748253528
4,34,92,84,639704345656552123595102824
4,34,92,85,3620907269925271537661597356
4,34,92,86,18669362797513180154228637899
4,34,92,87,87941762477576000939239127684
4,34,92,88,379338159199069951924049974328
4,34,92,89,1501164411325320582715352889338
4,34,92,90,5458163537545782443704411998955
4,34,92,91,18256166834383141730003139636376
4,34,92,92,56229139979718162567007254382057
4,34,92,93,159621115389842281593197744607530
4,34,92,94,417977352558885284300018334566931
4,34,92,95,1010400111158421058144631420572208
4,34,92,96,2256637067086439035159955980340926
4,34,92,97,4660419619297840599644235378035206
4,34,92,98,8907954041353319645269499057743294
4,34,92,99,15774250567459718799392606316210370
4,34,92,100,25906079225288576912501175695775268
4,34,92,101,39503609920444216017429579907725456
4,34,92,102,55999743852035674118285142827208471
4,34,92,103,73893734843178860384091162828716300
4,34,92,104,90882051633441851748894903850286410
4,34,92,105,104323908593190037443313083496109040
4,34,92,106,111921012155426192590816490266751837
4,34,92,107,112367273455449556456734147211305060
4,34,92,108,105713405347715451326448245373512960
4,34,92,109,93308150757543657263944904528649658
4,34,92,110,77359740071432354989790040993614084
4,34,92,111,60309662985958306086220599184882244
4,34,92,112,44255327332676730599483004702073765
4,34,92,113,30594094613986792778334089183627714
4,34,92,114,19940844178537412403796163606548555
4,34,92,115,12262412434173109887018145549605464
4,34,92,116,7118330926299795883665027556098643
4,34,92,117,3902509153101782769724060324082426
4,34,92,118,2021234888273355378922998611963247
4,34,92,119,989214622921636252525608325564802
4,34,92,120,457519704584688208993593342681645
4,34,92,121,199972980502757230214269272865974
4,34,92,122,82589662388293017681194152214389
4,34,92,123,32224049460832945297667386543398
4,34,92,124,11874139251843507140799245869261
4,34,92,125,4130710970139395827909501784376
4,34,92,126,1355981071587945157706109977903
4,34,92,127,419832151653772716734201162462
4,34,92,128,122538192496137408675963097024
4,34,92,129,33699964144848510078463338810
4,34,92,130,8728984071404985594844993723
4,34,92,131,2128795635643802248715301218
4,34,92,132,488727381376384542719857280
4,34,92,133,105626942519324266189294418
4,34,92,134,21496729133182067089342691
4,34,92,135,4121745172933376662607692
4,34,92,136,745113107865551802072374
4,34,92,137,127114266111885540818484
4,34,92,138,20485098373421563626480
4,34,92,139,3121711170058901757732
4,34,92,140,450248371271121986208
4,34,92,141,61507165587622384258
4,34,92,142,7961692270442166189
4,34,92,143,976644345366533098
4,34,92,144,113497304256254186
4,34,92,145,12485339210098208
4,34,92,146,1298213044658498
4,34,92,147,127292346786888
4,34,92,148,11727296133062
4,34,92,149,1009556046210
4,34,92,150,80544385659
4,34,92,151,5879688526
4,34,92,152,386343674
4,34,92,153,22217298
4,34,92,154,1067143
4,34,92,155,42114
4,34,92,156,1045
4,34,92,157,12
4,34,92,158,0
4,34,92,159,0
4,34,92,160,0
4,34,92,161,0
4,34,92,162,0
4,34,92,163,0
4,34,92,164,0
4,34,92,165,0
4,34,92,166,0
4,34,92,167,0
4,34,92,168,0
4,34,92,169,0
4,34,92,170,0
4,34,92,171,0
4,34,92,172,0
4,34,92,173,0
4,34,92,174,0
4,34,92,175,0
4,34,92,176,0
4,34,92,177,0
4,34,92,178,0
4,34,92,179,0
4,34,92,180,0
4,34,92,181,0
4,34,92,182,0
4,34,92,183,0
4,34,92,184,0
4,34,92,185,0
4,34,92,186,0
4,34,92,187,0
4,34,92,188,0
4,34,92,189,0
4,34,92,190,0
4,34,92,191,0
4,34,92,192,0
4,34,92,193,0
4,34,92,194,0
4,34,92,195,0
4,34,92,196,0
4,34,92,197,0
4,34,92,198,0
4,34,92,199,0
4,34,92,200,0
4,34,92,201,0
4,34,92,202,0
4,34,92,203,0
4,34,92,204,0
4,34,92,205,0
4,34,92,206,0
4,34,92,207,0
4,34,92,208,0
4,34,92,209,0
4,34,92,210,0
4,34,92,211,0
4,34,92,212,0
4,34,92,213,0
4,34,92,214,0
4,34,92,215,0
4,34,92,216,0
4,34,92,217,0
4,34,92,218,0
4,34,92,219,0
4,34,92,220,0
4,34,92,221,0
4,34,92,222,0
4,34,92,223,0
4,34,92,224,0
4,34,92,225,0
4,34,92,226,0
4,34,92,227,0
4,34,92,228,0
4,34,92,229,0
4,34,92,230,0
4,34,92,231,0
4,34,92,232,0
4,34,92,233,0
4,34,92,234,0
4,34,93,0,0
4,34,93,1,0
4,34,93,2,0
4,34,93,3,0
4,34,93,4,0
4,34,93,5,0
4,34,93,6,0
4,34,93,7,0
4,34,93,8,0
4,34,93,9,0
4,34,93,10,0
4,34,93,11,0
4,34,93,12,0
4,34,93,13,0
4,34,93,14,0
4,34,93,15,0
4,34,93,16,0
4,34,93,17,0
4,34,93,18,0
4,34,93,19,0
4,34,93,20,0
4,34,93,21,0
4,34,93,22,0
4,34,93,23,0
4,34,93,24,0
4,34,93,25,0
4,34,93,26,0
4,34,93,27,0
4,34,93,28,0
4,34,93,29,0
4,34,93,30,0
4,34,93,31,0
4,34,93,32,0
4,34,93,33,0
4,34,93,34,0
4,34,93,35,0
4,34,93,36,0
4,34,93,37,0
4,34,93,38,0
4,34,93,39,0
4,34,93,40,0
4,34,93,41,0
4,34,93,42,0
4,34,93,43,0
4,34,93,44,0
4,34,93,45,0
4,34,93,46,0
4,34,93,47,0
4,34,93,48,0
4,34,93,49,0
4,34,93,50,0
4,34,93,51,0
4,34,93,52,0
4,34,93,53,0
4,34,93,54,0
4,34,93,55,0
4,34,93,56,0
4,34,93,57,0
4,34,93,58,0
4,34,93,59,0
4,34,93,60,0
4,34,93,61,0
4,34,93,62,0
4,34,93,63,0
4,34,93,64,0
4,34,93,65,0
4,34,93,66,0
4,34,93,67,0
4,34,93,68,0
4,34,93,69,0
4,34,93,70,0
4,34,93,71,0
4,34,93,72,0
4,34,93,73,572195520
4,34,93,74,106419952080
4,34,93,75,8889758852652
4,34,93,76,449361441873048
4,34,93,77,15628977652998344
4,34,93,78,403192390275564320
4,34,93,79,8116803742150121164
4,34,93,80,132316292449261495188
4,34,93,81,1796216721617045380204
4,34,93,82,20749122402854737950640
4,34,93,83,207413145869722223975544
4,34,93,84,1817951029894068772124860
4,34,93,85,14116522443437247558836324
4,34,93,86,97906810851584943339186764
4,34,93,87,610429916644720559422709944
4,34,93,88,3438849377952292888287625060
4,34,93,89,17575405259518997642740416412
4,34,93,90,81755145504547000751136672440
4,34,93,91,347029241175564375237399779392
4,34,93,92,1346996361591329898826065238204
4,34,93,93,4789173810944486420118323444316
4,34,93,94,15619676276584432447506851982160
4,34,93,95,46788438916769820383967350704164
4,34,93,96,128867075592735147304411181340524
4,34,93,97,326687567673675933471518719738072
4,34,93,98,763043913465433697740078259665220
4,34,93,99,1643753736244947963107706899758012
4,34,93,100,3269305387463904857403423280990644
4,34,93,101,6010251223717901104022571819759056
4,34,93,102,10225048315436507531964992744358344
4,34,93,103,16118414467987793756269405893398440
4,34,93,104,23574432832744307076487195291972968
4,34,93,105,32034957571142801660017509311844508
4,34,93,106,40503274156273238029628267081255896
4,34,93,107,47716325031414080155259014480516076
4,34,93,108,52454424546719382894627853128113888
4,34,93,109,53883211819322918455062387137868532
4,34,93,110,51794173486744216999203337116559564
4,34,93,111,46648590382568339177626470610876916
4,34,93,112,39415585114893221827611763111144540
4,34,93,113,31280443327639241901538064082531488
4,34,93,114,23340729309518653998525403788517936
4,34,93,115,16391084312548206639651028990371948
4,34,93,116,10842244822885782885554329213735872
4,34,93,117,6760285303600433678894129108682964
4,34,93,118,3975661501217003207616817519946824
4,34,93,119,2206297714038014583139817516364724
4,34,93,120,1155814605643616931482642289281740
4,34,93,121,571726046109899893938433623572756
4,34,93,122,267065549872855571314538046280484
4,34,93,123,117809759928163516403774394608748
4,34,93,124,49071843743657653121335003511788
4,34,93,125,19296506157778646203639845751100
4,34,93,126,7161179969126091456288965186184
4,34,93,127,2507127332741525110573425517528
4,34,93,128,827654569193023399412456243812
4,34,93,129,257499053988282410117393687104
4,34,93,130,75460309966902103126441999316
4,34,93,131,20818308527362125829032047552
4,34,93,132,5404393559208932991221958156
4,34,93,133,1319649513913271774244996844
4,34,93,134,303028573859048309005115776
4,34,93,135,65435794590680135903140732
4,34,93,136,13290937890986710990007456
4,34,93,137,2540520229346923697086816
4,34,93,138,457347037315446751836608
4,34,93,139,77614556106335061631076
4,34,93,140,12430333460163352236280
4,34,93,141,1880767598349594489848
4,34,93,142,269106061862860987184
4,34,93,143,36440114757475391868
4,34,93,144,4672052740078931736
4,34,93,145,567219187330324848
4,34,93,146,65186476307234976
4,34,93,147,7084913176029368
4,34,93,148,727069658522456
4,34,93,149,70266326986000
4,34,93,150,6369444473492
4,34,93,151,538183591772
4,34,93,152,42013626336
4,34,93,153,2987836304
4,34,93,154,189676832
4,34,93,155,10530660
4,34,93,156,475404
4,34,93,157,16920
4,34,93,158,440
4,34,93,159,0
4,34,93,160,0
4,34,93,161,0
4,34,93,162,0
4,34,93,163,0
4,34,93,164,0
4,34,93,165,0
4,34,93,166,0
4,34,93,167,0
4,34,93,168,0
4,34,93,169,0
4,34,93,170,0
4,34,93,171,0
4,34,93,172,0
4,34,93,173,0
4,34,93,174,0
4,34,93,175,0
4,34,93,176,0
4,34,93,177,0
4,34,93,178,0
4,34,93,179,0
4,34,93,180,0
4,34,93,181,0
4,34,93,182,0
4,34,93,183,0
4,34,93,184,0
4,34,93,185,0
4,34,93,186,0
4,34,93,187,0
4,34,93,188,0
4,34,93,189,0
4,34,93,190,0
4,34,93,191,0
4,34,93,192,0
4,34,93,193,0
4,34,93,194,0
4,34,93,195,0
4,34,93,196,0
4,34,93,197,0
4,34,93,198,0
4,34,93,199,0
4,34,93,200,0
4,34,93,201,0
4,34,93,202,0
4,34,93,203,0
4,34,93,204,0
4,34,93,205,0
4,34,93,206,0
4,34,93,207,0
4,34,93,208,0
4,34,93,209,0
4,34,93,210,0
4,34,93,211,0
4,34,93,212,0
4,34,93,213,0
4,34,93,214,0
4,34,93,215,0
4,34,93,216,0
4,34,93,217,0
4,34,93,218,0
4,34,93,219,0
4,34,93,220,0
4,34,93,221,0
4,34,93,222,0
4,34,93,223,0
4,34,93,224,0
4,34,93,225,0
4,34,93,226,0
4,34,93,227,0
4,34,93,228,0
4,34,93,229,0
4,34,93,230,0
4,34,93,231,0
4,34,93,232,0
4,34,93,233,0
4,34,93,234,0
4,34,94,0,0
4,34,94,1,0
4,34,94,2,0
4,34,94,3,0
4,34,94,4,0
4,34,94,5,0
4,34,94,6,0
4,34,94,7,0
4,34,94,8,0
4,34,94,9,0
4,34,94,10,0
4,34,94,11,0
4,34,94,12,0
4,34,94,13,0
4,34,94,14,0
4,34,94,15,0
4,34,94,16,0
4,34,94,17,0
4,34,94,18,0
4,34,94,19,0
4,34,94,20,0
4,34,94,21,0
4,34,94,22,0
4,34,94,23,0
4,34,94,24,0
4,34,94,25,0
4,34,94,26,0
4,34,94,27,0
4,34,94,28,0
4,34,94,29,0
4,34,94,30,0
4,34,94,31,0
4,34,94,32,0
4,34,94,33,0
4,34,94,34,0
4,34,94,35,0
4,34,94,36,0
4,34,94,37,0
4,34,94,38,0
4,34,94,39,0
4,34,94,40,0
4,34,94,41,0
4,34,94,42,0
4,34,94,43,0
4,34,94,44,0
4,34,94,45,0
4,34,94,46,0
4,34,94,47,0
4,34,94,48,0
4,34,94,49,0
4,34,94,50,0
4,34,94,51,0
4,34,94,52,0
4,34,94,53,0
4,34,94,54,0
4,34,94,55,0
4,34,94,56,0
4,34,94,57,0
4,34,94,58,0
4,34,94,59,0
4,34,94,60,0
4,34,94,61,0
4,34,94,62,0
4,34,94,63,0
4,34,94,64,0
4,34,94,65,0
4,34,94,66,0
4,34,94,67,0
4,34,94,68,0
4,34,94,69,0
4,34,94,70,0
4,34,94,71,0
4,34,94,72,0
4,34,94,73,0
4,34,94,74,0
4,34,94,75,0
4,34,94,76,262256280
4,34,94,77,53839110624
4,34,94,78,4925446357704
4,34,94,79,270458858799742
4,34,94,80,10131808224108500
4,34,94,81,279051236992687206
4,34,94,82,5944173012456322274
4,34,94,83,101635917982796753396
4,34,94,84,1435129688791634766674
4,34,94,85,17109928405583790370430
4,34,94,86,175263874621953433961144
4,34,94,87,1563899227971621735320096
4,34,94,88,12289621464364164369549744
4,34,94,89,85791761104906798775729950
4,34,94,90,535703661373537616833073292
4,34,94,91,3008598785359396518757308138
4,34,94,92,15264286430029861492039073062
4,34,94,93,70210079736977074217112019088
4,34,94,94,293616339284699323564796736770
4,34,94,95,1119029875159818416708311686508
4,34,94,96,3894370006793710845211398439170
4,34,94,97,12396396158439305493929748231498
4,34,94,98,36145753054638259878494824829312
4,34,94,99,96673265371191790824716168352036
4,34,94,100,237462111506292468147284264425208
4,34,94,101,536365337499016485708616497192072
4,34,94,102,1115446929952699663824924319754280
4,34,94,103,2138540564113251961903343711727812
4,34,94,104,3784838284763996486048644069297412
4,34,94,105,6192197991917744569783125724788350
4,34,94,106,9378674538621361713820746149657770
4,34,94,107,13170129588835381291014738471408532
4,34,94,108,17173491839067074497180828132457830
4,34,94,109,20826795344698979953585900764174538
4,34,94,110,23526389868735621031146243355806864
4,34,94,111,24792490591748323037074282463694754
4,34,94,112,24409598878280194363409543988707814
4,34,94,113,22485001619164395285882450360090938
4,34,94,114,19404336856273650141180017471420728
4,34,94,115,15707964003994544424364766170372510
4,34,94,116,11941335475587505587331226429415256
4,34,94,117,8533868201029059775754907431590282
4,34,94,118,5738465505682171940835294685522338
4,34,94,119,3633673477589473306467706412504478
4,34,94,120,2168129023602740156085675824733502
4,34,94,121,1219682610362984055545257978099684
4,34,94,122,647155489875639490983587139255192
4,34,94,123,323960811182109659796875083910556
4,34,94,124,153025956487640738431519353026412
4,34,94,125,68208591769306233634205480707680
4,34,94,126,28686289697162536277832826919782
4,34,94,127,11381007395370687051704758164332
4,34,94,128,4258149730708640670458523163212
4,34,94,129,1501813063308644250620434723510
4,34,94,130,499057964989725222211014502078
4,34,94,131,156165588768077810623886807310
4,34,94,132,45990020897406916531670318718
4,34,94,133,12738887024382144456546938328
4,34,94,134,3317071971705042339139358862
4,34,94,135,811601235725227808307861260
4,34,94,136,186539983929603105249889020
4,34,94,137,40272916917330582256625384
4,34,94,138,8168671247378988242945352
4,34,94,139,1557395434924749463207558
4,34,94,140,279312871678775806389004
4,34,94,141,47169815531932956180294
4,34,94,142,7509579176262286257814
4,34,94,143,1128364844479992130506
4,34,94,144,160184998057055681692
4,34,94,145,21502539645683046504
4,34,94,146,2730679358556618070
4,34,94,147,328100119103474720
4,34,94,148,37284142193633604
4,34,94,149,4003000422988152
4,34,94,150,405328696845256
4,34,94,151,38593818555046
4,34,94,152,3440217342422
4,34,94,153,285116085246
4,34,94,154,21747143678
4,34,94,155,1505413410
4,34,94,156,92253494
4,34,94,157,4883946
4,34,94,158,212344
4,34,94,159,6508
4,34,94,160,154
4,34,94,161,0
4,34,94,162,0
4,34,94,163,0
4,34,94,164,0
4,34,94,165,0
4,34,94,166,0
4,34,94,167,0
4,34,94,168,0
4,34,94,169,0
4,34,94,170,0
4,34,94,171,0
4,34,94,172,0
4,34,94,173,0
4,34,94,174,0
4,34,94,175,0
4,34,94,176,0
4,34,94,177,0
4,34,94,178,0
4,34,94,179,0
4,34,94,180,0
4,34,94,181,0
4,34,94,182,0
4,34,94,183,0
4,34,94,184,0
4,34,94,185,0
4,34,94,186,0
4,34,94,187,0
4,34,94,188,0
4,34,94,189,0
4,34,94,190,0
4,34,94,191,0
4,34,94,192,0
4,34,94,193,0
4,34,94,194,0
4,34,94,195,0
4,34,94,196,0
4,34,94,197,0
4,34,94,198,0
4,34,94,199,0
4,34,94,200,0
4,34,94,201,0
4,34,94,202,0
4,34,94,203,0
4,34,94,204,0
4,34,94,205,0
4,34,94,206,0
4,34,94,207,0
4,34,94,208,0
4,34,94,209,0
4,34,94,210,0
4,34,94,211,0
4,34,94,212,0
4,34,94,213,0
4,34,94,214,0
4,34,94,215,0
4,34,94,216,0
4,34,94,217,0
4,34,94,218,0
4,34,94,219,0
4,34,94,220,0
4,34,94,221,0
4,34,94,222,0
4,34,94,223,0
4,34,94,224,0
4,34,94,225,0
4,34,94,226,0
4,34,94,227,0
4,34,94,228,0
4,34,94,229,0
4,34,94,230,0
4,34,94,231,0
4,34,94,232,0
4,34,94,233,0
4,34,94,234,0
4,34,95,0,0
4,34,95,1,0
4,34,95,2,0
4,34,95,3,0
4,34,95,4,0
4,34,95,5,0
4,34,95,6,0
4,34,95,7,0
4,34,95,8,0
4,34,95,9,0
4,34,95,10,0
4,34,95,11,0
4,34,95,12,0
4,34,95,13,0
4,34,95,14,0
4,34,95,15,0
4,34,95,16,0
4,34,95,17,0
4,34,95,18,0
4,34,95,19,0
4,34,95,20,0
4,34,95,21,0
4,34,95,22,0
4,34,95,23,0
4,34,95,24,0
4,34,95,25,0
4,34,95,26,0
4,34,95,27,0
4,34,95,28,0
4,34,95,29,0
4,34,95,30,0
4,34,95,31,0
4,34,95,32,0
4,34,95,33,0
4,34,95,34,0
4,34,95,35,0
4,34,95,36,0
4,34,95,37,0
4,34,95,38,0
4,34,95,39,0
4,34,95,40,0
4,34,95,41,0
4,34,95,42,0
4,34,95,43,0
4,34,95,44,0
4,34,95,45,0
4,34,95,46,0
4,34,95,47,0
4,34,95,48,0
4,34,95,49,0
4,34,95,50,0
4,34,95,51,0
4,34,95,52,0
4,34,95,53,0
4,34,95,54,0
4,34,95,55,0
4,34,95,56,0
4,34,95,57,0
4,34,95,58,0
4,34,95,59,0
4,34,95,60,0
4,34,95,61,0
4,34,95,62,0
4,34,95,63,0
4,34,95,64,0
4,34,95,65,0
4,34,95,66,0
4,34,95,67,0
4,34,95,68,0
4,34,95,69,0
4,34,95,70,0
4,34,95,71,0
4,34,95,72,0
4,34,95,73,0
4,34,95,74,0
4,34,95,75,0
4,34,95,76,0
4,34,95,77,0
4,34,95,78,0
4,34,95,79,104902512
4,34,95,80,23904568224
4,34,95,81,2406605833976
4,34,95,82,144188948031864
4,34,95,83,5842814897336168
4,34,95,84,172532535359972260
4,34,95,85,3905138874766309676
4,34,95,86,70323567708821857364
4,34,95,87,1036914070030921928684
4,34,95,88,12805595213685320072388
4,34,95,89,134865196660019735264000
4,34,95,90,1228832042723887994263704
4,34,95,91,9798801383015722702200852
4,34,95,92,69014136739370372680494352
4,34,95,93,432504890817688990181389068
4,34,95,94,2426083598558938913202027236
4,34,95,95,12239376465571822190456947968
4,34,95,96,55749185338044863307861916452
4,34,95,97,229999400099931625250990758112
4,34,95,98,861734817185630912329010697728
4,34,95,99,2938684732945024088445606360268
4,34,95,100,9139220419860903323049620134792
4,34,95,101,25965436506684472207000179539544
4,34,95,102,67500425208308906556070059005464
4,34,95,103,160805853659292191197408992496364
4,34,95,104,351582913009974626517346847888936
4,34,95,105,706531373636680826173395613916908
4,34,95,106,1306988166333527322644493578833592
4,34,95,107,2229074060041922808869929754345188
4,34,95,108,3510631543299921682125574827987264
4,34,95,109,5114067071679013150498238963136316
4,34,95,110,6902284278633616342158749723667212
4,34,95,111,8645589098765925298142175395675080
4,34,95,112,10066964283330144041769417678789280
4,34,95,113,10914888859789406647230298937200092
4,34,95,114,11036988163119209495485267446794272
4,34,95,115,10424534311000124475320645708514028
4,34,95,116,9210123200699901240176223494696556
4,34,95,117,7621880952317112471817843097167320
4,34,95,118,5915405414367786556290907601463372
4,34,95,119,4310411621451525193170826784806872
4,34,95,120,2951866743352085593781099712172784
4,34,95,121,1901489734076197961954646521616268
4,34,95,122,1152996737128673037289627879374628
4,34,95,123,658503317164165929377553407196832
4,34,95,124,354391687890722651230720285838784
4,34,95,125,179781749595314174049124360577852
4,34,95,126,85985741371774430136554056658672
4,34,95,127,38774889900795969104798917513260
4,34,95,128,16484898001753366899702389941936
4,34,95,129,6606138674763833942913426164892
4,34,95,130,2494583891365708795735263881408
4,34,95,131,887267332968992021553634604364
4,34,95,132,297093983367665299883869966308
4,34,95,133,93597054261419167064140496628
4,34,95,134,27725941479640685793870896036
4,34,95,135,7717729803209242958100677792
4,34,95,136,2017491282387777526720258280
4,34,95,137,495031253985142606972595060
4,34,95,138,113972506406968340217483580
4,34,95,139,24618280676785815621535444
4,34,95,140,4989650741328786501188212
4,34,95,141,949377730793619241198724
4,34,95,142,169708253364359636341732
4,34,95,143,28530940863358857758184
4,34,95,144,4516533279377285521876
4,34,95,145,674079599685014348300
4,34,95,146,94956761061772274160
4,34,95,147,12636744384850540960
4,34,95,148,1589542108603252240
4,34,95,149,189006337694790212
4,34,95,150,21235032468268736
4,34,95,151,2251704024731372
4,34,95,152,224895281619300
4,34,95,153,21088714285164
4,34,95,154,1847346932056
4,34,95,155,150045766192
4,34,95,156,11172522536
4,34,95,157,750954704
4,34,95,158,44399932
4,34,95,159,2236328
4,34,95,160,91552
4,34,95,161,2568
4,34,95,162,44
4,34,95,163,0
4,34,95,164,0
4,34,95,165,0
4,34,95,166,0
4,34,95,167,0
4,34,95,168,0
4,34,95,169,0
4,34,95,170,0
4,34,95,171,0
4,34,95,172,0
4,34,95,173,0
4,34,95,174,0
4,34,95,175,0
4,34,95,176,0
4,34,95,177,0
4,34,95,178,0
4,34,95,179,0
4,34,95,180,0
4,34,95,181,0
4,34,95,182,0
4,34,95,183,0
4,34,95,184,0
4,34,95,185,0
4,34,95,186,0
4,34,95,187,0
4,34,95,188,0
4,34,95,189,0
4,34,95,190,0
4,34,95,191,0
4,34,95,192,0
4,34,95,193,0
4,34,95,194,0
4,34,95,195,0
4,34,95,196,0
4,34,95,197,0
4,34,95,198,0
4,34,95,199,0
4,34,95,200,0
4,34,95,201,0
4,34,95,202,0
4,34,95,203,0
4,34,95,204,0
4,34,95,205,0
4,34,95,206,0
4,34,95,207,0
4,34,95,208,0
4,34,95,209,0
4,34,95,210,0
4,34,95,211,0
4,34,95,212,0
4,34,95,213,0
4,34,95,214,0
4,34,95,215,0
4,34,95,216,0
4,34,95,217,0
4,34,95,218,0
4,34,95,219,0
4,34,95,220,0
4,34,95,221,0
4,34,95,222,0
4,34,95,223,0
4,34,95,224,0
4,34,95,225,0
4,34,95,226,0
4,34,95,227,0
4,34,95,228,0
4,34,95,229,0
4,34,95,230,0
4,34,95,231,0
4,34,95,232,0
4,34,95,233,0
4,34,95,234,0
4,34,96,0,0
4,34,96,1,0
4,34,96,2,0
4,34,96,3,0
4,34,96,4,0
4,34,96,5,0
4,34,96,6,0
4,34,96,7,0
4,34,96,8,0
4,34,96,9,0
4,34,96,10,0
4,34,96,11,0
4,34,96,12,0
4,34,96,13,0
4,34,96,14,0
4,34,96,15,0
4,34,96,16,0
4,34,96,17,0
4,34,96,18,0
4,34,96,19,0
4,34,96,20,0
4,34,96,21,0
4,34,96,22,0
4,34,96,23,0
4,34,96,24,0
4,34,96,25,0
4,34,96,26,0
4,34,96,27,0
4,34,96,28,0
4,34,96,29,0
4,34,96,30,0
4,34,96,31,0
4,34,96,32,0
4,34,96,33,0
4,34,96,34,0
4,34,96,35,0
4,34,96,36,0
4,34,96,37,0
4,34,96,38,0
4,34,96,39,0
4,34,96,40,0
4,34,96,41,0
4,34,96,42,0
4,34,96,43,0
4,34,96,44,0
4,34,96,45,0
4,34,96,46,0
4,34,96,47,0
4,34,96,48,0
4,34,96,49,0
4,34,96,50,0
4,34,96,51,0
4,34,96,52,0
4,34,96,53,0
4,34,96,54,0
4,34,96,55,0
4,34,96,56,0
4,34,96,57,0
4,34,96,58,0
4,34,96,59,0
4,34,96,60,0
4,34,96,61,0
4,34,96,62,0
4,34,96,63,0
4,34,96,64,0
4,34,96,65,0
4,34,96,66,0
4,34,96,67,0
4,34,96,68,0
4,34,96,69,0
4,34,96,70,0
4,34,96,71,0
4,34,96,72,0
4,34,96,73,0
4,34,96,74,0
4,34,96,75,0
4,34,96,76,0
4,34,96,77,0
4,34,96,78,0
4,34,96,79,0
4,34,96,80,0
4,34,96,81,0
4,34,96,82,36312408
4,34,96,83,9253176856
4,34,96,84,1031510711226
4,34,96,85,67799859022658
4,34,96,86,2986746745808600
4,34,96,87,95012047565595216
4,34,96,88,2295728942675511166
4,34,96,89,43736743801205595070
4,34,96,90,676312940991783897422
4,34,96,91,8686519599509947426646
4,34,96,92,94406485393310056741084
4,34,96,93,881293272860177685870432
4,34,96,94,7152403277175848856573622
4,34,96,95,50960560196981151908920990
4,34,96,96,321285165352428943786692626
4,34,96,97,1803824810691396609917752374
4,34,96,98,9065707716926505964277915475
4,34,96,99,40960258122784743696714163532
4,34,96,100,166959250433220628126758148738
4,34,96,101,615793207843697468670844156188
4,34,96,102,2060354927915606006493098182314
4,34,96,103,6267627733069795601719567816040
4,34,96,104,17369787029391314129787638913924
4,34,96,105,43936870739488781651244751407500
4,34,96,106,101620877670319947175136644884290
4,34,96,107,215285254522036880654490937976150
4,34,96,108,418483511634532804353395695670585
4,34,96,109,747715756403579217491904216776310
4,34,96,110,1230158409526628814291277393797674
4,34,96,111,1866961315266698751007707917788114
4,34,96,112,2618489942386100115760129511394384
4,34,96,113,3400177317797199420235704178519218
4,34,96,114,4095203929342450870151966957618204
4,34,96,115,4582968615715015558679015942352726
4,34,96,116,4773827024505807265685620565575372
4,34,96,117,4636119213478433070397356910776224
4,34,96,118,4204277870249461925884865940907531
4,34,96,119,3565435695229316245749361828780280
4,34,96,120,2831412404311991959042095909602996
4,34,96,121,2108110133210078728612439235630040
4,34,96,122,1473179668110378197818334458272213
4,34,96,123,967170624441846067469638986578218
4,34,96,124,597017083722002063026308335509555
4,34,96,125,346733449692681921209541576541700
4,34,96,126,189564227154194325851462838075317
4,34,96,127,97596068457525242383324765620784
4,34,96,128,47328729850421546343879264858982
4,34,96,129,21620897135729435019088935278994
4,34,96,130,9303758119899103803939170128533
4,34,96,131,3770511020552491618407905092420
4,34,96,132,1438682973684980615374553467659
4,34,96,133,516616270874454440746865083874
4,34,96,134,174493517087440636689769695038
4,34,96,135,55402919492679344930249639666
4,34,96,136,16524851586335447829589034918
4,34,96,137,4626949172973163069236377346
4,34,96,138,1215392069804201406851415026
4,34,96,139,299330916147885637295899076
4,34,96,140,69090022476811382242700758
4,34,96,141,14942395877096888693590076
4,34,96,142,3028346715084862359710400
4,34,96,143,575384358689768718841300
4,34,96,144,102568871166472214516753
4,34,96,145,17173073767170512107686
4,34,96,146,2704035853157536335694
4,34,96,147,400948675893921737108
4,34,96,148,56054277754944520679
4,34,96,149,7395889365510094968
4,34,96,150,921477196078527660
4,34,96,151,108425066195987256
4,34,96,152,12042173326524755
4,34,96,153,1260851373949558
4,34,96,154,124175039041460
4,34,96,155,11461745014762
4,34,96,156,986069887423
4,34,96,157,78419155538
4,34,96,158,5691908630
4,34,96,159,371130862
4,34,96,160,21120626
4,34,96,161,1003070
4,34,96,162,39193
4,34,96,163,950
4,34,96,164,11
4,34,96,165,0
4,34,96,166,0
4,34,96,167,0
4,34,96,168,0
4,34,96,169,0
4,34,96,170,0
4,34,96,171,0
4,34,96,172,0
4,34,96,173,0
4,34,96,174,0
4,34,96,175,0
4,34,96,176,0
4,34,96,177,0
4,34,96,178,0
4,34,96,179,0
4,34,96,180,0
4,34,96,181,0
4,34,96,182,0
4,34,96,183,0
4,34,96,184,0
4,34,96,185,0
4,34,96,186,0
4,34,96,187,0
4,34,96,188,0
4,34,96,189,0
4,34,96,190,0
4,34,96,191,0
4,34,96,192,0
4,34,96,193,0
4,34,96,194,0
4,34,96,195,0
4,34,96,196,0
4,34,96,197,0
4,34,96,198,0
4,34,96,199,0
4,34,96,200,0
4,34,96,201,0
4,34,96,202,0
4,34,96,203,0
4,34,96,204,0
4,34,96,205,0
4,34,96,206,0
4,34,96,207,0
4,34,96,208,0
4,34,96,209,0
4,34,96,210,0
4,34,96,211,0
4,34,96,212,0
4,34,96,213,0
4,34,96,214,0
4,34,96,215,0
4,34,96,216,0
4,34,96,217,0
4,34,96,218,0
4,34,96,219,0
4,34,96,220,0
4,34,96,221,0
4,34,96,222,0
4,34,96,223,0
4,34,96,224,0
4,34,96,225,0
4,34,96,226,0
4,34,96,227,0
4,34,96,228,0
4,34,96,229,0
4,34,96,230,0
4,34,96,231,0
4,34,96,232,0
4,34,96,233,0
4,34,96,234,0
4,34,97,0,0
4,34,97,1,0
4,34,97,2,0
4,34,97,3,0
4,34,97,4,0
4,34,97,5,0
4,34,97,6,0
4,34,97,7,0
4,34,97,8,0
4,34,97,9,0
4,34,97,10,0
4,34,97,11,0
4,34,97,12,0
4,34,97,13,0
4,34,97,14,0
4,34,97,15,0
4,34,97,16,0
4,34,97,17,0
4,34,97,18,0
4,34,97,19,0
4,34,97,20,0
4,34,97,21,0
4,34,97,22,0
4,34,97,23,0
4,34,97,24,0
4,34,97,25,0
4,34,97,26,0
4,34,97,27,0
4,34,97,28,0
4,34,97,29,0
4,34,97,30,0
4,34,97,31,0
4,34,97,32,0
4,34,97,33,0
4,34,97,34,0
4,34,97,35,0
4,34,97,36,0
4,34,97,37,0
4,34,97,38,0
4,34,97,39,0
4,34,97,40,0
4,34,97,41,0
4,34,97,42,0
4,34,97,43,0
4,34,97,44,0
4,34,97,45,0
4,34,97,46,0
4,34,97,47,0
4,34,97,48,0
4,34,97,49,0
4,34,97,50,0
4,34,97,51,0
4,34,97,52,0
4,34,97,53,0
4,34,97,54,0
4,34,97,55,0
4,34,97,56,0
4,34,97,57,0
4,34,97,58,0
4,34,97,59,0
4,34,97,60,0
4,34,97,61,0
4,34,97,62,0
4,34,97,63,0
4,34,97,64,0
4,34,97,65,0
4,34,97,66,0
4,34,97,67,0
4,34,97,68,0
4,34,97,69,0
4,34,97,70,0
4,34,97,71,0
4,34,97,72,0
4,34,97,73,0
4,34,97,74,0
4,34,97,75,0
4,34,97,76,0
4,34,97,77,0
4,34,97,78,0
4,34,97,79,0
4,34,97,80,0
4,34,97,81,0
4,34,97,82,0
4,34,97,83,0
4,34,97,84,0
4,34,97,85,10759232
4,34,97,86,3096199152
4,34,97,87,385233397836
4,34,97,88,27966147927896
4,34,97,89,1347344377541476
4,34,97,90,46428796337858764
4,34,97,91,1203853770806292652
4,34,97,92,24385062591475757716
4,34,97,93,397315909579083779208
4,34,97,94,5330841630896811321800
4,34,97,95,60031475224033530852980
4,34,97,96,576282412785241007904724
4,34,97,97,4776055826970106106683448
4,34,97,98,34527602648643418676573104
4,34,97,99,219574568812175015993704652
4,34,97,100,1236807937232491349269151048
4,34,97,101,6205520131267214251614842980
4,34,97,102,27863654469568467805480114524
4,34,97,103,112403534022098481645701043748
4,34,97,104,408740500006316405023885745200
4,34,97,105,1343670693069714116969231428472
4,34,97,106,4003367664854347468529130316456
4,34,97,107,10835645708332615950611904618412
4,34,97,108,26700663516304903955949608620804
4,34,97,109,60024185392655546128672395505564
4,34,97,110,123351293520142216234411681701356
4,34,97,111,232188912775547928483580692875372
4,34,97,112,401130685534695973148980852101260
4,34,97,113,637302848923556823967695747025492
4,34,97,114,933022689969657819126451454054820
4,34,97,115,1261227609459936566168895293535456
4,34,97,116,1577282061946617122213860167141044
4,34,97,117,1828448457086236538631938362128956
4,34,97,118,1968479431425448692348043607713204
4,34,97,119,1971683690540363483416264209576616
4,34,97,120,1840532756258143829874899305383764
4,34,97,121,1603774072040694292848453946014260
4,34,97,122,1306398494526088814737829438732612
4,34,97,123,996144422889816117355664138539484
4,34,97,124,711873678639031993801555300200956
4,34,97,125,477280394564226928378340985583308
4,34,97,126,300486508137067043978442451699376
4,34,97,127,177779419033466188250452787587736
4,34,97,128,98901022437639509842582514802400
4,34,97,129,51757557165223554540269201986384
4,34,97,130,25487362876664086674007165152816
4,34,97,131,11811713245103092161801475716112
4,34,97,132,5151478767742602131266299057316
4,34,97,133,2114040928829958520376747255280
4,34,97,134,816072498674846521092683468520
4,34,97,135,296205672107421089259559439428
4,34,97,136,101035143305685086761724296956
4,34,97,137,32366016015083053154668881064
4,34,97,138,9730530380794251855380904568
4,34,97,139,2743419987186063034921706556
4,34,97,140,724837287347505903255257224
4,34,97,141,179348250875986871692389520
4,34,97,142,41537600020345753092130588
4,34,97,143,9002236028372976060419104
4,34,97,144,1825714225230303967194844
4,34,97,145,346620905376174347674372
4,34,97,146,61652248131592016915516
4,34,97,147,10284851571388240032824
4,34,97,148,1611347246327911347976
4,34,97,149,237434448496159562720
4,34,97,150,32948626815621735520
4,34,97,151,4310465708438442460
4,34,97,152,531956119385220604
4,34,97,153,61934069797138856
4,34,97,154,6798867562904940
4,34,97,155,702727630086660
4,34,97,156,68218134329716
4,34,97,157,6195022390416
4,34,97,158,523016069292
4,34,97,159,40689759556
4,34,97,160,2876295800
4,34,97,161,181166024
4,34,97,162,9955208
4,34,97,163,443884
4,34,97,164,15656
4,34,97,165,400
4,34,97,166,0
4,34,97,167,0
4,34,97,168,0
4,34,97,169,0
4,34,97,170,0
4,34,97,171,0
4,34,97,172,0
4,34,97,173,0
4,34,97,174,0
4,34,97,175,0
4,34,97,176,0
4,34,97,177,0
4,34,97,178,0
4,34,97,179,0
4,34,97,180,0
4,34,97,181,0
4,34,97,182,0
4,34,97,183,0
4,34,97,184,0
4,34,97,185,0
4,34,97,186,0
4,34,97,187,0
4,34,97,188,0
4,34,97,189,0
4,34,97,190,0
4,34,97,191,0
4,34,97,192,0
4,34,97,193,0
4,34,97,194,0
4,34,97,195,0
4,34,97,196,0
4,34,97,197,0
4,34,97,198,0
4,34,97,199,0
4,34,97,200,0
4,34,97,201,0
4,34,97,202,0
4,34,97,203,0
4,34,97,204,0
4,34,97,205,0
4,34,97,206,0
4,34,97,207,0
4,34,97,208,0
4,34,97,209,0
4,34,97,210,0
4,34,97,211,0
4,34,97,212,0
4,34,97,213,0
4,34,97,214,0
4,34,97,215,0
4,34,97,216,0
4,34,97,217,0
4,34,97,218,0
4,34,97,219,0
4,34,97,220,0
4,34,97,221,0
4,34,97,222,0
4,34,97,223,0
4,34,97,224,0
4,34,97,225,0
4,34,97,226,0
4,34,97,227,0
4,34,97,228,0
4,34,97,229,0
4,34,97,230,0
4,34,97,231,0
4,34,97,232,0
4,34,97,233,0
4,34,97,234,0
4,34,98,0,0
4,34,98,1,0
4,34,98,2,0
4,34,98,3,0
4,34,98,4,0
4,34,98,5,0
4,34,98,6,0
4,34,98,7,0
4,34,98,8,0
4,34,98,9,0
4,34,98,10,0
4,34,98,11,0
4,34,98,12,0
4,34,98,13,0
4,34,98,14,0
4,34,98,15,0
4,34,98,16,0
4,34,98,17,0
4,34,98,18,0
4,34,98,19,0
4,34,98,20,0
4,34,98,21,0
4,34,98,22,0
4,34,98,23,0
4,34,98,24,0
4,34,98,25,0
4,34,98,26,0
4,34,98,27,0
4,34,98,28,0
4,34,98,29,0
4,34,98,30,0
4,34,98,31,0
4,34,98,32,0
4,34,98,33,0
4,34,98,34,0
4,34,98,35,0
4,34,98,36,0
4,34,98,37,0
4,34,98,38,0
4,34,98,39,0
4,34,98,40,0
4,34,98,41,0
4,34,98,42,0
4,34,98,43,0
4,34,98,44,0
4,34,98,45,0
4,34,98,46,0
4,34,98,47,0
4,34,98,48,0
4,34,98,49,0
4,34,98,50,0
4,34,98,51,0
4,34,98,52,0
4,34,98,53,0
4,34,98,54,0
4,34,98,55,0
4,34,98,56,0
4,34,98,57,0
4,34,98,58,0
4,34,98,59,0
4,34,98,60,0
4,34,98,61,0
4,34,98,62,0
4,34,98,63,0
4,34,98,64,0
4,34,98,65,0
4,34,98,66,0
4,34,98,67,0
4,34,98,68,0
4,34,98,69,0
4,34,98,70,0
4,34,98,71,0
4,34,98,72,0
4,34,98,73,0
4,34,98,74,0
4,34,98,75,0
4,34,98,76,0
4,34,98,77,0
4,34,98,78,0
4,34,98,79,0
4,34,98,80,0
4,34,98,81,0
4,34,98,82,0
4,34,98,83,0
4,34,98,84,0
4,34,98,85,0
4,34,98,86,0
4,34,98,87,0
4,34,98,88,2689808
4,34,98,89,885757792
4,34,98,90,124284341108
4,34,98,91,10049876347430
4,34,98,92,533379994180680
4,34,98,93,20039526936889186
4,34,98,94,560927899715159506
4,34,98,95,12148016726382658504
4,34,98,96,209655513306943115960
4,34,98,97,2952947052277272793182
4,34,98,98,34612406723253160912952
4,34,98,99,343099689772447081264814
4,34,98,100,2914595428239114422639384
4,34,98,101,21450832029419927856568870
4,34,98,102,138011881616052747021912552
4,34,98,103,782003528212961062495293842
4,34,98,104,3926290485228159336651246388
4,34,98,105,17557412217181704297926165698
4,34,98,106,70229859241599561141717858238
4,34,98,107,252219890162997684303019839364
4,34,98,108,815913863389234785920158905978
4,34,98,109,2384394417994093042248948166976
4,34,98,110,6311521498065825767668029134900
4,34,98,111,15170185779219730300356188847870
4,34,98,112,33187791612360149174688012740122
4,34,98,113,66236340715247193433297546057590
4,34,98,114,120872584051822163904457795003096
4,34,98,115,202137173413335824278484948533966
4,34,98,116,310468641304354564300006686633328
4,34,98,117,438934669132335581928178280277622
4,34,98,118,572448382256441263750647756331268
4,34,98,119,690160508022583982434338043070474
4,34,98,120,770788883015643384573812784888800
4,34,98,121,799004998556611255362598734520248
4,34,98,122,770201713383227295242458831776546
4,34,98,123,691609153454707215483111654679950
4,34,98,124,579456607060485725799539168226914
4,34,98,125,453654727466528829454528691127362
4,34,98,126,332314257373420605457326587666308
4,34,98,127,228033162587110810833369004609448
4,34,98,128,146726725114994718298860107151076
4,34,98,129,88603015853822998233889606971380
4,34,98,130,50247041961552553845823508922142
4,34,98,131,26774327679780413417646954159876
4,34,98,132,13409886760857648155510587365990
4,34,98,133,6314110320389549884575524595624
4,34,98,134,2795069069087415903406428465230
4,34,98,135,1163084974839527664047668251870
4,34,98,136,454829827580174936077134777456
4,34,98,137,167079682813211721485262999446
4,34,98,138,57623302858144336706274795970
4,34,98,139,18646050691806229399731023144
4,34,98,140,5656752199593220454558341886
4,34,98,141,1607662302817445583532994170
4,34,98,142,427685867220093344692274900
4,34,98,143,106423735354313078652808236
4,34,98,144,24755739143717158115565956
4,34,98,145,5381138755201789275560676
4,34,98,146,1092963493714296127558852
4,34,98,147,207495949110809953151650
4,34,98,148,36847468347424040706606
4,34,98,149,6127613877381185303656
4,34,98,150,955601587019302668334
4,34,98,151,139968095728905669146
4,34,98,152,19282859275526326726
4,34,98,153,2501491980325089810
4,34,98,154,305778875400225384
4,34,98,155,35223580648548786
4,34,98,156,3821178621868978
4,34,98,157,389782002612100
4,34,98,158,37281869627530
4,34,98,159,3329045299494
4,34,98,160,275620754616
4,34,98,161,20947418070
4,34,98,162,1440896212
4,34,98,163,87580924
4,34,98,164,4593036
4,34,98,165,196918
4,34,98,166,5980
4,34,98,167,140
4,34,98,168,0
4,34,98,169,0
4,34,98,170,0
4,34,98,171,0
4,34,98,172,0
4,34,98,173,0
4,34,98,174,0
4,34,98,175,0
4,34,98,176,0
4,34,98,177,0
4,34,98,178,0
4,34,98,179,0
4,34,98,180,0
4,34,98,181,0
4,34,98,182,0
4,34,98,183,0
4,34,98,184,0
4,34,98,185,0
4,34,98,186,0
4,34,98,187,0
4,34,98,188,0
4,34,98,189,0
4,34,98,190,0
4,34,98,191,0
4,34,98,192,0
4,34,98,193,0
4,34,98,194,0
4,34,98,195,0
4,34,98,196,0
4,34,98,197,0
4,34,98,198,0
4,34,98,199,0
4,34,98,200,0
4,34,98,201,0
4,34,98,202,0
4,34,98,203,0
4,34,98,204,0
4,34,98,205,0
4,34,98,206,0
4,34,98,207,0
4,34,98,208,0
4,34,98,209,0
4,34,98,210,0
4,34,98,211,0
4,34,98,212,0
4,34,98,213,0
4,34,98,214,0
4,34,98,215,0
4,34,98,216,0
4,34,98,217,0
4,34,98,218,0
4,34,98,219,0
4,34,98,220,0
4,34,98,221,0
4,34,98,222,0
4,34,98,223,0
4,34,98,224,0
4,34,98,225,0
4,34,98,226,0
4,34,98,227,0
4,34,98,228,0
4,34,98,229,0
4,34,98,230,0
4,34,98,231,0
4,34,98,232,0
4,34,98,233,0
4,34,98,234,0
4,34,99,0,0
4,34,99,1,0
4,34,99,2,0
4,34,99,3,0
4,34,99,4,0
4,34,99,5,0
4,34,99,6,0
4,34,99,7,0
4,34,99,8,0
4,34,99,9,0
4,34,99,10,0
4,34,99,11,0
4,34,99,12,0
4,34,99,13,0
4,34,99,14,0
4,34,99,15,0
4,34,99,16,0
4,34,99,17,0
4,34,99,18,0
4,34,99,19,0
4,34,99,20,0
4,34,99,21,0
4,34,99,22,0
4,34,99,23,0
4,34,99,24,0
4,34,99,25,0
4,34,99,26,0
4,34,99,27,0
4,34,99,28,0
4,34,99,29,0
4,34,99,30,0
4,34,99,31,0
4,34,99,32,0
4,34,99,33,0
4,34,99,34,0
4,34,99,35,0
4,34,99,36,0
4,34,99,37,0
4,34,99,38,0
4,34,99,39,0
4,34,99,40,0
4,34,99,41,0
4,34,99,42,0
4,34,99,43,0
4,34,99,44,0
4,34,99,45,0
4,34,99,46,0
4,34,99,47,0
4,34,99,48,0
4,34,99,49,0
4,34,99,50,0
4,34,99,51,0
4,34,99,52,0
4,34,99,53,0
4,34,99,54,0
4,34,99,55,0
4,34,99,56,0
4,34,99,57,0
4,34,99,58,0
4,34,99,59,0
4,34,99,60,0
4,34,99,61,0
4,34,99,62,0
4,34,99,63,0
4,34,99,64,0
4,34,99,65,0
4,34,99,66,0
4,34,99,67,0
4,34,99,68,0
4,34,99,69,0
4,34,99,70,0
4,34,99,71,0
4,34,99,72,0
4,34,99,73,0
4,34,99,74,0
4,34,99,75,0
4,34,99,76,0
4,34,99,77,0
4,34,99,78,0
4,34,99,79,0
4,34,99,80,0
4,34,99,81,0
4,34,99,82,0
4,34,99,83,0
4,34,99,84,0
4,34,99,85,0
4,34,99,86,0
4,34,99,87,0
4,34,99,88,0
4,34,99,89,0
4,34,99,90,0
4,34,99,91,556512
4,34,99,92,213539904
4,34,99,93,34255969288
4,34,99,94,3119086251784
4,34,99,95,184006174589456
4,34,99,96,7596065264209120
4,34,99,97,231125197453787984
4,34,99,98,5385760223714868692
4,34,99,99,99035255841446462668
4,34,99,100,1472310727260689915032
4,34,99,101,18053309149600659570092
4,34,99,102,185643127204321862874168
4,34,99,103,1623207496112349119363784
4,34,99,104,12207842293374567969640612
4,34,99,105,79730694163196159910175452
4,34,99,106,455815548678069916246574332
4,34,99,107,2296245119431328094437448280
4,34,99,108,10250562158087939747417931180
4,34,99,109,40743119780722552771223606648
4,34,99,110,144789368866387736415295647488
4,34,99,111,461722227254283002959385344276
4,34,99,112,1325601309401689808854565463492
4,34,99,113,3436706610423442661976411053428
4,34,99,114,8068548248667346149251370286136
4,34,99,115,17200464698883059200890335138740
4,34,99,116,33381537136032613023245194348224
4,34,99,117,59128488666382691043779064122060
4,34,99,118,95828434488651852383938508098636
4,34,99,119,142450372854107295866731500496620
4,34,99,120,194691921188147974119520175397512
4,34,99,121,245225037688949636041170895720704
4,34,99,122,285297752688261998948515939790084
4,34,99,123,307249746266460736488802343708552
4,34,99,124,306929342669223697856540927640156
4,34,99,125,284955478982910368700400820685168
4,34,99,126,246310717158030577994008949802944
4,34,99,127,198548384628959675365353974335040
4,34,99,128,149473650932847625795668847780828
4,34,99,129,105230944591296739474280740719056
4,34,99,130,69357473344422326543776855918504
4,34,99,131,42837940388972268584566229200116
4,34,99,132,24813479416240381244216983621388
4,34,99,133,13487529964456738236692330266004
4,34,99,134,6882539823418973201925108387524
4,34,99,135,3297972928641935371303739396504
4,34,99,136,1484101387557603553638552129896
4,34,99,137,627135477780580977604904293340
4,34,99,138,248790045085820289423416988252
4,34,99,139,92619761675193216458056194600
4,34,99,140,32339718760310338586341328256
4,34,99,141,10583728240536372752552697496
4,34,99,142,3243953681543030245880974360
4,34,99,143,930419055005422880160631684
4,34,99,144,249503425270461622958971604
4,34,99,145,62504789140154354574034140
4,34,99,146,14617978208479160204881356
4,34,99,147,3190002632706700332380668
4,34,99,148,649462743453632317874424
4,34,99,149,123390668791913348953028
4,34,99,150,21891663747669759166792
4,34,99,151,3631105387430176932392
4,34,99,152,563904259786311616556
4,34,99,153,82127431559150966084
4,34,99,154,11234741243611242508
4,34,99,155,1445342866041764572
4,34,99,156,174998669213457388
4,34,99,157,19943108097038688
4,34,99,158,2137621713877592
4,34,99,159,215127961326120
4,34,99,160,20265286906920
4,34,99,161,1778172528476
4,34,99,162,144252014160
4,34,99,163,10700223176
4,34,99,164,714688796
4,34,99,165,41878304
4,34,99,166,2091336
4,34,99,167,84488
4,34,99,168,2336
4,34,99,169,40
4,34,99,170,0
4,34,99,171,0
4,34,99,172,0
4,34,99,173,0
4,34,99,174,0
4,34,99,175,0
4,34,99,176,0
4,34,99,177,0
4,34,99,178,0
4,34,99,179,0
4,34,99,180,0
4,34,99,181,0
4,34,99,182,0
4,34,99,183,0
4,34,99,184,0
4,34,99,185,0
4,34,99,186,0
4,34,99,187,0
4,34,99,188,0
4,34,99,189,0
4,34,99,190,0
4,34,99,191,0
4,34,99,192,0
4,34,99,193,0
4,34,99,194,0
4,34,99,195,0
4,34,99,196,0
4,34,99,197,0
4,34,99,198,0
4,34,99,199,0
4,34,99,200,0
4,34,99,201,0
4,34,99,202,0
4,34,99,203,0
4,34,99,204,0
4,34,99,205,0
4,34,99,206,0
4,34,99,207,0
4,34,99,208,0
4,34,99,209,0
4,34,99,210,0
4,34,99,211,0
4,34,99,212,0
4,34,99,213,0
4,34,99,214,0
4,34,99,215,0
4,34,99,216,0
4,34,99,217,0
4,34,99,218,0
4,34,99,219,0
4,34,99,220,0
4,34,99,221,0
4,34,99,222,0
4,34,99,223,0
4,34,99,224,0
4,34,99,225,0
4,34,99,226,0
4,34,99,227,0
4,34,99,228,0
4,34,99,229,0
4,34,99,230,0
4,34,99,231,0
4,34,99,232,0
4,34,99,233,0
4,34,99,234,0
4,34,100,0,0
4,34,100,1,0
4,34,100,2,0
4,34,100,3,0
4,34,100,4,0
4,34,100,5,0
4,34,100,6,0
4,34,100,7,0
4,34,100,8,0
4,34,100,9,0
4,34,100,10,0
4,34,100,11,0
4,34,100,12,0
4,34,100,13,0
4,34,100,14,0
4,34,100,15,0
4,34,100,16,0
4,34,100,17,0
4,34,100,18,0
4,34,100,19,0
4,34,100,20,0
4,34,100,21,0
4,34,100,22,0
4,34,100,23,0
4,34,100,24,0
4,34,100,25,0
4,34,100,26,0
4,34,100,27,0
4,34,100,28,0
4,34,100,29,0
4,34,100,30,0
4,34,100,31,0
4,34,100,32,0
4,34,100,33,0
4,34,100,34,0
4,34,100,35,0
4,34,100,36,0
4,34,100,37,0
4,34,100,38,0
4,34,100,39,0
4,34,100,40,0
4,34,100,41,0
4,34,100,42,0
4,34,100,43,0
4,34,100,44,0
4,34,100,45,0
4,34,100,46,0
4,34,100,47,0
4,34,100,48,0
4,34,100,49,0
4,34,100,50,0
4,34,100,51,0
4,34,100,52,0
4,34,100,53,0
4,34,100,54,0
4,34,100,55,0
4,34,100,56,0
4,34,100,57,0
4,34,100,58,0
4,34,100,59,0
4,34,100,60,0
4,34,100,61,0
4,34,100,62,0
4,34,100,63,0
4,34,100,64,0
4,34,100,65,0
4,34,100,66,0
4,34,100,67,0
4,34,100,68,0
4,34,100,69,0
4,34,100,70,0
4,34,100,71,0
4,34,100,72,0
4,34,100,73,0
4,34,100,74,0
4,34,100,75,0
4,34,100,76,0
4,34,100,77,0
4,34,100,78,0
4,34,100,79,0
4,34,100,80,0
4,34,100,81,0
4,34,100,82,0
4,34,100,83,0
4,34,100,84,0
4,34,100,85,0
4,34,100,86,0
4,34,100,87,0
4,34,100,88,0
4,34,100,89,0
4,34,100,90,0
4,34,100,91,0
4,34,100,92,0
4,34,100,93,0
4,34,100,94,92752
4,34,100,95,42549488
4,34,100,96,7950287784
4,34,100,97,826757918010
4,34,100,98,54831602309382
4,34,100,99,2510698481448564
4,34,100,100,83723344858776592
4,34,100,101,2114574441909406390
4,34,100,102,41706274971043693558
4,34,100,103,658464026895990979312
4,34,100,104,8494096112972044037370
4,34,100,105,91077297531309311248852
4,34,100,106,823517865449381677825754
4,34,100,107,6355739384887479387439964
4,34,100,108,42296572092333338544900640
4,34,100,109,244794496480700879715359508
4,34,100,110,1241046627945599501218662661
4,34,100,111,5545357176700694220155994876
4,34,100,112,21954277885157380741646208779
4,34,100,113,77367573508626663920610455208
4,34,100,114,243683464494551894704044282102
4,34,100,115,688535675037128149015264993564
4,34,100,116,1751210071914512004601331239760
4,34,100,117,4022031645693437467262089708824
4,34,100,118,8366884801758933002686367330188
4,34,100,119,15810979542900823313748909535686
4,34,100,120,27218100578939992272939946698330
4,34,100,121,42801202621715350770535536164640
4,34,100,122,61647722470228785391004405513039
4,34,100,123,81539997643375893815884311349678
4,34,100,124,99290353319307330523933901163366
4,34,100,125,111575719808809902227679356128882
4,34,100,126,115970691658786790108993404904036
4,34,100,127,111730390458491446422272194677034
4,34,100,128,99977043577878668568234566406889
4,34,100,129,83238502835781822969526672681280
4,34,100,130,64588642950712602688310637183983
4,34,100,131,46776747733132719825915691435886
4,34,100,132,31659147275769430600994192687060
4,34,100,133,20046355446774969950641651078536
4,34,100,134,11885796519616282489150801011828
4,34,100,135,6603670537916261094268067355228
4,34,100,136,3439795830950795907037032528562
4,34,100,137,1680408947328417018762746557100
4,34,100,138,770011429043006542552550173796
4,34,100,139,330952250709878123651735516920
4,34,100,140,133391735909038464785269348042
4,34,100,141,50399207904281948074572520510
4,34,100,142,17840884811522782345463941140
4,34,100,143,5913047750780391228803207684
4,34,100,144,1833415673790916749891051597
4,34,100,145,531348720197766254400410850
4,34,100,146,143801966667143220885501028
4,34,100,147,36309831217237795216600762
4,34,100,148,8546960776966235536870501
4,34,100,149,1874436077589385342427476
4,34,100,150,382896869403014801937682
4,34,100,151,72863305589647378306558
4,34,100,152,12924954957238252444937
4,34,100,153,2139608867312768037060
4,34,100,154,331047935425917316486
4,34,100,155,47957208364669147206
4,34,100,156,6515612662791450789
4,34,100,157,831356998538647390
4,34,100,158,99702509802771803
4,34,100,159,11239618887884952
4,34,100,160,1190075629993585
4,34,100,161,118124249779522
4,34,100,162,10953779581859
4,34,100,163,943867282100
4,34,100,164,74961347620
4,34,100,165,5418840990
4,34,100,166,351121360
4,34,100,167,19800984
4,34,100,168,931233
4,34,100,169,36068
4,34,100,170,855
4,34,100,171,10
4,34,100,172,0
4,34,100,173,0
4,34,100,174,0
4,34,100,175,0
4,34,100,176,0
4,34,100,177,0
4,34,100,178,0
4,34,100,179,0
4,34,100,180,0
4,34,100,181,0
4,34,100,182,0
4,34,100,183,0
4,34,100,184,0
4,34,100,185,0
4,34,100,186,0
4,34,100,187,0
4,34,100,188,0
4,34,100,189,0
4,34,100,190,0
4,34,100,191,0
4,34,100,192,0
4,34,100,193,0
4,34,100,194,0
4,34,100,195,0
4,34,100,196,0
4,34,100,197,0
4,34,100,198,0
4,34,100,199,0
4,34,100,200,0
4,34,100,201,0
4,34,100,202,0
4,34,100,203,0
4,34,100,204,0
4,34,100,205,0
4,34,100,206,0
4,34,100,207,0
4,34,100,208,0
4,34,100,209,0
4,34,100,210,0
4,34,100,211,0
4,34,100,212,0
4,34,100,213,0
4,34,100,214,0
4,34,100,215,0
4,34,100,216,0
4,34,100,217,0
4,34,100,218,0
4,34,100,219,0
4,34,100,220,0
4,34,100,221,0
4,34,100,222,0
4,34,100,223,0
4,34,100,224,0
4,34,100,225,0
4,34,100,226,0
4,34,100,227,0
4,34,100,228,0
4,34,100,229,0
4,34,100,230,0
4,34,100,231,0
4,34,100,232,0
4,34,100,233,0
4,34,100,234,0
4,34,101,0,0
4,34,101,1,0
4,34,101,2,0
4,34,101,3,0
4,34,101,4,0
4,34,101,5,0
4,34,101,6,0
4,34,101,7,0
4,34,101,8,0
4,34,101,9,0
4,34,101,10,0
4,34,101,11,0
4,34,101,12,0
4,34,101,13,0
4,34,101,14,0
4,34,101,15,0
4,34,101,16,0
4,34,101,17,0
4,34,101,18,0
4,34,101,19,0
4,34,101,20,0
4,34,101,21,0
4,34,101,22,0
4,34,101,23,0
4,34,101,24,0
4,34,101,25,0
4,34,101,26,0
4,34,101,27,0
4,34,101,28,0
4,34,101,29,0
4,34,101,30,0
4,34,101,31,0
4,34,101,32,0
4,34,101,33,0
4,34,101,34,0
4,34,101,35,0
4,34,101,36,0
4,34,101,37,0
4,34,101,38,0
4,34,101,39,0
4,34,101,40,0
4,34,101,41,0
4,34,101,42,0
4,34,101,43,0
4,34,101,44,0
4,34,101,45,0
4,34,101,46,0
4,34,101,47,0
4,34,101,48,0
4,34,101,49,0
4,34,101,50,0
4,34,101,51,0
4,34,101,52,0
4,34,101,53,0
4,34,101,54,0
4,34,101,55,0
4,34,101,56,0
4,34,101,57,0
4,34,101,58,0
4,34,101,59,0
4,34,101,60,0
4,34,101,61,0
4,34,101,62,0
4,34,101,63,0
4,34,101,64,0
4,34,101,65,0
4,34,101,66,0
4,34,101,67,0
4,34,101,68,0
4,34,101,69,0
4,34,101,70,0
4,34,101,71,0
4,34,101,72,0
4,34,101,73,0
4,34,101,74,0
4,34,101,75,0
4,34,101,76,0
4,34,101,77,0
4,34,101,78,0
4,34,101,79,0
4,34,101,80,0
4,34,101,81,0
4,34,101,82,0
4,34,101,83,0
4,34,101,84,0
4,34,101,85,0
4,34,101,86,0
4,34,101,87,0
4,34,101,88,0
4,34,101,89,0
4,34,101,90,0
4,34,101,91,0
4,34,101,92,0
4,34,101,93,0
4,34,101,94,0
4,34,101,95,0
4,34,101,96,0
4,34,101,97,11968
4,34,101,98,6820516
4,34,101,99,1523711136
4,34,101,100,184450487308
4,34,101,101,13955209096980
4,34,101,102,717168696388784
4,34,101,103,26470119549211312
4,34,101,104,730861957946292348
4,34,101,105,15580223988496046960
4,34,101,106,263050810607936087448
4,34,101,107,3592558756726382601084
4,34,101,108,40399631075133032669408
4,34,101,109,379739753673469001843180
4,34,101,110,3021774782535371238959212
4,34,101,111,20577667976129441559967924
4,34,101,112,121023691150614004696234304
4,34,101,113,619553697005227928021048676
4,34,101,114,2779305283099841066256227316
4,34,101,115,10989340456794086185587048512
4,34,101,116,38495468027671946723196465608
4,34,101,117,120015230295193544001817459308
4,34,101,118,334390393629316111743422603108
4,34,101,119,835839230162127260180552070412
4,34,101,120,1881035386770022769448095445220
4,34,101,121,3824270929535828198399352642828
4,34,101,122,7046714427172672037532433477952
4,34,101,123,11805054051164884752315816092964
4,34,101,124,18034462294903295044160292462472
4,34,101,125,25197492799755856190280349631220
4,34,101,126,32288421019936148211065174431852
4,34,101,127,38048202190275807817141258779820
4,34,101,128,41335325691312171046791806886500
4,34,101,129,41499541052658831012264008870120
4,34,101,130,38588805313129154074407522356120
4,34,101,131,33301075607287619649683393401152
4,34,101,132,26719861257391252286348247337080
4,34,101,133,19966582787628449816882504373520
4,34,101,134,13915350238773945945386098428408
4,34,101,135,9056164723674652454149385047648
4,34,101,136,5509402719115158145469824671516
4,34,101,137,3135714367040414150400892337176
4,34,101,138,1670759428633095447336260720028
4,34,101,139,833725577919334161958430655400
4,34,101,140,389730201451843724418900678512
4,34,101,141,170667805661659139947674779056
4,34,101,142,70003118988828213630904870280
4,34,101,143,26885154462466824207221413888
4,34,101,144,9662994863305604926426575860
4,34,101,145,3248026566303696526984643700
4,34,101,146,1020186984340232218839169328
4,34,101,147,299150132273095225031618704
4,34,101,148,81812108503144586955132884
4,34,101,149,20846595651031118180826528
4,34,101,150,4944804103090989936878276
4,34,101,151,1091061983495923837103264
4,34,101,152,223852254407455250769508
4,34,101,153,42706948747102978202892
4,34,101,154,7580575386378568063968
4,34,101,155,1253293335383186892300
4,34,101,156,193300950808876733960
4,34,101,157,27864171160327330112
4,34,101,158,3760806282902927316
4,34,101,159,475979904396038524
4,34,101,160,56540836963627800
4,34,101,161,6304455858351648
4,34,101,162,659260378875780
4,34,101,163,64515778964764
4,34,101,164,5886331558968
4,34,101,165,497714956376
4,34,101,166,38664633312
4,34,101,167,2721445980
4,34,101,168,170347304
4,34,101,169,9277600
4,34,101,170,409196
4,34,101,171,14324
4,34,101,172,360
4,34,101,173,0
4,34,101,174,0
4,34,101,175,0
4,34,101,176,0
4,34,101,177,0
4,34,101,178,0
4,34,101,179,0
4,34,101,180,0
4,34,101,181,0
4,34,101,182,0
4,34,101,183,0
4,34,101,184,0
4,34,101,185,0
4,34,101,186,0
4,34,101,187,0
4,34,101,188,0
4,34,101,189,0
4,34,101,190,0
4,34,101,191,0
4,34,101,192,0
4,34,101,193,0
4,34,101,194,0
4,34,101,195,0
4,34,101,196,0
4,34,101,197,0
4,34,101,198,0
4,34,101,199,0
4,34,101,200,0
4,34,101,201,0
4,34,101,202,0
4,34,101,203,0
4,34,101,204,0
4,34,101,205,0
4,34,101,206,0
4,34,101,207,0
4,34,101,208,0
4,34,101,209,0
4,34,101,210,0
4,34,101,211,0
4,34,101,212,0
4,34,101,213,0
4,34,101,214,0
4,34,101,215,0
4,34,101,216,0
4,34,101,217,0
4,34,101,218,0
4,34,101,219,0
4,34,101,220,0
4,34,101,221,0
4,34,101,222,0
4,34,101,223,0
4,34,101,224,0
4,34,101,225,0
4,34,101,226,0
4,34,101,227,0
4,34,101,228,0
4,34,101,229,0
4,34,101,230,0
4,34,101,231,0
4,34,101,232,0
4,34,101,233,0
4,34,101,234,0
4,34,102,0,0
4,34,102,1,0
4,34,102,2,0
4,34,102,3,0
4,34,102,4,0
4,34,102,5,0
4,34,102,6,0
4,34,102,7,0
4,34,102,8,0
4,34,102,9,0
4,34,102,10,0
4,34,102,11,0
4,34,102,12,0
4,34,102,13,0
4,34,102,14,0
4,34,102,15,0
4,34,102,16,0
4,34,102,17,0
4,34,102,18,0
4,34,102,19,0
4,34,102,20,0
4,34,102,21,0
4,34,102,22,0
4,34,102,23,0
4,34,102,24,0
4,34,102,25,0
4,34,102,26,0
4,34,102,27,0
4,34,102,28,0
4,34,102,29,0
4,34,102,30,0
4,34,102,31,0
4,34,102,32,0
4,34,102,33,0
4,34,102,34,0
4,34,102,35,0
4,34,102,36,0
4,34,102,37,0
4,34,102,38,0
4,34,102,39,0
4,34,102,40,0
4,34,102,41,0
4,34,102,42,0
4,34,102,43,0
4,34,102,44,0
4,34,102,45,0
4,34,102,46,0
4,34,102,47,0
4,34,102,48,0
4,34,102,49,0
4,34,102,50,0
4,34,102,51,0
4,34,102,52,0
4,34,102,53,0
4,34,102,54,0
4,34,102,55,0
4,34,102,56,0
4,34,102,57,0
4,34,102,58,0
4,34,102,59,0
4,34,102,60,0
4,34,102,61,0
4,34,102,62,0
4,34,102,63,0
4,34,102,64,0
4,34,102,65,0
4,34,102,66,0
4,34,102,67,0
4,34,102,68,0
4,34,102,69,0
4,34,102,70,0
4,34,102,71,0
4,34,102,72,0
4,34,102,73,0
4,34,102,74,0
4,34,102,75,0
4,34,102,76,0
4,34,102,77,0
4,34,102,78,0
4,34,102,79,0
4,34,102,80,0
4,34,102,81,0
4,34,102,82,0
4,34,102,83,0
4,34,102,84,0
4,34,102,85,0
4,34,102,86,0
4,34,102,87,0
4,34,102,88,0
4,34,102,89,0
4,34,102,90,0
4,34,102,91,0
4,34,102,92,0
4,34,102,93,0
4,34,102,94,0
4,34,102,95,0
4,34,102,96,0
4,34,102,97,0
4,34,102,98,0
4,34,102,99,0
4,34,102,100,1122
4,34,102,101,845232
4,34,102,102,234708252
4,34,102,103,33966456708
4,34,102,104,2989369125424
4,34,102,105,175037210290476
4,34,102,106,7238426846268618
4,34,102,107,220743440871116938
4,34,102,108,5131767911351097558
4,34,102,109,93395020047852871548
4,34,102,110,1360146150664702730202
4,34,102,111,16146120351931598010458
4,34,102,112,158703121189384627390504
4,34,102,113,1309050856689923073093836
4,34,102,114,9165586767407928321910702
4,34,102,115,55012977973881692171079472
4,34,102,116,285459854676355110118848190
4,34,102,117,1289982820978091005258416312
4,34,102,118,5109380949431393329993650364
4,34,102,119,17838814721893526886595897206
4,34,102,120,55181309120973426738593069768
4,34,102,121,151936403612150999682236642182
4,34,102,122,373968177288159369378031815862
4,34,102,123,826127122458389220867318527036
4,34,102,124,1644136564268815177289998174620
4,34,102,125,2958475487613717424800525060434
4,34,102,126,4829806744971472686243859604376
4,34,102,127,7177176393760655686938582539438
4,34,102,128,9738867795581831218039715636648
4,34,102,129,12103163935289286245828424332656
4,34,102,130,13815300283049679587841691746684
4,34,102,131,14522886382048334145542213558568
4,34,102,132,14094703930855988932793292183912
4,34,102,133,12657921326320381352811272883870
4,34,102,134,10540832964619069548025571354068
4,34,102,135,8154606153395964717612924766718
4,34,102,136,5870307582174229124332011993596
4,34,102,137,3937918854390733984726259994442
4,34,102,138,2464578563241769663366939181950
4,34,102,139,1440504264490545302601795660626
4,34,102,140,786888203771472958306542890860
4,34,102,141,401952058700368209563474530878
4,34,102,142,192061757102312878768895444918
4,34,102,143,85854583212879551469561678796
4,34,102,144,35900632905483468814681538328
4,34,102,145,14038763353338906111413954232
4,34,102,146,5131348397495721946300026858
4,34,102,147,1751939650780878254107255466
4,34,102,148,558252663333449166570451898
4,34,102,149,165862592272408178410564786
4,34,102,150,45900353694129408774707416
4,34,102,151,11818615387582358886072352
4,34,102,152,2828519869014676296811334
4,34,102,153,628675772101546061341978
4,34,102,154,129697747361955722125316
4,34,102,155,24833065173078059990526
4,34,102,156,4414846182363204597566
4,34,102,157,729535657925395751420
4,34,102,158,112232169475176177786
4,34,102,159,16105372217237757884
4,34,102,160,2160039376926781314
4,34,102,161,271209100417801438
4,34,102,162,31910650348967022
4,34,102,163,3518925510338016
4,34,102,164,363331178352340
4,34,102,165,35041785536926
4,34,102,166,3143980155458
4,34,102,167,260682561590
4,34,102,168,19782555374
4,34,102,169,1354664010
4,34,102,170,81813230
4,34,102,171,4256730
4,34,102,172,180220
4,34,102,173,5432
4,34,102,174,126
4,34,102,175,0
4,34,102,176,0
4,34,102,177,0
4,34,102,178,0
4,34,102,179,0
4,34,102,180,0
4,34,102,181,0
4,34,102,182,0
4,34,102,183,0
4,34,102,184,0
4,34,102,185,0
4,34,102,186,0
4,34,102,187,0
4,34,102,188,0
4,34,102,189,0
4,34,102,190,0
4,34,102,191,0
4,34,102,192,0
4,34,102,193,0
4,34,102,194,0
4,34,102,195,0
4,34,102,196,0
4,34,102,197,0
4,34,102,198,0
4,34,102,199,0
4,34,102,200,0
4,34,102,201,0
4,34,102,202,0
4,34,102,203,0
4,34,102,204,0
4,34,102,205,0
4,34,102,206,0
4,34,102,207,0
4,34,102,208,0
4,34,102,209,0
4,34,102,210,0
4,34,102,211,0
4,34,102,212,0
4,34,102,213,0
4,34,102,214,0
4,34,102,215,0
4,34,102,216,0
4,34,102,217,0
4,34,102,218,0
4,34,102,219,0
4,34,102,220,0
4,34,102,221,0
4,34,102,222,0
4,34,102,223,0
4,34,102,224,0
4,34,102,225,0
4,34,102,226,0
4,34,102,227,0
4,34,102,228,0
4,34,102,229,0
4,34,102,230,0
4,34,102,231,0
4,34,102,232,0
4,34,102,233,0
4,34,102,234,0
4,34,103,0,0
4,34,103,1,0
4,34,103,2,0
4,34,103,3,0
4,34,103,4,0
4,34,103,5,0
4,34,103,6,0
4,34,103,7,0
4,34,103,8,0
4,34,103,9,0
4,34,103,10,0
4,34,103,11,0
4,34,103,12,0
4,34,103,13,0
4,34,103,14,0
4,34,103,15,0
4,34,103,16,0
4,34,103,17,0
4,34,103,18,0
4,34,103,19,0
4,34,103,20,0
4,34,103,21,0
4,34,103,22,0
4,34,103,23,0
4,34,103,24,0
4,34,103,25,0
4,34,103,26,0
4,34,103,27,0
4,34,103,28,0
4,34,103,29,0
4,34,103,30,0
4,34,103,31,0
4,34,103,32,0
4,34,103,33,0
4,34,103,34,0
4,34,103,35,0
4,34,103,36,0
4,34,103,37,0
4,34,103,38,0
4,34,103,39,0
4,34,103,40,0
4,34,103,41,0
4,34,103,42,0
4,34,103,43,0
4,34,103,44,0
4,34,103,45,0
4,34,103,46,0
4,34,103,47,0
4,34,103,48,0
4,34,103,49,0
4,34,103,50,0
4,34,103,51,0
4,34,103,52,0
4,34,103,53,0
4,34,103,54,0
4,34,103,55,0
4,34,103,56,0
4,34,103,57,0
4,34,103,58,0
4,34,103,59,0
4,34,103,60,0
4,34,103,61,0
4,34,103,62,0
4,34,103,63,0
4,34,103,64,0
4,34,103,65,0
4,34,103,66,0
4,34,103,67,0
4,34,103,68,0
4,34,103,69,0
4,34,103,70,0
4,34,103,71,0
4,34,103,72,0
4,34,103,73,0
4,34,103,74,0
4,34,103,75,0
4,34,103,76,0
4,34,103,77,0
4,34,103,78,0
4,34,103,79,0
4,34,103,80,0
4,34,103,81,0
4,34,103,82,0
4,34,103,83,0
4,34,103,84,0
4,34,103,85,0
4,34,103,86,0
4,34,103,87,0
4,34,103,88,0
4,34,103,89,0
4,34,103,90,0
4,34,103,91,0
4,34,103,92,0
4,34,103,93,0
4,34,103,94,0
4,34,103,95,0
4,34,103,96,0
4,34,103,97,0
4,34,103,98,0
4,34,103,99,0
4,34,103,100,0
4,34,103,101,0
4,34,103,102,0
4,34,103,103,68
4,34,103,104,75992
4,34,103,105,27923336
4,34,103,106,5024571844
4,34,103,107,528505462124
4,34,103,108,35967961732792
4,34,103,109,1692506104944348
4,34,103,110,57730389658420364
4,34,103,111,1479255088676816276
4,34,103,112,29289408095893745668
4,34,103,113,458607988614741815644
4,34,103,114,5789521572216225382320
4,34,103,115,59905062746469126056128
4,34,103,116,515273156502701390698668
4,34,103,117,3729503387272910754533872
4,34,103,118,22954957448067475084868576
4,34,103,119,121251426587725808656233120
4,34,103,120,554060086746805757456609060
4,34,103,121,2205730964755426363930539860
4,34,103,122,7698527620588463734388449216
4,34,103,123,23691228324840063298715181756
4,34,103,124,64616177116666996623803723952
4,34,103,125,156943568647221871061299735248
4,34,103,126,340979545216885892872073891280
4,34,103,127,665448160991609321681060606476
4,34,103,128,1171177019295375008177197822280
4,34,103,129,1865902026359949217545334841648
4,34,103,130,2700652106646562524497674080776
4,34,103,131,3563185915012401733833258953768
4,34,103,132,4299258502596044667426830243424
4,34,103,133,4758208516935104559563400603900
4,34,103,134,4844034026047320844240692679928
4,34,103,135,4547871740833514740962463146148
4,34,103,136,3947031066929485049307427978640
4,34,103,137,3173333756168850404955067649452
4,34,103,138,2367887736304323199119729375968
4,34,103,139,1642550701572663673381571018004
4,34,103,140,1060707873804270477377243965492
4,34,103,141,638402396296681102744270705012
4,34,103,142,358437583879365211489332725276
4,34,103,143,187866273460772191806477365704
4,34,103,144,91959122380219550294166178440
4,34,103,145,42048055833598792453525487884
4,34,103,146,17959659457161696674981232952
4,34,103,147,7163926759210183474095743636
4,34,103,148,2667546004495807100190793396
4,34,103,149,926615235415133914164758536
4,34,103,150,300021663967272939006891384
4,34,103,151,90457026699029992531081028
4,34,103,152,25368182231978441514771096
4,34,103,153,6609838515240047138258984
4,34,103,154,1598295402718541392436716
4,34,103,155,358311159034007100991212
4,34,103,156,74421066515170659128284
4,34,103,157,14316900533923280221516
4,34,103,158,2551859321842759719116
4,34,103,159,421835482079516518516
4,34,103,160,64774338431903935956
4,34,103,161,9258001268206162132
4,34,103,162,1234257949233313340
4,34,103,163,153763734153284916
4,34,103,164,17920504238858464
4,34,103,165,1954163734767032
4,34,103,166,199169875998444
4,34,103,167,18923898579260
4,34,103,168,1668610952136
4,34,103,169,135559634760
4,34,103,170,10039963560
4,34,103,171,667671256
4,34,103,172,38846024
4,34,103,173,1926764
4,34,103,174,76916
4,34,103,175,2100
4,34,103,176,36
4,34,103,177,0
4,34,103,178,0
4,34,103,179,0
4,34,103,180,0
4,34,103,181,0
4,34,103,182,0
4,34,103,183,0
4,34,103,184,0
4,34,103,185,0
4,34,103,186,0
4,34,103,187,0
4,34,103,188,0
4,34,103,189,0
4,34,103,190,0
4,34,103,191,0
4,34,103,192,0
4,34,103,193,0
4,34,103,194,0
4,34,103,195,0
4,34,103,196,0
4,34,103,197,0
4,34,103,198,0
4,34,103,199,0
4,34,103,200,0
4,34,103,201,0
4,34,103,202,0
4,34,103,203,0
4,34,103,204,0
4,34,103,205,0
4,34,103,206,0
4,34,103,207,0
4,34,103,208,0
4,34,103,209,0
4,34,103,210,0
4,34,103,211,0
4,34,103,212,0
4,34,103,213,0
4,34,103,214,0
4,34,103,215,0
4,34,103,216,0
4,34,103,217,0
4,34,103,218,0
4,34,103,219,0
4,34,103,220,0
4,34,103,221,0
4,34,103,222,0
4,34,103,223,0
4,34,103,224,0
4,34,103,225,0
4,34,103,226,0
4,34,103,227,0
4,34,103,228,0
4,34,103,229,0
4,34,103,230,0
4,34,103,231,0
4,34,103,232,0
4,34,103,233,0
4,34,103,234,0
4,34,104,0,0
4,34,104,1,0
4,34,104,2,0
4,34,104,3,0
4,34,104,4,0
4,34,104,5,0
4,34,104,6,0
4,34,104,7,0
4,34,104,8,0
4,34,104,9,0
4,34,104,10,0
4,34,104,11,0
4,34,104,12,0
4,34,104,13,0
4,34,104,14,0
4,34,104,15,0
4,34,104,16,0
4,34,104,17,0
4,34,104,18,0
4,34,104,19,0
4,34,104,20,0
4,34,104,21,0
4,34,104,22,0
4,34,104,23,0
4,34,104,24,0
4,34,104,25,0
4,34,104,26,0
4,34,104,27,0
4,34,104,28,0
4,34,104,29,0
4,34,104,30,0
4,34,104,31,0
4,34,104,32,0
4,34,104,33,0
4,34,104,34,0
4,34,104,35,0
4,34,104,36,0
4,34,104,37,0
4,34,104,38,0
4,34,104,39,0
4,34,104,40,0
4,34,104,41,0
4,34,104,42,0
4,34,104,43,0
4,34,104,44,0
4,34,104,45,0
4,34,104,46,0
4,34,104,47,0
4,34,104,48,0
4,34,104,49,0
4,34,104,50,0
4,34,104,51,0
4,34,104,52,0
4,34,104,53,0
4,34,104,54,0
4,34,104,55,0
4,34,104,56,0
4,34,104,57,0
4,34,104,58,0
4,34,104,59,0
4,34,104,60,0
4,34,104,61,0
4,34,104,62,0
4,34,104,63,0
4,34,104,64,0
4,34,104,65,0
4,34,104,66,0
4,34,104,67,0
4,34,104,68,0
4,34,104,69,0
4,34,104,70,0
4,34,104,71,0
4,34,104,72,0
4,34,104,73,0
4,34,104,74,0
4,34,104,75,0
4,34,104,76,0
4,34,104,77,0
4,34,104,78,0
4,34,104,79,0
4,34,104,80,0
4,34,104,81,0
4,34,104,82,0
4,34,104,83,0
4,34,104,84,0
4,34,104,85,0
4,34,104,86,0
4,34,104,87,0
4,34,104,88,0
4,34,104,89,0
4,34,104,90,0
4,34,104,91,0
4,34,104,92,0
4,34,104,93,0
4,34,104,94,0
4,34,104,95,0
4,34,104,96,0
4,34,104,97,0
4,34,104,98,0
4,34,104,99,0
4,34,104,100,0
4,34,104,101,0
4,34,104,102,0
4,34,104,103,0
4,34,104,104,0
4,34,104,105,0
4,34,104,106,2
4,34,104,107,4410
4,34,104,108,2407678
4,34,104,109,573738796
4,34,104,110,75046579270
4,34,104,111,6101476240764
4,34,104,112,333403352308370
4,34,104,113,12922963041292316
4,34,104,114,369729596822041840
4,34,104,115,8052400640162885714
4,34,104,116,136858365290668500182
4,34,104,117,1852959287619463400590
4,34,104,118,20336654655553490882766
4,34,104,119,183657522974409511930358
4,34,104,120,1382539438219416966240816
4,34,104,121,8773751927064501251644614
4,34,104,122,47405155489427376163732303
4,34,104,123,219981576485084880275405636
4,34,104,124,883562003028072337053383434
4,34,104,125,3093156407217393176468777306
4,34,104,126,9497742427319682705312502078
4,34,104,127,25727476047127691672949123714
4,34,104,128,61807687373052220395394433884
4,34,104,129,132344135240939391586102441384
4,34,104,130,253743902141336633567353423170
4,34,104,131,437531045921591914553111457448
4,34,104,132,681289814826446590012689241072
4,34,104,133,961727707712462807316689742498
4,34,104,134,1235261029921950563170134198864
4,34,104,135,1448575364523935525487622004044
4,34,104,136,1555913341380745334347694988198
4,34,104,137,1535220637181688661871009713130
4,34,104,138,1395293942635948226349010295252
4,34,104,139,1170914257006659015867210056460
4,34,104,140,909261391699011808493121806742
4,34,104,141,654607000507706605881062341784
4,34,104,142,437632043785417349847935026296
4,34,104,143,272061876883856887657465779562
4,34,104,144,157447701929844093631208005069
4,34,104,145,84895138489385037263727748234
4,34,104,146,42674095975358749794329570191
4,34,104,147,20004556854971771458988482960
4,34,104,148,8746159136459687468312343500
4,34,104,149,3565867129537161732436053884
4,34,104,150,1355206566286528356244064344
4,34,104,151,479814943997833583591496974
4,34,104,152,158130072163011033692732937
4,34,104,153,48460973331802053399510316
4,34,104,154,13794569828226239902330126
4,34,104,155,3642721564604167622806604
4,34,104,156,891265809294803332054595
4,34,104,157,201818785972134672501424
4,34,104,158,42258137595391478519825
4,34,104,159,8178257309250356573224
4,34,104,160,1463117042907363056119
4,34,104,161,242181422976664905272
4,34,104,162,37147461009640806635
4,34,104,163,5291223334472009838
4,34,104,164,701467514883434154
4,34,104,165,86725252819824972
4,34,104,166,10011965769862930
4,34,104,167,1079478602985664
4,34,104,168,108574716833900
4,34,104,169,10158427393018
4,34,104,170,879756606320
4,34,104,171,69973443334
4,34,104,172,5050130195
4,34,104,173,325876350
4,34,104,174,18245359
4,34,104,175,851380
4,34,104,176,32739
4,34,104,177,760
4,34,104,178,9
4,34,104,179,0
4,34,104,180,0
4,34,104,181,0
4,34,104,182,0
4,34,104,183,0
4,34,104,184,0
4,34,104,185,0
4,34,104,186,0
4,34,104,187,0
4,34,104,188,0
4,34,104,189,0
4,34,104,190,0
4,34,104,191,0
4,34,104,192,0
4,34,104,193,0
4,34,104,194,0
4,34,104,195,0
4,34,104,196,0
4,34,104,197,0
4,34,104,198,0
4,34,104,199,0
4,34,104,200,0
4,34,104,201,0
4,34,104,202,0
4,34,104,203,0
4,34,104,204,0
4,34,104,205,0
4,34,104,206,0
4,34,104,207,0
4,34,104,208,0
4,34,104,209,0
4,34,104,210,0
4,34,104,211,0
4,34,104,212,0
4,34,104,213,0
4,34,104,214,0
4,34,104,215,0
4,34,104,216,0
4,34,104,217,0
4,34,104,218,0
4,34,104,219,0
4,34,104,220,0
4,34,104,221,0
4,34,104,222,0
4,34,104,223,0
4,34,104,224,0
4,34,104,225,0
4,34,104,226,0
4,34,104,227,0
4,34,104,228,0
4,34,104,229,0
4,34,104,230,0
4,34,104,231,0
4,34,104,232,0
4,34,104,233,0
4,34,104,234,0
4,34,105,0,0
4,34,105,1,0
4,34,105,2,0
4,34,105,3,0
4,34,105,4,0
4,34,105,5,0
4,34,105,6,0
4,34,105,7,0
4,34,105,8,0
4,34,105,9,0
4,34,105,10,0
4,34,105,11,0
4,34,105,12,0
4,34,105,13,0
4,34,105,14,0
4,34,105,15,0
4,34,105,16,0
4,34,105,17,0
4,34,105,18,0
4,34,105,19,0
4,34,105,20,0
4,34,105,21,0
4,34,105,22,0
4,34,105,23,0
4,34,105,24,0
4,34,105,25,0
4,34,105,26,0
4,34,105,27,0
4,34,105,28,0
4,34,105,29,0
4,34,105,30,0
4,34,105,31,0
4,34,105,32,0
4,34,105,33,0
4,34,105,34,0
4,34,105,35,0
4,34,105,36,0
4,34,105,37,0
4,34,105,38,0
4,34,105,39,0
4,34,105,40,0
4,34,105,41,0
4,34,105,42,0
4,34,105,43,0
4,34,105,44,0
4,34,105,45,0
4,34,105,46,0
4,34,105,47,0
4,34,105,48,0
4,34,105,49,0
4,34,105,50,0
4,34,105,51,0
4,34,105,52,0
4,34,105,53,0
4,34,105,54,0
4,34,105,55,0
4,34,105,56,0
4,34,105,57,0
4,34,105,58,0
4,34,105,59,0
4,34,105,60,0
4,34,105,61,0
4,34,105,62,0
4,34,105,63,0
4,34,105,64,0
4,34,105,65,0
4,34,105,66,0
4,34,105,67,0
4,34,105,68,0
4,34,105,69,0
4,34,105,70,0
4,34,105,71,0
4,34,105,72,0
4,34,105,73,0
4,34,105,74,0
4,34,105,75,0
4,34,105,76,0
4,34,105,77,0
4,34,105,78,0
4,34,105,79,0
4,34,105,80,0
4,34,105,81,0
4,34,105,82,0
4,34,105,83,0
4,34,105,84,0
4,34,105,85,0
4,34,105,86,0
4,34,105,87,0
4,34,105,88,0
4,34,105,89,0
4,34,105,90,0
4,34,105,91,0
4,34,105,92,0
4,34,105,93,0
4,34,105,94,0
4,34,105,95,0
4,34,105,96,0
4,34,105,97,0
4,34,105,98,0
4,34,105,99,0
4,34,105,100,0
4,34,105,101,0
4,34,105,102,0
4,34,105,103,0
4,34,105,104,0
4,34,105,105,0
4,34,105,106,0
4,34,105,107,0
4,34,105,108,0
4,34,105,109,0
4,34,105,110,124
4,34,105,111,133860
4,34,105,112,47452468
4,34,105,113,8224157560
4,34,105,114,831467456388
4,34,105,115,54248336110080
4,34,105,116,2439366340363332
4,34,105,117,79200085425853060
4,34,105,118,1922699332095584652
4,34,105,119,35873027508129865272
4,34,105,120,526036963515888428648
4,34,105,121,6177184993420951014268
4,34,105,122,59024817342502446373324
4,34,105,123,465328874374490189453788
4,34,105,124,3063555340528091863282088
4,34,105,125,17024398233578330909060376
4,34,105,126,80616586728197180483663140
4,34,105,127,328081874045865251520156204
4,34,105,128,1156341855803730549925208212
4,34,105,129,3554483515293441596265165268
4,34,105,130,9590433099302646060697029568
4,34,105,131,22847548721368896894919405968
4,34,105,132,48324024309770239451316273196
4,34,105,133,91207434584619886210188008308
4,34,105,134,154354945878625459838354389256
4,34,105,135,235279525915021316053495073244
4,34,105,136,324376141166286409961313717648
4,34,105,137,406090880150787736610998972544
4,34,105,138,463335503828982074742424072232
4,34,105,139,483428557753266731098177823524
4,34,105,140,462673981603663010256041105232
4,34,105,141,407322739013073909494958674808
4,34,105,142,330681185463536204526109638536
4,34,105,143,248110620524921554581141749976
4,34,105,144,172375656824468408061049151380
4,34,105,145,111071856267576380505487018596
4,34,105,146,66467184062462521594369942480
4,34,105,147,36977713986369897247908084284
4,34,105,148,19139713463865562008496878884
4,34,105,149,9221616798401963198164717584
4,34,105,150,4136672951251495741845736068
4,34,105,151,1727621698875835474941834524
4,34,105,152,671533538835792501222737716
4,34,105,153,242810750262571388973516964
4,34,105,154,81603024009821787387750156
4,34,105,155,25465191432369202134154456
4,34,105,156,7370158529832927068209064
4,34,105,157,1975736635813327056917340
4,34,105,158,489912088357236808372044
4,34,105,159,112225026760947034518000
4,34,105,160,23723917161262106374772
4,34,105,161,4625176058222703229412
4,34,105,162,831567306120624090884
4,34,105,163,137976419600488350728
4,34,105,164,21159564759438269524
4,34,105,165,3005635327416634936
4,34,105,166,396409000655930444
4,34,105,167,48649000397276620
4,34,105,168,5563483399205072
4,34,105,169,593024569517552
4,34,105,170,58845892911648
4,34,105,171,5419176854968
4,34,105,172,460623408216
4,34,105,173,35839965476
4,34,105,174,2518429868
4,34,105,175,157027472
4,34,105,176,8492764
4,34,105,177,371268
4,34,105,178,12924
4,34,105,179,320
4,34,105,180,0
4,34,105,181,0
4,34,105,182,0
4,34,105,183,0
4,34,105,184,0
4,34,105,185,0
4,34,105,186,0
4,34,105,187,0
4,34,105,188,0
4,34,105,189,0
4,34,105,190,0
4,34,105,191,0
4,34,105,192,0
4,34,105,193,0
4,34,105,194,0
4,34,105,195,0
4,34,105,196,0
4,34,105,197,0
4,34,105,198,0
4,34,105,199,0
4,34,105,200,0
4,34,105,201,0
4,34,105,202,0
4,34,105,203,0
4,34,105,204,0
4,34,105,205,0
4,34,105,206,0
4,34,105,207,0
4,34,105,208,0
4,34,105,209,0
4,34,105,210,0
4,34,105,211,0
4,34,105,212,0
4,34,105,213,0
4,34,105,214,0
4,34,105,215,0
4,34,105,216,0
4,34,105,217,0
4,34,105,218,0
4,34,105,219,0
4,34,105,220,0
4,34,105,221,0
4,34,105,222,0
4,34,105,223,0
4,34,105,224,0
4,34,105,225,0
4,34,105,226,0
4,34,105,227,0
4,34,105,228,0
4,34,105,229,0
4,34,105,230,0
4,34,105,231,0
4,34,105,232,0
4,34,105,233,0
4,34,105,234,0
4,34,106,0,0
4,34,106,1,0
4,34,106,2,0
4,34,106,3,0
4,34,106,4,0
4,34,106,5,0
4,34,106,6,0
4,34,106,7,0
4,34,106,8,0
4,34,106,9,0
4,34,106,10,0
4,34,106,11,0
4,34,106,12,0
4,34,106,13,0
4,34,106,14,0
4,34,106,15,0
4,34,106,16,0
4,34,106,17,0
4,34,106,18,0
4,34,106,19,0
4,34,106,20,0
4,34,106,21,0
4,34,106,22,0
4,34,106,23,0
4,34,106,24,0
4,34,106,25,0
4,34,106,26,0
4,34,106,27,0
4,34,106,28,0
4,34,106,29,0
4,34,106,30,0
4,34,106,31,0
4,34,106,32,0
4,34,106,33,0
4,34,106,34,0
4,34,106,35,0
4,34,106,36,0
4,34,106,37,0
4,34,106,38,0
4,34,106,39,0
4,34,106,40,0
4,34,106,41,0
4,34,106,42,0
4,34,106,43,0
4,34,106,44,0
4,34,106,45,0
4,34,106,46,0
4,34,106,47,0
4,34,106,48,0
4,34,106,49,0
4,34,106,50,0
4,34,106,51,0
4,34,106,52,0
4,34,106,53,0
4,34,106,54,0
4,34,106,55,0
4,34,106,56,0
4,34,106,57,0
4,34,106,58,0
4,34,106,59,0
4,34,106,60,0
4,34,106,61,0
4,34,106,62,0
4,34,106,63,0
4,34,106,64,0
4,34,106,65,0
4,34,106,66,0
4,34,106,67,0
4,34,106,68,0
4,34,106,69,0
4,34,106,70,0
4,34,106,71,0
4,34,106,72,0
4,34,106,73,0
4,34,106,74,0
4,34,106,75,0
4,34,106,76,0
4,34,106,77,0
4,34,106,78,0
4,34,106,79,0
4,34,106,80,0
4,34,106,81,0
4,34,106,82,0
4,34,106,83,0
4,34,106,84,0
4,34,106,85,0
4,34,106,86,0
4,34,106,87,0
4,34,106,88,0
4,34,106,89,0
4,34,106,90,0
4,34,106,91,0
4,34,106,92,0
4,34,106,93,0
4,34,106,94,0
4,34,106,95,0
4,34,106,96,0
4,34,106,97,0
4,34,106,98,0
4,34,106,99,0
4,34,106,100,0
4,34,106,101,0
4,34,106,102,0
4,34,106,103,0
4,34,106,104,0
4,34,106,105,0
4,34,106,106,0
4,34,106,107,0
4,34,106,108,0
4,34,106,109,0
4,34,106,110,0
4,34,106,111,0
4,34,106,112,0
4,34,106,113,0
4,34,106,114,3602
4,34,106,115,2529002
4,34,106,116,652645692
4,34,106,117,87456322242
4,34,106,118,7094252292802
4,34,106,119,380658332267574
4,34,106,120,14323292193360008
4,34,106,121,394060447123101518
4,34,106,122,8181604792220306912
4,34,106,123,131449646156898473504
4,34,106,124,1668244181576095701814
4,34,106,125,17016497075853103223726
4,34,106,126,141603271564260669812578
4,34,106,127,973953974862961853520370
4,34,106,128,5601275897422325386418890
4,34,106,129,27215250315819329447510402
4,34,106,130,112763970846993389422878366
4,34,106,131,401834924613166851059492764
4,34,106,132,1241120677707974253540176898
4,34,106,133,3346287863359496433202518906
4,34,106,134,7927709059329532397537348384
4,34,106,135,16603765550579874450706942238
4,34,106,136,30916538355879649101703657474
4,34,106,137,51449616675259627318792311752
4,34,106,138,76896492960632543497773436566
4,34,106,139,103691473690271368671642263562
4,34,106,140,126685729922839421220836622868
4,34,106,141,140784390304186830205565296046
4,34,106,142,142815334983663772220479298882
4,34,106,143,132677223726888544891765611228
4,34,106,144,113209371407327294914840835978
4,34,106,145,88951218898403248906663349844
4,34,106,146,64503136446175869306699450390
4,34,106,147,43251751962246868310276725894
4,34,106,148,26860620238303412680997318692
4,34,106,149,15469522151702076590090409870
4,34,106,150,8270113791056949437072452212
4,34,106,151,4106894816156616598092632352
4,34,106,152,1895168704902666394254559224
4,34,106,153,812741225354195920634999980
4,34,106,154,323847530880238046221625934
4,34,106,155,119841141937399564133295816
4,34,106,156,41155345688606464039472580
4,34,106,157,13103062872101613654391544
4,34,106,158,3862995330291071615672614
4,34,106,159,1053144587988727913966202
4,34,106,160,265115126321008102963622
4,34,106,161,61538273574903707725338
4,34,106,162,13154691598813288676078
4,34,106,163,2587408702865284470734
4,34,106,164,468147492147429275080
4,34,106,165,77958332235590897748
4,34,106,166,11965070908171915722
4,34,106,167,1696218346781108784
4,34,106,168,222675103436386916
4,34,106,169,27134322503057674
4,34,106,170,3074139871211840
4,34,106,171,323916877322214
4,34,106,172,31701169502404
4,34,106,173,2872124821186
4,34,106,174,239451650186
4,34,106,175,18204303556
4,34,106,176,1244474980
4,34,106,177,74868576
4,34,106,178,3873012
4,34,106,179,162238
4,34,106,180,4864
4,34,106,181,112
4,34,106,182,0
4,34,106,183,0
4,34,106,184,0
4,34,106,185,0
4,34,106,186,0
4,34,106,187,0
4,34,106,188,0
4,34,106,189,0
4,34,106,190,0
4,34,106,191,0
4,34,106,192,0
4,34,106,193,0
4,34,106,194,0
4,34,106,195,0
4,34,106,196,0
4,34,106,197,0
4,34,106,198,0
4,34,106,199,0
4,34,106,200,0
4,34,106,201,0
4,34,106,202,0
4,34,106,203,0
4,34,106,204,0
4,34,106,205,0
4,34,106,206,0
4,34,106,207,0
4,34,106,208,0
4,34,106,209,0
4,34,106,210,0
4,34,106,211,0
4,34,106,212,0
4,34,106,213,0
4,34,106,214,0
4,34,106,215,0
4,34,106,216,0
4,34,106,217,0
4,34,106,218,0
4,34,106,219,0
4,34,106,220,0
4,34,106,221,0
4,34,106,222,0
4,34,106,223,0
4,34,106,224,0
4,34,106,225,0
4,34,106,226,0
4,34,106,227,0
4,34,106,228,0
4,34,106,229,0
4,34,106,230,0
4,34,106,231,0
4,34,106,232,0
4,34,106,233,0
4,34,106,234,0
4,34,107,0,0
4,34,107,1,0
4,34,107,2,0
4,34,107,3,0
4,34,107,4,0
4,34,107,5,0
4,34,107,6,0
4,34,107,7,0
4,34,107,8,0
4,34,107,9,0
4,34,107,10,0
4,34,107,11,0
4,34,107,12,0
4,34,107,13,0
4,34,107,14,0
4,34,107,15,0
4,34,107,16,0
4,34,107,17,0
4,34,107,18,0
4,34,107,19,0
4,34,107,20,0
4,34,107,21,0
4,34,107,22,0
4,34,107,23,0
4,34,107,24,0
4,34,107,25,0
4,34,107,26,0
4,34,107,27,0
4,34,107,28,0
4,34,107,29,0
4,34,107,30,0
4,34,107,31,0
4,34,107,32,0
4,34,107,33,0
4,34,107,34,0
4,34,107,35,0
4,34,107,36,0
4,34,107,37,0
4,34,107,38,0
4,34,107,39,0
4,34,107,40,0
4,34,107,41,0
4,34,107,42,0
4,34,107,43,0
4,34,107,44,0
4,34,107,45,0
4,34,107,46,0
4,34,107,47,0
4,34,107,48,0
4,34,107,49,0
4,34,107,50,0
4,34,107,51,0
4,34,107,52,0
4,34,107,53,0
4,34,107,54,0
4,34,107,55,0
4,34,107,56,0
4,34,107,57,0
4,34,107,58,0
4,34,107,59,0
4,34,107,60,0
4,34,107,61,0
4,34,107,62,0
4,34,107,63,0
4,34,107,64,0
4,34,107,65,0
4,34,107,66,0
4,34,107,67,0
4,34,107,68,0
4,34,107,69,0
4,34,107,70,0
4,34,107,71,0
4,34,107,72,0
4,34,107,73,0
4,34,107,74,0
4,34,107,75,0
4,34,107,76,0
4,34,107,77,0
4,34,107,78,0
4,34,107,79,0
4,34,107,80,0
4,34,107,81,0
4,34,107,82,0
4,34,107,83,0
4,34,107,84,0
4,34,107,85,0
4,34,107,86,0
4,34,107,87,0
4,34,107,88,0
4,34,107,89,0
4,34,107,90,0
4,34,107,91,0
4,34,107,92,0
4,34,107,93,0
4,34,107,94,0
4,34,107,95,0
4,34,107,96,0
4,34,107,97,0
4,34,107,98,0
4,34,107,99,0
4,34,107,100,0
4,34,107,101,0
4,34,107,102,0
4,34,107,103,0
4,34,107,104,0
4,34,107,105,0
4,34,107,106,0
4,34,107,107,0
4,34,107,108,0
4,34,107,109,0
4,34,107,110,0
4,34,107,111,0
4,34,107,112,0
4,34,107,113,0
4,34,107,114,0
4,34,107,115,0
4,34,107,116,0
4,34,107,117,0
4,34,107,118,65192
4,34,107,119,33365060
4,34,107,120,6661919672
4,34,107,121,716386863496
4,34,107,122,47778164666404
4,34,107,123,2143788046336912
4,34,107,124,68283041637785176
4,34,107,125,1604487619029002276
4,34,107,126,28639659627297977136
4,34,107,127,397491721926434410060
4,34,107,128,4372873664558676521724
4,34,107,129,38759190596620639027472
4,34,107,130,280745651346694098011416
4,34,107,131,1682813414153531348181988
4,34,107,132,8441915133588358487952200
4,34,107,133,35807432502924725955573160
4,34,107,134,129627306074123679364690752
4,34,107,135,403963844976149394808876120
4,34,107,136,1092309447842168983192269720
4,34,107,137,2581500059143447687299363612
4,34,107,138,5368402632650172255237615264
4,34,107,139,9884803494395099323765292844
4,34,107,140,16208559996368001301272858768
4,34,107,141,23795376312003805064886583392
4,34,107,142,31430828453963624827645503284
4,34,107,143,37523939577848540807003058180
4,34,107,144,40659150077044559523029401784
4,34,107,145,40137301568456417277090237616
4,34,107,146,36220657096258331627938916376
4,34,107,147,29970752721675751294265940260
4,34,107,148,22799509611899240133748306532
4,34,107,149,15982117256418022017278268204
4,34,107,150,10343385731267211412763507356
4,34,107,151,6190091314333207807944121980
4,34,107,152,3429847142147216868379037672
4,34,107,153,1761114822726020561407168776
4,34,107,154,838464994564500436988395244
4,34,107,155,370233563149950120446711592
4,34,107,156,151611553025189174289410860
4,34,107,157,57556276294214639267101132
4,34,107,158,20242589367085023598914820
4,34,107,159,6589309321698084247009508
4,34,107,160,1982861015478630531423668
4,34,107,161,550822660864655458738208
4,34,107,162,141035625251605524796532
4,34,107,163,33232472924139839422400
4,34,107,164,7195963376566071137648
4,34,107,165,1430306434215401391552
4,34,107,166,260829167792195613768
4,34,107,167,43651363229770414852
4,34,107,168,6712714022307698192
4,34,107,169,950577911290593980
4,34,107,170,124287566997780472
4,34,107,171,15043348071786596
4,34,107,172,1688608700742176
4,34,107,173,175864675287456
4,34,107,174,16970488720416
4,34,107,175,1511855260028
4,34,107,176,123537869284
4,34,107,177,9168440776
4,34,107,178,608881060
4,34,107,179,35269772
4,34,107,180,1741844
4,34,107,181,68836
4,34,107,182,1860
4,34,107,183,32
4,34,107,184,0
4,34,107,185,0
4,34,107,186,0
4,34,107,187,0
4,34,107,188,0
4,34,107,189,0
4,34,107,190,0
4,34,107,191,0
4,34,107,192,0
4,34,107,193,0
4,34,107,194,0
4,34,107,195,0
4,34,107,196,0
4,34,107,197,0
4,34,107,198,0
4,34,107,199,0
4,34,107,200,0
4,34,107,201,0
4,34,107,202,0
4,34,107,203,0
4,34,107,204,0
4,34,107,205,0
4,34,107,206,0
4,34,107,207,0
4,34,107,208,0
4,34,107,209,0
4,34,107,210,0
4,34,107,211,0
4,34,107,212,0
4,34,107,213,0
4,34,107,214,0
4,34,107,215,0
4,34,107,216,0
4,34,107,217,0
4,34,107,218,0
4,34,107,219,0
4,34,107,220,0
4,34,107,221,0
4,34,107,222,0
4,34,107,223,0
4,34,107,224,0
4,34,107,225,0
4,34,107,226,0
4,34,107,227,0
4,34,107,228,0
4,34,107,229,0
4,34,107,230,0
4,34,107,231,0
4,34,107,232,0
4,34,107,233,0
4,34,107,234,0
4,34,108,0,0
4,34,108,1,0
4,34,108,2,0
4,34,108,3,0
4,34,108,4,0
4,34,108,5,0
4,34,108,6,0
4,34,108,7,0
4,34,108,8,0
4,34,108,9,0
4,34,108,10,0
4,34,108,11,0
4,34,108,12,0
4,34,108,13,0
4,34,108,14,0
4,34,108,15,0
4,34,108,16,0
4,34,108,17,0
4,34,108,18,0
4,34,108,19,0
4,34,108,20,0
4,34,108,21,0
4,34,108,22,0
4,34,108,23,0
4,34,108,24,0
4,34,108,25,0
4,34,108,26,0
4,34,108,27,0
4,34,108,28,0
4,34,108,29,0
4,34,108,30,0
4,34,108,31,0
4,34,108,32,0
4,34,108,33,0
4,34,108,34,0
4,34,108,35,0
4,34,108,36,0
4,34,108,37,0
4,34,108,38,0
4,34,108,39,0
4,34,108,40,0
4,34,108,41,0
4,34,108,42,0
4,34,108,43,0
4,34,108,44,0
4,34,108,45,0
4,34,108,46,0
4,34,108,47,0
4,34,108,48,0
4,34,108,49,0
4,34,108,50,0
4,34,108,51,0
4,34,108,52,0
4,34,108,53,0
4,34,108,54,0
4,34,108,55,0
4,34,108,56,0
4,34,108,57,0
4,34,108,58,0
4,34,108,59,0
4,34,108,60,0
4,34,108,61,0
4,34,108,62,0
4,34,108,63,0
4,34,108,64,0
4,34,108,65,0
4,34,108,66,0
4,34,108,67,0
4,34,108,68,0
4,34,108,69,0
4,34,108,70,0
4,34,108,71,0
4,34,108,72,0
4,34,108,73,0
4,34,108,74,0
4,34,108,75,0
4,34,108,76,0
4,34,108,77,0
4,34,108,78,0
4,34,108,79,0
4,34,108,80,0
4,34,108,81,0
4,34,108,82,0
4,34,108,83,0
4,34,108,84,0
4,34,108,85,0
4,34,108,86,0
4,34,108,87,0
4,34,108,88,0
4,34,108,89,0
4,34,108,90,0
4,34,108,91,0
4,34,108,92,0
4,34,108,93,0
4,34,108,94,0
4,34,108,95,0
4,34,108,96,0
4,34,108,97,0
4,34,108,98,0
4,34,108,99,0
4,34,108,100,0
4,34,108,101,0
4,34,108,102,0
4,34,108,103,0
4,34,108,104,0
4,34,108,105,0
4,34,108,106,0
4,34,108,107,0
4,34,108,108,0
4,34,108,109,0
4,34,108,110,0
4,34,108,111,0
4,34,108,112,0
4,34,108,113,0
4,34,108,114,0
4,34,108,115,0
4,34,108,116,0
4,34,108,117,0
4,34,108,118,0
4,34,108,119,0
4,34,108,120,0
4,34,108,121,0
4,34,108,122,824770
4,34,108,123,326930698
4,34,108,124,52409672674
4,34,108,125,4633872927072
4,34,108,126,258342616596008
4,34,108,127,9805372958517578
4,34,108,128,266471411305350320
4,34,108,129,5375942701962675280
4,34,108,130,82762952434113901016
4,34,108,131,993906796346197745328
4,34,108,132,9482195559856695479462
4,34,108,133,72998465619577528978254
4,34,108,134,459755629609636850278510
4,34,108,135,2398291915059699911119214
4,34,108,136,10478815210621894303180818
4,34,108,137,38746666794975042568652464
4,34,108,138,122404600984171857956196226
4,34,108,139,333283174066262996025358514
4,34,108,140,788489455507507981864523784
4,34,108,141,1632992083208807512704227622
4,34,108,142,2981000107938780155656040883
4,34,108,143,4827014449068605585853472386
4,34,108,144,6973716724355692308158539558
4,34,108,145,9037392053847310210225845236
4,34,108,146,10557005521248033798729875906
4,34,108,147,11165790898282503774316147894
4,34,108,148,10735728925975532827381145667
4,34,108,149,9417198560332428674172944872
4,34,108,150,7560153821174265423236512063
4,34,108,151,5569910977842807083236916876
4,34,108,152,3774751013519157543875965019
4,34,108,153,2357723297750011688030939896
4,34,108,154,1359367237785329720347684746
4,34,108,155,724323320908100216207941490
4,34,108,156,356971326184486393781841144
4,34,108,157,162793693303834905571058700
4,34,108,158,68705463135434108390416913
4,34,108,159,26828211764927958284971888
4,34,108,160,9687054886332838379071497
4,34,108,161,3231515181279588682251124
4,34,108,162,994769645897339014223254
4,34,108,163,282175005136251197361736
4,34,108,164,73636148463628757541901
4,34,108,165,17648210046674283548824
4,34,108,166,3878269610731247918076
4,34,108,167,780396955848793570536
4,34,108,168,143675397769292589042
4,34,108,169,24201660866149513258
4,34,108,170,3733851668056115743
4,34,108,171,528708275161421308
4,34,108,172,68900458871779566
4,34,108,173,8286951011288696
4,34,108,174,921782284508878
4,34,108,175,94881806793738
4,34,108,176,9024820426381
4,34,108,177,790182828420
4,34,108,178,63239795925
4,34,108,179,4574713786
4,34,108,180,294939110
4,34,108,181,16440514
4,34,108,182,763259
4,34,108,183,29206
4,34,108,184,665
4,34,108,185,8
4,34,108,186,0
4,34,108,187,0
4,34,108,188,0
4,34,108,189,0
4,34,108,190,0
4,34,108,191,0
4,34,108,192,0
4,34,108,193,0
4,34,108,194,0
4,34,108,195,0
4,34,108,196,0
4,34,108,197,0
4,34,108,198,0
4,34,108,199,0
4,34,108,200,0
4,34,108,201,0
4,34,108,202,0
4,34,108,203,0
4,34,108,204,0
4,34,108,205,0
4,34,108,206,0
4,34,108,207,0
4,34,108,208,0
4,34,108,209,0
4,34,108,210,0
4,34,108,211,0
4,34,108,212,0
4,34,108,213,0
4,34,108,214,0
4,34,108,215,0
4,34,108,216,0
4,34,108,217,0
4,34,108,218,0
4,34,108,219,0
4,34,108,220,0
4,34,108,221,0
4,34,108,222,0
4,34,108,223,0
4,34,108,224,0
4,34,108,225,0
4,34,108,226,0
4,34,108,227,0
4,34,108,228,0
4,34,108,229,0
4,34,108,230,0
4,34,108,231,0
4,34,108,232,0
4,34,108,233,0
4,34,108,234,0
4,34,109,0,0
4,34,109,1,0
4,34,109,2,0
4,34,109,3,0
4,34,109,4,0
4,34,109,5,0
4,34,109,6,0
4,34,109,7,0
4,34,109,8,0
4,34,109,9,0
4,34,109,10,0
4,34,109,11,0
4,34,109,12,0
4,34,109,13,0
4,34,109,14,0
4,34,109,15,0
4,34,109,16,0
4,34,109,17,0
4,34,109,18,0
4,34,109,19,0
4,34,109,20,0
4,34,109,21,0
4,34,109,22,0
4,34,109,23,0
4,34,109,24,0
4,34,109,25,0
4,34,109,26,0
4,34,109,27,0
4,34,109,28,0
4,34,109,29,0
4,34,109,30,0
4,34,109,31,0
4,34,109,32,0
4,34,109,33,0
4,34,109,34,0
4,34,109,35,0
4,34,109,36,0
4,34,109,37,0
4,34,109,38,0
4,34,109,39,0
4,34,109,40,0
4,34,109,41,0
4,34,109,42,0
4,34,109,43,0
4,34,109,44,0
4,34,109,45,0
4,34,109,46,0
4,34,109,47,0
4,34,109,48,0
4,34,109,49,0
4,34,109,50,0
4,34,109,51,0
4,34,109,52,0
4,34,109,53,0
4,34,109,54,0
4,34,109,55,0
4,34,109,56,0
4,34,109,57,0
4,34,109,58,0
4,34,109,59,0
4,34,109,60,0
4,34,109,61,0
4,34,109,62,0
4,34,109,63,0
4,34,109,64,0
4,34,109,65,0
4,34,109,66,0
4,34,109,67,0
4,34,109,68,0
4,34,109,69,0
4,34,109,70,0
4,34,109,71,0
4,34,109,72,0
4,34,109,73,0
4,34,109,74,0
4,34,109,75,0
4,34,109,76,0
4,34,109,77,0
4,34,109,78,0
4,34,109,79,0
4,34,109,80,0
4,34,109,81,0
4,34,109,82,0
4,34,109,83,0
4,34,109,84,0
4,34,109,85,0
4,34,109,86,0
4,34,109,87,0
4,34,109,88,0
4,34,109,89,0
4,34,109,90,0
4,34,109,91,0
4,34,109,92,0
4,34,109,93,0
4,34,109,94,0
4,34,109,95,0
4,34,109,96,0
4,34,109,97,0
4,34,109,98,0
4,34,109,99,0
4,34,109,100,0
4,34,109,101,0
4,34,109,102,0
4,34,109,103,0
4,34,109,104,0
4,34,109,105,0
4,34,109,106,0
4,34,109,107,0
4,34,109,108,0
4,34,109,109,0
4,34,109,110,0
4,34,109,111,0
4,34,109,112,0
4,34,109,113,0
4,34,109,114,0
4,34,109,115,0
4,34,109,116,0
4,34,109,117,0
4,34,109,118,0
4,34,109,119,0
4,34,109,120,0
4,34,109,121,0
4,34,109,122,0
4,34,109,123,0
4,34,109,124,0
4,34,109,125,0
4,34,109,126,7757892
4,34,109,127,2470938596
4,34,109,128,325800098148
4,34,109,129,24078667232760
4,34,109,130,1135079691595608
4,34,109,131,36731373704774508
4,34,109,132,856175383299213392
4,34,109,133,14878380692320416020
4,34,109,134,197886133654561218764
4,34,109,135,2057211184841320788772
4,34,109,136,17013054984492889021096
4,34,109,137,113641190600640225747680
4,34,109,138,621479067016220241880680
4,34,109,139,2817141380364557325467192
4,34,109,140,10705677679789951064193520
4,34,109,141,34467526333724855376429496
4,34,109,142,94934631827322749195068692
4,34,109,143,225715294625236249625954108
4,34,109,144,467101164750987840464665364
4,34,109,145,847759233239447592503491708
4,34,109,146,1358842351800994591413360092
4,34,109,147,1935830584292762238342369952
4,34,109,148,2465426886594223663749971752
4,34,109,149,2821869421677777143350095740
4,34,109,150,2916563695802276646685285792
4,34,109,151,2733679180650943460545519536
4,34,109,152,2332405529848470751551034092
4,34,109,153,1817491601871654802094190196
4,34,109,154,1297126304017470588914094564
4,34,109,155,849899739882912639989954820
4,34,109,156,512239833354176304852509620
4,34,109,157,284420114570927597676323276
4,34,109,158,145650309723090459563810696
4,34,109,159,68839209710737672419666520
4,34,109,160,30038157929082341009014852
4,34,109,161,12100334988291982026103712
4,34,109,162,4498007179430599565584612
4,34,109,163,1541691541652810314543932
4,34,109,164,486674373421242837252204
4,34,109,165,141293007827053318866444
4,34,109,166,37663084383277741222160
4,34,109,167,9200931249283973740392
4,34,109,168,2056249973147193517600
4,34,109,169,419708736871704269248
4,34,109,170,78155876831893675772
4,34,109,171,13273406257795296540
4,34,109,172,2057528383688315248
4,34,109,173,291668988645305112
4,34,109,174,37917169823116848
4,34,109,175,4534123741818388
4,34,109,176,499885095446228
4,34,109,177,50851907001848
4,34,109,178,4766304363140
4,34,109,179,409905709108
4,34,109,180,32109128928
4,34,109,181,2262093760
4,34,109,182,141006320
4,34,109,183,7595596
4,34,109,184,330028
4,34,109,185,11456
4,34,109,186,280
4,34,109,187,0
4,34,109,188,0
4,34,109,189,0
4,34,109,190,0
4,34,109,191,0
4,34,109,192,0
4,34,109,193,0
4,34,109,194,0
4,34,109,195,0
4,34,109,196,0
4,34,109,197,0
4,34,109,198,0
4,34,109,199,0
4,34,109,200,0
4,34,109,201,0
4,34,109,202,0
4,34,109,203,0
4,34,109,204,0
4,34,109,205,0
4,34,109,206,0
4,34,109,207,0
4,34,109,208,0
4,34,109,209,0
4,34,109,210,0
4,34,109,211,0
4,34,109,212,0
4,34,109,213,0
4,34,109,214,0
4,34,109,215,0
4,34,109,216,0
4,34,109,217,0
4,34,109,218,0
4,34,109,219,0
4,34,109,220,0
4,34,109,221,0
4,34,109,222,0
4,34,109,223,0
4,34,109,224,0
4,34,109,225,0
4,34,109,226,0
4,34,109,227,0
4,34,109,228,0
4,34,109,229,0
4,34,109,230,0
4,34,109,231,0
4,34,109,232,0
4,34,109,233,0
4,34,109,234,0
4,34,110,0,0
4,34,110,1,0
4,34,110,2,0
4,34,110,3,0
4,34,110,4,0
4,34,110,5,0
4,34,110,6,0
4,34,110,7,0
4,34,110,8,0
4,34,110,9,0
4,34,110,10,0
4,34,110,11,0
4,34,110,12,0
4,34,110,13,0
4,34,110,14,0
4,34,110,15,0
4,34,110,16,0
4,34,110,17,0
4,34,110,18,0
4,34,110,19,0
4,34,110,20,0
4,34,110,21,0
4,34,110,22,0
4,34,110,23,0
4,34,110,24,0
4,34,110,25,0
4,34,110,26,0
4,34,110,27,0
4,34,110,28,0
4,34,110,29,0
4,34,110,30,0
4,34,110,31,0
4,34,110,32,0
4,34,110,33,0
4,34,110,34,0
4,34,110,35,0
4,34,110,36,0
4,34,110,37,0
4,34,110,38,0
4,34,110,39,0
4,34,110,40,0
4,34,110,41,0
4,34,110,42,0
4,34,110,43,0
4,34,110,44,0
4,34,110,45,0
4,34,110,46,0
4,34,110,47,0
4,34,110,48,0
4,34,110,49,0
4,34,110,50,0
4,34,110,51,0
4,34,110,52,0
4,34,110,53,0
4,34,110,54,0
4,34,110,55,0
4,34,110,56,0
4,34,110,57,0
4,34,110,58,0
4,34,110,59,0
4,34,110,60,0
4,34,110,61,0
4,34,110,62,0
4,34,110,63,0
4,34,110,64,0
4,34,110,65,0
4,34,110,66,0
4,34,110,67,0
4,34,110,68,0
4,34,110,69,0
4,34,110,70,0
4,34,110,71,0
4,34,110,72,0
4,34,110,73,0
4,34,110,74,0
4,34,110,75,0
4,34,110,76,0
4,34,110,77,0
4,34,110,78,0
4,34,110,79,0
4,34,110,80,0
4,34,110,81,0
4,34,110,82,0
4,34,110,83,0
4,34,110,84,0
4,34,110,85,0
4,34,110,86,0
4,34,110,87,0
4,34,110,88,0
4,34,110,89,0
4,34,110,90,0
4,34,110,91,0
4,34,110,92,0
4,34,110,93,0
4,34,110,94,0
4,34,110,95,0
4,34,110,96,0
4,34,110,97,0
4,34,110,98,0
4,34,110,99,0
4,34,110,100,0
4,34,110,101,0
4,34,110,102,0
4,34,110,103,0
4,34,110,104,0
4,34,110,105,0
4,34,110,106,0
4,34,110,107,0
4,34,110,108,0
4,34,110,109,0
4,34,110,110,0
4,34,110,111,0
4,34,110,112,0
4,34,110,113,0
4,34,110,114,0
4,34,110,115,0
4,34,110,116,0
4,34,110,117,0
4,34,110,118,0
4,34,110,119,0
4,34,110,120,0
4,34,110,121,0
4,34,110,122,0
4,34,110,123,0
4,34,110,124,0
4,34,110,125,0
4,34,110,126,0
4,34,110,127,0
4,34,110,128,0
4,34,110,129,0
4,34,110,130,56345954
4,34,110,131,14770199066
4,34,110,132,1628270398160
4,34,110,133,101742632800470
4,34,110,134,4087493851503936
4,34,110,135,113369862390804608
4,34,110,136,2273956033333925864
4,34,110,137,34096318053816443440
4,34,110,138,391980360782765082496
4,34,110,139,3526203231914129778512
4,34,110,140,25252571740128142253150
4,34,110,141,146152490449219604834078
4,34,110,142,692979815775181747919866
4,34,110,143,2725772439324576918158058
4,34,110,144,8998388024085297671513992
4,34,110,145,25202133450720962568463476
4,34,110,146,60484658239102646205813376
4,34,110,147,125538694382319517424116822
4,34,110,148,227240890737397840477579088
4,34,110,149,361496909364494220481811786
4,34,110,150,508937826485718452847338540
4,34,110,151,638141730151455566297509658
4,34,110,152,716709766123746631024961102
4,34,110,153,724713956601582884076511164
4,34,110,154,662767086477255231806734846
4,34,110,155,550374798207000427577289456
4,34,110,156,416445401535301008866749640
4,34,110,157,287960312985898913951244908
4,34,110,158,182405540849157513609132428
4,34,110,159,106052424014529453478180636
4,34,110,160,56679304301018553550220598
4,34,110,161,27873918629366018028867036
4,34,110,162,12621148856443261194106314
4,34,110,163,5262582487136633486182544
4,34,110,164,2020172420762209023038508
4,34,110,165,713479607538360148932766
4,34,110,166,231592267521128996676660
4,34,110,167,68993233006010348727832
4,34,110,168,18831586258037783634686
4,34,110,169,4700331899940767082660
4,34,110,170,1070681550345724962532
4,34,110,171,222161105706405764734
4,34,110,172,41929558613362393288
4,34,110,173,7193199866183274788
4,34,110,174,1122180639133461058
4,34,110,175,159473609442104544
4,34,110,176,20702173286508906
4,34,110,177,2462849688098276
4,34,110,178,269207968874084
4,34,110,179,27064446972100
4,34,110,180,2499018152090
4,34,110,181,210991609902
4,34,110,182,16160636126
4,34,110,183,1107966906
4,34,110,184,66662566
4,34,110,185,3439866
4,34,110,186,142960
4,34,110,187,4276
4,34,110,188,98
4,34,110,189,0
4,34,110,190,0
4,34,110,191,0
4,34,110,192,0
4,34,110,193,0
4,34,110,194,0
4,34,110,195,0
4,34,110,196,0
4,34,110,197,0
4,34,110,198,0
4,34,110,199,0
4,34,110,200,0
4,34,110,201,0
4,34,110,202,0
4,34,110,203,0
4,34,110,204,0
4,34,110,205,0
4,34,110,206,0
4,34,110,207,0
4,34,110,208,0
4,34,110,209,0
4,34,110,210,0
4,34,110,211,0
4,34,110,212,0
4,34,110,213,0
4,34,110,214,0
4,34,110,215,0
4,34,110,216,0
4,34,110,217,0
4,34,110,218,0
4,34,110,219,0
4,34,110,220,0
4,34,110,221,0
4,34,110,222,0
4,34,110,223,0
4,34,110,224,0
4,34,110,225,0
4,34,110,226,0
4,34,110,227,0
4,34,110,228,0
4,34,110,229,0
4,34,110,230,0
4,34,110,231,0
4,34,110,232,0
4,34,110,233,0
4,34,110,234,0
4,34,111,0,0
4,34,111,1,0
4,34,111,2,0
4,34,111,3,0
4,34,111,4,0
4,34,111,5,0
4,34,111,6,0
4,34,111,7,0
4,34,111,8,0
4,34,111,9,0
4,34,111,10,0
4,34,111,11,0
4,34,111,12,0
4,34,111,13,0
4,34,111,14,0
4,34,111,15,0
4,34,111,16,0
4,34,111,17,0
4,34,111,18,0
4,34,111,19,0
4,34,111,20,0
4,34,111,21,0
4,34,111,22,0
4,34,111,23,0
4,34,111,24,0
4,34,111,25,0
4,34,111,26,0
4,34,111,27,0
4,34,111,28,0
4,34,111,29,0
4,34,111,30,0
4,34,111,31,0
4,34,111,32,0
4,34,111,33,0
4,34,111,34,0
4,34,111,35,0
4,34,111,36,0
4,34,111,37,0
4,34,111,38,0
4,34,111,39,0
4,34,111,40,0
4,34,111,41,0
4,34,111,42,0
4,34,111,43,0
4,34,111,44,0
4,34,111,45,0
4,34,111,46,0
4,34,111,47,0
4,34,111,48,0
4,34,111,49,0
4,34,111,50,0
4,34,111,51,0
4,34,111,52,0
4,34,111,53,0
4,34,111,54,0
4,34,111,55,0
4,34,111,56,0
4,34,111,57,0
4,34,111,58,0
4,34,111,59,0
4,34,111,60,0
4,34,111,61,0
4,34,111,62,0
4,34,111,63,0
4,34,111,64,0
4,34,111,65,0
4,34,111,66,0
4,34,111,67,0
4,34,111,68,0
4,34,111,69,0
4,34,111,70,0
4,34,111,71,0
4,34,111,72,0
4,34,111,73,0
4,34,111,74,0
4,34,111,75,0
4,34,111,76,0
4,34,111,77,0
4,34,111,78,0
4,34,111,79,0
4,34,111,80,0
4,34,111,81,0
4,34,111,82,0
4,34,111,83,0
4,34,111,84,0
4,34,111,85,0
4,34,111,86,0
4,34,111,87,0
4,34,111,88,0
4,34,111,89,0
4,34,111,90,0
4,34,111,91,0
4,34,111,92,0
4,34,111,93,0
4,34,111,94,0
4,34,111,95,0
4,34,111,96,0
4,34,111,97,0
4,34,111,98,0
4,34,111,99,0
4,34,111,100,0
4,34,111,101,0
4,34,111,102,0
4,34,111,103,0
4,34,111,104,0
4,34,111,105,0
4,34,111,106,0
4,34,111,107,0
4,34,111,108,0
4,34,111,109,0
4,34,111,110,0
4,34,111,111,0
4,34,111,112,0
4,34,111,113,0
4,34,111,114,0
4,34,111,115,0
4,34,111,116,0
4,34,111,117,0
4,34,111,118,0
4,34,111,119,0
4,34,111,120,0
4,34,111,121,0
4,34,111,122,0
4,34,111,123,0
4,34,111,124,0
4,34,111,125,0
4,34,111,126,0
4,34,111,127,0
4,34,111,128,0
4,34,111,129,0
4,34,111,130,0
4,34,111,131,0
4,34,111,132,0
4,34,111,133,0
4,34,111,134,324031120
4,34,111,135,71052439108
4,34,111,136,6623484134968
4,34,111,137,352666494214024
4,34,111,138,12138542502259764
4,34,111,139,289511784703714084
4,34,111,140,5005721011467794456
4,34,111,141,64797097306159946796
4,34,111,142,643637450041836676852
4,34,111,143,5005124868635215628232
4,34,111,144,30995022651183608371068
4,34,111,145,155189408735625254775036
4,34,111,146,637016454666859903580532
4,34,111,147,2171453843704128060718652
4,34,111,148,6221130915916749263829716
4,34,111,149,15147205977190817330207348
4,34,111,150,31664932067042264951931132
4,34,111,151,57366949942861564733324760
4,34,111,152,90837842205981705800288504
4,34,111,153,126686087108984143353957052
4,34,111,154,156694644138666192111826552
4,34,111,155,172956484412926881959141404
4,34,111,156,171306522259122320759061000
4,34,111,157,152994835753222714611170924
4,34,111,158,123732167790516686224580448
4,34,111,159,90942143330026448400808588
4,34,111,160,60932028698932816341091412
4,34,111,161,37308100487637213970434772
4,34,111,162,20916289473512630351145408
4,34,111,163,10752603403205126919116108
4,34,111,164,5073381049397409642812268
4,34,111,165,2198030322063055484863732
4,34,111,166,874409942341136757071756
4,34,111,167,319253255624820187803284
4,34,111,168,106879840287771013753212
4,34,111,169,32765497780519850577252
4,34,111,170,9182413949222762392784
4,34,111,171,2347721331598393750400
4,34,111,172,546441843364093880504
4,34,111,173,115537433874345163168
4,34,111,174,22151335059383811872
4,34,111,175,3846821240774154060
4,34,111,176,605120629112891676
4,34,111,177,86345144317510524
4,34,111,178,11206483420959576
4,34,111,179,1327388008793680
4,34,111,180,143909755489528
4,34,111,181,14298752716044
4,34,111,182,1300310416516
4,34,111,183,107714869456
4,34,111,184,8060672072
4,34,111,185,537250200
4,34,111,186,31115396
4,34,111,187,1535808
4,34,111,188,60248
4,34,111,189,1616
4,34,111,190,28
4,34,111,191,0
4,34,111,192,0
4,34,111,193,0
4,34,111,194,0
4,34,111,195,0
4,34,111,196,0
4,34,111,197,0
4,34,111,198,0
4,34,111,199,0
4,34,111,200,0
4,34,111,201,0
4,34,111,202,0
4,34,111,203,0
4,34,111,204,0
4,34,111,205,0
4,34,111,206,0
4,34,111,207,0
4,34,111,208,0
4,34,111,209,0
4,34,111,210,0
4,34,111,211,0
4,34,111,212,0
4,34,111,213,0
4,34,111,214,0
4,34,111,215,0
4,34,111,216,0
4,34,111,217,0
4,34,111,218,0
4,34,111,219,0
4,34,111,220,0
4,34,111,221,0
4,34,111,222,0
4,34,111,223,0
4,34,111,224,0
4,34,111,225,0
4,34,111,226,0
4,34,111,227,0
4,34,111,228,0
4,34,111,229,0
4,34,111,230,0
4,34,111,231,0
4,34,111,232,0
4,34,111,233,0
4,34,111,234,0
4,34,112,0,0
4,34,112,1,0
4,34,112,2,0
4,34,112,3,0
4,34,112,4,0
4,34,112,5,0
4,34,112,6,0
4,34,112,7,0
4,34,112,8,0
4,34,112,9,0
4,34,112,10,0
4,34,112,11,0
4,34,112,12,0
4,34,112,13,0
4,34,112,14,0
4,34,112,15,0
4,34,112,16,0
4,34,112,17,0
4,34,112,18,0
4,34,112,19,0
4,34,112,20,0
4,34,112,21,0
4,34,112,22,0
4,34,112,23,0
4,34,112,24,0
4,34,112,25,0
4,34,112,26,0
4,34,112,27,0
4,34,112,28,0
4,34,112,29,0
4,34,112,30,0
4,34,112,31,0
4,34,112,32,0
4,34,112,33,0
4,34,112,34,0
4,34,112,35,0
4,34,112,36,0
4,34,112,37,0
4,34,112,38,0
4,34,112,39,0
4,34,112,40,0
4,34,112,41,0
4,34,112,42,0
4,34,112,43,0
4,34,112,44,0
4,34,112,45,0
4,34,112,46,0
4,34,112,47,0
4,34,112,48,0
4,34,112,49,0
4,34,112,50,0
4,34,112,51,0
4,34,112,52,0
4,34,112,53,0
4,34,112,54,0
4,34,112,55,0
4,34,112,56,0
4,34,112,57,0
4,34,112,58,0
4,34,112,59,0
4,34,112,60,0
4,34,112,61,0
4,34,112,62,0
4,34,112,63,0
4,34,112,64,0
4,34,112,65,0
4,34,112,66,0
4,34,112,67,0
4,34,112,68,0
4,34,112,69,0
4,34,112,70,0
4,34,112,71,0
4,34,112,72,0
4,34,112,73,0
4,34,112,74,0
4,34,112,75,0
4,34,112,76,0
4,34,112,77,0
4,34,112,78,0
4,34,112,79,0
4,34,112,80,0
4,34,112,81,0
4,34,112,82,0
4,34,112,83,0
4,34,112,84,0
4,34,112,85,0
4,34,112,86,0
4,34,112,87,0
4,34,112,88,0
4,34,112,89,0
4,34,112,90,0
4,34,112,91,0
4,34,112,92,0
4,34,112,93,0
4,34,112,94,0
4,34,112,95,0
4,34,112,96,0
4,34,112,97,0
4,34,112,98,0
4,34,112,99,0
4,34,112,100,0
4,34,112,101,0
4,34,112,102,0
4,34,112,103,0
4,34,112,104,0
4,34,112,105,0
4,34,112,106,0
4,34,112,107,0
4,34,112,108,0
4,34,112,109,0
4,34,112,110,0
4,34,112,111,0
4,34,112,112,0
4,34,112,113,0
4,34,112,114,0
4,34,112,115,0
4,34,112,116,0
4,34,112,117,0
4,34,112,118,0
4,34,112,119,0
4,34,112,120,0
4,34,112,121,0
4,34,112,122,0
4,34,112,123,0
4,34,112,124,0
4,34,112,125,0
4,34,112,126,0
4,34,112,127,0
4,34,112,128,0
4,34,112,129,0
4,34,112,130,0
4,34,112,131,0
4,34,112,132,0
4,34,112,133,0
4,34,112,134,0
4,34,112,135,0
4,34,112,136,0
4,34,112,137,0
4,34,112,138,1501390338
4,34,112,139,278506675930
4,34,112,140,22125906714982
4,34,112,141,1009176709785204
4,34,112,142,29857687240557298
4,34,112,143,613458875827587360
4,34,112,144,9148392586555689310
4,34,112,145,102195970171513980588
4,34,112,146,876177287141370800050
4,34,112,147,5881084304261691844808
4,34,112,148,31441141933453151590764
4,34,112,149,135969284199003416474258
4,34,112,150,482497976841836272241414
4,34,112,151,1423798678592615896190410
4,34,112,152,3537323274038378740290558
4,34,112,153,7483808944332594549901434
4,34,112,154,13624070379179270867995507
4,34,112,155,21543476383793897643031234
4,34,112,156,29842256938495692981353752
4,34,112,157,36488313260468458952465664
4,34,112,158,39647886039098201900757717
4,34,112,159,38514600055915204364500886
4,34,112,160,33623118013426914071752400
4,34,112,161,26498050987979991571229942
4,34,112,162,18923946919982468350745062
4,34,112,163,12285878432515920290620872
4,34,112,164,7269455537348129511914939
4,34,112,165,3927758992355484830143874
4,34,112,166,1940587152870570722725643
4,34,112,167,877456408478905975234134
4,34,112,168,363202137829747205728934
4,34,112,169,137594770934547409266370
4,34,112,170,47672396275727468793345
4,34,112,171,15087406507221152783438
4,34,112,172,4354340031853790374970
4,34,112,173,1143676882399724344568
4,34,112,174,272744804144857015550
4,34,112,175,58918151368726765686
4,34,112,176,11503861556977281819
4,34,112,177,2027087780040503334
4,34,112,178,322212661214046016
4,34,112,179,46249021204416580
4,34,112,180,6009738577722951
4,34,112,181,709429203742606
4,34,112,182,76324924964511
4,34,112,183,7495733986734
4,34,112,184,671199646242
4,34,112,185,54525630732
4,34,112,186,3980799696
4,34,112,187,257834934
4,34,112,188,14372988
4,34,112,189,666618
4,34,112,190,25469
4,34,112,191,570
4,34,112,192,7
4,34,112,193,0
4,34,112,194,0
4,34,112,195,0
4,34,112,196,0
4,34,112,197,0
4,34,112,198,0
4,34,112,199,0
4,34,112,200,0
4,34,112,201,0
4,34,112,202,0
4,34,112,203,0
4,34,112,204,0
4,34,112,205,0
4,34,112,206,0
4,34,112,207,0
4,34,112,208,0
4,34,112,209,0
4,34,112,210,0
4,34,112,211,0
4,34,112,212,0
4,34,112,213,0
4,34,112,214,0
4,34,112,215,0
4,34,112,216,0
4,34,112,217,0
4,34,112,218,0
4,34,112,219,0
4,34,112,220,0
4,34,112,221,0
4,34,112,222,0
4,34,112,223,0
4,34,112,224,0
4,34,112,225,0
4,34,112,226,0
4,34,112,227,0
4,34,112,228,0
4,34,112,229,0
4,34,112,230,0
4,34,112,231,0
4,34,112,232,0
4,34,112,233,0
4,34,112,234,0
4,34,113,0,0
4,34,113,1,0
4,34,113,2,0
4,34,113,3,0
4,34,113,4,0
4,34,113,5,0
4,34,113,6,0
4,34,113,7,0
4,34,113,8,0
4,34,113,9,0
4,34,113,10,0
4,34,113,11,0
4,34,113,12,0
4,34,113,13,0
4,34,113,14,0
4,34,113,15,0
4,34,113,16,0
4,34,113,17,0
4,34,113,18,0
4,34,113,19,0
4,34,113,20,0
4,34,113,21,0
4,34,113,22,0
4,34,113,23,0
4,34,113,24,0
4,34,113,25,0
4,34,113,26,0
4,34,113,27,0
4,34,113,28,0
4,34,113,29,0
4,34,113,30,0
4,34,113,31,0
4,34,113,32,0
4,34,113,33,0
4,34,113,34,0
4,34,113,35,0
4,34,113,36,0
4,34,113,37,0
4,34,113,38,0
4,34,113,39,0
4,34,113,40,0
4,34,113,41,0
4,34,113,42,0
4,34,113,43,0
4,34,113,44,0
4,34,113,45,0
4,34,113,46,0
4,34,113,47,0
4,34,113,48,0
4,34,113,49,0
4,34,113,50,0
4,34,113,51,0
4,34,113,52,0
4,34,113,53,0
4,34,113,54,0
4,34,113,55,0
4,34,113,56,0
4,34,113,57,0
4,34,113,58,0
4,34,113,59,0
4,34,113,60,0
4,34,113,61,0
4,34,113,62,0
4,34,113,63,0
4,34,113,64,0
4,34,113,65,0
4,34,113,66,0
4,34,113,67,0
4,34,113,68,0
4,34,113,69,0
4,34,113,70,0
4,34,113,71,0
4,34,113,72,0
4,34,113,73,0
4,34,113,74,0
4,34,113,75,0
4,34,113,76,0
4,34,113,77,0
4,34,113,78,0
4,34,113,79,0
4,34,113,80,0
4,34,113,81,0
4,34,113,82,0
4,34,113,83,0
4,34,113,84,0
4,34,113,85,0
4,34,113,86,0
4,34,113,87,0
4,34,113,88,0
4,34,113,89,0
4,34,113,90,0
4,34,113,91,0
4,34,113,92,0
4,34,113,93,0
4,34,113,94,0
4,34,113,95,0
4,34,113,96,0
4,34,113,97,0
4,34,113,98,0
4,34,113,99,0
4,34,113,100,0
4,34,113,101,0
4,34,113,102,0
4,34,113,103,0
4,34,113,104,0
4,34,113,105,0
4,34,113,106,0
4,34,113,107,0
4,34,113,108,0
4,34,113,109,0
4,34,113,110,0
4,34,113,111,0
4,34,113,112,0
4,34,113,113,0
4,34,113,114,0
4,34,113,115,0
4,34,113,116,0
4,34,113,117,0
4,34,113,118,0
4,34,113,119,0
4,34,113,120,0
4,34,113,121,0
4,34,113,122,0
4,34,113,123,0
4,34,113,124,0
4,34,113,125,0
4,34,113,126,0
4,34,113,127,0
4,34,113,128,0
4,34,113,129,0
4,34,113,130,0
4,34,113,131,0
4,34,113,132,0
4,34,113,133,0
4,34,113,134,0
4,34,113,135,0
4,34,113,136,0
4,34,113,137,0
4,34,113,138,0
4,34,113,139,0
4,34,113,140,0
4,34,113,141,0
4,34,113,142,5675620300
4,34,113,143,897587888868
4,34,113,144,61092114797108
4,34,113,145,2394896416549624
4,34,113,146,61016425685032812
4,34,113,147,1080592621110100232
4,34,113,148,13893852263088619052
4,34,113,149,133797167349649012676
4,34,113,150,988579147245130150056
4,34,113,151,5717497896046931036084
4,34,113,152,26342008443868632212844
4,34,113,153,98238331344309722224956
4,34,113,154,300986457128409304605032
4,34,113,155,768142918438739711927436
4,34,113,156,1653851690951930474449692
4,34,113,157,3039166016421441739934140
4,34,113,158,4816938490907836220164644
4,34,113,159,6647078655961375845055996
4,34,113,160,8053270329251962147558620
4,34,113,161,8630080502172332127120696
4,34,113,162,8233452649718215296737332
4,34,113,163,7032699154888052855951012
4,34,113,164,5404150368478079582319720
4,34,113,165,3751052848419974789219368
4,34,113,166,2359579690810590446767728
4,34,113,167,1348664301349173566051416
4,34,113,168,701785018845904770082236
4,34,113,169,332891048650434541216032
4,34,113,170,144044994802743971676788
4,34,113,171,56863563083617963696304
4,34,113,172,20469186643472334730304
4,34,113,173,6711911791529819826116
4,34,113,174,2001663294118164243748
4,34,113,175,541814809341749260028
4,34,113,176,132794960904661841816
4,34,113,177,29393727758874399776
4,34,113,178,5861104520830792048
4,34,113,179,1050709688811650000
4,34,113,180,169174998986944248
4,34,113,181,24477953282398908
4,34,113,182,3189913574173448
4,34,113,183,375721527814304
4,34,113,184,40139806201016
4,34,113,185,3897225769372
4,34,113,186,343534942776
4,34,113,187,27356748908
4,34,113,188,1946979224
4,34,113,189,122076632
4,34,113,190,6580960
4,34,113,191,285404
4,34,113,192,9920
4,34,113,193,240
4,34,113,194,0
4,34,113,195,0
4,34,113,196,0
4,34,113,197,0
4,34,113,198,0
4,34,113,199,0
4,34,113,200,0
4,34,113,201,0
4,34,113,202,0
4,34,113,203,0
4,34,113,204,0
4,34,113,205,0
4,34,113,206,0
4,34,113,207,0
4,34,113,208,0
4,34,113,209,0
4,34,113,210,0
4,34,113,211,0
4,34,113,212,0
4,34,113,213,0
4,34,113,214,0
4,34,113,215,0
4,34,113,216,0
4,34,113,217,0
4,34,113,218,0
4,34,113,219,0
4,34,113,220,0
4,34,113,221,0
4,34,113,222,0
4,34,113,223,0
4,34,113,224,0
4,34,113,225,0
4,34,113,226,0
4,34,113,227,0
4,34,113,228,0
4,34,113,229,0
4,34,113,230,0
4,34,113,231,0
4,34,113,232,0
4,34,113,233,0
4,34,113,234,0
4,34,114,0,0
4,34,114,1,0
4,34,114,2,0
4,34,114,3,0
4,34,114,4,0
4,34,114,5,0
4,34,114,6,0
4,34,114,7,0
4,34,114,8,0
4,34,114,9,0
4,34,114,10,0
4,34,114,11,0
4,34,114,12,0
4,34,114,13,0
4,34,114,14,0
4,34,114,15,0
4,34,114,16,0
4,34,114,17,0
4,34,114,18,0
4,34,114,19,0
4,34,114,20,0
4,34,114,21,0
4,34,114,22,0
4,34,114,23,0
4,34,114,24,0
4,34,114,25,0
4,34,114,26,0
4,34,114,27,0
4,34,114,28,0
4,34,114,29,0
4,34,114,30,0
4,34,114,31,0
4,34,114,32,0
4,34,114,33,0
4,34,114,34,0
4,34,114,35,0
4,34,114,36,0
4,34,114,37,0
4,34,114,38,0
4,34,114,39,0
4,34,114,40,0
4,34,114,41,0
4,34,114,42,0
4,34,114,43,0
4,34,114,44,0
4,34,114,45,0
4,34,114,46,0
4,34,114,47,0
4,34,114,48,0
4,34,114,49,0
4,34,114,50,0
4,34,114,51,0
4,34,114,52,0
4,34,114,53,0
4,34,114,54,0
4,34,114,55,0
4,34,114,56,0
4,34,114,57,0
4,34,114,58,0
4,34,114,59,0
4,34,114,60,0
4,34,114,61,0
4,34,114,62,0
4,34,114,63,0
4,34,114,64,0
4,34,114,65,0
4,34,114,66,0
4,34,114,67,0
4,34,114,68,0
4,34,114,69,0
4,34,114,70,0
4,34,114,71,0
4,34,114,72,0
4,34,114,73,0
4,34,114,74,0
4,34,114,75,0
4,34,114,76,0
4,34,114,77,0
4,34,114,78,0
4,34,114,79,0
4,34,114,80,0
4,34,114,81,0
4,34,114,82,0
4,34,114,83,0
4,34,114,84,0
4,34,114,85,0
4,34,114,86,0
4,34,114,87,0
4,34,114,88,0
4,34,114,89,0
4,34,114,90,0
4,34,114,91,0
4,34,114,92,0
4,34,114,93,0
4,34,114,94,0
4,34,114,95,0
4,34,114,96,0
4,34,114,97,0
4,34,114,98,0
4,34,114,99,0
4,34,114,100,0
4,34,114,101,0
4,34,114,102,0
4,34,114,103,0
4,34,114,104,0
4,34,114,105,0
4,34,114,106,0
4,34,114,107,0
4,34,114,108,0
4,34,114,109,0
4,34,114,110,0
4,34,114,111,0
4,34,114,112,0
4,34,114,113,0
4,34,114,114,0
4,34,114,115,0
4,34,114,116,0
4,34,114,117,0
4,34,114,118,0
4,34,114,119,0
4,34,114,120,0
4,34,114,121,0
4,34,114,122,0
4,34,114,123,0
4,34,114,124,0
4,34,114,125,0
4,34,114,126,0
4,34,114,127,0
4,34,114,128,0
4,34,114,129,0
4,34,114,130,0
4,34,114,131,0
4,34,114,132,0
4,34,114,133,0
4,34,114,134,0
4,34,114,135,0
4,34,114,136,0
4,34,114,137,0
4,34,114,138,0
4,34,114,139,0
4,34,114,140,0
4,34,114,141,0
4,34,114,142,0
4,34,114,143,0
4,34,114,144,0
4,34,114,145,0
4,34,114,146,17664712562
4,34,114,147,2394266128458
4,34,114,148,140080821530948
4,34,114,149,4728414176033738
4,34,114,150,103805128505077094
4,34,114,151,1584058574535633202
4,34,114,152,17541324251934562160
4,34,114,153,145387704531259137266
4,34,114,154,924021149152157134330
4,34,114,155,4595842881282750259770
4,34,114,156,18215078551652199972274
4,34,114,157,58491696262839320184272
4,34,114,158,154545879734996346343036
4,34,114,159,340812997126338788211888
4,34,114,160,635515608673684522833438
4,34,114,161,1013881577898224848220878
4,34,114,162,1398470169395461641328106
4,34,114,163,1683292705377677534619276
4,34,114,164,1782602669983011276379612
4,34,114,165,1672736943473566043641572
4,34,114,166,1399383150486928177042156
4,34,114,167,1049135820039515580737204
4,34,114,168,707911419355481549875106
4,34,114,169,431402114280643932070712
4,34,114,170,238069584327688103501008
4,34,114,171,119201470280883426194114
4,34,114,172,54217962585034786415178
4,34,114,173,22413933191456687985492
4,34,114,174,8420670168685075092868
4,34,114,175,2872694370587312470028
4,34,114,176,888666679915825182700
4,34,114,177,248794029982518263490
4,34,114,178,62882124108831333290
4,34,114,179,14308443004128384292
4,34,114,180,2922799451382971952
4,34,114,181,534640164161348256
4,34,114,182,87436137715003246
4,34,114,183,12783867384969210
4,34,114,184,1674077068465884
4,34,114,185,197023393268044
4,34,114,186,20919142300304
4,34,114,187,2008593349750
4,34,114,188,174274226512
4,34,114,189,13595597058
4,34,114,190,942654620
4,34,114,191,57108244
4,34,114,192,2955276
4,34,114,193,122374
4,34,114,194,3668
4,34,114,195,84
4,34,114,196,0
4,34,114,197,0
4,34,114,198,0
4,34,114,199,0
4,34,114,200,0
4,34,114,201,0
4,34,114,202,0
4,34,114,203,0
4,34,114,204,0
4,34,114,205,0
4,34,114,206,0
4,34,114,207,0
4,34,114,208,0
4,34,114,209,0
4,34,114,210,0
4,34,114,211,0
4,34,114,212,0
4,34,114,213,0
4,34,114,214,0
4,34,114,215,0
4,34,114,216,0
4,34,114,217,0
4,34,114,218,0
4,34,114,219,0
4,34,114,220,0
4,34,114,221,0
4,34,114,222,0
4,34,114,223,0
4,34,114,224,0
4,34,114,225,0
4,34,114,226,0
4,34,114,227,0
4,34,114,228,0
4,34,114,229,0
4,34,114,230,0
4,34,114,231,0
4,34,114,232,0
4,34,114,233,0
4,34,114,234,0
4,34,115,0,0
4,34,115,1,0
4,34,115,2,0
4,34,115,3,0
4,34,115,4,0
4,34,115,5,0
4,34,115,6,0
4,34,115,7,0
4,34,115,8,0
4,34,115,9,0
4,34,115,10,0
4,34,115,11,0
4,34,115,12,0
4,34,115,13,0
4,34,115,14,0
4,34,115,15,0
4,34,115,16,0
4,34,115,17,0
4,34,115,18,0
4,34,115,19,0
4,34,115,20,0
4,34,115,21,0
4,34,115,22,0
4,34,115,23,0
4,34,115,24,0
4,34,115,25,0
4,34,115,26,0
4,34,115,27,0
4,34,115,28,0
4,34,115,29,0
4,34,115,30,0
4,34,115,31,0
4,34,115,32,0
4,34,115,33,0
4,34,115,34,0
4,34,115,35,0
4,34,115,36,0
4,34,115,37,0
4,34,115,38,0
4,34,115,39,0
4,34,115,40,0
4,34,115,41,0
4,34,115,42,0
4,34,115,43,0
4,34,115,44,0
4,34,115,45,0
4,34,115,46,0
4,34,115,47,0
4,34,115,48,0
4,34,115,49,0
4,34,115,50,0
4,34,115,51,0
4,34,115,52,0
4,34,115,53,0
4,34,115,54,0
4,34,115,55,0
4,34,115,56,0
4,34,115,57,0
4,34,115,58,0
4,34,115,59,0
4,34,115,60,0
4,34,115,61,0
4,34,115,62,0
4,34,115,63,0
4,34,115,64,0
4,34,115,65,0
4,34,115,66,0
4,34,115,67,0
4,34,115,68,0
4,34,115,69,0
4,34,115,70,0
4,34,115,71,0
4,34,115,72,0
4,34,115,73,0
4,34,115,74,0
4,34,115,75,0
4,34,115,76,0
4,34,115,77,0
4,34,115,78,0
4,34,115,79,0
4,34,115,80,0
4,34,115,81,0
4,34,115,82,0
4,34,115,83,0
4,34,115,84,0
4,34,115,85,0
4,34,115,86,0
4,34,115,87,0
4,34,115,88,0
4,34,115,89,0
4,34,115,90,0
4,34,115,91,0
4,34,115,92,0
4,34,115,93,0
4,34,115,94,0
4,34,115,95,0
4,34,115,96,0
4,34,115,97,0
4,34,115,98,0
4,34,115,99,0
4,34,115,100,0
4,34,115,101,0
4,34,115,102,0
4,34,115,103,0
4,34,115,104,0
4,34,115,105,0
4,34,115,106,0
4,34,115,107,0
4,34,115,108,0
4,34,115,109,0
4,34,115,110,0
4,34,115,111,0
4,34,115,112,0
4,34,115,113,0
4,34,115,114,0
4,34,115,115,0
4,34,115,116,0
4,34,115,117,0
4,34,115,118,0
4,34,115,119,0
4,34,115,120,0
4,34,115,121,0
4,34,115,122,0
4,34,115,123,0
4,34,115,124,0
4,34,115,125,0
4,34,115,126,0
4,34,115,127,0
4,34,115,128,0
4,34,115,129,0
4,34,115,130,0
4,34,115,131,0
4,34,115,132,0
4,34,115,133,0
4,34,115,134,0
4,34,115,135,0
4,34,115,136,0
4,34,115,137,0
4,34,115,138,0
4,34,115,139,0
4,34,115,140,0
4,34,115,141,0
4,34,115,142,0
4,34,115,143,0
4,34,115,144,0
4,34,115,145,0
4,34,115,146,0
4,34,115,147,0
4,34,115,148,0
4,34,115,149,0
4,34,115,150,45570869944
4,34,115,151,5311518272068
4,34,115,152,267632870469464
4,34,115,153,7783994741740680
4,34,115,154,147201965857326356
4,34,115,155,1933442055819073192
4,34,115,156,18409158382120785944
4,34,115,157,131059565610316806196
4,34,115,158,714965250539007770256
4,34,115,159,3051852241596245443480
4,34,115,160,10386364447447888718148
4,34,115,161,28675437206870243048664
4,34,115,162,65262339668601465701740
4,34,115,163,124247337241287428137556
4,34,115,164,200503037654827195550324
4,34,115,165,277505804721099952111092
4,34,115,166,332846713751256981966384
4,34,115,167,349118771297803132628852
4,34,115,168,322746842535909845001540
4,34,115,169,264736730989872283938144
4,34,115,170,193760111378110096016096
4,34,115,171,127118105606405099547600
4,34,115,172,75028449888205111488180
4,34,115,173,39949850449455917580012
4,34,115,174,19226644990092763130612
4,34,115,175,8372786738947535888588
4,34,115,176,3300331468527835669180
4,34,115,177,1177019987975574463580
4,34,115,178,379361377702511357944
4,34,115,179,110299425470102683808
4,34,115,180,28859357764721139548
4,34,115,181,6775298315292899628
4,34,115,182,1422756492212874828
4,34,115,183,266437519052154968
4,34,115,184,44396814958996668
4,34,115,185,6577617076961228
4,34,115,186,867564035726368
4,34,115,187,102199755150352
4,34,115,188,10796056666472
4,34,115,189,1025609727920
4,34,115,190,87575630152
4,34,115,191,6689935656
4,34,115,192,451663044
4,34,115,193,26347912
4,34,115,194,1307888
4,34,115,195,51152
4,34,115,196,1368
4,34,115,197,24
4,34,115,198,0
4,34,115,199,0
4,34,115,200,0
4,34,115,201,0
4,34,115,202,0
4,34,115,203,0
4,34,115,204,0
4,34,115,205,0
4,34,115,206,0
4,34,115,207,0
4,34,115,208,0
4,34,115,209,0
4,34,115,210,0
4,34,115,211,0
4,34,115,212,0
4,34,115,213,0
4,34,115,214,0
4,34,115,215,0
4,34,115,216,0
4,34,115,217,0
4,34,115,218,0
4,34,115,219,0
4,34,115,220,0
4,34,115,221,0
4,34,115,222,0
4,34,115,223,0
4,34,115,224,0
4,34,115,225,0
4,34,115,226,0
4,34,115,227,0
4,34,115,228,0
4,34,115,229,0
4,34,115,230,0
4,34,115,231,0
4,34,115,232,0
4,34,115,233,0
4,34,115,234,0
4,34,116,0,0
4,34,116,1,0
4,34,116,2,0
4,34,116,3,0
4,34,116,4,0
4,34,116,5,0
4,34,116,6,0
4,34,116,7,0
4,34,116,8,0
4,34,116,9,0
4,34,116,10,0
4,34,116,11,0
4,34,116,12,0
4,34,116,13,0
4,34,116,14,0
4,34,116,15,0
4,34,116,16,0
4,34,116,17,0
4,34,116,18,0
4,34,116,19,0
4,34,116,20,0
4,34,116,21,0
4,34,116,22,0
4,34,116,23,0
4,34,116,24,0
4,34,116,25,0
4,34,116,26,0
4,34,116,27,0
4,34,116,28,0
4,34,116,29,0
4,34,116,30,0
4,34,116,31,0
4,34,116,32,0
4,34,116,33,0
4,34,116,34,0
4,34,116,35,0
4,34,116,36,0
4,34,116,37,0
4,34,116,38,0
4,34,116,39,0
4,34,116,40,0
4,34,116,41,0
4,34,116,42,0
4,34,116,43,0
4,34,116,44,0
4,34,116,45,0
4,34,116,46,0
4,34,116,47,0
4,34,116,48,0
4,34,116,49,0
4,34,116,50,0
4,34,116,51,0
4,34,116,52,0
4,34,116,53,0
4,34,116,54,0
4,34,116,55,0
4,34,116,56,0
4,34,116,57,0
4,34,116,58,0
4,34,116,59,0
4,34,116,60,0
4,34,116,61,0
4,34,116,62,0
4,34,116,63,0
4,34,116,64,0
4,34,116,65,0
4,34,116,66,0
4,34,116,67,0
4,34,116,68,0
4,34,116,69,0
4,34,116,70,0
4,34,116,71,0
4,34,116,72,0
4,34,116,73,0
4,34,116,74,0
4,34,116,75,0
4,34,116,76,0
4,34,116,77,0
4,34,116,78,0
4,34,116,79,0
4,34,116,80,0
4,34,116,81,0
4,34,116,82,0
4,34,116,83,0
4,34,116,84,0
4,34,116,85,0
4,34,116,86,0
4,34,116,87,0
4,34,116,88,0
4,34,116,89,0
4,34,116,90,0
4,34,116,91,0
4,34,116,92,0
4,34,116,93,0
4,34,116,94,0
4,34,116,95,0
4,34,116,96,0
4,34,116,97,0
4,34,116,98,0
4,34,116,99,0
4,34,116,100,0
4,34,116,101,0
4,34,116,102,0
4,34,116,103,0
4,34,116,104,0
4,34,116,105,0
4,34,116,106,0
4,34,116,107,0
4,34,116,108,0
4,34,116,109,0
4,34,116,110,0
4,34,116,111,0
4,34,116,112,0
4,34,116,113,0
4,34,116,114,0
4,34,116,115,0
4,34,116,116,0
4,34,116,117,0
4,34,116,118,0
4,34,116,119,0
4,34,116,120,0
4,34,116,121,0
4,34,116,122,0
4,34,116,123,0
4,34,116,124,0
4,34,116,125,0
4,34,116,126,0
4,34,116,127,0
4,34,116,128,0
4,34,116,129,0
4,34,116,130,0
4,34,116,131,0
4,34,116,132,0
4,34,116,133,0
4,34,116,134,0
4,34,116,135,0
4,34,116,136,0
4,34,116,137,0
4,34,116,138,0
4,34,116,139,0
4,34,116,140,0
4,34,116,141,0
4,34,116,142,0
4,34,116,143,0
4,34,116,144,0
4,34,116,145,0
4,34,116,146,0
4,34,116,147,0
4,34,116,148,0
4,34,116,149,0
4,34,116,150,0
4,34,116,151,0
4,34,116,152,0
4,34,116,153,0
4,34,116,154,97926519106
4,34,116,155,9834020647850
4,34,116,156,427050396619530
4,34,116,157,10699199165798504
4,34,116,158,174101940456318052
4,34,116,159,1964942489056259454
4,34,116,160,16052480208175884940
4,34,116,161,97933050384580456928
4,34,116,162,457495835986703358678
4,34,116,163,1672314191090443949810
4,34,116,164,4877960697834708389466
4,34,116,165,11561015662563030493258
4,34,116,166,22635114267956535507435
4,34,116,167,37161029838679532431492
4,34,116,168,51841442319493825329635
4,34,116,169,62174545019134187310910
4,34,116,170,64757766992773530408084
4,34,116,171,59086854595688705455942
4,34,116,172,47577848875089479690481
4,34,116,173,34016216508003819457090
4,34,116,174,21701031729780913181330
4,34,116,175,12401133361218321806550
4,34,116,176,6365905428058665126696
4,34,116,177,2940972595043107327110
4,34,116,178,1223970707118661953687
4,34,116,179,458919256509514067574
4,34,116,180,154901192102787555585
4,34,116,181,46993963912980258708
4,34,116,182,12784595000743518927
4,34,116,183,3109565366347939054
4,34,116,184,673912752206025954
4,34,116,185,129687451875573888
4,34,116,186,22096106472039113
4,34,116,187,3327932413865134
4,34,116,188,443318783723027
4,34,116,189,52381810685458
4,34,116,190,5512769230869
4,34,116,191,518507287718
4,34,116,192,43576354721
4,34,116,193,3255843690
4,34,116,194,214071052
4,34,116,195,12029096
4,34,116,196,561205
4,34,116,197,21528
4,34,116,198,475
4,34,116,199,6
4,34,116,200,0
4,34,116,201,0
4,34,116,202,0
4,34,116,203,0
4,34,116,204,0
4,34,116,205,0
4,34,116,206,0
4,34,116,207,0
4,34,116,208,0
4,34,116,209,0
4,34,116,210,0
4,34,116,211,0
4,34,116,212,0
4,34,116,213,0
4,34,116,214,0
4,34,116,215,0
4,34,116,216,0
4,34,116,217,0
4,34,116,218,0
4,34,116,219,0
4,34,116,220,0
4,34,116,221,0
4,34,116,222,0
4,34,116,223,0
4,34,116,224,0
4,34,116,225,0
4,34,116,226,0
4,34,116,227,0
4,34,116,228,0
4,34,116,229,0
4,34,116,230,0
4,34,116,231,0
4,34,116,232,0
4,34,116,233,0
4,34,116,234,0
4,34,117,0,0
4,34,117,1,0
4,34,117,2,0
4,34,117,3,0
4,34,117,4,0
4,34,117,5,0
4,34,117,6,0
4,34,117,7,0
4,34,117,8,0
4,34,117,9,0
4,34,117,10,0
4,34,117,11,0
4,34,117,12,0
4,34,117,13,0
4,34,117,14,0
4,34,117,15,0
4,34,117,16,0
4,34,117,17,0
4,34,117,18,0
4,34,117,19,0
4,34,117,20,0
4,34,117,21,0
4,34,117,22,0
4,34,117,23,0
4,34,117,24,0
4,34,117,25,0
4,34,117,26,0
4,34,117,27,0
4,34,117,28,0
4,34,117,29,0
4,34,117,30,0
4,34,117,31,0
4,34,117,32,0
4,34,117,33,0
4,34,117,34,0
4,34,117,35,0
4,34,117,36,0
4,34,117,37,0
4,34,117,38,0
4,34,117,39,0
4,34,117,40,0
4,34,117,41,0
4,34,117,42,0
4,34,117,43,0
4,34,117,44,0
4,34,117,45,0
4,34,117,46,0
4,34,117,47,0
4,34,117,48,0
4,34,117,49,0
4,34,117,50,0
4,34,117,51,0
4,34,117,52,0
4,34,117,53,0
4,34,117,54,0
4,34,117,55,0
4,34,117,56,0
4,34,117,57,0
4,34,117,58,0
4,34,117,59,0
4,34,117,60,0
4,34,117,61,0
4,34,117,62,0
4,34,117,63,0
4,34,117,64,0
4,34,117,65,0
4,34,117,66,0
4,34,117,67,0
4,34,117,68,0
4,34,117,69,0
4,34,117,70,0
4,34,117,71,0
4,34,117,72,0
4,34,117,73,0
4,34,117,74,0
4,34,117,75,0
4,34,117,76,0
4,34,117,77,0
4,34,117,78,0
4,34,117,79,0
4,34,117,80,0
4,34,117,81,0
4,34,117,82,0
4,34,117,83,0
4,34,117,84,0
4,34,117,85,0
4,34,117,86,0
4,34,117,87,0
4,34,117,88,0
4,34,117,89,0
4,34,117,90,0
4,34,117,91,0
4,34,117,92,0
4,34,117,93,0
4,34,117,94,0
4,34,117,95,0
4,34,117,96,0
4,34,117,97,0
4,34,117,98,0
4,34,117,99,0
4,34,117,100,0
4,34,117,101,0
4,34,117,102,0
4,34,117,103,0
4,34,117,104,0
4,34,117,105,0
4,34,117,106,0
4,34,117,107,0
4,34,117,108,0
4,34,117,109,0
4,34,117,110,0
4,34,117,111,0
4,34,117,112,0
4,34,117,113,0
4,34,117,114,0
4,34,117,115,0
4,34,117,116,0
4,34,117,117,0
4,34,117,118,0
4,34,117,119,0
4,34,117,120,0
4,34,117,121,0
4,34,117,122,0
4,34,117,123,0
4,34,117,124,0
4,34,117,125,0
4,34,117,126,0
4,34,117,127,0
4,34,117,128,0
4,34,117,129,0
4,34,117,130,0
4,34,117,131,0
4,34,117,132,0
4,34,117,133,0
4,34,117,134,0
4,34,117,135,0
4,34,117,136,0
4,34,117,137,0
4,34,117,138,0
4,34,117,139,0
4,34,117,140,0
4,34,117,141,0
4,34,117,142,0
4,34,117,143,0
4,34,117,144,0
4,34,117,145,0
4,34,117,146,0
4,34,117,147,0
4,34,117,148,0
4,34,117,149,0
4,34,117,150,0
4,34,117,151,0
4,34,117,152,0
4,34,117,153,0
4,34,117,154,0
4,34,117,155,0
4,34,117,156,0
4,34,117,157,0
4,34,117,158,175918049300
4,34,117,159,15232720514020
4,34,117,160,569978918679716
4,34,117,161,12288154867959672
4,34,117,162,171765460505979744
4,34,117,163,1662063121954198356
4,34,117,164,11620582436771727480
4,34,117,165,60592051192366377556
4,34,117,166,241768451502500245192
4,34,117,167,755042506047249535256
4,34,117,168,1883810373274170995604
4,34,117,169,3826087207161893019200
4,34,117,170,6434319053889630247264
4,34,117,171,9095653803868042268748
4,34,117,172,10951713389883526589240
4,34,117,173,11360581814925759433376
4,34,117,174,10252126394658827517796
4,34,117,175,8114602117504303497524
4,34,117,176,5671171852530328656944
4,34,117,177,3518482632550214205368
4,34,117,178,1945782195709200794784
4,34,117,179,961966466265045809616
4,34,117,180,425936817169619289040
4,34,117,181,169039570394533460892
4,34,117,182,60116292709926644376
4,34,117,183,19135515240001707264
4,34,117,184,5440247691947798092
4,34,117,185,1377388831411692496
4,34,117,186,309458606638328620
4,34,117,187,61457078530610808
4,34,117,188,10749759239540680
4,34,117,189,1652003014801328
4,34,117,190,222976000823904
4,34,117,191,26493354565368
4,34,117,192,2782566900140
4,34,117,193,259335220912
4,34,117,194,21458573512
4,34,117,195,1567315100
4,34,117,196,100024184
4,34,117,197,5443688
4,34,117,198,237324
4,34,117,199,8316
4,34,117,200,200
4,34,117,201,0
4,34,117,202,0
4,34,117,203,0
4,34,117,204,0
4,34,117,205,0
4,34,117,206,0
4,34,117,207,0
4,34,117,208,0
4,34,117,209,0
4,34,117,210,0
4,34,117,211,0
4,34,117,212,0
4,34,117,213,0
4,34,117,214,0
4,34,117,215,0
4,34,117,216,0
4,34,117,217,0
4,34,117,218,0
4,34,117,219,0
4,34,117,220,0
4,34,117,221,0
4,34,117,222,0
4,34,117,223,0
4,34,117,224,0
4,34,117,225,0
4,34,117,226,0
4,34,117,227,0
4,34,117,228,0
4,34,117,229,0
4,34,117,230,0
4,34,117,231,0
4,34,117,232,0
4,34,117,233,0
4,34,117,234,0
4,34,118,0,0
4,34,118,1,0
4,34,118,2,0
4,34,118,3,0
4,34,118,4,0
4,34,118,5,0
4,34,118,6,0
4,34,118,7,0
4,34,118,8,0
4,34,118,9,0
4,34,118,10,0
4,34,118,11,0
4,34,118,12,0
4,34,118,13,0
4,34,118,14,0
4,34,118,15,0
4,34,118,16,0
4,34,118,17,0
4,34,118,18,0
4,34,118,19,0
4,34,118,20,0
4,34,118,21,0
4,34,118,22,0
4,34,118,23,0
4,34,118,24,0
4,34,118,25,0
4,34,118,26,0
4,34,118,27,0
4,34,118,28,0
4,34,118,29,0
4,34,118,30,0
4,34,118,31,0
4,34,118,32,0
4,34,118,33,0
4,34,118,34,0
4,34,118,35,0
4,34,118,36,0
4,34,118,37,0
4,34,118,38,0
4,34,118,39,0
4,34,118,40,0
4,34,118,41,0
4,34,118,42,0
4,34,118,43,0
4,34,118,44,0
4,34,118,45,0
4,34,118,46,0
4,34,118,47,0
4,34,118,48,0
4,34,118,49,0
4,34,118,50,0
4,34,118,51,0
4,34,118,52,0
4,34,118,53,0
4,34,118,54,0
4,34,118,55,0
4,34,118,56,0
4,34,118,57,0
4,34,118,58,0
4,34,118,59,0
4,34,118,60,0
4,34,118,61,0
4,34,118,62,0
4,34,118,63,0
4,34,118,64,0
4,34,118,65,0
4,34,118,66,0
4,34,118,67,0
4,34,118,68,0
4,34,118,69,0
4,34,118,70,0
4,34,118,71,0
4,34,118,72,0
4,34,118,73,0
4,34,118,74,0
4,34,118,75,0
4,34,118,76,0
4,34,118,77,0
4,34,118,78,0
4,34,118,79,0
4,34,118,80,0
4,34,118,81,0
4,34,118,82,0
4,34,118,83,0
4,34,118,84,0
4,34,118,85,0
4,34,118,86,0
4,34,118,87,0
4,34,118,88,0
4,34,118,89,0
4,34,118,90,0
4,34,118,91,0
4,34,118,92,0
4,34,118,93,0
4,34,118,94,0
4,34,118,95,0
4,34,118,96,0
4,34,118,97,0
4,34,118,98,0
4,34,118,99,0
4,34,118,100,0
4,34,118,101,0
4,34,118,102,0
4,34,118,103,0
4,34,118,104,0
4,34,118,105,0
4,34,118,106,0
4,34,118,107,0
4,34,118,108,0
4,34,118,109,0
4,34,118,110,0
4,34,118,111,0
4,34,118,112,0
4,34,118,113,0
4,34,118,114,0
4,34,118,115,0
4,34,118,116,0
4,34,118,117,0
4,34,118,118,0
4,34,118,119,0
4,34,118,120,0
4,34,118,121,0
4,34,118,122,0
4,34,118,123,0
4,34,118,124,0
4,34,118,125,0
4,34,118,126,0
4,34,118,127,0
4,34,118,128,0
4,34,118,129,0
4,34,118,130,0
4,34,118,131,0
4,34,118,132,0
4,34,118,133,0
4,34,118,134,0
4,34,118,135,0
4,34,118,136,0
4,34,118,137,0
4,34,118,138,0
4,34,118,139,0
4,34,118,140,0
4,34,118,141,0
4,34,118,142,0
4,34,118,143,0
4,34,118,144,0
4,34,118,145,0
4,34,118,146,0
4,34,118,147,0
4,34,118,148,0
4,34,118,149,0
4,34,118,150,0
4,34,118,151,0
4,34,118,152,0
4,34,118,153,0
4,34,118,154,0
4,34,118,155,0
4,34,118,156,0
4,34,118,157,0
4,34,118,158,0
4,34,118,159,0
4,34,118,160,0
4,34,118,161,0
4,34,118,162,264870794690
4,34,118,163,19772926984314
4,34,118,164,636873265843224
4,34,118,165,11794924488630942
4,34,118,166,141302528211902708
4,34,118,167,1169104364209212748
4,34,118,168,6974990628553661520
4,34,118,169,30990989553319850244
4,34,118,170,105320078707763238822
4,34,118,171,280288981756267414262
4,34,118,172,596794317563706528228
4,34,118,173,1036570029099428295334
4,34,118,174,1494270350956594679256
4,34,118,175,1814948899456992865678
4,34,118,176,1881630236806880893852
4,34,118,177,1683483222260076891186
4,34,118,178,1311769647744546675310
4,34,118,179,896824109401587041068
4,34,118,180,541124010402889062676
4,34,118,181,289420747638189485310
4,34,118,182,137632072580235932150
4,34,118,183,58294530965918319644
4,34,118,184,22003451345743166762
4,34,118,185,7396788357521252992
4,34,118,186,2210747242380143774
4,34,118,187,585847812116029206
4,34,118,188,137152145578754374
4,34,118,189,28246037942977866
4,34,118,190,5095578592422406
4,34,118,191,802454652601494
4,34,118,192,110159393381760
4,34,118,193,13201982877460
4,34,118,194,1386721297144
4,34,118,195,128218952416
4,34,118,196,10449378840
4,34,118,197,745927442
4,34,118,198,46116094
4,34,118,199,2417226
4,34,118,200,100468
4,34,118,201,3040
4,34,118,202,70
4,34,118,203,0
4,34,118,204,0
4,34,118,205,0
4,34,118,206,0
4,34,118,207,0
4,34,118,208,0
4,34,118,209,0
4,34,118,210,0
4,34,118,211,0
4,34,118,212,0
4,34,118,213,0
4,34,118,214,0
4,34,118,215,0
4,34,118,216,0
4,34,118,217,0
4,34,118,218,0
4,34,118,219,0
4,34,118,220,0
4,34,118,221,0
4,34,118,222,0
4,34,118,223,0
4,34,118,224,0
4,34,118,225,0
4,34,118,226,0
4,34,118,227,0
4,34,118,228,0
4,34,118,229,0
4,34,118,230,0
4,34,118,231,0
4,34,118,232,0
4,34,118,233,0
4,34,118,234,0
4,34,119,0,0
4,34,119,1,0
4,34,119,2,0
4,34,119,3,0
4,34,119,4,0
4,34,119,5,0
4,34,119,6,0
4,34,119,7,0
4,34,119,8,0
4,34,119,9,0
4,34,119,10,0
4,34,119,11,0
4,34,119,12,0
4,34,119,13,0
4,34,119,14,0
4,34,119,15,0
4,34,119,16,0
4,34,119,17,0
4,34,119,18,0
4,34,119,19,0
4,34,119,20,0
4,34,119,21,0
4,34,119,22,0
4,34,119,23,0
4,34,119,24,0
4,34,119,25,0
4,34,119,26,0
4,34,119,27,0
4,34,119,28,0
4,34,119,29,0
4,34,119,30,0
4,34,119,31,0
4,34,119,32,0
4,34,119,33,0
4,34,119,34,0
4,34,119,35,0
4,34,119,36,0
4,34,119,37,0
4,34,119,38,0
4,34,119,39,0
4,34,119,40,0
4,34,119,41,0
4,34,119,42,0
4,34,119,43,0
4,34,119,44,0
4,34,119,45,0
4,34,119,46,0
4,34,119,47,0
4,34,119,48,0
4,34,119,49,0
4,34,119,50,0
4,34,119,51,0
4,34,119,52,0
4,34,119,53,0
4,34,119,54,0
4,34,119,55,0
4,34,119,56,0
4,34,119,57,0
4,34,119,58,0
4,34,119,59,0
4,34,119,60,0
4,34,119,61,0
4,34,119,62,0
4,34,119,63,0
4,34,119,64,0
4,34,119,65,0
4,34,119,66,0
4,34,119,67,0
4,34,119,68,0
4,34,119,69,0
4,34,119,70,0
4,34,119,71,0
4,34,119,72,0
4,34,119,73,0
4,34,119,74,0
4,34,119,75,0
4,34,119,76,0
4,34,119,77,0
4,34,119,78,0
4,34,119,79,0
4,34,119,80,0
4,34,119,81,0
4,34,119,82,0
4,34,119,83,0
4,34,119,84,0
4,34,119,85,0
4,34,119,86,0
4,34,119,87,0
4,34,119,88,0
4,34,119,89,0
4,34,119,90,0
4,34,119,91,0
4,34,119,92,0
4,34,119,93,0
4,34,119,94,0
4,34,119,95,0
4,34,119,96,0
4,34,119,97,0
4,34,119,98,0
4,34,119,99,0
4,34,119,100,0
4,34,119,101,0
4,34,119,102,0
4,34,119,103,0
4,34,119,104,0
4,34,119,105,0
4,34,119,106,0
4,34,119,107,0
4,34,119,108,0
4,34,119,109,0
4,34,119,110,0
4,34,119,111,0
4,34,119,112,0
4,34,119,113,0
4,34,119,114,0
4,34,119,115,0
4,34,119,116,0
4,34,119,117,0
4,34,119,118,0
4,34,119,119,0
4,34,119,120,0
4,34,119,121,0
4,34,119,122,0
4,34,119,123,0
4,34,119,124,0
4,34,119,125,0
4,34,119,126,0
4,34,119,127,0
4,34,119,128,0
4,34,119,129,0
4,34,119,130,0
4,34,119,131,0
4,34,119,132,0
4,34,119,133,0
4,34,119,134,0
4,34,119,135,0
4,34,119,136,0
4,34,119,137,0
4,34,119,138,0
4,34,119,139,0
4,34,119,140,0
4,34,119,141,0
4,34,119,142,0
4,34,119,143,0
4,34,119,144,0
4,34,119,145,0
4,34,119,146,0
4,34,119,147,0
4,34,119,148,0
4,34,119,149,0
4,34,119,150,0
4,34,119,151,0
4,34,119,152,0
4,34,119,153,0
4,34,119,154,0
4,34,119,155,0
4,34,119,156,0
4,34,119,157,0
4,34,119,158,0
4,34,119,159,0
4,34,119,160,0
4,34,119,161,0
4,34,119,162,0
4,34,119,163,0
4,34,119,164,0
4,34,119,165,0
4,34,119,166,334834507296
4,34,119,167,21529389792324
4,34,119,168,595918645839384
4,34,119,169,9458873137024904
4,34,119,170,96843634487654372
4,34,119,171,682929831831188636
4,34,119,172,3464992684169356152
4,34,119,173,13074500765680808316
4,34,119,174,37722026785447250108
4,34,119,175,85295993383550446876
4,34,119,176,154565751950931013416
4,34,119,177,228977951603781160604
4,34,119,178,282173032064492094012
4,34,119,179,293589479673238847176
4,34,119,180,261161832577908431820
4,34,119,181,200684878016545031796
4,34,119,182,134328005030983280744
4,34,119,183,78825042957266755208
4,34,119,184,40743543023622383040
4,34,119,185,18608482356485158804
4,34,119,186,7522044598721107872
4,34,119,187,2691767114595776724
4,34,119,188,851796207439706576
4,34,119,189,237791649597567180
4,34,119,190,58355687954712220
4,34,119,191,12533189675008640
4,34,119,192,2344299992221160
4,34,119,193,380202019105448
4,34,119,194,53322259441176
4,34,119,195,6469564056844
4,34,119,196,681438694088
4,34,119,197,62596171304
4,34,119,198,5027906580
4,34,119,199,350955696
4,34,119,200,20931504
4,34,119,201,1057316
4,34,119,202,41548
4,34,119,203,1116
4,34,119,204,20
4,34,119,205,0
4,34,119,206,0
4,34,119,207,0
4,34,119,208,0
4,34,119,209,0
4,34,119,210,0
4,34,119,211,0
4,34,119,212,0
4,34,119,213,0
4,34,119,214,0
4,34,119,215,0
4,34,119,216,0
4,34,119,217,0
4,34,119,218,0
4,34,119,219,0
4,34,119,220,0
4,34,119,221,0
4,34,119,222,0
4,34,119,223,0
4,34,119,224,0
4,34,119,225,0
4,34,119,226,0
4,34,119,227,0
4,34,119,228,0
4,34,119,229,0
4,34,119,230,0
4,34,119,231,0
4,34,119,232,0
4,34,119,233,0
4,34,119,234,0
4,34,120,0,0
4,34,120,1,0
4,34,120,2,0
4,34,120,3,0
4,34,120,4,0
4,34,120,5,0
4,34,120,6,0
4,34,120,7,0
4,34,120,8,0
4,34,120,9,0
4,34,120,10,0
4,34,120,11,0
4,34,120,12,0
4,34,120,13,0
4,34,120,14,0
4,34,120,15,0
4,34,120,16,0
4,34,120,17,0
4,34,120,18,0
4,34,120,19,0
4,34,120,20,0
4,34,120,21,0
4,34,120,22,0
4,34,120,23,0
4,34,120,24,0
4,34,120,25,0
4,34,120,26,0
4,34,120,27,0
4,34,120,28,0
4,34,120,29,0
4,34,120,30,0
4,34,120,31,0
4,34,120,32,0
4,34,120,33,0
4,34,120,34,0
4,34,120,35,0
4,34,120,36,0
4,34,120,37,0
4,34,120,38,0
4,34,120,39,0
4,34,120,40,0
4,34,120,41,0
4,34,120,42,0
4,34,120,43,0
4,34,120,44,0
4,34,120,45,0
4,34,120,46,0
4,34,120,47,0
4,34,120,48,0
4,34,120,49,0
4,34,120,50,0
4,34,120,51,0
4,34,120,52,0
4,34,120,53,0
4,34,120,54,0
4,34,120,55,0
4,34,120,56,0
4,34,120,57,0
4,34,120,58,0
4,34,120,59,0
4,34,120,60,0
4,34,120,61,0
4,34,120,62,0
4,34,120,63,0
4,34,120,64,0
4,34,120,65,0
4,34,120,66,0
4,34,120,67,0
4,34,120,68,0
4,34,120,69,0
4,34,120,70,0
4,34,120,71,0
4,34,120,72,0
4,34,120,73,0
4,34,120,74,0
4,34,120,75,0
4,34,120,76,0
4,34,120,77,0
4,34,120,78,0
4,34,120,79,0
4,34,120,80,0
4,34,120,81,0
4,34,120,82,0
4,34,120,83,0
4,34,120,84,0
4,34,120,85,0
4,34,120,86,0
4,34,120,87,0
4,34,120,88,0
4,34,120,89,0
4,34,120,90,0
4,34,120,91,0
4,34,120,92,0
4,34,120,93,0
4,34,120,94,0
4,34,120,95,0
4,34,120,96,0
4,34,120,97,0
4,34,120,98,0
4,34,120,99,0
4,34,120,100,0
4,34,120,101,0
4,34,120,102,0
4,34,120,103,0
4,34,120,104,0
4,34,120,105,0
4,34,120,106,0
4,34,120,107,0
4,34,120,108,0
4,34,120,109,0
4,34,120,110,0
4,34,120,111,0
4,34,120,112,0
4,34,120,113,0
4,34,120,114,0
4,34,120,115,0
4,34,120,116,0
4,34,120,117,0
4,34,120,118,0
4,34,120,119,0
4,34,120,120,0
4,34,120,121,0
4,34,120,122,0
4,34,120,123,0
4,34,120,124,0
4,34,120,125,0
4,34,120,126,0
4,34,120,127,0
4,34,120,128,0
4,34,120,129,0
4,34,120,130,0
4,34,120,131,0
4,34,120,132,0
4,34,120,133,0
4,34,120,134,0
4,34,120,135,0
4,34,120,136,0
4,34,120,137,0
4,34,120,138,0
4,34,120,139,0
4,34,120,140,0
4,34,120,141,0
4,34,120,142,0
4,34,120,143,0
4,34,120,144,0
4,34,120,145,0
4,34,120,146,0
4,34,120,147,0
4,34,120,148,0
4,34,120,149,0
4,34,120,150,0
4,34,120,151,0
4,34,120,152,0
4,34,120,153,0
4,34,120,154,0
4,34,120,155,0
4,34,120,156,0
4,34,120,157,0
4,34,120,158,0
4,34,120,159,0
4,34,120,160,0
4,34,120,161,0
4,34,120,162,0
4,34,120,163,0
4,34,120,164,0
4,34,120,165,0
4,34,120,166,0
4,34,120,167,0
4,34,120,168,0
4,34,120,169,0
4,34,120,170,355761664002
4,34,120,171,19670776072314
4,34,120,172,466819123444302
4,34,120,173,6332108006580540
4,34,120,174,55217575402588222
4,34,120,175,330635048164135140
4,34,120,176,1421015558835999018
4,34,120,177,4535751051687749020
4,34,120,178,11068436406731451861
4,34,120,179,21189750072963511192
4,34,120,180,32568224313867836820
4,34,120,181,41007673574827010766
4,34,120,182,43036284178993973442
4,34,120,183,38192634845355406654
4,34,120,184,29002877741089641314
4,34,120,185,19024264251305632438
4,34,120,186,10856716141294346815
4,34,120,187,5418034443654217166
4,34,120,188,2372186414046756094
4,34,120,189,912575312653202386
4,34,120,190,308410895793648854
4,34,120,191,91405939621698748
4,34,120,192,23681200155414858
4,34,120,193,5339005552622708
4,34,120,194,1041864651474581
4,34,120,195,175028188777292
4,34,120,196,25210997067249
4,34,120,197,3110552227348
4,34,120,198,329661905985
4,34,120,199,30145944622
4,34,120,200,2386688034
4,34,120,201,163136550
4,34,120,202,9394929
4,34,120,203,446768
4,34,120,204,17383
4,34,120,205,380
4,34,120,206,5
4,34,120,207,0
4,34,120,208,0
4,34,120,209,0
4,34,120,210,0
4,34,120,211,0
4,34,120,212,0
4,34,120,213,0
4,34,120,214,0
4,34,120,215,0
4,34,120,216,0
4,34,120,217,0
4,34,120,218,0
4,34,120,219,0
4,34,120,220,0
4,34,120,221,0
4,34,120,222,0
4,34,120,223,0
4,34,120,224,0
4,34,120,225,0
4,34,120,226,0
4,34,120,227,0
4,34,120,228,0
4,34,120,229,0
4,34,120,230,0
4,34,120,231,0
4,34,120,232,0
4,34,120,233,0
4,34,120,234,0
4,34,121,0,0
4,34,121,1,0
4,34,121,2,0
4,34,121,3,0
4,34,121,4,0
4,34,121,5,0
4,34,121,6,0
4,34,121,7,0
4,34,121,8,0
4,34,121,9,0
4,34,121,10,0
4,34,121,11,0
4,34,121,12,0
4,34,121,13,0
4,34,121,14,0
4,34,121,15,0
4,34,121,16,0
4,34,121,17,0
4,34,121,18,0
4,34,121,19,0
4,34,121,20,0
4,34,121,21,0
4,34,121,22,0
4,34,121,23,0
4,34,121,24,0
4,34,121,25,0
4,34,121,26,0
4,34,121,27,0
4,34,121,28,0
4,34,121,29,0
4,34,121,30,0
4,34,121,31,0
4,34,121,32,0
4,34,121,33,0
4,34,121,34,0
4,34,121,35,0
4,34,121,36,0
4,34,121,37,0
4,34,121,38,0
4,34,121,39,0
4,34,121,40,0
4,34,121,41,0
4,34,121,42,0
4,34,121,43,0
4,34,121,44,0
4,34,121,45,0
4,34,121,46,0
4,34,121,47,0
4,34,121,48,0
4,34,121,49,0
4,34,121,50,0
4,34,121,51,0
4,34,121,52,0
4,34,121,53,0
4,34,121,54,0
4,34,121,55,0
4,34,121,56,0
4,34,121,57,0
4,34,121,58,0
4,34,121,59,0
4,34,121,60,0
4,34,121,61,0
4,34,121,62,0
4,34,121,63,0
4,34,121,64,0
4,34,121,65,0
4,34,121,66,0
4,34,121,67,0
4,34,121,68,0
4,34,121,69,0
4,34,121,70,0
4,34,121,71,0
4,34,121,72,0
4,34,121,73,0
4,34,121,74,0
4,34,121,75,0
4,34,121,76,0
4,34,121,77,0
4,34,121,78,0
4,34,121,79,0
4,34,121,80,0
4,34,121,81,0
4,34,121,82,0
4,34,121,83,0
4,34,121,84,0
4,34,121,85,0
4,34,121,86,0
4,34,121,87,0
4,34,121,88,0
4,34,121,89,0
4,34,121,90,0
4,34,121,91,0
4,34,121,92,0
4,34,121,93,0
4,34,121,94,0
4,34,121,95,0
4,34,121,96,0
4,34,121,97,0
4,34,121,98,0
4,34,121,99,0
4,34,121,100,0
4,34,121,101,0
4,34,121,102,0
4,34,121,103,0
4,34,121,104,0
4,34,121,105,0
4,34,121,106,0
4,34,121,107,0
4,34,121,108,0
4,34,121,109,0
4,34,121,110,0
4,34,121,111,0
4,34,121,112,0
4,34,121,113,0
4,34,121,114,0
4,34,121,115,0
4,34,121,116,0
4,34,121,117,0
4,34,121,118,0
4,34,121,119,0
4,34,121,120,0
4,34,121,121,0
4,34,121,122,0
4,34,121,123,0
4,34,121,124,0
4,34,121,125,0
4,34,121,126,0
4,34,121,127,0
4,34,121,128,0
4,34,121,129,0
4,34,121,130,0
4,34,121,131,0
4,34,121,132,0
4,34,121,133,0
4,34,121,134,0
4,34,121,135,0
4,34,121,136,0
4,34,121,137,0
4,34,121,138,0
4,34,121,139,0
4,34,121,140,0
4,34,121,141,0
4,34,121,142,0
4,34,121,143,0
4,34,121,144,0
4,34,121,145,0
4,34,121,146,0
4,34,121,147,0
4,34,121,148,0
4,34,121,149,0
4,34,121,150,0
4,34,121,151,0
4,34,121,152,0
4,34,121,153,0
4,34,121,154,0
4,34,121,155,0
4,34,121,156,0
4,34,121,157,0
4,34,121,158,0
4,34,121,159,0
4,34,121,160,0
4,34,121,161,0
4,34,121,162,0
4,34,121,163,0
4,34,121,164,0
4,34,121,165,0
4,34,121,166,0
4,34,121,167,0
4,34,121,168,0
4,34,121,169,0
4,34,121,170,0
4,34,121,171,0
4,34,121,172,0
4,34,121,173,0
4,34,121,174,317844953628
4,34,121,175,15078352579300
4,34,121,176,305898109446580
4,34,121,177,3533311094125688
4,34,121,178,26136051586493652
4,34,121,179,132295171268615888
4,34,121,180,479402567011863252
4,34,121,181,1288446643388412036
4,34,121,182,2647419402364349680
4,34,121,183,4272444330896833356
4,34,121,184,5545192378424710740
4,34,121,185,5906611255812337924
4,34,121,186,5251360112848068796
4,34,121,187,3950742348750880476
4,34,121,188,2542435404184350656
4,34,121,189,1410924797020537740
4,34,121,190,679025764775498712
4,34,121,191,284355445311238024
4,34,121,192,103748896401075372
4,34,121,193,32956785288346128
4,34,121,194,9091266841904816
4,34,121,195,2168484022158136
4,34,121,196,444707194530008
4,34,121,197,77917157926620
4,34,121,198,11599220542844
4,34,121,199,1463214109548
4,34,121,200,156681701140
4,34,121,201,14304425612
4,34,121,202,1117141604
4,34,121,203,74627744
4,34,121,204,4178580
4,34,121,205,185716
4,34,121,206,6644
4,34,121,207,160
4,34,121,208,0
4,34,121,209,0
4,34,121,210,0
4,34,121,211,0
4,34,121,212,0
4,34,121,213,0
4,34,121,214,0
4,34,121,215,0
4,34,121,216,0
4,34,121,217,0
4,34,121,218,0
4,34,121,219,0
4,34,121,220,0
4,34,121,221,0
4,34,121,222,0
4,34,121,223,0
4,34,121,224,0
4,34,121,225,0
4,34,121,226,0
4,34,121,227,0
4,34,121,228,0
4,34,121,229,0
4,34,121,230,0
4,34,121,231,0
4,34,121,232,0
4,34,121,233,0
4,34,121,234,0
4,34,122,0,0
4,34,122,1,0
4,34,122,2,0
4,34,122,3,0
4,34,122,4,0
4,34,122,5,0
4,34,122,6,0
4,34,122,7,0
4,34,122,8,0
4,34,122,9,0
4,34,122,10,0
4,34,122,11,0
4,34,122,12,0
4,34,122,13,0
4,34,122,14,0
4,34,122,15,0
4,34,122,16,0
4,34,122,17,0
4,34,122,18,0
4,34,122,19,0
4,34,122,20,0
4,34,122,21,0
4,34,122,22,0
4,34,122,23,0
4,34,122,24,0
4,34,122,25,0
4,34,122,26,0
4,34,122,27,0
4,34,122,28,0
4,34,122,29,0
4,34,122,30,0
4,34,122,31,0
4,34,122,32,0
4,34,122,33,0
4,34,122,34,0
4,34,122,35,0
4,34,122,36,0
4,34,122,37,0
4,34,122,38,0
4,34,122,39,0
4,34,122,40,0
4,34,122,41,0
4,34,122,42,0
4,34,122,43,0
4,34,122,44,0
4,34,122,45,0
4,34,122,46,0
4,34,122,47,0
4,34,122,48,0
4,34,122,49,0
4,34,122,50,0
4,34,122,51,0
4,34,122,52,0
4,34,122,53,0
4,34,122,54,0
4,34,122,55,0
4,34,122,56,0
4,34,122,57,0
4,34,122,58,0
4,34,122,59,0
4,34,122,60,0
4,34,122,61,0
4,34,122,62,0
4,34,122,63,0
4,34,122,64,0
4,34,122,65,0
4,34,122,66,0
4,34,122,67,0
4,34,122,68,0
4,34,122,69,0
4,34,122,70,0
4,34,122,71,0
4,34,122,72,0
4,34,122,73,0
4,34,122,74,0
4,34,122,75,0
4,34,122,76,0
4,34,122,77,0
4,34,122,78,0
4,34,122,79,0
4,34,122,80,0
4,34,122,81,0
4,34,122,82,0
4,34,122,83,0
4,34,122,84,0
4,34,122,85,0
4,34,122,86,0
4,34,122,87,0
4,34,122,88,0
4,34,122,89,0
4,34,122,90,0
4,34,122,91,0
4,34,122,92,0
4,34,122,93,0
4,34,122,94,0
4,34,122,95,0
4,34,122,96,0
4,34,122,97,0
4,34,122,98,0
4,34,122,99,0
4,34,122,100,0
4,34,122,101,0
4,34,122,102,0
4,34,122,103,0
4,34,122,104,0
4,34,122,105,0
4,34,122,106,0
4,34,122,107,0
4,34,122,108,0
4,34,122,109,0
4,34,122,110,0
4,34,122,111,0
4,34,122,112,0
4,34,122,113,0
4,34,122,114,0
4,34,122,115,0
4,34,122,116,0
4,34,122,117,0
4,34,122,118,0
4,34,122,119,0
4,34,122,120,0
4,34,122,121,0
4,34,122,122,0
4,34,122,123,0
4,34,122,124,0
4,34,122,125,0
4,34,122,126,0
4,34,122,127,0
4,34,122,128,0
4,34,122,129,0
4,34,122,130,0
4,34,122,131,0
4,34,122,132,0
4,34,122,133,0
4,34,122,134,0
4,34,122,135,0
4,34,122,136,0
4,34,122,137,0
4,34,122,138,0
4,34,122,139,0
4,34,122,140,0
4,34,122,141,0
4,34,122,142,0
4,34,122,143,0
4,34,122,144,0
4,34,122,145,0
4,34,122,146,0
4,34,122,147,0
4,34,122,148,0
4,34,122,149,0
4,34,122,150,0
4,34,122,151,0
4,34,122,152,0
4,34,122,153,0
4,34,122,154,0
4,34,122,155,0
4,34,122,156,0
4,34,122,157,0
4,34,122,158,0
4,34,122,159,0
4,34,122,160,0
4,34,122,161,0
4,34,122,162,0
4,34,122,163,0
4,34,122,164,0
4,34,122,165,0
4,34,122,166,0
4,34,122,167,0
4,34,122,168,0
4,34,122,169,0
4,34,122,170,0
4,34,122,171,0
4,34,122,172,0
4,34,122,173,0
4,34,122,174,0
4,34,122,175,0
4,34,122,176,0
4,34,122,177,0
4,34,122,178,238745924050
4,34,122,179,9689046995370
4,34,122,180,167426536852172
4,34,122,181,1639717100647506
4,34,122,182,10238441688883114
4,34,122,183,43576724561253838
4,34,122,184,132403325695934136
4,34,122,185,297956157891572046
4,34,122,186,512665744015306918
4,34,122,187,693586079709791342
4,34,122,188,755768306317219238
4,34,122,189,676669432069165666
4,34,122,190,505912765327286700
4,34,122,191,319852235663258998
4,34,122,192,172593992691951722
4,34,122,193,79987081231844684
4,34,122,194,31948554579586146
4,34,122,195,11008676042732410
4,34,122,196,3267712597715906
4,34,122,197,832474949268280
4,34,122,198,180988480581018
4,34,122,199,33344114974590
4,34,122,200,5168867348282
4,34,122,201,671034941802
4,34,122,202,72980009442
4,34,122,203,6676519230
4,34,122,204,515153976
4,34,122,205,33594040
4,34,122,206,1823700
4,34,122,207,77230
4,34,122,208,2392
4,34,122,209,56
4,34,122,210,0
4,34,122,211,0
4,34,122,212,0
4,34,122,213,0
4,34,122,214,0
4,34,122,215,0
4,34,122,216,0
4,34,122,217,0
4,34,122,218,0
4,34,122,219,0
4,34,122,220,0
4,34,122,221,0
4,34,122,222,0
4,34,122,223,0
4,34,122,224,0
4,34,122,225,0
4,34,122,226,0
4,34,122,227,0
4,34,122,228,0
4,34,122,229,0
4,34,122,230,0
4,34,122,231,0
4,34,122,232,0
4,34,122,233,0
4,34,122,234,0
4,34,123,0,0
4,34,123,1,0
4,34,123,2,0
4,34,123,3,0
4,34,123,4,0
4,34,123,5,0
4,34,123,6,0
4,34,123,7,0
4,34,123,8,0
4,34,123,9,0
4,34,123,10,0
4,34,123,11,0
4,34,123,12,0
4,34,123,13,0
4,34,123,14,0
4,34,123,15,0
4,34,123,16,0
4,34,123,17,0
4,34,123,18,0
4,34,123,19,0
4,34,123,20,0
4,34,123,21,0
4,34,123,22,0
4,34,123,23,0
4,34,123,24,0
4,34,123,25,0
4,34,123,26,0
4,34,123,27,0
4,34,123,28,0
4,34,123,29,0
4,34,123,30,0
4,34,123,31,0
4,34,123,32,0
4,34,123,33,0
4,34,123,34,0
4,34,123,35,0
4,34,123,36,0
4,34,123,37,0
4,34,123,38,0
4,34,123,39,0
4,34,123,40,0
4,34,123,41,0
4,34,123,42,0
4,34,123,43,0
4,34,123,44,0
4,34,123,45,0
4,34,123,46,0
4,34,123,47,0
4,34,123,48,0
4,34,123,49,0
4,34,123,50,0
4,34,123,51,0
4,34,123,52,0
4,34,123,53,0
4,34,123,54,0
4,34,123,55,0
4,34,123,56,0
4,34,123,57,0
4,34,123,58,0
4,34,123,59,0
4,34,123,60,0
4,34,123,61,0
4,34,123,62,0
4,34,123,63,0
4,34,123,64,0
4,34,123,65,0
4,34,123,66,0
4,34,123,67,0
4,34,123,68,0
4,34,123,69,0
4,34,123,70,0
4,34,123,71,0
4,34,123,72,0
4,34,123,73,0
4,34,123,74,0
4,34,123,75,0
4,34,123,76,0
4,34,123,77,0
4,34,123,78,0
4,34,123,79,0
4,34,123,80,0
4,34,123,81,0
4,34,123,82,0
4,34,123,83,0
4,34,123,84,0
4,34,123,85,0
4,34,123,86,0
4,34,123,87,0
4,34,123,88,0
4,34,123,89,0
4,34,123,90,0
4,34,123,91,0
4,34,123,92,0
4,34,123,93,0
4,34,123,94,0
4,34,123,95,0
4,34,123,96,0
4,34,123,97,0
4,34,123,98,0
4,34,123,99,0
4,34,123,100,0
4,34,123,101,0
4,34,123,102,0
4,34,123,103,0
4,34,123,104,0
4,34,123,105,0
4,34,123,106,0
4,34,123,107,0
4,34,123,108,0
4,34,123,109,0
4,34,123,110,0
4,34,123,111,0
4,34,123,112,0
4,34,123,113,0
4,34,123,114,0
4,34,123,115,0
4,34,123,116,0
4,34,123,117,0
4,34,123,118,0
4,34,123,119,0
4,34,123,120,0
4,34,123,121,0
4,34,123,122,0
4,34,123,123,0
4,34,123,124,0
4,34,123,125,0
4,34,123,126,0
4,34,123,127,0
4,34,123,128,0
4,34,123,129,0
4,34,123,130,0
4,34,123,131,0
4,34,123,132,0
4,34,123,133,0
4,34,123,134,0
4,34,123,135,0
4,34,123,136,0
4,34,123,137,0
4,34,123,138,0
4,34,123,139,0
4,34,123,140,0
4,34,123,141,0
4,34,123,142,0
4,34,123,143,0
4,34,123,144,0
4,34,123,145,0
4,34,123,146,0
4,34,123,147,0
4,34,123,148,0
4,34,123,149,0
4,34,123,150,0
4,34,123,151,0
4,34,123,152,0
4,34,123,153,0
4,34,123,154,0
4,34,123,155,0
4,34,123,156,0
4,34,123,157,0
4,34,123,158,0
4,34,123,159,0
4,34,123,160,0
4,34,123,161,0
4,34,123,162,0
4,34,123,163,0
4,34,123,164,0
4,34,123,165,0
4,34,123,166,0
4,34,123,167,0
4,34,123,168,0
4,34,123,169,0
4,34,123,170,0
4,34,123,171,0
4,34,123,172,0
4,34,123,173,0
4,34,123,174,0
4,34,123,175,0
4,34,123,176,0
4,34,123,177,0
4,34,123,178,0
4,34,123,179,0
4,34,123,180,0
4,34,123,181,0
4,34,123,182,150656183240
4,34,123,183,5211422771268
4,34,123,184,76365059873144
4,34,123,185,630832682995592
4,34,123,186,3305302678411204
4,34,123,187,11752567928399744
4,34,123,188,29738001033984088
4,34,123,189,55649226933276908
4,34,123,190,79625730072162896
4,34,123,191,89661692647613624
4,34,123,192,81385049200353688
4,34,123,193,60707439555654236
4,34,123,194,37772022905376216
4,34,123,195,19816265935208720
4,34,123,196,8827830424652168
4,34,123,197,3351507371200088
4,34,123,198,1084905462714924
4,34,123,199,298702213671324
4,34,123,200,69584943530216
4,34,123,201,13613949974480
4,34,123,202,2217859764136
4,34,123,203,298717064060
4,34,123,204,33202158532
4,34,123,205,3058846516
4,34,123,206,234001828
4,34,123,207,14829524
4,34,123,208,783324
4,34,123,209,31436
4,34,123,210,860
4,34,123,211,16
4,34,123,212,0
4,34,123,213,0
4,34,123,214,0
4,34,123,215,0
4,34,123,216,0
4,34,123,217,0
4,34,123,218,0
4,34,123,219,0
4,34,123,220,0
4,34,123,221,0
4,34,123,222,0
4,34,123,223,0
4,34,123,224,0
4,34,123,225,0
4,34,123,226,0
4,34,123,227,0
4,34,123,228,0
4,34,123,229,0
4,34,123,230,0
4,34,123,231,0
4,34,123,232,0
4,34,123,233,0
4,34,123,234,0
4,34,124,0,0
4,34,124,1,0
4,34,124,2,0
4,34,124,3,0
4,34,124,4,0
4,34,124,5,0
4,34,124,6,0
4,34,124,7,0
4,34,124,8,0
4,34,124,9,0
4,34,124,10,0
4,34,124,11,0
4,34,124,12,0
4,34,124,13,0
4,34,124,14,0
4,34,124,15,0
4,34,124,16,0
4,34,124,17,0
4,34,124,18,0
4,34,124,19,0
4,34,124,20,0
4,34,124,21,0
4,34,124,22,0
4,34,124,23,0
4,34,124,24,0
4,34,124,25,0
4,34,124,26,0
4,34,124,27,0
4,34,124,28,0
4,34,124,29,0
4,34,124,30,0
4,34,124,31,0
4,34,124,32,0
4,34,124,33,0
4,34,124,34,0
4,34,124,35,0
4,34,124,36,0
4,34,124,37,0
4,34,124,38,0
4,34,124,39,0
4,34,124,40,0
4,34,124,41,0
4,34,124,42,0
4,34,124,43,0
4,34,124,44,0
4,34,124,45,0
4,34,124,46,0
4,34,124,47,0
4,34,124,48,0
4,34,124,49,0
4,34,124,50,0
4,34,124,51,0
4,34,124,52,0
4,34,124,53,0
4,34,124,54,0
4,34,124,55,0
4,34,124,56,0
4,34,124,57,0
4,34,124,58,0
4,34,124,59,0
4,34,124,60,0
4,34,124,61,0
4,34,124,62,0
4,34,124,63,0
4,34,124,64,0
4,34,124,65,0
4,34,124,66,0
4,34,124,67,0
4,34,124,68,0
4,34,124,69,0
4,34,124,70,0
4,34,124,71,0
4,34,124,72,0
4,34,124,73,0
4,34,124,74,0
4,34,124,75,0
4,34,124,76,0
4,34,124,77,0
4,34,124,78,0
4,34,124,79,0
4,34,124,80,0
4,34,124,81,0
4,34,124,82,0
4,34,124,83,0
4,34,124,84,0
4,34,124,85,0
4,34,124,86,0
4,34,124,87,0
4,34,124,88,0
4,34,124,89,0
4,34,124,90,0
4,34,124,91,0
4,34,124,92,0
4,34,124,93,0
4,34,124,94,0
4,34,124,95,0
4,34,124,96,0
4,34,124,97,0
4,34,124,98,0
4,34,124,99,0
4,34,124,100,0
4,34,124,101,0
4,34,124,102,0
4,34,124,103,0
4,34,124,104,0
4,34,124,105,0
4,34,124,106,0
4,34,124,107,0
4,34,124,108,0
4,34,124,109,0
4,34,124,110,0
4,34,124,111,0
4,34,124,112,0
4,34,124,113,0
4,34,124,114,0
4,34,124,115,0
4,34,124,116,0
4,34,124,117,0
4,34,124,118,0
4,34,124,119,0
4,34,124,120,0
4,34,124,121,0
4,34,124,122,0
4,34,124,123,0
4,34,124,124,0
4,34,124,125,0
4,34,124,126,0
4,34,124,127,0
4,34,124,128,0
4,34,124,129,0
4,34,124,130,0
4,34,124,131,0
4,34,124,132,0
4,34,124,133,0
4,34,124,134,0
4,34,124,135,0
4,34,124,136,0
4,34,124,137,0
4,34,124,138,0
4,34,124,139,0
4,34,124,140,0
4,34,124,141,0
4,34,124,142,0
4,34,124,143,0
4,34,124,144,0
4,34,124,145,0
4,34,124,146,0
4,34,124,147,0
4,34,124,148,0
4,34,124,149,0
4,34,124,150,0
4,34,124,151,0
4,34,124,152,0
4,34,124,153,0
4,34,124,154,0
4,34,124,155,0
4,34,124,156,0
4,34,124,157,0
4,34,124,158,0
4,34,124,159,0
4,34,124,160,0
4,34,124,161,0
4,34,124,162,0
4,34,124,163,0
4,34,124,164,0
4,34,124,165,0
4,34,124,166,0
4,34,124,167,0
4,34,124,168,0
4,34,124,169,0
4,34,124,170,0
4,34,124,171,0
4,34,124,172,0
4,34,124,173,0
4,34,124,174,0
4,34,124,175,0
4,34,124,176,0
4,34,124,177,0
4,34,124,178,0
4,34,124,179,0
4,34,124,180,0
4,34,124,181,0
4,34,124,182,0
4,34,124,183,0
4,34,124,184,0
4,34,124,185,0
4,34,124,186,79749022402
4,34,124,187,2340834063946
4,34,124,188,28929960975538
4,34,124,189,200293461496560
4,34,124,190,874232118099008
4,34,124,191,2576117980090322
4,34,124,192,5382752933514462
4,34,124,193,8303797825548780
4,34,124,194,9792597495849545
4,34,124,195,9090203629281546
4,34,124,196,6799659453063356
4,34,124,197,4172958073292854
4,34,124,198,2128266487325347
4,34,124,199,909360918636532
4,34,124,200,326736152294073
4,34,124,201,98699559654184
4,34,124,202,24968554119512
4,34,124,203,5251236716180
4,34,124,204,909273262609
4,34,124,205,128366408528
4,34,124,206,14698615867
4,34,124,207,1370460856
4,34,124,208,104571261
4,34,124,209,6456354
4,34,124,210,323055
4,34,124,211,13034
4,34,124,212,285
4,34,124,213,4
4,34,124,214,0
4,34,124,215,0
4,34,124,216,0
4,34,124,217,0
4,34,124,218,0
4,34,124,219,0
4,34,124,220,0
4,34,124,221,0
4,34,124,222,0
4,34,124,223,0
4,34,124,224,0
4,34,124,225,0
4,34,124,226,0
4,34,124,227,0
4,34,124,228,0
4,34,124,229,0
4,34,124,230,0
4,34,124,231,0
4,34,124,232,0
4,34,124,233,0
4,34,124,234,0
4,34,125,0,0
4,34,125,1,0
4,34,125,2,0
4,34,125,3,0
4,34,125,4,0
4,34,125,5,0
4,34,125,6,0
4,34,125,7,0
4,34,125,8,0
4,34,125,9,0
4,34,125,10,0
4,34,125,11,0
4,34,125,12,0
4,34,125,13,0
4,34,125,14,0
4,34,125,15,0
4,34,125,16,0
4,34,125,17,0
4,34,125,18,0
4,34,125,19,0
4,34,125,20,0
4,34,125,21,0
4,34,125,22,0
4,34,125,23,0
4,34,125,24,0
4,34,125,25,0
4,34,125,26,0
4,34,125,27,0
4,34,125,28,0
4,34,125,29,0
4,34,125,30,0
4,34,125,31,0
4,34,125,32,0
4,34,125,33,0
4,34,125,34,0
4,34,125,35,0
4,34,125,36,0
4,34,125,37,0
4,34,125,38,0
4,34,125,39,0
4,34,125,40,0
4,34,125,41,0
4,34,125,42,0
4,34,125,43,0
4,34,125,44,0
4,34,125,45,0
4,34,125,46,0
4,34,125,47,0
4,34,125,48,0
4,34,125,49,0
4,34,125,50,0
4,34,125,51,0
4,34,125,52,0
4,34,125,53,0
4,34,125,54,0
4,34,125,55,0
4,34,125,56,0
4,34,125,57,0
4,34,125,58,0
4,34,125,59,0
4,34,125,60,0
4,34,125,61,0
4,34,125,62,0
4,34,125,63,0
4,34,125,64,0
4,34,125,65,0
4,34,125,66,0
4,34,125,67,0
4,34,125,68,0
4,34,125,69,0
4,34,125,70,0
4,34,125,71,0
4,34,125,72,0
4,34,125,73,0
4,34,125,74,0
4,34,125,75,0
4,34,125,76,0
4,34,125,77,0
4,34,125,78,0
4,34,125,79,0
4,34,125,80,0
4,34,125,81,0
4,34,125,82,0
4,34,125,83,0
4,34,125,84,0
4,34,125,85,0
4,34,125,86,0
4,34,125,87,0
4,34,125,88,0
4,34,125,89,0
4,34,125,90,0
4,34,125,91,0
4,34,125,92,0
4,34,125,93,0
4,34,125,94,0
4,34,125,95,0
4,34,125,96,0
4,34,125,97,0
4,34,125,98,0
4,34,125,99,0
4,34,125,100,0
4,34,125,101,0
4,34,125,102,0
4,34,125,103,0
4,34,125,104,0
4,34,125,105,0
4,34,125,106,0
4,34,125,107,0
4,34,125,108,0
4,34,125,109,0
4,34,125,110,0
4,34,125,111,0
4,34,125,112,0
4,34,125,113,0
4,34,125,114,0
4,34,125,115,0
4,34,125,116,0
4,34,125,117,0
4,34,125,118,0
4,34,125,119,0
4,34,125,120,0
4,34,125,121,0
4,34,125,122,0
4,34,125,123,0
4,34,125,124,0
4,34,125,125,0
4,34,125,126,0
4,34,125,127,0
4,34,125,128,0
4,34,125,129,0
4,34,125,130,0
4,34,125,131,0
4,34,125,132,0
4,34,125,133,0
4,34,125,134,0
4,34,125,135,0
4,34,125,136,0
4,34,125,137,0
4,34,125,138,0
4,34,125,139,0
4,34,125,140,0
4,34,125,141,0
4,34,125,142,0
4,34,125,143,0
4,34,125,144,0
4,34,125,145,0
4,34,125,146,0
4,34,125,147,0
4,34,125,148,0
4,34,125,149,0
4,34,125,150,0
4,34,125,151,0
4,34,125,152,0
4,34,125,153,0
4,34,125,154,0
4,34,125,155,0
4,34,125,156,0
4,34,125,157,0
4,34,125,158,0
4,34,125,159,0
4,34,125,160,0
4,34,125,161,0
4,34,125,162,0
4,34,125,163,0
4,34,125,164,0
4,34,125,165,0
4,34,125,166,0
4,34,125,167,0
4,34,125,168,0
4,34,125,169,0
4,34,125,170,0
4,34,125,171,0
4,34,125,172,0
4,34,125,173,0
4,34,125,174,0
4,34,125,175,0
4,34,125,176,0
4,34,125,177,0
4,34,125,178,0
4,34,125,179,0
4,34,125,180,0
4,34,125,181,0
4,34,125,182,0
4,34,125,183,0
4,34,125,184,0
4,34,125,185,0
4,34,125,186,0
4,34,125,187,0
4,34,125,188,0
4,34,125,189,0
4,34,125,190,35329425124
4,34,125,191,875101609956
4,34,125,192,9060785420900
4,34,125,193,52159759760120
4,34,125,194,187927654304616
4,34,125,195,454314504670204
4,34,125,196,775512959794976
4,34,125,197,975284931545644
4,34,125,198,936774306791336
4,34,125,199,707503850187300
4,34,125,200,429553985274784
4,34,125,201,212960642583596
4,34,125,202,87033440481828
4,34,125,203,29432848093668
4,34,125,204,8225840152812
4,34,125,205,1888524497300
4,34,125,206,352557507528
4,34,125,207,52851851980
4,34,125,208,6302202412
4,34,125,209,598557452
4,34,125,210,45713504
4,34,125,211,2780404
4,34,125,212,130508
4,34,125,213,4904
4,34,125,214,120
4,34,125,215,0
4,34,125,216,0
4,34,125,217,0
4,34,125,218,0
4,34,125,219,0
4,34,125,220,0
4,34,125,221,0
4,34,125,222,0
4,34,125,223,0
4,34,125,224,0
4,34,125,225,0
4,34,125,226,0
4,34,125,227,0
4,34,125,228,0
4,34,125,229,0
4,34,125,230,0
4,34,125,231,0
4,34,125,232,0
4,34,125,233,0
4,34,125,234,0
4,34,126,0,0
4,34,126,1,0
4,34,126,2,0
4,34,126,3,0
4,34,126,4,0
4,34,126,5,0
4,34,126,6,0
4,34,126,7,0
4,34,126,8,0
4,34,126,9,0
4,34,126,10,0
4,34,126,11,0
4,34,126,12,0
4,34,126,13,0
4,34,126,14,0
4,34,126,15,0
4,34,126,16,0
4,34,126,17,0
4,34,126,18,0
4,34,126,19,0
4,34,126,20,0
4,34,126,21,0
4,34,126,22,0
4,34,126,23,0
4,34,126,24,0
4,34,126,25,0
4,34,126,26,0
4,34,126,27,0
4,34,126,28,0
4,34,126,29,0
4,34,126,30,0
4,34,126,31,0
4,34,126,32,0
4,34,126,33,0
4,34,126,34,0
4,34,126,35,0
4,34,126,36,0
4,34,126,37,0
4,34,126,38,0
4,34,126,39,0
4,34,126,40,0
4,34,126,41,0
4,34,126,42,0
4,34,126,43,0
4,34,126,44,0
4,34,126,45,0
4,34,126,46,0
4,34,126,47,0
4,34,126,48,0
4,34,126,49,0
4,34,126,50,0
4,34,126,51,0
4,34,126,52,0
4,34,126,53,0
4,34,126,54,0
4,34,126,55,0
4,34,126,56,0
4,34,126,57,0
4,34,126,58,0
4,34,126,59,0
4,34,126,60,0
4,34,126,61,0
4,34,126,62,0
4,34,126,63,0
4,34,126,64,0
4,34,126,65,0
4,34,126,66,0
4,34,126,67,0
4,34,126,68,0
4,34,126,69,0
4,34,126,70,0
4,34,126,71,0
4,34,126,72,0
4,34,126,73,0
4,34,126,74,0
4,34,126,75,0
4,34,126,76,0
4,34,126,77,0
4,34,126,78,0
4,34,126,79,0
4,34,126,80,0
4,34,126,81,0
4,34,126,82,0
4,34,126,83,0
4,34,126,84,0
4,34,126,85,0
4,34,126,86,0
4,34,126,87,0
4,34,126,88,0
4,34,126,89,0
4,34,126,90,0
4,34,126,91,0
4,34,126,92,0
4,34,126,93,0
4,34,126,94,0
4,34,126,95,0
4,34,126,96,0
4,34,126,97,0
4,34,126,98,0
4,34,126,99,0
4,34,126,100,0
4,34,126,101,0
4,34,126,102,0
4,34,126,103,0
4,34,126,104,0
4,34,126,105,0
4,34,126,106,0
4,34,126,107,0
4,34,126,108,0
4,34,126,109,0
4,34,126,110,0
4,34,126,111,0
4,34,126,112,0
4,34,126,113,0
4,34,126,114,0
4,34,126,115,0
4,34,126,116,0
4,34,126,117,0
4,34,126,118,0
4,34,126,119,0
4,34,126,120,0
4,34,126,121,0
4,34,126,122,0
4,34,126,123,0
4,34,126,124,0
4,34,126,125,0
4,34,126,126,0
4,34,126,127,0
4,34,126,128,0
4,34,126,129,0
4,34,126,130,0
4,34,126,131,0
4,34,126,132,0
4,34,126,133,0
4,34,126,134,0
4,34,126,135,0
4,34,126,136,0
4,34,126,137,0
4,34,126,138,0
4,34,126,139,0
4,34,126,140,0
4,34,126,141,0
4,34,126,142,0
4,34,126,143,0
4,34,126,144,0
4,34,126,145,0
4,34,126,146,0
4,34,126,147,0
4,34,126,148,0
4,34,126,149,0
4,34,126,150,0
4,34,126,151,0
4,34,126,152,0
4,34,126,153,0
4,34,126,154,0
4,34,126,155,0
4,34,126,156,0
4,34,126,157,0
4,34,126,158,0
4,34,126,159,0
4,34,126,160,0
4,34,126,161,0
4,34,126,162,0
4,34,126,163,0
4,34,126,164,0
4,34,126,165,0
4,34,126,166,0
4,34,126,167,0
4,34,126,168,0
4,34,126,169,0
4,34,126,170,0
4,34,126,171,0
4,34,126,172,0
4,34,126,173,0
4,34,126,174,0
4,34,126,175,0
4,34,126,176,0
4,34,126,177,0
4,34,126,178,0
4,34,126,179,0
4,34,126,180,0
4,34,126,181,0
4,34,126,182,0
4,34,126,183,0
4,34,126,184,0
4,34,126,185,0
4,34,126,186,0
4,34,126,187,0
4,34,126,188,0
4,34,126,189,0
4,34,126,190,0
4,34,126,191,0
4,34,126,192,0
4,34,126,193,0
4,34,126,194,13053926690
4,34,126,195,270996482778
4,34,126,196,2331112863968
4,34,126,197,11046501539814
4,34,126,198,32471947284296
4,34,126,199,63569429609936
4,34,126,200,87420361796186
4,34,126,201,88307892187942
4,34,126,202,67975398510596
4,34,126,203,40999879688146
4,34,126,204,19759138729946
4,34,126,205,7696680560674
4,34,126,206,2432447095598
4,34,126,207,621867845982
4,34,126,208,127438940646
4,34,126,209,20637107840
4,34,126,210,2600469444
4,34,126,211,253823250
4,34,126,212,19489908
4,34,126,213,1172682
4,34,126,214,52648
4,34,126,215,1724
4,34,126,216,42
4,34,126,217,0
4,34,126,218,0
4,34,126,219,0
4,34,126,220,0
4,34,126,221,0
4,34,126,222,0
4,34,126,223,0
4,34,126,224,0
4,34,126,225,0
4,34,126,226,0
4,34,126,227,0
4,34,126,228,0
4,34,126,229,0
4,34,126,230,0
4,34,126,231,0
4,34,126,232,0
4,34,126,233,0
4,34,126,234,0
4,34,127,0,0
4,34,127,1,0
4,34,127,2,0
4,34,127,3,0
4,34,127,4,0
4,34,127,5,0
4,34,127,6,0
4,34,127,7,0
4,34,127,8,0
4,34,127,9,0
4,34,127,10,0
4,34,127,11,0
4,34,127,12,0
4,34,127,13,0
4,34,127,14,0
4,34,127,15,0
4,34,127,16,0
4,34,127,17,0
4,34,127,18,0
4,34,127,19,0
4,34,127,20,0
4,34,127,21,0
4,34,127,22,0
4,34,127,23,0
4,34,127,24,0
4,34,127,25,0
4,34,127,26,0
4,34,127,27,0
4,34,127,28,0
4,34,127,29,0
4,34,127,30,0
4,34,127,31,0
4,34,127,32,0
4,34,127,33,0
4,34,127,34,0
4,34,127,35,0
4,34,127,36,0
4,34,127,37,0
4,34,127,38,0
4,34,127,39,0
4,34,127,40,0
4,34,127,41,0
4,34,127,42,0
4,34,127,43,0
4,34,127,44,0
4,34,127,45,0
4,34,127,46,0
4,34,127,47,0
4,34,127,48,0
4,34,127,49,0
4,34,127,50,0
4,34,127,51,0
4,34,127,52,0
4,34,127,53,0
4,34,127,54,0
4,34,127,55,0
4,34,127,56,0
4,34,127,57,0
4,34,127,58,0
4,34,127,59,0
4,34,127,60,0
4,34,127,61,0
4,34,127,62,0
4,34,127,63,0
4,34,127,64,0
4,34,127,65,0
4,34,127,66,0
4,34,127,67,0
4,34,127,68,0
4,34,127,69,0
4,34,127,70,0
4,34,127,71,0
4,34,127,72,0
4,34,127,73,0
4,34,127,74,0
4,34,127,75,0
4,34,127,76,0
4,34,127,77,0
4,34,127,78,0
4,34,127,79,0
4,34,127,80,0
4,34,127,81,0
4,34,127,82,0
4,34,127,83,0
4,34,127,84,0
4,34,127,85,0
4,34,127,86,0
4,34,127,87,0
4,34,127,88,0
4,34,127,89,0
4,34,127,90,0
4,34,127,91,0
4,34,127,92,0
4,34,127,93,0
4,34,127,94,0
4,34,127,95,0
4,34,127,96,0
4,34,127,97,0
4,34,127,98,0
4,34,127,99,0
4,34,127,100,0
4,34,127,101,0
4,34,127,102,0
4,34,127,103,0
4,34,127,104,0
4,34,127,105,0
4,34,127,106,0
4,34,127,107,0
4,34,127,108,0
4,34,127,109,0
4,34,127,110,0
4,34,127,111,0
4,34,127,112,0
4,34,127,113,0
4,34,127,114,0
4,34,127,115,0
4,34,127,116,0
4,34,127,117,0
4,34,127,118,0
4,34,127,119,0
4,34,127,120,0
4,34,127,121,0
4,34,127,122,0
4,34,127,123,0
4,34,127,124,0
4,34,127,125,0
4,34,127,126,0
4,34,127,127,0
4,34,127,128,0
4,34,127,129,0
4,34,127,130,0
4,34,127,131,0
4,34,127,132,0
4,34,127,133,0
4,34,127,134,0
4,34,127,135,0
4,34,127,136,0
4,34,127,137,0
4,34,127,138,0
4,34,127,139,0
4,34,127,140,0
4,34,127,141,0
4,34,127,142,0
4,34,127,143,0
4,34,127,144,0
4,34,127,145,0
4,34,127,146,0
4,34,127,147,0
4,34,127,148,0
4,34,127,149,0
4,34,127,150,0
4,34,127,151,0
4,34,127,152,0
4,34,127,153,0
4,34,127,154,0
4,34,127,155,0
4,34,127,156,0
4,34,127,157,0
4,34,127,158,0
4,34,127,159,0
4,34,127,160,0
4,34,127,161,0
4,34,127,162,0
4,34,127,163,0
4,34,127,164,0
4,34,127,165,0
4,34,127,166,0
4,34,127,167,0
4,34,127,168,0
4,34,127,169,0
4,34,127,170,0
4,34,127,171,0
4,34,127,172,0
4,34,127,173,0
4,34,127,174,0
4,34,127,175,0
4,34,127,176,0
4,34,127,177,0
4,34,127,178,0
4,34,127,179,0
4,34,127,180,0
4,34,127,181,0
4,34,127,182,0
4,34,127,183,0
4,34,127,184,0
4,34,127,185,0
4,34,127,186,0
4,34,127,187,0
4,34,127,188,0
4,34,127,189,0
4,34,127,190,0
4,34,127,191,0
4,34,127,192,0
4,34,127,193,0
4,34,127,194,0
4,34,127,195,0
4,34,127,196,0
4,34,127,197,0
4,34,127,198,4003707568
4,34,127,199,69063486020
4,34,127,200,488328978552
4,34,127,201,1880353938312
4,34,127,202,4441470547412
4,34,127,203,6921082918108
4,34,127,204,7526051169884
4,34,127,205,5983988303840
4,34,127,206,3607165670264
4,34,127,207,1690231801524
4,34,127,208,624645044936
4,34,127,209,182760257068
4,34,127,210,42088753260
4,34,127,211,7523801612
4,34,127,212,1023294684
4,34,127,213,104206876
4,34,127,214,8037188
4,34,127,215,485144
4,34,127,216,20816
4,34,127,217,600
4,34,127,218,12
4,34,127,219,0
4,34,127,220,0
4,34,127,221,0
4,34,127,222,0
4,34,127,223,0
4,34,127,224,0
4,34,127,225,0
4,34,127,226,0
4,34,127,227,0
4,34,127,228,0
4,34,127,229,0
4,34,127,230,0
4,34,127,231,0
4,34,127,232,0
4,34,127,233,0
4,34,127,234,0
4,34,128,0,0
4,34,128,1,0
4,34,128,2,0
4,34,128,3,0
4,34,128,4,0
4,34,128,5,0
4,34,128,6,0
4,34,128,7,0
4,34,128,8,0
4,34,128,9,0
4,34,128,10,0
4,34,128,11,0
4,34,128,12,0
4,34,128,13,0
4,34,128,14,0
4,34,128,15,0
4,34,128,16,0
4,34,128,17,0
4,34,128,18,0
4,34,128,19,0
4,34,128,20,0
4,34,128,21,0
4,34,128,22,0
4,34,128,23,0
4,34,128,24,0
4,34,128,25,0
4,34,128,26,0
4,34,128,27,0
4,34,128,28,0
4,34,128,29,0
4,34,128,30,0
4,34,128,31,0
4,34,128,32,0
4,34,128,33,0
4,34,128,34,0
4,34,128,35,0
4,34,128,36,0
4,34,128,37,0
4,34,128,38,0
4,34,128,39,0
4,34,128,40,0
4,34,128,41,0
4,34,128,42,0
4,34,128,43,0
4,34,128,44,0
4,34,128,45,0
4,34,128,46,0
4,34,128,47,0
4,34,128,48,0
4,34,128,49,0
4,34,128,50,0
4,34,128,51,0
4,34,128,52,0
4,34,128,53,0
4,34,128,54,0
4,34,128,55,0
4,34,128,56,0
4,34,128,57,0
4,34,128,58,0
4,34,128,59,0
4,34,128,60,0
4,34,128,61,0
4,34,128,62,0
4,34,128,63,0
4,34,128,64,0
4,34,128,65,0
4,34,128,66,0
4,34,128,67,0
4,34,128,68,0
4,34,128,69,0
4,34,128,70,0
4,34,128,71,0
4,34,128,72,0
4,34,128,73,0
4,34,128,74,0
4,34,128,75,0
4,34,128,76,0
4,34,128,77,0
4,34,128,78,0
4,34,128,79,0
4,34,128,80,0
4,34,128,81,0
4,34,128,82,0
4,34,128,83,0
4,34,128,84,0
4,34,128,85,0
4,34,128,86,0
4,34,128,87,0
4,34,128,88,0
4,34,128,89,0
4,34,128,90,0
4,34,128,91,0
4,34,128,92,0
4,34,128,93,0
4,34,128,94,0
4,34,128,95,0
4,34,128,96,0
4,34,128,97,0
4,34,128,98,0
4,34,128,99,0
4,34,128,100,0
4,34,128,101,0
4,34,128,102,0
4,34,128,103,0
4,34,128,104,0
4,34,128,105,0
4,34,128,106,0
4,34,128,107,0
4,34,128,108,0
4,34,128,109,0
4,34,128,110,0
4,34,128,111,0
4,34,128,112,0
4,34,128,113,0
4,34,128,114,0
4,34,128,115,0
4,34,128,116,0
4,34,128,117,0
4,34,128,118,0
4,34,128,119,0
4,34,128,120,0
4,34,128,121,0
4,34,128,122,0
4,34,128,123,0
4,34,128,124,0
4,34,128,125,0
4,34,128,126,0
4,34,128,127,0
4,34,128,128,0
4,34,128,129,0
4,34,128,130,0
4,34,128,131,0
4,34,128,132,0
4,34,128,133,0
4,34,128,134,0
4,34,128,135,0
4,34,128,136,0
4,34,128,137,0
4,34,128,138,0
4,34,128,139,0
4,34,128,140,0
4,34,128,141,0
4,34,128,142,0
4,34,128,143,0
4,34,128,144,0
4,34,128,145,0
4,34,128,146,0
4,34,128,147,0
4,34,128,148,0
4,34,128,149,0
4,34,128,150,0
4,34,128,151,0
4,34,128,152,0
4,34,128,153,0
4,34,128,154,0
4,34,128,155,0
4,34,128,156,0
4,34,128,157,0
4,34,128,158,0
4,34,128,159,0
4,34,128,160,0
4,34,128,161,0
4,34,128,162,0
4,34,128,163,0
4,34,128,164,0
4,34,128,165,0
4,34,128,166,0
4,34,128,167,0
4,34,128,168,0
4,34,128,169,0
4,34,128,170,0
4,34,128,171,0
4,34,128,172,0
4,34,128,173,0
4,34,128,174,0
4,34,128,175,0
4,34,128,176,0
4,34,128,177,0
4,34,128,178,0
4,34,128,179,0
4,34,128,180,0
4,34,128,181,0
4,34,128,182,0
4,34,128,183,0
4,34,128,184,0
4,34,128,185,0
4,34,128,186,0
4,34,128,187,0
4,34,128,188,0
4,34,128,189,0
4,34,128,190,0
4,34,128,191,0
4,34,128,192,0
4,34,128,193,0
4,34,128,194,0
4,34,128,195,0
4,34,128,196,0
4,34,128,197,0
4,34,128,198,0
4,34,128,199,0
4,34,128,200,0
4,34,128,201,0
4,34,128,202,1012597250
4,34,128,203,14355420698
4,34,128,204,82286519222
4,34,128,205,253085798276
4,34,128,206,470579799395
4,34,128,207,570159956910
4,34,128,208,477718018236
4,34,128,209,290379133810
4,34,128,210,132384063811
4,34,128,211,46128269972
4,34,128,212,12335655473
4,34,128,213,2504420460
4,34,128,214,377683943
4,34,128,215,41191886
4,34,128,216,3223835
4,34,128,217,189814
4,34,128,218,8481
4,34,128,219,190
4,34,128,220,3
4,34,128,221,0
4,34,128,222,0
4,34,128,223,0
4,34,128,224,0
4,34,128,225,0
4,34,128,226,0
4,34,128,227,0
4,34,128,228,0
4,34,128,229,0
4,34,128,230,0
4,34,128,231,0
4,34,128,232,0
4,34,128,233,0
4,34,128,234,0
4,34,129,0,0
4,34,129,1,0
4,34,129,2,0
4,34,129,3,0
4,34,129,4,0
4,34,129,5,0
4,34,129,6,0
4,34,129,7,0
4,34,129,8,0
4,34,129,9,0
4,34,129,10,0
4,34,129,11,0
4,34,129,12,0
4,34,129,13,0
4,34,129,14,0
4,34,129,15,0
4,34,129,16,0
4,34,129,17,0
4,34,129,18,0
4,34,129,19,0
4,34,129,20,0
4,34,129,21,0
4,34,129,22,0
4,34,129,23,0
4,34,129,24,0
4,34,129,25,0
4,34,129,26,0
4,34,129,27,0
4,34,129,28,0
4,34,129,29,0
4,34,129,30,0
4,34,129,31,0
4,34,129,32,0
4,34,129,33,0
4,34,129,34,0
4,34,129,35,0
4,34,129,36,0
4,34,129,37,0
4,34,129,38,0
4,34,129,39,0
4,34,129,40,0
4,34,129,41,0
4,34,129,42,0
4,34,129,43,0
4,34,129,44,0
4,34,129,45,0
4,34,129,46,0
4,34,129,47,0
4,34,129,48,0
4,34,129,49,0
4,34,129,50,0
4,34,129,51,0
4,34,129,52,0
4,34,129,53,0
4,34,129,54,0
4,34,129,55,0
4,34,129,56,0
4,34,129,57,0
4,34,129,58,0
4,34,129,59,0
4,34,129,60,0
4,34,129,61,0
4,34,129,62,0
4,34,129,63,0
4,34,129,64,0
4,34,129,65,0
4,34,129,66,0
4,34,129,67,0
4,34,129,68,0
4,34,129,69,0
4,34,129,70,0
4,34,129,71,0
4,34,129,72,0
4,34,129,73,0
4,34,129,74,0
4,34,129,75,0
4,34,129,76,0
4,34,129,77,0
4,34,129,78,0
4,34,129,79,0
4,34,129,80,0
4,34,129,81,0
4,34,129,82,0
4,34,129,83,0
4,34,129,84,0
4,34,129,85,0
4,34,129,86,0
4,34,129,87,0
4,34,129,88,0
4,34,129,89,0
4,34,129,90,0
4,34,129,91,0
4,34,129,92,0
4,34,129,93,0
4,34,129,94,0
4,34,129,95,0
4,34,129,96,0
4,34,129,97,0
4,34,129,98,0
4,34,129,99,0
4,34,129,100,0
4,34,129,101,0
4,34,129,102,0
4,34,129,103,0
4,34,129,104,0
4,34,129,105,0
4,34,129,106,0
4,34,129,107,0
4,34,129,108,0
4,34,129,109,0
4,34,129,110,0
4,34,129,111,0
4,34,129,112,0
4,34,129,113,0
4,34,129,114,0
4,34,129,115,0
4,34,129,116,0
4,34,129,117,0
4,34,129,118,0
4,34,129,119,0
4,34,129,120,0
4,34,129,121,0
4,34,129,122,0
4,34,129,123,0
4,34,129,124,0
4,34,129,125,0
4,34,129,126,0
4,34,129,127,0
4,34,129,128,0
4,34,129,129,0
4,34,129,130,0
4,34,129,131,0
4,34,129,132,0
4,34,129,133,0
4,34,129,134,0
4,34,129,135,0
4,34,129,136,0
4,34,129,137,0
4,34,129,138,0
4,34,129,139,0
4,34,129,140,0
4,34,129,141,0
4,34,129,142,0
4,34,129,143,0
4,34,129,144,0
4,34,129,145,0
4,34,129,146,0
4,34,129,147,0
4,34,129,148,0
4,34,129,149,0
4,34,129,150,0
4,34,129,151,0
4,34,129,152,0
4,34,129,153,0
4,34,129,154,0
4,34,129,155,0
4,34,129,156,0
4,34,129,157,0
4,34,129,158,0
4,34,129,159,0
4,34,129,160,0
4,34,129,161,0
4,34,129,162,0
4,34,129,163,0
4,34,129,164,0
4,34,129,165,0
4,34,129,166,0
4,34,129,167,0
4,34,129,168,0
4,34,129,169,0
4,34,129,170,0
4,34,129,171,0
4,34,129,172,0
4,34,129,173,0
4,34,129,174,0
4,34,129,175,0
4,34,129,176,0
4,34,129,177,0
4,34,129,178,0
4,34,129,179,0
4,34,129,180,0
4,34,129,181,0
4,34,129,182,0
4,34,129,183,0
4,34,129,184,0
4,34,129,185,0
4,34,129,186,0
4,34,129,187,0
4,34,129,188,0
4,34,129,189,0
4,34,129,190,0
4,34,129,191,0
4,34,129,192,0
4,34,129,193,0
4,34,129,194,0
4,34,129,195,0
4,34,129,196,0
4,34,129,197,0
4,34,129,198,0
4,34,129,199,0
4,34,129,200,0
4,34,129,201,0
4,34,129,202,0
4,34,129,203,0
4,34,129,204,0
4,34,129,205,0
4,34,129,206,209284972
4,34,129,207,2403738340
4,34,129,208,10965008308
4,34,129,209,26311209976
4,34,129,210,37417241480
4,34,129,211,34088948152
4,34,129,212,21189100680
4,34,129,213,9413674592
4,34,129,214,3065946520
4,34,129,215,735785824
4,34,129,216,127609724
4,34,129,217,15421264
4,34,129,218,1262444
4,34,129,219,71628
4,34,129,220,3096
4,34,129,221,80
4,34,129,222,0
4,34,129,223,0
4,34,129,224,0
4,34,129,225,0
4,34,129,226,0
4,34,129,227,0
4,34,129,228,0
4,34,129,229,0
4,34,129,230,0
4,34,129,231,0
4,34,129,232,0
4,34,129,233,0
4,34,129,234,0
4,34,130,0,0
4,34,130,1,0
4,34,130,2,0
4,34,130,3,0
4,34,130,4,0
4,34,130,5,0
4,34,130,6,0
4,34,130,7,0
4,34,130,8,0
4,34,130,9,0
4,34,130,10,0
4,34,130,11,0
4,34,130,12,0
4,34,130,13,0
4,34,130,14,0
4,34,130,15,0
4,34,130,16,0
4,34,130,17,0
4,34,130,18,0
4,34,130,19,0
4,34,130,20,0
4,34,130,21,0
4,34,130,22,0
4,34,130,23,0
4,34,130,24,0
4,34,130,25,0
4,34,130,26,0
4,34,130,27,0
4,34,130,28,0
4,34,130,29,0
4,34,130,30,0
4,34,130,31,0
4,34,130,32,0
4,34,130,33,0
4,34,130,34,0
4,34,130,35,0
4,34,130,36,0
4,34,130,37,0
4,34,130,38,0
4,34,130,39,0
4,34,130,40,0
4,34,130,41,0
4,34,130,42,0
4,34,130,43,0
4,34,130,44,0
4,34,130,45,0
4,34,130,46,0
4,34,130,47,0
4,34,130,48,0
4,34,130,49,0
4,34,130,50,0
4,34,130,51,0
4,34,130,52,0
4,34,130,53,0
4,34,130,54,0
4,34,130,55,0
4,34,130,56,0
4,34,130,57,0
4,34,130,58,0
4,34,130,59,0
4,34,130,60,0
4,34,130,61,0
4,34,130,62,0
4,34,130,63,0
4,34,130,64,0
4,34,130,65,0
4,34,130,66,0
4,34,130,67,0
4,34,130,68,0
4,34,130,69,0
4,34,130,70,0
4,34,130,71,0
4,34,130,72,0
4,34,130,73,0
4,34,130,74,0
4,34,130,75,0
4,34,130,76,0
4,34,130,77,0
4,34,130,78,0
4,34,130,79,0
4,34,130,80,0
4,34,130,81,0
4,34,130,82,0
4,34,130,83,0
4,34,130,84,0
4,34,130,85,0
4,34,130,86,0
4,34,130,87,0
4,34,130,88,0
4,34,130,89,0
4,34,130,90,0
4,34,130,91,0
4,34,130,92,0
4,34,130,93,0
4,34,130,94,0
4,34,130,95,0
4,34,130,96,0
4,34,130,97,0
4,34,130,98,0
4,34,130,99,0
4,34,130,100,0
4,34,130,101,0
4,34,130,102,0
4,34,130,103,0
4,34,130,104,0
4,34,130,105,0
4,34,130,106,0
4,34,130,107,0
4,34,130,108,0
4,34,130,109,0
4,34,130,110,0
4,34,130,111,0
4,34,130,112,0
4,34,130,113,0
4,34,130,114,0
4,34,130,115,0
4,34,130,116,0
4,34,130,117,0
4,34,130,118,0
4,34,130,119,0
4,34,130,120,0
4,34,130,121,0
4,34,130,122,0
4,34,130,123,0
4,34,130,124,0
4,34,130,125,0
4,34,130,126,0
4,34,130,127,0
4,34,130,128,0
4,34,130,129,0
4,34,130,130,0
4,34,130,131,0
4,34,130,132,0
4,34,130,133,0
4,34,130,134,0
4,34,130,135,0
4,34,130,136,0
4,34,130,137,0
4,34,130,138,0
4,34,130,139,0
4,34,130,140,0
4,34,130,141,0
4,34,130,142,0
4,34,130,143,0
4,34,130,144,0
4,34,130,145,0
4,34,130,146,0
4,34,130,147,0
4,34,130,148,0
4,34,130,149,0
4,34,130,150,0
4,34,130,151,0
4,34,130,152,0
4,34,130,153,0
4,34,130,154,0
4,34,130,155,0
4,34,130,156,0
4,34,130,157,0
4,34,130,158,0
4,34,130,159,0
4,34,130,160,0
4,34,130,161,0
4,34,130,162,0
4,34,130,163,0
4,34,130,164,0
4,34,130,165,0
4,34,130,166,0
4,34,130,167,0
4,34,130,168,0
4,34,130,169,0
4,34,130,170,0
4,34,130,171,0
4,34,130,172,0
4,34,130,173,0
4,34,130,174,0
4,34,130,175,0
4,34,130,176,0
4,34,130,177,0
4,34,130,178,0
4,34,130,179,0
4,34,130,180,0
4,34,130,181,0
4,34,130,182,0
4,34,130,183,0
4,34,130,184,0
4,34,130,185,0
4,34,130,186,0
4,34,130,187,0
4,34,130,188,0
4,34,130,189,0
4,34,130,190,0
4,34,130,191,0
4,34,130,192,0
4,34,130,193,0
4,34,130,194,0
4,34,130,195,0
4,34,130,196,0
4,34,130,197,0
4,34,130,198,0
4,34,130,199,0
4,34,130,200,0
4,34,130,201,0
4,34,130,202,0
4,34,130,203,0
4,34,130,204,0
4,34,130,205,0
4,34,130,206,0
4,34,130,207,0
4,34,130,208,0
4,34,130,209,0
4,34,130,210,34910514
4,34,130,211,318657290
4,34,130,212,1127460308
4,34,130,213,2040505470
4,34,130,214,2126590928
4,34,130,215,1384597764
4,34,130,216,601300214
4,34,130,217,180809286
4,34,130,218,37859298
4,34,130,219,5344998
4,34,130,220,475768
4,34,130,221,26710
4,34,130,222,1036
4,34,130,223,28
4,34,130,224,0
4,34,130,225,0
4,34,130,226,0
4,34,130,227,0
4,34,130,228,0
4,34,130,229,0
4,34,130,230,0
4,34,130,231,0
4,34,130,232,0
4,34,130,233,0
4,34,130,234,0
4,34,131,0,0
4,34,131,1,0
4,34,131,2,0
4,34,131,3,0
4,34,131,4,0
4,34,131,5,0
4,34,131,6,0
4,34,131,7,0
4,34,131,8,0
4,34,131,9,0
4,34,131,10,0
4,34,131,11,0
4,34,131,12,0
4,34,131,13,0
4,34,131,14,0
4,34,131,15,0
4,34,131,16,0
4,34,131,17,0
4,34,131,18,0
4,34,131,19,0
4,34,131,20,0
4,34,131,21,0
4,34,131,22,0
4,34,131,23,0
4,34,131,24,0
4,34,131,25,0
4,34,131,26,0
4,34,131,27,0
4,34,131,28,0
4,34,131,29,0
4,34,131,30,0
4,34,131,31,0
4,34,131,32,0
4,34,131,33,0
4,34,131,34,0
4,34,131,35,0
4,34,131,36,0
4,34,131,37,0
4,34,131,38,0
4,34,131,39,0
4,34,131,40,0
4,34,131,41,0
4,34,131,42,0
4,34,131,43,0
4,34,131,44,0
4,34,131,45,0
4,34,131,46,0
4,34,131,47,0
4,34,131,48,0
4,34,131,49,0
4,34,131,50,0
4,34,131,51,0
4,34,131,52,0
4,34,131,53,0
4,34,131,54,0
4,34,131,55,0
4,34,131,56,0
4,34,131,57,0
4,34,131,58,0
4,34,131,59,0
4,34,131,60,0
4,34,131,61,0
4,34,131,62,0
4,34,131,63,0
4,34,131,64,0
4,34,131,65,0
4,34,131,66,0
4,34,131,67,0
4,34,131,68,0
4,34,131,69,0
4,34,131,70,0
4,34,131,71,0
4,34,131,72,0
4,34,131,73,0
4,34,131,74,0
4,34,131,75,0
4,34,131,76,0
4,34,131,77,0
4,34,131,78,0
4,34,131,79,0
4,34,131,80,0
4,34,131,81,0
4,34,131,82,0
4,34,131,83,0
4,34,131,84,0
4,34,131,85,0
4,34,131,86,0
4,34,131,87,0
4,34,131,88,0
4,34,131,89,0
4,34,131,90,0
4,34,131,91,0
4,34,131,92,0
4,34,131,93,0
4,34,131,94,0
4,34,131,95,0
4,34,131,96,0
4,34,131,97,0
4,34,131,98,0
4,34,131,99,0
4,34,131,100,0
4,34,131,101,0
4,34,131,102,0
4,34,131,103,0
4,34,131,104,0
4,34,131,105,0
4,34,131,106,0
4,34,131,107,0
4,34,131,108,0
4,34,131,109,0
4,34,131,110,0
4,34,131,111,0
4,34,131,112,0
4,34,131,113,0
4,34,131,114,0
4,34,131,115,0
4,34,131,116,0
4,34,131,117,0
4,34,131,118,0
4,34,131,119,0
4,34,131,120,0
4,34,131,121,0
4,34,131,122,0
4,34,131,123,0
4,34,131,124,0
4,34,131,125,0
4,34,131,126,0
4,34,131,127,0
4,34,131,128,0
4,34,131,129,0
4,34,131,130,0
4,34,131,131,0
4,34,131,132,0
4,34,131,133,0
4,34,131,134,0
4,34,131,135,0
4,34,131,136,0
4,34,131,137,0
4,34,131,138,0
4,34,131,139,0
4,34,131,140,0
4,34,131,141,0
4,34,131,142,0
4,34,131,143,0
4,34,131,144,0
4,34,131,145,0
4,34,131,146,0
4,34,131,147,0
4,34,131,148,0
4,34,131,149,0
4,34,131,150,0
4,34,131,151,0
4,34,131,152,0
4,34,131,153,0
4,34,131,154,0
4,34,131,155,0
4,34,131,156,0
4,34,131,157,0
4,34,131,158,0
4,34,131,159,0
4,34,131,160,0
4,34,131,161,0
4,34,131,162,0
4,34,131,163,0
4,34,131,164,0
4,34,131,165,0
4,34,131,166,0
4,34,131,167,0
4,34,131,168,0
4,34,131,169,0
4,34,131,170,0
4,34,131,171,0
4,34,131,172,0
4,34,131,173,0
4,34,131,174,0
4,34,131,175,0
4,34,131,176,0
4,34,131,177,0
4,34,131,178,0
4,34,131,179,0
4,34,131,180,0
4,34,131,181,0
4,34,131,182,0
4,34,131,183,0
4,34,131,184,0
4,34,131,185,0
4,34,131,186,0
4,34,131,187,0
4,34,131,188,0
4,34,131,189,0
4,34,131,190,0
4,34,131,191,0
4,34,131,192,0
4,34,131,193,0
4,34,131,194,0
4,34,131,195,0
4,34,131,196,0
4,34,131,197,0
4,34,131,198,0
4,34,131,199,0
4,34,131,200,0
4,34,131,201,0
4,34,131,202,0
4,34,131,203,0
4,34,131,204,0
4,34,131,205,0
4,34,131,206,0
4,34,131,207,0
4,34,131,208,0
4,34,131,209,0
4,34,131,210,0
4,34,131,211,0
4,34,131,212,0
4,34,131,213,0
4,34,131,214,4618712
4,34,131,215,32618052
4,34,131,216,86215192
4,34,131,217,111713492
4,34,131,218,79648584
4,34,131,219,34045900
4,34,131,220,9274108
4,34,131,221,1617240
4,34,131,222,171800
4,34,131,223,9688
4,34,131,224,336
4,34,131,225,8
4,34,131,226,0
4,34,131,227,0
4,34,131,228,0
4,34,131,229,0
4,34,131,230,0
4,34,131,231,0
4,34,131,232,0
4,34,131,233,0
4,34,131,234,0
4,34,132,0,0
4,34,132,1,0
4,34,132,2,0
4,34,132,3,0
4,34,132,4,0
4,34,132,5,0
4,34,132,6,0
4,34,132,7,0
4,34,132,8,0
4,34,132,9,0
4,34,132,10,0
4,34,132,11,0
4,34,132,12,0
4,34,132,13,0
4,34,132,14,0
4,34,132,15,0
4,34,132,16,0
4,34,132,17,0
4,34,132,18,0
4,34,132,19,0
4,34,132,20,0
4,34,132,21,0
4,34,132,22,0
4,34,132,23,0
4,34,132,24,0
4,34,132,25,0
4,34,132,26,0
4,34,132,27,0
4,34,132,28,0
4,34,132,29,0
4,34,132,30,0
4,34,132,31,0
4,34,132,32,0
4,34,132,33,0
4,34,132,34,0
4,34,132,35,0
4,34,132,36,0
4,34,132,37,0
4,34,132,38,0
4,34,132,39,0
4,34,132,40,0
4,34,132,41,0
4,34,132,42,0
4,34,132,43,0
4,34,132,44,0
4,34,132,45,0
4,34,132,46,0
4,34,132,47,0
4,34,132,48,0
4,34,132,49,0
4,34,132,50,0
4,34,132,51,0
4,34,132,52,0
4,34,132,53,0
4,34,132,54,0
4,34,132,55,0
4,34,132,56,0
4,34,132,57,0
4,34,132,58,0
4,34,132,59,0
4,34,132,60,0
4,34,132,61,0
4,34,132,62,0
4,34,132,63,0
4,34,132,64,0
4,34,132,65,0
4,34,132,66,0
4,34,132,67,0
4,34,132,68,0
4,34,132,69,0
4,34,132,70,0
4,34,132,71,0
4,34,132,72,0
4,34,132,73,0
4,34,132,74,0
4,34,132,75,0
4,34,132,76,0
4,34,132,77,0
4,34,132,78,0
4,34,132,79,0
4,34,132,80,0
4,34,132,81,0
4,34,132,82,0
4,34,132,83,0
4,34,132,84,0
4,34,132,85,0
4,34,132,86,0
4,34,132,87,0
4,34,132,88,0
4,34,132,89,0
4,34,132,90,0
4,34,132,91,0
4,34,132,92,0
4,34,132,93,0
4,34,132,94,0
4,34,132,95,0
4,34,132,96,0
4,34,132,97,0
4,34,132,98,0
4,34,132,99,0
4,34,132,100,0
4,34,132,101,0
4,34,132,102,0
4,34,132,103,0
4,34,132,104,0
4,34,132,105,0
4,34,132,106,0
4,34,132,107,0
4,34,132,108,0
4,34,132,109,0
4,34,132,110,0
4,34,132,111,0
4,34,132,112,0
4,34,132,113,0
4,34,132,114,0
4,34,132,115,0
4,34,132,116,0
4,34,132,117,0
4,34,132,118,0
4,34,132,119,0
4,34,132,120,0
4,34,132,121,0
4,34,132,122,0
4,34,132,123,0
4,34,132,124,0
4,34,132,125,0
4,34,132,126,0
4,34,132,127,0
4,34,132,128,0
4,34,132,129,0
4,34,132,130,0
4,34,132,131,0
4,34,132,132,0
4,34,132,133,0
4,34,132,134,0
4,34,132,135,0
4,34,132,136,0
4,34,132,137,0
4,34,132,138,0
4,34,132,139,0
4,34,132,140,0
4,34,132,141,0
4,34,132,142,0
4,34,132,143,0
4,34,132,144,0
4,34,132,145,0
4,34,132,146,0
4,34,132,147,0
4,34,132,148,0
4,34,132,149,0
4,34,132,150,0
4,34,132,151,0
4,34,132,152,0
4,34,132,153,0
4,34,132,154,0
4,34,132,155,0
4,34,132,156,0
4,34,132,157,0
4,34,132,158,0
4,34,132,159,0
4,34,132,160,0
4,34,132,161,0
4,34,132,162,0
4,34,132,163,0
4,34,132,164,0
4,34,132,165,0
4,34,132,166,0
4,34,132,167,0
4,34,132,168,0
4,34,132,169,0
4,34,132,170,0
4,34,132,171,0
4,34,132,172,0
4,34,132,173,0
4,34,132,174,0
4,34,132,175,0
4,34,132,176,0
4,34,132,177,0
4,34,132,178,0
4,34,132,179,0
4,34,132,180,0
4,34,132,181,0
4,34,132,182,0
4,34,132,183,0
4,34,132,184,0
4,34,132,185,0
4,34,132,186,0
4,34,132,187,0
4,34,132,188,0
4,34,132,189,0
4,34,132,190,0
4,34,132,191,0
4,34,132,192,0
4,34,132,193,0
4,34,132,194,0
4,34,132,195,0
4,34,132,196,0
4,34,132,197,0
4,34,132,198,0
4,34,132,199,0
4,34,132,200,0
4,34,132,201,0
4,34,132,202,0
4,34,132,203,0
4,34,132,204,0
4,34,132,205,0
4,34,132,206,0
4,34,132,207,0
4,34,132,208,0
4,34,132,209,0
4,34,132,210,0
4,34,132,211,0
4,34,132,212,0
4,34,132,213,0
4,34,132,214,0
4,34,132,215,0
4,34,132,216,0
4,34,132,217,0
4,34,132,218,472642
4,34,132,219,2482410
4,34,132,220,4619017
4,34,132,221,3918274
4,34,132,222,1683328
4,34,132,223,400658
4,34,132,224,53680
4,34,132,225,3724
4,34,132,226,95
4,34,132,227,2
4,34,132,228,0
4,34,132,229,0
4,34,132,230,0
4,34,132,231,0
4,34,132,232,0
4,34,132,233,0
4,34,132,234,0
4,34,133,0,0
4,34,133,1,0
4,34,133,2,0
4,34,133,3,0
4,34,133,4,0
4,34,133,5,0
4,34,133,6,0
4,34,133,7,0
4,34,133,8,0
4,34,133,9,0
4,34,133,10,0
4,34,133,11,0
4,34,133,12,0
4,34,133,13,0
4,34,133,14,0
4,34,133,15,0
4,34,133,16,0
4,34,133,17,0
4,34,133,18,0
4,34,133,19,0
4,34,133,20,0
4,34,133,21,0
4,34,133,22,0
4,34,133,23,0
4,34,133,24,0
4,34,133,25,0
4,34,133,26,0
4,34,133,27,0
4,34,133,28,0
4,34,133,29,0
4,34,133,30,0
4,34,133,31,0
4,34,133,32,0
4,34,133,33,0
4,34,133,34,0
4,34,133,35,0
4,34,133,36,0
4,34,133,37,0
4,34,133,38,0
4,34,133,39,0
4,34,133,40,0
4,34,133,41,0
4,34,133,42,0
4,34,133,43,0
4,34,133,44,0
4,34,133,45,0
4,34,133,46,0
4,34,133,47,0
4,34,133,48,0
4,34,133,49,0
4,34,133,50,0
4,34,133,51,0
4,34,133,52,0
4,34,133,53,0
4,34,133,54,0
4,34,133,55,0
4,34,133,56,0
4,34,133,57,0
4,34,133,58,0
4,34,133,59,0
4,34,133,60,0
4,34,133,61,0
4,34,133,62,0
4,34,133,63,0
4,34,133,64,0
4,34,133,65,0
4,34,133,66,0
4,34,133,67,0
4,34,133,68,0
4,34,133,69,0
4,34,133,70,0
4,34,133,71,0
4,34,133,72,0
4,34,133,73,0
4,34,133,74,0
4,34,133,75,0
4,34,133,76,0
4,34,133,77,0
4,34,133,78,0
4,34,133,79,0
4,34,133,80,0
4,34,133,81,0
4,34,133,82,0
4,34,133,83,0
4,34,133,84,0
4,34,133,85,0
4,34,133,86,0
4,34,133,87,0
4,34,133,88,0
4,34,133,89,0
4,34,133,90,0
4,34,133,91,0
4,34,133,92,0
4,34,133,93,0
4,34,133,94,0
4,34,133,95,0
4,34,133,96,0
4,34,133,97,0
4,34,133,98,0
4,34,133,99,0
4,34,133,100,0
4,34,133,101,0
4,34,133,102,0
4,34,133,103,0
4,34,133,104,0
4,34,133,105,0
4,34,133,106,0
4,34,133,107,0
4,34,133,108,0
4,34,133,109,0
4,34,133,110,0
4,34,133,111,0
4,34,133,112,0
4,34,133,113,0
4,34,133,114,0
4,34,133,115,0
4,34,133,116,0
4,34,133,117,0
4,34,133,118,0
4,34,133,119,0
4,34,133,120,0
4,34,133,121,0
4,34,133,122,0
4,34,133,123,0
4,34,133,124,0
4,34,133,125,0
4,34,133,126,0
4,34,133,127,0
4,34,133,128,0
4,34,133,129,0
4,34,133,130,0
4,34,133,131,0
4,34,133,132,0
4,34,133,133,0
4,34,133,134,0
4,34,133,135,0
4,34,133,136,0
4,34,133,137,0
4,34,133,138,0
4,34,133,139,0
4,34,133,140,0
4,34,133,141,0
4,34,133,142,0
4,34,133,143,0
4,34,133,144,0
4,34,133,145,0
4,34,133,146,0
4,34,133,147,0
4,34,133,148,0
4,34,133,149,0
4,34,133,150,0
4,34,133,151,0
4,34,133,152,0
4,34,133,153,0
4,34,133,154,0
4,34,133,155,0
4,34,133,156,0
4,34,133,157,0
4,34,133,158,0
4,34,133,159,0
4,34,133,160,0
4,34,133,161,0
4,34,133,162,0
4,34,133,163,0
4,34,133,164,0
4,34,133,165,0
4,34,133,166,0
4,34,133,167,0
4,34,133,168,0
4,34,133,169,0
4,34,133,170,0
4,34,133,171,0
4,34,133,172,0
4,34,133,173,0
4,34,133,174,0
4,34,133,175,0
4,34,133,176,0
4,34,133,177,0
4,34,133,178,0
4,34,133,179,0
4,34,133,180,0
4,34,133,181,0
4,34,133,182,0
4,34,133,183,0
4,34,133,184,0
4,34,133,185,0
4,34,133,186,0
4,34,133,187,0
4,34,133,188,0
4,34,133,189,0
4,34,133,190,0
4,34,133,191,0
4,34,133,192,0
4,34,133,193,0
4,34,133,194,0
4,34,133,195,0
4,34,133,196,0
4,34,133,197,0
4,34,133,198,0
4,34,133,199,0
4,34,133,200,0
4,34,133,201,0
4,34,133,202,0
4,34,133,203,0
4,34,133,204,0
4,34,133,205,0
4,34,133,206,0
4,34,133,207,0
4,34,133,208,0
4,34,133,209,0
4,34,133,210,0
4,34,133,211,0
4,34,133,212,0
4,34,133,213,0
4,34,133,214,0
4,34,133,215,0
4,34,133,216,0
4,34,133,217,0
4,34,133,218,0
4,34,133,219,0
4,34,133,220,0
4,34,133,221,0
4,34,133,222,36020
4,34,133,223,132068
4,34,133,224,155428
4,34,133,225,71544
4,34,133,226,13720
4,34,133,227,1220
4,34,133,228,40
4,34,133,229,0
4,34,133,230,0
4,34,133,231,0
4,34,133,232,0
4,34,133,233,0
4,34,133,234,0
4,34,134,0,0
4,34,134,1,0
4,34,134,2,0
4,34,134,3,0
4,34,134,4,0
4,34,134,5,0
4,34,134,6,0
4,34,134,7,0
4,34,134,8,0
4,34,134,9,0
4,34,134,10,0
4,34,134,11,0
4,34,134,12,0
4,34,134,13,0
4,34,134,14,0
4,34,134,15,0
4,34,134,16,0
4,34,134,17,0
4,34,134,18,0
4,34,134,19,0
4,34,134,20,0
4,34,134,21,0
4,34,134,22,0
4,34,134,23,0
4,34,134,24,0
4,34,134,25,0
4,34,134,26,0
4,34,134,27,0
4,34,134,28,0
4,34,134,29,0
4,34,134,30,0
4,34,134,31,0
4,34,134,32,0
4,34,134,33,0
4,34,134,34,0
4,34,134,35,0
4,34,134,36,0
4,34,134,37,0
4,34,134,38,0
4,34,134,39,0
4,34,134,40,0
4,34,134,41,0
4,34,134,42,0
4,34,134,43,0
4,34,134,44,0
4,34,134,45,0
4,34,134,46,0
4,34,134,47,0
4,34,134,48,0
4,34,134,49,0
4,34,134,50,0
4,34,134,51,0
4,34,134,52,0
4,34,134,53,0
4,34,134,54,0
4,34,134,55,0
4,34,134,56,0
4,34,134,57,0
4,34,134,58,0
4,34,134,59,0
4,34,134,60,0
4,34,134,61,0
4,34,134,62,0
4,34,134,63,0
4,34,134,64,0
4,34,134,65,0
4,34,134,66,0
4,34,134,67,0
4,34,134,68,0
4,34,134,69,0
4,34,134,70,0
4,34,134,71,0
4,34,134,72,0
4,34,134,73,0
4,34,134,74,0
4,34,134,75,0
4,34,134,76,0
4,34,134,77,0
4,34,134,78,0
4,34,134,79,0
4,34,134,80,0
4,34,134,81,0
4,34,134,82,0
4,34,134,83,0
4,34,134,84,0
4,34,134,85,0
4,34,134,86,0
4,34,134,87,0
4,34,134,88,0
4,34,134,89,0
4,34,134,90,0
4,34,134,91,0
4,34,134,92,0
4,34,134,93,0
4,34,134,94,0
4,34,134,95,0
4,34,134,96,0
4,34,134,97,0
4,34,134,98,0
4,34,134,99,0
4,34,134,100,0
4,34,134,101,0
4,34,134,102,0
4,34,134,103,0
4,34,134,104,0
4,34,134,105,0
4,34,134,106,0
4,34,134,107,0
4,34,134,108,0
4,34,134,109,0
4,34,134,110,0
4,34,134,111,0
4,34,134,112,0
4,34,134,113,0
4,34,134,114,0
4,34,134,115,0
4,34,134,116,0
4,34,134,117,0
4,34,134,118,0
4,34,134,119,0
4,34,134,120,0
4,34,134,121,0
4,34,134,122,0
4,34,134,123,0
4,34,134,124,0
4,34,134,125,0
4,34,134,126,0
4,34,134,127,0
4,34,134,128,0
4,34,134,129,0
4,34,134,130,0
4,34,134,131,0
4,34,134,132,0
4,34,134,133,0
4,34,134,134,0
4,34,134,135,0
4,34,134,136,0
4,34,134,137,0
4,34,134,138,0
4,34,134,139,0
4,34,134,140,0
4,34,134,141,0
4,34,134,142,0
4,34,134,143,0
4,34,134,144,0
4,34,134,145,0
4,34,134,146,0
4,34,134,147,0
4,34,134,148,0
4,34,134,149,0
4,34,134,150,0
4,34,134,151,0
4,34,134,152,0
4,34,134,153,0
4,34,134,154,0
4,34,134,155,0
4,34,134,156,0
4,34,134,157,0
4,34,134,158,0
4,34,134,159,0
4,34,134,160,0
4,34,134,161,0
4,34,134,162,0
4,34,134,163,0
4,34,134,164,0
4,34,134,165,0
4,34,134,166,0
4,34,134,167,0
4,34,134,168,0
4,34,134,169,0
4,34,134,170,0
4,34,134,171,0
4,34,134,172,0
4,34,134,173,0
4,34,134,174,0
4,34,134,175,0
4,34,134,176,0
4,34,134,177,0
4,34,134,178,0
4,34,134,179,0
4,34,134,180,0
4,34,134,181,0
4,34,134,182,0
4,34,134,183,0
4,34,134,184,0
4,34,134,185,0
4,34,134,186,0
4,34,134,187,0
4,34,134,188,0
4,34,134,189,0
4,34,134,190,0
4,34,134,191,0
4,34,134,192,0
4,34,134,193,0
4,34,134,194,0
4,34,134,195,0
4,34,134,196,0
4,34,134,197,0
4,34,134,198,0
4,34,134,199,0
4,34,134,200,0
4,34,134,201,0
4,34,134,202,0
4,34,134,203,0
4,34,134,204,0
4,34,134,205,0
4,34,134,206,0
4,34,134,207,0
4,34,134,208,0
4,34,134,209,0
4,34,134,210,0
4,34,134,211,0
4,34,134,212,0
4,34,134,213,0
4,34,134,214,0
4,34,134,215,0
4,34,134,216,0
4,34,134,217,0
4,34,134,218,0
4,34,134,219,0
4,34,134,220,0
4,34,134,221,0
4,34,134,222,0
4,34,134,223,0
4,34,134,224,0
4,34,134,225,0
4,34,134,226,1922
4,34,134,227,4378
4,34,134,228,2538
4,34,134,229,328
4,34,134,230,14
4,34,134,231,0
4,34,134,232,0
4,34,134,233,0
4,34,134,234,0
4,34,135,0,0
4,34,135,1,0
4,34,135,2,0
4,34,135,3,0
4,34,135,4,0
4,34,135,5,0
4,34,135,6,0
4,34,135,7,0
4,34,135,8,0
4,34,135,9,0
4,34,135,10,0
4,34,135,11,0
4,34,135,12,0
4,34,135,13,0
4,34,135,14,0
4,34,135,15,0
4,34,135,16,0
4,34,135,17,0
4,34,135,18,0
4,34,135,19,0
4,34,135,20,0
4,34,135,21,0
4,34,135,22,0
4,34,135,23,0
4,34,135,24,0
4,34,135,25,0
4,34,135,26,0
4,34,135,27,0
4,34,135,28,0
4,34,135,29,0
4,34,135,30,0
4,34,135,31,0
4,34,135,32,0
4,34,135,33,0
4,34,135,34,0
4,34,135,35,0
4,34,135,36,0
4,34,135,37,0
4,34,135,38,0
4,34,135,39,0
4,34,135,40,0
4,34,135,41,0
4,34,135,42,0
4,34,135,43,0
4,34,135,44,0
4,34,135,45,0
4,34,135,46,0
4,34,135,47,0
4,34,135,48,0
4,34,135,49,0
4,34,135,50,0
4,34,135,51,0
4,34,135,52,0
4,34,135,53,0
4,34,135,54,0
4,34,135,55,0
4,34,135,56,0
4,34,135,57,0
4,34,135,58,0
4,34,135,59,0
4,34,135,60,0
4,34,135,61,0
4,34,135,62,0
4,34,135,63,0
4,34,135,64,0
4,34,135,65,0
4,34,135,66,0
4,34,135,67,0
4,34,135,68,0
4,34,135,69,0
4,34,135,70,0
4,34,135,71,0
4,34,135,72,0
4,34,135,73,0
4,34,135,74,0
4,34,135,75,0
4,34,135,76,0
4,34,135,77,0
4,34,135,78,0
4,34,135,79,0
4,34,135,80,0
4,34,135,81,0
4,34,135,82,0
4,34,135,83,0
4,34,135,84,0
4,34,135,85,0
4,34,135,86,0
4,34,135,87,0
4,34,135,88,0
4,34,135,89,0
4,34,135,90,0
4,34,135,91,0
4,34,135,92,0
4,34,135,93,0
4,34,135,94,0
4,34,135,95,0
4,34,135,96,0
4,34,135,97,0
4,34,135,98,0
4,34,135,99,0
4,34,135,100,0
4,34,135,101,0
4,34,135,102,0
4,34,135,103,0
4,34,135,104,0
4,34,135,105,0
4,34,135,106,0
4,34,135,107,0
4,34,135,108,0
4,34,135,109,0
4,34,135,110,0
4,34,135,111,0
4,34,135,112,0
4,34,135,113,0
4,34,135,114,0
4,34,135,115,0
4,34,135,116,0
4,34,135,117,0
4,34,135,118,0
4,34,135,119,0
4,34,135,120,0
4,34,135,121,0
4,34,135,122,0
4,34,135,123,0
4,34,135,124,0
4,34,135,125,0
4,34,135,126,0
4,34,135,127,0
4,34,135,128,0
4,34,135,129,0
4,34,135,130,0
4,34,135,131,0
4,34,135,132,0
4,34,135,133,0
4,34,135,134,0
4,34,135,135,0
4,34,135,136,0
4,34,135,137,0
4,34,135,138,0
4,34,135,139,0
4,34,135,140,0
4,34,135,141,0
4,34,135,142,0
4,34,135,143,0
4,34,135,144,0
4,34,135,145,0
4,34,135,146,0
4,34,135,147,0
4,34,135,148,0
4,34,135,149,0
4,34,135,150,0
4,34,135,151,0
4,34,135,152,0
4,34,135,153,0
4,34,135,154,0
4,34,135,155,0
4,34,135,156,0
4,34,135,157,0
4,34,135,158,0
4,34,135,159,0
4,34,135,160,0
4,34,135,161,0
4,34,135,162,0
4,34,135,163,0
4,34,135,164,0
4,34,135,165,0
4,34,135,166,0
4,34,135,167,0
4,34,135,168,0
4,34,135,169,0
4,34,135,170,0
4,34,135,171,0
4,34,135,172,0
4,34,135,173,0
4,34,135,174,0
4,34,135,175,0
4,34,135,176,0
4,34,135,177,0
4,34,135,178,0
4,34,135,179,0
4,34,135,180,0
4,34,135,181,0
4,34,135,182,0
4,34,135,183,0
4,34,135,184,0
4,34,135,185,0
4,34,135,186,0
4,34,135,187,0
4,34,135,188,0
4,34,135,189,0
4,34,135,190,0
4,34,135,191,0
4,34,135,192,0
4,34,135,193,0
4,34,135,194,0
4,34,135,195,0
4,34,135,196,0
4,34,135,197,0
4,34,135,198,0
4,34,135,199,0
4,34,135,200,0
4,34,135,201,0
4,34,135,202,0
4,34,135,203,0
4,34,135,204,0
4,34,135,205,0
4,34,135,206,0
4,34,135,207,0
4,34,135,208,0
4,34,135,209,0
4,34,135,210,0
4,34,135,211,0
4,34,135,212,0
4,34,135,213,0
4,34,135,214,0
4,34,135,215,0
4,34,135,216,0
4,34,135,217,0
4,34,135,218,0
4,34,135,219,0
4,34,135,220,0
4,34,135,221,0
4,34,135,222,0
4,34,135,223,0
4,34,135,224,0
4,34,135,225,0
4,34,135,226,0
4,34,135,227,0
4,34,135,228,0
4,34,135,229,0
4,34,135,230,64
4,34,135,231,68
4,34,135,232,4
4,34,135,233,0
4,34,135,234,0
4,34,136,0,0
4,34,136,1,0
4,34,136,2,0
4,34,136,3,0
4,34,136,4,0
4,34,136,5,0
4,34,136,6,0
4,34,136,7,0
4,34,136,8,0
4,34,136,9,0
4,34,136,10,0
4,34,136,11,0
4,34,136,12,0
4,34,136,13,0
4,34,136,14,0
4,34,136,15,0
4,34,136,16,0
4,34,136,17,0
4,34,136,18,0
4,34,136,19,0
4,34,136,20,0
4,34,136,21,0
4,34,136,22,0
4,34,136,23,0
4,34,136,24,0
4,34,136,25,0
4,34,136,26,0
4,34,136,27,0
4,34,136,28,0
4,34,136,29,0
4,34,136,30,0
4,34,136,31,0
4,34,136,32,0
4,34,136,33,0
4,34,136,34,0
4,34,136,35,0
4,34,136,36,0
4,34,136,37,0
4,34,136,38,0
4,34,136,39,0
4,34,136,40,0
4,34,136,41,0
4,34,136,42,0
4,34,136,43,0
4,34,136,44,0
4,34,136,45,0
4,34,136,46,0
4,34,136,47,0
4,34,136,48,0
4,34,136,49,0
4,34,136,50,0
4,34,136,51,0
4,34,136,52,0
4,34,136,53,0
4,34,136,54,0
4,34,136,55,0
4,34,136,56,0
4,34,136,57,0
4,34,136,58,0
4,34,136,59,0
4,34,136,60,0
4,34,136,61,0
4,34,136,62,0
4,34,136,63,0
4,34,136,64,0
4,34,136,65,0
4,34,136,66,0
4,34,136,67,0
4,34,136,68,0
4,34,136,69,0
4,34,136,70,0
4,34,136,71,0
4,34,136,72,0
4,34,136,73,0
4,34,136,74,0
4,34,136,75,0
4,34,136,76,0
4,34,136,77,0
4,34,136,78,0
4,34,136,79,0
4,34,136,80,0
4,34,136,81,0
4,34,136,82,0
4,34,136,83,0
4,34,136,84,0
4,34,136,85,0
4,34,136,86,0
4,34,136,87,0
4,34,136,88,0
4,34,136,89,0
4,34,136,90,0
4,34,136,91,0
4,34,136,92,0
4,34,136,93,0
4,34,136,94,0
4,34,136,95,0
4,34,136,96,0
4,34,136,97,0
4,34,136,98,0
4,34,136,99,0
4,34,136,100,0
4,34,136,101,0
4,34,136,102,0
4,34,136,103,0
4,34,136,104,0
4,34,136,105,0
4,34,136,106,0
4,34,136,107,0
4,34,136,108,0
4,34,136,109,0
4,34,136,110,0
4,34,136,111,0
4,34,136,112,0
4,34,136,113,0
4,34,136,114,0
4,34,136,115,0
4,34,136,116,0
4,34,136,117,0
4,34,136,118,0
4,34,136,119,0
4,34,136,120,0
4,34,136,121,0
4,34,136,122,0
4,34,136,123,0
4,34,136,124,0
4,34,136,125,0
4,34,136,126,0
4,34,136,127,0
4,34,136,128,0
4,34,136,129,0
4,34,136,130,0
4,34,136,131,0
4,34,136,132,0
4,34,136,133,0
4,34,136,134,0
4,34,136,135,0
4,34,136,136,0
4,34,136,137,0
4,34,136,138,0
4,34,136,139,0
4,34,136,140,0
4,34,136,141,0
4,34,136,142,0
4,34,136,143,0
4,34,136,144,0
4,34,136,145,0
4,34,136,146,0
4,34,136,147,0
4,34,136,148,0
4,34,136,149,0
4,34,136,150,0
4,34,136,151,0
4,34,136,152,0
4,34,136,153,0
4,34,136,154,0
4,34,136,155,0
4,34,136,156,0
4,34,136,157,0
4,34,136,158,0
4,34,136,159,0
4,34,136,160,0
4,34,136,161,0
4,34,136,162,0
4,34,136,163,0
4,34,136,164,0
4,34,136,165,0
4,34,136,166,0
4,34,136,167,0
4,34,136,168,0
4,34,136,169,0
4,34,136,170,0
4,34,136,171,0
4,34,136,172,0
4,34,136,173,0
4,34,136,174,0
4,34,136,175,0
4,34,136,176,0
4,34,136,177,0
4,34,136,178,0
4,34,136,179,0
4,34,136,180,0
4,34,136,181,0
4,34,136,182,0
4,34,136,183,0
4,34,136,184,0
4,34,136,185,0
4,34,136,186,0
4,34,136,187,0
4,34,136,188,0
4,34,136,189,0
4,34,136,190,0
4,34,136,191,0
4,34,136,192,0
4,34,136,193,0
4,34,136,194,0
4,34,136,195,0
4,34,136,196,0
4,34,136,197,0
4,34,136,198,0
4,34,136,199,0
4,34,136,200,0
4,34,136,201,0
4,34,136,202,0
4,34,136,203,0
4,34,136,204,0
4,34,136,205,0
4,34,136,206,0
4,34,136,207,0
4,34,136,208,0
4,34,136,209,0
4,34,136,210,0
4,34,136,211,0
4,34,136,212,0
4,34,136,213,0
4,34,136,214,0
4,34,136,215,0
4,34,136,216,0
4,34,136,217,0
4,34,136,218,0
4,34,136,219,0
4,34,136,220,0
4,34,136,221,0
4,34,136,222,0
4,34,136,223,0
4,34,136,224,0
4,34,136,225,0
4,34,136,226,0
4,34,136,227,0
4,34,136,228,0
4,34,136,229,0
4,34,136,230,0
4,34,136,231,0
4,34,136,232,0
4,34,136,233,0
4,34,136,234,1
.DONE.
