r,c,o,a,count
4,35,0,0,1
4,35,0,1,0
4,35,0,2,0
4,35,0,3,0
4,35,0,4,0
4,35,0,5,0
4,35,0,6,0
4,35,0,7,0
4,35,0,8,0
4,35,0,9,0
4,35,0,10,0
4,35,0,11,0
4,35,0,12,0
4,35,0,13,0
4,35,0,14,0
4,35,0,15,0
4,35,0,16,0
4,35,0,17,0
4,35,0,18,0
4,35,0,19,0
4,35,0,20,0
4,35,0,21,0
4,35,0,22,0
4,35,0,23,0
4,35,0,24,0
4,35,0,25,0
4,35,0,26,0
4,35,0,27,0
4,35,0,28,0
4,35,0,29,0
4,35,0,30,0
4,35,0,31,0
4,35,0,32,0
4,35,0,33,0
4,35,0,34,0
4,35,0,35,0
4,35,0,36,0
4,35,0,37,0
4,35,0,38,0
4,35,0,39,0
4,35,0,40,0
4,35,0,41,0
4,35,0,42,0
4,35,0,43,0
4,35,0,44,0
4,35,0,45,0
4,35,0,46,0
4,35,0,47,0
4,35,0,48,0
4,35,0,49,0
4,35,0,50,0
4,35,0,51,0
4,35,0,52,0
4,35,0,53,0
4,35,0,54,0
4,35,0,55,0
4,35,0,56,0
4,35,0,57,0
4,35,0,58,0
4,35,0,59,0
4,35,0,60,0
4,35,0,61,0
4,35,0,62,0
4,35,0,63,0
4,35,0,64,0
4,35,0,65,0
4,35,0,66,0
4,35,0,67,0
4,35,0,68,0
4,35,0,69,0
4,35,0,70,0
4,35,0,71,0
4,35,0,72,0
4,35,0,73,0
4,35,0,74,0
4,35,0,75,0
4,35,0,76,0
4,35,0,77,0
4,35,0,78,0
4,35,0,79,0
4,35,0,80,0
4,35,0,81,0
4,35,0,82,0
4,35,0,83,0
4,35,0,84,0
4,35,0,85,0
4,35,0,86,0
4,35,0,87,0
4,35,0,88,0
4,35,0,89,0
4,35,0,90,0
4,35,0,91,0
4,35,0,92,0
4,35,0,93,0
4,35,0,94,0
4,35,0,95,0
4,35,0,96,0
4,35,0,97,0
4,35,0,98,0
4,35,0,99,0
4,35,0,100,0
4,35,0,101,0
4,35,0,102,0
4,35,0,103,0
4,35,0,104,0
4,35,0,105,0
4,35,0,106,0
4,35,0,107,0
4,35,0,108,0
4,35,0,109,0
4,35,0,110,0
4,35,0,111,0
4,35,0,112,0
4,35,0,113,0
4,35,0,114,0
4,35,0,115,0
4,35,0,116,0
4,35,0,117,0
4,35,0,118,0
4,35,0,119,0
4,35,0,120,0
4,35,0,121,0
4,35,0,122,0
4,35,0,123,0
4,35,0,124,0
4,35,0,125,0
4,35,0,126,0
4,35,0,127,0
4,35,0,128,0
4,35,0,129,0
4,35,0,130,0
4,35,0,131,0
4,35,0,132,0
4,35,0,133,0
4,35,0,134,0
4,35,0,135,0
4,35,0,136,0
4,35,0,137,0
4,35,0,138,0
4,35,0,139,0
4,35,0,140,0
4,35,0,141,0
4,35,0,142,0
4,35,0,143,0
4,35,0,144,0
4,35,0,145,0
4,35,0,146,0
4,35,0,147,0
4,35,0,148,0
4,35,0,149,0
4,35,0,150,0
4,35,0,151,0
4,35,0,152,0
4,35,0,153,0
4,35,0,154,0
4,35,0,155,0
4,35,0,156,0
4,35,0,157,0
4,35,0,158,0
4,35,0,159,0
4,35,0,160,0
4,35,0,161,0
4,35,0,162,0
4,35,0,163,0
4,35,0,164,0
4,35,0,165,0
4,35,0,166,0
4,35,0,167,0
4,35,0,168,0
4,35,0,169,0
4,35,0,170,0
4,35,0,171,0
4,35,0,172,0
4,35,0,173,0
4,35,0,174,0
4,35,0,175,0
4,35,0,176,0
4,35,0,177,0
4,35,0,178,0
4,35,0,179,0
4,35,0,180,0
4,35,0,181,0
4,35,0,182,0
4,35,0,183,0
4,35,0,184,0
4,35,0,185,0
4,35,0,186,0
4,35,0,187,0
4,35,0,188,0
4,35,0,189,0
4,35,0,190,0
4,35,0,191,0
4,35,0,192,0
4,35,0,193,0
4,35,0,194,0
4,35,0,195,0
4,35,0,196,0
4,35,0,197,0
4,35,0,198,0
4,35,0,199,0
4,35,0,200,0
4,35,0,201,0
4,35,0,202,0
4,35,0,203,0
4,35,0,204,0
4,35,0,205,0
4,35,0,206,0
4,35,0,207,0
4,35,0,208,0
4,35,0,209,0
4,35,0,210,0
4,35,0,211,0
4,35,0,212,0
4,35,0,213,0
4,35,0,214,0
4,35,0,215,0
4,35,0,216,0
4,35,0,217,0
4,35,0,218,0
4,35,0,219,0
4,35,0,220,0
4,35,0,221,0
4,35,0,222,0
4,35,0,223,0
4,35,0,224,0
4,35,0,225,0
4,35,0,226,0
4,35,0,227,0
4,35,0,228,0
4,35,0,229,0
4,35,0,230,0
4,35,0,231,0
4,35,0,232,0
4,35,0,233,0
4,35,0,234,0
4,35,0,235,0
4,35,0,236,0
4,35,0,237,0
4,35,0,238,0
4,35,0,239,0
4,35,0,240,0
4,35,0,241,0
4,35,1,0,140
4,35,1,1,0
4,35,1,2,0
4,35,1,3,0
4,35,1,4,0
4,35,1,5,0
4,35,1,6,0
4,35,1,7,0
4,35,1,8,0
4,35,1,9,0
4,35,1,10,0
4,35,1,11,0
4,35,1,12,0
4,35,1,13,0
4,35,1,14,0
4,35,1,15,0
4,35,1,16,0
4,35,1,17,0
4,35,1,18,0
4,35,1,19,0
4,35,1,20,0
4,35,1,21,0
4,35,1,22,0
4,35,1,23,0
4,35,1,24,0
4,35,1,25,0
4,35,1,26,0
4,35,1,27,0
4,35,1,28,0
4,35,1,29,0
4,35,1,30,0
4,35,1,31,0
4,35,1,32,0
4,35,1,33,0
4,35,1,34,0
4,35,1,35,0
4,35,1,36,0
4,35,1,37,0
4,35,1,38,0
4,35,1,39,0
4,35,1,40,0
4,35,1,41,0
4,35,1,42,0
4,35,1,43,0
4,35,1,44,0
4,35,1,45,0
4,35,1,46,0
4,35,1,47,0
4,35,1,48,0
4,35,1,49,0
4,35,1,50,0
4,35,1,51,0
4,35,1,52,0
4,35,1,53,0
4,35,1,54,0
4,35,1,55,0
4,35,1,56,0
4,35,1,57,0
4,35,1,58,0
4,35,1,59,0
4,35,1,60,0
4,35,1,61,0
4,35,1,62,0
4,35,1,63,0
4,35,1,64,0
4,35,1,65,0
4,35,1,66,0
4,35,1,67,0
4,35,1,68,0
4,35,1,69,0
4,35,1,70,0
4,35,1,71,0
4,35,1,72,0
4,35,1,73,0
4,35,1,74,0
4,35,1,75,0
4,35,1,76,0
4,35,1,77,0
4,35,1,78,0
4,35,1,79,0
4,35,1,80,0
4,35,1,81,0
4,35,1,82,0
4,35,1,83,0
4,35,1,84,0
4,35,1,85,0
4,35,1,86,0
4,35,1,87,0
4,35,1,88,0
4,35,1,89,0
4,35,1,90,0
4,35,1,91,0
4,35,1,92,0
4,35,1,93,0
4,35,1,94,0
4,35,1,95,0
4,35,1,96,0
4,35,1,97,0
4,35,1,98,0
4,35,1,99,0
4,35,1,100,0
4,35,1,101,0
4,35,1,102,0
4,35,1,103,0
4,35,1,104,0
4,35,1,105,0
4,35,1,106,0
4,35,1,107,0
4,35,1,108,0
4,35,1,109,0
4,35,1,110,0
4,35,1,111,0
4,35,1,112,0
4,35,1,113,0
4,35,1,114,0
4,35,1,115,0
4,35,1,116,0
4,35,1,117,0
4,35,1,118,0
4,35,1,119,0
4,35,1,120,0
4,35,1,121,0
4,35,1,122,0
4,35,1,123,0
4,35,1,124,0
4,35,1,125,0
4,35,1,126,0
4,35,1,127,0
4,35,1,128,0
4,35,1,129,0
4,35,1,130,0
4,35,1,131,0
4,35,1,132,0
4,35,1,133,0
4,35,1,134,0
4,35,1,135,0
4,35,1,136,0
4,35,1,137,0
4,35,1,138,0
4,35,1,139,0
4,35,1,140,0
4,35,1,141,0
4,35,1,142,0
4,35,1,143,0
4,35,1,144,0
4,35,1,145,0
4,35,1,146,0
4,35,1,147,0
4,35,1,148,0
4,35,1,149,0
4,35,1,150,0
4,35,1,151,0
4,35,1,152,0
4,35,1,153,0
4,35,1,154,0
4,35,1,155,0
4,35,1,156,0
4,35,1,157,0
4,35,1,158,0
4,35,1,159,0
4,35,1,160,0
4,35,1,161,0
4,35,1,162,0
4,35,1,163,0
4,35,1,164,0
4,35,1,165,0
4,35,1,166,0
4,35,1,167,0
4,35,1,168,0
4,35,1,169,0
4,35,1,170,0
4,35,1,171,0
4,35,1,172,0
4,35,1,173,0
4,35,1,174,0
4,35,1,175,0
4,35,1,176,0
4,35,1,177,0
4,35,1,178,0
4,35,1,179,0
4,35,1,180,0
4,35,1,181,0
4,35,1,182,0
4,35,1,183,0
4,35,1,184,0
4,35,1,185,0
4,35,1,186,0
4,35,1,187,0
4,35,1,188,0
4,35,1,189,0
4,35,1,190,0
4,35,1,191,0
4,35,1,192,0
4,35,1,193,0
4,35,1,194,0
4,35,1,195,0
4,35,1,196,0
4,35,1,197,0
4,35,1,198,0
4,35,1,199,0
4,35,1,200,0
4,35,1,201,0
4,35,1,202,0
4,35,1,203,0
4,35,1,204,0
4,35,1,205,0
4,35,1,206,0
4,35,1,207,0
4,35,1,208,0
4,35,1,209,0
4,35,1,210,0
4,35,1,211,0
4,35,1,212,0
4,35,1,213,0
4,35,1,214,0
4,35,1,215,0
4,35,1,216,0
4,35,1,217,0
4,35,1,218,0
4,35,1,219,0
4,35,1,220,0
4,35,1,221,0
4,35,1,222,0
4,35,1,223,0
4,35,1,224,0
4,35,1,225,0
4,35,1,226,0
4,35,1,227,0
4,35,1,228,0
4,35,1,229,0
4,35,1,230,0
4,35,1,231,0
4,35,1,232,0
4,35,1,233,0
4,35,1,234,0
4,35,1,235,0
4,35,1,236,0
4,35,1,237,0
4,35,1,238,0
4,35,1,239,0
4,35,1,240,0
4,35,1,241,0
4,35,2,0,9489
4,35,2,1,241
4,35,2,2,0
4,35,2,3,0
4,35,2,4,0
4,35,2,5,0
4,35,2,6,0
4,35,2,7,0
4,35,2,8,0
4,35,2,9,0
4,35,2,10,0
4,35,2,11,0
4,35,2,12,0
4,35,2,13,0
4,35,2,14,0
4,35,2,15,0
4,35,2,16,0
4,35,2,17,0
4,35,2,18,0
4,35,2,19,0
4,35,2,20,0
4,35,2,21,0
4,35,2,22,0
4,35,2,23,0
4,35,2,24,0
4,35,2,25,0
4,35,2,26,0
4,35,2,27,0
4,35,2,28,0
4,35,2,29,0
4,35,2,30,0
4,35,2,31,0
4,35,2,32,0
4,35,2,33,0
4,35,2,34,0
4,35,2,35,0
4,35,2,36,0
4,35,2,37,0
4,35,2,38,0
4,35,2,39,0
4,35,2,40,0
4,35,2,41,0
4,35,2,42,0
4,35,2,43,0
4,35,2,44,0
4,35,2,45,0
4,35,2,46,0
4,35,2,47,0
4,35,2,48,0
4,35,2,49,0
4,35,2,50,0
4,35,2,51,0
4,35,2,52,0
4,35,2,53,0
4,35,2,54,0
4,35,2,55,0
4,35,2,56,0
4,35,2,57,0
4,35,2,58,0
4,35,2,59,0
4,35,2,60,0
4,35,2,61,0
4,35,2,62,0
4,35,2,63,0
4,35,2,64,0
4,35,2,65,0
4,35,2,66,0
4,35,2,67,0
4,35,2,68,0
4,35,2,69,0
4,35,2,70,0
4,35,2,71,0
4,35,2,72,0
4,35,2,73,0
4,35,2,74,0
4,35,2,75,0
4,35,2,76,0
4,35,2,77,0
4,35,2,78,0
4,35,2,79,0
4,35,2,80,0
4,35,2,81,0
4,35,2,82,0
4,35,2,83,0
4,35,2,84,0
4,35,2,85,0
4,35,2,86,0
4,35,2,87,0
4,35,2,88,0
4,35,2,89,0
4,35,2,90,0
4,35,2,91,0
4,35,2,92,0
4,35,2,93,0
4,35,2,94,0
4,35,2,95,0
4,35,2,96,0
4,35,2,97,0
4,35,2,98,0
4,35,2,99,0
4,35,2,100,0
4,35,2,101,0
4,35,2,102,0
4,35,2,103,0
4,35,2,104,0
4,35,2,105,0
4,35,2,106,0
4,35,2,107,0
4,35,2,108,0
4,35,2,109,0
4,35,2,110,0
4,35,2,111,0
4,35,2,112,0
4,35,2,113,0
4,35,2,114,0
4,35,2,115,0
4,35,2,116,0
4,35,2,117,0
4,35,2,118,0
4,35,2,119,0
4,35,2,120,0
4,35,2,121,0
4,35,2,122,0
4,35,2,123,0
4,35,2,124,0
4,35,2,125,0
4,35,2,126,0
4,35,2,127,0
4,35,2,128,0
4,35,2,129,0
4,35,2,130,0
4,35,2,131,0
4,35,2,132,0
4,35,2,133,0
4,35,2,134,0
4,35,2,135,0
4,35,2,136,0
4,35,2,137,0
4,35,2,138,0
4,35,2,139,0
4,35,2,140,0
4,35,2,141,0
4,35,2,142,0
4,35,2,143,0
4,35,2,144,0
4,35,2,145,0
4,35,2,146,0
4,35,2,147,0
4,35,2,148,0
4,35,2,149,0
4,35,2,150,0
4,35,2,151,0
4,35,2,152,0
4,35,2,153,0
4,35,2,154,0
4,35,2,155,0
4,35,2,156,0
4,35,2,157,0
4,35,2,158,0
4,35,2,159,0
4,35,2,160,0
4,35,2,161,0
4,35,2,162,0
4,35,2,163,0
4,35,2,164,0
4,35,2,165,0
4,35,2,166,0
4,35,2,167,0
4,35,2,168,0
4,35,2,169,0
4,35,2,170,0
4,35,2,171,0
4,35,2,172,0
4,35,2,173,0
4,35,2,174,0
4,35,2,175,0
4,35,2,176,0
4,35,2,177,0
4,35,2,178,0
4,35,2,179,0
4,35,2,180,0
4,35,2,181,0
4,35,2,182,0
4,35,2,183,0
4,35,2,184,0
4,35,2,185,0
4,35,2,186,0
4,35,2,187,0
4,35,2,188,0
4,35,2,189,0
4,35,2,190,0
4,35,2,191,0
4,35,2,192,0
4,35,2,193,0
4,35,2,194,0
4,35,2,195,0
4,35,2,196,0
4,35,2,197,0
4,35,2,198,0
4,35,2,199,0
4,35,2,200,0
4,35,2,201,0
4,35,2,202,0
4,35,2,203,0
4,35,2,204,0
4,35,2,205,0
4,35,2,206,0
4,35,2,207,0
4,35,2,208,0
4,35,2,209,0
4,35,2,210,0
4,35,2,211,0
4,35,2,212,0
4,35,2,213,0
4,35,2,214,0
4,35,2,215,0
4,35,2,216,0
4,35,2,217,0
4,35,2,218,0
4,35,2,219,0
4,35,2,220,0
4,35,2,221,0
4,35,2,222,0
4,35,2,223,0
4,35,2,224,0
4,35,2,225,0
4,35,2,226,0
4,35,2,227,0
4,35,2,228,0
4,35,2,229,0
4,35,2,230,0
4,35,2,231,0
4,35,2,232,0
4,35,2,233,0
4,35,2,234,0
4,35,2,235,0
4,35,2,236,0
4,35,2,237,0
4,35,2,238,0
4,35,2,239,0
4,35,2,240,0
4,35,2,241,0
4,35,3,0,414932
4,35,3,1,32038
4,35,3,2,610
4,35,3,3,0
4,35,3,4,0
4,35,3,5,0
4,35,3,6,0
4,35,3,7,0
4,35,3,8,0
4,35,3,9,0
4,35,3,10,0
4,35,3,11,0
4,35,3,12,0
4,35,3,13,0
4,35,3,14,0
4,35,3,15,0
4,35,3,16,0
4,35,3,17,0
4,35,3,18,0
4,35,3,19,0
4,35,3,20,0
4,35,3,21,0
4,35,3,22,0
4,35,3,23,0
4,35,3,24,0
4,35,3,25,0
4,35,3,26,0
4,35,3,27,0
4,35,3,28,0
4,35,3,29,0
4,35,3,30,0
4,35,3,31,0
4,35,3,32,0
4,35,3,33,0
4,35,3,34,0
4,35,3,35,0
4,35,3,36,0
4,35,3,37,0
4,35,3,38,0
4,35,3,39,0
4,35,3,40,0
4,35,3,41,0
4,35,3,42,0
4,35,3,43,0
4,35,3,44,0
4,35,3,45,0
4,35,3,46,0
4,35,3,47,0
4,35,3,48,0
4,35,3,49,0
4,35,3,50,0
4,35,3,51,0
4,35,3,52,0
4,35,3,53,0
4,35,3,54,0
4,35,3,55,0
4,35,3,56,0
4,35,3,57,0
4,35,3,58,0
4,35,3,59,0
4,35,3,60,0
4,35,3,61,0
4,35,3,62,0
4,35,3,63,0
4,35,3,64,0
4,35,3,65,0
4,35,3,66,0
4,35,3,67,0
4,35,3,68,0
4,35,3,69,0
4,35,3,70,0
4,35,3,71,0
4,35,3,72,0
4,35,3,73,0
4,35,3,74,0
4,35,3,75,0
4,35,3,76,0
4,35,3,77,0
4,35,3,78,0
4,35,3,79,0
4,35,3,80,0
4,35,3,81,0
4,35,3,82,0
4,35,3,83,0
4,35,3,84,0
4,35,3,85,0
4,35,3,86,0
4,35,3,87,0
4,35,3,88,0
4,35,3,89,0
4,35,3,90,0
4,35,3,91,0
4,35,3,92,0
4,35,3,93,0
4,35,3,94,0
4,35,3,95,0
4,35,3,96,0
4,35,3,97,0
4,35,3,98,0
4,35,3,99,0
4,35,3,100,0
4,35,3,101,0
4,35,3,102,0
4,35,3,103,0
4,35,3,104,0
4,35,3,105,0
4,35,3,106,0
4,35,3,107,0
4,35,3,108,0
4,35,3,109,0
4,35,3,110,0
4,35,3,111,0
4,35,3,112,0
4,35,3,113,0
4,35,3,114,0
4,35,3,115,0
4,35,3,116,0
4,35,3,117,0
4,35,3,118,0
4,35,3,119,0
4,35,3,120,0
4,35,3,121,0
4,35,3,122,0
4,35,3,123,0
4,35,3,124,0
4,35,3,125,0
4,35,3,126,0
4,35,3,127,0
4,35,3,128,0
4,35,3,129,0
4,35,3,130,0
4,35,3,131,0
4,35,3,132,0
4,35,3,133,0
4,35,3,134,0
4,35,3,135,0
4,35,3,136,0
4,35,3,137,0
4,35,3,138,0
4,35,3,139,0
4,35,3,140,0
4,35,3,141,0
4,35,3,142,0
4,35,3,143,0
4,35,3,144,0
4,35,3,145,0
4,35,3,146,0
4,35,3,147,0
4,35,3,148,0
4,35,3,149,0
4,35,3,150,0
4,35,3,151,0
4,35,3,152,0
4,35,3,153,0
4,35,3,154,0
4,35,3,155,0
4,35,3,156,0
4,35,3,157,0
4,35,3,158,0
4,35,3,159,0
4,35,3,160,0
4,35,3,161,0
4,35,3,162,0
4,35,3,163,0
4,35,3,164,0
4,35,3,165,0
4,35,3,166,0
4,35,3,167,0
4,35,3,168,0
4,35,3,169,0
4,35,3,170,0
4,35,3,171,0
4,35,3,172,0
4,35,3,173,0
4,35,3,174,0
4,35,3,175,0
4,35,3,176,0
4,35,3,177,0
4,35,3,178,0
4,35,3,179,0
4,35,3,180,0
4,35,3,181,0
4,35,3,182,0
4,35,3,183,0
4,35,3,184,0
4,35,3,185,0
4,35,3,186,0
4,35,3,187,0
4,35,3,188,0
4,35,3,189,0
4,35,3,190,0
4,35,3,191,0
4,35,3,192,0
4,35,3,193,0
4,35,3,194,0
4,35,3,195,0
4,35,3,196,0
4,35,3,197,0
4,35,3,198,0
4,35,3,199,0
4,35,3,200,0
4,35,3,201,0
4,35,3,202,0
4,35,3,203,0
4,35,3,204,0
4,35,3,205,0
4,35,3,206,0
4,35,3,207,0
4,35,3,208,0
4,35,3,209,0
4,35,3,210,0
4,35,3,211,0
4,35,3,212,0
4,35,3,213,0
4,35,3,214,0
4,35,3,215,0
4,35,3,216,0
4,35,3,217,0
4,35,3,218,0
4,35,3,219,0
4,35,3,220,0
4,35,3,221,0
4,35,3,222,0
4,35,3,223,0
4,35,3,224,0
4,35,3,225,0
4,35,3,226,0
4,35,3,227,0
4,35,3,228,0
4,35,3,229,0
4,35,3,230,0
4,35,3,231,0
4,35,3,232,0
4,35,3,233,0
4,35,3,234,0
4,35,3,235,0
4,35,3,236,0
4,35,3,237,0
4,35,3,238,0
4,35,3,239,0
4,35,3,240,0
4,35,3,241,0
4,35,4,0,13161517
4,35,4,1,2059726
4,35,4,2,106771
4,35,4,3,1499
4,35,4,4,102
4,35,4,5,0
4,35,4,6,0
4,35,4,7,0
4,35,4,8,0
4,35,4,9,0
4,35,4,10,0
4,35,4,11,0
4,35,4,12,0
4,35,4,13,0
4,35,4,14,0
4,35,4,15,0
4,35,4,16,0
4,35,4,17,0
4,35,4,18,0
4,35,4,19,0
4,35,4,20,0
4,35,4,21,0
4,35,4,22,0
4,35,4,23,0
4,35,4,24,0
4,35,4,25,0
4,35,4,26,0
4,35,4,27,0
4,35,4,28,0
4,35,4,29,0
4,35,4,30,0
4,35,4,31,0
4,35,4,32,0
4,35,4,33,0
4,35,4,34,0
4,35,4,35,0
4,35,4,36,0
4,35,4,37,0
4,35,4,38,0
4,35,4,39,0
4,35,4,40,0
4,35,4,41,0
4,35,4,42,0
4,35,4,43,0
4,35,4,44,0
4,35,4,45,0
4,35,4,46,0
4,35,4,47,0
4,35,4,48,0
4,35,4,49,0
4,35,4,50,0
4,35,4,51,0
4,35,4,52,0
4,35,4,53,0
4,35,4,54,0
4,35,4,55,0
4,35,4,56,0
4,35,4,57,0
4,35,4,58,0
4,35,4,59,0
4,35,4,60,0
4,35,4,61,0
4,35,4,62,0
4,35,4,63,0
4,35,4,64,0
4,35,4,65,0
4,35,4,66,0
4,35,4,67,0
4,35,4,68,0
4,35,4,69,0
4,35,4,70,0
4,35,4,71,0
4,35,4,72,0
4,35,4,73,0
4,35,4,74,0
4,35,4,75,0
4,35,4,76,0
4,35,4,77,0
4,35,4,78,0
4,35,4,79,0
4,35,4,80,0
4,35,4,81,0
4,35,4,82,0
4,35,4,83,0
4,35,4,84,0
4,35,4,85,0
4,35,4,86,0
4,35,4,87,0
4,35,4,88,0
4,35,4,89,0
4,35,4,90,0
4,35,4,91,0
4,35,4,92,0
4,35,4,93,0
4,35,4,94,0
4,35,4,95,0
4,35,4,96,0
4,35,4,97,0
4,35,4,98,0
4,35,4,99,0
4,35,4,100,0
4,35,4,101,0
4,35,4,102,0
4,35,4,103,0
4,35,4,104,0
4,35,4,105,0
4,35,4,106,0
4,35,4,107,0
4,35,4,108,0
4,35,4,109,0
4,35,4,110,0
4,35,4,111,0
4,35,4,112,0
4,35,4,113,0
4,35,4,114,0
4,35,4,115,0
4,35,4,116,0
4,35,4,117,0
4,35,4,118,0
4,35,4,119,0
4,35,4,120,0
4,35,4,121,0
4,35,4,122,0
4,35,4,123,0
4,35,4,124,0
4,35,4,125,0
4,35,4,126,0
4,35,4,127,0
4,35,4,128,0
4,35,4,129,0
4,35,4,130,0
4,35,4,131,0
4,35,4,132,0
4,35,4,133,0
4,35,4,134,0
4,35,4,135,0
4,35,4,136,0
4,35,4,137,0
4,35,4,138,0
4,35,4,139,0
4,35,4,140,0
4,35,4,141,0
4,35,4,142,0
4,35,4,143,0
4,35,4,144,0
4,35,4,145,0
4,35,4,146,0
4,35,4,147,0
4,35,4,148,0
4,35,4,149,0
4,35,4,150,0
4,35,4,151,0
4,35,4,152,0
4,35,4,153,0
4,35,4,154,0
4,35,4,155,0
4,35,4,156,0
4,35,4,157,0
4,35,4,158,0
4,35,4,159,0
4,35,4,160,0
4,35,4,161,0
4,35,4,162,0
4,35,4,163,0
4,35,4,164,0
4,35,4,165,0
4,35,4,166,0
4,35,4,167,0
4,35,4,168,0
4,35,4,169,0
4,35,4,170,0
4,35,4,171,0
4,35,4,172,0
4,35,4,173,0
4,35,4,174,0
4,35,4,175,0
4,35,4,176,0
4,35,4,177,0
4,35,4,178,0
4,35,4,179,0
4,35,4,180,0
4,35,4,181,0
4,35,4,182,0
4,35,4,183,0
4,35,4,184,0
4,35,4,185,0
4,35,4,186,0
4,35,4,187,0
4,35,4,188,0
4,35,4,189,0
4,35,4,190,0
4,35,4,191,0
4,35,4,192,0
4,35,4,193,0
4,35,4,194,0
4,35,4,195,0
4,35,4,196,0
4,35,4,197,0
4,35,4,198,0
4,35,4,199,0
4,35,4,200,0
4,35,4,201,0
4,35,4,202,0
4,35,4,203,0
4,35,4,204,0
4,35,4,205,0
4,35,4,206,0
4,35,4,207,0
4,35,4,208,0
4,35,4,209,0
4,35,4,210,0
4,35,4,211,0
4,35,4,212,0
4,35,4,213,0
4,35,4,214,0
4,35,4,215,0
4,35,4,216,0
4,35,4,217,0
4,35,4,218,0
4,35,4,219,0
4,35,4,220,0
4,35,4,221,0
4,35,4,222,0
4,35,4,223,0
4,35,4,224,0
4,35,4,225,0
4,35,4,226,0
4,35,4,227,0
4,35,4,228,0
4,35,4,229,0
4,35,4,230,0
4,35,4,231,0
4,35,4,232,0
4,35,4,233,0
4,35,4,234,0
4,35,4,235,0
4,35,4,236,0
4,35,4,237,0
4,35,4,238,0
4,35,4,239,0
4,35,4,240,0
4,35,4,241,0
4,35,5,0,322839822
4,35,5,1,85336810
4,35,5,2,8444530
4,35,5,3,326826
4,35,5,4,16872
4,35,5,5,668
4,35,5,6,0
4,35,5,7,0
4,35,5,8,0
4,35,5,9,0
4,35,5,10,0
4,35,5,11,0
4,35,5,12,0
4,35,5,13,0
4,35,5,14,0
4,35,5,15,0
4,35,5,16,0
4,35,5,17,0
4,35,5,18,0
4,35,5,19,0
4,35,5,20,0
4,35,5,21,0
4,35,5,22,0
4,35,5,23,0
4,35,5,24,0
4,35,5,25,0
4,35,5,26,0
4,35,5,27,0
4,35,5,28,0
4,35,5,29,0
4,35,5,30,0
4,35,5,31,0
4,35,5,32,0
4,35,5,33,0
4,35,5,34,0
4,35,5,35,0
4,35,5,36,0
4,35,5,37,0
4,35,5,38,0
4,35,5,39,0
4,35,5,40,0
4,35,5,41,0
4,35,5,42,0
4,35,5,43,0
4,35,5,44,0
4,35,5,45,0
4,35,5,46,0
4,35,5,47,0
4,35,5,48,0
4,35,5,49,0
4,35,5,50,0
4,35,5,51,0
4,35,5,52,0
4,35,5,53,0
4,35,5,54,0
4,35,5,55,0
4,35,5,56,0
4,35,5,57,0
4,35,5,58,0
4,35,5,59,0
4,35,5,60,0
4,35,5,61,0
4,35,5,62,0
4,35,5,63,0
4,35,5,64,0
4,35,5,65,0
4,35,5,66,0
4,35,5,67,0
4,35,5,68,0
4,35,5,69,0
4,35,5,70,0
4,35,5,71,0
4,35,5,72,0
4,35,5,73,0
4,35,5,74,0
4,35,5,75,0
4,35,5,76,0
4,35,5,77,0
4,35,5,78,0
4,35,5,79,0
4,35,5,80,0
4,35,5,81,0
4,35,5,82,0
4,35,5,83,0
4,35,5,84,0
4,35,5,85,0
4,35,5,86,0
4,35,5,87,0
4,35,5,88,0
4,35,5,89,0
4,35,5,90,0
4,35,5,91,0
4,35,5,92,0
4,35,5,93,0
4,35,5,94,0
4,35,5,95,0
4,35,5,96,0
4,35,5,97,0
4,35,5,98,0
4,35,5,99,0
4,35,5,100,0
4,35,5,101,0
4,35,5,102,0
4,35,5,103,0
4,35,5,104,0
4,35,5,105,0
4,35,5,106,0
4,35,5,107,0
4,35,5,108,0
4,35,5,109,0
4,35,5,110,0
4,35,5,111,0
4,35,5,112,0
4,35,5,113,0
4,35,5,114,0
4,35,5,115,0
4,35,5,116,0
4,35,5,117,0
4,35,5,118,0
4,35,5,119,0
4,35,5,120,0
4,35,5,121,0
4,35,5,122,0
4,35,5,123,0
4,35,5,124,0
4,35,5,125,0
4,35,5,126,0
4,35,5,127,0
4,35,5,128,0
4,35,5,129,0
4,35,5,130,0
4,35,5,131,0
4,35,5,132,0
4,35,5,133,0
4,35,5,134,0
4,35,5,135,0
4,35,5,136,0
4,35,5,137,0
4,35,5,138,0
4,35,5,139,0
4,35,5,140,0
4,35,5,141,0
4,35,5,142,0
4,35,5,143,0
4,35,5,144,0
4,35,5,145,0
4,35,5,146,0
4,35,5,147,0
4,35,5,148,0
4,35,5,149,0
4,35,5,150,0
4,35,5,151,0
4,35,5,152,0
4,35,5,153,0
4,35,5,154,0
4,35,5,155,0
4,35,5,156,0
4,35,5,157,0
4,35,5,158,0
4,35,5,159,0
4,35,5,160,0
4,35,5,161,0
4,35,5,162,0
4,35,5,163,0
4,35,5,164,0
4,35,5,165,0
4,35,5,166,0
4,35,5,167,0
4,35,5,168,0
4,35,5,169,0
4,35,5,170,0
4,35,5,171,0
4,35,5,172,0
4,35,5,173,0
4,35,5,174,0
4,35,5,175,0
4,35,5,176,0
4,35,5,177,0
4,35,5,178,0
4,35,5,179,0
4,35,5,180,0
4,35,5,181,0
4,35,5,182,0
4,35,5,183,0
4,35,5,184,0
4,35,5,185,0
4,35,5,186,0
4,35,5,187,0
4,35,5,188,0
4,35,5,189,0
4,35,5,190,0
4,35,5,191,0
4,35,5,192,0
4,35,5,193,0
4,35,5,194,0
4,35,5,195,0
4,35,5,196,0
4,35,5,197,0
4,35,5,198,0
4,35,5,199,0
4,35,5,200,0
4,35,5,201,0
4,35,5,202,0
4,35,5,203,0
4,35,5,204,0
4,35,5,205,0
4,35,5,206,0
4,35,5,207,0
4,35,5,208,0
4,35,5,209,0
4,35,5,210,0
4,35,5,211,0
4,35,5,212,0
4,35,5,213,0
4,35,5,214,0
4,35,5,215,0
4,35,5,216,0
4,35,5,217,0
4,35,5,218,0
4,35,5,219,0
4,35,5,220,0
4,35,5,221,0
4,35,5,222,0
4,35,5,223,0
4,35,5,224,0
4,35,5,225,0
4,35,5,226,0
4,35,5,227,0
4,35,5,228,0
4,35,5,229,0
4,35,5,230,0
4,35,5,231,0
4,35,5,232,0
4,35,5,233,0
4,35,5,234,0
4,35,5,235,0
4,35,5,236,0
4,35,5,237,0
4,35,5,238,0
4,35,5,239,0
4,35,5,240,0
4,35,5,241,0
4,35,6,0,6375215962
4,35,6,1,2561779941
4,35,6,2,412381227
4,35,6,3,30448968
4,35,6,4,1778977
4,35,6,5,116514
4,35,6,6,2624
4,35,6,7,167
4,35,6,8,0
4,35,6,9,0
4,35,6,10,0
4,35,6,11,0
4,35,6,12,0
4,35,6,13,0
4,35,6,14,0
4,35,6,15,0
4,35,6,16,0
4,35,6,17,0
4,35,6,18,0
4,35,6,19,0
4,35,6,20,0
4,35,6,21,0
4,35,6,22,0
4,35,6,23,0
4,35,6,24,0
4,35,6,25,0
4,35,6,26,0
4,35,6,27,0
4,35,6,28,0
4,35,6,29,0
4,35,6,30,0
4,35,6,31,0
4,35,6,32,0
4,35,6,33,0
4,35,6,34,0
4,35,6,35,0
4,35,6,36,0
4,35,6,37,0
4,35,6,38,0
4,35,6,39,0
4,35,6,40,0
4,35,6,41,0
4,35,6,42,0
4,35,6,43,0
4,35,6,44,0
4,35,6,45,0
4,35,6,46,0
4,35,6,47,0
4,35,6,48,0
4,35,6,49,0
4,35,6,50,0
4,35,6,51,0
4,35,6,52,0
4,35,6,53,0
4,35,6,54,0
4,35,6,55,0
4,35,6,56,0
4,35,6,57,0
4,35,6,58,0
4,35,6,59,0
4,35,6,60,0
4,35,6,61,0
4,35,6,62,0
4,35,6,63,0
4,35,6,64,0
4,35,6,65,0
4,35,6,66,0
4,35,6,67,0
4,35,6,68,0
4,35,6,69,0
4,35,6,70,0
4,35,6,71,0
4,35,6,72,0
4,35,6,73,0
4,35,6,74,0
4,35,6,75,0
4,35,6,76,0
4,35,6,77,0
4,35,6,78,0
4,35,6,79,0
4,35,6,80,0
4,35,6,81,0
4,35,6,82,0
4,35,6,83,0
4,35,6,84,0
4,35,6,85,0
4,35,6,86,0
4,35,6,87,0
4,35,6,88,0
4,35,6,89,0
4,35,6,90,0
4,35,6,91,0
4,35,6,92,0
4,35,6,93,0
4,35,6,94,0
4,35,6,95,0
4,35,6,96,0
4,35,6,97,0
4,35,6,98,0
4,35,6,99,0
4,35,6,100,0
4,35,6,101,0
4,35,6,102,0
4,35,6,103,0
4,35,6,104,0
4,35,6,105,0
4,35,6,106,0
4,35,6,107,0
4,35,6,108,0
4,35,6,109,0
4,35,6,110,0
4,35,6,111,0
4,35,6,112,0
4,35,6,113,0
4,35,6,114,0
4,35,6,115,0
4,35,6,116,0
4,35,6,117,0
4,35,6,118,0
4,35,6,119,0
4,35,6,120,0
4,35,6,121,0
4,35,6,122,0
4,35,6,123,0
4,35,6,124,0
4,35,6,125,0
4,35,6,126,0
4,35,6,127,0
4,35,6,128,0
4,35,6,129,0
4,35,6,130,0
4,35,6,131,0
4,35,6,132,0
4,35,6,133,0
4,35,6,134,0
4,35,6,135,0
4,35,6,136,0
4,35,6,137,0
4,35,6,138,0
4,35,6,139,0
4,35,6,140,0
4,35,6,141,0
4,35,6,142,0
4,35,6,143,0
4,35,6,144,0
4,35,6,145,0
4,35,6,146,0
4,35,6,147,0
4,35,6,148,0
4,35,6,149,0
4,35,6,150,0
4,35,6,151,0
4,35,6,152,0
4,35,6,153,0
4,35,6,154,0
4,35,6,155,0
4,35,6,156,0
4,35,6,157,0
4,35,6,158,0
4,35,6,159,0
4,35,6,160,0
4,35,6,161,0
4,35,6,162,0
4,35,6,163,0
4,35,6,164,0
4,35,6,165,0
4,35,6,166,0
4,35,6,167,0
4,35,6,168,0
4,35,6,169,0
4,35,6,170,0
4,35,6,171,0
4,35,6,172,0
4,35,6,173,0
4,35,6,174,0
4,35,6,175,0
4,35,6,176,0
4,35,6,177,0
4,35,6,178,0
4,35,6,179,0
4,35,6,180,0
4,35,6,181,0
4,35,6,182,0
4,35,6,183,0
4,35,6,184,0
4,35,6,185,0
4,35,6,186,0
4,35,6,187,0
4,35,6,188,0
4,35,6,189,0
4,35,6,190,0
4,35,6,191,0
4,35,6,192,0
4,35,6,193,0
4,35,6,194,0
4,35,6,195,0
4,35,6,196,0
4,35,6,197,0
4,35,6,198,0
4,35,6,199,0
4,35,6,200,0
4,35,6,201,0
4,35,6,202,0
4,35,6,203,0
4,35,6,204,0
4,35,6,205,0
4,35,6,206,0
4,35,6,207,0
4,35,6,208,0
4,35,6,209,0
4,35,6,210,0
4,35,6,211,0
4,35,6,212,0
4,35,6,213,0
4,35,6,214,0
4,35,6,215,0
4,35,6,216,0
4,35,6,217,0
4,35,6,218,0
4,35,6,219,0
4,35,6,220,0
4,35,6,221,0
4,35,6,222,0
4,35,6,223,0
4,35,6,224,0
4,35,6,225,0
4,35,6,226,0
4,35,6,227,0
4,35,6,228,0
4,35,6,229,0
4,35,6,230,0
4,35,6,231,0
4,35,6,232,0
4,35,6,233,0
4,35,6,234,0
4,35,6,235,0
4,35,6,236,0
4,35,6,237,0
4,35,6,238,0
4,35,6,239,0
4,35,6,240,0
4,35,6,241,0
4,35,7,0,104184814670
4,35,7,1,59400757762
4,35,7,2,14166752310
4,35,7,3,1694668390
4,35,7,4,134757570
4,35,7,5,10677614
4,35,7,6,550362
4,35,7,7,29438
4,35,7,8,1444
4,35,7,9,0
4,35,7,10,0
4,35,7,11,0
4,35,7,12,0
4,35,7,13,0
4,35,7,14,0
4,35,7,15,0
4,35,7,16,0
4,35,7,17,0
4,35,7,18,0
4,35,7,19,0
4,35,7,20,0
4,35,7,21,0
4,35,7,22,0
4,35,7,23,0
4,35,7,24,0
4,35,7,25,0
4,35,7,26,0
4,35,7,27,0
4,35,7,28,0
4,35,7,29,0
4,35,7,30,0
4,35,7,31,0
4,35,7,32,0
4,35,7,33,0
4,35,7,34,0
4,35,7,35,0
4,35,7,36,0
4,35,7,37,0
4,35,7,38,0
4,35,7,39,0
4,35,7,40,0
4,35,7,41,0
4,35,7,42,0
4,35,7,43,0
4,35,7,44,0
4,35,7,45,0
4,35,7,46,0
4,35,7,47,0
4,35,7,48,0
4,35,7,49,0
4,35,7,50,0
4,35,7,51,0
4,35,7,52,0
4,35,7,53,0
4,35,7,54,0
4,35,7,55,0
4,35,7,56,0
4,35,7,57,0
4,35,7,58,0
4,35,7,59,0
4,35,7,60,0
4,35,7,61,0
4,35,7,62,0
4,35,7,63,0
4,35,7,64,0
4,35,7,65,0
4,35,7,66,0
4,35,7,67,0
4,35,7,68,0
4,35,7,69,0
4,35,7,70,0
4,35,7,71,0
4,35,7,72,0
4,35,7,73,0
4,35,7,74,0
4,35,7,75,0
4,35,7,76,0
4,35,7,77,0
4,35,7,78,0
4,35,7,79,0
4,35,7,80,0
4,35,7,81,0
4,35,7,82,0
4,35,7,83,0
4,35,7,84,0
4,35,7,85,0
4,35,7,86,0
4,35,7,87,0
4,35,7,88,0
4,35,7,89,0
4,35,7,90,0
4,35,7,91,0
4,35,7,92,0
4,35,7,93,0
4,35,7,94,0
4,35,7,95,0
4,35,7,96,0
4,35,7,97,0
4,35,7,98,0
4,35,7,99,0
4,35,7,100,0
4,35,7,101,0
4,35,7,102,0
4,35,7,103,0
4,35,7,104,0
4,35,7,105,0
4,35,7,106,0
4,35,7,107,0
4,35,7,108,0
4,35,7,109,0
4,35,7,110,0
4,35,7,111,0
4,35,7,112,0
4,35,7,113,0
4,35,7,114,0
4,35,7,115,0
4,35,7,116,0
4,35,7,117,0
4,35,7,118,0
4,35,7,119,0
4,35,7,120,0
4,35,7,121,0
4,35,7,122,0
4,35,7,123,0
4,35,7,124,0
4,35,7,125,0
4,35,7,126,0
4,35,7,127,0
4,35,7,128,0
4,35,7,129,0
4,35,7,130,0
4,35,7,131,0
4,35,7,132,0
4,35,7,133,0
4,35,7,134,0
4,35,7,135,0
4,35,7,136,0
4,35,7,137,0
4,35,7,138,0
4,35,7,139,0
4,35,7,140,0
4,35,7,141,0
4,35,7,142,0
4,35,7,143,0
4,35,7,144,0
4,35,7,145,0
4,35,7,146,0
4,35,7,147,0
4,35,7,148,0
4,35,7,149,0
4,35,7,150,0
4,35,7,151,0
4,35,7,152,0
4,35,7,153,0
4,35,7,154,0
4,35,7,155,0
4,35,7,156,0
4,35,7,157,0
4,35,7,158,0
4,35,7,159,0
4,35,7,160,0
4,35,7,161,0
4,35,7,162,0
4,35,7,163,0
4,35,7,164,0
4,35,7,165,0
4,35,7,166,0
4,35,7,167,0
4,35,7,168,0
4,35,7,169,0
4,35,7,170,0
4,35,7,171,0
4,35,7,172,0
4,35,7,173,0
4,35,7,174,0
4,35,7,175,0
4,35,7,176,0
4,35,7,177,0
4,35,7,178,0
4,35,7,179,0
4,35,7,180,0
4,35,7,181,0
4,35,7,182,0
4,35,7,183,0
4,35,7,184,0
4,35,7,185,0
4,35,7,186,0
4,35,7,187,0
4,35,7,188,0
4,35,7,189,0
4,35,7,190,0
4,35,7,191,0
4,35,7,192,0
4,35,7,193,0
4,35,7,194,0
4,35,7,195,0
4,35,7,196,0
4,35,7,197,0
4,35,7,198,0
4,35,7,199,0
4,35,7,200,0
4,35,7,201,0
4,35,7,202,0
4,35,7,203,0
4,35,7,204,0
4,35,7,205,0
4,35,7,206,0
4,35,7,207,0
4,35,7,208,0
4,35,7,209,0
4,35,7,210,0
4,35,7,211,0
4,35,7,212,0
4,35,7,213,0
4,35,7,214,0
4,35,7,215,0
4,35,7,216,0
4,35,7,217,0
4,35,7,218,0
4,35,7,219,0
4,35,7,220,0
4,35,7,221,0
4,35,7,222,0
4,35,7,223,0
4,35,7,224,0
4,35,7,225,0
4,35,7,226,0
4,35,7,227,0
4,35,7,228,0
4,35,7,229,0
4,35,7,230,0
4,35,7,231,0
4,35,7,232,0
4,35,7,233,0
4,35,7,234,0
4,35,7,235,0
4,35,7,236,0
4,35,7,237,0
4,35,7,238,0
4,35,7,239,0
4,35,7,240,0
4,35,7,241,0
4,35,8,0,1437493764986
4,35,8,1,1107510117386
4,35,8,2,367840071130
4,35,8,3,64877168902
4,35,8,4,7264750500
4,35,8,5,690599000
4,35,8,6,53647155
4,35,8,7,3413109
4,35,8,8,244836
4,35,8,9,6537
4,35,8,10,394
4,35,8,11,0
4,35,8,12,0
4,35,8,13,0
4,35,8,14,0
4,35,8,15,0
4,35,8,16,0
4,35,8,17,0
4,35,8,18,0
4,35,8,19,0
4,35,8,20,0
4,35,8,21,0
4,35,8,22,0
4,35,8,23,0
4,35,8,24,0
4,35,8,25,0
4,35,8,26,0
4,35,8,27,0
4,35,8,28,0
4,35,8,29,0
4,35,8,30,0
4,35,8,31,0
4,35,8,32,0
4,35,8,33,0
4,35,8,34,0
4,35,8,35,0
4,35,8,36,0
4,35,8,37,0
4,35,8,38,0
4,35,8,39,0
4,35,8,40,0
4,35,8,41,0
4,35,8,42,0
4,35,8,43,0
4,35,8,44,0
4,35,8,45,0
4,35,8,46,0
4,35,8,47,0
4,35,8,48,0
4,35,8,49,0
4,35,8,50,0
4,35,8,51,0
4,35,8,52,0
4,35,8,53,0
4,35,8,54,0
4,35,8,55,0
4,35,8,56,0
4,35,8,57,0
4,35,8,58,0
4,35,8,59,0
4,35,8,60,0
4,35,8,61,0
4,35,8,62,0
4,35,8,63,0
4,35,8,64,0
4,35,8,65,0
4,35,8,66,0
4,35,8,67,0
4,35,8,68,0
4,35,8,69,0
4,35,8,70,0
4,35,8,71,0
4,35,8,72,0
4,35,8,73,0
4,35,8,74,0
4,35,8,75,0
4,35,8,76,0
4,35,8,77,0
4,35,8,78,0
4,35,8,79,0
4,35,8,80,0
4,35,8,81,0
4,35,8,82,0
4,35,8,83,0
4,35,8,84,0
4,35,8,85,0
4,35,8,86,0
4,35,8,87,0
4,35,8,88,0
4,35,8,89,0
4,35,8,90,0
4,35,8,91,0
4,35,8,92,0
4,35,8,93,0
4,35,8,94,0
4,35,8,95,0
4,35,8,96,0
4,35,8,97,0
4,35,8,98,0
4,35,8,99,0
4,35,8,100,0
4,35,8,101,0
4,35,8,102,0
4,35,8,103,0
4,35,8,104,0
4,35,8,105,0
4,35,8,106,0
4,35,8,107,0
4,35,8,108,0
4,35,8,109,0
4,35,8,110,0
4,35,8,111,0
4,35,8,112,0
4,35,8,113,0
4,35,8,114,0
4,35,8,115,0
4,35,8,116,0
4,35,8,117,0
4,35,8,118,0
4,35,8,119,0
4,35,8,120,0
4,35,8,121,0
4,35,8,122,0
4,35,8,123,0
4,35,8,124,0
4,35,8,125,0
4,35,8,126,0
4,35,8,127,0
4,35,8,128,0
4,35,8,129,0
4,35,8,130,0
4,35,8,131,0
4,35,8,132,0
4,35,8,133,0
4,35,8,134,0
4,35,8,135,0
4,35,8,136,0
4,35,8,137,0
4,35,8,138,0
4,35,8,139,0
4,35,8,140,0
4,35,8,141,0
4,35,8,142,0
4,35,8,143,0
4,35,8,144,0
4,35,8,145,0
4,35,8,146,0
4,35,8,147,0
4,35,8,148,0
4,35,8,149,0
4,35,8,150,0
4,35,8,151,0
4,35,8,152,0
4,35,8,153,0
4,35,8,154,0
4,35,8,155,0
4,35,8,156,0
4,35,8,157,0
4,35,8,158,0
4,35,8,159,0
4,35,8,160,0
4,35,8,161,0
4,35,8,162,0
4,35,8,163,0
4,35,8,164,0
4,35,8,165,0
4,35,8,166,0
4,35,8,167,0
4,35,8,168,0
4,35,8,169,0
4,35,8,170,0
4,35,8,171,0
4,35,8,172,0
4,35,8,173,0
4,35,8,174,0
4,35,8,175,0
4,35,8,176,0
4,35,8,177,0
4,35,8,178,0
4,35,8,179,0
4,35,8,180,0
4,35,8,181,0
4,35,8,182,0
4,35,8,183,0
4,35,8,184,0
4,35,8,185,0
4,35,8,186,0
4,35,8,187,0
4,35,8,188,0
4,35,8,189,0
4,35,8,190,0
4,35,8,191,0
4,35,8,192,0
4,35,8,193,0
4,35,8,194,0
4,35,8,195,0
4,35,8,196,0
4,35,8,197,0
4,35,8,198,0
4,35,8,199,0
4,35,8,200,0
4,35,8,201,0
4,35,8,202,0
4,35,8,203,0
4,35,8,204,0
4,35,8,205,0
4,35,8,206,0
4,35,8,207,0
4,35,8,208,0
4,35,8,209,0
4,35,8,210,0
4,35,8,211,0
4,35,8,212,0
4,35,8,213,0
4,35,8,214,0
4,35,8,215,0
4,35,8,216,0
4,35,8,217,0
4,35,8,218,0
4,35,8,219,0
4,35,8,220,0
4,35,8,221,0
4,35,8,222,0
4,35,8,223,0
4,35,8,224,0
4,35,8,225,0
4,35,8,226,0
4,35,8,227,0
4,35,8,228,0
4,35,8,229,0
4,35,8,230,0
4,35,8,231,0
4,35,8,232,0
4,35,8,233,0
4,35,8,234,0
4,35,8,235,0
4,35,8,236,0
4,35,8,237,0
4,35,8,238,0
4,35,8,239,0
4,35,8,240,0
4,35,8,241,0
4,35,9,0,17000797176912
4,35,9,1,17067500276140
4,35,9,2,7552757134068
4,35,9,3,1846395186590
4,35,9,4,285669932916
4,35,9,5,33927763936
4,35,9,6,3409431650
4,35,9,7,280840888
4,35,9,8,23022444
4,35,9,9,1323770
4,35,9,10,71524
4,35,9,11,3476
4,35,9,12,66
4,35,9,13,0
4,35,9,14,0
4,35,9,15,0
4,35,9,16,0
4,35,9,17,0
4,35,9,18,0
4,35,9,19,0
4,35,9,20,0
4,35,9,21,0
4,35,9,22,0
4,35,9,23,0
4,35,9,24,0
4,35,9,25,0
4,35,9,26,0
4,35,9,27,0
4,35,9,28,0
4,35,9,29,0
4,35,9,30,0
4,35,9,31,0
4,35,9,32,0
4,35,9,33,0
4,35,9,34,0
4,35,9,35,0
4,35,9,36,0
4,35,9,37,0
4,35,9,38,0
4,35,9,39,0
4,35,9,40,0
4,35,9,41,0
4,35,9,42,0
4,35,9,43,0
4,35,9,44,0
4,35,9,45,0
4,35,9,46,0
4,35,9,47,0
4,35,9,48,0
4,35,9,49,0
4,35,9,50,0
4,35,9,51,0
4,35,9,52,0
4,35,9,53,0
4,35,9,54,0
4,35,9,55,0
4,35,9,56,0
4,35,9,57,0
4,35,9,58,0
4,35,9,59,0
4,35,9,60,0
4,35,9,61,0
4,35,9,62,0
4,35,9,63,0
4,35,9,64,0
4,35,9,65,0
4,35,9,66,0
4,35,9,67,0
4,35,9,68,0
4,35,9,69,0
4,35,9,70,0
4,35,9,71,0
4,35,9,72,0
4,35,9,73,0
4,35,9,74,0
4,35,9,75,0
4,35,9,76,0
4,35,9,77,0
4,35,9,78,0
4,35,9,79,0
4,35,9,80,0
4,35,9,81,0
4,35,9,82,0
4,35,9,83,0
4,35,9,84,0
4,35,9,85,0
4,35,9,86,0
4,35,9,87,0
4,35,9,88,0
4,35,9,89,0
4,35,9,90,0
4,35,9,91,0
4,35,9,92,0
4,35,9,93,0
4,35,9,94,0
4,35,9,95,0
4,35,9,96,0
4,35,9,97,0
4,35,9,98,0
4,35,9,99,0
4,35,9,100,0
4,35,9,101,0
4,35,9,102,0
4,35,9,103,0
4,35,9,104,0
4,35,9,105,0
4,35,9,106,0
4,35,9,107,0
4,35,9,108,0
4,35,9,109,0
4,35,9,110,0
4,35,9,111,0
4,35,9,112,0
4,35,9,113,0
4,35,9,114,0
4,35,9,115,0
4,35,9,116,0
4,35,9,117,0
4,35,9,118,0
4,35,9,119,0
4,35,9,120,0
4,35,9,121,0
4,35,9,122,0
4,35,9,123,0
4,35,9,124,0
4,35,9,125,0
4,35,9,126,0
4,35,9,127,0
4,35,9,128,0
4,35,9,129,0
4,35,9,130,0
4,35,9,131,0
4,35,9,132,0
4,35,9,133,0
4,35,9,134,0
4,35,9,135,0
4,35,9,136,0
4,35,9,137,0
4,35,9,138,0
4,35,9,139,0
4,35,9,140,0
4,35,9,141,0
4,35,9,142,0
4,35,9,143,0
4,35,9,144,0
4,35,9,145,0
4,35,9,146,0
4,35,9,147,0
4,35,9,148,0
4,35,9,149,0
4,35,9,150,0
4,35,9,151,0
4,35,9,152,0
4,35,9,153,0
4,35,9,154,0
4,35,9,155,0
4,35,9,156,0
4,35,9,157,0
4,35,9,158,0
4,35,9,159,0
4,35,9,160,0
4,35,9,161,0
4,35,9,162,0
4,35,9,163,0
4,35,9,164,0
4,35,9,165,0
4,35,9,166,0
4,35,9,167,0
4,35,9,168,0
4,35,9,169,0
4,35,9,170,0
4,35,9,171,0
4,35,9,172,0
4,35,9,173,0
4,35,9,174,0
4,35,9,175,0
4,35,9,176,0
4,35,9,177,0
4,35,9,178,0
4,35,9,179,0
4,35,9,180,0
4,35,9,181,0
4,35,9,182,0
4,35,9,183,0
4,35,9,184,0
4,35,9,185,0
4,35,9,186,0
4,35,9,187,0
4,35,9,188,0
4,35,9,189,0
4,35,9,190,0
4,35,9,191,0
4,35,9,192,0
4,35,9,193,0
4,35,9,194,0
4,35,9,195,0
4,35,9,196,0
4,35,9,197,0
4,35,9,198,0
4,35,9,199,0
4,35,9,200,0
4,35,9,201,0
4,35,9,202,0
4,35,9,203,0
4,35,9,204,0
4,35,9,205,0
4,35,9,206,0
4,35,9,207,0
4,35,9,208,0
4,35,9,209,0
4,35,9,210,0
4,35,9,211,0
4,35,9,212,0
4,35,9,213,0
4,35,9,214,0
4,35,9,215,0
4,35,9,216,0
4,35,9,217,0
4,35,9,218,0
4,35,9,219,0
4,35,9,220,0
4,35,9,221,0
4,35,9,222,0
4,35,9,223,0
4,35,9,224,0
4,35,9,225,0
4,35,9,226,0
4,35,9,227,0
4,35,9,228,0
4,35,9,229,0
4,35,9,230,0
4,35,9,231,0
4,35,9,232,0
4,35,9,233,0
4,35,9,234,0
4,35,9,235,0
4,35,9,236,0
4,35,9,237,0
4,35,9,238,0
4,35,9,239,0
4,35,9,240,0
4,35,9,241,0
4,35,10,0,174387208207531
4,35,10,1,221786147678972
4,35,10,2,126488075468712
4,35,10,3,41022566588642
4,35,10,4,8507232340846
4,35,10,5,1288890048969
4,35,10,6,160412095360
4,35,10,7,16729662796
4,35,10,8,1584001183
4,35,10,9,129052246
4,35,10,10,8587959
4,35,10,11,594629
4,35,10,12,24082
4,35,10,13,1451
4,35,10,14,0
4,35,10,15,0
4,35,10,16,0
4,35,10,17,0
4,35,10,18,0
4,35,10,19,0
4,35,10,20,0
4,35,10,21,0
4,35,10,22,0
4,35,10,23,0
4,35,10,24,0
4,35,10,25,0
4,35,10,26,0
4,35,10,27,0
4,35,10,28,0
4,35,10,29,0
4,35,10,30,0
4,35,10,31,0
4,35,10,32,0
4,35,10,33,0
4,35,10,34,0
4,35,10,35,0
4,35,10,36,0
4,35,10,37,0
4,35,10,38,0
4,35,10,39,0
4,35,10,40,0
4,35,10,41,0
4,35,10,42,0
4,35,10,43,0
4,35,10,44,0
4,35,10,45,0
4,35,10,46,0
4,35,10,47,0
4,35,10,48,0
4,35,10,49,0
4,35,10,50,0
4,35,10,51,0
4,35,10,52,0
4,35,10,53,0
4,35,10,54,0
4,35,10,55,0
4,35,10,56,0
4,35,10,57,0
4,35,10,58,0
4,35,10,59,0
4,35,10,60,0
4,35,10,61,0
4,35,10,62,0
4,35,10,63,0
4,35,10,64,0
4,35,10,65,0
4,35,10,66,0
4,35,10,67,0
4,35,10,68,0
4,35,10,69,0
4,35,10,70,0
4,35,10,71,0
4,35,10,72,0
4,35,10,73,0
4,35,10,74,0
4,35,10,75,0
4,35,10,76,0
4,35,10,77,0
4,35,10,78,0
4,35,10,79,0
4,35,10,80,0
4,35,10,81,0
4,35,10,82,0
4,35,10,83,0
4,35,10,84,0
4,35,10,85,0
4,35,10,86,0
4,35,10,87,0
4,35,10,88,0
4,35,10,89,0
4,35,10,90,0
4,35,10,91,0
4,35,10,92,0
4,35,10,93,0
4,35,10,94,0
4,35,10,95,0
4,35,10,96,0
4,35,10,97,0
4,35,10,98,0
4,35,10,99,0
4,35,10,100,0
4,35,10,101,0
4,35,10,102,0
4,35,10,103,0
4,35,10,104,0
4,35,10,105,0
4,35,10,106,0
4,35,10,107,0
4,35,10,108,0
4,35,10,109,0
4,35,10,110,0
4,35,10,111,0
4,35,10,112,0
4,35,10,113,0
4,35,10,114,0
4,35,10,115,0
4,35,10,116,0
4,35,10,117,0
4,35,10,118,0
4,35,10,119,0
4,35,10,120,0
4,35,10,121,0
4,35,10,122,0
4,35,10,123,0
4,35,10,124,0
4,35,10,125,0
4,35,10,126,0
4,35,10,127,0
4,35,10,128,0
4,35,10,129,0
4,35,10,130,0
4,35,10,131,0
4,35,10,132,0
4,35,10,133,0
4,35,10,134,0
4,35,10,135,0
4,35,10,136,0
4,35,10,137,0
4,35,10,138,0
4,35,10,139,0
4,35,10,140,0
4,35,10,141,0
4,35,10,142,0
4,35,10,143,0
4,35,10,144,0
4,35,10,145,0
4,35,10,146,0
4,35,10,147,0
4,35,10,148,0
4,35,10,149,0
4,35,10,150,0
4,35,10,151,0
4,35,10,152,0
4,35,10,153,0
4,35,10,154,0
4,35,10,155,0
4,35,10,156,0
4,35,10,157,0
4,35,10,158,0
4,35,10,159,0
4,35,10,160,0
4,35,10,161,0
4,35,10,162,0
4,35,10,163,0
4,35,10,164,0
4,35,10,165,0
4,35,10,166,0
4,35,10,167,0
4,35,10,168,0
4,35,10,169,0
4,35,10,170,0
4,35,10,171,0
4,35,10,172,0
4,35,10,173,0
4,35,10,174,0
4,35,10,175,0
4,35,10,176,0
4,35,10,177,0
4,35,10,178,0
4,35,10,179,0
4,35,10,180,0
4,35,10,181,0
4,35,10,182,0
4,35,10,183,0
4,35,10,184,0
4,35,10,185,0
4,35,10,186,0
4,35,10,187,0
4,35,10,188,0
4,35,10,189,0
4,35,10,190,0
4,35,10,191,0
4,35,10,192,0
4,35,10,193,0
4,35,10,194,0
4,35,10,195,0
4,35,10,196,0
4,35,10,197,0
4,35,10,198,0
4,35,10,199,0
4,35,10,200,0
4,35,10,201,0
4,35,10,202,0
4,35,10,203,0
4,35,10,204,0
4,35,10,205,0
4,35,10,206,0
4,35,10,207,0
4,35,10,208,0
4,35,10,209,0
4,35,10,210,0
4,35,10,211,0
4,35,10,212,0
4,35,10,213,0
4,35,10,214,0
4,35,10,215,0
4,35,10,216,0
4,35,10,217,0
4,35,10,218,0
4,35,10,219,0
4,35,10,220,0
4,35,10,221,0
4,35,10,222,0
4,35,10,223,0
4,35,10,224,0
4,35,10,225,0
4,35,10,226,0
4,35,10,227,0
4,35,10,228,0
4,35,10,229,0
4,35,10,230,0
4,35,10,231,0
4,35,10,232,0
4,35,10,233,0
4,35,10,234,0
4,35,10,235,0
4,35,10,236,0
4,35,10,237,0
4,35,10,238,0
4,35,10,239,0
4,35,10,240,0
4,35,10,241,0
4,35,11,0,1566126990737166
4,35,11,1,2467152751752708
4,35,11,2,1766913906492904
4,35,11,3,735702956573202
4,35,11,4,198589952202244
4,35,11,5,38387260752644
4,35,11,6,5883397404512
4,35,11,7,754985479122
4,35,11,8,84702002212
4,35,11,9,8490559970
4,35,11,10,722763118
4,35,11,11,57976260
4,35,11,12,3767698
4,35,11,13,247504
4,35,11,14,10088
4,35,11,15,388
4,35,11,16,0
4,35,11,17,0
4,35,11,18,0
4,35,11,19,0
4,35,11,20,0
4,35,11,21,0
4,35,11,22,0
4,35,11,23,0
4,35,11,24,0
4,35,11,25,0
4,35,11,26,0
4,35,11,27,0
4,35,11,28,0
4,35,11,29,0
4,35,11,30,0
4,35,11,31,0
4,35,11,32,0
4,35,11,33,0
4,35,11,34,0
4,35,11,35,0
4,35,11,36,0
4,35,11,37,0
4,35,11,38,0
4,35,11,39,0
4,35,11,40,0
4,35,11,41,0
4,35,11,42,0
4,35,11,43,0
4,35,11,44,0
4,35,11,45,0
4,35,11,46,0
4,35,11,47,0
4,35,11,48,0
4,35,11,49,0
4,35,11,50,0
4,35,11,51,0
4,35,11,52,0
4,35,11,53,0
4,35,11,54,0
4,35,11,55,0
4,35,11,56,0
4,35,11,57,0
4,35,11,58,0
4,35,11,59,0
4,35,11,60,0
4,35,11,61,0
4,35,11,62,0
4,35,11,63,0
4,35,11,64,0
4,35,11,65,0
4,35,11,66,0
4,35,11,67,0
4,35,11,68,0
4,35,11,69,0
4,35,11,70,0
4,35,11,71,0
4,35,11,72,0
4,35,11,73,0
4,35,11,74,0
4,35,11,75,0
4,35,11,76,0
4,35,11,77,0
4,35,11,78,0
4,35,11,79,0
4,35,11,80,0
4,35,11,81,0
4,35,11,82,0
4,35,11,83,0
4,35,11,84,0
4,35,11,85,0
4,35,11,86,0
4,35,11,87,0
4,35,11,88,0
4,35,11,89,0
4,35,11,90,0
4,35,11,91,0
4,35,11,92,0
4,35,11,93,0
4,35,11,94,0
4,35,11,95,0
4,35,11,96,0
4,35,11,97,0
4,35,11,98,0
4,35,11,99,0
4,35,11,100,0
4,35,11,101,0
4,35,11,102,0
4,35,11,103,0
4,35,11,104,0
4,35,11,105,0
4,35,11,106,0
4,35,11,107,0
4,35,11,108,0
4,35,11,109,0
4,35,11,110,0
4,35,11,111,0
4,35,11,112,0
4,35,11,113,0
4,35,11,114,0
4,35,11,115,0
4,35,11,116,0
4,35,11,117,0
4,35,11,118,0
4,35,11,119,0
4,35,11,120,0
4,35,11,121,0
4,35,11,122,0
4,35,11,123,0
4,35,11,124,0
4,35,11,125,0
4,35,11,126,0
4,35,11,127,0
4,35,11,128,0
4,35,11,129,0
4,35,11,130,0
4,35,11,131,0
4,35,11,132,0
4,35,11,133,0
4,35,11,134,0
4,35,11,135,0
4,35,11,136,0
4,35,11,137,0
4,35,11,138,0
4,35,11,139,0
4,35,11,140,0
4,35,11,141,0
4,35,11,142,0
4,35,11,143,0
4,35,11,144,0
4,35,11,145,0
4,35,11,146,0
4,35,11,147,0
4,35,11,148,0
4,35,11,149,0
4,35,11,150,0
4,35,11,151,0
4,35,11,152,0
4,35,11,153,0
4,35,11,154,0
4,35,11,155,0
4,35,11,156,0
4,35,11,157,0
4,35,11,158,0
4,35,11,159,0
4,35,11,160,0
4,35,11,161,0
4,35,11,162,0
4,35,11,163,0
4,35,11,164,0
4,35,11,165,0
4,35,11,166,0
4,35,11,167,0
4,35,11,168,0
4,35,11,169,0
4,35,11,170,0
4,35,11,171,0
4,35,11,172,0
4,35,11,173,0
4,35,11,174,0
4,35,11,175,0
4,35,11,176,0
4,35,11,177,0
4,35,11,178,0
4,35,11,179,0
4,35,11,180,0
4,35,11,181,0
4,35,11,182,0
4,35,11,183,0
4,35,11,184,0
4,35,11,185,0
4,35,11,186,0
4,35,11,187,0
4,35,11,188,0
4,35,11,189,0
4,35,11,190,0
4,35,11,191,0
4,35,11,192,0
4,35,11,193,0
4,35,11,194,0
4,35,11,195,0
4,35,11,196,0
4,35,11,197,0
4,35,11,198,0
4,35,11,199,0
4,35,11,200,0
4,35,11,201,0
4,35,11,202,0
4,35,11,203,0
4,35,11,204,0
4,35,11,205,0
4,35,11,206,0
4,35,11,207,0
4,35,11,208,0
4,35,11,209,0
4,35,11,210,0
4,35,11,211,0
4,35,11,212,0
4,35,11,213,0
4,35,11,214,0
4,35,11,215,0
4,35,11,216,0
4,35,11,217,0
4,35,11,218,0
4,35,11,219,0
4,35,11,220,0
4,35,11,221,0
4,35,11,222,0
4,35,11,223,0
4,35,11,224,0
4,35,11,225,0
4,35,11,226,0
4,35,11,227,0
4,35,11,228,0
4,35,11,229,0
4,35,11,230,0
4,35,11,231,0
4,35,11,232,0
4,35,11,233,0
4,35,11,234,0
4,35,11,235,0
4,35,11,236,0
4,35,11,237,0
4,35,11,238,0
4,35,11,239,0
4,35,11,240,0
4,35,11,241,0
4,35,12,0,12408683260389487
4,35,12,1,23771673656440804
4,35,12,2,20937599617828348
4,35,12,3,10910665435743237
4,35,12,4,3737105064381358
4,35,12,5,912019862473124
4,35,12,6,172160150162429
4,35,12,7,26800055957303
4,35,12,8,3584997118893
4,35,12,9,425397115748
4,35,12,10,44385115462
4,35,12,11,4161769211
4,35,12,12,348280780
4,35,12,13,26605444
4,35,12,14,1781649
4,35,12,15,90537
4,35,12,16,4794
4,35,12,17,97
4,35,12,18,0
4,35,12,19,0
4,35,12,20,0
4,35,12,21,0
4,35,12,22,0
4,35,12,23,0
4,35,12,24,0
4,35,12,25,0
4,35,12,26,0
4,35,12,27,0
4,35,12,28,0
4,35,12,29,0
4,35,12,30,0
4,35,12,31,0
4,35,12,32,0
4,35,12,33,0
4,35,12,34,0
4,35,12,35,0
4,35,12,36,0
4,35,12,37,0
4,35,12,38,0
4,35,12,39,0
4,35,12,40,0
4,35,12,41,0
4,35,12,42,0
4,35,12,43,0
4,35,12,44,0
4,35,12,45,0
4,35,12,46,0
4,35,12,47,0
4,35,12,48,0
4,35,12,49,0
4,35,12,50,0
4,35,12,51,0
4,35,12,52,0
4,35,12,53,0
4,35,12,54,0
4,35,12,55,0
4,35,12,56,0
4,35,12,57,0
4,35,12,58,0
4,35,12,59,0
4,35,12,60,0
4,35,12,61,0
4,35,12,62,0
4,35,12,63,0
4,35,12,64,0
4,35,12,65,0
4,35,12,66,0
4,35,12,67,0
4,35,12,68,0
4,35,12,69,0
4,35,12,70,0
4,35,12,71,0
4,35,12,72,0
4,35,12,73,0
4,35,12,74,0
4,35,12,75,0
4,35,12,76,0
4,35,12,77,0
4,35,12,78,0
4,35,12,79,0
4,35,12,80,0
4,35,12,81,0
4,35,12,82,0
4,35,12,83,0
4,35,12,84,0
4,35,12,85,0
4,35,12,86,0
4,35,12,87,0
4,35,12,88,0
4,35,12,89,0
4,35,12,90,0
4,35,12,91,0
4,35,12,92,0
4,35,12,93,0
4,35,12,94,0
4,35,12,95,0
4,35,12,96,0
4,35,12,97,0
4,35,12,98,0
4,35,12,99,0
4,35,12,100,0
4,35,12,101,0
4,35,12,102,0
4,35,12,103,0
4,35,12,104,0
4,35,12,105,0
4,35,12,106,0
4,35,12,107,0
4,35,12,108,0
4,35,12,109,0
4,35,12,110,0
4,35,12,111,0
4,35,12,112,0
4,35,12,113,0
4,35,12,114,0
4,35,12,115,0
4,35,12,116,0
4,35,12,117,0
4,35,12,118,0
4,35,12,119,0
4,35,12,120,0
4,35,12,121,0
4,35,12,122,0
4,35,12,123,0
4,35,12,124,0
4,35,12,125,0
4,35,12,126,0
4,35,12,127,0
4,35,12,128,0
4,35,12,129,0
4,35,12,130,0
4,35,12,131,0
4,35,12,132,0
4,35,12,133,0
4,35,12,134,0
4,35,12,135,0
4,35,12,136,0
4,35,12,137,0
4,35,12,138,0
4,35,12,139,0
4,35,12,140,0
4,35,12,141,0
4,35,12,142,0
4,35,12,143,0
4,35,12,144,0
4,35,12,145,0
4,35,12,146,0
4,35,12,147,0
4,35,12,148,0
4,35,12,149,0
4,35,12,150,0
4,35,12,151,0
4,35,12,152,0
4,35,12,153,0
4,35,12,154,0
4,35,12,155,0
4,35,12,156,0
4,35,12,157,0
4,35,12,158,0
4,35,12,159,0
4,35,12,160,0
4,35,12,161,0
4,35,12,162,0
4,35,12,163,0
4,35,12,164,0
4,35,12,165,0
4,35,12,166,0
4,35,12,167,0
4,35,12,168,0
4,35,12,169,0
4,35,12,170,0
4,35,12,171,0
4,35,12,172,0
4,35,12,173,0
4,35,12,174,0
4,35,12,175,0
4,35,12,176,0
4,35,12,177,0
4,35,12,178,0
4,35,12,179,0
4,35,12,180,0
4,35,12,181,0
4,35,12,182,0
4,35,12,183,0
4,35,12,184,0
4,35,12,185,0
4,35,12,186,0
4,35,12,187,0
4,35,12,188,0
4,35,12,189,0
4,35,12,190,0
4,35,12,191,0
4,35,12,192,0
4,35,12,193,0
4,35,12,194,0
4,35,12,195,0
4,35,12,196,0
4,35,12,197,0
4,35,12,198,0
4,35,12,199,0
4,35,12,200,0
4,35,12,201,0
4,35,12,202,0
4,35,12,203,0
4,35,12,204,0
4,35,12,205,0
4,35,12,206,0
4,35,12,207,0
4,35,12,208,0
4,35,12,209,0
4,35,12,210,0
4,35,12,211,0
4,35,12,212,0
4,35,12,213,0
4,35,12,214,0
4,35,12,215,0
4,35,12,216,0
4,35,12,217,0
4,35,12,218,0
4,35,12,219,0
4,35,12,220,0
4,35,12,221,0
4,35,12,222,0
4,35,12,223,0
4,35,12,224,0
4,35,12,225,0
4,35,12,226,0
4,35,12,227,0
4,35,12,228,0
4,35,12,229,0
4,35,12,230,0
4,35,12,231,0
4,35,12,232,0
4,35,12,233,0
4,35,12,234,0
4,35,12,235,0
4,35,12,236,0
4,35,12,237,0
4,35,12,238,0
4,35,12,239,0
4,35,12,240,0
4,35,12,241,0
4,35,13,0,87286621455751870
4,35,13,1,200260336370250904
4,35,13,2,213240174072945074
4,35,13,3,136256085279518770
4,35,13,4,57960413220379944
4,35,13,5,17603978948728964
4,35,13,6,4079827876692524
4,35,13,7,766426011491106
4,35,13,8,122011070109972
4,35,13,9,17003619126206
4,35,13,10,2103150648848
4,35,13,11,232137870232
4,35,13,12,23115297970
4,35,13,13,2094131978
4,35,13,14,173427942
4,35,13,15,12085196
4,35,13,16,817948
4,35,13,17,38884
4,35,13,18,2148
4,35,13,19,0
4,35,13,20,0
4,35,13,21,0
4,35,13,22,0
4,35,13,23,0
4,35,13,24,0
4,35,13,25,0
4,35,13,26,0
4,35,13,27,0
4,35,13,28,0
4,35,13,29,0
4,35,13,30,0
4,35,13,31,0
4,35,13,32,0
4,35,13,33,0
4,35,13,34,0
4,35,13,35,0
4,35,13,36,0
4,35,13,37,0
4,35,13,38,0
4,35,13,39,0
4,35,13,40,0
4,35,13,41,0
4,35,13,42,0
4,35,13,43,0
4,35,13,44,0
4,35,13,45,0
4,35,13,46,0
4,35,13,47,0
4,35,13,48,0
4,35,13,49,0
4,35,13,50,0
4,35,13,51,0
4,35,13,52,0
4,35,13,53,0
4,35,13,54,0
4,35,13,55,0
4,35,13,56,0
4,35,13,57,0
4,35,13,58,0
4,35,13,59,0
4,35,13,60,0
4,35,13,61,0
4,35,13,62,0
4,35,13,63,0
4,35,13,64,0
4,35,13,65,0
4,35,13,66,0
4,35,13,67,0
4,35,13,68,0
4,35,13,69,0
4,35,13,70,0
4,35,13,71,0
4,35,13,72,0
4,35,13,73,0
4,35,13,74,0
4,35,13,75,0
4,35,13,76,0
4,35,13,77,0
4,35,13,78,0
4,35,13,79,0
4,35,13,80,0
4,35,13,81,0
4,35,13,82,0
4,35,13,83,0
4,35,13,84,0
4,35,13,85,0
4,35,13,86,0
4,35,13,87,0
4,35,13,88,0
4,35,13,89,0
4,35,13,90,0
4,35,13,91,0
4,35,13,92,0
4,35,13,93,0
4,35,13,94,0
4,35,13,95,0
4,35,13,96,0
4,35,13,97,0
4,35,13,98,0
4,35,13,99,0
4,35,13,100,0
4,35,13,101,0
4,35,13,102,0
4,35,13,103,0
4,35,13,104,0
4,35,13,105,0
4,35,13,106,0
4,35,13,107,0
4,35,13,108,0
4,35,13,109,0
4,35,13,110,0
4,35,13,111,0
4,35,13,112,0
4,35,13,113,0
4,35,13,114,0
4,35,13,115,0
4,35,13,116,0
4,35,13,117,0
4,35,13,118,0
4,35,13,119,0
4,35,13,120,0
4,35,13,121,0
4,35,13,122,0
4,35,13,123,0
4,35,13,124,0
4,35,13,125,0
4,35,13,126,0
4,35,13,127,0
4,35,13,128,0
4,35,13,129,0
4,35,13,130,0
4,35,13,131,0
4,35,13,132,0
4,35,13,133,0
4,35,13,134,0
4,35,13,135,0
4,35,13,136,0
4,35,13,137,0
4,35,13,138,0
4,35,13,139,0
4,35,13,140,0
4,35,13,141,0
4,35,13,142,0
4,35,13,143,0
4,35,13,144,0
4,35,13,145,0
4,35,13,146,0
4,35,13,147,0
4,35,13,148,0
4,35,13,149,0
4,35,13,150,0
4,35,13,151,0
4,35,13,152,0
4,35,13,153,0
4,35,13,154,0
4,35,13,155,0
4,35,13,156,0
4,35,13,157,0
4,35,13,158,0
4,35,13,159,0
4,35,13,160,0
4,35,13,161,0
4,35,13,162,0
4,35,13,163,0
4,35,13,164,0
4,35,13,165,0
4,35,13,166,0
4,35,13,167,0
4,35,13,168,0
4,35,13,169,0
4,35,13,170,0
4,35,13,171,0
4,35,13,172,0
4,35,13,173,0
4,35,13,174,0
4,35,13,175,0
4,35,13,176,0
4,35,13,177,0
4,35,13,178,0
4,35,13,179,0
4,35,13,180,0
4,35,13,181,0
4,35,13,182,0
4,35,13,183,0
4,35,13,184,0
4,35,13,185,0
4,35,13,186,0
4,35,13,187,0
4,35,13,188,0
4,35,13,189,0
4,35,13,190,0
4,35,13,191,0
4,35,13,192,0
4,35,13,193,0
4,35,13,194,0
4,35,13,195,0
4,35,13,196,0
4,35,13,197,0
4,35,13,198,0
4,35,13,199,0
4,35,13,200,0
4,35,13,201,0
4,35,13,202,0
4,35,13,203,0
4,35,13,204,0
4,35,13,205,0
4,35,13,206,0
4,35,13,207,0
4,35,13,208,0
4,35,13,209,0
4,35,13,210,0
4,35,13,211,0
4,35,13,212,0
4,35,13,213,0
4,35,13,214,0
4,35,13,215,0
4,35,13,216,0
4,35,13,217,0
4,35,13,218,0
4,35,13,219,0
4,35,13,220,0
4,35,13,221,0
4,35,13,222,0
4,35,13,223,0
4,35,13,224,0
4,35,13,225,0
4,35,13,226,0
4,35,13,227,0
4,35,13,228,0
4,35,13,229,0
4,35,13,230,0
4,35,13,231,0
4,35,13,232,0
4,35,13,233,0
4,35,13,234,0
4,35,13,235,0
4,35,13,236,0
4,35,13,237,0
4,35,13,238,0
4,35,13,239,0
4,35,13,240,0
4,35,13,241,0
4,35,14,0,547994424824476050
4,35,14,1,1486294955647837503
4,35,14,2,1886072467486517705
4,35,14,3,1453211964804394621
4,35,14,4,753945767078720756
4,35,14,5,280785900698754737
4,35,14,6,79342575046141207
4,35,14,7,17932069933729645
4,35,14,8,3388604031756117
4,35,14,9,553619735522481
4,35,14,10,79954509702883
4,35,14,11,10310154600512
4,35,14,12,1196432823430
4,35,14,13,126449336991
4,35,14,14,12255492721
4,35,14,15,1060979689
4,35,14,16,84648383
4,35,14,17,5815016
4,35,14,18,389396
4,35,14,19,16101
4,35,14,20,696
4,35,14,21,0
4,35,14,22,0
4,35,14,23,0
4,35,14,24,0
4,35,14,25,0
4,35,14,26,0
4,35,14,27,0
4,35,14,28,0
4,35,14,29,0
4,35,14,30,0
4,35,14,31,0
4,35,14,32,0
4,35,14,33,0
4,35,14,34,0
4,35,14,35,0
4,35,14,36,0
4,35,14,37,0
4,35,14,38,0
4,35,14,39,0
4,35,14,40,0
4,35,14,41,0
4,35,14,42,0
4,35,14,43,0
4,35,14,44,0
4,35,14,45,0
4,35,14,46,0
4,35,14,47,0
4,35,14,48,0
4,35,14,49,0
4,35,14,50,0
4,35,14,51,0
4,35,14,52,0
4,35,14,53,0
4,35,14,54,0
4,35,14,55,0
4,35,14,56,0
4,35,14,57,0
4,35,14,58,0
4,35,14,59,0
4,35,14,60,0
4,35,14,61,0
4,35,14,62,0
4,35,14,63,0
4,35,14,64,0
4,35,14,65,0
4,35,14,66,0
4,35,14,67,0
4,35,14,68,0
4,35,14,69,0
4,35,14,70,0
4,35,14,71,0
4,35,14,72,0
4,35,14,73,0
4,35,14,74,0
4,35,14,75,0
4,35,14,76,0
4,35,14,77,0
4,35,14,78,0
4,35,14,79,0
4,35,14,80,0
4,35,14,81,0
4,35,14,82,0
4,35,14,83,0
4,35,14,84,0
4,35,14,85,0
4,35,14,86,0
4,35,14,87,0
4,35,14,88,0
4,35,14,89,0
4,35,14,90,0
4,35,14,91,0
4,35,14,92,0
4,35,14,93,0
4,35,14,94,0
4,35,14,95,0
4,35,14,96,0
4,35,14,97,0
4,35,14,98,0
4,35,14,99,0
4,35,14,100,0
4,35,14,101,0
4,35,14,102,0
4,35,14,103,0
4,35,14,104,0
4,35,14,105,0
4,35,14,106,0
4,35,14,107,0
4,35,14,108,0
4,35,14,109,0
4,35,14,110,0
4,35,14,111,0
4,35,14,112,0
4,35,14,113,0
4,35,14,114,0
4,35,14,115,0
4,35,14,116,0
4,35,14,117,0
4,35,14,118,0
4,35,14,119,0
4,35,14,120,0
4,35,14,121,0
4,35,14,122,0
4,35,14,123,0
4,35,14,124,0
4,35,14,125,0
4,35,14,126,0
4,35,14,127,0
4,35,14,128,0
4,35,14,129,0
4,35,14,130,0
4,35,14,131,0
4,35,14,132,0
4,35,14,133,0
4,35,14,134,0
4,35,14,135,0
4,35,14,136,0
4,35,14,137,0
4,35,14,138,0
4,35,14,139,0
4,35,14,140,0
4,35,14,141,0
4,35,14,142,0
4,35,14,143,0
4,35,14,144,0
4,35,14,145,0
4,35,14,146,0
4,35,14,147,0
4,35,14,148,0
4,35,14,149,0
4,35,14,150,0
4,35,14,151,0
4,35,14,152,0
4,35,14,153,0
4,35,14,154,0
4,35,14,155,0
4,35,14,156,0
4,35,14,157,0
4,35,14,158,0
4,35,14,159,0
4,35,14,160,0
4,35,14,161,0
4,35,14,162,0
4,35,14,163,0
4,35,14,164,0
4,35,14,165,0
4,35,14,166,0
4,35,14,167,0
4,35,14,168,0
4,35,14,169,0
4,35,14,170,0
4,35,14,171,0
4,35,14,172,0
4,35,14,173,0
4,35,14,174,0
4,35,14,175,0
4,35,14,176,0
4,35,14,177,0
4,35,14,178,0
4,35,14,179,0
4,35,14,180,0
4,35,14,181,0
4,35,14,182,0
4,35,14,183,0
4,35,14,184,0
4,35,14,185,0
4,35,14,186,0
4,35,14,187,0
4,35,14,188,0
4,35,14,189,0
4,35,14,190,0
4,35,14,191,0
4,35,14,192,0
4,35,14,193,0
4,35,14,194,0
4,35,14,195,0
4,35,14,196,0
4,35,14,197,0
4,35,14,198,0
4,35,14,199,0
4,35,14,200,0
4,35,14,201,0
4,35,14,202,0
4,35,14,203,0
4,35,14,204,0
4,35,14,205,0
4,35,14,206,0
4,35,14,207,0
4,35,14,208,0
4,35,14,209,0
4,35,14,210,0
4,35,14,211,0
4,35,14,212,0
4,35,14,213,0
4,35,14,214,0
4,35,14,215,0
4,35,14,216,0
4,35,14,217,0
4,35,14,218,0
4,35,14,219,0
4,35,14,220,0
4,35,14,221,0
4,35,14,222,0
4,35,14,223,0
4,35,14,224,0
4,35,14,225,0
4,35,14,226,0
4,35,14,227,0
4,35,14,228,0
4,35,14,229,0
4,35,14,230,0
4,35,14,231,0
4,35,14,232,0
4,35,14,233,0
4,35,14,234,0
4,35,14,235,0
4,35,14,236,0
4,35,14,237,0
4,35,14,238,0
4,35,14,239,0
4,35,14,240,0
4,35,14,241,0
4,35,15,0,3084138602590386738
4,35,15,1,9779363691695997938
4,35,15,2,14609979035070942820
4,35,15,3,13385027361422248506
4,35,15,4,8341066742710489986
4,35,15,5,3755997120276822200
4,35,15,6,1282378440570015650
4,35,15,7,347281285670143722
4,35,15,8,77730140058773338
4,35,15,9,14871305761485412
4,35,15,10,2494109300966370
4,35,15,11,372523840494452
4,35,15,12,49980621461190
4,35,15,13,6086930765966
4,35,15,14,679374221234
4,35,15,15,69099993720
4,35,15,16,6446609378
4,35,15,17,542183148
4,35,15,18,42902960
4,35,15,19,2842088
4,35,15,20,160642
4,35,15,21,8128
4,35,15,22,190
4,35,15,23,0
4,35,15,24,0
4,35,15,25,0
4,35,15,26,0
4,35,15,27,0
4,35,15,28,0
4,35,15,29,0
4,35,15,30,0
4,35,15,31,0
4,35,15,32,0
4,35,15,33,0
4,35,15,34,0
4,35,15,35,0
4,35,15,36,0
4,35,15,37,0
4,35,15,38,0
4,35,15,39,0
4,35,15,40,0
4,35,15,41,0
4,35,15,42,0
4,35,15,43,0
4,35,15,44,0
4,35,15,45,0
4,35,15,46,0
4,35,15,47,0
4,35,15,48,0
4,35,15,49,0
4,35,15,50,0
4,35,15,51,0
4,35,15,52,0
4,35,15,53,0
4,35,15,54,0
4,35,15,55,0
4,35,15,56,0
4,35,15,57,0
4,35,15,58,0
4,35,15,59,0
4,35,15,60,0
4,35,15,61,0
4,35,15,62,0
4,35,15,63,0
4,35,15,64,0
4,35,15,65,0
4,35,15,66,0
4,35,15,67,0
4,35,15,68,0
4,35,15,69,0
4,35,15,70,0
4,35,15,71,0
4,35,15,72,0
4,35,15,73,0
4,35,15,74,0
4,35,15,75,0
4,35,15,76,0
4,35,15,77,0
4,35,15,78,0
4,35,15,79,0
4,35,15,80,0
4,35,15,81,0
4,35,15,82,0
4,35,15,83,0
4,35,15,84,0
4,35,15,85,0
4,35,15,86,0
4,35,15,87,0
4,35,15,88,0
4,35,15,89,0
4,35,15,90,0
4,35,15,91,0
4,35,15,92,0
4,35,15,93,0
4,35,15,94,0
4,35,15,95,0
4,35,15,96,0
4,35,15,97,0
4,35,15,98,0
4,35,15,99,0
4,35,15,100,0
4,35,15,101,0
4,35,15,102,0
4,35,15,103,0
4,35,15,104,0
4,35,15,105,0
4,35,15,106,0
4,35,15,107,0
4,35,15,108,0
4,35,15,109,0
4,35,15,110,0
4,35,15,111,0
4,35,15,112,0
4,35,15,113,0
4,35,15,114,0
4,35,15,115,0
4,35,15,116,0
4,35,15,117,0
4,35,15,118,0
4,35,15,119,0
4,35,15,120,0
4,35,15,121,0
4,35,15,122,0
4,35,15,123,0
4,35,15,124,0
4,35,15,125,0
4,35,15,126,0
4,35,15,127,0
4,35,15,128,0
4,35,15,129,0
4,35,15,130,0
4,35,15,131,0
4,35,15,132,0
4,35,15,133,0
4,35,15,134,0
4,35,15,135,0
4,35,15,136,0
4,35,15,137,0
4,35,15,138,0
4,35,15,139,0
4,35,15,140,0
4,35,15,141,0
4,35,15,142,0
4,35,15,143,0
4,35,15,144,0
4,35,15,145,0
4,35,15,146,0
4,35,15,147,0
4,35,15,148,0
4,35,15,149,0
4,35,15,150,0
4,35,15,151,0
4,35,15,152,0
4,35,15,153,0
4,35,15,154,0
4,35,15,155,0
4,35,15,156,0
4,35,15,157,0
4,35,15,158,0
4,35,15,159,0
4,35,15,160,0
4,35,15,161,0
4,35,15,162,0
4,35,15,163,0
4,35,15,164,0
4,35,15,165,0
4,35,15,166,0
4,35,15,167,0
4,35,15,168,0
4,35,15,169,0
4,35,15,170,0
4,35,15,171,0
4,35,15,172,0
4,35,15,173,0
4,35,15,174,0
4,35,15,175,0
4,35,15,176,0
4,35,15,177,0
4,35,15,178,0
4,35,15,179,0
4,35,15,180,0
4,35,15,181,0
4,35,15,182,0
4,35,15,183,0
4,35,15,184,0
4,35,15,185,0
4,35,15,186,0
4,35,15,187,0
4,35,15,188,0
4,35,15,189,0
4,35,15,190,0
4,35,15,191,0
4,35,15,192,0
4,35,15,193,0
4,35,15,194,0
4,35,15,195,0
4,35,15,196,0
4,35,15,197,0
4,35,15,198,0
4,35,15,199,0
4,35,15,200,0
4,35,15,201,0
4,35,15,202,0
4,35,15,203,0
4,35,15,204,0
4,35,15,205,0
4,35,15,206,0
4,35,15,207,0
4,35,15,208,0
4,35,15,209,0
4,35,15,210,0
4,35,15,211,0
4,35,15,212,0
4,35,15,213,0
4,35,15,214,0
4,35,15,215,0
4,35,15,216,0
4,35,15,217,0
4,35,15,218,0
4,35,15,219,0
4,35,15,220,0
4,35,15,221,0
4,35,15,222,0
4,35,15,223,0
4,35,15,224,0
4,35,15,225,0
4,35,15,226,0
4,35,15,227,0
4,35,15,228,0
4,35,15,229,0
4,35,15,230,0
4,35,15,231,0
4,35,15,232,0
4,35,15,233,0
4,35,15,234,0
4,35,15,235,0
4,35,15,236,0
4,35,15,237,0
4,35,15,238,0
4,35,15,239,0
4,35,15,240,0
4,35,15,241,0
4,35,16,0,15618978069255660405
4,35,16,1,57342741403749347162
4,35,16,2,99802961699570375074
4,35,16,3,107434680311151769916
4,35,16,4,79372584400349860498
4,35,16,5,42669695375023862398
4,35,16,6,17429656877965346893
4,35,16,7,5624310886675753703
4,35,16,8,1487188342393022066
4,35,16,9,332798702126511134
4,35,16,10,64692451921187541
4,35,16,11,11135445045645754
4,35,16,12,1717431855057382
4,35,16,13,239567107513800
4,35,16,14,30530984216079
4,35,16,15,3565256232272
4,35,16,16,382844129317
4,35,16,17,37592904692
4,35,16,18,3433474813
4,35,16,19,284772362
4,35,16,20,20579364
4,35,16,21,1420654
4,35,16,22,69904
4,35,16,23,3785
4,35,16,24,32
4,35,16,25,0
4,35,16,26,0
4,35,16,27,0
4,35,16,28,0
4,35,16,29,0
4,35,16,30,0
4,35,16,31,0
4,35,16,32,0
4,35,16,33,0
4,35,16,34,0
4,35,16,35,0
4,35,16,36,0
4,35,16,37,0
4,35,16,38,0
4,35,16,39,0
4,35,16,40,0
4,35,16,41,0
4,35,16,42,0
4,35,16,43,0
4,35,16,44,0
4,35,16,45,0
4,35,16,46,0
4,35,16,47,0
4,35,16,48,0
4,35,16,49,0
4,35,16,50,0
4,35,16,51,0
4,35,16,52,0
4,35,16,53,0
4,35,16,54,0
4,35,16,55,0
4,35,16,56,0
4,35,16,57,0
4,35,16,58,0
4,35,16,59,0
4,35,16,60,0
4,35,16,61,0
4,35,16,62,0
4,35,16,63,0
4,35,16,64,0
4,35,16,65,0
4,35,16,66,0
4,35,16,67,0
4,35,16,68,0
4,35,16,69,0
4,35,16,70,0
4,35,16,71,0
4,35,16,72,0
4,35,16,73,0
4,35,16,74,0
4,35,16,75,0
4,35,16,76,0
4,35,16,77,0
4,35,16,78,0
4,35,16,79,0
4,35,16,80,0
4,35,16,81,0
4,35,16,82,0
4,35,16,83,0
4,35,16,84,0
4,35,16,85,0
4,35,16,86,0
4,35,16,87,0
4,35,16,88,0
4,35,16,89,0
4,35,16,90,0
4,35,16,91,0
4,35,16,92,0
4,35,16,93,0
4,35,16,94,0
4,35,16,95,0
4,35,16,96,0
4,35,16,97,0
4,35,16,98,0
4,35,16,99,0
4,35,16,100,0
4,35,16,101,0
4,35,16,102,0
4,35,16,103,0
4,35,16,104,0
4,35,16,105,0
4,35,16,106,0
4,35,16,107,0
4,35,16,108,0
4,35,16,109,0
4,35,16,110,0
4,35,16,111,0
4,35,16,112,0
4,35,16,113,0
4,35,16,114,0
4,35,16,115,0
4,35,16,116,0
4,35,16,117,0
4,35,16,118,0
4,35,16,119,0
4,35,16,120,0
4,35,16,121,0
4,35,16,122,0
4,35,16,123,0
4,35,16,124,0
4,35,16,125,0
4,35,16,126,0
4,35,16,127,0
4,35,16,128,0
4,35,16,129,0
4,35,16,130,0
4,35,16,131,0
4,35,16,132,0
4,35,16,133,0
4,35,16,134,0
4,35,16,135,0
4,35,16,136,0
4,35,16,137,0
4,35,16,138,0
4,35,16,139,0
4,35,16,140,0
4,35,16,141,0
4,35,16,142,0
4,35,16,143,0
4,35,16,144,0
4,35,16,145,0
4,35,16,146,0
4,35,16,147,0
4,35,16,148,0
4,35,16,149,0
4,35,16,150,0
4,35,16,151,0
4,35,16,152,0
4,35,16,153,0
4,35,16,154,0
4,35,16,155,0
4,35,16,156,0
4,35,16,157,0
4,35,16,158,0
4,35,16,159,0
4,35,16,160,0
4,35,16,161,0
4,35,16,162,0
4,35,16,163,0
4,35,16,164,0
4,35,16,165,0
4,35,16,166,0
4,35,16,167,0
4,35,16,168,0
4,35,16,169,0
4,35,16,170,0
4,35,16,171,0
4,35,16,172,0
4,35,16,173,0
4,35,16,174,0
4,35,16,175,0
4,35,16,176,0
4,35,16,177,0
4,35,16,178,0
4,35,16,179,0
4,35,16,180,0
4,35,16,181,0
4,35,16,182,0
4,35,16,183,0
4,35,16,184,0
4,35,16,185,0
4,35,16,186,0
4,35,16,187,0
4,35,16,188,0
4,35,16,189,0
4,35,16,190,0
4,35,16,191,0
4,35,16,192,0
4,35,16,193,0
4,35,16,194,0
4,35,16,195,0
4,35,16,196,0
4,35,16,197,0
4,35,16,198,0
4,35,16,199,0
4,35,16,200,0
4,35,16,201,0
4,35,16,202,0
4,35,16,203,0
4,35,16,204,0
4,35,16,205,0
4,35,16,206,0
4,35,16,207,0
4,35,16,208,0
4,35,16,209,0
4,35,16,210,0
4,35,16,211,0
4,35,16,212,0
4,35,16,213,0
4,35,16,214,0
4,35,16,215,0
4,35,16,216,0
4,35,16,217,0
4,35,16,218,0
4,35,16,219,0
4,35,16,220,0
4,35,16,221,0
4,35,16,222,0
4,35,16,223,0
4,35,16,224,0
4,35,16,225,0
4,35,16,226,0
4,35,16,227,0
4,35,16,228,0
4,35,16,229,0
4,35,16,230,0
4,35,16,231,0
4,35,16,232,0
4,35,16,233,0
4,35,16,234,0
4,35,16,235,0
4,35,16,236,0
4,35,16,237,0
4,35,16,238,0
4,35,16,239,0
4,35,16,240,0
4,35,16,241,0
4,35,17,0,71404476628546447140
4,35,17,1,300964102936924175570
4,35,17,2,604690043970173239202
4,35,17,3,757036315146843804538
4,35,17,4,655672040346177703576
4,35,17,5,416053347202203572648
4,35,17,6,201344018029808608176
4,35,17,7,76898962201886877248
4,35,17,8,23935944785561849408
4,35,17,9,6254918132571372182
4,35,17,10,1407891182198977044
4,35,17,11,278631642221686546
4,35,17,12,49201245983079384
4,35,17,13,7831502835435424
4,35,17,14,1134407897127510
4,35,17,15,150542285277842
4,35,17,16,18385273598110
4,35,17,17,2066527878206
4,35,17,18,214970957928
4,35,17,19,20760255158
4,35,17,20,1805985966
4,35,17,21,147666818
4,35,17,22,10218980
4,35,17,23,696372
4,35,17,24,31544
4,35,17,25,1480
4,35,17,26,0
4,35,17,27,0
4,35,17,28,0
4,35,17,29,0
4,35,17,30,0
4,35,17,31,0
4,35,17,32,0
4,35,17,33,0
4,35,17,34,0
4,35,17,35,0
4,35,17,36,0
4,35,17,37,0
4,35,17,38,0
4,35,17,39,0
4,35,17,40,0
4,35,17,41,0
4,35,17,42,0
4,35,17,43,0
4,35,17,44,0
4,35,17,45,0
4,35,17,46,0
4,35,17,47,0
4,35,17,48,0
4,35,17,49,0
4,35,17,50,0
4,35,17,51,0
4,35,17,52,0
4,35,17,53,0
4,35,17,54,0
4,35,17,55,0
4,35,17,56,0
4,35,17,57,0
4,35,17,58,0
4,35,17,59,0
4,35,17,60,0
4,35,17,61,0
4,35,17,62,0
4,35,17,63,0
4,35,17,64,0
4,35,17,65,0
4,35,17,66,0
4,35,17,67,0
4,35,17,68,0
4,35,17,69,0
4,35,17,70,0
4,35,17,71,0
4,35,17,72,0
4,35,17,73,0
4,35,17,74,0
4,35,17,75,0
4,35,17,76,0
4,35,17,77,0
4,35,17,78,0
4,35,17,79,0
4,35,17,80,0
4,35,17,81,0
4,35,17,82,0
4,35,17,83,0
4,35,17,84,0
4,35,17,85,0
4,35,17,86,0
4,35,17,87,0
4,35,17,88,0
4,35,17,89,0
4,35,17,90,0
4,35,17,91,0
4,35,17,92,0
4,35,17,93,0
4,35,17,94,0
4,35,17,95,0
4,35,17,96,0
4,35,17,97,0
4,35,17,98,0
4,35,17,99,0
4,35,17,100,0
4,35,17,101,0
4,35,17,102,0
4,35,17,103,0
4,35,17,104,0
4,35,17,105,0
4,35,17,106,0
4,35,17,107,0
4,35,17,108,0
4,35,17,109,0
4,35,17,110,0
4,35,17,111,0
4,35,17,112,0
4,35,17,113,0
4,35,17,114,0
4,35,17,115,0
4,35,17,116,0
4,35,17,117,0
4,35,17,118,0
4,35,17,119,0
4,35,17,120,0
4,35,17,121,0
4,35,17,122,0
4,35,17,123,0
4,35,17,124,0
4,35,17,125,0
4,35,17,126,0
4,35,17,127,0
4,35,17,128,0
4,35,17,129,0
4,35,17,130,0
4,35,17,131,0
4,35,17,132,0
4,35,17,133,0
4,35,17,134,0
4,35,17,135,0
4,35,17,136,0
4,35,17,137,0
4,35,17,138,0
4,35,17,139,0
4,35,17,140,0
4,35,17,141,0
4,35,17,142,0
4,35,17,143,0
4,35,17,144,0
4,35,17,145,0
4,35,17,146,0
4,35,17,147,0
4,35,17,148,0
4,35,17,149,0
4,35,17,150,0
4,35,17,151,0
4,35,17,152,0
4,35,17,153,0
4,35,17,154,0
4,35,17,155,0
4,35,17,156,0
4,35,17,157,0
4,35,17,158,0
4,35,17,159,0
4,35,17,160,0
4,35,17,161,0
4,35,17,162,0
4,35,17,163,0
4,35,17,164,0
4,35,17,165,0
4,35,17,166,0
4,35,17,167,0
4,35,17,168,0
4,35,17,169,0
4,35,17,170,0
4,35,17,171,0
4,35,17,172,0
4,35,17,173,0
4,35,17,174,0
4,35,17,175,0
4,35,17,176,0
4,35,17,177,0
4,35,17,178,0
4,35,17,179,0
4,35,17,180,0
4,35,17,181,0
4,35,17,182,0
4,35,17,183,0
4,35,17,184,0
4,35,17,185,0
4,35,17,186,0
4,35,17,187,0
4,35,17,188,0
4,35,17,189,0
4,35,17,190,0
4,35,17,191,0
4,35,17,192,0
4,35,17,193,0
4,35,17,194,0
4,35,17,195,0
4,35,17,196,0
4,35,17,197,0
4,35,17,198,0
4,35,17,199,0
4,35,17,200,0
4,35,17,201,0
4,35,17,202,0
4,35,17,203,0
4,35,17,204,0
4,35,17,205,0
4,35,17,206,0
4,35,17,207,0
4,35,17,208,0
4,35,17,209,0
4,35,17,210,0
4,35,17,211,0
4,35,17,212,0
4,35,17,213,0
4,35,17,214,0
4,35,17,215,0
4,35,17,216,0
4,35,17,217,0
4,35,17,218,0
4,35,17,219,0
4,35,17,220,0
4,35,17,221,0
4,35,17,222,0
4,35,17,223,0
4,35,17,224,0
4,35,17,225,0
4,35,17,226,0
4,35,17,227,0
4,35,17,228,0
4,35,17,229,0
4,35,17,230,0
4,35,17,231,0
4,35,17,232,0
4,35,17,233,0
4,35,17,234,0
4,35,17,235,0
4,35,17,236,0
4,35,17,237,0
4,35,17,238,0
4,35,17,239,0
4,35,17,240,0
4,35,17,241,0
4,35,18,0,295493245079812612419
4,35,18,1,1419169246783855683181
4,35,18,2,3265190268346239186820
4,35,18,3,4711949346595220867862
4,35,18,4,4737764704782472200859
4,35,18,5,3512918105260158747383
4,35,18,6,1995408368961847941866
4,35,18,7,895494138489641565076
4,35,18,8,326618211759233636339
4,35,18,9,99437708183155010420
4,35,18,10,25888778903208743385
4,35,18,11,5884535206560346801
4,35,18,12,1186953627981068027
4,35,18,13,214993498685388223
4,35,18,14,35303437608879691
4,35,18,15,5297491966807641
4,35,18,16,730753317725081
4,35,18,17,92962603263767
4,35,18,18,10936007925833
4,35,18,19,1197136335875
4,35,18,20,120644216668
4,35,18,21,11313579712
4,35,18,22,959318871
4,35,18,23,76321123
4,35,18,24,5205535
4,35,18,25,320434
4,35,18,26,14614
4,35,18,27,494
4,35,18,28,0
4,35,18,29,0
4,35,18,30,0
4,35,18,31,0
4,35,18,32,0
4,35,18,33,0
4,35,18,34,0
4,35,18,35,0
4,35,18,36,0
4,35,18,37,0
4,35,18,38,0
4,35,18,39,0
4,35,18,40,0
4,35,18,41,0
4,35,18,42,0
4,35,18,43,0
4,35,18,44,0
4,35,18,45,0
4,35,18,46,0
4,35,18,47,0
4,35,18,48,0
4,35,18,49,0
4,35,18,50,0
4,35,18,51,0
4,35,18,52,0
4,35,18,53,0
4,35,18,54,0
4,35,18,55,0
4,35,18,56,0
4,35,18,57,0
4,35,18,58,0
4,35,18,59,0
4,35,18,60,0
4,35,18,61,0
4,35,18,62,0
4,35,18,63,0
4,35,18,64,0
4,35,18,65,0
4,35,18,66,0
4,35,18,67,0
4,35,18,68,0
4,35,18,69,0
4,35,18,70,0
4,35,18,71,0
4,35,18,72,0
4,35,18,73,0
4,35,18,74,0
4,35,18,75,0
4,35,18,76,0
4,35,18,77,0
4,35,18,78,0
4,35,18,79,0
4,35,18,80,0
4,35,18,81,0
4,35,18,82,0
4,35,18,83,0
4,35,18,84,0
4,35,18,85,0
4,35,18,86,0
4,35,18,87,0
4,35,18,88,0
4,35,18,89,0
4,35,18,90,0
4,35,18,91,0
4,35,18,92,0
4,35,18,93,0
4,35,18,94,0
4,35,18,95,0
4,35,18,96,0
4,35,18,97,0
4,35,18,98,0
4,35,18,99,0
4,35,18,100,0
4,35,18,101,0
4,35,18,102,0
4,35,18,103,0
4,35,18,104,0
4,35,18,105,0
4,35,18,106,0
4,35,18,107,0
4,35,18,108,0
4,35,18,109,0
4,35,18,110,0
4,35,18,111,0
4,35,18,112,0
4,35,18,113,0
4,35,18,114,0
4,35,18,115,0
4,35,18,116,0
4,35,18,117,0
4,35,18,118,0
4,35,18,119,0
4,35,18,120,0
4,35,18,121,0
4,35,18,122,0
4,35,18,123,0
4,35,18,124,0
4,35,18,125,0
4,35,18,126,0
4,35,18,127,0
4,35,18,128,0
4,35,18,129,0
4,35,18,130,0
4,35,18,131,0
4,35,18,132,0
4,35,18,133,0
4,35,18,134,0
4,35,18,135,0
4,35,18,136,0
4,35,18,137,0
4,35,18,138,0
4,35,18,139,0
4,35,18,140,0
4,35,18,141,0
4,35,18,142,0
4,35,18,143,0
4,35,18,144,0
4,35,18,145,0
4,35,18,146,0
4,35,18,147,0
4,35,18,148,0
4,35,18,149,0
4,35,18,150,0
4,35,18,151,0
4,35,18,152,0
4,35,18,153,0
4,35,18,154,0
4,35,18,155,0
4,35,18,156,0
4,35,18,157,0
4,35,18,158,0
4,35,18,159,0
4,35,18,160,0
4,35,18,161,0
4,35,18,162,0
4,35,18,163,0
4,35,18,164,0
4,35,18,165,0
4,35,18,166,0
4,35,18,167,0
4,35,18,168,0
4,35,18,169,0
4,35,18,170,0
4,35,18,171,0
4,35,18,172,0
4,35,18,173,0
4,35,18,174,0
4,35,18,175,0
4,35,18,176,0
4,35,18,177,0
4,35,18,178,0
4,35,18,179,0
4,35,18,180,0
4,35,18,181,0
4,35,18,182,0
4,35,18,183,0
4,35,18,184,0
4,35,18,185,0
4,35,18,186,0
4,35,18,187,0
4,35,18,188,0
4,35,18,189,0
4,35,18,190,0
4,35,18,191,0
4,35,18,192,0
4,35,18,193,0
4,35,18,194,0
4,35,18,195,0
4,35,18,196,0
4,35,18,197,0
4,35,18,198,0
4,35,18,199,0
4,35,18,200,0
4,35,18,201,0
4,35,18,202,0
4,35,18,203,0
4,35,18,204,0
4,35,18,205,0
4,35,18,206,0
4,35,18,207,0
4,35,18,208,0
4,35,18,209,0
4,35,18,210,0
4,35,18,211,0
4,35,18,212,0
4,35,18,213,0
4,35,18,214,0
4,35,18,215,0
4,35,18,216,0
4,35,18,217,0
4,35,18,218,0
4,35,18,219,0
4,35,18,220,0
4,35,18,221,0
4,35,18,222,0
4,35,18,223,0
4,35,18,224,0
4,35,18,225,0
4,35,18,226,0
4,35,18,227,0
4,35,18,228,0
4,35,18,229,0
4,35,18,230,0
4,35,18,231,0
4,35,18,232,0
4,35,18,233,0
4,35,18,234,0
4,35,18,235,0
4,35,18,236,0
4,35,18,237,0
4,35,18,238,0
4,35,18,239,0
4,35,18,240,0
4,35,18,241,0
4,35,19,0,1109553453455939215352
4,35,19,1,6031330314450837913814
4,35,19,2,15777466146232634911914
4,35,19,3,26039214890495893342922
4,35,19,4,30135931689309404824644
4,35,19,5,25877313850247723494798
4,35,19,6,17104174962487570665924
4,35,19,7,8953413664816901518784
4,35,19,8,3806412703418909066238
4,35,19,9,1345853985717104912874
4,35,19,10,404665785217447057500
4,35,19,11,105555297068391445272
4,35,19,12,24292065047967131624
4,35,19,13,4997777953172384728
4,35,19,14,928642608630159290
4,35,19,15,157161115038170990
4,35,19,16,24393523380344314
4,35,19,17,3489728057317468
4,35,19,18,461634883172826
4,35,19,19,56734992392454
4,35,19,20,6475894466512
4,35,19,21,687399299160
4,35,19,22,67484394252
4,35,19,23,6152788564
4,35,19,24,515132434
4,35,19,25,38832018
4,35,19,26,2625086
4,35,19,27,142878
4,35,19,28,7242
4,35,19,29,124
4,35,19,30,0
4,35,19,31,0
4,35,19,32,0
4,35,19,33,0
4,35,19,34,0
4,35,19,35,0
4,35,19,36,0
4,35,19,37,0
4,35,19,38,0
4,35,19,39,0
4,35,19,40,0
4,35,19,41,0
4,35,19,42,0
4,35,19,43,0
4,35,19,44,0
4,35,19,45,0
4,35,19,46,0
4,35,19,47,0
4,35,19,48,0
4,35,19,49,0
4,35,19,50,0
4,35,19,51,0
4,35,19,52,0
4,35,19,53,0
4,35,19,54,0
4,35,19,55,0
4,35,19,56,0
4,35,19,57,0
4,35,19,58,0
4,35,19,59,0
4,35,19,60,0
4,35,19,61,0
4,35,19,62,0
4,35,19,63,0
4,35,19,64,0
4,35,19,65,0
4,35,19,66,0
4,35,19,67,0
4,35,19,68,0
4,35,19,69,0
4,35,19,70,0
4,35,19,71,0
4,35,19,72,0
4,35,19,73,0
4,35,19,74,0
4,35,19,75,0
4,35,19,76,0
4,35,19,77,0
4,35,19,78,0
4,35,19,79,0
4,35,19,80,0
4,35,19,81,0
4,35,19,82,0
4,35,19,83,0
4,35,19,84,0
4,35,19,85,0
4,35,19,86,0
4,35,19,87,0
4,35,19,88,0
4,35,19,89,0
4,35,19,90,0
4,35,19,91,0
4,35,19,92,0
4,35,19,93,0
4,35,19,94,0
4,35,19,95,0
4,35,19,96,0
4,35,19,97,0
4,35,19,98,0
4,35,19,99,0
4,35,19,100,0
4,35,19,101,0
4,35,19,102,0
4,35,19,103,0
4,35,19,104,0
4,35,19,105,0
4,35,19,106,0
4,35,19,107,0
4,35,19,108,0
4,35,19,109,0
4,35,19,110,0
4,35,19,111,0
4,35,19,112,0
4,35,19,113,0
4,35,19,114,0
4,35,19,115,0
4,35,19,116,0
4,35,19,117,0
4,35,19,118,0
4,35,19,119,0
4,35,19,120,0
4,35,19,121,0
4,35,19,122,0
4,35,19,123,0
4,35,19,124,0
4,35,19,125,0
4,35,19,126,0
4,35,19,127,0
4,35,19,128,0
4,35,19,129,0
4,35,19,130,0
4,35,19,131,0
4,35,19,132,0
4,35,19,133,0
4,35,19,134,0
4,35,19,135,0
4,35,19,136,0
4,35,19,137,0
4,35,19,138,0
4,35,19,139,0
4,35,19,140,0
4,35,19,141,0
4,35,19,142,0
4,35,19,143,0
4,35,19,144,0
4,35,19,145,0
4,35,19,146,0
4,35,19,147,0
4,35,19,148,0
4,35,19,149,0
4,35,19,150,0
4,35,19,151,0
4,35,19,152,0
4,35,19,153,0
4,35,19,154,0
4,35,19,155,0
4,35,19,156,0
4,35,19,157,0
4,35,19,158,0
4,35,19,159,0
4,35,19,160,0
4,35,19,161,0
4,35,19,162,0
4,35,19,163,0
4,35,19,164,0
4,35,19,165,0
4,35,19,166,0
4,35,19,167,0
4,35,19,168,0
4,35,19,169,0
4,35,19,170,0
4,35,19,171,0
4,35,19,172,0
4,35,19,173,0
4,35,19,174,0
4,35,19,175,0
4,35,19,176,0
4,35,19,177,0
4,35,19,178,0
4,35,19,179,0
4,35,19,180,0
4,35,19,181,0
4,35,19,182,0
4,35,19,183,0
4,35,19,184,0
4,35,19,185,0
4,35,19,186,0
4,35,19,187,0
4,35,19,188,0
4,35,19,189,0
4,35,19,190,0
4,35,19,191,0
4,35,19,192,0
4,35,19,193,0
4,35,19,194,0
4,35,19,195,0
4,35,19,196,0
4,35,19,197,0
4,35,19,198,0
4,35,19,199,0
4,35,19,200,0
4,35,19,201,0
4,35,19,202,0
4,35,19,203,0
4,35,19,204,0
4,35,19,205,0
4,35,19,206,0
4,35,19,207,0
4,35,19,208,0
4,35,19,209,0
4,35,19,210,0
4,35,19,211,0
4,35,19,212,0
4,35,19,213,0
4,35,19,214,0
4,35,19,215,0
4,35,19,216,0
4,35,19,217,0
4,35,19,218,0
4,35,19,219,0
4,35,19,220,0
4,35,19,221,0
4,35,19,222,0
4,35,19,223,0
4,35,19,224,0
4,35,19,225,0
4,35,19,226,0
4,35,19,227,0
4,35,19,228,0
4,35,19,229,0
4,35,19,230,0
4,35,19,231,0
4,35,19,232,0
4,35,19,233,0
4,35,19,234,0
4,35,19,235,0
4,35,19,236,0
4,35,19,237,0
4,35,19,238,0
4,35,19,239,0
4,35,19,240,0
4,35,19,241,0
4,35,20,0,3788055730785499741395
4,35,20,1,23164860954651294166514
4,35,20,2,68457532153194634068767
4,35,20,3,128316313426730928908921
4,35,20,4,169641992063998897858059
4,35,20,5,167355637417700532529882
4,35,20,6,127702665377314178423207
4,35,20,7,77416286854812549631742
4,35,20,8,38145314220247981710151
4,35,20,9,15603452582839490326476
4,35,20,10,5406350296880201793870
4,35,20,11,1616608430549413132737
4,35,20,12,424155604870499325288
4,35,20,13,99010741838219618848
4,35,20,14,20790770588895772786
4,35,20,15,3962451600358303845
4,35,20,16,690563892948717492
4,35,20,17,110710562318066003
4,35,20,18,16398253133656434
4,35,20,19,2253097151114027
4,35,20,20,287998874878507
4,35,20,21,34294381173055
4,35,20,22,3802938774343
4,35,20,23,392593252274
4,35,20,24,37769550528
4,35,20,25,3342192099
4,35,20,26,273535519
4,35,20,27,19518687
4,35,20,28,1339452
4,35,20,29,64579
4,35,20,30,3082
4,35,20,31,31
4,35,20,32,0
4,35,20,33,0
4,35,20,34,0
4,35,20,35,0
4,35,20,36,0
4,35,20,37,0
4,35,20,38,0
4,35,20,39,0
4,35,20,40,0
4,35,20,41,0
4,35,20,42,0
4,35,20,43,0
4,35,20,44,0
4,35,20,45,0
4,35,20,46,0
4,35,20,47,0
4,35,20,48,0
4,35,20,49,0
4,35,20,50,0
4,35,20,51,0
4,35,20,52,0
4,35,20,53,0
4,35,20,54,0
4,35,20,55,0
4,35,20,56,0
4,35,20,57,0
4,35,20,58,0
4,35,20,59,0
4,35,20,60,0
4,35,20,61,0
4,35,20,62,0
4,35,20,63,0
4,35,20,64,0
4,35,20,65,0
4,35,20,66,0
4,35,20,67,0
4,35,20,68,0
4,35,20,69,0
4,35,20,70,0
4,35,20,71,0
4,35,20,72,0
4,35,20,73,0
4,35,20,74,0
4,35,20,75,0
4,35,20,76,0
4,35,20,77,0
4,35,20,78,0
4,35,20,79,0
4,35,20,80,0
4,35,20,81,0
4,35,20,82,0
4,35,20,83,0
4,35,20,84,0
4,35,20,85,0
4,35,20,86,0
4,35,20,87,0
4,35,20,88,0
4,35,20,89,0
4,35,20,90,0
4,35,20,91,0
4,35,20,92,0
4,35,20,93,0
4,35,20,94,0
4,35,20,95,0
4,35,20,96,0
4,35,20,97,0
4,35,20,98,0
4,35,20,99,0
4,35,20,100,0
4,35,20,101,0
4,35,20,102,0
4,35,20,103,0
4,35,20,104,0
4,35,20,105,0
4,35,20,106,0
4,35,20,107,0
4,35,20,108,0
4,35,20,109,0
4,35,20,110,0
4,35,20,111,0
4,35,20,112,0
4,35,20,113,0
4,35,20,114,0
4,35,20,115,0
4,35,20,116,0
4,35,20,117,0
4,35,20,118,0
4,35,20,119,0
4,35,20,120,0
4,35,20,121,0
4,35,20,122,0
4,35,20,123,0
4,35,20,124,0
4,35,20,125,0
4,35,20,126,0
4,35,20,127,0
4,35,20,128,0
4,35,20,129,0
4,35,20,130,0
4,35,20,131,0
4,35,20,132,0
4,35,20,133,0
4,35,20,134,0
4,35,20,135,0
4,35,20,136,0
4,35,20,137,0
4,35,20,138,0
4,35,20,139,0
4,35,20,140,0
4,35,20,141,0
4,35,20,142,0
4,35,20,143,0
4,35,20,144,0
4,35,20,145,0
4,35,20,146,0
4,35,20,147,0
4,35,20,148,0
4,35,20,149,0
4,35,20,150,0
4,35,20,151,0
4,35,20,152,0
4,35,20,153,0
4,35,20,154,0
4,35,20,155,0
4,35,20,156,0
4,35,20,157,0
4,35,20,158,0
4,35,20,159,0
4,35,20,160,0
4,35,20,161,0
4,35,20,162,0
4,35,20,163,0
4,35,20,164,0
4,35,20,165,0
4,35,20,166,0
4,35,20,167,0
4,35,20,168,0
4,35,20,169,0
4,35,20,170,0
4,35,20,171,0
4,35,20,172,0
4,35,20,173,0
4,35,20,174,0
4,35,20,175,0
4,35,20,176,0
4,35,20,177,0
4,35,20,178,0
4,35,20,179,0
4,35,20,180,0
4,35,20,181,0
4,35,20,182,0
4,35,20,183,0
4,35,20,184,0
4,35,20,185,0
4,35,20,186,0
4,35,20,187,0
4,35,20,188,0
4,35,20,189,0
4,35,20,190,0
4,35,20,191,0
4,35,20,192,0
4,35,20,193,0
4,35,20,194,0
4,35,20,195,0
4,35,20,196,0
4,35,20,197,0
4,35,20,198,0
4,35,20,199,0
4,35,20,200,0
4,35,20,201,0
4,35,20,202,0
4,35,20,203,0
4,35,20,204,0
4,35,20,205,0
4,35,20,206,0
4,35,20,207,0
4,35,20,208,0
4,35,20,209,0
4,35,20,210,0
4,35,20,211,0
4,35,20,212,0
4,35,20,213,0
4,35,20,214,0
4,35,20,215,0
4,35,20,216,0
4,35,20,217,0
4,35,20,218,0
4,35,20,219,0
4,35,20,220,0
4,35,20,221,0
4,35,20,222,0
4,35,20,223,0
4,35,20,224,0
4,35,20,225,0
4,35,20,226,0
4,35,20,227,0
4,35,20,228,0
4,35,20,229,0
4,35,20,230,0
4,35,20,231,0
4,35,20,232,0
4,35,20,233,0
4,35,20,234,0
4,35,20,235,0
4,35,20,236,0
4,35,20,237,0
4,35,20,238,0
4,35,20,239,0
4,35,20,240,0
4,35,20,241,0
4,35,21,0,11779347546280551653834
4,35,21,1,80592806649743558005178
4,35,21,2,267512226209502401019406
4,35,21,3,565928568880808386582932
4,35,21,4,848937475840775131753160
4,35,21,5,955327653168502297813828
4,35,21,6,835506054730796140593086
4,35,21,7,582601241594936193655004
4,35,21,8,330782796021772711624786
4,35,21,9,155857780094810190622566
4,35,21,10,62054312175543405623760
4,35,21,11,21238190128182321531726
4,35,21,12,6347813711334128822112
4,35,21,13,1680051277411740957912
4,35,21,14,398337749726884279706
4,35,21,15,85412622216637391320
4,35,21,16,16693632939851367906
4,35,21,17,2993596581687144212
4,35,21,18,495119002060869828
4,35,21,19,75847706141183706
4,35,21,20,10801136613229200
4,35,21,21,1433634564927838
4,35,21,22,177588313280306
4,35,21,23,20539444142374
4,35,21,24,2220891261062
4,35,21,25,223765426998
4,35,21,26,21008784252
4,35,21,27,1799036222
4,35,21,28,144700338
4,35,21,29,10036020
4,35,21,30,639680
4,35,21,31,30484
4,35,21,32,1258
4,35,21,33,0
4,35,21,34,0
4,35,21,35,0
4,35,21,36,0
4,35,21,37,0
4,35,21,38,0
4,35,21,39,0
4,35,21,40,0
4,35,21,41,0
4,35,21,42,0
4,35,21,43,0
4,35,21,44,0
4,35,21,45,0
4,35,21,46,0
4,35,21,47,0
4,35,21,48,0
4,35,21,49,0
4,35,21,50,0
4,35,21,51,0
4,35,21,52,0
4,35,21,53,0
4,35,21,54,0
4,35,21,55,0
4,35,21,56,0
4,35,21,57,0
4,35,21,58,0
4,35,21,59,0
4,35,21,60,0
4,35,21,61,0
4,35,21,62,0
4,35,21,63,0
4,35,21,64,0
4,35,21,65,0
4,35,21,66,0
4,35,21,67,0
4,35,21,68,0
4,35,21,69,0
4,35,21,70,0
4,35,21,71,0
4,35,21,72,0
4,35,21,73,0
4,35,21,74,0
4,35,21,75,0
4,35,21,76,0
4,35,21,77,0
4,35,21,78,0
4,35,21,79,0
4,35,21,80,0
4,35,21,81,0
4,35,21,82,0
4,35,21,83,0
4,35,21,84,0
4,35,21,85,0
4,35,21,86,0
4,35,21,87,0
4,35,21,88,0
4,35,21,89,0
4,35,21,90,0
4,35,21,91,0
4,35,21,92,0
4,35,21,93,0
4,35,21,94,0
4,35,21,95,0
4,35,21,96,0
4,35,21,97,0
4,35,21,98,0
4,35,21,99,0
4,35,21,100,0
4,35,21,101,0
4,35,21,102,0
4,35,21,103,0
4,35,21,104,0
4,35,21,105,0
4,35,21,106,0
4,35,21,107,0
4,35,21,108,0
4,35,21,109,0
4,35,21,110,0
4,35,21,111,0
4,35,21,112,0
4,35,21,113,0
4,35,21,114,0
4,35,21,115,0
4,35,21,116,0
4,35,21,117,0
4,35,21,118,0
4,35,21,119,0
4,35,21,120,0
4,35,21,121,0
4,35,21,122,0
4,35,21,123,0
4,35,21,124,0
4,35,21,125,0
4,35,21,126,0
4,35,21,127,0
4,35,21,128,0
4,35,21,129,0
4,35,21,130,0
4,35,21,131,0
4,35,21,132,0
4,35,21,133,0
4,35,21,134,0
4,35,21,135,0
4,35,21,136,0
4,35,21,137,0
4,35,21,138,0
4,35,21,139,0
4,35,21,140,0
4,35,21,141,0
4,35,21,142,0
4,35,21,143,0
4,35,21,144,0
4,35,21,145,0
4,35,21,146,0
4,35,21,147,0
4,35,21,148,0
4,35,21,149,0
4,35,21,150,0
4,35,21,151,0
4,35,21,152,0
4,35,21,153,0
4,35,21,154,0
4,35,21,155,0
4,35,21,156,0
4,35,21,157,0
4,35,21,158,0
4,35,21,159,0
4,35,21,160,0
4,35,21,161,0
4,35,21,162,0
4,35,21,163,0
4,35,21,164,0
4,35,21,165,0
4,35,21,166,0
4,35,21,167,0
4,35,21,168,0
4,35,21,169,0
4,35,21,170,0
4,35,21,171,0
4,35,21,172,0
4,35,21,173,0
4,35,21,174,0
4,35,21,175,0
4,35,21,176,0
4,35,21,177,0
4,35,21,178,0
4,35,21,179,0
4,35,21,180,0
4,35,21,181,0
4,35,21,182,0
4,35,21,183,0
4,35,21,184,0
4,35,21,185,0
4,35,21,186,0
4,35,21,187,0
4,35,21,188,0
4,35,21,189,0
4,35,21,190,0
4,35,21,191,0
4,35,21,192,0
4,35,21,193,0
4,35,21,194,0
4,35,21,195,0
4,35,21,196,0
4,35,21,197,0
4,35,21,198,0
4,35,21,199,0
4,35,21,200,0
4,35,21,201,0
4,35,21,202,0
4,35,21,203,0
4,35,21,204,0
4,35,21,205,0
4,35,21,206,0
4,35,21,207,0
4,35,21,208,0
4,35,21,209,0
4,35,21,210,0
4,35,21,211,0
4,35,21,212,0
4,35,21,213,0
4,35,21,214,0
4,35,21,215,0
4,35,21,216,0
4,35,21,217,0
4,35,21,218,0
4,35,21,219,0
4,35,21,220,0
4,35,21,221,0
4,35,21,222,0
4,35,21,223,0
4,35,21,224,0
4,35,21,225,0
4,35,21,226,0
4,35,21,227,0
4,35,21,228,0
4,35,21,229,0
4,35,21,230,0
4,35,21,231,0
4,35,21,232,0
4,35,21,233,0
4,35,21,234,0
4,35,21,235,0
4,35,21,236,0
4,35,21,237,0
4,35,21,238,0
4,35,21,239,0
4,35,21,240,0
4,35,21,241,0
4,35,22,0,33414086177223707581066
4,35,22,1,254498337895300445425019
4,35,22,2,943853560649045568197951
4,35,22,3,2240945213498677731118414
4,35,22,4,3791178590563588698113447
4,35,22,5,4835374966742706463586169
4,35,22,6,4815117476556783395555843
4,35,22,7,3837484587450856702749151
4,35,22,8,2496288505853826427332717
4,35,22,9,1348560163838957128156142
4,35,22,10,614930438962571175653962
4,35,22,11,240389146119658671583686
4,35,22,12,81756198381690764674106
4,35,22,13,24517648898658360648185
4,35,22,14,6559824509178980215969
4,35,22,15,1581455488959226388152
4,35,22,16,346383898114331876668
4,35,22,17,69409470071327499321
4,35,22,18,12798372363214024199
4,35,22,19,2181828652838879250
4,35,22,20,345257332218502352
4,35,22,21,50882574251947683
4,35,22,22,7000612524568879
4,35,22,23,900461681631156
4,35,22,24,108424124463487
4,35,22,25,12223276477082
4,35,22,26,1290186282352
4,35,22,27,126575836188
4,35,22,28,11597652485
4,35,22,29,976619215
4,35,22,30,74985897
4,35,22,31,5135779
4,35,22,32,307784
4,35,22,33,13824
4,35,22,34,420
4,35,22,35,0
4,35,22,36,0
4,35,22,37,0
4,35,22,38,0
4,35,22,39,0
4,35,22,40,0
4,35,22,41,0
4,35,22,42,0
4,35,22,43,0
4,35,22,44,0
4,35,22,45,0
4,35,22,46,0
4,35,22,47,0
4,35,22,48,0
4,35,22,49,0
4,35,22,50,0
4,35,22,51,0
4,35,22,52,0
4,35,22,53,0
4,35,22,54,0
4,35,22,55,0
4,35,22,56,0
4,35,22,57,0
4,35,22,58,0
4,35,22,59,0
4,35,22,60,0
4,35,22,61,0
4,35,22,62,0
4,35,22,63,0
4,35,22,64,0
4,35,22,65,0
4,35,22,66,0
4,35,22,67,0
4,35,22,68,0
4,35,22,69,0
4,35,22,70,0
4,35,22,71,0
4,35,22,72,0
4,35,22,73,0
4,35,22,74,0
4,35,22,75,0
4,35,22,76,0
4,35,22,77,0
4,35,22,78,0
4,35,22,79,0
4,35,22,80,0
4,35,22,81,0
4,35,22,82,0
4,35,22,83,0
4,35,22,84,0
4,35,22,85,0
4,35,22,86,0
4,35,22,87,0
4,35,22,88,0
4,35,22,89,0
4,35,22,90,0
4,35,22,91,0
4,35,22,92,0
4,35,22,93,0
4,35,22,94,0
4,35,22,95,0
4,35,22,96,0
4,35,22,97,0
4,35,22,98,0
4,35,22,99,0
4,35,22,100,0
4,35,22,101,0
4,35,22,102,0
4,35,22,103,0
4,35,22,104,0
4,35,22,105,0
4,35,22,106,0
4,35,22,107,0
4,35,22,108,0
4,35,22,109,0
4,35,22,110,0
4,35,22,111,0
4,35,22,112,0
4,35,22,113,0
4,35,22,114,0
4,35,22,115,0
4,35,22,116,0
4,35,22,117,0
4,35,22,118,0
4,35,22,119,0
4,35,22,120,0
4,35,22,121,0
4,35,22,122,0
4,35,22,123,0
4,35,22,124,0
4,35,22,125,0
4,35,22,126,0
4,35,22,127,0
4,35,22,128,0
4,35,22,129,0
4,35,22,130,0
4,35,22,131,0
4,35,22,132,0
4,35,22,133,0
4,35,22,134,0
4,35,22,135,0
4,35,22,136,0
4,35,22,137,0
4,35,22,138,0
4,35,22,139,0
4,35,22,140,0
4,35,22,141,0
4,35,22,142,0
4,35,22,143,0
4,35,22,144,0
4,35,22,145,0
4,35,22,146,0
4,35,22,147,0
4,35,22,148,0
4,35,22,149,0
4,35,22,150,0
4,35,22,151,0
4,35,22,152,0
4,35,22,153,0
4,35,22,154,0
4,35,22,155,0
4,35,22,156,0
4,35,22,157,0
4,35,22,158,0
4,35,22,159,0
4,35,22,160,0
4,35,22,161,0
4,35,22,162,0
4,35,22,163,0
4,35,22,164,0
4,35,22,165,0
4,35,22,166,0
4,35,22,167,0
4,35,22,168,0
4,35,22,169,0
4,35,22,170,0
4,35,22,171,0
4,35,22,172,0
4,35,22,173,0
4,35,22,174,0
4,35,22,175,0
4,35,22,176,0
4,35,22,177,0
4,35,22,178,0
4,35,22,179,0
4,35,22,180,0
4,35,22,181,0
4,35,22,182,0
4,35,22,183,0
4,35,22,184,0
4,35,22,185,0
4,35,22,186,0
4,35,22,187,0
4,35,22,188,0
4,35,22,189,0
4,35,22,190,0
4,35,22,191,0
4,35,22,192,0
4,35,22,193,0
4,35,22,194,0
4,35,22,195,0
4,35,22,196,0
4,35,22,197,0
4,35,22,198,0
4,35,22,199,0
4,35,22,200,0
4,35,22,201,0
4,35,22,202,0
4,35,22,203,0
4,35,22,204,0
4,35,22,205,0
4,35,22,206,0
4,35,22,207,0
4,35,22,208,0
4,35,22,209,0
4,35,22,210,0
4,35,22,211,0
4,35,22,212,0
4,35,22,213,0
4,35,22,214,0
4,35,22,215,0
4,35,22,216,0
4,35,22,217,0
4,35,22,218,0
4,35,22,219,0
4,35,22,220,0
4,35,22,221,0
4,35,22,222,0
4,35,22,223,0
4,35,22,224,0
4,35,22,225,0
4,35,22,226,0
4,35,22,227,0
4,35,22,228,0
4,35,22,229,0
4,35,22,230,0
4,35,22,231,0
4,35,22,232,0
4,35,22,233,0
4,35,22,234,0
4,35,22,235,0
4,35,22,236,0
4,35,22,237,0
4,35,22,238,0
4,35,22,239,0
4,35,22,240,0
4,35,22,241,0
4,35,23,0,86580444577461058236314
4,35,23,1,730715580270402879470098
4,35,23,2,3013352779511712550158706
4,35,23,3,7988379062629453569096992
4,35,23,4,15158214843615934902277386
4,35,23,5,21785124295510190447560168
4,35,23,6,24553383586312834269409370
4,35,23,7,22232644858013724091585318
4,35,23,8,16478416397406056420174580
4,35,23,9,10158238350275364857206226
4,35,23,10,5285438177137773353523444
4,35,23,11,2353981030653464933898582
4,35,23,12,909573280719890822856810
4,35,23,13,308809013926866220112948
4,35,23,14,93188027910675917121020
4,35,23,15,25247470307151535465246
4,35,23,16,6194185083585902998878
4,35,23,17,1386175258224610491946
4,35,23,18,284709670587094198962
4,35,23,19,53949310566793390042
4,35,23,20,9472231454645153616
4,35,23,21,1546702729468764808
4,35,23,22,235597588337154356
4,35,23,23,33551698670765720
4,35,23,24,4474884739605152
4,35,23,25,559616261575398
4,35,23,26,65681906217068
4,35,23,27,7220895634954
4,35,23,28,743255754406
4,35,23,29,71488408466
4,35,23,30,6367963784
4,35,23,31,523926046
4,35,23,32,39037130
4,35,23,33,2603262
4,35,23,34,140178
4,35,23,35,6500
4,35,23,36,120
4,35,23,37,0
4,35,23,38,0
4,35,23,39,0
4,35,23,40,0
4,35,23,41,0
4,35,23,42,0
4,35,23,43,0
4,35,23,44,0
4,35,23,45,0
4,35,23,46,0
4,35,23,47,0
4,35,23,48,0
4,35,23,49,0
4,35,23,50,0
4,35,23,51,0
4,35,23,52,0
4,35,23,53,0
4,35,23,54,0
4,35,23,55,0
4,35,23,56,0
4,35,23,57,0
4,35,23,58,0
4,35,23,59,0
4,35,23,60,0
4,35,23,61,0
4,35,23,62,0
4,35,23,63,0
4,35,23,64,0
4,35,23,65,0
4,35,23,66,0
4,35,23,67,0
4,35,23,68,0
4,35,23,69,0
4,35,23,70,0
4,35,23,71,0
4,35,23,72,0
4,35,23,73,0
4,35,23,74,0
4,35,23,75,0
4,35,23,76,0
4,35,23,77,0
4,35,23,78,0
4,35,23,79,0
4,35,23,80,0
4,35,23,81,0
4,35,23,82,0
4,35,23,83,0
4,35,23,84,0
4,35,23,85,0
4,35,23,86,0
4,35,23,87,0
4,35,23,88,0
4,35,23,89,0
4,35,23,90,0
4,35,23,91,0
4,35,23,92,0
4,35,23,93,0
4,35,23,94,0
4,35,23,95,0
4,35,23,96,0
4,35,23,97,0
4,35,23,98,0
4,35,23,99,0
4,35,23,100,0
4,35,23,101,0
4,35,23,102,0
4,35,23,103,0
4,35,23,104,0
4,35,23,105,0
4,35,23,106,0
4,35,23,107,0
4,35,23,108,0
4,35,23,109,0
4,35,23,110,0
4,35,23,111,0
4,35,23,112,0
4,35,23,113,0
4,35,23,114,0
4,35,23,115,0
4,35,23,116,0
4,35,23,117,0
4,35,23,118,0
4,35,23,119,0
4,35,23,120,0
4,35,23,121,0
4,35,23,122,0
4,35,23,123,0
4,35,23,124,0
4,35,23,125,0
4,35,23,126,0
4,35,23,127,0
4,35,23,128,0
4,35,23,129,0
4,35,23,130,0
4,35,23,131,0
4,35,23,132,0
4,35,23,133,0
4,35,23,134,0
4,35,23,135,0
4,35,23,136,0
4,35,23,137,0
4,35,23,138,0
4,35,23,139,0
4,35,23,140,0
4,35,23,141,0
4,35,23,142,0
4,35,23,143,0
4,35,23,144,0
4,35,23,145,0
4,35,23,146,0
4,35,23,147,0
4,35,23,148,0
4,35,23,149,0
4,35,23,150,0
4,35,23,151,0
4,35,23,152,0
4,35,23,153,0
4,35,23,154,0
4,35,23,155,0
4,35,23,156,0
4,35,23,157,0
4,35,23,158,0
4,35,23,159,0
4,35,23,160,0
4,35,23,161,0
4,35,23,162,0
4,35,23,163,0
4,35,23,164,0
4,35,23,165,0
4,35,23,166,0
4,35,23,167,0
4,35,23,168,0
4,35,23,169,0
4,35,23,170,0
4,35,23,171,0
4,35,23,172,0
4,35,23,173,0
4,35,23,174,0
4,35,23,175,0
4,35,23,176,0
4,35,23,177,0
4,35,23,178,0
4,35,23,179,0
4,35,23,180,0
4,35,23,181,0
4,35,23,182,0
4,35,23,183,0
4,35,23,184,0
4,35,23,185,0
4,35,23,186,0
4,35,23,187,0
4,35,23,188,0
4,35,23,189,0
4,35,23,190,0
4,35,23,191,0
4,35,23,192,0
4,35,23,193,0
4,35,23,194,0
4,35,23,195,0
4,35,23,196,0
4,35,23,197,0
4,35,23,198,0
4,35,23,199,0
4,35,23,200,0
4,35,23,201,0
4,35,23,202,0
4,35,23,203,0
4,35,23,204,0
4,35,23,205,0
4,35,23,206,0
4,35,23,207,0
4,35,23,208,0
4,35,23,209,0
4,35,23,210,0
4,35,23,211,0
4,35,23,212,0
4,35,23,213,0
4,35,23,214,0
4,35,23,215,0
4,35,23,216,0
4,35,23,217,0
4,35,23,218,0
4,35,23,219,0
4,35,23,220,0
4,35,23,221,0
4,35,23,222,0
4,35,23,223,0
4,35,23,224,0
4,35,23,225,0
4,35,23,226,0
4,35,23,227,0
4,35,23,228,0
4,35,23,229,0
4,35,23,230,0
4,35,23,231,0
4,35,23,232,0
4,35,23,233,0
4,35,23,234,0
4,35,23,235,0
4,35,23,236,0
4,35,23,237,0
4,35,23,238,0
4,35,23,239,0
4,35,23,240,0
4,35,23,241,0
4,35,24,0,205160603152229053915504
4,35,24,1,1910455394480366993917422
4,35,24,2,8721562614626189502912332
4,35,24,3,25694873795329015804793550
4,35,24,4,54414195633995805489357384
4,35,24,5,87656831348577069046184598
4,35,24,6,111206891127793762552750905
4,35,24,7,113779109888921733893708895
4,35,24,8,95582261765890386292626602
4,35,24,9,66920076602490034329139219
4,35,24,10,39575603993548546215833598
4,35,24,11,20021946287713979585900365
4,35,24,12,8772333131767750776449824
4,35,24,13,3367874677512875500069681
4,35,24,14,1145519274222542715397341
4,35,24,15,348637586982358689156198
4,35,24,16,95776351035928268546286
4,35,24,17,23928634690103784342069
4,35,24,18,5472120758236453645907
4,35,24,19,1151775376368132455988
4,35,24,20,224175293675353346590
4,35,24,21,40508806123191346535
4,35,24,22,6819252087077347471
4,35,24,23,1072416398743628703
4,35,24,24,157901432518286216
4,35,24,25,21804643543563131
4,35,24,26,2827996022083614
4,35,24,27,344608560782933
4,35,24,28,39435535017832
4,35,24,29,4238045033763
4,35,24,30,426310759981
4,35,24,31,40037302524
4,35,24,32,3484626220
4,35,24,33,280154875
4,35,24,34,19969069
4,35,24,35,1306580
4,35,24,36,64454
4,35,24,37,2811
4,35,24,38,30
4,35,24,39,0
4,35,24,40,0
4,35,24,41,0
4,35,24,42,0
4,35,24,43,0
4,35,24,44,0
4,35,24,45,0
4,35,24,46,0
4,35,24,47,0
4,35,24,48,0
4,35,24,49,0
4,35,24,50,0
4,35,24,51,0
4,35,24,52,0
4,35,24,53,0
4,35,24,54,0
4,35,24,55,0
4,35,24,56,0
4,35,24,57,0
4,35,24,58,0
4,35,24,59,0
4,35,24,60,0
4,35,24,61,0
4,35,24,62,0
4,35,24,63,0
4,35,24,64,0
4,35,24,65,0
4,35,24,66,0
4,35,24,67,0
4,35,24,68,0
4,35,24,69,0
4,35,24,70,0
4,35,24,71,0
4,35,24,72,0
4,35,24,73,0
4,35,24,74,0
4,35,24,75,0
4,35,24,76,0
4,35,24,77,0
4,35,24,78,0
4,35,24,79,0
4,35,24,80,0
4,35,24,81,0
4,35,24,82,0
4,35,24,83,0
4,35,24,84,0
4,35,24,85,0
4,35,24,86,0
4,35,24,87,0
4,35,24,88,0
4,35,24,89,0
4,35,24,90,0
4,35,24,91,0
4,35,24,92,0
4,35,24,93,0
4,35,24,94,0
4,35,24,95,0
4,35,24,96,0
4,35,24,97,0
4,35,24,98,0
4,35,24,99,0
4,35,24,100,0
4,35,24,101,0
4,35,24,102,0
4,35,24,103,0
4,35,24,104,0
4,35,24,105,0
4,35,24,106,0
4,35,24,107,0
4,35,24,108,0
4,35,24,109,0
4,35,24,110,0
4,35,24,111,0
4,35,24,112,0
4,35,24,113,0
4,35,24,114,0
4,35,24,115,0
4,35,24,116,0
4,35,24,117,0
4,35,24,118,0
4,35,24,119,0
4,35,24,120,0
4,35,24,121,0
4,35,24,122,0
4,35,24,123,0
4,35,24,124,0
4,35,24,125,0
4,35,24,126,0
4,35,24,127,0
4,35,24,128,0
4,35,24,129,0
4,35,24,130,0
4,35,24,131,0
4,35,24,132,0
4,35,24,133,0
4,35,24,134,0
4,35,24,135,0
4,35,24,136,0
4,35,24,137,0
4,35,24,138,0
4,35,24,139,0
4,35,24,140,0
4,35,24,141,0
4,35,24,142,0
4,35,24,143,0
4,35,24,144,0
4,35,24,145,0
4,35,24,146,0
4,35,24,147,0
4,35,24,148,0
4,35,24,149,0
4,35,24,150,0
4,35,24,151,0
4,35,24,152,0
4,35,24,153,0
4,35,24,154,0
4,35,24,155,0
4,35,24,156,0
4,35,24,157,0
4,35,24,158,0
4,35,24,159,0
4,35,24,160,0
4,35,24,161,0
4,35,24,162,0
4,35,24,163,0
4,35,24,164,0
4,35,24,165,0
4,35,24,166,0
4,35,24,167,0
4,35,24,168,0
4,35,24,169,0
4,35,24,170,0
4,35,24,171,0
4,35,24,172,0
4,35,24,173,0
4,35,24,174,0
4,35,24,175,0
4,35,24,176,0
4,35,24,177,0
4,35,24,178,0
4,35,24,179,0
4,35,24,180,0
4,35,24,181,0
4,35,24,182,0
4,35,24,183,0
4,35,24,184,0
4,35,24,185,0
4,35,24,186,0
4,35,24,187,0
4,35,24,188,0
4,35,24,189,0
4,35,24,190,0
4,35,24,191,0
4,35,24,192,0
4,35,24,193,0
4,35,24,194,0
4,35,24,195,0
4,35,24,196,0
4,35,24,197,0
4,35,24,198,0
4,35,24,199,0
4,35,24,200,0
4,35,24,201,0
4,35,24,202,0
4,35,24,203,0
4,35,24,204,0
4,35,24,205,0
4,35,24,206,0
4,35,24,207,0
4,35,24,208,0
4,35,24,209,0
4,35,24,210,0
4,35,24,211,0
4,35,24,212,0
4,35,24,213,0
4,35,24,214,0
4,35,24,215,0
4,35,24,216,0
4,35,24,217,0
4,35,24,218,0
4,35,24,219,0
4,35,24,220,0
4,35,24,221,0
4,35,24,222,0
4,35,24,223,0
4,35,24,224,0
4,35,24,225,0
4,35,24,226,0
4,35,24,227,0
4,35,24,228,0
4,35,24,229,0
4,35,24,230,0
4,35,24,231,0
4,35,24,232,0
4,35,24,233,0
4,35,24,234,0
4,35,24,235,0
4,35,24,236,0
4,35,24,237,0
4,35,24,238,0
4,35,24,239,0
4,35,24,240,0
4,35,24,241,0
4,35,25,0,445028736045198155951184
4,35,25,1,4554208769795854171566722
4,35,25,2,22921339553525763799220690
4,35,25,3,74723449031296519402528706
4,35,25,4,175796180273179046113716686
4,35,25,5,315897413099357411773029848
4,35,25,6,448853593655979056110272426
4,35,25,7,516267742242154534714719530
4,35,25,8,489127259249225479323387816
4,35,25,9,387147400260920880365212404
4,35,25,10,259190138400021121580091408
4,35,25,11,148477517784727004233886834
4,35,25,12,73591554582470110090161938
4,35,25,13,31900318855565761907733626
4,35,25,14,12218880259774797607714098
4,35,25,15,4175434799096745984349094
4,35,25,16,1284014335847778912735392
4,35,25,17,358058446398082805153936
4,35,25,18,91146965012443852114408
4,35,25,19,21302827503000657774568
4,35,25,20,4594048546746998587264
4,35,25,21,918057849678616013938
4,35,25,22,170631811649313488998
4,35,25,23,29589294772706628932
4,35,25,24,4799896480291512274
4,35,25,25,729921199664009426
4,35,25,26,104240825260996954
4,35,25,27,13998583831938002
4,35,25,28,1768588611825164
4,35,25,29,210286425731606
4,35,25,30,23517259029866
4,35,25,31,2470088422578
4,35,25,32,242968238712
4,35,25,33,22329380366
4,35,25,34,1892349274
4,35,25,35,148176060
4,35,25,36,10256026
4,35,25,37,635464
4,35,25,38,29902
4,35,25,39,1160
4,35,25,40,0
4,35,25,41,0
4,35,25,42,0
4,35,25,43,0
4,35,25,44,0
4,35,25,45,0
4,35,25,46,0
4,35,25,47,0
4,35,25,48,0
4,35,25,49,0
4,35,25,50,0
4,35,25,51,0
4,35,25,52,0
4,35,25,53,0
4,35,25,54,0
4,35,25,55,0
4,35,25,56,0
4,35,25,57,0
4,35,25,58,0
4,35,25,59,0
4,35,25,60,0
4,35,25,61,0
4,35,25,62,0
4,35,25,63,0
4,35,25,64,0
4,35,25,65,0
4,35,25,66,0
4,35,25,67,0
4,35,25,68,0
4,35,25,69,0
4,35,25,70,0
4,35,25,71,0
4,35,25,72,0
4,35,25,73,0
4,35,25,74,0
4,35,25,75,0
4,35,25,76,0
4,35,25,77,0
4,35,25,78,0
4,35,25,79,0
4,35,25,80,0
4,35,25,81,0
4,35,25,82,0
4,35,25,83,0
4,35,25,84,0
4,35,25,85,0
4,35,25,86,0
4,35,25,87,0
4,35,25,88,0
4,35,25,89,0
4,35,25,90,0
4,35,25,91,0
4,35,25,92,0
4,35,25,93,0
4,35,25,94,0
4,35,25,95,0
4,35,25,96,0
4,35,25,97,0
4,35,25,98,0
4,35,25,99,0
4,35,25,100,0
4,35,25,101,0
4,35,25,102,0
4,35,25,103,0
4,35,25,104,0
4,35,25,105,0
4,35,25,106,0
4,35,25,107,0
4,35,25,108,0
4,35,25,109,0
4,35,25,110,0
4,35,25,111,0
4,35,25,112,0
4,35,25,113,0
4,35,25,114,0
4,35,25,115,0
4,35,25,116,0
4,35,25,117,0
4,35,25,118,0
4,35,25,119,0
4,35,25,120,0
4,35,25,121,0
4,35,25,122,0
4,35,25,123,0
4,35,25,124,0
4,35,25,125,0
4,35,25,126,0
4,35,25,127,0
4,35,25,128,0
4,35,25,129,0
4,35,25,130,0
4,35,25,131,0
4,35,25,132,0
4,35,25,133,0
4,35,25,134,0
4,35,25,135,0
4,35,25,136,0
4,35,25,137,0
4,35,25,138,0
4,35,25,139,0
4,35,25,140,0
4,35,25,141,0
4,35,25,142,0
4,35,25,143,0
4,35,25,144,0
4,35,25,145,0
4,35,25,146,0
4,35,25,147,0
4,35,25,148,0
4,35,25,149,0
4,35,25,150,0
4,35,25,151,0
4,35,25,152,0
4,35,25,153,0
4,35,25,154,0
4,35,25,155,0
4,35,25,156,0
4,35,25,157,0
4,35,25,158,0
4,35,25,159,0
4,35,25,160,0
4,35,25,161,0
4,35,25,162,0
4,35,25,163,0
4,35,25,164,0
4,35,25,165,0
4,35,25,166,0
4,35,25,167,0
4,35,25,168,0
4,35,25,169,0
4,35,25,170,0
4,35,25,171,0
4,35,25,172,0
4,35,25,173,0
4,35,25,174,0
4,35,25,175,0
4,35,25,176,0
4,35,25,177,0
4,35,25,178,0
4,35,25,179,0
4,35,25,180,0
4,35,25,181,0
4,35,25,182,0
4,35,25,183,0
4,35,25,184,0
4,35,25,185,0
4,35,25,186,0
4,35,25,187,0
4,35,25,188,0
4,35,25,189,0
4,35,25,190,0
4,35,25,191,0
4,35,25,192,0
4,35,25,193,0
4,35,25,194,0
4,35,25,195,0
4,35,25,196,0
4,35,25,197,0
4,35,25,198,0
4,35,25,199,0
4,35,25,200,0
4,35,25,201,0
4,35,25,202,0
4,35,25,203,0
4,35,25,204,0
4,35,25,205,0
4,35,25,206,0
4,35,25,207,0
4,35,25,208,0
4,35,25,209,0
4,35,25,210,0
4,35,25,211,0
4,35,25,212,0
4,35,25,213,0
4,35,25,214,0
4,35,25,215,0
4,35,25,216,0
4,35,25,217,0
4,35,25,218,0
4,35,25,219,0
4,35,25,220,0
4,35,25,221,0
4,35,25,222,0
4,35,25,223,0
4,35,25,224,0
4,35,25,225,0
4,35,25,226,0
4,35,25,227,0
4,35,25,228,0
4,35,25,229,0
4,35,25,230,0
4,35,25,231,0
4,35,25,232,0
4,35,25,233,0
4,35,25,234,0
4,35,25,235,0
4,35,25,236,0
4,35,25,237,0
4,35,25,238,0
4,35,25,239,0
4,35,25,240,0
4,35,25,241,0
4,35,26,0,884465528431433011029414
4,35,26,1,9909755602408038513757536
4,35,26,2,54776348447517778980319260
4,35,26,3,196803202302747362002402488
4,35,26,4,512195603822513853592589772
4,35,26,5,1022128005238346785420489331
4,35,26,6,1619079170766458704912600730
4,35,26,7,2083669237599924453836166630
4,35,26,8,2216048608662977531231021087
4,35,26,9,1974159408878010940438522100
4,35,26,10,1490252159738495794678514841
4,35,26,11,963388299765717060967756121
4,35,26,12,538748003188053415135199094
4,35,26,13,263189658233620745256684269
4,35,26,14,113390993916590374752057145
4,35,26,15,43476044288476815664920803
4,35,26,16,14960273808313610393776620
4,35,26,17,4655379557847025361461566
4,35,26,18,1318957516575613307187200
4,35,26,19,342249264700909087126936
4,35,26,20,81759653273488186046807
4,35,26,21,18062368929561348120878
4,35,26,22,3704650900187150858949
4,35,26,23,707836975871189527817
4,35,26,24,126358170000378509328
4,35,26,25,21126580997795030872
4,35,26,26,3315212370370923883
4,35,26,27,489104501505605937
4,35,26,28,67925875982179870
4,35,26,29,8886868176590820
4,35,26,30,1095787447227785
4,35,26,31,127304903779571
4,35,26,32,13921196530191
4,35,26,33,1430838736626
4,35,26,34,137660373792
4,35,26,35,12355251754
4,35,26,36,1024072535
4,35,26,37,77492228
4,35,26,38,5232223
4,35,26,39,308887
4,35,26,40,13098
4,35,26,41,406
4,35,26,42,0
4,35,26,43,0
4,35,26,44,0
4,35,26,45,0
4,35,26,46,0
4,35,26,47,0
4,35,26,48,0
4,35,26,49,0
4,35,26,50,0
4,35,26,51,0
4,35,26,52,0
4,35,26,53,0
4,35,26,54,0
4,35,26,55,0
4,35,26,56,0
4,35,26,57,0
4,35,26,58,0
4,35,26,59,0
4,35,26,60,0
4,35,26,61,0
4,35,26,62,0
4,35,26,63,0
4,35,26,64,0
4,35,26,65,0
4,35,26,66,0
4,35,26,67,0
4,35,26,68,0
4,35,26,69,0
4,35,26,70,0
4,35,26,71,0
4,35,26,72,0
4,35,26,73,0
4,35,26,74,0
4,35,26,75,0
4,35,26,76,0
4,35,26,77,0
4,35,26,78,0
4,35,26,79,0
4,35,26,80,0
4,35,26,81,0
4,35,26,82,0
4,35,26,83,0
4,35,26,84,0
4,35,26,85,0
4,35,26,86,0
4,35,26,87,0
4,35,26,88,0
4,35,26,89,0
4,35,26,90,0
4,35,26,91,0
4,35,26,92,0
4,35,26,93,0
4,35,26,94,0
4,35,26,95,0
4,35,26,96,0
4,35,26,97,0
4,35,26,98,0
4,35,26,99,0
4,35,26,100,0
4,35,26,101,0
4,35,26,102,0
4,35,26,103,0
4,35,26,104,0
4,35,26,105,0
4,35,26,106,0
4,35,26,107,0
4,35,26,108,0
4,35,26,109,0
4,35,26,110,0
4,35,26,111,0
4,35,26,112,0
4,35,26,113,0
4,35,26,114,0
4,35,26,115,0
4,35,26,116,0
4,35,26,117,0
4,35,26,118,0
4,35,26,119,0
4,35,26,120,0
4,35,26,121,0
4,35,26,122,0
4,35,26,123,0
4,35,26,124,0
4,35,26,125,0
4,35,26,126,0
4,35,26,127,0
4,35,26,128,0
4,35,26,129,0
4,35,26,130,0
4,35,26,131,0
4,35,26,132,0
4,35,26,133,0
4,35,26,134,0
4,35,26,135,0
4,35,26,136,0
4,35,26,137,0
4,35,26,138,0
4,35,26,139,0
4,35,26,140,0
4,35,26,141,0
4,35,26,142,0
4,35,26,143,0
4,35,26,144,0
4,35,26,145,0
4,35,26,146,0
4,35,26,147,0
4,35,26,148,0
4,35,26,149,0
4,35,26,150,0
4,35,26,151,0
4,35,26,152,0
4,35,26,153,0
4,35,26,154,0
4,35,26,155,0
4,35,26,156,0
4,35,26,157,0
4,35,26,158,0
4,35,26,159,0
4,35,26,160,0
4,35,26,161,0
4,35,26,162,0
4,35,26,163,0
4,35,26,164,0
4,35,26,165,0
4,35,26,166,0
4,35,26,167,0
4,35,26,168,0
4,35,26,169,0
4,35,26,170,0
4,35,26,171,0
4,35,26,172,0
4,35,26,173,0
4,35,26,174,0
4,35,26,175,0
4,35,26,176,0
4,35,26,177,0
4,35,26,178,0
4,35,26,179,0
4,35,26,180,0
4,35,26,181,0
4,35,26,182,0
4,35,26,183,0
4,35,26,184,0
4,35,26,185,0
4,35,26,186,0
4,35,26,187,0
4,35,26,188,0
4,35,26,189,0
4,35,26,190,0
4,35,26,191,0
4,35,26,192,0
4,35,26,193,0
4,35,26,194,0
4,35,26,195,0
4,35,26,196,0
4,35,26,197,0
4,35,26,198,0
4,35,26,199,0
4,35,26,200,0
4,35,26,201,0
4,35,26,202,0
4,35,26,203,0
4,35,26,204,0
4,35,26,205,0
4,35,26,206,0
4,35,26,207,0
4,35,26,208,0
4,35,26,209,0
4,35,26,210,0
4,35,26,211,0
4,35,26,212,0
4,35,26,213,0
4,35,26,214,0
4,35,26,215,0
4,35,26,216,0
4,35,26,217,0
4,35,26,218,0
4,35,26,219,0
4,35,26,220,0
4,35,26,221,0
4,35,26,222,0
4,35,26,223,0
4,35,26,224,0
4,35,26,225,0
4,35,26,226,0
4,35,26,227,0
4,35,26,228,0
4,35,26,229,0
4,35,26,230,0
4,35,26,231,0
4,35,26,232,0
4,35,26,233,0
4,35,26,234,0
4,35,26,235,0
4,35,26,236,0
4,35,26,237,0
4,35,26,238,0
4,35,26,239,0
4,35,26,240,0
4,35,26,241,0
4,35,27,0,1611766136991158204276548
4,35,27,1,19701888205869477752440120
4,35,27,2,119172624276709459704189116
4,35,27,3,470122967455226265567202554
4,35,27,4,1348224287392938000703507138
4,35,27,5,2975627886538240421002731538
4,35,27,6,5232247479349968306529475774
4,35,27,7,7501308152217640557867498632
4,35,27,8,8916379007489210056416562780
4,35,27,9,8902240664467459067804272406
4,35,27,10,7547572851075952915914624350
4,35,27,11,5487215086437536853727626110
4,35,27,12,3452416678052207777008424202
4,35,27,13,1896650172611097614817106620
4,35,27,14,917745219798161859241646330
4,35,27,15,394448167435644717002624930
4,35,27,16,151800338825283754079989928
4,35,27,17,52698917833560597258039102
4,35,27,18,16615263208950092714181972
4,35,27,19,4786348372350572624779260
4,35,27,20,1266499948220932638289152
4,35,27,21,309273653452875125005104
4,35,27,22,69984094657427990249110
4,35,27,23,14727738914611789380216
4,35,27,24,2891477867553895426468
4,35,27,25,531049956620483217790
4,35,27,26,91453042315244702924
4,35,27,27,14797137302656719170
4,35,27,28,2253171174494280304
4,35,27,29,323287865664401130
4,35,27,30,43748019506872388
4,35,27,31,5586179961327566
4,35,27,32,673067095635186
4,35,27,33,76482573564226
4,35,27,34,8185396922672
4,35,27,35,823191585980
4,35,27,36,77541231082
4,35,27,37,6791676330
4,35,27,38,549137232
4,35,27,39,40617266
4,35,27,40,2621764
4,35,27,41,141642
4,35,27,42,6172
4,35,27,43,116
4,35,27,44,0
4,35,27,45,0
4,35,27,46,0
4,35,27,47,0
4,35,27,48,0
4,35,27,49,0
4,35,27,50,0
4,35,27,51,0
4,35,27,52,0
4,35,27,53,0
4,35,27,54,0
4,35,27,55,0
4,35,27,56,0
4,35,27,57,0
4,35,27,58,0
4,35,27,59,0
4,35,27,60,0
4,35,27,61,0
4,35,27,62,0
4,35,27,63,0
4,35,27,64,0
4,35,27,65,0
4,35,27,66,0
4,35,27,67,0
4,35,27,68,0
4,35,27,69,0
4,35,27,70,0
4,35,27,71,0
4,35,27,72,0
4,35,27,73,0
4,35,27,74,0
4,35,27,75,0
4,35,27,76,0
4,35,27,77,0
4,35,27,78,0
4,35,27,79,0
4,35,27,80,0
4,35,27,81,0
4,35,27,82,0
4,35,27,83,0
4,35,27,84,0
4,35,27,85,0
4,35,27,86,0
4,35,27,87,0
4,35,27,88,0
4,35,27,89,0
4,35,27,90,0
4,35,27,91,0
4,35,27,92,0
4,35,27,93,0
4,35,27,94,0
4,35,27,95,0
4,35,27,96,0
4,35,27,97,0
4,35,27,98,0
4,35,27,99,0
4,35,27,100,0
4,35,27,101,0
4,35,27,102,0
4,35,27,103,0
4,35,27,104,0
4,35,27,105,0
4,35,27,106,0
4,35,27,107,0
4,35,27,108,0
4,35,27,109,0
4,35,27,110,0
4,35,27,111,0
4,35,27,112,0
4,35,27,113,0
4,35,27,114,0
4,35,27,115,0
4,35,27,116,0
4,35,27,117,0
4,35,27,118,0
4,35,27,119,0
4,35,27,120,0
4,35,27,121,0
4,35,27,122,0
4,35,27,123,0
4,35,27,124,0
4,35,27,125,0
4,35,27,126,0
4,35,27,127,0
4,35,27,128,0
4,35,27,129,0
4,35,27,130,0
4,35,27,131,0
4,35,27,132,0
4,35,27,133,0
4,35,27,134,0
4,35,27,135,0
4,35,27,136,0
4,35,27,137,0
4,35,27,138,0
4,35,27,139,0
4,35,27,140,0
4,35,27,141,0
4,35,27,142,0
4,35,27,143,0
4,35,27,144,0
4,35,27,145,0
4,35,27,146,0
4,35,27,147,0
4,35,27,148,0
4,35,27,149,0
4,35,27,150,0
4,35,27,151,0
4,35,27,152,0
4,35,27,153,0
4,35,27,154,0
4,35,27,155,0
4,35,27,156,0
4,35,27,157,0
4,35,27,158,0
4,35,27,159,0
4,35,27,160,0
4,35,27,161,0
4,35,27,162,0
4,35,27,163,0
4,35,27,164,0
4,35,27,165,0
4,35,27,166,0
4,35,27,167,0
4,35,27,168,0
4,35,27,169,0
4,35,27,170,0
4,35,27,171,0
4,35,27,172,0
4,35,27,173,0
4,35,27,174,0
4,35,27,175,0
4,35,27,176,0
4,35,27,177,0
4,35,27,178,0
4,35,27,179,0
4,35,27,180,0
4,35,27,181,0
4,35,27,182,0
4,35,27,183,0
4,35,27,184,0
4,35,27,185,0
4,35,27,186,0
4,35,27,187,0
4,35,27,188,0
4,35,27,189,0
4,35,27,190,0
4,35,27,191,0
4,35,27,192,0
4,35,27,193,0
4,35,27,194,0
4,35,27,195,0
4,35,27,196,0
4,35,27,197,0
4,35,27,198,0
4,35,27,199,0
4,35,27,200,0
4,35,27,201,0
4,35,27,202,0
4,35,27,203,0
4,35,27,204,0
4,35,27,205,0
4,35,27,206,0
4,35,27,207,0
4,35,27,208,0
4,35,27,209,0
4,35,27,210,0
4,35,27,211,0
4,35,27,212,0
4,35,27,213,0
4,35,27,214,0
4,35,27,215,0
4,35,27,216,0
4,35,27,217,0
4,35,27,218,0
4,35,27,219,0
4,35,27,220,0
4,35,27,221,0
4,35,27,222,0
4,35,27,223,0
4,35,27,224,0
4,35,27,225,0
4,35,27,226,0
4,35,27,227,0
4,35,27,228,0
4,35,27,229,0
4,35,27,230,0
4,35,27,231,0
4,35,27,232,0
4,35,27,233,0
4,35,27,234,0
4,35,27,235,0
4,35,27,236,0
4,35,27,237,0
4,35,27,238,0
4,35,27,239,0
4,35,27,240,0
4,35,27,241,0
4,35,28,0,2694874268004466999637994
4,35,28,1,35818879646323517196284236
4,35,28,2,236287904113166669614118076
4,35,28,3,1019871124631098502845956794
4,35,28,4,3211080662004553932863980720
4,35,28,5,7808239557547548644542801848
4,35,28,6,15180424582307575823299080845
4,35,28,7,24146222986466253988932794737
4,35,28,8,31946065543098324624045375677
4,35,28,9,35602980880628913632010001738
4,35,28,10,33772936822668768556715178336
4,35,28,11,27518051646355404976000345761
4,35,28,12,19421862254999755631663953702
4,35,28,13,11970263581539915533695465056
4,35,28,14,6493768639006514019039899515
4,35,28,15,3124935040387069135266906555
4,35,28,16,1344001056709886605630918166
4,35,28,17,520319005057535370907477795
4,35,28,18,182526114927844039674900246
4,35,28,19,58368713957335740629514058
4,35,28,20,17107292167072505882228558
4,35,28,21,4617600253716809103433450
4,35,28,22,1152746193849859188601633
4,35,28,23,267156557596733443472150
4,35,28,24,57670547878718545492204
4,35,28,25,11629674471325219855031
4,35,28,26,2196421531235226810920
4,35,28,27,389370341249419276563
4,35,28,28,64914569986013727214
4,35,28,29,10194066357358491879
4,35,28,30,1509840235931538594
4,35,28,31,211109638092176176
4,35,28,32,27882875908331721
4,35,28,33,3479425069691163
4,35,28,34,410096762042348
4,35,28,35,45613299587689
4,35,28,36,4780505234500
4,35,28,37,470690247618
4,35,28,38,43331609539
4,35,28,39,3721561758
4,35,28,40,292930756
4,35,28,41,20741941
4,35,28,42,1320860
4,35,28,43,64591
4,35,28,44,2660
4,35,28,45,29
4,35,28,46,0
4,35,28,47,0
4,35,28,48,0
4,35,28,49,0
4,35,28,50,0
4,35,28,51,0
4,35,28,52,0
4,35,28,53,0
4,35,28,54,0
4,35,28,55,0
4,35,28,56,0
4,35,28,57,0
4,35,28,58,0
4,35,28,59,0
4,35,28,60,0
4,35,28,61,0
4,35,28,62,0
4,35,28,63,0
4,35,28,64,0
4,35,28,65,0
4,35,28,66,0
4,35,28,67,0
4,35,28,68,0
4,35,28,69,0
4,35,28,70,0
4,35,28,71,0
4,35,28,72,0
4,35,28,73,0
4,35,28,74,0
4,35,28,75,0
4,35,28,76,0
4,35,28,77,0
4,35,28,78,0
4,35,28,79,0
4,35,28,80,0
4,35,28,81,0
4,35,28,82,0
4,35,28,83,0
4,35,28,84,0
4,35,28,85,0
4,35,28,86,0
4,35,28,87,0
4,35,28,88,0
4,35,28,89,0
4,35,28,90,0
4,35,28,91,0
4,35,28,92,0
4,35,28,93,0
4,35,28,94,0
4,35,28,95,0
4,35,28,96,0
4,35,28,97,0
4,35,28,98,0
4,35,28,99,0
4,35,28,100,0
4,35,28,101,0
4,35,28,102,0
4,35,28,103,0
4,35,28,104,0
4,35,28,105,0
4,35,28,106,0
4,35,28,107,0
4,35,28,108,0
4,35,28,109,0
4,35,28,110,0
4,35,28,111,0
4,35,28,112,0
4,35,28,113,0
4,35,28,114,0
4,35,28,115,0
4,35,28,116,0
4,35,28,117,0
4,35,28,118,0
4,35,28,119,0
4,35,28,120,0
4,35,28,121,0
4,35,28,122,0
4,35,28,123,0
4,35,28,124,0
4,35,28,125,0
4,35,28,126,0
4,35,28,127,0
4,35,28,128,0
4,35,28,129,0
4,35,28,130,0
4,35,28,131,0
4,35,28,132,0
4,35,28,133,0
4,35,28,134,0
4,35,28,135,0
4,35,28,136,0
4,35,28,137,0
4,35,28,138,0
4,35,28,139,0
4,35,28,140,0
4,35,28,141,0
4,35,28,142,0
4,35,28,143,0
4,35,28,144,0
4,35,28,145,0
4,35,28,146,0
4,35,28,147,0
4,35,28,148,0
4,35,28,149,0
4,35,28,150,0
4,35,28,151,0
4,35,28,152,0
4,35,28,153,0
4,35,28,154,0
4,35,28,155,0
4,35,28,156,0
4,35,28,157,0
4,35,28,158,0
4,35,28,159,0
4,35,28,160,0
4,35,28,161,0
4,35,28,162,0
4,35,28,163,0
4,35,28,164,0
4,35,28,165,0
4,35,28,166,0
4,35,28,167,0
4,35,28,168,0
4,35,28,169,0
4,35,28,170,0
4,35,28,171,0
4,35,28,172,0
4,35,28,173,0
4,35,28,174,0
4,35,28,175,0
4,35,28,176,0
4,35,28,177,0
4,35,28,178,0
4,35,28,179,0
4,35,28,180,0
4,35,28,181,0
4,35,28,182,0
4,35,28,183,0
4,35,28,184,0
4,35,28,185,0
4,35,28,186,0
4,35,28,187,0
4,35,28,188,0
4,35,28,189,0
4,35,28,190,0
4,35,28,191,0
4,35,28,192,0
4,35,28,193,0
4,35,28,194,0
4,35,28,195,0
4,35,28,196,0
4,35,28,197,0
4,35,28,198,0
4,35,28,199,0
4,35,28,200,0
4,35,28,201,0
4,35,28,202,0
4,35,28,203,0
4,35,28,204,0
4,35,28,205,0
4,35,28,206,0
4,35,28,207,0
4,35,28,208,0
4,35,28,209,0
4,35,28,210,0
4,35,28,211,0
4,35,28,212,0
4,35,28,213,0
4,35,28,214,0
4,35,28,215,0
4,35,28,216,0
4,35,28,217,0
4,35,28,218,0
4,35,28,219,0
4,35,28,220,0
4,35,28,221,0
4,35,28,222,0
4,35,28,223,0
4,35,28,224,0
4,35,28,225,0
4,35,28,226,0
4,35,28,227,0
4,35,28,228,0
4,35,28,229,0
4,35,28,230,0
4,35,28,231,0
4,35,28,232,0
4,35,28,233,0
4,35,28,234,0
4,35,28,235,0
4,35,28,236,0
4,35,28,237,0
4,35,28,238,0
4,35,28,239,0
4,35,28,240,0
4,35,28,241,0
4,35,29,0,4136579337211636924968788
4,35,29,1,59592421958451259773794248
4,35,29,2,427343702154995165392606404
4,35,29,3,2011441709153120962430855782
4,35,29,4,6929038024209821488839594038
4,35,29,5,18497173790089947117649799526
4,35,29,6,39613731524676642167310905540
4,35,29,7,69642126703200433509177454644
4,35,29,8,102160093631175673401256093998
4,35,29,9,126604459862385613162377621642
4,35,29,10,133878090814662283744102095222
4,35,29,11,121837876220735569620726754936
4,35,29,12,96171363427059922178480694646
4,35,29,13,66329498747128088203085376592
4,35,29,14,40261743099570828116203091498
4,35,29,15,21661252687958473649066771866
4,35,29,16,10401608940886337417572767968
4,35,29,17,4488116418300521986045843198
4,35,29,18,1751229495520190035072084794
4,35,29,19,621596885096998996133818634
4,35,29,20,201794359716296041657374548
4,35,29,21,60208973092716840932554548
4,35,29,22,16582914493750298720468322
4,35,29,23,4232498437855755657804800
4,35,29,24,1004548595052214810551598
4,35,29,25,222391310290161691337606
4,35,29,26,46048958739429164088668
4,35,29,27,8939629593482297812792
4,35,29,28,1630545293771999735386
4,35,29,29,279934195328071968190
4,35,29,30,45306709413339718048
4,35,29,31,6921579590026125270
4,35,29,32,999108779681133082
4,35,29,33,136358716499722618
4,35,29,34,17601708883314316
4,35,29,35,2148813306968806
4,35,29,36,247958492340434
4,35,29,37,27016726683882
4,35,29,38,2771974003874
4,35,29,39,267504138618
4,35,29,40,24122189044
4,35,29,41,2014099018
4,35,29,42,155138730
4,35,29,43,10614996
4,35,29,44,643646
4,35,29,45,29276
4,35,29,46,1120
4,35,29,47,0
4,35,29,48,0
4,35,29,49,0
4,35,29,50,0
4,35,29,51,0
4,35,29,52,0
4,35,29,53,0
4,35,29,54,0
4,35,29,55,0
4,35,29,56,0
4,35,29,57,0
4,35,29,58,0
4,35,29,59,0
4,35,29,60,0
4,35,29,61,0
4,35,29,62,0
4,35,29,63,0
4,35,29,64,0
4,35,29,65,0
4,35,29,66,0
4,35,29,67,0
4,35,29,68,0
4,35,29,69,0
4,35,29,70,0
4,35,29,71,0
4,35,29,72,0
4,35,29,73,0
4,35,29,74,0
4,35,29,75,0
4,35,29,76,0
4,35,29,77,0
4,35,29,78,0
4,35,29,79,0
4,35,29,80,0
4,35,29,81,0
4,35,29,82,0
4,35,29,83,0
4,35,29,84,0
4,35,29,85,0
4,35,29,86,0
4,35,29,87,0
4,35,29,88,0
4,35,29,89,0
4,35,29,90,0
4,35,29,91,0
4,35,29,92,0
4,35,29,93,0
4,35,29,94,0
4,35,29,95,0
4,35,29,96,0
4,35,29,97,0
4,35,29,98,0
4,35,29,99,0
4,35,29,100,0
4,35,29,101,0
4,35,29,102,0
4,35,29,103,0
4,35,29,104,0
4,35,29,105,0
4,35,29,106,0
4,35,29,107,0
4,35,29,108,0
4,35,29,109,0
4,35,29,110,0
4,35,29,111,0
4,35,29,112,0
4,35,29,113,0
4,35,29,114,0
4,35,29,115,0
4,35,29,116,0
4,35,29,117,0
4,35,29,118,0
4,35,29,119,0
4,35,29,120,0
4,35,29,121,0
4,35,29,122,0
4,35,29,123,0
4,35,29,124,0
4,35,29,125,0
4,35,29,126,0
4,35,29,127,0
4,35,29,128,0
4,35,29,129,0
4,35,29,130,0
4,35,29,131,0
4,35,29,132,0
4,35,29,133,0
4,35,29,134,0
4,35,29,135,0
4,35,29,136,0
4,35,29,137,0
4,35,29,138,0
4,35,29,139,0
4,35,29,140,0
4,35,29,141,0
4,35,29,142,0
4,35,29,143,0
4,35,29,144,0
4,35,29,145,0
4,35,29,146,0
4,35,29,147,0
4,35,29,148,0
4,35,29,149,0
4,35,29,150,0
4,35,29,151,0
4,35,29,152,0
4,35,29,153,0
4,35,29,154,0
4,35,29,155,0
4,35,29,156,0
4,35,29,157,0
4,35,29,158,0
4,35,29,159,0
4,35,29,160,0
4,35,29,161,0
4,35,29,162,0
4,35,29,163,0
4,35,29,164,0
4,35,29,165,0
4,35,29,166,0
4,35,29,167,0
4,35,29,168,0
4,35,29,169,0
4,35,29,170,0
4,35,29,171,0
4,35,29,172,0
4,35,29,173,0
4,35,29,174,0
4,35,29,175,0
4,35,29,176,0
4,35,29,177,0
4,35,29,178,0
4,35,29,179,0
4,35,29,180,0
4,35,29,181,0
4,35,29,182,0
4,35,29,183,0
4,35,29,184,0
4,35,29,185,0
4,35,29,186,0
4,35,29,187,0
4,35,29,188,0
4,35,29,189,0
4,35,29,190,0
4,35,29,191,0
4,35,29,192,0
4,35,29,193,0
4,35,29,194,0
4,35,29,195,0
4,35,29,196,0
4,35,29,197,0
4,35,29,198,0
4,35,29,199,0
4,35,29,200,0
4,35,29,201,0
4,35,29,202,0
4,35,29,203,0
4,35,29,204,0
4,35,29,205,0
4,35,29,206,0
4,35,29,207,0
4,35,29,208,0
4,35,29,209,0
4,35,29,210,0
4,35,29,211,0
4,35,29,212,0
4,35,29,213,0
4,35,29,214,0
4,35,29,215,0
4,35,29,216,0
4,35,29,217,0
4,35,29,218,0
4,35,29,219,0
4,35,29,220,0
4,35,29,221,0
4,35,29,222,0
4,35,29,223,0
4,35,29,224,0
4,35,29,225,0
4,35,29,226,0
4,35,29,227,0
4,35,29,228,0
4,35,29,229,0
4,35,29,230,0
4,35,29,231,0
4,35,29,232,0
4,35,29,233,0
4,35,29,234,0
4,35,29,235,0
4,35,29,236,0
4,35,29,237,0
4,35,29,238,0
4,35,29,239,0
4,35,29,240,0
4,35,29,241,0
4,35,30,0,5832184368692261544204444
4,35,30,1,90786013835783964221211274
4,35,30,2,705537040436742643813099966
4,35,30,3,3609985920330715639680475566
4,35,30,4,13561784935671650106188276972
4,35,30,5,39611051589180253272046338072
4,35,30,6,93122283464080602515732865582
4,35,30,7,180296480004105033937652979811
4,35,30,8,292186781694629703990969582175
4,35,30,9,401193593622660441808971167293
4,35,30,10,471259728130492571538962664769
4,35,30,11,477429850707369944354631836472
4,35,30,12,420190788499184177302442720034
4,35,30,13,323453090887321341757087889039
4,35,30,14,219204005088255903655075275705
4,35,30,15,131631779190677052375351144927
4,35,30,16,70488643658872164125818013435
4,35,30,17,33872074608336558882389119514
4,35,30,18,14694467138688312407814831478
4,35,30,19,5788191834423922691069318821
4,35,30,20,2081243692247116232604659852
4,35,30,21,686457742303774080328333314
4,35,30,22,208610830804064726514327878
4,35,30,23,58643678094900202592879090
4,35,30,24,15304415076150675110521180
4,35,30,25,3719719931674930360467377
4,35,30,26,844386242867804009811845
4,35,30,27,179479349382489521697052
4,35,30,28,35802426426507817973513
4,35,30,29,6715908559491364502014
4,35,30,30,1186733651461930689352
4,35,30,31,197839244938290925810
4,35,30,32,31155157288251738420
4,35,30,33,4639223704404627191
4,35,30,34,653700698762480681
4,35,30,35,87200651172556607
4,35,30,36,11013018201802352
4,35,30,37,1316557585663925
4,35,30,38,148816775711729
4,35,30,39,15888644239868
4,35,30,40,1598719081928
4,35,30,41,150926618527
4,35,30,42,13317159549
4,35,30,43,1086690812
4,35,30,44,81294031
4,35,30,45,5358852
4,35,30,46,312994
4,35,30,47,12756
4,35,30,48,392
4,35,30,49,0
4,35,30,50,0
4,35,30,51,0
4,35,30,52,0
4,35,30,53,0
4,35,30,54,0
4,35,30,55,0
4,35,30,56,0
4,35,30,57,0
4,35,30,58,0
4,35,30,59,0
4,35,30,60,0
4,35,30,61,0
4,35,30,62,0
4,35,30,63,0
4,35,30,64,0
4,35,30,65,0
4,35,30,66,0
4,35,30,67,0
4,35,30,68,0
4,35,30,69,0
4,35,30,70,0
4,35,30,71,0
4,35,30,72,0
4,35,30,73,0
4,35,30,74,0
4,35,30,75,0
4,35,30,76,0
4,35,30,77,0
4,35,30,78,0
4,35,30,79,0
4,35,30,80,0
4,35,30,81,0
4,35,30,82,0
4,35,30,83,0
4,35,30,84,0
4,35,30,85,0
4,35,30,86,0
4,35,30,87,0
4,35,30,88,0
4,35,30,89,0
4,35,30,90,0
4,35,30,91,0
4,35,30,92,0
4,35,30,93,0
4,35,30,94,0
4,35,30,95,0
4,35,30,96,0
4,35,30,97,0
4,35,30,98,0
4,35,30,99,0
4,35,30,100,0
4,35,30,101,0
4,35,30,102,0
4,35,30,103,0
4,35,30,104,0
4,35,30,105,0
4,35,30,106,0
4,35,30,107,0
4,35,30,108,0
4,35,30,109,0
4,35,30,110,0
4,35,30,111,0
4,35,30,112,0
4,35,30,113,0
4,35,30,114,0
4,35,30,115,0
4,35,30,116,0
4,35,30,117,0
4,35,30,118,0
4,35,30,119,0
4,35,30,120,0
4,35,30,121,0
4,35,30,122,0
4,35,30,123,0
4,35,30,124,0
4,35,30,125,0
4,35,30,126,0
4,35,30,127,0
4,35,30,128,0
4,35,30,129,0
4,35,30,130,0
4,35,30,131,0
4,35,30,132,0
4,35,30,133,0
4,35,30,134,0
4,35,30,135,0
4,35,30,136,0
4,35,30,137,0
4,35,30,138,0
4,35,30,139,0
4,35,30,140,0
4,35,30,141,0
4,35,30,142,0
4,35,30,143,0
4,35,30,144,0
4,35,30,145,0
4,35,30,146,0
4,35,30,147,0
4,35,30,148,0
4,35,30,149,0
4,35,30,150,0
4,35,30,151,0
4,35,30,152,0
4,35,30,153,0
4,35,30,154,0
4,35,30,155,0
4,35,30,156,0
4,35,30,157,0
4,35,30,158,0
4,35,30,159,0
4,35,30,160,0
4,35,30,161,0
4,35,30,162,0
4,35,30,163,0
4,35,30,164,0
4,35,30,165,0
4,35,30,166,0
4,35,30,167,0
4,35,30,168,0
4,35,30,169,0
4,35,30,170,0
4,35,30,171,0
4,35,30,172,0
4,35,30,173,0
4,35,30,174,0
4,35,30,175,0
4,35,30,176,0
4,35,30,177,0
4,35,30,178,0
4,35,30,179,0
4,35,30,180,0
4,35,30,181,0
4,35,30,182,0
4,35,30,183,0
4,35,30,184,0
4,35,30,185,0
4,35,30,186,0
4,35,30,187,0
4,35,30,188,0
4,35,30,189,0
4,35,30,190,0
4,35,30,191,0
4,35,30,192,0
4,35,30,193,0
4,35,30,194,0
4,35,30,195,0
4,35,30,196,0
4,35,30,197,0
4,35,30,198,0
4,35,30,199,0
4,35,30,200,0
4,35,30,201,0
4,35,30,202,0
4,35,30,203,0
4,35,30,204,0
4,35,30,205,0
4,35,30,206,0
4,35,30,207,0
4,35,30,208,0
4,35,30,209,0
4,35,30,210,0
4,35,30,211,0
4,35,30,212,0
4,35,30,213,0
4,35,30,214,0
4,35,30,215,0
4,35,30,216,0
4,35,30,217,0
4,35,30,218,0
4,35,30,219,0
4,35,30,220,0
4,35,30,221,0
4,35,30,222,0
4,35,30,223,0
4,35,30,224,0
4,35,30,225,0
4,35,30,226,0
4,35,30,227,0
4,35,30,228,0
4,35,30,229,0
4,35,30,230,0
4,35,30,231,0
4,35,30,232,0
4,35,30,233,0
4,35,30,234,0
4,35,30,235,0
4,35,30,236,0
4,35,30,237,0
4,35,30,238,0
4,35,30,239,0
4,35,30,240,0
4,35,30,241,0
4,35,31,0,7556206966004522055585996
4,35,31,1,126716854127120027960599196
4,35,31,2,1064042635397005796964669776
4,35,31,3,5900514266966441816398285252
4,35,31,4,24099217212377205752440125504
4,35,31,5,76768729436481794685108369458
4,35,31,6,197465395308789928658842448918
4,35,31,7,419630973567799003193637107368
4,35,31,8,748714257978468439570175395254
4,35,31,9,1135122614321981330947763183090
4,35,31,10,1476140429131554249597327818740
4,35,31,11,1659384053246414784542529733528
4,35,31,12,1623496128925493391851047636588
4,35,31,13,1391081955987926537631714500344
4,35,31,14,1050135305326876808583077960462
4,35,31,15,702545534420466842148596062622
4,35,31,16,418954033300118076011783663760
4,35,31,17,223987746928504921210966400978
4,35,31,18,107970021652419463406168467690
4,35,31,19,47181590541833121087601685750
4,35,31,20,18787899476271787530664887032
4,35,31,21,6850355049181160339562123336
4,35,31,22,2297212724091759271970015958
4,35,31,23,711367800856578342197261740
4,35,31,24,204162698407273629486729414
4,35,31,25,54484838346460412181597016
4,35,31,26,13560531062478465034253004
4,35,31,27,3155977718595242226935888
4,35,31,28,688466629245825440823990
4,35,31,29,141075142006357121139358
4,35,31,30,27205901593952438025032
4,35,31,31,4945961674138131188864
4,35,31,32,848883964889946802432
4,35,31,33,137719895915124873456
4,35,31,34,21141692571390640562
4,35,31,35,3073386629316185396
4,35,31,36,423303342107391424
4,35,31,37,55252831531243274
4,35,31,38,6833654023221408
4,35,31,39,800410211161934
4,35,31,40,88708628117322
4,35,31,41,9284140687878
4,35,31,42,915379129466
4,35,31,43,84649915088
4,35,31,44,7309190000
4,35,31,45,580420924
4,35,31,46,42442512
4,35,31,47,2681362
4,35,31,48,142988
4,35,31,49,5956
4,35,31,50,112
4,35,31,51,0
4,35,31,52,0
4,35,31,53,0
4,35,31,54,0
4,35,31,55,0
4,35,31,56,0
4,35,31,57,0
4,35,31,58,0
4,35,31,59,0
4,35,31,60,0
4,35,31,61,0
4,35,31,62,0
4,35,31,63,0
4,35,31,64,0
4,35,31,65,0
4,35,31,66,0
4,35,31,67,0
4,35,31,68,0
4,35,31,69,0
4,35,31,70,0
4,35,31,71,0
4,35,31,72,0
4,35,31,73,0
4,35,31,74,0
4,35,31,75,0
4,35,31,76,0
4,35,31,77,0
4,35,31,78,0
4,35,31,79,0
4,35,31,80,0
4,35,31,81,0
4,35,31,82,0
4,35,31,83,0
4,35,31,84,0
4,35,31,85,0
4,35,31,86,0
4,35,31,87,0
4,35,31,88,0
4,35,31,89,0
4,35,31,90,0
4,35,31,91,0
4,35,31,92,0
4,35,31,93,0
4,35,31,94,0
4,35,31,95,0
4,35,31,96,0
4,35,31,97,0
4,35,31,98,0
4,35,31,99,0
4,35,31,100,0
4,35,31,101,0
4,35,31,102,0
4,35,31,103,0
4,35,31,104,0
4,35,31,105,0
4,35,31,106,0
4,35,31,107,0
4,35,31,108,0
4,35,31,109,0
4,35,31,110,0
4,35,31,111,0
4,35,31,112,0
4,35,31,113,0
4,35,31,114,0
4,35,31,115,0
4,35,31,116,0
4,35,31,117,0
4,35,31,118,0
4,35,31,119,0
4,35,31,120,0
4,35,31,121,0
4,35,31,122,0
4,35,31,123,0
4,35,31,124,0
4,35,31,125,0
4,35,31,126,0
4,35,31,127,0
4,35,31,128,0
4,35,31,129,0
4,35,31,130,0
4,35,31,131,0
4,35,31,132,0
4,35,31,133,0
4,35,31,134,0
4,35,31,135,0
4,35,31,136,0
4,35,31,137,0
4,35,31,138,0
4,35,31,139,0
4,35,31,140,0
4,35,31,141,0
4,35,31,142,0
4,35,31,143,0
4,35,31,144,0
4,35,31,145,0
4,35,31,146,0
4,35,31,147,0
4,35,31,148,0
4,35,31,149,0
4,35,31,150,0
4,35,31,151,0
4,35,31,152,0
4,35,31,153,0
4,35,31,154,0
4,35,31,155,0
4,35,31,156,0
4,35,31,157,0
4,35,31,158,0
4,35,31,159,0
4,35,31,160,0
4,35,31,161,0
4,35,31,162,0
4,35,31,163,0
4,35,31,164,0
4,35,31,165,0
4,35,31,166,0
4,35,31,167,0
4,35,31,168,0
4,35,31,169,0
4,35,31,170,0
4,35,31,171,0
4,35,31,172,0
4,35,31,173,0
4,35,31,174,0
4,35,31,175,0
4,35,31,176,0
4,35,31,177,0
4,35,31,178,0
4,35,31,179,0
4,35,31,180,0
4,35,31,181,0
4,35,31,182,0
4,35,31,183,0
4,35,31,184,0
4,35,31,185,0
4,35,31,186,0
4,35,31,187,0
4,35,31,188,0
4,35,31,189,0
4,35,31,190,0
4,35,31,191,0
4,35,31,192,0
4,35,31,193,0
4,35,31,194,0
4,35,31,195,0
4,35,31,196,0
4,35,31,197,0
4,35,31,198,0
4,35,31,199,0
4,35,31,200,0
4,35,31,201,0
4,35,31,202,0
4,35,31,203,0
4,35,31,204,0
4,35,31,205,0
4,35,31,206,0
4,35,31,207,0
4,35,31,208,0
4,35,31,209,0
4,35,31,210,0
4,35,31,211,0
4,35,31,212,0
4,35,31,213,0
4,35,31,214,0
4,35,31,215,0
4,35,31,216,0
4,35,31,217,0
4,35,31,218,0
4,35,31,219,0
4,35,31,220,0
4,35,31,221,0
4,35,31,222,0
4,35,31,223,0
4,35,31,224,0
4,35,31,225,0
4,35,31,226,0
4,35,31,227,0
4,35,31,228,0
4,35,31,229,0
4,35,31,230,0
4,35,31,231,0
4,35,31,232,0
4,35,31,233,0
4,35,31,234,0
4,35,31,235,0
4,35,31,236,0
4,35,31,237,0
4,35,31,238,0
4,35,31,239,0
4,35,31,240,0
4,35,31,241,0
4,35,32,0,8999842197789307778932293
4,35,32,1,162123681766405519506826316
4,35,32,2,1466715402764189748033383876
4,35,32,3,8789450428636062102774360824
4,35,32,4,38912676070391616485341084152
4,35,32,5,134783218912718852406292597478
4,35,32,6,378144367855020016343142925964
4,35,32,7,879205036228071159920306857222
4,35,32,8,1721485485105025630076346172630
4,35,32,9,2872397645082047351252540249904
4,35,32,10,4121959016220926806015394185601
4,35,32,11,5125446149034697910576064482454
4,35,32,12,5557999519440969274106220882790
4,35,32,13,5286674176302903070630059815629
4,35,32,14,4435051660120916446937837806349
4,35,32,15,3298978338337760500085577481990
4,35,32,16,2187350796980145687916020990873
4,35,32,17,1299579404262926721373044965250
4,35,32,18,695508520046164016927908518873
4,35,32,19,337010095429663766568079413838
4,35,32,20,148583802231262987165028650340
4,35,32,21,59885928649473309085981426288
4,35,32,22,22161794064552196389342670444
4,35,32,23,7560773946330935247574625653
4,35,32,24,2386780918780578902786678114
4,35,32,25,699521791299169633898372662
4,35,32,26,190920411990291895108628884
4,35,32,27,48658592582975642041175110
4,35,32,28,11609163726310136418008468
4,35,32,29,2598658263231745791476898
4,35,32,30,546865127892247345484853
4,35,32,31,108387743045921175568601
4,35,32,32,20265105800526567735336
4,35,32,33,3579331750728976311748
4,35,32,34,597958664999078882488
4,35,32,35,94580619090279804589
4,35,32,36,14175778539727547690
4,35,32,37,2014474412288240606
4,35,32,38,271512680477241389
4,35,32,39,34708336794054803
4,35,32,40,4207085647832210
4,35,32,41,483173035623884
4,35,32,42,52512483288462
4,35,32,43,5388802667292
4,35,32,44,521024092224
4,35,32,45,47136046017
4,35,32,46,3986553781
4,35,32,47,308968771
4,35,32,48,21615744
4,35,32,49,1345560
4,35,32,50,64492
4,35,32,51,2565
4,35,32,52,28
4,35,32,53,0
4,35,32,54,0
4,35,32,55,0
4,35,32,56,0
4,35,32,57,0
4,35,32,58,0
4,35,32,59,0
4,35,32,60,0
4,35,32,61,0
4,35,32,62,0
4,35,32,63,0
4,35,32,64,0
4,35,32,65,0
4,35,32,66,0
4,35,32,67,0
4,35,32,68,0
4,35,32,69,0
4,35,32,70,0
4,35,32,71,0
4,35,32,72,0
4,35,32,73,0
4,35,32,74,0
4,35,32,75,0
4,35,32,76,0
4,35,32,77,0
4,35,32,78,0
4,35,32,79,0
4,35,32,80,0
4,35,32,81,0
4,35,32,82,0
4,35,32,83,0
4,35,32,84,0
4,35,32,85,0
4,35,32,86,0
4,35,32,87,0
4,35,32,88,0
4,35,32,89,0
4,35,32,90,0
4,35,32,91,0
4,35,32,92,0
4,35,32,93,0
4,35,32,94,0
4,35,32,95,0
4,35,32,96,0
4,35,32,97,0
4,35,32,98,0
4,35,32,99,0
4,35,32,100,0
4,35,32,101,0
4,35,32,102,0
4,35,32,103,0
4,35,32,104,0
4,35,32,105,0
4,35,32,106,0
4,35,32,107,0
4,35,32,108,0
4,35,32,109,0
4,35,32,110,0
4,35,32,111,0
4,35,32,112,0
4,35,32,113,0
4,35,32,114,0
4,35,32,115,0
4,35,32,116,0
4,35,32,117,0
4,35,32,118,0
4,35,32,119,0
4,35,32,120,0
4,35,32,121,0
4,35,32,122,0
4,35,32,123,0
4,35,32,124,0
4,35,32,125,0
4,35,32,126,0
4,35,32,127,0
4,35,32,128,0
4,35,32,129,0
4,35,32,130,0
4,35,32,131,0
4,35,32,132,0
4,35,32,133,0
4,35,32,134,0
4,35,32,135,0
4,35,32,136,0
4,35,32,137,0
4,35,32,138,0
4,35,32,139,0
4,35,32,140,0
4,35,32,141,0
4,35,32,142,0
4,35,32,143,0
4,35,32,144,0
4,35,32,145,0
4,35,32,146,0
4,35,32,147,0
4,35,32,148,0
4,35,32,149,0
4,35,32,150,0
4,35,32,151,0
4,35,32,152,0
4,35,32,153,0
4,35,32,154,0
4,35,32,155,0
4,35,32,156,0
4,35,32,157,0
4,35,32,158,0
4,35,32,159,0
4,35,32,160,0
4,35,32,161,0
4,35,32,162,0
4,35,32,163,0
4,35,32,164,0
4,35,32,165,0
4,35,32,166,0
4,35,32,167,0
4,35,32,168,0
4,35,32,169,0
4,35,32,170,0
4,35,32,171,0
4,35,32,172,0
4,35,32,173,0
4,35,32,174,0
4,35,32,175,0
4,35,32,176,0
4,35,32,177,0
4,35,32,178,0
4,35,32,179,0
4,35,32,180,0
4,35,32,181,0
4,35,32,182,0
4,35,32,183,0
4,35,32,184,0
4,35,32,185,0
4,35,32,186,0
4,35,32,187,0
4,35,32,188,0
4,35,32,189,0
4,35,32,190,0
4,35,32,191,0
4,35,32,192,0
4,35,32,193,0
4,35,32,194,0
4,35,32,195,0
4,35,32,196,0
4,35,32,197,0
4,35,32,198,0
4,35,32,199,0
4,35,32,200,0
4,35,32,201,0
4,35,32,202,0
4,35,32,203,0
4,35,32,204,0
4,35,32,205,0
4,35,32,206,0
4,35,32,207,0
4,35,32,208,0
4,35,32,209,0
4,35,32,210,0
4,35,32,211,0
4,35,32,212,0
4,35,32,213,0
4,35,32,214,0
4,35,32,215,0
4,35,32,216,0
4,35,32,217,0
4,35,32,218,0
4,35,32,219,0
4,35,32,220,0
4,35,32,221,0
4,35,32,222,0
4,35,32,223,0
4,35,32,224,0
4,35,32,225,0
4,35,32,226,0
4,35,32,227,0
4,35,32,228,0
4,35,32,229,0
4,35,32,230,0
4,35,32,231,0
4,35,32,232,0
4,35,32,233,0
4,35,32,234,0
4,35,32,235,0
4,35,32,236,0
4,35,32,237,0
4,35,32,238,0
4,35,32,239,0
4,35,32,240,0
4,35,32,241,0
4,35,33,0,9857913413243550230938732
4,35,33,1,190212971233946336399369676
4,35,33,2,1848835301515458101687596812
4,35,33,3,11939335978742854227068016716
4,35,33,4,57133316757834723528595474904
4,35,33,5,214553286345526268619398053698
4,35,33,6,654606716585897669244889595582
4,35,33,7,1660156666377882621813221600150
4,35,33,8,3556190082592848901570153933770
4,35,33,9,6510111038130700515244366749284
4,35,33,10,10277240921868218002727570177100
4,35,33,11,14092833276260180409000482377806
4,35,33,12,16889251099799404380465605390220
4,35,33,13,17785559995763733350155364010284
4,35,33,14,16540739889712136636077003462060
4,35,33,15,13651397818393116763691452426264
4,35,33,16,10046444705091212306394033863026
4,35,33,17,6624275145950735836403143226812
4,35,33,18,3932186930332277480581175919692
4,35,33,19,2111373034894095913143914432670
4,35,33,20,1030280420006854236162088359350
4,35,33,21,458943408334320092594528908722
4,35,33,22,187426448624254918562985174078
4,35,33,23,70454174310958301661497661544
4,35,33,24,24467698988917348136035256498
4,35,33,25,7877061781976835787220589410
4,35,33,26,2358118101246765854075283340
4,35,33,27,658295965983648627852902132
4,35,33,28,171807946027877807343631448
4,35,33,29,42018546572911198721814664
4,35,33,30,9650056431381464687365516
4,35,33,31,2085156812494667920194616
4,35,33,32,424635255733079154393820
4,35,33,33,81626886970325915475530
4,35,33,34,14831550674996239915682
4,35,33,35,2550337198460357696790
4,35,33,36,415442117474101402952
4,35,33,37,64163512539395207854
4,35,33,38,9401722387145603520
4,35,33,39,1307503206524777402
4,35,33,40,172608813604924484
4,35,33,41,21627682189168364
4,35,33,42,2570873198231256
4,35,33,43,289617993773340
4,35,33,44,30882372212008
4,35,33,45,3107733464236
4,35,33,46,294583931286
4,35,33,47,26132157534
4,35,33,48,2150220736
4,35,33,49,163318458
4,35,33,50,10987540
4,35,33,51,653380
4,35,33,52,28972
4,35,33,53,1080
4,35,33,54,0
4,35,33,55,0
4,35,33,56,0
4,35,33,57,0
4,35,33,58,0
4,35,33,59,0
4,35,33,60,0
4,35,33,61,0
4,35,33,62,0
4,35,33,63,0
4,35,33,64,0
4,35,33,65,0
4,35,33,66,0
4,35,33,67,0
4,35,33,68,0
4,35,33,69,0
4,35,33,70,0
4,35,33,71,0
4,35,33,72,0
4,35,33,73,0
4,35,33,74,0
4,35,33,75,0
4,35,33,76,0
4,35,33,77,0
4,35,33,78,0
4,35,33,79,0
4,35,33,80,0
4,35,33,81,0
4,35,33,82,0
4,35,33,83,0
4,35,33,84,0
4,35,33,85,0
4,35,33,86,0
4,35,33,87,0
4,35,33,88,0
4,35,33,89,0
4,35,33,90,0
4,35,33,91,0
4,35,33,92,0
4,35,33,93,0
4,35,33,94,0
4,35,33,95,0
4,35,33,96,0
4,35,33,97,0
4,35,33,98,0
4,35,33,99,0
4,35,33,100,0
4,35,33,101,0
4,35,33,102,0
4,35,33,103,0
4,35,33,104,0
4,35,33,105,0
4,35,33,106,0
4,35,33,107,0
4,35,33,108,0
4,35,33,109,0
4,35,33,110,0
4,35,33,111,0
4,35,33,112,0
4,35,33,113,0
4,35,33,114,0
4,35,33,115,0
4,35,33,116,0
4,35,33,117,0
4,35,33,118,0
4,35,33,119,0
4,35,33,120,0
4,35,33,121,0
4,35,33,122,0
4,35,33,123,0
4,35,33,124,0
4,35,33,125,0
4,35,33,126,0
4,35,33,127,0
4,35,33,128,0
4,35,33,129,0
4,35,33,130,0
4,35,33,131,0
4,35,33,132,0
4,35,33,133,0
4,35,33,134,0
4,35,33,135,0
4,35,33,136,0
4,35,33,137,0
4,35,33,138,0
4,35,33,139,0
4,35,33,140,0
4,35,33,141,0
4,35,33,142,0
4,35,33,143,0
4,35,33,144,0
4,35,33,145,0
4,35,33,146,0
4,35,33,147,0
4,35,33,148,0
4,35,33,149,0
4,35,33,150,0
4,35,33,151,0
4,35,33,152,0
4,35,33,153,0
4,35,33,154,0
4,35,33,155,0
4,35,33,156,0
4,35,33,157,0
4,35,33,158,0
4,35,33,159,0
4,35,33,160,0
4,35,33,161,0
4,35,33,162,0
4,35,33,163,0
4,35,33,164,0
4,35,33,165,0
4,35,33,166,0
4,35,33,167,0
4,35,33,168,0
4,35,33,169,0
4,35,33,170,0
4,35,33,171,0
4,35,33,172,0
4,35,33,173,0
4,35,33,174,0
4,35,33,175,0
4,35,33,176,0
4,35,33,177,0
4,35,33,178,0
4,35,33,179,0
4,35,33,180,0
4,35,33,181,0
4,35,33,182,0
4,35,33,183,0
4,35,33,184,0
4,35,33,185,0
4,35,33,186,0
4,35,33,187,0
4,35,33,188,0
4,35,33,189,0
4,35,33,190,0
4,35,33,191,0
4,35,33,192,0
4,35,33,193,0
4,35,33,194,0
4,35,33,195,0
4,35,33,196,0
4,35,33,197,0
4,35,33,198,0
4,35,33,199,0
4,35,33,200,0
4,35,33,201,0
4,35,33,202,0
4,35,33,203,0
4,35,33,204,0
4,35,33,205,0
4,35,33,206,0
4,35,33,207,0
4,35,33,208,0
4,35,33,209,0
4,35,33,210,0
4,35,33,211,0
4,35,33,212,0
4,35,33,213,0
4,35,33,214,0
4,35,33,215,0
4,35,33,216,0
4,35,33,217,0
4,35,33,218,0
4,35,33,219,0
4,35,33,220,0
4,35,33,221,0
4,35,33,222,0
4,35,33,223,0
4,35,33,224,0
4,35,33,225,0
4,35,33,226,0
4,35,33,227,0
4,35,33,228,0
4,35,33,229,0
4,35,33,230,0
4,35,33,231,0
4,35,33,232,0
4,35,33,233,0
4,35,33,234,0
4,35,33,235,0
4,35,33,236,0
4,35,33,237,0
4,35,33,238,0
4,35,33,239,0
4,35,33,240,0
4,35,33,241,0
4,35,34,0,9933545135483996810834009
4,35,34,1,204729878765432387939101253
4,35,34,2,2132095850088235728522537752
4,35,34,3,14796827153505366731053863180
4,35,34,4,76324080830677883884292956362
4,35,34,5,309879686462887287270569114582
4,35,34,6,1025234403070562673190521551760
4,35,34,7,2827909088594044102054373490568
4,35,34,8,6607571783333634129078191291087
4,35,34,9,13231659878098598606627716572699
4,35,34,10,22910825084262872988222208615478
4,35,34,11,34545093728731984365880618512834
4,35,34,12,45624425350275120465084943096030
4,35,34,13,53050645433796662378040377512738
4,35,34,14,54561724004279181064506017282820
4,35,34,15,49855225041951793255123608857582
4,35,34,16,40648157215606696900787529992931
4,35,34,17,29700118358369671110728971257527
4,35,34,18,19532278184414666403270051566345
4,35,34,19,11612387691263539356299669528147
4,35,34,20,6268289852159549216363829460900
4,35,34,21,3085202087571372228123205481478
4,35,34,22,1390301771753011650903277550241
4,35,34,23,575865913191024150464782781441
4,35,34,24,220044949710146869268038830511
4,35,34,25,77831567044863192910870674580
4,35,34,26,25563152342665570478292922158
4,35,34,27,7818679590601507445346761774
4,35,34,28,2232807503960281553343342543
4,35,34,29,596769549120084695625906229
4,35,34,30,149605112461880834005695886
4,35,34,31,35247918775167394087237848
4,35,34,32,7819037289618566382535655
4,35,34,33,1635758063530035131920124
4,35,34,34,323202791070903983120193
4,35,34,35,60394665256200342706517
4,35,34,36,10685621058905732674688
4,35,34,37,1791925509513285221520
4,35,34,38,285055074087614379532
4,35,34,39,43044494754251942982
4,35,34,40,6172932059349513312
4,35,34,41,840930032807029767
4,35,34,42,108824803978815055
4,35,34,43,13373766344549823
4,35,34,44,1559810382233372
4,35,34,45,172437714172384
4,35,34,46,18041329384003
4,35,34,47,1782121895857
4,35,34,48,165397496657
4,35,34,49,14377380464
4,35,34,50,1155373607
4,35,34,51,85255365
4,35,34,52,5518011
4,35,34,53,316355
4,35,34,54,12506
4,35,34,55,378
4,35,34,56,0
4,35,34,57,0
4,35,34,58,0
4,35,34,59,0
4,35,34,60,0
4,35,34,61,0
4,35,34,62,0
4,35,34,63,0
4,35,34,64,0
4,35,34,65,0
4,35,34,66,0
4,35,34,67,0
4,35,34,68,0
4,35,34,69,0
4,35,34,70,0
4,35,34,71,0
4,35,34,72,0
4,35,34,73,0
4,35,34,74,0
4,35,34,75,0
4,35,34,76,0
4,35,34,77,0
4,35,34,78,0
4,35,34,79,0
4,35,34,80,0
4,35,34,81,0
4,35,34,82,0
4,35,34,83,0
4,35,34,84,0
4,35,34,85,0
4,35,34,86,0
4,35,34,87,0
4,35,34,88,0
4,35,34,89,0
4,35,34,90,0
4,35,34,91,0
4,35,34,92,0
4,35,34,93,0
4,35,34,94,0
4,35,34,95,0
4,35,34,96,0
4,35,34,97,0
4,35,34,98,0
4,35,34,99,0
4,35,34,100,0
4,35,34,101,0
4,35,34,102,0
4,35,34,103,0
4,35,34,104,0
4,35,34,105,0
4,35,34,106,0
4,35,34,107,0
4,35,34,108,0
4,35,34,109,0
4,35,34,110,0
4,35,34,111,0
4,35,34,112,0
4,35,34,113,0
4,35,34,114,0
4,35,34,115,0
4,35,34,116,0
4,35,34,117,0
4,35,34,118,0
4,35,34,119,0
4,35,34,120,0
4,35,34,121,0
4,35,34,122,0
4,35,34,123,0
4,35,34,124,0
4,35,34,125,0
4,35,34,126,0
4,35,34,127,0
4,35,34,128,0
4,35,34,129,0
4,35,34,130,0
4,35,34,131,0
4,35,34,132,0
4,35,34,133,0
4,35,34,134,0
4,35,34,135,0
4,35,34,136,0
4,35,34,137,0
4,35,34,138,0
4,35,34,139,0
4,35,34,140,0
4,35,34,141,0
4,35,34,142,0
4,35,34,143,0
4,35,34,144,0
4,35,34,145,0
4,35,34,146,0
4,35,34,147,0
4,35,34,148,0
4,35,34,149,0
4,35,34,150,0
4,35,34,151,0
4,35,34,152,0
4,35,34,153,0
4,35,34,154,0
4,35,34,155,0
4,35,34,156,0
4,35,34,157,0
4,35,34,158,0
4,35,34,159,0
4,35,34,160,0
4,35,34,161,0
4,35,34,162,0
4,35,34,163,0
4,35,34,164,0
4,35,34,165,0
4,35,34,166,0
4,35,34,167,0
4,35,34,168,0
4,35,34,169,0
4,35,34,170,0
4,35,34,171,0
4,35,34,172,0
4,35,34,173,0
4,35,34,174,0
4,35,34,175,0
4,35,34,176,0
4,35,34,177,0
4,35,34,178,0
4,35,34,179,0
4,35,34,180,0
4,35,34,181,0
4,35,34,182,0
4,35,34,183,0
4,35,34,184,0
4,35,34,185,0
4,35,34,186,0
4,35,34,187,0
4,35,34,188,0
4,35,34,189,0
4,35,34,190,0
4,35,34,191,0
4,35,34,192,0
4,35,34,193,0
4,35,34,194,0
4,35,34,195,0
4,35,34,196,0
4,35,34,197,0
4,35,34,198,0
4,35,34,199,0
4,35,34,200,0
4,35,34,201,0
4,35,34,202,0
4,35,34,203,0
4,35,34,204,0
4,35,34,205,0
4,35,34,206,0
4,35,34,207,0
4,35,34,208,0
4,35,34,209,0
4,35,34,210,0
4,35,34,211,0
4,35,34,212,0
4,35,34,213,0
4,35,34,214,0
4,35,34,215,0
4,35,34,216,0
4,35,34,217,0
4,35,34,218,0
4,35,34,219,0
4,35,34,220,0
4,35,34,221,0
4,35,34,222,0
4,35,34,223,0
4,35,34,224,0
4,35,34,225,0
4,35,34,226,0
4,35,34,227,0
4,35,34,228,0
4,35,34,229,0
4,35,34,230,0
4,35,34,231,0
4,35,34,232,0
4,35,34,233,0
4,35,34,234,0
4,35,34,235,0
4,35,34,236,0
4,35,34,237,0
4,35,34,238,0
4,35,34,239,0
4,35,34,240,0
4,35,34,241,0
4,35,35,0,9211636962653266264811228
4,35,35,1,202218661823370221796671054
4,35,35,2,2250296642524891613695256122
4,35,35,3,16738651536288387638300929900
4,35,35,4,92818230347605756252208767048
4,35,35,5,406325579773690186534464458072
4,35,35,6,1453766732757667303345819272966
4,35,35,7,4349076824777473445536664093134
4,35,35,8,11053084769768226320361881426076
4,35,35,9,24142575774975023171331276050484
4,35,35,10,45720035974502752455851043162148
4,35,35,11,75587275929087744032910010776220
4,35,35,12,109714555643387366671538967630096
4,35,35,13,140492746518554386210607404632886
4,35,35,14,159404176516401644207068901889332
4,35,35,15,160902217028666730313450459256426
4,35,35,16,145059894033086729569439951203248
4,35,35,17,117260485889618495528116347445574
4,35,35,18,85326402648197170872564636006488
4,35,35,19,56113681586834918302991808842194
4,35,35,20,33484432197779039672406914352386
4,35,35,21,18202528859977134060499819215238
4,35,35,22,9049561499232533275863697008592
4,35,35,23,4130143072488188155783060216004
4,35,35,24,1736603831187706350464097797808
4,35,35,25,674990650555511476682180284754
4,35,35,26,243286583415819965054919823316
4,35,35,27,81549369982674644541608564752
4,35,35,28,25489576542408799278561504088
4,35,35,29,7447418299470244533082728454
4,35,35,30,2038554169172522085818101760
4,35,35,31,523844268483256011110739422
4,35,35,32,126607721748809992966541834
4,35,35,33,28829782385781580322432704
4,35,35,34,6194779980009731149428812
4,35,35,35,1257859483937051764304656
4,35,35,36,241667589993235936346524
4,35,35,37,43982821924147050028866
4,35,35,38,7590374444158295924126
4,35,35,39,1243173111079957394560
4,35,35,40,193371235903089837682
4,35,35,41,28580607859696878830
4,35,35,42,4015275447784295110
4,35,35,43,536254192175553110
4,35,35,44,68073264622147678
4,35,35,45,8209704860729512
4,35,35,46,939838456190470
4,35,35,47,102012623513274
4,35,35,48,10474047816944
4,35,35,49,1014974283234
4,35,35,50,92351154874
4,35,35,51,7856506022
4,35,35,52,614808458
4,35,35,53,44316774
4,35,35,54,2748076
4,35,35,55,143742
4,35,35,56,5790
4,35,35,57,108
4,35,35,58,0
4,35,35,59,0
4,35,35,60,0
4,35,35,61,0
4,35,35,62,0
4,35,35,63,0
4,35,35,64,0
4,35,35,65,0
4,35,35,66,0
4,35,35,67,0
4,35,35,68,0
4,35,35,69,0
4,35,35,70,0
4,35,35,71,0
4,35,35,72,0
4,35,35,73,0
4,35,35,74,0
4,35,35,75,0
4,35,35,76,0
4,35,35,77,0
4,35,35,78,0
4,35,35,79,0
4,35,35,80,0
4,35,35,81,0
4,35,35,82,0
4,35,35,83,0
4,35,35,84,0
4,35,35,85,0
4,35,35,86,0
4,35,35,87,0
4,35,35,88,0
4,35,35,89,0
4,35,35,90,0
4,35,35,91,0
4,35,35,92,0
4,35,35,93,0
4,35,35,94,0
4,35,35,95,0
4,35,35,96,0
4,35,35,97,0
4,35,35,98,0
4,35,35,99,0
4,35,35,100,0
4,35,35,101,0
4,35,35,102,0
4,35,35,103,0
4,35,35,104,0
4,35,35,105,0
4,35,35,106,0
4,35,35,107,0
4,35,35,108,0
4,35,35,109,0
4,35,35,110,0
4,35,35,111,0
4,35,35,112,0
4,35,35,113,0
4,35,35,114,0
4,35,35,115,0
4,35,35,116,0
4,35,35,117,0
4,35,35,118,0
4,35,35,119,0
4,35,35,120,0
4,35,35,121,0
4,35,35,122,0
4,35,35,123,0
4,35,35,124,0
4,35,35,125,0
4,35,35,126,0
4,35,35,127,0
4,35,35,128,0
4,35,35,129,0
4,35,35,130,0
4,35,35,131,0
4,35,35,132,0
4,35,35,133,0
4,35,35,134,0
4,35,35,135,0
4,35,35,136,0
4,35,35,137,0
4,35,35,138,0
4,35,35,139,0
4,35,35,140,0
4,35,35,141,0
4,35,35,142,0
4,35,35,143,0
4,35,35,144,0
4,35,35,145,0
4,35,35,146,0
4,35,35,147,0
4,35,35,148,0
4,35,35,149,0
4,35,35,150,0
4,35,35,151,0
4,35,35,152,0
4,35,35,153,0
4,35,35,154,0
4,35,35,155,0
4,35,35,156,0
4,35,35,157,0
4,35,35,158,0
4,35,35,159,0
4,35,35,160,0
4,35,35,161,0
4,35,35,162,0
4,35,35,163,0
4,35,35,164,0
4,35,35,165,0
4,35,35,166,0
4,35,35,167,0
4,35,35,168,0
4,35,35,169,0
4,35,35,170,0
4,35,35,171,0
4,35,35,172,0
4,35,35,173,0
4,35,35,174,0
4,35,35,175,0
4,35,35,176,0
4,35,35,177,0
4,35,35,178,0
4,35,35,179,0
4,35,35,180,0
4,35,35,181,0
4,35,35,182,0
4,35,35,183,0
4,35,35,184,0
4,35,35,185,0
4,35,35,186,0
4,35,35,187,0
4,35,35,188,0
4,35,35,189,0
4,35,35,190,0
4,35,35,191,0
4,35,35,192,0
4,35,35,193,0
4,35,35,194,0
4,35,35,195,0
4,35,35,196,0
4,35,35,197,0
4,35,35,198,0
4,35,35,199,0
4,35,35,200,0
4,35,35,201,0
4,35,35,202,0
4,35,35,203,0
4,35,35,204,0
4,35,35,205,0
4,35,35,206,0
4,35,35,207,0
4,35,35,208,0
4,35,35,209,0
4,35,35,210,0
4,35,35,211,0
4,35,35,212,0
4,35,35,213,0
4,35,35,214,0
4,35,35,215,0
4,35,35,216,0
4,35,35,217,0
4,35,35,218,0
4,35,35,219,0
4,35,35,220,0
4,35,35,221,0
4,35,35,222,0
4,35,35,223,0
4,35,35,224,0
4,35,35,225,0
4,35,35,226,0
4,35,35,227,0
4,35,35,228,0
4,35,35,229,0
4,35,35,230,0
4,35,35,231,0
4,35,35,232,0
4,35,35,233,0
4,35,35,234,0
4,35,35,235,0
4,35,35,236,0
4,35,35,237,0
4,35,35,238,0
4,35,35,239,0
4,35,35,240,0
4,35,35,241,0
4,35,36,0,7863666563780939639440493
4,35,36,1,183358816213182141471157230
4,35,36,2,2174445317631591981135831655
4,35,36,3,17290384873752061629748589299
4,35,36,4,102801238947618704987252779746
4,35,36,5,483953206619486178207629102460
4,35,36,6,1867483683148386028587396033096
4,35,36,7,6042918046361009542482767947858
4,35,36,8,16659290444867918977145239944477
4,35,36,9,39581105759539212832409682613788
4,35,36,10,81754050412732935907030903904801
4,35,36,11,147794931837927335638680326019280
4,35,36,12,235134466172458699134332663155996
4,35,36,13,330736652381373064452863846930118
4,35,36,14,412971562729564131983588655115024
4,35,36,15,459462828256202357669488949950722
4,35,36,16,457112383137631565142345269349868
4,35,36,17,408099755013845549159267214729674
4,35,36,18,328108412971911895557391890438344
4,35,36,19,238415955367867803508147953182949
4,35,36,20,157145342394638927201447029104803
4,35,36,21,94299243320618562118552066325015
4,35,36,22,51705878597347367967195840217629
4,35,36,23,25998680149441929980020337318170
4,35,36,24,12029438614968870821648499450394
4,35,36,25,5138723717935409866593758385453
4,35,36,26,2032972259124931805763480831087
4,35,36,27,747023740965413424104916765917
4,35,36,28,255642202537749767412931725461
4,35,36,29,81677798278977980828531435191
4,35,36,30,24419738638716218047509686419
4,35,36,31,6846293658414292625978097393
4,35,36,32,1803373176353318074047656165
4,35,36,33,447096617949612997118256116
4,35,36,34,104498574659309656284701804
4,35,36,35,23060122919418736837224429
4,35,36,36,4811147908204875686995647
4,35,36,37,950191962104717739011464
4,35,36,38,177842527148740628554193
4,35,36,39,31575689570974329867335
4,35,36,40,5322761952999092061938
4,35,36,41,852512286653219592829
4,35,36,42,129804337452981194029
4,35,36,43,18796381284096029306
4,35,36,44,2589069324819222593
4,35,36,45,339225148657626240
4,35,36,46,42264406631040057
4,35,36,47,5004536827761369
4,35,36,48,562591905198095
4,35,36,49,59957212872213
4,35,36,50,6043382578316
4,35,36,51,574642006537
4,35,36,52,51193068604
4,35,36,53,4265921396
4,35,36,54,326147576
4,35,36,55,22475061
4,35,36,56,1369516
4,35,36,57,64565
4,35,36,58,2470
4,35,36,59,27
4,35,36,60,0
4,35,36,61,0
4,35,36,62,0
4,35,36,63,0
4,35,36,64,0
4,35,36,65,0
4,35,36,66,0
4,35,36,67,0
4,35,36,68,0
4,35,36,69,0
4,35,36,70,0
4,35,36,71,0
4,35,36,72,0
4,35,36,73,0
4,35,36,74,0
4,35,36,75,0
4,35,36,76,0
4,35,36,77,0
4,35,36,78,0
4,35,36,79,0
4,35,36,80,0
4,35,36,81,0
4,35,36,82,0
4,35,36,83,0
4,35,36,84,0
4,35,36,85,0
4,35,36,86,0
4,35,36,87,0
4,35,36,88,0
4,35,36,89,0
4,35,36,90,0
4,35,36,91,0
4,35,36,92,0
4,35,36,93,0
4,35,36,94,0
4,35,36,95,0
4,35,36,96,0
4,35,36,97,0
4,35,36,98,0
4,35,36,99,0
4,35,36,100,0
4,35,36,101,0
4,35,36,102,0
4,35,36,103,0
4,35,36,104,0
4,35,36,105,0
4,35,36,106,0
4,35,36,107,0
4,35,36,108,0
4,35,36,109,0
4,35,36,110,0
4,35,36,111,0
4,35,36,112,0
4,35,36,113,0
4,35,36,114,0
4,35,36,115,0
4,35,36,116,0
4,35,36,117,0
4,35,36,118,0
4,35,36,119,0
4,35,36,120,0
4,35,36,121,0
4,35,36,122,0
4,35,36,123,0
4,35,36,124,0
4,35,36,125,0
4,35,36,126,0
4,35,36,127,0
4,35,36,128,0
4,35,36,129,0
4,35,36,130,0
4,35,36,131,0
4,35,36,132,0
4,35,36,133,0
4,35,36,134,0
4,35,36,135,0
4,35,36,136,0
4,35,36,137,0
4,35,36,138,0
4,35,36,139,0
4,35,36,140,0
4,35,36,141,0
4,35,36,142,0
4,35,36,143,0
4,35,36,144,0
4,35,36,145,0
4,35,36,146,0
4,35,36,147,0
4,35,36,148,0
4,35,36,149,0
4,35,36,150,0
4,35,36,151,0
4,35,36,152,0
4,35,36,153,0
4,35,36,154,0
4,35,36,155,0
4,35,36,156,0
4,35,36,157,0
4,35,36,158,0
4,35,36,159,0
4,35,36,160,0
4,35,36,161,0
4,35,36,162,0
4,35,36,163,0
4,35,36,164,0
4,35,36,165,0
4,35,36,166,0
4,35,36,167,0
4,35,36,168,0
4,35,36,169,0
4,35,36,170,0
4,35,36,171,0
4,35,36,172,0
4,35,36,173,0
4,35,36,174,0
4,35,36,175,0
4,35,36,176,0
4,35,36,177,0
4,35,36,178,0
4,35,36,179,0
4,35,36,180,0
4,35,36,181,0
4,35,36,182,0
4,35,36,183,0
4,35,36,184,0
4,35,36,185,0
4,35,36,186,0
4,35,36,187,0
4,35,36,188,0
4,35,36,189,0
4,35,36,190,0
4,35,36,191,0
4,35,36,192,0
4,35,36,193,0
4,35,36,194,0
4,35,36,195,0
4,35,36,196,0
4,35,36,197,0
4,35,36,198,0
4,35,36,199,0
4,35,36,200,0
4,35,36,201,0
4,35,36,202,0
4,35,36,203,0
4,35,36,204,0
4,35,36,205,0
4,35,36,206,0
4,35,36,207,0
4,35,36,208,0
4,35,36,209,0
4,35,36,210,0
4,35,36,211,0
4,35,36,212,0
4,35,36,213,0
4,35,36,214,0
4,35,36,215,0
4,35,36,216,0
4,35,36,217,0
4,35,36,218,0
4,35,36,219,0
4,35,36,220,0
4,35,36,221,0
4,35,36,222,0
4,35,36,223,0
4,35,36,224,0
4,35,36,225,0
4,35,36,226,0
4,35,36,227,0
4,35,36,228,0
4,35,36,229,0
4,35,36,230,0
4,35,36,231,0
4,35,36,232,0
4,35,36,233,0
4,35,36,234,0
4,35,36,235,0
4,35,36,236,0
4,35,36,237,0
4,35,36,238,0
4,35,36,239,0
4,35,36,240,0
4,35,36,241,0
4,35,37,0,6181787725250843653975106
4,35,37,1,152671891123611000594263154
4,35,37,2,1924293339073002307754699482
4,35,37,3,16314373853338165375341401558
4,35,37,4,103734702117306985051895831404
4,35,37,5,523808195828585742616951158182
4,35,37,6,2174355642768265427235619484766
4,35,37,7,7590482178819347919833063329848
4,35,37,8,22638775674870739641248605339926
4,35,37,9,58352283021044534168577803938880
4,35,37,10,131104454477991331743478908565762
4,35,37,11,258477363734812967223141351030478
4,35,37,12,449558631198868547212233809083402
4,35,37,13,692833891357631529034781360907042
4,35,37,14,949754525925869640672779602445856
4,35,37,15,1162070861113728777460742534668754
4,35,37,16,1273223441181934893795897549885356
4,35,37,17,1253153827009222996757579998194244
4,35,37,18,1111500682025823907753458264427766
4,35,37,19,891291851700675374348966611721300
4,35,37,20,648280474114698913203842403165224
4,35,37,21,429132543229234033747894439677116
4,35,37,22,259400215163663978929295684453394
4,35,37,23,143667460301478329265636884718046
4,35,37,24,73145567652790389475440631649832
4,35,37,25,34343565236465459655239885655598
4,35,37,26,14916072647826073600992958812164
4,35,37,27,6009877362880117583932598525562
4,35,37,28,2252416831028172784574273280270
4,35,37,29,787211902436744179503646083240
4,35,37,30,257158562023591149508088286368
4,35,37,31,78687578297865634060480053792
4,35,37,32,22597704343170196706661004824
4,35,37,33,6101908987720352972044388364
4,35,37,34,1551812781675716028065268114
4,35,37,35,372269528532324799244582612
4,35,37,36,84360645963919577667641414
4,35,37,37,18082409965813142089558836
4,35,37,38,3670524866691606531745850
4,35,37,39,706364574415779439695202
4,35,37,40,128998025562152925630680
4,35,37,41,22375050117362969844638
4,35,37,42,3688845500378770256542
4,35,37,43,578391220979927330780
4,35,37,44,86288214673175427422
4,35,37,45,12251805752780771322
4,35,37,46,1655769837009679342
4,35,37,47,212955907714535974
4,35,37,48,26054858702985420
4,35,37,49,3030213571447160
4,35,37,50,334597370912100
4,35,37,51,35024661471596
4,35,37,52,3465178967066
4,35,37,53,323199704196
4,35,37,54,28255044402
4,35,37,55,2292535822
4,35,37,56,171553294
4,35,37,57,11375436
4,35,37,58,661372
4,35,37,59,28708
4,35,37,60,1040
4,35,37,61,0
4,35,37,62,0
4,35,37,63,0
4,35,37,64,0
4,35,37,65,0
4,35,37,66,0
4,35,37,67,0
4,35,37,68,0
4,35,37,69,0
4,35,37,70,0
4,35,37,71,0
4,35,37,72,0
4,35,37,73,0
4,35,37,74,0
4,35,37,75,0
4,35,37,76,0
4,35,37,77,0
4,35,37,78,0
4,35,37,79,0
4,35,37,80,0
4,35,37,81,0
4,35,37,82,0
4,35,37,83,0
4,35,37,84,0
4,35,37,85,0
4,35,37,86,0
4,35,37,87,0
4,35,37,88,0
4,35,37,89,0
4,35,37,90,0
4,35,37,91,0
4,35,37,92,0
4,35,37,93,0
4,35,37,94,0
4,35,37,95,0
4,35,37,96,0
4,35,37,97,0
4,35,37,98,0
4,35,37,99,0
4,35,37,100,0
4,35,37,101,0
4,35,37,102,0
4,35,37,103,0
4,35,37,104,0
4,35,37,105,0
4,35,37,106,0
4,35,37,107,0
4,35,37,108,0
4,35,37,109,0
4,35,37,110,0
4,35,37,111,0
4,35,37,112,0
4,35,37,113,0
4,35,37,114,0
4,35,37,115,0
4,35,37,116,0
4,35,37,117,0
4,35,37,118,0
4,35,37,119,0
4,35,37,120,0
4,35,37,121,0
4,35,37,122,0
4,35,37,123,0
4,35,37,124,0
4,35,37,125,0
4,35,37,126,0
4,35,37,127,0
4,35,37,128,0
4,35,37,129,0
4,35,37,130,0
4,35,37,131,0
4,35,37,132,0
4,35,37,133,0
4,35,37,134,0
4,35,37,135,0
4,35,37,136,0
4,35,37,137,0
4,35,37,138,0
4,35,37,139,0
4,35,37,140,0
4,35,37,141,0
4,35,37,142,0
4,35,37,143,0
4,35,37,144,0
4,35,37,145,0
4,35,37,146,0
4,35,37,147,0
4,35,37,148,0
4,35,37,149,0
4,35,37,150,0
4,35,37,151,0
4,35,37,152,0
4,35,37,153,0
4,35,37,154,0
4,35,37,155,0
4,35,37,156,0
4,35,37,157,0
4,35,37,158,0
4,35,37,159,0
4,35,37,160,0
4,35,37,161,0
4,35,37,162,0
4,35,37,163,0
4,35,37,164,0
4,35,37,165,0
4,35,37,166,0
4,35,37,167,0
4,35,37,168,0
4,35,37,169,0
4,35,37,170,0
4,35,37,171,0
4,35,37,172,0
4,35,37,173,0
4,35,37,174,0
4,35,37,175,0
4,35,37,176,0
4,35,37,177,0
4,35,37,178,0
4,35,37,179,0
4,35,37,180,0
4,35,37,181,0
4,35,37,182,0
4,35,37,183,0
4,35,37,184,0
4,35,37,185,0
4,35,37,186,0
4,35,37,187,0
4,35,37,188,0
4,35,37,189,0
4,35,37,190,0
4,35,37,191,0
4,35,37,192,0
4,35,37,193,0
4,35,37,194,0
4,35,37,195,0
4,35,37,196,0
4,35,37,197,0
4,35,37,198,0
4,35,37,199,0
4,35,37,200,0
4,35,37,201,0
4,35,37,202,0
4,35,37,203,0
4,35,37,204,0
4,35,37,205,0
4,35,37,206,0
4,35,37,207,0
4,35,37,208,0
4,35,37,209,0
4,35,37,210,0
4,35,37,211,0
4,35,37,212,0
4,35,37,213,0
4,35,37,214,0
4,35,37,215,0
4,35,37,216,0
4,35,37,217,0
4,35,37,218,0
4,35,37,219,0
4,35,37,220,0
4,35,37,221,0
4,35,37,222,0
4,35,37,223,0
4,35,37,224,0
4,35,37,225,0
4,35,37,226,0
4,35,37,227,0
4,35,37,228,0
4,35,37,229,0
4,35,37,230,0
4,35,37,231,0
4,35,37,232,0
4,35,37,233,0
4,35,37,234,0
4,35,37,235,0
4,35,37,236,0
4,35,37,237,0
4,35,37,238,0
4,35,37,239,0
4,35,37,240,0
4,35,37,241,0
4,35,38,0,4476671897256007194497030
4,35,38,1,116769076084899560725212141
4,35,38,2,1560048461411307043025487113
4,35,38,3,14065393282841453744505874912
4,35,38,4,95401710929782757155075253353
4,35,38,5,515400043221707653551794837128
4,35,38,6,2295633871914971880838853162316
4,35,38,7,8623410244784822124706690665269
4,35,38,8,27753476009915641786699505096600
4,35,38,9,77405249702468746685221970724211
4,35,38,10,188686455952382259938421298552845
4,35,38,11,404648606698712211162157399153450
4,35,38,12,767434608437351400806951646293505
4,35,38,13,1292650330125094006844975713483697
4,35,38,14,1940754518902283251107303411865859
4,35,38,15,2605583247814342591910878385185821
4,35,38,16,3137434025888031315721844454188046
4,35,38,17,3397981352865052628777942956713242
4,35,38,18,3319526902766120827922611943573898
4,35,38,19,2933518392038982050723560616084128
4,35,38,20,2352001345240365778884631134699984
4,35,38,21,1716065807209172358900822440798154
4,35,38,22,1142919947558378444267770160413506
4,35,38,23,697002257217409089891454334057471
4,35,38,24,390423240450732052542593758973560
4,35,38,25,201485390529640721312610387513994
4,35,38,26,96081597455750229434505850815580
4,35,38,27,42457305746278743839883201394754
4,35,38,28,17431756817106796379824753725461
4,35,38,29,6666463547280433669275469674302
4,35,38,30,2380294345471597240326178948690
4,35,38,31,795222856950633889706099470265
4,35,38,32,249082062563056835024950194941
4,35,38,33,73282176633524779062482218294
4,35,38,34,20286303609568285720840921960
4,35,38,35,5292328889788569857403187958
4,35,38,36,1303075334803723114230528516
4,35,38,37,303223497575233899307514198
4,35,38,38,66768817632920941816257502
4,35,38,39,13928537139975659495814380
4,35,38,40,2755616907572407102417229
4,35,38,41,517524047806725410842214
4,35,38,42,92344674799951481942552
4,35,38,43,15666984904387364683156
4,35,38,44,2528838447778493790303
4,35,38,45,388535489058808659267
4,35,38,46,56840803424444875399
4,35,38,47,7919190967820849577
4,35,38,48,1050702095894788361
4,35,38,49,132721686266010691
4,35,38,50,15952426010258947
4,35,38,51,1822911645734878
4,35,38,52,197763588280252
4,35,38,53,20330945777954
4,35,38,54,1975821410952
4,35,38,55,180623387419
4,35,38,56,15473412523
4,35,38,57,1226874877
4,35,38,58,89191089
4,35,38,59,5677566
4,35,38,60,318508
4,35,38,61,12288
4,35,38,62,364
4,35,38,63,0
4,35,38,64,0
4,35,38,65,0
4,35,38,66,0
4,35,38,67,0
4,35,38,68,0
4,35,38,69,0
4,35,38,70,0
4,35,38,71,0
4,35,38,72,0
4,35,38,73,0
4,35,38,74,0
4,35,38,75,0
4,35,38,76,0
4,35,38,77,0
4,35,38,78,0
4,35,38,79,0
4,35,38,80,0
4,35,38,81,0
4,35,38,82,0
4,35,38,83,0
4,35,38,84,0
4,35,38,85,0
4,35,38,86,0
4,35,38,87,0
4,35,38,88,0
4,35,38,89,0
4,35,38,90,0
4,35,38,91,0
4,35,38,92,0
4,35,38,93,0
4,35,38,94,0
4,35,38,95,0
4,35,38,96,0
4,35,38,97,0
4,35,38,98,0
4,35,38,99,0
4,35,38,100,0
4,35,38,101,0
4,35,38,102,0
4,35,38,103,0
4,35,38,104,0
4,35,38,105,0
4,35,38,106,0
4,35,38,107,0
4,35,38,108,0
4,35,38,109,0
4,35,38,110,0
4,35,38,111,0
4,35,38,112,0
4,35,38,113,0
4,35,38,114,0
4,35,38,115,0
4,35,38,116,0
4,35,38,117,0
4,35,38,118,0
4,35,38,119,0
4,35,38,120,0
4,35,38,121,0
4,35,38,122,0
4,35,38,123,0
4,35,38,124,0
4,35,38,125,0
4,35,38,126,0
4,35,38,127,0
4,35,38,128,0
4,35,38,129,0
4,35,38,130,0
4,35,38,131,0
4,35,38,132,0
4,35,38,133,0
4,35,38,134,0
4,35,38,135,0
4,35,38,136,0
4,35,38,137,0
4,35,38,138,0
4,35,38,139,0
4,35,38,140,0
4,35,38,141,0
4,35,38,142,0
4,35,38,143,0
4,35,38,144,0
4,35,38,145,0
4,35,38,146,0
4,35,38,147,0
4,35,38,148,0
4,35,38,149,0
4,35,38,150,0
4,35,38,151,0
4,35,38,152,0
4,35,38,153,0
4,35,38,154,0
4,35,38,155,0
4,35,38,156,0
4,35,38,157,0
4,35,38,158,0
4,35,38,159,0
4,35,38,160,0
4,35,38,161,0
4,35,38,162,0
4,35,38,163,0
4,35,38,164,0
4,35,38,165,0
4,35,38,166,0
4,35,38,167,0
4,35,38,168,0
4,35,38,169,0
4,35,38,170,0
4,35,38,171,0
4,35,38,172,0
4,35,38,173,0
4,35,38,174,0
4,35,38,175,0
4,35,38,176,0
4,35,38,177,0
4,35,38,178,0
4,35,38,179,0
4,35,38,180,0
4,35,38,181,0
4,35,38,182,0
4,35,38,183,0
4,35,38,184,0
4,35,38,185,0
4,35,38,186,0
4,35,38,187,0
4,35,38,188,0
4,35,38,189,0
4,35,38,190,0
4,35,38,191,0
4,35,38,192,0
4,35,38,193,0
4,35,38,194,0
4,35,38,195,0
4,35,38,196,0
4,35,38,197,0
4,35,38,198,0
4,35,38,199,0
4,35,38,200,0
4,35,38,201,0
4,35,38,202,0
4,35,38,203,0
4,35,38,204,0
4,35,38,205,0
4,35,38,206,0
4,35,38,207,0
4,35,38,208,0
4,35,38,209,0
4,35,38,210,0
4,35,38,211,0
4,35,38,212,0
4,35,38,213,0
4,35,38,214,0
4,35,38,215,0
4,35,38,216,0
4,35,38,217,0
4,35,38,218,0
4,35,38,219,0
4,35,38,220,0
4,35,38,221,0
4,35,38,222,0
4,35,38,223,0
4,35,38,224,0
4,35,38,225,0
4,35,38,226,0
4,35,38,227,0
4,35,38,228,0
4,35,38,229,0
4,35,38,230,0
4,35,38,231,0
4,35,38,232,0
4,35,38,233,0
4,35,38,234,0
4,35,38,235,0
4,35,38,236,0
4,35,38,237,0
4,35,38,238,0
4,35,38,239,0
4,35,38,240,0
4,35,38,241,0
4,35,39,0,2987515198860021022318344
4,35,39,1,82062579692799749562535524
4,35,39,2,1158975994506216261488014898
4,35,39,3,11083384726133879177595307440
4,35,39,4,79987733494898826779382562930
4,35,39,5,461169233728741968840686727302
4,35,39,6,2198520125020306394514233086158
4,35,39,7,8864507519412953795842500788536
4,35,39,8,30708130827123083193479660360500
4,35,39,9,92439151356019562679811582652740
4,35,39,10,243857966242604386377486893405682
4,35,39,11,567427595462091930233032320437482
4,35,39,12,1170547936609101399315385374213392
4,35,39,13,2149632527070781016633145709694702
4,35,39,14,3526426338836901232410724295056694
4,35,39,15,5183293464426730673000295981874826
4,35,39,16,6844814951218593265530103312887136
4,35,39,17,8141858493569810506717931333238200
4,35,39,18,8745631584164450721226648175633630
4,35,39,19,8504979603855789791355388377652638
4,35,39,20,7507684464867706126552355706898132
4,35,39,21,6032002290816499579688965380289594
4,35,39,22,4423308711314169637304252971821320
4,35,39,23,2968917948874877680222816469224954
4,35,39,24,1829208380340661404753500215939360
4,35,39,25,1037500488235497300902112670029298
4,35,39,26,543249639006565207288096417671258
4,35,39,27,263321374642165387862569448714612
4,35,39,28,118464519405172292929460450573938
4,35,39,29,49589189486350865849237008037330
4,35,39,30,19359704456472298586097662327192
4,35,39,31,7064366940438940011759628601200
4,35,39,32,2414317566210899023260399872174
4,35,39,33,774252426237389577232823078544
4,35,39,34,233398823751852965864095950970
4,35,39,35,66244283049329391922881143442
4,35,39,36,17729108045857548819360092898
4,35,39,37,4480460346839603310081509906
4,35,39,38,1070584747429432374583807024
4,35,39,39,242162535073862206334579764
4,35,39,40,51911812160076169291642926
4,35,39,41,10557136980438522405470752
4,35,39,42,2038709192100660107273046
4,35,39,43,374163490072737167088176
4,35,39,44,65311421585423645813680
4,35,39,45,10849662673088777842368
4,35,39,46,1716203539826573753432
4,35,39,47,258591749007202719142
4,35,39,48,37124132158600112088
4,35,39,49,5078337578522433514
4,35,39,50,661833742787644864
4,35,39,51,82144134643238586
4,35,39,52,9703166573575942
4,35,39,53,1089676854321778
4,35,39,54,116180408184048
4,35,39,55,11732778599080
4,35,39,56,1119273140326
4,35,39,57,100374309982
4,35,39,58,8419207426
4,35,39,59,650206718
4,35,39,60,46129514
4,35,39,61,2810074
4,35,39,62,144350
4,35,39,63,5620
4,35,39,64,104
4,35,39,65,0
4,35,39,66,0
4,35,39,67,0
4,35,39,68,0
4,35,39,69,0
4,35,39,70,0
4,35,39,71,0
4,35,39,72,0
4,35,39,73,0
4,35,39,74,0
4,35,39,75,0
4,35,39,76,0
4,35,39,77,0
4,35,39,78,0
4,35,39,79,0
4,35,39,80,0
4,35,39,81,0
4,35,39,82,0
4,35,39,83,0
4,35,39,84,0
4,35,39,85,0
4,35,39,86,0
4,35,39,87,0
4,35,39,88,0
4,35,39,89,0
4,35,39,90,0
4,35,39,91,0
4,35,39,92,0
4,35,39,93,0
4,35,39,94,0
4,35,39,95,0
4,35,39,96,0
4,35,39,97,0
4,35,39,98,0
4,35,39,99,0
4,35,39,100,0
4,35,39,101,0
4,35,39,102,0
4,35,39,103,0
4,35,39,104,0
4,35,39,105,0
4,35,39,106,0
4,35,39,107,0
4,35,39,108,0
4,35,39,109,0
4,35,39,110,0
4,35,39,111,0
4,35,39,112,0
4,35,39,113,0
4,35,39,114,0
4,35,39,115,0
4,35,39,116,0
4,35,39,117,0
4,35,39,118,0
4,35,39,119,0
4,35,39,120,0
4,35,39,121,0
4,35,39,122,0
4,35,39,123,0
4,35,39,124,0
4,35,39,125,0
4,35,39,126,0
4,35,39,127,0
4,35,39,128,0
4,35,39,129,0
4,35,39,130,0
4,35,39,131,0
4,35,39,132,0
4,35,39,133,0
4,35,39,134,0
4,35,39,135,0
4,35,39,136,0
4,35,39,137,0
4,35,39,138,0
4,35,39,139,0
4,35,39,140,0
4,35,39,141,0
4,35,39,142,0
4,35,39,143,0
4,35,39,144,0
4,35,39,145,0
4,35,39,146,0
4,35,39,147,0
4,35,39,148,0
4,35,39,149,0
4,35,39,150,0
4,35,39,151,0
4,35,39,152,0
4,35,39,153,0
4,35,39,154,0
4,35,39,155,0
4,35,39,156,0
4,35,39,157,0
4,35,39,158,0
4,35,39,159,0
4,35,39,160,0
4,35,39,161,0
4,35,39,162,0
4,35,39,163,0
4,35,39,164,0
4,35,39,165,0
4,35,39,166,0
4,35,39,167,0
4,35,39,168,0
4,35,39,169,0
4,35,39,170,0
4,35,39,171,0
4,35,39,172,0
4,35,39,173,0
4,35,39,174,0
4,35,39,175,0
4,35,39,176,0
4,35,39,177,0
4,35,39,178,0
4,35,39,179,0
4,35,39,180,0
4,35,39,181,0
4,35,39,182,0
4,35,39,183,0
4,35,39,184,0
4,35,39,185,0
4,35,39,186,0
4,35,39,187,0
4,35,39,188,0
4,35,39,189,0
4,35,39,190,0
4,35,39,191,0
4,35,39,192,0
4,35,39,193,0
4,35,39,194,0
4,35,39,195,0
4,35,39,196,0
4,35,39,197,0
4,35,39,198,0
4,35,39,199,0
4,35,39,200,0
4,35,39,201,0
4,35,39,202,0
4,35,39,203,0
4,35,39,204,0
4,35,39,205,0
4,35,39,206,0
4,35,39,207,0
4,35,39,208,0
4,35,39,209,0
4,35,39,210,0
4,35,39,211,0
4,35,39,212,0
4,35,39,213,0
4,35,39,214,0
4,35,39,215,0
4,35,39,216,0
4,35,39,217,0
4,35,39,218,0
4,35,39,219,0
4,35,39,220,0
4,35,39,221,0
4,35,39,222,0
4,35,39,223,0
4,35,39,224,0
4,35,39,225,0
4,35,39,226,0
4,35,39,227,0
4,35,39,228,0
4,35,39,229,0
4,35,39,230,0
4,35,39,231,0
4,35,39,232,0
4,35,39,233,0
4,35,39,234,0
4,35,39,235,0
4,35,39,236,0
4,35,39,237,0
4,35,39,238,0
4,35,39,239,0
4,35,39,240,0
4,35,39,241,0
4,35,40,0,1838032692991310959151918
4,35,40,1,53009513110953968476435952
4,35,40,2,789232592250452675965074226
4,35,40,3,7984512446599658229973613968
4,35,40,4,61156367590207030261277896984
4,35,40,5,375354680591055237826275329020
4,35,40,6,1910501265955022824458497869707
4,35,40,7,8247932996888723307895305089275
4,35,40,8,30678152144397432990435620886764
4,35,40,9,99426984573154297133771276066777
4,35,40,10,283151299836067713358504236760864
4,35,40,11,713106570784977825017171372882498
4,35,40,12,1596190486482331143010495568758228
4,35,40,13,3188230984362481977697315852908096
4,35,40,14,5701452691604167064129796328778298
4,35,40,15,9154175886857612634295525087262605
4,35,40,16,13229496081393493633040571547915148
4,35,40,17,17249332322280266984487753149348359
4,35,40,18,20337014786337031962020964796743996
4,35,40,19,21730426192239055781388029632478829
4,35,40,20,21091986056401205486736853588528656
4,35,40,21,18641125143171736854793467283385639
4,35,40,22,15038664837682826340102348895675481
4,35,40,23,11103070723925775795430652885147932
4,35,40,24,7521697082296793578550651696953212
4,35,40,25,4687965516633606312974932696686248
4,35,40,26,2695284479843259468933374549776262
4,35,40,27,1433226762589810515107264605146524
4,35,40,28,706678124011198276861183302125480
4,35,40,29,323882113683807570285750964971649
4,35,40,30,138299331868686002298318850812591
4,35,40,31,55140669917305880261333877082769
4,35,40,32,20569964192315185559398389570336
4,35,40,33,7193418080571104557932065847593
4,35,40,34,2362382904431880270599006592731
4,35,40,35,729788585701812061160649925023
4,35,40,36,212394757022788908017316390800
4,35,40,37,58319304918335235052518588834
4,35,40,38,15128021112804428997896942145
4,35,40,39,3711875226100968795781971496
4,35,40,40,862481198536281950244109976
4,35,40,41,189985050009894176684615751
4,35,40,42,39713379706187869892758935
4,35,40,43,7884992241766586246018653
4,35,40,44,1488250340185963975595864
4,35,40,45,267230444411672693707738
4,35,40,46,45678775036412133916760
4,35,40,47,7437019841714702310196
4,35,40,48,1153786286592961469342
4,35,40,49,170616863065473172979
4,35,40,50,24051957783710564397
4,35,40,51,3232185313478002140
4,35,40,52,413957324464423012
4,35,40,53,50502415849030135
4,35,40,54,5864486793721367
4,35,40,55,647431070772885
4,35,40,56,67839808631186
4,35,40,57,6730749591734
4,35,40,58,630422422859
4,35,40,59,55392314781
4,35,40,60,4551770884
4,35,40,61,343235797
4,35,40,62,23318015
4,35,40,63,1389742
4,35,40,64,64538
4,35,40,65,2375
4,35,40,66,26
4,35,40,67,0
4,35,40,68,0
4,35,40,69,0
4,35,40,70,0
4,35,40,71,0
4,35,40,72,0
4,35,40,73,0
4,35,40,74,0
4,35,40,75,0
4,35,40,76,0
4,35,40,77,0
4,35,40,78,0
4,35,40,79,0
4,35,40,80,0
4,35,40,81,0
4,35,40,82,0
4,35,40,83,0
4,35,40,84,0
4,35,40,85,0
4,35,40,86,0
4,35,40,87,0
4,35,40,88,0
4,35,40,89,0
4,35,40,90,0
4,35,40,91,0
4,35,40,92,0
4,35,40,93,0
4,35,40,94,0
4,35,40,95,0
4,35,40,96,0
4,35,40,97,0
4,35,40,98,0
4,35,40,99,0
4,35,40,100,0
4,35,40,101,0
4,35,40,102,0
4,35,40,103,0
4,35,40,104,0
4,35,40,105,0
4,35,40,106,0
4,35,40,107,0
4,35,40,108,0
4,35,40,109,0
4,35,40,110,0
4,35,40,111,0
4,35,40,112,0
4,35,40,113,0
4,35,40,114,0
4,35,40,115,0
4,35,40,116,0
4,35,40,117,0
4,35,40,118,0
4,35,40,119,0
4,35,40,120,0
4,35,40,121,0
4,35,40,122,0
4,35,40,123,0
4,35,40,124,0
4,35,40,125,0
4,35,40,126,0
4,35,40,127,0
4,35,40,128,0
4,35,40,129,0
4,35,40,130,0
4,35,40,131,0
4,35,40,132,0
4,35,40,133,0
4,35,40,134,0
4,35,40,135,0
4,35,40,136,0
4,35,40,137,0
4,35,40,138,0
4,35,40,139,0
4,35,40,140,0
4,35,40,141,0
4,35,40,142,0
4,35,40,143,0
4,35,40,144,0
4,35,40,145,0
4,35,40,146,0
4,35,40,147,0
4,35,40,148,0
4,35,40,149,0
4,35,40,150,0
4,35,40,151,0
4,35,40,152,0
4,35,40,153,0
4,35,40,154,0
4,35,40,155,0
4,35,40,156,0
4,35,40,157,0
4,35,40,158,0
4,35,40,159,0
4,35,40,160,0
4,35,40,161,0
4,35,40,162,0
4,35,40,163,0
4,35,40,164,0
4,35,40,165,0
4,35,40,166,0
4,35,40,167,0
4,35,40,168,0
4,35,40,169,0
4,35,40,170,0
4,35,40,171,0
4,35,40,172,0
4,35,40,173,0
4,35,40,174,0
4,35,40,175,0
4,35,40,176,0
4,35,40,177,0
4,35,40,178,0
4,35,40,179,0
4,35,40,180,0
4,35,40,181,0
4,35,40,182,0
4,35,40,183,0
4,35,40,184,0
4,35,40,185,0
4,35,40,186,0
4,35,40,187,0
4,35,40,188,0
4,35,40,189,0
4,35,40,190,0
4,35,40,191,0
4,35,40,192,0
4,35,40,193,0
4,35,40,194,0
4,35,40,195,0
4,35,40,196,0
4,35,40,197,0
4,35,40,198,0
4,35,40,199,0
4,35,40,200,0
4,35,40,201,0
4,35,40,202,0
4,35,40,203,0
4,35,40,204,0
4,35,40,205,0
4,35,40,206,0
4,35,40,207,0
4,35,40,208,0
4,35,40,209,0
4,35,40,210,0
4,35,40,211,0
4,35,40,212,0
4,35,40,213,0
4,35,40,214,0
4,35,40,215,0
4,35,40,216,0
4,35,40,217,0
4,35,40,218,0
4,35,40,219,0
4,35,40,220,0
4,35,40,221,0
4,35,40,222,0
4,35,40,223,0
4,35,40,224,0
4,35,40,225,0
4,35,40,226,0
4,35,40,227,0
4,35,40,228,0
4,35,40,229,0
4,35,40,230,0
4,35,40,231,0
4,35,40,232,0
4,35,40,233,0
4,35,40,234,0
4,35,40,235,0
4,35,40,236,0
4,35,40,237,0
4,35,40,238,0
4,35,40,239,0
4,35,40,240,0
4,35,40,241,0
4,35,41,0,1042976382882935517221984
4,35,41,1,31485090130439585894226966
4,35,41,2,492784205722337250471256766
4,35,41,3,5260085451251186346256049432
4,35,41,4,42649891910165163828893136070
4,35,41,5,277969039133831063313150470488
4,35,41,6,1506838695717258743997828782828
4,35,41,7,6948237032416520638238695369470
4,35,41,8,27681077257801489519631669601974
4,35,41,9,96354097985670242416071516287498
4,35,41,10,295500661011982350104811048626968
4,35,41,11,803528154940394771084656462749070
4,35,41,12,1946865176291559217473018018366030
4,35,41,13,4219486188383121922976971032616986
4,35,41,14,8206420907103922183979012901978248
4,35,41,15,14360818452383725862540874195441202
4,35,41,16,22664605433617497260537344005521222
4,35,41,17,32328226493558135693992276175190688
4,35,41,18,41759496602647424671701533513391962
4,35,41,19,48947630607032395890873210801655870
4,35,41,20,52166131745016012139382384298213636
4,35,41,21,50656468585985398793758557462735156
4,35,41,22,44917937533175523795337844612535032
4,35,41,23,36453155429349822609336102433105310
4,35,41,24,27140058906008530667280091482362698
4,35,41,25,18582548516165987685198216326561170
4,35,41,26,11729852212705977889292455494865698
4,35,41,27,6843007264903257810506897757151272
4,35,41,28,3698524301519830535448978842343956
4,35,41,29,1856387014943620620177542748106318
4,35,41,30,867279841027605861250963329963010
4,35,41,31,377959445607854946272596184212868
4,35,41,32,153963688010041343914794706268270
4,35,41,33,58737528156335578364508929507392
4,35,41,34,21024209379413436397304031829502
4,35,41,35,7072286165516111819846760793224
4,35,41,36,2239317727801325091151110488376
4,35,41,37,668375713817116325390914401226
4,35,41,38,188306571293991593187132345246
4,35,41,39,50142053564464314126642421604
4,35,41,40,12634173049152755640937876082
4,35,41,41,3015661533254289655746355680
4,35,41,42,682591527950696475906492878
4,35,41,43,146656864116225608875142750
4,35,41,44,29936213271854241966779180
4,35,41,45,5810346995119429187816320
4,35,41,46,1073103968131037548536010
4,35,41,47,188713513488653651514732
4,35,41,48,31617817662818210073130
4,35,41,49,5049277218503121502542
4,35,41,50,768854924376961977256
4,35,41,51,111652488627403019844
4,35,41,52,15464114841237011286
4,35,41,53,2042486000848819056
4,35,41,54,257171446160192716
4,35,41,55,30850262085707474
4,35,41,56,3522632200291636
4,35,41,57,382363034218810
4,35,41,58,39384036644238
4,35,41,59,3838128179668
4,35,41,60,352863696232
4,35,41,61,30426070340
4,35,41,62,2437222560
4,35,41,63,179641338
4,35,41,64,11747006
4,35,41,65,667124
4,35,41,66,28426
4,35,41,67,1000
4,35,41,68,0
4,35,41,69,0
4,35,41,70,0
4,35,41,71,0
4,35,41,72,0
4,35,41,73,0
4,35,41,74,0
4,35,41,75,0
4,35,41,76,0
4,35,41,77,0
4,35,41,78,0
4,35,41,79,0
4,35,41,80,0
4,35,41,81,0
4,35,41,82,0
4,35,41,83,0
4,35,41,84,0
4,35,41,85,0
4,35,41,86,0
4,35,41,87,0
4,35,41,88,0
4,35,41,89,0
4,35,41,90,0
4,35,41,91,0
4,35,41,92,0
4,35,41,93,0
4,35,41,94,0
4,35,41,95,0
4,35,41,96,0
4,35,41,97,0
4,35,41,98,0
4,35,41,99,0
4,35,41,100,0
4,35,41,101,0
4,35,41,102,0
4,35,41,103,0
4,35,41,104,0
4,35,41,105,0
4,35,41,106,0
4,35,41,107,0
4,35,41,108,0
4,35,41,109,0
4,35,41,110,0
4,35,41,111,0
4,35,41,112,0
4,35,41,113,0
4,35,41,114,0
4,35,41,115,0
4,35,41,116,0
4,35,41,117,0
4,35,41,118,0
4,35,41,119,0
4,35,41,120,0
4,35,41,121,0
4,35,41,122,0
4,35,41,123,0
4,35,41,124,0
4,35,41,125,0
4,35,41,126,0
4,35,41,127,0
4,35,41,128,0
4,35,41,129,0
4,35,41,130,0
4,35,41,131,0
4,35,41,132,0
4,35,41,133,0
4,35,41,134,0
4,35,41,135,0
4,35,41,136,0
4,35,41,137,0
4,35,41,138,0
4,35,41,139,0
4,35,41,140,0
4,35,41,141,0
4,35,41,142,0
4,35,41,143,0
4,35,41,144,0
4,35,41,145,0
4,35,41,146,0
4,35,41,147,0
4,35,41,148,0
4,35,41,149,0
4,35,41,150,0
4,35,41,151,0
4,35,41,152,0
4,35,41,153,0
4,35,41,154,0
4,35,41,155,0
4,35,41,156,0
4,35,41,157,0
4,35,41,158,0
4,35,41,159,0
4,35,41,160,0
4,35,41,161,0
4,35,41,162,0
4,35,41,163,0
4,35,41,164,0
4,35,41,165,0
4,35,41,166,0
4,35,41,167,0
4,35,41,168,0
4,35,41,169,0
4,35,41,170,0
4,35,41,171,0
4,35,41,172,0
4,35,41,173,0
4,35,41,174,0
4,35,41,175,0
4,35,41,176,0
4,35,41,177,0
4,35,41,178,0
4,35,41,179,0
4,35,41,180,0
4,35,41,181,0
4,35,41,182,0
4,35,41,183,0
4,35,41,184,0
4,35,41,185,0
4,35,41,186,0
4,35,41,187,0
4,35,41,188,0
4,35,41,189,0
4,35,41,190,0
4,35,41,191,0
4,35,41,192,0
4,35,41,193,0
4,35,41,194,0
4,35,41,195,0
4,35,41,196,0
4,35,41,197,0
4,35,41,198,0
4,35,41,199,0
4,35,41,200,0
4,35,41,201,0
4,35,41,202,0
4,35,41,203,0
4,35,41,204,0
4,35,41,205,0
4,35,41,206,0
4,35,41,207,0
4,35,41,208,0
4,35,41,209,0
4,35,41,210,0
4,35,41,211,0
4,35,41,212,0
4,35,41,213,0
4,35,41,214,0
4,35,41,215,0
4,35,41,216,0
4,35,41,217,0
4,35,41,218,0
4,35,41,219,0
4,35,41,220,0
4,35,41,221,0
4,35,41,222,0
4,35,41,223,0
4,35,41,224,0
4,35,41,225,0
4,35,41,226,0
4,35,41,227,0
4,35,41,228,0
4,35,41,229,0
4,35,41,230,0
4,35,41,231,0
4,35,41,232,0
4,35,41,233,0
4,35,41,234,0
4,35,41,235,0
4,35,41,236,0
4,35,41,237,0
4,35,41,238,0
4,35,41,239,0
4,35,41,240,0
4,35,41,241,0
4,35,42,0,546110112531256175502462
4,35,42,1,17201245966403036540801840
4,35,42,2,282202893636388710382908704
4,35,42,3,3169698736653214352278689726
4,35,42,4,27136466447970493968505830970
4,35,42,5,187335759443311246610078566215
4,35,42,6,1078912858891798181607657329536
4,35,42,7,5300860766039895854372654586726
4,35,42,8,22564587351437980729965864323528
4,35,42,9,84154716306288140517835491927812
4,35,42,10,277265086373823109347379768552425
4,35,42,11,812088429970413555295560487428901
4,35,42,12,2124756424092730006952833496292292
4,35,42,13,4985072281427369172198200458674927
4,35,42,14,10520227611434617339101714035692494
4,35,42,15,20020437121357156355654476383622254
4,35,42,16,34431817648369637515577374705051071
4,35,42,17,53619632960862562784068534803588640
4,35,42,18,75743631515950678880299994868050975
4,35,42,19,97226565065813020307674025382861191
4,35,42,20,113606545658448638345951214436346328
4,35,42,21,121056887990533161902105855133302376
4,35,42,22,117860863616973504510120935857497187
4,35,42,23,105054390826091966478639517867135353
4,35,42,24,85908877417119622048011551363262213
4,35,42,25,64594372698463396502012686786754527
4,35,42,26,44757589230250357506704980778273024
4,35,42,27,28645265059026923426731464819506358
4,35,42,28,16972820819405633953561603462621117
4,35,42,29,9331663533047943534979005945063166
4,35,42,30,4771249018176142244396671691494122
4,35,42,31,2273536863521977488587220486706356
4,35,42,32,1011707374092185792601177086877378
4,35,42,33,421239627646674001033780083829573
4,35,42,34,164404354684803111917616473334102
4,35,42,35,60248394575300537964204563896210
4,35,42,36,20764207069113794793149920760337
4,35,42,37,6740103716412500019190816923762
4,35,42,38,2063479216504100797485671801484
4,35,42,39,596592334389805735993722021496
4,35,42,40,163089239081983866452936164861
4,35,42,41,42202322144988185315541068034
4,35,42,42,10348417177238833840198855406
4,35,42,43,2406981356045273606687937348
4,35,42,44,531544824882125534264210317
4,35,42,45,111546283638164201059473184
4,35,42,46,22262284287739152035898858
4,35,42,47,4228682862340322822352136
4,35,42,48,764980021531832165361351
4,35,42,49,131873490077229460352704
4,35,42,50,21674043063213496436014
4,35,42,51,3397539874309560629018
4,35,42,52,508097280550522304329
4,35,42,53,72500819753013026230
4,35,42,54,9870511106201459849
4,35,42,55,1281870543714152973
4,35,42,56,158732792817504689
4,35,42,57,18728361471039681
4,35,42,58,2103316739468077
4,35,42,59,224499448844335
4,35,42,60,22728532085874
4,35,42,61,2176734229188
4,35,42,62,196296910310
4,35,42,63,16587855566
4,35,42,64,1298940881
4,35,42,65,92984031
4,35,42,66,5824277
4,35,42,67,319921
4,35,42,68,12050
4,35,42,69,350
4,35,42,70,0
4,35,42,71,0
4,35,42,72,0
4,35,42,73,0
4,35,42,74,0
4,35,42,75,0
4,35,42,76,0
4,35,42,77,0
4,35,42,78,0
4,35,42,79,0
4,35,42,80,0
4,35,42,81,0
4,35,42,82,0
4,35,42,83,0
4,35,42,84,0
4,35,42,85,0
4,35,42,86,0
4,35,42,87,0
4,35,42,88,0
4,35,42,89,0
4,35,42,90,0
4,35,42,91,0
4,35,42,92,0
4,35,42,93,0
4,35,42,94,0
4,35,42,95,0
4,35,42,96,0
4,35,42,97,0
4,35,42,98,0
4,35,42,99,0
4,35,42,100,0
4,35,42,101,0
4,35,42,102,0
4,35,42,103,0
4,35,42,104,0
4,35,42,105,0
4,35,42,106,0
4,35,42,107,0
4,35,42,108,0
4,35,42,109,0
4,35,42,110,0
4,35,42,111,0
4,35,42,112,0
4,35,42,113,0
4,35,42,114,0
4,35,42,115,0
4,35,42,116,0
4,35,42,117,0
4,35,42,118,0
4,35,42,119,0
4,35,42,120,0
4,35,42,121,0
4,35,42,122,0
4,35,42,123,0
4,35,42,124,0
4,35,42,125,0
4,35,42,126,0
4,35,42,127,0
4,35,42,128,0
4,35,42,129,0
4,35,42,130,0
4,35,42,131,0
4,35,42,132,0
4,35,42,133,0
4,35,42,134,0
4,35,42,135,0
4,35,42,136,0
4,35,42,137,0
4,35,42,138,0
4,35,42,139,0
4,35,42,140,0
4,35,42,141,0
4,35,42,142,0
4,35,42,143,0
4,35,42,144,0
4,35,42,145,0
4,35,42,146,0
4,35,42,147,0
4,35,42,148,0
4,35,42,149,0
4,35,42,150,0
4,35,42,151,0
4,35,42,152,0
4,35,42,153,0
4,35,42,154,0
4,35,42,155,0
4,35,42,156,0
4,35,42,157,0
4,35,42,158,0
4,35,42,159,0
4,35,42,160,0
4,35,42,161,0
4,35,42,162,0
4,35,42,163,0
4,35,42,164,0
4,35,42,165,0
4,35,42,166,0
4,35,42,167,0
4,35,42,168,0
4,35,42,169,0
4,35,42,170,0
4,35,42,171,0
4,35,42,172,0
4,35,42,173,0
4,35,42,174,0
4,35,42,175,0
4,35,42,176,0
4,35,42,177,0
4,35,42,178,0
4,35,42,179,0
4,35,42,180,0
4,35,42,181,0
4,35,42,182,0
4,35,42,183,0
4,35,42,184,0
4,35,42,185,0
4,35,42,186,0
4,35,42,187,0
4,35,42,188,0
4,35,42,189,0
4,35,42,190,0
4,35,42,191,0
4,35,42,192,0
4,35,42,193,0
4,35,42,194,0
4,35,42,195,0
4,35,42,196,0
4,35,42,197,0
4,35,42,198,0
4,35,42,199,0
4,35,42,200,0
4,35,42,201,0
4,35,42,202,0
4,35,42,203,0
4,35,42,204,0
4,35,42,205,0
4,35,42,206,0
4,35,42,207,0
4,35,42,208,0
4,35,42,209,0
4,35,42,210,0
4,35,42,211,0
4,35,42,212,0
4,35,42,213,0
4,35,42,214,0
4,35,42,215,0
4,35,42,216,0
4,35,42,217,0
4,35,42,218,0
4,35,42,219,0
4,35,42,220,0
4,35,42,221,0
4,35,42,222,0
4,35,42,223,0
4,35,42,224,0
4,35,42,225,0
4,35,42,226,0
4,35,42,227,0
4,35,42,228,0
4,35,42,229,0
4,35,42,230,0
4,35,42,231,0
4,35,42,232,0
4,35,42,233,0
4,35,42,234,0
4,35,42,235,0
4,35,42,236,0
4,35,42,237,0
4,35,42,238,0
4,35,42,239,0
4,35,42,240,0
4,35,42,241,0
4,35,43,0,263993408831428196774600
4,35,43,1,8647507557392720522012160
4,35,43,2,148271276199802682258771014
4,35,43,3,1747583629459568945630638124
4,35,43,4,15755995090960172183772290594
4,35,43,5,114922064460517687887477301156
4,35,43,6,701441266347325070564333631858
4,35,43,7,3663082395777005739498496946016
4,35,43,8,16620863700189200919526600393038
4,35,43,9,66256439174731625208031324359944
4,35,43,10,233957820696675513124881799006494
4,35,43,11,736343799183781727718228694546682
4,35,43,12,2075556158004461148792257796369942
4,35,43,13,5259255382276384399837208300502468
4,35,43,14,12015568094310349848708614755543264
4,35,43,15,24811251603722413979688427642183588
4,35,43,16,46400311684175535600637007562292130
4,35,43,17,78728043207302650118179428223774138
4,35,43,18,121387088620810434325970653716104310
4,35,43,19,170338999159659315062239300773767552
4,35,43,20,217877932552133813765323995703510052
4,35,43,21,254417045241321110317081694870315986
4,35,43,22,271657948417526626908867708468070306
4,35,43,23,265701699509300566282309047885478438
4,35,43,24,238485140794668886722534978088029550
4,35,43,25,196819534463724089499635686177281934
4,35,43,26,149657685188303677998663544437816554
4,35,43,27,105067223646764662938937101115887986
4,35,43,28,68250122500382535801773740149248522
4,35,43,29,41109456873949315756942634809653610
4,35,43,30,23009477712112023216765905930430316
4,35,43,31,11992275415267723484052142080978370
4,35,43,32,5831738177152387704987586367018860
4,35,43,33,2651118785144777265724609672448008
4,35,43,34,1128716551628882031224866178302830
4,35,43,35,450826246895684273726344345789824
4,35,43,36,169199873796595569429407325739326
4,35,43,37,59759982752239601830916507548064
4,35,43,38,19890739143905370817531454163018
4,35,43,39,6247298357265253474795546776690
4,35,43,40,1853826003687482728905610931680
4,35,43,41,520334459048692107849898252850
4,35,43,42,138294388482867562834648201226
4,35,43,43,34840051146260368774182539028
4,35,43,44,8327668896312051608129538228
4,35,43,45,1890305928433118863852208938
4,35,43,46,407825029291553006581033338
4,35,43,47,83693738068389968131877178
4,35,43,48,16349600754113277000309734
4,35,43,49,3042324940530168620548640
4,35,43,50,539567511921967231879162
4,35,43,51,91253539548457063460492
4,35,43,52,14723098149591097293306
4,35,43,53,2266889425423759033092
4,35,43,54,333139862962626639592
4,35,43,55,46731634918960593314
4,35,43,56,6256564716349917492
4,35,43,57,799225860629566038
4,35,43,58,97360873257846080
4,35,43,59,11301189539817736
4,35,43,60,1248473346599586
4,35,43,61,131060122956602
4,35,43,62,13043327928672
4,35,43,63,1226865815596
4,35,43,64,108587330990
4,35,43,65,8988509630
4,35,43,66,685217080
4,35,43,67,47868974
4,35,43,68,2864314
4,35,43,69,144550
4,35,43,70,5446
4,35,43,71,100
4,35,43,72,0
4,35,43,73,0
4,35,43,74,0
4,35,43,75,0
4,35,43,76,0
4,35,43,77,0
4,35,43,78,0
4,35,43,79,0
4,35,43,80,0
4,35,43,81,0
4,35,43,82,0
4,35,43,83,0
4,35,43,84,0
4,35,43,85,0
4,35,43,86,0
4,35,43,87,0
4,35,43,88,0
4,35,43,89,0
4,35,43,90,0
4,35,43,91,0
4,35,43,92,0
4,35,43,93,0
4,35,43,94,0
4,35,43,95,0
4,35,43,96,0
4,35,43,97,0
4,35,43,98,0
4,35,43,99,0
4,35,43,100,0
4,35,43,101,0
4,35,43,102,0
4,35,43,103,0
4,35,43,104,0
4,35,43,105,0
4,35,43,106,0
4,35,43,107,0
4,35,43,108,0
4,35,43,109,0
4,35,43,110,0
4,35,43,111,0
4,35,43,112,0
4,35,43,113,0
4,35,43,114,0
4,35,43,115,0
4,35,43,116,0
4,35,43,117,0
4,35,43,118,0
4,35,43,119,0
4,35,43,120,0
4,35,43,121,0
4,35,43,122,0
4,35,43,123,0
4,35,43,124,0
4,35,43,125,0
4,35,43,126,0
4,35,43,127,0
4,35,43,128,0
4,35,43,129,0
4,35,43,130,0
4,35,43,131,0
4,35,43,132,0
4,35,43,133,0
4,35,43,134,0
4,35,43,135,0
4,35,43,136,0
4,35,43,137,0
4,35,43,138,0
4,35,43,139,0
4,35,43,140,0
4,35,43,141,0
4,35,43,142,0
4,35,43,143,0
4,35,43,144,0
4,35,43,145,0
4,35,43,146,0
4,35,43,147,0
4,35,43,148,0
4,35,43,149,0
4,35,43,150,0
4,35,43,151,0
4,35,43,152,0
4,35,43,153,0
4,35,43,154,0
4,35,43,155,0
4,35,43,156,0
4,35,43,157,0
4,35,43,158,0
4,35,43,159,0
4,35,43,160,0
4,35,43,161,0
4,35,43,162,0
4,35,43,163,0
4,35,43,164,0
4,35,43,165,0
4,35,43,166,0
4,35,43,167,0
4,35,43,168,0
4,35,43,169,0
4,35,43,170,0
4,35,43,171,0
4,35,43,172,0
4,35,43,173,0
4,35,43,174,0
4,35,43,175,0
4,35,43,176,0
4,35,43,177,0
4,35,43,178,0
4,35,43,179,0
4,35,43,180,0
4,35,43,181,0
4,35,43,182,0
4,35,43,183,0
4,35,43,184,0
4,35,43,185,0
4,35,43,186,0
4,35,43,187,0
4,35,43,188,0
4,35,43,189,0
4,35,43,190,0
4,35,43,191,0
4,35,43,192,0
4,35,43,193,0
4,35,43,194,0
4,35,43,195,0
4,35,43,196,0
4,35,43,197,0
4,35,43,198,0
4,35,43,199,0
4,35,43,200,0
4,35,43,201,0
4,35,43,202,0
4,35,43,203,0
4,35,43,204,0
4,35,43,205,0
4,35,43,206,0
4,35,43,207,0
4,35,43,208,0
4,35,43,209,0
4,35,43,210,0
4,35,43,211,0
4,35,43,212,0
4,35,43,213,0
4,35,43,214,0
4,35,43,215,0
4,35,43,216,0
4,35,43,217,0
4,35,43,218,0
4,35,43,219,0
4,35,43,220,0
4,35,43,221,0
4,35,43,222,0
4,35,43,223,0
4,35,43,224,0
4,35,43,225,0
4,35,43,226,0
4,35,43,227,0
4,35,43,228,0
4,35,43,229,0
4,35,43,230,0
4,35,43,231,0
4,35,43,232,0
4,35,43,233,0
4,35,43,234,0
4,35,43,235,0
4,35,43,236,0
4,35,43,237,0
4,35,43,238,0
4,35,43,239,0
4,35,43,240,0
4,35,43,241,0
4,35,44,0,117882670603696756755638
4,35,44,1,4002029715594108708044448
4,35,44,2,71497018315437018584382934
4,35,44,3,881798836168117254403960166
4,35,44,4,8350114111980579025074804760
4,35,44,5,64184185982830710692522563198
4,35,44,6,414149478181510777638506596491
4,35,44,7,2293231373273284463205854046859
4,35,44,8,11064574729319284911495673103734
4,35,44,9,47032290130549558683499514315440
4,35,44,10,177569641193307072544287545764816
4,35,44,11,599133272357806514143591461581544
4,35,44,12,1815138325285582706759982085432752
4,35,44,13,4955896252089071406984781913954114
4,35,44,14,12229808532379801670165840501653427
4,35,44,15,27340939605577940207141429531829373
4,35,44,16,55479891221158670734145860673457851
4,35,44,17,102351227899267855000365622386258865
4,35,44,18,171914114457195084156514572764065404
4,35,44,19,263252033451029630599314182142485943
4,35,44,20,367992481439643791037162919889184754
4,35,44,21,470204513349593279503603267196450794
4,35,44,22,549940135107866148398304241521099024
4,35,44,23,589609094986109890105158810263847050
4,35,44,24,580388769405031193550985012348770357
4,35,44,25,525429676712896413683639056494647530
4,35,44,26,438260074158068998196192097407863271
4,35,44,27,337436055474860382401194913543885899
4,35,44,28,240294435417228444499093497956892671
4,35,44,29,158583109544487835204096676627279682
4,35,44,30,97186216169201560304690899062082530
4,35,44,31,55418301862238223474798104449939574
4,35,44,32,29461191434630231236635690116184437
4,35,44,33,14629041957777067095160266347646007
4,35,44,34,6797278223952925653539631546638300
4,35,44,35,2960420337524719808581010600597510
4,35,44,36,1210527043912492594215779152755700
4,35,44,37,465435439437739369741855701709248
4,35,44,38,168510759027268070713300167984775
4,35,44,39,57525289669592527336998491678751
4,35,44,40,18539406591723480920935270696971
4,35,44,41,5647388811466650847169428525237
4,35,44,42,1627768751972289739529153110352
4,35,44,43,444407551088735374883292637400
4,35,44,44,115037423802227834993477062686
4,35,44,45,28259718203066955065494441949
4,35,44,46,6593975711679191668357683831
4,35,44,47,1462634936323940025415750494
4,35,44,48,308652575772804873653051307
4,35,44,49,62010095995285498219211479
4,35,44,50,11868656676051822627441066
4,35,44,51,2165448095098619293514156
4,35,44,52,376816771622268234624850
4,35,44,53,62566620543606613790805
4,35,44,54,9916046282979235291215
4,35,44,55,1500460856198927778108
4,35,44,56,216797659503766492731
4,35,44,57,29910196194614346500
4,35,44,58,3939469861295345887
4,35,44,59,495156523286819876
4,35,44,60,59355389843002263
4,35,44,61,6779419933852219
4,35,44,62,736858897264121
4,35,44,63,76074955943644
4,35,44,64,7442496819972
4,35,44,65,687736394265
4,35,44,66,59658370828
4,35,44,67,4839078690
4,35,44,68,359953966
4,35,44,69,24110767
4,35,44,70,1405584
4,35,44,71,64355
4,35,44,72,2280
4,35,44,73,25
4,35,44,74,0
4,35,44,75,0
4,35,44,76,0
4,35,44,77,0
4,35,44,78,0
4,35,44,79,0
4,35,44,80,0
4,35,44,81,0
4,35,44,82,0
4,35,44,83,0
4,35,44,84,0
4,35,44,85,0
4,35,44,86,0
4,35,44,87,0
4,35,44,88,0
4,35,44,89,0
4,35,44,90,0
4,35,44,91,0
4,35,44,92,0
4,35,44,93,0
4,35,44,94,0
4,35,44,95,0
4,35,44,96,0
4,35,44,97,0
4,35,44,98,0
4,35,44,99,0
4,35,44,100,0
4,35,44,101,0
4,35,44,102,0
4,35,44,103,0
4,35,44,104,0
4,35,44,105,0
4,35,44,106,0
4,35,44,107,0
4,35,44,108,0
4,35,44,109,0
4,35,44,110,0
4,35,44,111,0
4,35,44,112,0
4,35,44,113,0
4,35,44,114,0
4,35,44,115,0
4,35,44,116,0
4,35,44,117,0
4,35,44,118,0
4,35,44,119,0
4,35,44,120,0
4,35,44,121,0
4,35,44,122,0
4,35,44,123,0
4,35,44,124,0
4,35,44,125,0
4,35,44,126,0
4,35,44,127,0
4,35,44,128,0
4,35,44,129,0
4,35,44,130,0
4,35,44,131,0
4,35,44,132,0
4,35,44,133,0
4,35,44,134,0
4,35,44,135,0
4,35,44,136,0
4,35,44,137,0
4,35,44,138,0
4,35,44,139,0
4,35,44,140,0
4,35,44,141,0
4,35,44,142,0
4,35,44,143,0
4,35,44,144,0
4,35,44,145,0
4,35,44,146,0
4,35,44,147,0
4,35,44,148,0
4,35,44,149,0
4,35,44,150,0
4,35,44,151,0
4,35,44,152,0
4,35,44,153,0
4,35,44,154,0
4,35,44,155,0
4,35,44,156,0
4,35,44,157,0
4,35,44,158,0
4,35,44,159,0
4,35,44,160,0
4,35,44,161,0
4,35,44,162,0
4,35,44,163,0
4,35,44,164,0
4,35,44,165,0
4,35,44,166,0
4,35,44,167,0
4,35,44,168,0
4,35,44,169,0
4,35,44,170,0
4,35,44,171,0
4,35,44,172,0
4,35,44,173,0
4,35,44,174,0
4,35,44,175,0
4,35,44,176,0
4,35,44,177,0
4,35,44,178,0
4,35,44,179,0
4,35,44,180,0
4,35,44,181,0
4,35,44,182,0
4,35,44,183,0
4,35,44,184,0
4,35,44,185,0
4,35,44,186,0
4,35,44,187,0
4,35,44,188,0
4,35,44,189,0
4,35,44,190,0
4,35,44,191,0
4,35,44,192,0
4,35,44,193,0
4,35,44,194,0
4,35,44,195,0
4,35,44,196,0
4,35,44,197,0
4,35,44,198,0
4,35,44,199,0
4,35,44,200,0
4,35,44,201,0
4,35,44,202,0
4,35,44,203,0
4,35,44,204,0
4,35,44,205,0
4,35,44,206,0
4,35,44,207,0
4,35,44,208,0
4,35,44,209,0
4,35,44,210,0
4,35,44,211,0
4,35,44,212,0
4,35,44,213,0
4,35,44,214,0
4,35,44,215,0
4,35,44,216,0
4,35,44,217,0
4,35,44,218,0
4,35,44,219,0
4,35,44,220,0
4,35,44,221,0
4,35,44,222,0
4,35,44,223,0
4,35,44,224,0
4,35,44,225,0
4,35,44,226,0
4,35,44,227,0
4,35,44,228,0
4,35,44,229,0
4,35,44,230,0
4,35,44,231,0
4,35,44,232,0
4,35,44,233,0
4,35,44,234,0
4,35,44,235,0
4,35,44,236,0
4,35,44,237,0
4,35,44,238,0
4,35,44,239,0
4,35,44,240,0
4,35,44,241,0
4,35,45,0,48651698583645691686416
4,35,45,1,1705757994136731387648186
4,35,45,2,31652188646092255770724876
4,35,45,3,407316505275523764649644032
4,35,45,4,4040074807141367097653715132
4,35,45,5,32641795824481399530024231764
4,35,45,6,222101615606770964382022299132
4,35,45,7,1300801261640327132648996375090
4,35,45,8,6657770348901314022236395497196
4,35,45,9,30105148890684669621149341047356
4,35,45,10,121240986618388255512388101547562
4,35,45,11,437518750671225716711239321070454
4,35,45,12,1421361067700394729398677664289936
4,35,45,13,4171948084105040520538335824486482
4,35,45,14,11094994807179646919127920540442724
4,35,45,15,26794346051478413073915497424496260
4,35,45,16,58867372583564163887054850140150046
4,35,45,17,117835261238111065321211528822336434
4,35,45,18,215182891356074733224595433273143608
4,35,45,19,358904927214149831653663058228074794
4,35,45,20,547358665214331423011841215527510514
4,35,45,21,764127822700759969902523818412368612
4,35,45,22,977598595156418795614848635938673996
4,35,45,23,1147594013503230993389402145515246844
4,35,45,24,1237728625953482941701713924281979720
4,35,45,25,1228280406353932313257319994255049840
4,35,45,26,1123259470564774526061784789663933510
4,35,45,27,948190242951686066541588726342166504
4,35,45,28,740126566453976296412284558399587866
4,35,45,29,535185348880771888269735699091072790
4,35,45,30,359171302784602763297511643672729030
4,35,45,31,224138505685193292736904764268092056
4,35,45,32,130305248454243438412021763434594334
4,35,45,33,70702597605931561098986120348218810
4,35,45,34,35868206086898699711279518808138782
4,35,45,35,17042218978079711755707830974970920
4,35,45,36,7596090801778935058002451736648546
4,35,45,37,3181034395713724058896784135711312
4,35,45,38,1253395260414731200583368548166476
4,35,45,39,465304934182118163975920596789508
4,35,45,40,162955338666817872365905739994614
4,35,45,41,53901103944496955331377978888340
4,35,45,42,16858151597384639052979978704904
4,35,45,43,4990704676845913102195241335476
4,35,45,44,1399857984415733034250889066150
4,35,45,45,372377611562374628632944971650
4,35,45,46,94025717187032456699608866156
4,35,45,47,22554823672037126741439711814
4,35,45,48,5144094162140594122927394720
4,35,45,49,1116304856280700114827496278
4,35,45,50,230658125317367873577908680
4,35,45,51,45410112933067442342391054
4,35,45,52,8523068402408751706441428
4,35,45,53,1525925638211250045087108
4,35,45,54,260716276274997159560136
4,35,45,55,42527321964520758512932
4,35,45,56,6624602572488530734772
4,35,45,57,985650485803528851966
4,35,45,58,140081902937530646732
4,35,45,59,19015073493600477642
4,35,45,60,2464656191087092318
4,35,45,61,304896251760935916
4,35,45,62,35972886257680196
4,35,45,63,4043656369215718
4,35,45,64,432442631552058
4,35,45,65,43916316905116
4,35,45,66,4222394410160
4,35,45,67,383177297206
4,35,45,68,32619896176
4,35,45,69,2581489540
4,35,45,70,187433604
4,35,45,71,12086280
4,35,45,72,671074
4,35,45,73,28076
4,35,45,74,960
4,35,45,75,0
4,35,45,76,0
4,35,45,77,0
4,35,45,78,0
4,35,45,79,0
4,35,45,80,0
4,35,45,81,0
4,35,45,82,0
4,35,45,83,0
4,35,45,84,0
4,35,45,85,0
4,35,45,86,0
4,35,45,87,0
4,35,45,88,0
4,35,45,89,0
4,35,45,90,0
4,35,45,91,0
4,35,45,92,0
4,35,45,93,0
4,35,45,94,0
4,35,45,95,0
4,35,45,96,0
4,35,45,97,0
4,35,45,98,0
4,35,45,99,0
4,35,45,100,0
4,35,45,101,0
4,35,45,102,0
4,35,45,103,0
4,35,45,104,0
4,35,45,105,0
4,35,45,106,0
4,35,45,107,0
4,35,45,108,0
4,35,45,109,0
4,35,45,110,0
4,35,45,111,0
4,35,45,112,0
4,35,45,113,0
4,35,45,114,0
4,35,45,115,0
4,35,45,116,0
4,35,45,117,0
4,35,45,118,0
4,35,45,119,0
4,35,45,120,0
4,35,45,121,0
4,35,45,122,0
4,35,45,123,0
4,35,45,124,0
4,35,45,125,0
4,35,45,126,0
4,35,45,127,0
4,35,45,128,0
4,35,45,129,0
4,35,45,130,0
4,35,45,131,0
4,35,45,132,0
4,35,45,133,0
4,35,45,134,0
4,35,45,135,0
4,35,45,136,0
4,35,45,137,0
4,35,45,138,0
4,35,45,139,0
4,35,45,140,0
4,35,45,141,0
4,35,45,142,0
4,35,45,143,0
4,35,45,144,0
4,35,45,145,0
4,35,45,146,0
4,35,45,147,0
4,35,45,148,0
4,35,45,149,0
4,35,45,150,0
4,35,45,151,0
4,35,45,152,0
4,35,45,153,0
4,35,45,154,0
4,35,45,155,0
4,35,45,156,0
4,35,45,157,0
4,35,45,158,0
4,35,45,159,0
4,35,45,160,0
4,35,45,161,0
4,35,45,162,0
4,35,45,163,0
4,35,45,164,0
4,35,45,165,0
4,35,45,166,0
4,35,45,167,0
4,35,45,168,0
4,35,45,169,0
4,35,45,170,0
4,35,45,171,0
4,35,45,172,0
4,35,45,173,0
4,35,45,174,0
4,35,45,175,0
4,35,45,176,0
4,35,45,177,0
4,35,45,178,0
4,35,45,179,0
4,35,45,180,0
4,35,45,181,0
4,35,45,182,0
4,35,45,183,0
4,35,45,184,0
4,35,45,185,0
4,35,45,186,0
4,35,45,187,0
4,35,45,188,0
4,35,45,189,0
4,35,45,190,0
4,35,45,191,0
4,35,45,192,0
4,35,45,193,0
4,35,45,194,0
4,35,45,195,0
4,35,45,196,0
4,35,45,197,0
4,35,45,198,0
4,35,45,199,0
4,35,45,200,0
4,35,45,201,0
4,35,45,202,0
4,35,45,203,0
4,35,45,204,0
4,35,45,205,0
4,35,45,206,0
4,35,45,207,0
4,35,45,208,0
4,35,45,209,0
4,35,45,210,0
4,35,45,211,0
4,35,45,212,0
4,35,45,213,0
4,35,45,214,0
4,35,45,215,0
4,35,45,216,0
4,35,45,217,0
4,35,45,218,0
4,35,45,219,0
4,35,45,220,0
4,35,45,221,0
4,35,45,222,0
4,35,45,223,0
4,35,45,224,0
4,35,45,225,0
4,35,45,226,0
4,35,45,227,0
4,35,45,228,0
4,35,45,229,0
4,35,45,230,0
4,35,45,231,0
4,35,45,232,0
4,35,45,233,0
4,35,45,234,0
4,35,45,235,0
4,35,45,236,0
4,35,45,237,0
4,35,45,238,0
4,35,45,239,0
4,35,45,240,0
4,35,45,241,0
4,35,46,0,18568989487152660497062
4,35,46,1,669875067935371600075304
4,35,46,2,12869323257872623764777934
4,35,46,3,172284192930378580701391424
4,35,46,4,1784974643273299536276867504
4,35,46,5,15118799858803026811570513400
4,35,46,6,108202299874785423389665971468
4,35,46,7,668631992188857602247365085885
4,35,46,8,3621435629634801924235697943571
4,35,46,9,17378164140148651695074792936044
4,35,46,10,74476813401070784160148013834726
4,35,46,11,286775988135433614915169507124977
4,35,46,12,996696683042004495649057052261218
4,35,46,13,3137766548610146946850410422305738
4,35,46,14,8972501900385587158843430070829406
4,35,46,15,23355169386450626605315146441965023
4,35,46,16,55434224986526504324258377251040247
4,35,46,17,120145134806657781262292960348682401
4,35,46,18,238054185636181667096829539697781675
4,35,46,19,431648457280845236676566497462042610
4,35,46,20,716930541088335742411172207865786976
4,35,46,21,1091725619211692090034270523557122879
4,35,46,22,1525619764321231979990801143549379591
4,35,46,23,1958433018007428967209277980802060802
4,35,46,24,2311919856329981707784565684951851728
4,35,46,25,2512797638095661536499130209378827397
4,35,46,26,2517868516915558086463164602746013921
4,35,46,27,2329273519061868334013006685723750345
4,35,46,28,1992453491833122217266164240142014588
4,35,46,29,1578500684001081887896246469648354291
4,35,46,30,1160191546381407209712391415481910093
4,35,46,31,792505520493937136444860638579462657
4,35,46,32,503999623599043674205582748492348025
4,35,46,33,298935937172071539619839258383858685
4,35,46,34,165652344897739817470576750824124293
4,35,46,35,85905000057945058456184624100824264
4,35,46,36,41758243267533418207704360111823557
4,35,46,37,19056253100004764520679016056049888
4,35,46,38,8175931974060099833598917535951200
4,35,46,39,3302461642267873364327877925312223
4,35,46,40,1257474144086096879993470089617345
4,35,46,41,451904132829690596585918636403620
4,35,46,42,153451853278985549605302784924542
4,35,46,43,49287778832836226630528770823771
4,35,46,44,14989368310175513542342355665139
4,35,46,45,4320319767118514492727456353091
4,35,46,46,1181209183614614450347406421521
4,35,46,47,306610131301333955066430243232
4,35,46,48,75621874186780110553225460448
4,35,46,49,17735567384253166220921167384
4,35,46,50,3958203011736220768113697404
4,35,46,51,841216041361058170449398397
4,35,46,52,170355407309241429578070889
4,35,46,53,32893094805167455274953583
4,35,46,54,6058873683381478941117939
4,35,46,55,1065192821611619217128016
4,35,46,56,178810628956101049999358
4,35,46,57,28670198682390622143154
4,35,46,58,4391795106340264052128
4,35,46,59,642807275182168179211
4,35,46,60,89896732823383296277
4,35,46,61,12010532633403394323
4,35,46,62,1532460120639994113
4,35,46,63,186631353721290605
4,35,46,64,21676601951240759
4,35,46,65,2398418525526149
4,35,46,66,252392091343895
4,35,46,67,25208716639491
4,35,46,68,2382764141926
4,35,46,69,212231010519
4,35,46,70,17708448965
4,35,46,71,1369819795
4,35,46,72,96599247
4,35,46,73,5954286
4,35,46,74,320330
4,35,46,75,11792
4,35,46,76,336
4,35,46,77,0
4,35,46,78,0
4,35,46,79,0
4,35,46,80,0
4,35,46,81,0
4,35,46,82,0
4,35,46,83,0
4,35,46,84,0
4,35,46,85,0
4,35,46,86,0
4,35,46,87,0
4,35,46,88,0
4,35,46,89,0
4,35,46,90,0
4,35,46,91,0
4,35,46,92,0
4,35,46,93,0
4,35,46,94,0
4,35,46,95,0
4,35,46,96,0
4,35,46,97,0
4,35,46,98,0
4,35,46,99,0
4,35,46,100,0
4,35,46,101,0
4,35,46,102,0
4,35,46,103,0
4,35,46,104,0
4,35,46,105,0
4,35,46,106,0
4,35,46,107,0
4,35,46,108,0
4,35,46,109,0
4,35,46,110,0
4,35,46,111,0
4,35,46,112,0
4,35,46,113,0
4,35,46,114,0
4,35,46,115,0
4,35,46,116,0
4,35,46,117,0
4,35,46,118,0
4,35,46,119,0
4,35,46,120,0
4,35,46,121,0
4,35,46,122,0
4,35,46,123,0
4,35,46,124,0
4,35,46,125,0
4,35,46,126,0
4,35,46,127,0
4,35,46,128,0
4,35,46,129,0
4,35,46,130,0
4,35,46,131,0
4,35,46,132,0
4,35,46,133,0
4,35,46,134,0
4,35,46,135,0
4,35,46,136,0
4,35,46,137,0
4,35,46,138,0
4,35,46,139,0
4,35,46,140,0
4,35,46,141,0
4,35,46,142,0
4,35,46,143,0
4,35,46,144,0
4,35,46,145,0
4,35,46,146,0
4,35,46,147,0
4,35,46,148,0
4,35,46,149,0
4,35,46,150,0
4,35,46,151,0
4,35,46,152,0
4,35,46,153,0
4,35,46,154,0
4,35,46,155,0
4,35,46,156,0
4,35,46,157,0
4,35,46,158,0
4,35,46,159,0
4,35,46,160,0
4,35,46,161,0
4,35,46,162,0
4,35,46,163,0
4,35,46,164,0
4,35,46,165,0
4,35,46,166,0
4,35,46,167,0
4,35,46,168,0
4,35,46,169,0
4,35,46,170,0
4,35,46,171,0
4,35,46,172,0
4,35,46,173,0
4,35,46,174,0
4,35,46,175,0
4,35,46,176,0
4,35,46,177,0
4,35,46,178,0
4,35,46,179,0
4,35,46,180,0
4,35,46,181,0
4,35,46,182,0
4,35,46,183,0
4,35,46,184,0
4,35,46,185,0
4,35,46,186,0
4,35,46,187,0
4,35,46,188,0
4,35,46,189,0
4,35,46,190,0
4,35,46,191,0
4,35,46,192,0
4,35,46,193,0
4,35,46,194,0
4,35,46,195,0
4,35,46,196,0
4,35,46,197,0
4,35,46,198,0
4,35,46,199,0
4,35,46,200,0
4,35,46,201,0
4,35,46,202,0
4,35,46,203,0
4,35,46,204,0
4,35,46,205,0
4,35,46,206,0
4,35,46,207,0
4,35,46,208,0
4,35,46,209,0
4,35,46,210,0
4,35,46,211,0
4,35,46,212,0
4,35,46,213,0
4,35,46,214,0
4,35,46,215,0
4,35,46,216,0
4,35,46,217,0
4,35,46,218,0
4,35,46,219,0
4,35,46,220,0
4,35,46,221,0
4,35,46,222,0
4,35,46,223,0
4,35,46,224,0
4,35,46,225,0
4,35,46,226,0
4,35,46,227,0
4,35,46,228,0
4,35,46,229,0
4,35,46,230,0
4,35,46,231,0
4,35,46,232,0
4,35,46,233,0
4,35,46,234,0
4,35,46,235,0
4,35,46,236,0
4,35,46,237,0
4,35,46,238,0
4,35,46,239,0
4,35,46,240,0
4,35,46,241,0
4,35,47,0,6557933173217489546376
4,35,47,1,242490919144770169558492
4,35,47,2,4807185185390516709702764
4,35,47,3,66746163279913532123013416
4,35,47,4,720297354824820815656208172
4,35,47,5,6378650601771664881470456714
4,35,47,6,47892333686359126918520577026
4,35,47,7,311471632046908107729905492826
4,35,47,8,1780834680247558956737782726106
4,35,47,9,9047166023235570371596620838686
4,35,47,10,41163028474628455923076209714120
4,35,47,11,168726786228998526627202559149402
4,35,47,12,625903512440763414649520984027680
4,35,47,13,2108575188741448191824363096958522
4,35,47,14,6468442720225563638804492828004066
4,35,47,15,18107183588767205749294710488985694
4,35,47,16,46329511241806662381038260462585388
4,35,47,17,108489620286864094243243908803397200
4,35,47,18,232757349737713676859345502503183246
4,35,47,19,457921588109866941301615895197572510
4,35,47,20,826788379632422613778937397281176054
4,35,47,21,1370995388618209961531948631720269136
4,35,47,22,2089486864687746803441298292024746452
4,35,47,23,2929188135912185162948837465900742020
4,35,47,24,3780360060460137458981599199421270548
4,35,47,25,4495877333505378457275098460403299188
4,35,47,26,4932393771706260450072336005081084920
4,35,47,27,4997836853592995246053940106512723676
4,35,47,28,4683367129579595577664647437870821610
4,35,47,29,4064475129078429651795427994749164906
4,35,47,30,3271748007553360445319886572134497958
4,35,47,31,2446666441074084962261521787870459948
4,35,47,32,1702552747934425319014494305106414126
4,35,47,33,1104278153306143813325351214914906930
4,35,47,34,668696061735909487049411840089486262
4,35,47,35,378670114088261266771098748353486406
4,35,47,36,200847256780851908424410172216387286
4,35,47,37,99932912222378905272018577641000988
4,35,47,38,46711519841018192655711459533914954
4,35,47,39,20540658877010650597449736746919412
4,35,47,40,8508393843774670255884755328864070
4,35,47,41,3323973190571701385288272044580802
4,35,47,42,1226154424943670359966798433182406
4,35,47,43,427543892018345051557177120906242
4,35,47,44,141060657527235690456964639932254
4,35,47,45,44079527582469397433862275766074
4,35,47,46,13057713157207168650328532801678
4,35,47,47,3670029709390520359148726954648
4,35,47,48,979488624418887005595546001756
4,35,47,49,248425060524432086276138120744
4,35,47,50,59921307925969573964372675106
4,35,47,51,13755171103880395972077729502
4,35,47,52,3007069606054492854904271034
4,35,47,53,626457497662523117562863916
4,35,47,54,124442989160541999600925566
4,35,47,55,23584121710610085323204040
4,35,47,56,4266343022724285376836492
4,35,47,57,737000482127828866299794
4,35,47,58,121622303795728868529310
4,35,47,59,19178422084889890175206
4,35,47,60,2890311993259498240770
4,35,47,61,416329373684139440104
4,35,47,62,57313900214852976552
4,35,47,63,7539033380960367106
4,35,47,64,947161374694298834
4,35,47,65,113582418016820852
4,35,47,66,12989006326874990
4,35,47,67,1414729567451284
4,35,47,68,146508074457750
4,35,47,69,14392287440802
4,35,47,70,1336752230398
4,35,47,71,116886751916
4,35,47,72,9556856822
4,35,47,73,719363690
4,35,47,74,49493002
4,35,47,75,2909650
4,35,47,76,144288
4,35,47,77,5268
4,35,47,78,96
4,35,47,79,0
4,35,47,80,0
4,35,47,81,0
4,35,47,82,0
4,35,47,83,0
4,35,47,84,0
4,35,47,85,0
4,35,47,86,0
4,35,47,87,0
4,35,47,88,0
4,35,47,89,0
4,35,47,90,0
4,35,47,91,0
4,35,47,92,0
4,35,47,93,0
4,35,47,94,0
4,35,47,95,0
4,35,47,96,0
4,35,47,97,0
4,35,47,98,0
4,35,47,99,0
4,35,47,100,0
4,35,47,101,0
4,35,47,102,0
4,35,47,103,0
4,35,47,104,0
4,35,47,105,0
4,35,47,106,0
4,35,47,107,0
4,35,47,108,0
4,35,47,109,0
4,35,47,110,0
4,35,47,111,0
4,35,47,112,0
4,35,47,113,0
4,35,47,114,0
4,35,47,115,0
4,35,47,116,0
4,35,47,117,0
4,35,47,118,0
4,35,47,119,0
4,35,47,120,0
4,35,47,121,0
4,35,47,122,0
4,35,47,123,0
4,35,47,124,0
4,35,47,125,0
4,35,47,126,0
4,35,47,127,0
4,35,47,128,0
4,35,47,129,0
4,35,47,130,0
4,35,47,131,0
4,35,47,132,0
4,35,47,133,0
4,35,47,134,0
4,35,47,135,0
4,35,47,136,0
4,35,47,137,0
4,35,47,138,0
4,35,47,139,0
4,35,47,140,0
4,35,47,141,0
4,35,47,142,0
4,35,47,143,0
4,35,47,144,0
4,35,47,145,0
4,35,47,146,0
4,35,47,147,0
4,35,47,148,0
4,35,47,149,0
4,35,47,150,0
4,35,47,151,0
4,35,47,152,0
4,35,47,153,0
4,35,47,154,0
4,35,47,155,0
4,35,47,156,0
4,35,47,157,0
4,35,47,158,0
4,35,47,159,0
4,35,47,160,0
4,35,47,161,0
4,35,47,162,0
4,35,47,163,0
4,35,47,164,0
4,35,47,165,0
4,35,47,166,0
4,35,47,167,0
4,35,47,168,0
4,35,47,169,0
4,35,47,170,0
4,35,47,171,0
4,35,47,172,0
4,35,47,173,0
4,35,47,174,0
4,35,47,175,0
4,35,47,176,0
4,35,47,177,0
4,35,47,178,0
4,35,47,179,0
4,35,47,180,0
4,35,47,181,0
4,35,47,182,0
4,35,47,183,0
4,35,47,184,0
4,35,47,185,0
4,35,47,186,0
4,35,47,187,0
4,35,47,188,0
4,35,47,189,0
4,35,47,190,0
4,35,47,191,0
4,35,47,192,0
4,35,47,193,0
4,35,47,194,0
4,35,47,195,0
4,35,47,196,0
4,35,47,197,0
4,35,47,198,0
4,35,47,199,0
4,35,47,200,0
4,35,47,201,0
4,35,47,202,0
4,35,47,203,0
4,35,47,204,0
4,35,47,205,0
4,35,47,206,0
4,35,47,207,0
4,35,47,208,0
4,35,47,209,0
4,35,47,210,0
4,35,47,211,0
4,35,47,212,0
4,35,47,213,0
4,35,47,214,0
4,35,47,215,0
4,35,47,216,0
4,35,47,217,0
4,35,47,218,0
4,35,47,219,0
4,35,47,220,0
4,35,47,221,0
4,35,47,222,0
4,35,47,223,0
4,35,47,224,0
4,35,47,225,0
4,35,47,226,0
4,35,47,227,0
4,35,47,228,0
4,35,47,229,0
4,35,47,230,0
4,35,47,231,0
4,35,47,232,0
4,35,47,233,0
4,35,47,234,0
4,35,47,235,0
4,35,47,236,0
4,35,47,237,0
4,35,47,238,0
4,35,47,239,0
4,35,47,240,0
4,35,47,241,0
4,35,48,0,2144195541946608232478
4,35,48,1,80945428010720088410560
4,35,48,2,1650225585323366744117370
4,35,48,3,23690864335305271557745868
4,35,48,4,265528720415805982564053176
4,35,48,5,2451721936796781876951723544
4,35,48,6,19261316151202816990956285408
4,35,48,7,131503355359656734399724473670
4,35,48,8,791732162194472071763920202983
4,35,48,9,4247952579392585354119850248376
4,35,48,10,20469884101783516963713753544707
4,35,48,11,89109477453412485377483289378338
4,35,48,12,351996659643237032929365462700048
4,35,48,13,1266027945453242672695153194820499
4,35,48,14,4157021261358680088034592376990566
4,35,48,15,12486468858863016619165180331354757
4,35,48,16,34363745121325029165622877287339926
4,35,48,17,86755740210871802617580577659230334
4,35,48,18,201119091898743944536407688249560601
4,35,48,19,428455321660345857576275664366610796
4,35,48,20,839347339833308357369952338295584696
4,35,48,21,1512932397059675047399993893643118485
4,35,48,22,2510663012872236739538982633122134021
4,35,48,23,3838023701022883660543184726018806320
4,35,48,24,5408306459995296592949223190868357519
4,35,48,25,7030243620378621554629673762897636254
4,35,48,26,8437266186525405599514482895162474432
4,35,48,27,9357796962504042437879543115468404856
4,35,48,28,9601909854789050215102043142041085660
4,35,48,29,9125940718530316947600001696792397557
4,35,48,30,8044619110727013110252744100836085745
4,35,48,31,6586489552629347655879850919397273711
4,35,48,32,5016123451943283911749661796240003351
4,35,48,33,3558894727717443965954961209809525184
4,35,48,34,2355988792441841747558639430877538012
4,35,48,35,1457544967558482063324988084005623328
4,35,48,36,843980714951301506473030204218579086
4,35,48,37,458099312993396367563830440391431685
4,35,48,38,233418470116241866686667955520458568
4,35,48,39,111805623737203372499507703662890477
4,35,48,40,50410247184911634097639974237317293
4,35,48,41,21421146014371812366313048934402717
4,35,48,42,8589050271604642002668026625243801
4,35,48,43,3253156011891657328061376045446626
4,35,48,44,1165121692384859674529832003529332
4,35,48,45,394972264606130186973741601185565
4,35,48,46,126849463394998473474364079989448
4,35,48,47,38628999539419077945355396529805
4,35,48,48,11163439529651563161684303837129
4,35,48,49,3063955688258941132812360188248
4,35,48,50,799267376360069622218284423474
4,35,48,51,198307229102583168530405184565
4,35,48,52,46829626840711417606268559970
4,35,48,53,10532331140671484425817136299
4,35,48,54,2257471773629188669170107104
4,35,48,55,461393494525691701385311596
4,35,48,56,89972960106825104186550075
4,35,48,57,16748041426862069071978618
4,35,48,58,2977310493505464340863294
4,35,48,59,505663254873131608258997
4,35,48,60,82075338228474095692462
4,35,48,61,12734362166487163785109
4,35,48,62,1888905454736694696204
4,35,48,63,267864930446924136518
4,35,48,64,36310971838996978286
4,35,48,65,4703811352533945200
4,35,48,66,582023293577751514
4,35,48,67,68737772363783841
4,35,48,68,7740602884743054
4,35,48,69,830012151148639
4,35,48,70,84584336586724
4,35,48,71,8171765012929
4,35,48,72,745974600980
4,35,48,73,63947774409
4,35,48,74,5123742735
4,35,48,75,376060033
4,35,48,76,24831952
4,35,48,77,1417326
4,35,48,78,63968
4,35,48,79,2185
4,35,48,80,24
4,35,48,81,0
4,35,48,82,0
4,35,48,83,0
4,35,48,84,0
4,35,48,85,0
4,35,48,86,0
4,35,48,87,0
4,35,48,88,0
4,35,48,89,0
4,35,48,90,0
4,35,48,91,0
4,35,48,92,0
4,35,48,93,0
4,35,48,94,0
4,35,48,95,0
4,35,48,96,0
4,35,48,97,0
4,35,48,98,0
4,35,48,99,0
4,35,48,100,0
4,35,48,101,0
4,35,48,102,0
4,35,48,103,0
4,35,48,104,0
4,35,48,105,0
4,35,48,106,0
4,35,48,107,0
4,35,48,108,0
4,35,48,109,0
4,35,48,110,0
4,35,48,111,0
4,35,48,112,0
4,35,48,113,0
4,35,48,114,0
4,35,48,115,0
4,35,48,116,0
4,35,48,117,0
4,35,48,118,0
4,35,48,119,0
4,35,48,120,0
4,35,48,121,0
4,35,48,122,0
4,35,48,123,0
4,35,48,124,0
4,35,48,125,0
4,35,48,126,0
4,35,48,127,0
4,35,48,128,0
4,35,48,129,0
4,35,48,130,0
4,35,48,131,0
4,35,48,132,0
4,35,48,133,0
4,35,48,134,0
4,35,48,135,0
4,35,48,136,0
4,35,48,137,0
4,35,48,138,0
4,35,48,139,0
4,35,48,140,0
4,35,48,141,0
4,35,48,142,0
4,35,48,143,0
4,35,48,144,0
4,35,48,145,0
4,35,48,146,0
4,35,48,147,0
4,35,48,148,0
4,35,48,149,0
4,35,48,150,0
4,35,48,151,0
4,35,48,152,0
4,35,48,153,0
4,35,48,154,0
4,35,48,155,0
4,35,48,156,0
4,35,48,157,0
4,35,48,158,0
4,35,48,159,0
4,35,48,160,0
4,35,48,161,0
4,35,48,162,0
4,35,48,163,0
4,35,48,164,0
4,35,48,165,0
4,35,48,166,0
4,35,48,167,0
4,35,48,168,0
4,35,48,169,0
4,35,48,170,0
4,35,48,171,0
4,35,48,172,0
4,35,48,173,0
4,35,48,174,0
4,35,48,175,0
4,35,48,176,0
4,35,48,177,0
4,35,48,178,0
4,35,48,179,0
4,35,48,180,0
4,35,48,181,0
4,35,48,182,0
4,35,48,183,0
4,35,48,184,0
4,35,48,185,0
4,35,48,186,0
4,35,48,187,0
4,35,48,188,0
4,35,48,189,0
4,35,48,190,0
4,35,48,191,0
4,35,48,192,0
4,35,48,193,0
4,35,48,194,0
4,35,48,195,0
4,35,48,196,0
4,35,48,197,0
4,35,48,198,0
4,35,48,199,0
4,35,48,200,0
4,35,48,201,0
4,35,48,202,0
4,35,48,203,0
4,35,48,204,0
4,35,48,205,0
4,35,48,206,0
4,35,48,207,0
4,35,48,208,0
4,35,48,209,0
4,35,48,210,0
4,35,48,211,0
4,35,48,212,0
4,35,48,213,0
4,35,48,214,0
4,35,48,215,0
4,35,48,216,0
4,35,48,217,0
4,35,48,218,0
4,35,48,219,0
4,35,48,220,0
4,35,48,221,0
4,35,48,222,0
4,35,48,223,0
4,35,48,224,0
4,35,48,225,0
4,35,48,226,0
4,35,48,227,0
4,35,48,228,0
4,35,48,229,0
4,35,48,230,0
4,35,48,231,0
4,35,48,232,0
4,35,48,233,0
4,35,48,234,0
4,35,48,235,0
4,35,48,236,0
4,35,48,237,0
4,35,48,238,0
4,35,48,239,0
4,35,48,240,0
4,35,48,241,0
4,35,49,0,649353600801496318144
4,35,49,1,24924405225991446863454
4,35,49,2,520742033983454529811394
4,35,49,3,7705405728800047161835488
4,35,49,4,89432926336367580868917262
4,35,49,5,858604238872330546709863222
4,35,49,6,7039292301168030190481729970
4,35,49,7,50322357189041508285672337698
4,35,49,8,318237998427605902901513214038
4,35,49,9,1798883514351838301110773928218
4,35,49,10,9158742579416508122477122877492
4,35,49,11,42242290332130064740182520021696
4,35,49,12,177270870407301030095638561514544
4,35,49,13,679142057054484814871675497971992
4,35,49,14,2381413864955073761248766241100926
4,35,49,15,7658054039561283973635321907815118
4,35,49,16,22618768750953131736281946910321114
4,35,49,17,61431264389077880840275672801226708
4,35,49,18,153555448987871420865433845990409390
4,35,49,19,353504426443566683143863885145880730
4,35,49,20,749922813648161880787374310265568826
4,35,49,21,1466666480594772514779689136737891080
4,35,49,22,2645595294992661452839386483893174710
4,35,49,23,4403296782735085106758383294801714132
4,35,49,24,6765455053148906254363063168727588494
4,35,49,25,9600911966902461395108347588741116754
4,35,49,26,12592058451578208794110012782782642030
4,35,49,27,15274612047636150369613549157795758776
4,35,49,28,17151654335387238549140991056375356206
4,35,49,29,17845617173899397579444501016877443280
4,35,49,30,17223716552738778245491712509829057478
4,35,49,31,15439036917573762054415800454026837428
4,35,49,32,12870084598229462352124722448850111060
4,35,49,33,9991097799531396026766229790243717956
4,35,49,34,7233384689023948268292170251375971014
4,35,49,35,4891086829325842605544766473742257540
4,35,49,36,3093474774222330404059281934952374976
4,35,49,37,1832740617503213807675684754700085590
4,35,49,38,1018569047152185711892117273643785782
4,35,49,39,531760954869199468194084564347377018
4,35,49,40,261129098679206336512600869376807096
4,35,49,41,120768882804497752684147616895637042
4,35,49,42,52666440251962801261452757158539240
4,35,49,43,21681029280536137756541612225900992
4,35,49,44,8434339745088045873439594412258212
4,35,49,45,3103685315870622801925175297004280
4,35,49,46,1081343784716626251158176060882442
4,35,49,47,357017911585981139040025953805574
4,35,49,48,111793369999946053649746143383712
4,35,49,49,33226406659545649714099815202318
4,35,49,50,9380318942546643932740568851246
4,35,49,51,2517274399944842384417056317364
4,35,49,52,642572042287344736847996062814
4,35,49,53,156127611351047051572779342986
4,35,49,54,36131130386621513363275026114
4,35,49,55,7968805764380306251384311544
4,35,49,56,1675977432777331953507191182
4,35,49,57,336314295600492680765643180
4,35,49,58,64423877671868396474629180
4,35,49,59,11786229872374449313752626
4,35,49,60,2060192880565174504346926
4,35,49,61,344188340147332899089878
4,35,49,62,54973967167858755006144
4,35,49,63,8395940258435904702706
4,35,49,64,1226214154355408963166
4,35,49,65,171249180139144509104
4,35,49,66,22865159037664562762
4,35,49,67,2917749470987002106
4,35,49,68,355636068308511092
4,35,49,69,41371221880626336
4,35,49,70,4588156098834240
4,35,49,71,484356939293072
4,35,49,72,48577209486978
4,35,49,73,4614333734864
4,35,49,74,413829399298
4,35,49,75,34814980052
4,35,49,76,2722829260
4,35,49,77,194843454
4,35,49,78,12387204
4,35,49,79,672908
4,35,49,80,27658
4,35,49,81,920
4,35,49,82,0
4,35,49,83,0
4,35,49,84,0
4,35,49,85,0
4,35,49,86,0
4,35,49,87,0
4,35,49,88,0
4,35,49,89,0
4,35,49,90,0
4,35,49,91,0
4,35,49,92,0
4,35,49,93,0
4,35,49,94,0
4,35,49,95,0
4,35,49,96,0
4,35,49,97,0
4,35,49,98,0
4,35,49,99,0
4,35,49,100,0
4,35,49,101,0
4,35,49,102,0
4,35,49,103,0
4,35,49,104,0
4,35,49,105,0
4,35,49,106,0
4,35,49,107,0
4,35,49,108,0
4,35,49,109,0
4,35,49,110,0
4,35,49,111,0
4,35,49,112,0
4,35,49,113,0
4,35,49,114,0
4,35,49,115,0
4,35,49,116,0
4,35,49,117,0
4,35,49,118,0
4,35,49,119,0
4,35,49,120,0
4,35,49,121,0
4,35,49,122,0
4,35,49,123,0
4,35,49,124,0
4,35,49,125,0
4,35,49,126,0
4,35,49,127,0
4,35,49,128,0
4,35,49,129,0
4,35,49,130,0
4,35,49,131,0
4,35,49,132,0
4,35,49,133,0
4,35,49,134,0
4,35,49,135,0
4,35,49,136,0
4,35,49,137,0
4,35,49,138,0
4,35,49,139,0
4,35,49,140,0
4,35,49,141,0
4,35,49,142,0
4,35,49,143,0
4,35,49,144,0
4,35,49,145,0
4,35,49,146,0
4,35,49,147,0
4,35,49,148,0
4,35,49,149,0
4,35,49,150,0
4,35,49,151,0
4,35,49,152,0
4,35,49,153,0
4,35,49,154,0
4,35,49,155,0
4,35,49,156,0
4,35,49,157,0
4,35,49,158,0
4,35,49,159,0
4,35,49,160,0
4,35,49,161,0
4,35,49,162,0
4,35,49,163,0
4,35,49,164,0
4,35,49,165,0
4,35,49,166,0
4,35,49,167,0
4,35,49,168,0
4,35,49,169,0
4,35,49,170,0
4,35,49,171,0
4,35,49,172,0
4,35,49,173,0
4,35,49,174,0
4,35,49,175,0
4,35,49,176,0
4,35,49,177,0
4,35,49,178,0
4,35,49,179,0
4,35,49,180,0
4,35,49,181,0
4,35,49,182,0
4,35,49,183,0
4,35,49,184,0
4,35,49,185,0
4,35,49,186,0
4,35,49,187,0
4,35,49,188,0
4,35,49,189,0
4,35,49,190,0
4,35,49,191,0
4,35,49,192,0
4,35,49,193,0
4,35,49,194,0
4,35,49,195,0
4,35,49,196,0
4,35,49,197,0
4,35,49,198,0
4,35,49,199,0
4,35,49,200,0
4,35,49,201,0
4,35,49,202,0
4,35,49,203,0
4,35,49,204,0
4,35,49,205,0
4,35,49,206,0
4,35,49,207,0
4,35,49,208,0
4,35,49,209,0
4,35,49,210,0
4,35,49,211,0
4,35,49,212,0
4,35,49,213,0
4,35,49,214,0
4,35,49,215,0
4,35,49,216,0
4,35,49,217,0
4,35,49,218,0
4,35,49,219,0
4,35,49,220,0
4,35,49,221,0
4,35,49,222,0
4,35,49,223,0
4,35,49,224,0
4,35,49,225,0
4,35,49,226,0
4,35,49,227,0
4,35,49,228,0
4,35,49,229,0
4,35,49,230,0
4,35,49,231,0
4,35,49,232,0
4,35,49,233,0
4,35,49,234,0
4,35,49,235,0
4,35,49,236,0
4,35,49,237,0
4,35,49,238,0
4,35,49,239,0
4,35,49,240,0
4,35,49,241,0
4,35,50,0,182210490854181898638
4,35,50,1,7080886751074806175680
4,35,50,2,151077169902293013246492
4,35,50,3,2296800921245518619975410
4,35,50,4,27523808233255946251331842
4,35,50,5,273980496710462569205799278
4,35,50,6,2337801443123080884724051968
4,35,50,7,17453855969691610643731123962
4,35,50,8,115647017977704932417661710500
4,35,50,9,687009669844855390588592304328
4,35,50,10,3686726682652066040833279890120
4,35,50,11,17972994474994746336987819872958
4,35,50,12,79940028185932686623334468640015
4,35,50,13,325459453408975517321906762914075
4,35,50,14,1215930983613731992503564877190924
4,35,50,15,4176701089538855113714248172875138
4,35,50,16,13209992094334897542679072319298074
4,35,50,17,38511650559442158575388136993383105
4,35,50,18,103575441047776800572419711237075834
4,35,50,19,257134049171777063768046541346843536
4,35,50,20,589518052094099997230589843183206102
4,35,50,21,1248594681952784216675370218895698084
4,35,50,22,2443768072226486150954358947797898824
4,35,50,23,4421123336170357016087676347564069172
4,35,50,24,7395504861836259595068097611063645264
4,35,50,25,11442374130162605121972460904654233364
4,35,50,26,16381812144318022655348886205312179061
4,35,50,27,21713641533365075226134435226936435301
4,35,50,28,26662786949220395145615477645540271194
4,35,50,29,30353691927129485726162703885575464942
4,35,50,30,32065374798637275671409406213661891959
4,35,50,31,31464343500295683926709551063174442813
4,35,50,32,28710845513003768309658579829726953031
4,35,50,33,24392017332470581346710440982877439770
4,35,50,34,19319111548871041494928069862015693215
4,35,50,35,14284068918508649206806991702229522535
4,35,50,36,9872890616492277824051588634880467696
4,35,50,37,6388097175734991998107988455922528164
4,35,50,38,3874688212974523150827377668221072173
4,35,50,39,2206132737769921972554783872604965511
4,35,50,40,1180673152065830255974727028858407363
4,35,50,41,594677618701788457077954827893549444
4,35,50,42,282235657393815486487253280930098281
4,35,50,43,126362152328792913383063932141160569
4,35,50,44,53427487905243689728428459377228689
4,35,50,45,21354754011756826595470799515258737
4,35,50,46,8076420376645584742985156747118682
4,35,50,47,2892844592637359077965342493280644
4,35,50,48,982149640876963888352304403255323
4,35,50,49,316315802080808006490032379327179
4,35,50,50,96712243431049906015328223267866
4,35,50,51,28091239747948660318179199203010
4,35,50,52,7756893394835090700738538421458
4,35,50,53,2037603197597252635146480568930
4,35,50,54,509499454073355617273883675665
4,35,50,55,121346771484033415148284333975
4,35,50,56,27544299614125351294277511396
4,35,50,57,5962145792649751029051025060
4,35,50,58,1231338267249129967587717414
4,35,50,59,242760888145191700599575046
4,35,50,60,45710132551685910424453186
4,35,50,61,8223644974874592196157678
4,35,50,62,1414151217952450247513243
4,35,50,63,232508993311524716025587
4,35,50,64,36559049647211167506419
4,35,50,65,5498195878057832202199
4,35,50,66,790911542704426782272
4,35,50,67,108811648154412256032
4,35,50,68,14313812004697263537
4,35,50,69,1799632392692672099
4,35,50,70,216114989439573831
4,35,50,71,24766578209128703
4,35,50,72,2705253045164023
4,35,50,73,281168826089706
4,35,50,74,27747162469975
4,35,50,75,2592045720201
4,35,50,76,228255676915
4,35,50,77,18822121931
4,35,50,78,1438618039
4,35,50,79,99972271
4,35,50,80,6065223
4,35,50,81,319671
4,35,50,82,11514
4,35,50,83,322
4,35,50,84,0
4,35,50,85,0
4,35,50,86,0
4,35,50,87,0
4,35,50,88,0
4,35,50,89,0
4,35,50,90,0
4,35,50,91,0
4,35,50,92,0
4,35,50,93,0
4,35,50,94,0
4,35,50,95,0
4,35,50,96,0
4,35,50,97,0
4,35,50,98,0
4,35,50,99,0
4,35,50,100,0
4,35,50,101,0
4,35,50,102,0
4,35,50,103,0
4,35,50,104,0
4,35,50,105,0
4,35,50,106,0
4,35,50,107,0
4,35,50,108,0
4,35,50,109,0
4,35,50,110,0
4,35,50,111,0
4,35,50,112,0
4,35,50,113,0
4,35,50,114,0
4,35,50,115,0
4,35,50,116,0
4,35,50,117,0
4,35,50,118,0
4,35,50,119,0
4,35,50,120,0
4,35,50,121,0
4,35,50,122,0
4,35,50,123,0
4,35,50,124,0
4,35,50,125,0
4,35,50,126,0
4,35,50,127,0
4,35,50,128,0
4,35,50,129,0
4,35,50,130,0
4,35,50,131,0
4,35,50,132,0
4,35,50,133,0
4,35,50,134,0
4,35,50,135,0
4,35,50,136,0
4,35,50,137,0
4,35,50,138,0
4,35,50,139,0
4,35,50,140,0
4,35,50,141,0
4,35,50,142,0
4,35,50,143,0
4,35,50,144,0
4,35,50,145,0
4,35,50,146,0
4,35,50,147,0
4,35,50,148,0
4,35,50,149,0
4,35,50,150,0
4,35,50,151,0
4,35,50,152,0
4,35,50,153,0
4,35,50,154,0
4,35,50,155,0
4,35,50,156,0
4,35,50,157,0
4,35,50,158,0
4,35,50,159,0
4,35,50,160,0
4,35,50,161,0
4,35,50,162,0
4,35,50,163,0
4,35,50,164,0
4,35,50,165,0
4,35,50,166,0
4,35,50,167,0
4,35,50,168,0
4,35,50,169,0
4,35,50,170,0
4,35,50,171,0
4,35,50,172,0
4,35,50,173,0
4,35,50,174,0
4,35,50,175,0
4,35,50,176,0
4,35,50,177,0
4,35,50,178,0
4,35,50,179,0
4,35,50,180,0
4,35,50,181,0
4,35,50,182,0
4,35,50,183,0
4,35,50,184,0
4,35,50,185,0
4,35,50,186,0
4,35,50,187,0
4,35,50,188,0
4,35,50,189,0
4,35,50,190,0
4,35,50,191,0
4,35,50,192,0
4,35,50,193,0
4,35,50,194,0
4,35,50,195,0
4,35,50,196,0
4,35,50,197,0
4,35,50,198,0
4,35,50,199,0
4,35,50,200,0
4,35,50,201,0
4,35,50,202,0
4,35,50,203,0
4,35,50,204,0
4,35,50,205,0
4,35,50,206,0
4,35,50,207,0
4,35,50,208,0
4,35,50,209,0
4,35,50,210,0
4,35,50,211,0
4,35,50,212,0
4,35,50,213,0
4,35,50,214,0
4,35,50,215,0
4,35,50,216,0
4,35,50,217,0
4,35,50,218,0
4,35,50,219,0
4,35,50,220,0
4,35,50,221,0
4,35,50,222,0
4,35,50,223,0
4,35,50,224,0
4,35,50,225,0
4,35,50,226,0
4,35,50,227,0
4,35,50,228,0
4,35,50,229,0
4,35,50,230,0
4,35,50,231,0
4,35,50,232,0
4,35,50,233,0
4,35,50,234,0
4,35,50,235,0
4,35,50,236,0
4,35,50,237,0
4,35,50,238,0
4,35,50,239,0
4,35,50,240,0
4,35,50,241,0
4,35,51,0,47384271330604099144
4,35,51,1,1856140233712804100536
4,35,51,2,40298082235224561321530
4,35,51,3,627434047008374295299804
4,35,51,4,7740011119751400973350944
4,35,51,5,79660101204265108152232640
4,35,51,6,705511077724379149798933640
4,35,51,7,5486581083473931704392471590
4,35,51,8,37991888650338095951772101120
4,35,51,9,236600947467713005995052596858
4,35,51,10,1334998397604200823410399929736
4,35,51,11,6862565102308416588470996016064
4,35,51,12,32274332629725165306396888558040
4,35,51,13,139310855852194653521827156838080
4,35,51,14,553263862252153181544166188983764
4,35,51,15,2025382464676130535220191570506458
4,35,51,16,6844112800036073421988568777917766
4,35,51,17,21370438971847474906643583807176656
4,35,51,18,61705443749344410477000918760406094
4,35,51,19,164846454820953410937768912122000858
4,35,51,20,407608042057856949737718309156195942
4,35,51,21,933089207003571720501598548235679108
4,35,51,22,1977876497704233317318260125374697138
4,35,51,23,3882700846516471432157130112931345340
4,35,51,24,7059774992030356751868202927021804092
4,35,51,25,11891796373828270029575522620885749908
4,35,51,26,18561265629907034074253699484289807488
4,35,51,27,26854174768547377582173128689524353994
4,35,51,28,36028467087363451241030326099670790446
4,35,51,29,44848319790279560062275791826380342508
4,35,51,30,51832732111667630654196431378030092216
4,35,51,31,55662905958167247557321396729934163132
4,35,51,32,55594416371390857699875007844320766004
4,35,51,33,51695025279924324751923855507988299160
4,35,51,34,44803306244856821676479270666526590784
4,35,51,35,36236086766005881139789922565286894108
4,35,51,36,27383837036763528322040076761880162102
4,35,51,37,19361418640813755983939852754852288634
4,35,51,38,12824630721087397318230247861168020910
4,35,51,39,7968755986201421979759749624657705184
4,35,51,40,4650909088209319277577108566612663954
4,35,51,41,2552905474125313961172894322691534324
4,35,51,42,1319496868859379834713005311828832132
4,35,51,43,642927080185683147786515541596910408
4,35,51,44,295645618817121273424320690067954442
4,35,51,45,128436056500200803412116317142318744
4,35,51,46,52763134146527476310819961891371126
4,35,51,47,20516277081079715415453649004918942
4,35,51,48,7557231373975571901247637911157952
4,35,51,49,2639202321226214131722438174117744
4,35,51,50,874496931906847845535846597976922
4,35,51,51,275126345390596793591631715419056
4,35,51,52,82241747298099096371494219607002
4,35,51,53,23373533088147148571876813783744
4,35,51,54,6319802711592927053381495026212
4,35,51,55,1626657500535643087836932137928
4,35,51,56,398804879788643707038145389542
4,35,51,57,93185228080330735551969636318
4,35,51,58,20763388423868232935034663394
4,35,51,59,4414147210016479942426960380
4,35,51,60,895807008909106133273345600
4,35,51,61,173623712952708003047831342
4,35,51,62,32153006103482619138054824
4,35,51,63,5691445302617737616838278
4,35,51,64,963291427509027681454870
4,35,51,65,155934815093901312897508
4,35,51,66,24146814626168180454398
4,35,51,67,3577238208473721679956
4,35,51,68,506989074159525905028
4,35,51,69,68730043643215095184
4,35,51,70,8909626964762649088
4,35,51,71,1103884406155416942
4,35,51,72,130626544189843456
4,35,51,73,14748602909817896
4,35,51,74,1586732327357016
4,35,51,75,162371477092636
4,35,51,76,15766746781910
4,35,51,77,1447843544582
4,35,51,78,125190025148
4,35,51,79,10117217944
4,35,51,80,752186046
4,35,51,81,50968394
4,35,51,82,2945872
4,35,51,83,143518
4,35,51,84,5086
4,35,51,85,92
4,35,51,86,0
4,35,51,87,0
4,35,51,88,0
4,35,51,89,0
4,35,51,90,0
4,35,51,91,0
4,35,51,92,0
4,35,51,93,0
4,35,51,94,0
4,35,51,95,0
4,35,51,96,0
4,35,51,97,0
4,35,51,98,0
4,35,51,99,0
4,35,51,100,0
4,35,51,101,0
4,35,51,102,0
4,35,51,103,0
4,35,51,104,0
4,35,51,105,0
4,35,51,106,0
4,35,51,107,0
4,35,51,108,0
4,35,51,109,0
4,35,51,110,0
4,35,51,111,0
4,35,51,112,0
4,35,51,113,0
4,35,51,114,0
4,35,51,115,0
4,35,51,116,0
4,35,51,117,0
4,35,51,118,0
4,35,51,119,0
4,35,51,120,0
4,35,51,121,0
4,35,51,122,0
4,35,51,123,0
4,35,51,124,0
4,35,51,125,0
4,35,51,126,0
4,35,51,127,0
4,35,51,128,0
4,35,51,129,0
4,35,51,130,0
4,35,51,131,0
4,35,51,132,0
4,35,51,133,0
4,35,51,134,0
4,35,51,135,0
4,35,51,136,0
4,35,51,137,0
4,35,51,138,0
4,35,51,139,0
4,35,51,140,0
4,35,51,141,0
4,35,51,142,0
4,35,51,143,0
4,35,51,144,0
4,35,51,145,0
4,35,51,146,0
4,35,51,147,0
4,35,51,148,0
4,35,51,149,0
4,35,51,150,0
4,35,51,151,0
4,35,51,152,0
4,35,51,153,0
4,35,51,154,0
4,35,51,155,0
4,35,51,156,0
4,35,51,157,0
4,35,51,158,0
4,35,51,159,0
4,35,51,160,0
4,35,51,161,0
4,35,51,162,0
4,35,51,163,0
4,35,51,164,0
4,35,51,165,0
4,35,51,166,0
4,35,51,167,0
4,35,51,168,0
4,35,51,169,0
4,35,51,170,0
4,35,51,171,0
4,35,51,172,0
4,35,51,173,0
4,35,51,174,0
4,35,51,175,0
4,35,51,176,0
4,35,51,177,0
4,35,51,178,0
4,35,51,179,0
4,35,51,180,0
4,35,51,181,0
4,35,51,182,0
4,35,51,183,0
4,35,51,184,0
4,35,51,185,0
4,35,51,186,0
4,35,51,187,0
4,35,51,188,0
4,35,51,189,0
4,35,51,190,0
4,35,51,191,0
4,35,51,192,0
4,35,51,193,0
4,35,51,194,0
4,35,51,195,0
4,35,51,196,0
4,35,51,197,0
4,35,51,198,0
4,35,51,199,0
4,35,51,200,0
4,35,51,201,0
4,35,51,202,0
4,35,51,203,0
4,35,51,204,0
4,35,51,205,0
4,35,51,206,0
4,35,51,207,0
4,35,51,208,0
4,35,51,209,0
4,35,51,210,0
4,35,51,211,0
4,35,51,212,0
4,35,51,213,0
4,35,51,214,0
4,35,51,215,0
4,35,51,216,0
4,35,51,217,0
4,35,51,218,0
4,35,51,219,0
4,35,51,220,0
4,35,51,221,0
4,35,51,222,0
4,35,51,223,0
4,35,51,224,0
4,35,51,225,0
4,35,51,226,0
4,35,51,227,0
4,35,51,228,0
4,35,51,229,0
4,35,51,230,0
4,35,51,231,0
4,35,51,232,0
4,35,51,233,0
4,35,51,234,0
4,35,51,235,0
4,35,51,236,0
4,35,51,237,0
4,35,51,238,0
4,35,51,239,0
4,35,51,240,0
4,35,51,241,0
4,35,52,0,11420252635629602566
4,35,52,1,448887473137034779008
4,35,52,2,9881272757769081188422
4,35,52,3,157059312888471383091898
4,35,52,4,1988533945585013197818218
4,35,52,5,21100580990521791997413610
4,35,52,6,193443849716816876166301726
4,35,52,7,1562885540496706544498120492
4,35,52,8,11281129206211320201861980128
4,35,52,9,73466693271882204730426466108
4,35,52,10,434787236286946272705956153662
4,35,52,11,2351050925769502061358721327833
4,35,52,12,11663472905602898243183704153765
4,35,52,13,53251483743132655962650489092900
4,35,52,14,224288576669351416314582727560595
4,35,52,15,873044431235008993337623322255098
4,35,52,16,3144876196350524489908727279927637
4,35,52,17,10493883964994954943567126134381324
4,35,52,18,32459189286748213033616010704455212
4,35,52,19,93113640029887690943115980674098501
4,35,52,20,247795522769500763965517272945408722
4,35,52,21,611860968144258080904204847762551959
4,35,52,22,1401934303923792126327368698721839372
4,35,52,23,2980797568218579085539737743208420210
4,35,52,24,5881309522967660138833231254740810791
4,35,52,25,10768749136026554454578136804628629950
4,35,52,26,18299431247676892094100161481036109257
4,35,52,27,28863699513563564920802559409251138049
4,35,52,28,42267677165420507558282642769492053643
4,35,52,29,57484818631320951978639409772753018419
4,35,52,30,72641476261872350720047329381581053595
4,35,52,31,85340688137770574672696246391595546148
4,35,52,32,93277396258833916221958304805693048955
4,35,52,33,94930983242523903566276582935685818539
4,35,52,34,90045676205505511535640931133648190422
4,35,52,35,79688657182105580384489439975119298656
4,35,52,36,65871884839893603013557880630265007731
4,35,52,37,50920402230515094200625545477425278972
4,35,52,38,36855967129717670606042760246252914661
4,35,52,39,25008805817795418656562033998636880500
4,35,52,40,15929144703106441136624363670611412207
4,35,52,41,9535517325762960210398393714456295299
4,35,52,42,5371216616780464360779171446106083382
4,35,52,43,2850252419246688989369279884485916528
4,35,52,44,1426459780959643967432434134512251931
4,35,52,45,673999997988807624474876206549264744
4,35,52,46,300965797152563973347527213655590761
4,35,52,47,127127059853106860763289953739268923
4,35,52,48,50839813353129920966541087017376810
4,35,52,49,19265161401864201457944319544574668
4,35,52,50,6922771093554392388170790924663370
4,35,52,51,2360708045153051116448714984634055
4,35,52,52,764467441098363518653161947909332
4,35,52,53,235242139061835015901999958371381
4,35,52,54,68830936185745624651852434147140
4,35,52,55,19161426000770298446826260864966
4,35,52,56,5078115784794298805018664186994
4,35,52,57,1281905714761992022520149308820
4,35,52,58,308411102692811922936598024304
4,35,52,59,70755404205693989158522163550
4,35,52,60,15487199911813765555617663386
4,35,52,61,3235855187184818341271484206
4,35,52,62,645678607353955215093615798
4,35,52,63,123097541047474781203710742
4,35,52,64,22431865983911512733968171
4,35,52,65,3908596102948860479624512
4,35,52,66,651397902878013021556691
4,35,52,67,103858568765817980184215
4,35,52,68,15844288766099027158527
4,35,52,69,2312910981683004933890
4,35,52,70,323051678859967499513
4,35,52,71,43164216308505149273
4,35,52,72,5515140392022166795
4,35,52,73,673485402213393834
4,35,52,74,78540686300762900
4,35,52,75,8737461490254592
4,35,52,76,925920445826583
4,35,52,77,93281866566426
4,35,52,78,8911500996175
4,35,52,79,804555045517
4,35,52,80,68217696344
4,35,52,81,5401638214
4,35,52,82,391348640
4,35,52,83,25470463
4,35,52,84,1424484
4,35,52,85,63377
4,35,52,86,2090
4,35,52,87,23
4,35,52,88,0
4,35,52,89,0
4,35,52,90,0
4,35,52,91,0
4,35,52,92,0
4,35,52,93,0
4,35,52,94,0
4,35,52,95,0
4,35,52,96,0
4,35,52,97,0
4,35,52,98,0
4,35,52,99,0
4,35,52,100,0
4,35,52,101,0
4,35,52,102,0
4,35,52,103,0
4,35,52,104,0
4,35,52,105,0
4,35,52,106,0
4,35,52,107,0
4,35,52,108,0
4,35,52,109,0
4,35,52,110,0
4,35,52,111,0
4,35,52,112,0
4,35,52,113,0
4,35,52,114,0
4,35,52,115,0
4,35,52,116,0
4,35,52,117,0
4,35,52,118,0
4,35,52,119,0
4,35,52,120,0
4,35,52,121,0
4,35,52,122,0
4,35,52,123,0
4,35,52,124,0
4,35,52,125,0
4,35,52,126,0
4,35,52,127,0
4,35,52,128,0
4,35,52,129,0
4,35,52,130,0
4,35,52,131,0
4,35,52,132,0
4,35,52,133,0
4,35,52,134,0
4,35,52,135,0
4,35,52,136,0
4,35,52,137,0
4,35,52,138,0
4,35,52,139,0
4,35,52,140,0
4,35,52,141,0
4,35,52,142,0
4,35,52,143,0
4,35,52,144,0
4,35,52,145,0
4,35,52,146,0
4,35,52,147,0
4,35,52,148,0
4,35,52,149,0
4,35,52,150,0
4,35,52,151,0
4,35,52,152,0
4,35,52,153,0
4,35,52,154,0
4,35,52,155,0
4,35,52,156,0
4,35,52,157,0
4,35,52,158,0
4,35,52,159,0
4,35,52,160,0
4,35,52,161,0
4,35,52,162,0
4,35,52,163,0
4,35,52,164,0
4,35,52,165,0
4,35,52,166,0
4,35,52,167,0
4,35,52,168,0
4,35,52,169,0
4,35,52,170,0
4,35,52,171,0
4,35,52,172,0
4,35,52,173,0
4,35,52,174,0
4,35,52,175,0
4,35,52,176,0
4,35,52,177,0
4,35,52,178,0
4,35,52,179,0
4,35,52,180,0
4,35,52,181,0
4,35,52,182,0
4,35,52,183,0
4,35,52,184,0
4,35,52,185,0
4,35,52,186,0
4,35,52,187,0
4,35,52,188,0
4,35,52,189,0
4,35,52,190,0
4,35,52,191,0
4,35,52,192,0
4,35,52,193,0
4,35,52,194,0
4,35,52,195,0
4,35,52,196,0
4,35,52,197,0
4,35,52,198,0
4,35,52,199,0
4,35,52,200,0
4,35,52,201,0
4,35,52,202,0
4,35,52,203,0
4,35,52,204,0
4,35,52,205,0
4,35,52,206,0
4,35,52,207,0
4,35,52,208,0
4,35,52,209,0
4,35,52,210,0
4,35,52,211,0
4,35,52,212,0
4,35,52,213,0
4,35,52,214,0
4,35,52,215,0
4,35,52,216,0
4,35,52,217,0
4,35,52,218,0
4,35,52,219,0
4,35,52,220,0
4,35,52,221,0
4,35,52,222,0
4,35,52,223,0
4,35,52,224,0
4,35,52,225,0
4,35,52,226,0
4,35,52,227,0
4,35,52,228,0
4,35,52,229,0
4,35,52,230,0
4,35,52,231,0
4,35,52,232,0
4,35,52,233,0
4,35,52,234,0
4,35,52,235,0
4,35,52,236,0
4,35,52,237,0
4,35,52,238,0
4,35,52,239,0
4,35,52,240,0
4,35,52,241,0
4,35,53,0,2550394951370945072
4,35,53,1,100115106061903224770
4,35,53,2,2226459724949527974224
4,35,53,3,36012303852035504670440
4,35,53,4,466591032397843036894672
4,35,53,5,5090324773490943191415892
4,35,53,6,48176463526033442401662142
4,35,53,7,403317800586402132087040582
4,35,53,8,3026930942884616294031825972
4,35,53,9,20562162097794402435007292564
4,35,53,10,127324560618342622870739058524
4,35,53,11,722484180779095253438068315710
4,35,53,12,3771852945297460856014381958682
4,35,53,13,18172415698196305079512056163072
4,35,53,14,80985158894404496469587603030752
4,35,53,15,334417564782668374156020892718802
4,35,53,16,1281221873076127413963223548557244
4,35,53,17,4558442120426493731866767308318078
4,35,53,18,15071144327983615220915886203222504
4,35,53,19,46322869732623247255311882764917672
4,35,53,20,132393900704382769541522051258789926
4,35,53,21,351890919641450783589287183389914586
4,35,53,22,869794631529367750227542539822016478
4,35,53,23,1999247966134541857787540318212610970
4,35,53,24,4272835032670812467883767106537518830
4,35,53,25,8490277728759539409857803363729511594
4,35,53,26,15683805274081700608785783349766861938
4,35,53,27,26933580668933263281666446266515951070
4,35,53,28,43000262059207756663960962053122860110
4,35,53,29,63832854515146539062959276133841448298
4,35,53,30,88129820816093301139088684105764050290
4,35,53,31,113205820582396823460931554539602904670
4,35,53,32,135362686118878741940858673026969754892
4,35,53,33,150760093656896557422057727543446762760
4,35,53,34,156515717985188959086104576180137500450
4,35,53,35,151596990201214656312253057473812076140
4,35,53,36,137121445458173483295324020014801422416
4,35,53,37,115947214140080367334380184273681346958
4,35,53,38,91757546695520914795618481502809843588
4,35,53,39,68038669553897192633988914709717195810
4,35,53,40,47328107673415608353789561674587253074
4,35,53,41,30920815767370013622151245655158941148
4,35,53,42,18996136507608959301949995066259227896
4,35,53,43,10986635225974259380546038632826871988
4,35,53,44,5988734976698037681486660091536115266
4,35,53,45,3079936724597458724165771881030892754
4,35,53,46,1495984203902525075433119487450481752
4,35,53,47,686923463410465233424412411073671400
4,35,53,48,298454715342379474269540229314574588
4,35,53,49,122801987466916349455780381496321876
4,35,53,50,47888805480197175010928524093743302
4,35,53,51,17712813345583998238654202080513640
4,35,53,52,6218275537352572685984120354441848
4,35,53,53,2073329391547686343938185231898676
4,35,53,54,656984737054213082661098943512522
4,35,53,55,197966517602246512724156210679276
4,35,53,56,56758248209016981595485928948476
4,35,53,57,15492113485794123021428658489720
4,35,53,58,4027859745678894559043664585428
4,35,53,59,998050009108534984617777963324
4,35,53,60,235815261511633338686782978930
4,35,53,61,53156345088882678925726504868
4,35,53,62,11437137496304526538067931854
4,35,53,63,2349988144850122935604131344
4,35,53,64,461313686321718767316992982
4,35,53,65,86554902661858326840061602
4,35,53,66,15528032938032849698965740
4,35,53,67,2664487659314695369199222
4,35,53,68,437421516710777586298320
4,35,53,69,68716454666702890428526
4,35,53,70,10331014825817320620802
4,35,53,71,1486448992965430541956
4,35,53,72,204659917889784661660
4,35,53,73,26957575551704530766
4,35,53,74,3395551215246431102
4,35,53,75,408742034237195476
4,35,53,76,46980766940125330
4,35,53,77,5150002659856840
4,35,53,78,537553015926390
4,35,53,79,53318732324136
4,35,53,80,5010171361984
4,35,53,81,444501969460
4,35,53,82,36986097394
4,35,53,83,2859460424
4,35,53,84,201753238
4,35,53,85,12644800
4,35,53,86,672504
4,35,53,87,27172
4,35,53,88,880
4,35,53,89,0
4,35,53,90,0
4,35,53,91,0
4,35,53,92,0
4,35,53,93,0
4,35,53,94,0
4,35,53,95,0
4,35,53,96,0
4,35,53,97,0
4,35,53,98,0
4,35,53,99,0
4,35,53,100,0
4,35,53,101,0
4,35,53,102,0
4,35,53,103,0
4,35,53,104,0
4,35,53,105,0
4,35,53,106,0
4,35,53,107,0
4,35,53,108,0
4,35,53,109,0
4,35,53,110,0
4,35,53,111,0
4,35,53,112,0
4,35,53,113,0
4,35,53,114,0
4,35,53,115,0
4,35,53,116,0
4,35,53,117,0
4,35,53,118,0
4,35,53,119,0
4,35,53,120,0
4,35,53,121,0
4,35,53,122,0
4,35,53,123,0
4,35,53,124,0
4,35,53,125,0
4,35,53,126,0
4,35,53,127,0
4,35,53,128,0
4,35,53,129,0
4,35,53,130,0
4,35,53,131,0
4,35,53,132,0
4,35,53,133,0
4,35,53,134,0
4,35,53,135,0
4,35,53,136,0
4,35,53,137,0
4,35,53,138,0
4,35,53,139,0
4,35,53,140,0
4,35,53,141,0
4,35,53,142,0
4,35,53,143,0
4,35,53,144,0
4,35,53,145,0
4,35,53,146,0
4,35,53,147,0
4,35,53,148,0
4,35,53,149,0
4,35,53,150,0
4,35,53,151,0
4,35,53,152,0
4,35,53,153,0
4,35,53,154,0
4,35,53,155,0
4,35,53,156,0
4,35,53,157,0
4,35,53,158,0
4,35,53,159,0
4,35,53,160,0
4,35,53,161,0
4,35,53,162,0
4,35,53,163,0
4,35,53,164,0
4,35,53,165,0
4,35,53,166,0
4,35,53,167,0
4,35,53,168,0
4,35,53,169,0
4,35,53,170,0
4,35,53,171,0
4,35,53,172,0
4,35,53,173,0
4,35,53,174,0
4,35,53,175,0
4,35,53,176,0
4,35,53,177,0
4,35,53,178,0
4,35,53,179,0
4,35,53,180,0
4,35,53,181,0
4,35,53,182,0
4,35,53,183,0
4,35,53,184,0
4,35,53,185,0
4,35,53,186,0
4,35,53,187,0
4,35,53,188,0
4,35,53,189,0
4,35,53,190,0
4,35,53,191,0
4,35,53,192,0
4,35,53,193,0
4,35,53,194,0
4,35,53,195,0
4,35,53,196,0
4,35,53,197,0
4,35,53,198,0
4,35,53,199,0
4,35,53,200,0
4,35,53,201,0
4,35,53,202,0
4,35,53,203,0
4,35,53,204,0
4,35,53,205,0
4,35,53,206,0
4,35,53,207,0
4,35,53,208,0
4,35,53,209,0
4,35,53,210,0
4,35,53,211,0
4,35,53,212,0
4,35,53,213,0
4,35,53,214,0
4,35,53,215,0
4,35,53,216,0
4,35,53,217,0
4,35,53,218,0
4,35,53,219,0
4,35,53,220,0
4,35,53,221,0
4,35,53,222,0
4,35,53,223,0
4,35,53,224,0
4,35,53,225,0
4,35,53,226,0
4,35,53,227,0
4,35,53,228,0
4,35,53,229,0
4,35,53,230,0
4,35,53,231,0
4,35,53,232,0
4,35,53,233,0
4,35,53,234,0
4,35,53,235,0
4,35,53,236,0
4,35,53,237,0
4,35,53,238,0
4,35,53,239,0
4,35,53,240,0
4,35,53,241,0
4,35,54,0,527488863361993398
4,35,54,1,20577350160636288408
4,35,54,2,460669973157188008682
4,35,54,3,7558748127612149640796
4,35,54,4,99930057169532469818274
4,35,54,5,1117793690770891842681040
4,35,54,6,10892596128418485340646282
4,35,54,7,94246717719646484220509210
4,35,54,8,733595725743386305217045606
4,35,54,9,5185327681001267752493642160
4,35,54,10,33513331826070473189412456054
4,35,54,11,199076253690207103037017959812
4,35,54,12,1091122454731424378365398208678
4,35,54,13,5534311101406480190591784045622
4,35,54,14,26035258616707959338548574829020
4,35,54,15,113788370517438620152352839988862
4,35,54,16,462603404334684176316774381780697
4,35,54,17,1750968710229564855328550764116110
4,35,54,18,6173998641859445555322840149512546
4,35,54,19,20287738556523359374982584058968354
4,35,54,20,62138462809095505360682652647537506
4,35,54,21,177404842173703392363931482366212115
4,35,54,22,472084351111480830630191704560131793
4,35,54,23,1170740225587124767613733341276850349
4,35,54,24,2705237211890772015995354287182598577
4,35,54,25,5823213971100144421975261108196165158
4,35,54,26,11674671132476068147560397605791197992
4,35,54,27,21796019507024757957282308346734438952
4,35,54,28,37888800349826322603935063856878592821
4,35,54,29,61323905754856213952074070125488592585
4,35,54,30,92418699478977615225843916069599912393
4,35,54,31,129710442360790920707008661078290873460
4,35,54,32,169590629562460416405181040861112984822
4,35,54,33,206644032221250810200649426113209904899
4,35,54,34,234788200789974101277325966335101777061
4,35,54,35,248917060972322699347812063728368864572
4,35,54,36,246434358546607882880882343005257964426
4,35,54,37,228036450753726891603763523721259742484
4,35,54,38,197419444515884138082022018017775667368
4,35,54,39,160071633774978830168858575988656556173
4,35,54,40,121690074108298270101759214929904738974
4,35,54,41,86836543955226293006406633146625396510
4,35,54,42,58230603668266311175818095007229503916
4,35,54,43,36736119594769283234559460482625954308
4,35,54,44,21827848092053988459353725778375672592
4,35,54,45,12228465030322377639706600149514446842
4,35,54,46,6465845260031624931612841924445816590
4,35,54,47,3229968866811086226102523548504144269
4,35,54,48,1525790889461849344785621405176737682
4,35,54,49,682174202455623982709269951154050072
4,35,54,50,288905133852799253110231684666243966
4,35,54,51,115986683702096064252449328983481930
4,35,54,52,44173904842000128524258860453378231
4,35,54,53,15970584778953472219370360203542999
4,35,54,54,5484648833982423102382202388313057
4,35,54,55,1790238821859732105408690874484633
4,35,54,56,555720586300884433769866798095117
4,35,54,57,164144030039854257158481352919703
4,35,54,58,46158230502140132196482014193959
4,35,54,59,12363898108848037791225464393756
4,35,54,60,3156212793038261046592055649670
4,35,54,61,768246126378180692801276162274
4,35,54,62,178390861936727640009029386846
4,35,54,63,39536052289933671702685392793
4,35,54,64,8366943715828536556449436393
4,35,54,65,1691568141399020283381106405
4,35,54,66,326848598660871562974170489
4,35,54,67,60382262958140000605040770
4,35,54,68,10669174301673752318353253
4,35,54,69,1803605082057374712245757
4,35,54,70,291772573780617674055907
4,35,54,71,45176248753645330299394
4,35,54,72,6695296977221340309930
4,35,54,73,949748844105953711101
4,35,54,74,128931173585374402461
4,35,54,75,16744956817318202758
4,35,54,76,2079588643019003906
4,35,54,77,246794950002302413
4,35,54,78,27960374806304593
4,35,54,79,3020280712308559
4,35,54,80,310516808369814
4,35,54,81,30317763024638
4,35,54,82,2802430847258
4,35,54,83,244203774162
4,35,54,84,19915361633
4,35,54,85,1504412865
4,35,54,86,103043075
4,35,54,87,6155648
4,35,54,88,317888
4,35,54,89,11216
4,35,54,90,308
4,35,54,91,0
4,35,54,92,0
4,35,54,93,0
4,35,54,94,0
4,35,54,95,0
4,35,54,96,0
4,35,54,97,0
4,35,54,98,0
4,35,54,99,0
4,35,54,100,0
4,35,54,101,0
4,35,54,102,0
4,35,54,103,0
4,35,54,104,0
4,35,54,105,0
4,35,54,106,0
4,35,54,107,0
4,35,54,108,0
4,35,54,109,0
4,35,54,110,0
4,35,54,111,0
4,35,54,112,0
4,35,54,113,0
4,35,54,114,0
4,35,54,115,0
4,35,54,116,0
4,35,54,117,0
4,35,54,118,0
4,35,54,119,0
4,35,54,120,0
4,35,54,121,0
4,35,54,122,0
4,35,54,123,0
4,35,54,124,0
4,35,54,125,0
4,35,54,126,0
4,35,54,127,0
4,35,54,128,0
4,35,54,129,0
4,35,54,130,0
4,35,54,131,0
4,35,54,132,0
4,35,54,133,0
4,35,54,134,0
4,35,54,135,0
4,35,54,136,0
4,35,54,137,0
4,35,54,138,0
4,35,54,139,0
4,35,54,140,0
4,35,54,141,0
4,35,54,142,0
4,35,54,143,0
4,35,54,144,0
4,35,54,145,0
4,35,54,146,0
4,35,54,147,0
4,35,54,148,0
4,35,54,149,0
4,35,54,150,0
4,35,54,151,0
4,35,54,152,0
4,35,54,153,0
4,35,54,154,0
4,35,54,155,0
4,35,54,156,0
4,35,54,157,0
4,35,54,158,0
4,35,54,159,0
4,35,54,160,0
4,35,54,161,0
4,35,54,162,0
4,35,54,163,0
4,35,54,164,0
4,35,54,165,0
4,35,54,166,0
4,35,54,167,0
4,35,54,168,0
4,35,54,169,0
4,35,54,170,0
4,35,54,171,0
4,35,54,172,0
4,35,54,173,0
4,35,54,174,0
4,35,54,175,0
4,35,54,176,0
4,35,54,177,0
4,35,54,178,0
4,35,54,179,0
4,35,54,180,0
4,35,54,181,0
4,35,54,182,0
4,35,54,183,0
4,35,54,184,0
4,35,54,185,0
4,35,54,186,0
4,35,54,187,0
4,35,54,188,0
4,35,54,189,0
4,35,54,190,0
4,35,54,191,0
4,35,54,192,0
4,35,54,193,0
4,35,54,194,0
4,35,54,195,0
4,35,54,196,0
4,35,54,197,0
4,35,54,198,0
4,35,54,199,0
4,35,54,200,0
4,35,54,201,0
4,35,54,202,0
4,35,54,203,0
4,35,54,204,0
4,35,54,205,0
4,35,54,206,0
4,35,54,207,0
4,35,54,208,0
4,35,54,209,0
4,35,54,210,0
4,35,54,211,0
4,35,54,212,0
4,35,54,213,0
4,35,54,214,0
4,35,54,215,0
4,35,54,216,0
4,35,54,217,0
4,35,54,218,0
4,35,54,219,0
4,35,54,220,0
4,35,54,221,0
4,35,54,222,0
4,35,54,223,0
4,35,54,224,0
4,35,54,225,0
4,35,54,226,0
4,35,54,227,0
4,35,54,228,0
4,35,54,229,0
4,35,54,230,0
4,35,54,231,0
4,35,54,232,0
4,35,54,233,0
4,35,54,234,0
4,35,54,235,0
4,35,54,236,0
4,35,54,237,0
4,35,54,238,0
4,35,54,239,0
4,35,54,240,0
4,35,54,241,0
4,35,55,0,100954389554239624
4,35,55,1,3893383348300418708
4,35,55,2,87433014120111680048
4,35,55,3,1450871435514217350504
4,35,55,4,19517170073900556957026
4,35,55,5,223245775333683665583592
4,35,55,6,2234176155392821516635658
4,35,55,7,19928983845262751267128148
4,35,55,8,160487268621889971550240342
4,35,55,9,1177489523079439828511132282
4,35,55,10,7924140601789226429720433976
4,35,55,11,49159295218046501399024074850
4,35,55,12,282203488838291564555353459178
4,35,55,13,1503377812787772485043897549186
4,35,55,14,7448409383220414928712543068832
4,35,55,15,34375673374000610115059888225094
4,35,55,16,147960293318855182779632602756434
4,35,55,17,594440152302463625184497758636744
4,35,55,18,2230387586622180514815750026732204
4,35,55,19,7818126285254846426471135481746758
4,35,55,20,25605638845801987604243772964159238
4,35,55,21,78356535659154951238255194958653584
4,35,55,22,224009952981310007907259151572548390
4,35,55,23,598163825069405322594506605109309232
4,35,55,24,1491476089442971405671774834583115918
4,35,55,25,3471553925519737957929196018625006110
4,35,55,26,7540628530472664390121606621107158422
4,35,55,27,15280534907942701896519934508575711216
4,35,55,28,28880528572238081136957298401096205368
4,35,55,29,50900459711076325527784569893492650752
4,35,55,30,83644521164129842212009507903892229932
4,35,55,31,128157521114126181640191492482689117402
4,35,55,32,183097138754901897794546893195275927106
4,35,55,33,243973636311174874106723589000219214758
4,35,55,34,303303008434862943174152967798921343718
4,35,55,35,351955500495427144049121149058240152096
4,35,55,36,381448060604646780956502315956505677616
4,35,55,37,386393889562002534946323417171137684458
4,35,55,38,366124477610533926279215514169757392416
4,35,55,39,324807968508981921189841123043100027572
4,35,55,40,270054361264968666065937329821143356490
4,35,55,41,210645764595436246993815889495648044048
4,35,55,42,154310849363571596648878506830064610270
4,35,55,43,106280656862964137115255668298909540130
4,35,55,44,68896490087022758567830585802931681822
4,35,55,45,42081268348348745205233268629894917214
4,35,55,46,24242668143185002501916285753241316920
4,35,55,47,13185781761075788224113691004894551422
4,35,55,48,6777649334753998900445713266306158452
4,35,55,49,3295276001811471330452569463006473342
4,35,55,50,1516745129352963199392211081232296188
4,35,55,51,661434666778239330234989411219848784
4,35,55,52,273487651623655120458453345273108520
4,35,55,53,107291819386530561380282901598062878
4,35,55,54,39962803024733725383788835793481256
4,35,55,55,14140699119864544959078636070440442
4,35,55,56,4756219261552057202058181307113082
4,35,55,57,1521483193261927478403735802266984
4,35,55,58,463143250187413071015859537453448
4,35,55,59,134223212977605071681128989391590
4,35,55,60,37052703725261481990866015517632
4,35,55,61,9747746618534350784765323296222
4,35,55,62,2445062079164060334201233623568
4,35,55,63,585037515390277989525125968638
4,35,55,64,133594865328215192418019990368
4,35,55,65,29127838734889574681932549098
4,35,55,66,6066438782472566343945192474
4,35,55,67,1207405157299049817072913090
4,35,55,68,229742526901516221807540776
4,35,55,69,41808034990292499054894268
4,35,55,70,7278638770474749808276246
4,35,55,71,1212638348176546756628086
4,35,55,72,193371887944770133293484
4,35,55,73,29518365213157270006214
4,35,55,74,4313637535514073651040
4,35,55,75,603413324412955220334
4,35,55,76,80782451892090793220
4,35,55,77,10346513760711211908
4,35,55,78,1267095002280198956
4,35,55,79,148262209020248740
4,35,55,80,16557797039116302
4,35,55,81,1762460980275844
4,35,55,82,178474054646946
4,35,55,83,17152254736586
4,35,55,84,1558964977766
4,35,55,85,133408167472
4,35,55,86,10661994316
4,35,55,87,783223002
4,35,55,88,52272092
4,35,55,89,2971990
4,35,55,90,142240
4,35,55,91,4900
4,35,55,92,88
4,35,55,93,0
4,35,55,94,0
4,35,55,95,0
4,35,55,96,0
4,35,55,97,0
4,35,55,98,0
4,35,55,99,0
4,35,55,100,0
4,35,55,101,0
4,35,55,102,0
4,35,55,103,0
4,35,55,104,0
4,35,55,105,0
4,35,55,106,0
4,35,55,107,0
4,35,55,108,0
4,35,55,109,0
4,35,55,110,0
4,35,55,111,0
4,35,55,112,0
4,35,55,113,0
4,35,55,114,0
4,35,55,115,0
4,35,55,116,0
4,35,55,117,0
4,35,55,118,0
4,35,55,119,0
4,35,55,120,0
4,35,55,121,0
4,35,55,122,0
4,35,55,123,0
4,35,55,124,0
4,35,55,125,0
4,35,55,126,0
4,35,55,127,0
4,35,55,128,0
4,35,55,129,0
4,35,55,130,0
4,35,55,131,0
4,35,55,132,0
4,35,55,133,0
4,35,55,134,0
4,35,55,135,0
4,35,55,136,0
4,35,55,137,0
4,35,55,138,0
4,35,55,139,0
4,35,55,140,0
4,35,55,141,0
4,35,55,142,0
4,35,55,143,0
4,35,55,144,0
4,35,55,145,0
4,35,55,146,0
4,35,55,147,0
4,35,55,148,0
4,35,55,149,0
4,35,55,150,0
4,35,55,151,0
4,35,55,152,0
4,35,55,153,0
4,35,55,154,0
4,35,55,155,0
4,35,55,156,0
4,35,55,157,0
4,35,55,158,0
4,35,55,159,0
4,35,55,160,0
4,35,55,161,0
4,35,55,162,0
4,35,55,163,0
4,35,55,164,0
4,35,55,165,0
4,35,55,166,0
4,35,55,167,0
4,35,55,168,0
4,35,55,169,0
4,35,55,170,0
4,35,55,171,0
4,35,55,172,0
4,35,55,173,0
4,35,55,174,0
4,35,55,175,0
4,35,55,176,0
4,35,55,177,0
4,35,55,178,0
4,35,55,179,0
4,35,55,180,0
4,35,55,181,0
4,35,55,182,0
4,35,55,183,0
4,35,55,184,0
4,35,55,185,0
4,35,55,186,0
4,35,55,187,0
4,35,55,188,0
4,35,55,189,0
4,35,55,190,0
4,35,55,191,0
4,35,55,192,0
4,35,55,193,0
4,35,55,194,0
4,35,55,195,0
4,35,55,196,0
4,35,55,197,0
4,35,55,198,0
4,35,55,199,0
4,35,55,200,0
4,35,55,201,0
4,35,55,202,0
4,35,55,203,0
4,35,55,204,0
4,35,55,205,0
4,35,55,206,0
4,35,55,207,0
4,35,55,208,0
4,35,55,209,0
4,35,55,210,0
4,35,55,211,0
4,35,55,212,0
4,35,55,213,0
4,35,55,214,0
4,35,55,215,0
4,35,55,216,0
4,35,55,217,0
4,35,55,218,0
4,35,55,219,0
4,35,55,220,0
4,35,55,221,0
4,35,55,222,0
4,35,55,223,0
4,35,55,224,0
4,35,55,225,0
4,35,55,226,0
4,35,55,227,0
4,35,55,228,0
4,35,55,229,0
4,35,55,230,0
4,35,55,231,0
4,35,55,232,0
4,35,55,233,0
4,35,55,234,0
4,35,55,235,0
4,35,55,236,0
4,35,55,237,0
4,35,55,238,0
4,35,55,239,0
4,35,55,240,0
4,35,55,241,0
4,35,56,0,17856334712385902
4,35,56,1,677052301211312928
4,35,56,2,15198834853096921482
4,35,56,3,254313020225859717200
4,35,56,4,3471585380975747839916
4,35,56,5,40503148384814724350810
4,35,56,6,415257966961889133024740
4,35,56,7,3809530314231174253911698
4,35,56,8,31663456716329092260209676
4,35,56,9,240573342798090546737784158
4,35,56,10,1681816186359583168066089502
4,35,56,11,10871039123060732427222240732
4,35,56,12,65211265489537110141033502660
4,35,56,13,364033027702001998234713002988
4,35,56,14,1895111054396423420209357141305
4,35,56,15,9214682929610622108406600126962
4,35,56,16,41895674116753498021277510946148
4,35,56,17,178255725652426340058757010534276
4,35,56,18,710108947128760418306852216826982
4,35,56,19,2649333834675783363837836361960176
4,35,56,20,9258080927472469038549407324555406
4,35,56,21,30300843225465933094678507933541200
4,35,56,22,92867204815016853109274555461238615
4,35,56,23,266457374507948005790285128385047916
4,35,56,24,715492007342066698947113759429959486
4,35,56,25,1797330349804691377445361333964702419
4,35,56,26,4222035605951910430738406743962288302
4,35,56,27,9270680113058411096244120050473474382
4,35,56,28,19020916241303493970533958109890156228
4,35,56,29,36453107404782473531429488418802624752
4,35,56,30,65238142897971306373804428261727422591
4,35,56,31,109005573388015845773056969158248578781
4,35,56,32,170033589847292234797678371109618040460
4,35,56,33,247609340197550405838116377310184564388
4,35,56,34,336671139387205639131043688975351867086
4,35,56,35,427530539999157759823104720558788277633
4,35,56,36,507250922395660875256342785007181721282
4,35,56,37,562600380607279826896059452697417842976
4,35,56,38,583683590969018549887464520664564370122
4,35,56,39,566866664165264334053569151407241924428
4,35,56,40,515794290378419146938440452065457554910
4,35,56,41,440112437372385045494551216529214215302
4,35,56,42,352506111046044725697432001969470590368
4,35,56,43,265293621646293419178624023312966619527
4,35,56,44,187799409092477261813694865526232811308
4,35,56,45,125175811519177616948788414646032887995
4,35,56,46,78641491652356136374218276144274601350
4,35,56,47,46614796341671590267103123505063637001
4,35,56,48,26094975951987626662208809073268338622
4,35,56,49,13808699898321514240845197293744525999
4,35,56,50,6913409309729666867265080312358521195
4,35,56,51,3277433929182956430437308489551003663
4,35,56,52,1472359413951674023200034573990739226
4,35,56,53,627257381031799005737480667347707793
4,35,56,54,253584375625032157895667202576451361
4,35,56,55,97345793067808054276974755067363101
4,35,56,56,35504682100513396375491683853197444
4,35,56,57,12310294898898644864541255915344891
4,35,56,58,4059697864531837614251397615383938
4,35,56,59,1274029221900530040346145950124428
4,35,56,60,380658808831662112992490231011436
4,35,56,61,108334859875057311563655229541340
4,35,56,62,29381767854694866626940807667576
4,35,56,63,7597388296496982850842824170248
4,35,56,64,1873809230864457878501095915430
4,35,56,65,441019412387076500657203742705
4,35,56,66,99095971936414308100735068838
4,35,56,67,21267264441408179673064716794
4,35,56,68,4361246087357148050834823878
4,35,56,69,854930467349785211265272065
4,35,56,70,160265021357315948662071449
4,35,56,71,28739930815907056951242106
4,35,56,72,4931776833269315067741028
4,35,56,73,810026392837559742125329
4,35,56,74,127365154921622933206441
4,35,56,75,19173431587976048477711
4,35,56,76,2763418363681898683266
4,35,56,77,381277263516757526390
4,35,56,78,50346982200266112662
4,35,56,79,6360115960571372490
4,35,56,80,768161383175558024
4,35,56,81,88627740979250822
4,35,56,82,9757137912877365
4,35,56,83,1023431917669148
4,35,56,84,102068703218672
4,35,56,85,9653796672364
4,35,56,86,862836975903
4,35,56,87,72416891525
4,35,56,88,5669098770
4,35,56,89,405576827
4,35,56,90,26015725
4,35,56,91,1426758
4,35,56,92,62582
4,35,56,93,1995
4,35,56,94,22
4,35,56,95,0
4,35,56,96,0
4,35,56,97,0
4,35,56,98,0
4,35,56,99,0
4,35,56,100,0
4,35,56,101,0
4,35,56,102,0
4,35,56,103,0
4,35,56,104,0
4,35,56,105,0
4,35,56,106,0
4,35,56,107,0
4,35,56,108,0
4,35,56,109,0
4,35,56,110,0
4,35,56,111,0
4,35,56,112,0
4,35,56,113,0
4,35,56,114,0
4,35,56,115,0
4,35,56,116,0
4,35,56,117,0
4,35,56,118,0
4,35,56,119,0
4,35,56,120,0
4,35,56,121,0
4,35,56,122,0
4,35,56,123,0
4,35,56,124,0
4,35,56,125,0
4,35,56,126,0
4,35,56,127,0
4,35,56,128,0
4,35,56,129,0
4,35,56,130,0
4,35,56,131,0
4,35,56,132,0
4,35,56,133,0
4,35,56,134,0
4,35,56,135,0
4,35,56,136,0
4,35,56,137,0
4,35,56,138,0
4,35,56,139,0
4,35,56,140,0
4,35,56,141,0
4,35,56,142,0
4,35,56,143,0
4,35,56,144,0
4,35,56,145,0
4,35,56,146,0
4,35,56,147,0
4,35,56,148,0
4,35,56,149,0
4,35,56,150,0
4,35,56,151,0
4,35,56,152,0
4,35,56,153,0
4,35,56,154,0
4,35,56,155,0
4,35,56,156,0
4,35,56,157,0
4,35,56,158,0
4,35,56,159,0
4,35,56,160,0
4,35,56,161,0
4,35,56,162,0
4,35,56,163,0
4,35,56,164,0
4,35,56,165,0
4,35,56,166,0
4,35,56,167,0
4,35,56,168,0
4,35,56,169,0
4,35,56,170,0
4,35,56,171,0
4,35,56,172,0
4,35,56,173,0
4,35,56,174,0
4,35,56,175,0
4,35,56,176,0
4,35,56,177,0
4,35,56,178,0
4,35,56,179,0
4,35,56,180,0
4,35,56,181,0
4,35,56,182,0
4,35,56,183,0
4,35,56,184,0
4,35,56,185,0
4,35,56,186,0
4,35,56,187,0
4,35,56,188,0
4,35,56,189,0
4,35,56,190,0
4,35,56,191,0
4,35,56,192,0
4,35,56,193,0
4,35,56,194,0
4,35,56,195,0
4,35,56,196,0
4,35,56,197,0
4,35,56,198,0
4,35,56,199,0
4,35,56,200,0
4,35,56,201,0
4,35,56,202,0
4,35,56,203,0
4,35,56,204,0
4,35,56,205,0
4,35,56,206,0
4,35,56,207,0
4,35,56,208,0
4,35,56,209,0
4,35,56,210,0
4,35,56,211,0
4,35,56,212,0
4,35,56,213,0
4,35,56,214,0
4,35,56,215,0
4,35,56,216,0
4,35,56,217,0
4,35,56,218,0
4,35,56,219,0
4,35,56,220,0
4,35,56,221,0
4,35,56,222,0
4,35,56,223,0
4,35,56,224,0
4,35,56,225,0
4,35,56,226,0
4,35,56,227,0
4,35,56,228,0
4,35,56,229,0
4,35,56,230,0
4,35,56,231,0
4,35,56,232,0
4,35,56,233,0
4,35,56,234,0
4,35,56,235,0
4,35,56,236,0
4,35,56,237,0
4,35,56,238,0
4,35,56,239,0
4,35,56,240,0
4,35,56,241,0
4,35,57,0,2913691611820768
4,35,57,1,107975689170506854
4,35,57,2,2414859920817547830
4,35,57,3,40627439595288474520
4,35,57,4,561360588769789034846
4,35,57,5,6664298856165897541396
4,35,57,6,69834606894627467502520
4,35,57,7,657385560128643243857778
4,35,57,8,5626747786534235771459086
4,35,57,9,44171440553276322582581420
4,35,57,10,320059859860706213359494966
4,35,57,11,2150724647888520633492625614
4,35,57,12,13450929721148063854636457328
4,35,57,13,78506090391766976913905036944
4,35,57,14,428465870519767746545733286746
4,35,57,15,2189986370652050826433732418932
4,35,57,16,10494172513447286018909247389740
4,35,57,17,47180213394548606337691649050770
4,35,57,18,199104405578160227631881699616258
4,35,57,19,788892517546751785832890275138824
4,35,57,20,2934925958498609875320877525914400
4,35,57,21,10251303448999034045672129088218098
4,35,57,22,33610125273904379024420337988656888
4,35,57,23,103403153440538581634652369639010400
4,35,57,24,298401149483994973639045731774708084
4,35,57,25,807378101780758754948080048735555648
4,35,57,26,2047176011418670826172320171746232874
4,35,57,27,4862070314743784623932527258220304282
4,35,57,28,10810955630392163895492920094039044692
4,35,57,29,22494909407633625980714159638877167706
4,35,57,30,43782675479006839219382489344224651886
4,35,57,31,79683248805467866104315777893038005096
4,35,57,32,135569849792069055500038739282647984384
4,35,57,33,215584667705029144567243621963773190320
4,35,57,34,320410692629033492589203148496839954284
4,35,57,35,445101336238236726300748270438080859958
4,35,57,36,578039261388583770485592912676819236878
4,35,57,37,702008480714337198677024874699826971690
4,35,57,38,797644300276522121448835836048812216644
4,35,57,39,848409995918194862223118376606745054952
4,35,57,40,845332309364874208201079492656652291472
4,35,57,41,789608457399804107454483467441841072232
4,35,57,42,692039666413990324274322289934119608678
4,35,57,43,569618818266366989770085831489007255530
4,35,57,44,440747723745158611978434432358828512240
4,35,57,45,320905824012034861443555963568818160284
4,35,57,46,220079670852395519640787671014191004058
4,35,57,47,142307274002053603679046185546911201692
4,35,57,48,86844117156573446240934073716445642356
4,35,57,49,50064246448871233712225107835628583484
4,35,57,50,27288501869691466365273044006828910988
4,35,57,51,14075619660088812967371713324243700316
4,35,57,52,6876081198336742157745353763752748162
4,35,57,53,3183669519450626464556440943979665174
4,35,57,54,1398087924970177057856831317672161496
4,35,57,55,582700607379140358765510670203640808
4,35,57,56,230635535211461561114335467694751138
4,35,57,57,86740955418400683327571180191449254
4,35,57,58,31014962313979162026591884825574548
4,35,57,59,10548387483998446611102214450092112
4,35,57,60,3414103907379782186957655352353720
4,35,57,61,1052066686862360341093745873241740
4,35,57,62,308801969539956130185283300293530
4,35,57,63,86372991861323818009951438629858
4,35,57,64,23031699775251191170198386134322
4,35,57,65,5857502514737789666469396554874
4,35,57,66,1421430485255824063409374822342
4,35,57,67,329270828729500906717781641296
4,35,57,68,72842015075449733445758055692
4,35,57,69,15395555335199878413269509796
4,35,57,70,3110082068649885795094542174
4,35,57,71,600733041623860710356091038
4,35,57,72,110989688262518713629552894
4,35,57,73,19620837292240025456070710
4,35,57,74,3319771045405688093468998
4,35,57,75,537713398115349726386824
4,35,57,76,83389461188807286429844
4,35,57,77,12382758750587563777926
4,35,57,78,1760572375500472374890
4,35,57,79,239636396354527715042
4,35,57,80,31216534720364580994
4,35,57,81,3889974242688861534
4,35,57,82,463390748382761330
4,35,57,83,52721568021059456
4,35,57,84,5721780590744802
4,35,57,85,591377081066036
4,35,57,86,58086392332632
4,35,57,87,5405468757410
4,35,57,88,474846950084
4,35,57,89,39105530098
4,35,57,90,2989470542
4,35,57,91,208042662
4,35,57,92,12854978
4,35,57,93,669748
4,35,57,94,26618
4,35,57,95,840
4,35,57,96,0
4,35,57,97,0
4,35,57,98,0
4,35,57,99,0
4,35,57,100,0
4,35,57,101,0
4,35,57,102,0
4,35,57,103,0
4,35,57,104,0
4,35,57,105,0
4,35,57,106,0
4,35,57,107,0
4,35,57,108,0
4,35,57,109,0
4,35,57,110,0
4,35,57,111,0
4,35,57,112,0
4,35,57,113,0
4,35,57,114,0
4,35,57,115,0
4,35,57,116,0
4,35,57,117,0
4,35,57,118,0
4,35,57,119,0
4,35,57,120,0
4,35,57,121,0
4,35,57,122,0
4,35,57,123,0
4,35,57,124,0
4,35,57,125,0
4,35,57,126,0
4,35,57,127,0
4,35,57,128,0
4,35,57,129,0
4,35,57,130,0
4,35,57,131,0
4,35,57,132,0
4,35,57,133,0
4,35,57,134,0
4,35,57,135,0
4,35,57,136,0
4,35,57,137,0
4,35,57,138,0
4,35,57,139,0
4,35,57,140,0
4,35,57,141,0
4,35,57,142,0
4,35,57,143,0
4,35,57,144,0
4,35,57,145,0
4,35,57,146,0
4,35,57,147,0
4,35,57,148,0
4,35,57,149,0
4,35,57,150,0
4,35,57,151,0
4,35,57,152,0
4,35,57,153,0
4,35,57,154,0
4,35,57,155,0
4,35,57,156,0
4,35,57,157,0
4,35,57,158,0
4,35,57,159,0
4,35,57,160,0
4,35,57,161,0
4,35,57,162,0
4,35,57,163,0
4,35,57,164,0
4,35,57,165,0
4,35,57,166,0
4,35,57,167,0
4,35,57,168,0
4,35,57,169,0
4,35,57,170,0
4,35,57,171,0
4,35,57,172,0
4,35,57,173,0
4,35,57,174,0
4,35,57,175,0
4,35,57,176,0
4,35,57,177,0
4,35,57,178,0
4,35,57,179,0
4,35,57,180,0
4,35,57,181,0
4,35,57,182,0
4,35,57,183,0
4,35,57,184,0
4,35,57,185,0
4,35,57,186,0
4,35,57,187,0
4,35,57,188,0
4,35,57,189,0
4,35,57,190,0
4,35,57,191,0
4,35,57,192,0
4,35,57,193,0
4,35,57,194,0
4,35,57,195,0
4,35,57,196,0
4,35,57,197,0
4,35,57,198,0
4,35,57,199,0
4,35,57,200,0
4,35,57,201,0
4,35,57,202,0
4,35,57,203,0
4,35,57,204,0
4,35,57,205,0
4,35,57,206,0
4,35,57,207,0
4,35,57,208,0
4,35,57,209,0
4,35,57,210,0
4,35,57,211,0
4,35,57,212,0
4,35,57,213,0
4,35,57,214,0
4,35,57,215,0
4,35,57,216,0
4,35,57,217,0
4,35,57,218,0
4,35,57,219,0
4,35,57,220,0
4,35,57,221,0
4,35,57,222,0
4,35,57,223,0
4,35,57,224,0
4,35,57,225,0
4,35,57,226,0
4,35,57,227,0
4,35,57,228,0
4,35,57,229,0
4,35,57,230,0
4,35,57,231,0
4,35,57,232,0
4,35,57,233,0
4,35,57,234,0
4,35,57,235,0
4,35,57,236,0
4,35,57,237,0
4,35,57,238,0
4,35,57,239,0
4,35,57,240,0
4,35,57,241,0
4,35,58,0,437563120427806
4,35,58,1,15746050682318960
4,35,58,2,349723477436600392
4,35,58,3,5899994108249447310
4,35,58,4,82320162666816339366
4,35,58,5,992216477370954510406
4,35,58,6,10604231841787998295284
4,35,58,7,102213689692627708922874
4,35,58,8,899052142339837640914352
4,35,58,9,7276952178240245619894222
4,35,58,10,54535270529040407632688484
4,35,58,11,380158299411736741476952818
4,35,58,12,2473504354934486544066092556
4,35,58,13,15061022334185484533654604397
4,35,58,14,85988087869497669951901949970
4,35,58,15,460988708736294369419315697186
4,35,58,16,2323054067539769085713669230609
4,35,58,17,11011616051975026006893620433520
4,35,58,18,49119527527555309898457529428612
4,35,58,19,206234311125602180847460128190766
4,35,58,20,815048873350996109614269023286952
4,35,58,21,3031576409332258859180667284259583
4,35,58,22,10609794945414360728656037239523992
4,35,58,23,34925765772002415393015840592334564
4,35,58,24,108092788613898995757628333589599657
4,35,58,25,314371854166063281246298747935325173
4,35,58,26,858721076186416232603243721870609558
4,35,58,27,2201793190188732314073663901590347662
4,35,58,28,5296247076458778615657087644659090608
4,35,58,29,11944929205875276945204741303335595022
4,35,58,30,25245955274922647444066093814932738723
4,35,58,31,49978479506356468726980245291079723521
4,35,58,32,92635180687684317110401219430554118674
4,35,58,33,160703396387820606219732425457786203654
4,35,58,34,260871867526668302663491328009575290356
4,35,58,35,396211802737080692527806725808883375240
4,35,58,36,563018575139048466454834905144900302257
4,35,58,37,748627004504481950345626217160443371641
4,35,58,38,931674533459288658870920971961831993141
4,35,58,39,1085632853707682830045113340866128982155
4,35,58,40,1185055893265191520820568343115499025988
4,35,58,41,1212544696661416207941313646149445559046
4,35,58,42,1163774858729196071457965300462771010365
4,35,58,43,1048571940697124622844573387255396205831
4,35,58,44,887687971256221453575783344577097011662
4,35,58,45,706726340627001936275808601104950671280
4,35,58,46,529639622880602909489272732019824913556
4,35,58,47,373992850471808201667061030120380217412
4,35,58,48,249065977401549823632258426453906017033
4,35,58,49,156581969418271424385974635933280346906
4,35,58,50,93012582346365707522900459667241599898
4,35,58,51,52251063129972062407822066481340914118
4,35,58,52,27782065557650732359288095574810653450
4,35,58,53,13992396657634024184730128979857136740
4,35,58,54,6680343059598712113898811457169382698
4,35,58,55,3025407715625169234055014041661317528
4,35,58,56,1300546722232091090953411887819347439
4,35,58,57,530986481860284422008237913871802928
4,35,58,58,206014007857585206099583640577357688
4,35,58,59,75995863638243425169820706820409908
4,35,58,60,26666951444722946248392405205727288
4,35,58,61,8905247237356412617991805536613571
4,35,58,62,2831379365378482459201422819994113
4,35,58,63,857459699862622745436476082639367
4,35,58,64,247441887953808385109453710950515
4,35,58,65,68069886256337021652030525439710
4,35,58,66,17858184385457665634503416080991
4,35,58,67,4469911265511261279136650637979
4,35,58,68,1067873045898941189266553402793
4,35,58,69,243601395734800281317357774558
4,35,58,70,53083424479386329578759032744
4,35,58,71,11054370752106438285218674962
4,35,58,72,2200780210170781816261367881
4,35,58,73,419034632691162697723170202
4,35,58,74,76331611899819500071333593
4,35,58,75,13306817678329607580455517
4,35,58,76,2220607452679948410698505
4,35,58,77,354799587685716573830866
4,35,58,78,54282730949890886693747
4,35,58,79,7952841705839417992863
4,35,58,80,1115665185894107750590
4,35,58,81,149834141129819320380
4,35,58,82,19257631573419049715
4,35,58,83,2367463827257077765
4,35,58,84,278183905911601760
4,35,58,85,31211358783049689
4,35,58,86,3339258067854283
4,35,58,87,340067577847667
4,35,58,88,32890221214080
4,35,58,89,3011466190215
4,35,58,90,259886585884
4,35,58,91,20973002626
4,35,58,92,1566215689
4,35,58,93,105760501
4,35,58,94,6223333
4,35,58,95,314969
4,35,58,96,10898
4,35,58,97,294
4,35,58,98,0
4,35,58,99,0
4,35,58,100,0
4,35,58,101,0
4,35,58,102,0
4,35,58,103,0
4,35,58,104,0
4,35,58,105,0
4,35,58,106,0
4,35,58,107,0
4,35,58,108,0
4,35,58,109,0
4,35,58,110,0
4,35,58,111,0
4,35,58,112,0
4,35,58,113,0
4,35,58,114,0
4,35,58,115,0
4,35,58,116,0
4,35,58,117,0
4,35,58,118,0
4,35,58,119,0
4,35,58,120,0
4,35,58,121,0
4,35,58,122,0
4,35,58,123,0
4,35,58,124,0
4,35,58,125,0
4,35,58,126,0
4,35,58,127,0
4,35,58,128,0
4,35,58,129,0
4,35,58,130,0
4,35,58,131,0
4,35,58,132,0
4,35,58,133,0
4,35,58,134,0
4,35,58,135,0
4,35,58,136,0
4,35,58,137,0
4,35,58,138,0
4,35,58,139,0
4,35,58,140,0
4,35,58,141,0
4,35,58,142,0
4,35,58,143,0
4,35,58,144,0
4,35,58,145,0
4,35,58,146,0
4,35,58,147,0
4,35,58,148,0
4,35,58,149,0
4,35,58,150,0
4,35,58,151,0
4,35,58,152,0
4,35,58,153,0
4,35,58,154,0
4,35,58,155,0
4,35,58,156,0
4,35,58,157,0
4,35,58,158,0
4,35,58,159,0
4,35,58,160,0
4,35,58,161,0
4,35,58,162,0
4,35,58,163,0
4,35,58,164,0
4,35,58,165,0
4,35,58,166,0
4,35,58,167,0
4,35,58,168,0
4,35,58,169,0
4,35,58,170,0
4,35,58,171,0
4,35,58,172,0
4,35,58,173,0
4,35,58,174,0
4,35,58,175,0
4,35,58,176,0
4,35,58,177,0
4,35,58,178,0
4,35,58,179,0
4,35,58,180,0
4,35,58,181,0
4,35,58,182,0
4,35,58,183,0
4,35,58,184,0
4,35,58,185,0
4,35,58,186,0
4,35,58,187,0
4,35,58,188,0
4,35,58,189,0
4,35,58,190,0
4,35,58,191,0
4,35,58,192,0
4,35,58,193,0
4,35,58,194,0
4,35,58,195,0
4,35,58,196,0
4,35,58,197,0
4,35,58,198,0
4,35,58,199,0
4,35,58,200,0
4,35,58,201,0
4,35,58,202,0
4,35,58,203,0
4,35,58,204,0
4,35,58,205,0
4,35,58,206,0
4,35,58,207,0
4,35,58,208,0
4,35,58,209,0
4,35,58,210,0
4,35,58,211,0
4,35,58,212,0
4,35,58,213,0
4,35,58,214,0
4,35,58,215,0
4,35,58,216,0
4,35,58,217,0
4,35,58,218,0
4,35,58,219,0
4,35,58,220,0
4,35,58,221,0
4,35,58,222,0
4,35,58,223,0
4,35,58,224,0
4,35,58,225,0
4,35,58,226,0
4,35,58,227,0
4,35,58,228,0
4,35,58,229,0
4,35,58,230,0
4,35,58,231,0
4,35,58,232,0
4,35,58,233,0
4,35,58,234,0
4,35,58,235,0
4,35,58,236,0
4,35,58,237,0
4,35,58,238,0
4,35,58,239,0
4,35,58,240,0
4,35,58,241,0
4,35,59,0,60286053042632
4,35,59,1,2091679128915568
4,35,59,2,45999762020912526
4,35,59,3,776232663547477676
4,35,59,4,10912958097509535198
4,35,59,5,133279433102191379470
4,35,59,6,1449964698267840666680
4,35,59,7,14283824605102577974860
4,35,59,8,128864958714669340773542
4,35,59,9,1073365856300251317946824
4,35,59,10,8303656879553228145941878
4,35,59,11,59928139684474716510051360
4,35,59,12,404842298044960887571120130
4,35,59,13,2566435212485514360142213860
4,35,59,14,15296216850007885433797024510
4,35,59,15,85832242343097943225729935598
4,35,59,16,453899732623415258857291100578
4,35,59,17,2263614752584620631798016297934
4,35,59,18,10650090468845731715953721130128
4,35,59,19,47281602788551818405933425584548
4,35,59,20,198070541792552724930218166572726
4,35,59,21,782836236549064122695726105883088
4,35,59,22,2918264157497701712536120823543254
4,35,59,23,10256861670392981400660483545698042
4,35,59,24,33973229591755972189238541374798970
4,35,59,25,105988367233174439967329746827359618
4,35,59,26,311259689068115634044562621972216434
4,35,59,27,859923772551219212498213512903803718
4,35,59,28,2233523018445681782438501705618076876
4,35,59,29,5450475747513677840525045387677537212
4,35,59,30,12488733343089094599055807613087483790
4,35,59,31,26852373791559906246231042752888265876
4,35,59,32,54148798456672182551711995366616438168
4,35,59,33,102359198718827652673401216807995952076
4,35,59,34,181310265636763590068929589133029588830
4,35,59,35,300844992389744539602015658332714481784
4,35,59,36,467522854423438177028500932472140514212
4,35,59,37,680407527080612398615279671040799855902
4,35,59,38,927390916848874230504753074659119507736
4,35,59,39,1184026396567724497313015254649078757416
4,35,59,40,1416438895504396036285707766443676730832
4,35,59,41,1588396631991582950992997910547894157464
4,35,59,42,1670634185240461733779855707581310535662
4,35,59,43,1649097720884130550958037668610351054960
4,35,59,44,1528880987469507265528801899485089893624
4,35,59,45,1332336677125310302014430890472970553506
4,35,59,46,1092299004945071328805561775383036933552
4,35,59,47,843230626104272363079677074932012741812
4,35,59,48,613517421700336969045047088083919181896
4,35,59,49,421097909358276492737968723256772593758
4,35,59,50,272904299670649260554413964859442324636
4,35,59,51,167145451611122852778704234218457043448
4,35,59,52,96829477151135219217244874022709474330
4,35,59,53,53101204681354619080885034472290772352
4,35,59,54,27588024086329840890231428400974540868
4,35,59,55,13588494433018101363230788440914835546
4,35,59,56,6349661703794134958043031019721993216
4,35,59,57,2816640521028598442444468872524614742
4,35,59,58,1186770890125891996877892707719145520
4,35,59,59,475216333634490477060803569322117518
4,35,59,60,180934932675177397562305736901719010
4,35,59,61,65533452659915291427417355132259976
4,35,59,62,22589367168299909657922372874317318
4,35,59,63,7413559017442455493371323750753672
4,35,59,64,2317423822994917097639238628443494
4,35,59,65,690255992565960925098336020692124
4,35,59,66,195978646759832166693029102306348
4,35,59,67,53060190121352200132534319958964
4,35,59,68,13704371275957738143276686688598
4,35,59,69,3377928075839190843579995938184
4,35,59,70,794905129920085939688497983842
4,35,59,71,178660150207357803515721936276
4,35,59,72,38367294979902800627681829086
4,35,59,73,7875657816269498847146801474
4,35,59,74,1545860522811568310249288906
4,35,59,75,290247346131861251055483874
4,35,59,76,52146401194277981743510666
4,35,59,77,8967361272341764866556588
4,35,59,78,1476361932484484136161018
4,35,59,79,232747244256838387666288
4,35,59,80,35138370988838602387524
4,35,59,81,5080254028008657527322
4,35,59,82,703314019677008430506
4,35,59,83,93211536047439874686
4,35,59,84,11821580700291362344
4,35,59,85,1433886652000565364
4,35,59,86,166202681809359812
4,35,59,87,18389588458382754
4,35,59,88,1939497813661202
4,35,59,89,194608810603856
4,35,59,90,18532049713498
4,35,59,91,1668773060114
4,35,59,92,141434909532
4,35,59,93,11183483436
4,35,59,94,811957598
4,35,59,95,53380638
4,35,59,96,2987190
4,35,59,97,140454
4,35,59,98,4710
4,35,59,99,84
4,35,59,100,0
4,35,59,101,0
4,35,59,102,0
4,35,59,103,0
4,35,59,104,0
4,35,59,105,0
4,35,59,106,0
4,35,59,107,0
4,35,59,108,0
4,35,59,109,0
4,35,59,110,0
4,35,59,111,0
4,35,59,112,0
4,35,59,113,0
4,35,59,114,0
4,35,59,115,0
4,35,59,116,0
4,35,59,117,0
4,35,59,118,0
4,35,59,119,0
4,35,59,120,0
4,35,59,121,0
4,35,59,122,0
4,35,59,123,0
4,35,59,124,0
4,35,59,125,0
4,35,59,126,0
4,35,59,127,0
4,35,59,128,0
4,35,59,129,0
4,35,59,130,0
4,35,59,131,0
4,35,59,132,0
4,35,59,133,0
4,35,59,134,0
4,35,59,135,0
4,35,59,136,0
4,35,59,137,0
4,35,59,138,0
4,35,59,139,0
4,35,59,140,0
4,35,59,141,0
4,35,59,142,0
4,35,59,143,0
4,35,59,144,0
4,35,59,145,0
4,35,59,146,0
4,35,59,147,0
4,35,59,148,0
4,35,59,149,0
4,35,59,150,0
4,35,59,151,0
4,35,59,152,0
4,35,59,153,0
4,35,59,154,0
4,35,59,155,0
4,35,59,156,0
4,35,59,157,0
4,35,59,158,0
4,35,59,159,0
4,35,59,160,0
4,35,59,161,0
4,35,59,162,0
4,35,59,163,0
4,35,59,164,0
4,35,59,165,0
4,35,59,166,0
4,35,59,167,0
4,35,59,168,0
4,35,59,169,0
4,35,59,170,0
4,35,59,171,0
4,35,59,172,0
4,35,59,173,0
4,35,59,174,0
4,35,59,175,0
4,35,59,176,0
4,35,59,177,0
4,35,59,178,0
4,35,59,179,0
4,35,59,180,0
4,35,59,181,0
4,35,59,182,0
4,35,59,183,0
4,35,59,184,0
4,35,59,185,0
4,35,59,186,0
4,35,59,187,0
4,35,59,188,0
4,35,59,189,0
4,35,59,190,0
4,35,59,191,0
4,35,59,192,0
4,35,59,193,0
4,35,59,194,0
4,35,59,195,0
4,35,59,196,0
4,35,59,197,0
4,35,59,198,0
4,35,59,199,0
4,35,59,200,0
4,35,59,201,0
4,35,59,202,0
4,35,59,203,0
4,35,59,204,0
4,35,59,205,0
4,35,59,206,0
4,35,59,207,0
4,35,59,208,0
4,35,59,209,0
4,35,59,210,0
4,35,59,211,0
4,35,59,212,0
4,35,59,213,0
4,35,59,214,0
4,35,59,215,0
4,35,59,216,0
4,35,59,217,0
4,35,59,218,0
4,35,59,219,0
4,35,59,220,0
4,35,59,221,0
4,35,59,222,0
4,35,59,223,0
4,35,59,224,0
4,35,59,225,0
4,35,59,226,0
4,35,59,227,0
4,35,59,228,0
4,35,59,229,0
4,35,59,230,0
4,35,59,231,0
4,35,59,232,0
4,35,59,233,0
4,35,59,234,0
4,35,59,235,0
4,35,59,236,0
4,35,59,237,0
4,35,59,238,0
4,35,59,239,0
4,35,59,240,0
4,35,59,241,0
4,35,60,0,7589166779734
4,35,60,1,251841380509536
4,35,60,2,5470043817230422
4,35,60,3,92117918794719198
4,35,60,4,1302481795084121808
4,35,60,5,16090285739100531372
4,35,60,6,177893868495990917512
4,35,60,7,1788116140527544075214
4,35,60,8,16519069331489782057304
4,35,60,9,141357226872411061735712
4,35,60,10,1126900573340294650587446
4,35,60,11,8405278740673101571243996
4,35,60,12,58846723482781783581781944
4,35,60,13,387663879034681471587137750
4,35,60,14,2407375823015509631548875531
4,35,60,15,14111411897290415366745261535
4,35,60,16,78153614555613840427360177727
4,35,60,17,409219770988015639262918822526
4,35,60,18,2026549074586931543627549790084
4,35,60,19,9493379557487289062597669713645
4,35,60,20,42066799638064056002123465625778
4,35,60,21,176294477186806313280464241384534
4,35,60,22,698535837194322857335269711600013
4,35,60,23,2615850725329672992325144777042057
4,35,60,24,9253292153961426390351394227318789
4,35,60,25,30902368044719758045081245314055163
4,35,60,26,97370525718845370918562133220221257
4,35,60,27,289276401269193271225902570739851265
4,35,60,28,809739628224065385076445598497973479
4,35,60,29,2134105648030136232977596325543514506
4,35,60,30,5291958396748807247227994283917649867
4,35,60,31,12338038038382444191783077919043300352
4,35,60,32,27028279089430538214809705699664409679
4,35,60,33,55599123119667136451196687474029477571
4,35,60,34,107339004072715393999833449409208578171
4,35,60,35,194394929298650178158900302843498373621
4,35,60,36,330132914591666987919791487003737298609
4,35,60,37,525599065587097417946541503395464458644
4,35,60,38,784365664987910457740691644841218402915
4,35,60,39,1097163514385155738284057831776975385959
4,35,60,40,1438663923813783205005055832746822960395
4,35,60,41,1768825005224519374449166218253841044919
4,35,60,42,2039879078698210450277739785609336219635
4,35,60,43,2207625719302470261332665931763604484713
4,35,60,44,2243373002430271922016065693155672928525
4,35,60,45,2142033430390945626496412732984471258754
4,35,60,46,1923209717144365681354203685329079369691
4,35,60,47,1625007814751569511460636468849364357877
4,35,60,48,1293253600516889172486025940507717282074
4,35,60,49,970271482430729780417001919788610726248
4,35,60,50,686862834777303186685335683029876888391
4,35,60,51,459195406650618018867589200924205804450
4,35,60,52,290169502156227811330690787072417191109
4,35,60,53,173458890771538996405995292471688707248
4,35,60,54,98170321970386350258508683572762179661
4,35,60,55,52642058304336877454063303176572296906
4,35,60,56,26764852216350442926479290448515128988
4,35,60,57,12911178267241080042721781443198868638
4,35,60,58,5912959331058244275663524782991860501
4,35,60,59,2572353450061739417251874177276497949
4,35,60,60,1063586479895866085087076792474309841
4,35,60,61,418161094301479130848462319190348299
4,35,60,62,156401134930403670305860617728580200
4,35,60,63,55673095326958385390864588835138340
4,35,60,64,18868319948593995683492676616536046
4,35,60,65,6090722805213785302885937597179675
4,35,60,66,1873321448616469323639015147919063
4,35,60,67,549188027609006631445883102408654
4,35,60,68,153515424547166313465643372706007
4,35,60,69,40932038831908360549229721051412
4,35,60,70,10413958548319379851234286825308
4,35,60,71,2529141778900448603808409695608
4,35,60,72,586545855643793092295784119380
4,35,60,73,129948321175068090960312309212
4,35,60,74,27513623175424608579731712441
4,35,60,75,5569283604526788263713278128
4,35,60,76,1078166103632366181783256181
4,35,60,77,199690634211686060195644818
4,35,60,78,35395865658197818024226480
4,35,60,79,6006048608059010644547475
4,35,60,80,975801754581822018920813
4,35,60,81,151822627609680063584177
4,35,60,82,22622668573540650096659
4,35,60,83,3228282452142569598746
4,35,60,84,441120589287883282415
4,35,60,85,57700481344817876205
4,35,60,86,7221797968397332844
4,35,60,87,864325964192559481
4,35,60,88,98831282645993465
4,35,60,89,10784084514442650
4,35,60,90,1121173857775764
4,35,60,91,110829775214180
4,35,60,92,10389303948902
4,35,60,93,920084922765
4,35,60,94,76487315024
4,35,60,95,5922092524
4,35,60,96,418486596
4,35,60,97,26457845
4,35,60,98,1423856
4,35,60,99,61583
4,35,60,100,1900
4,35,60,101,21
4,35,60,102,0
4,35,60,103,0
4,35,60,104,0
4,35,60,105,0
4,35,60,106,0
4,35,60,107,0
4,35,60,108,0
4,35,60,109,0
4,35,60,110,0
4,35,60,111,0
4,35,60,112,0
4,35,60,113,0
4,35,60,114,0
4,35,60,115,0
4,35,60,116,0
4,35,60,117,0
4,35,60,118,0
4,35,60,119,0
4,35,60,120,0
4,35,60,121,0
4,35,60,122,0
4,35,60,123,0
4,35,60,124,0
4,35,60,125,0
4,35,60,126,0
4,35,60,127,0
4,35,60,128,0
4,35,60,129,0
4,35,60,130,0
4,35,60,131,0
4,35,60,132,0
4,35,60,133,0
4,35,60,134,0
4,35,60,135,0
4,35,60,136,0
4,35,60,137,0
4,35,60,138,0
4,35,60,139,0
4,35,60,140,0
4,35,60,141,0
4,35,60,142,0
4,35,60,143,0
4,35,60,144,0
4,35,60,145,0
4,35,60,146,0
4,35,60,147,0
4,35,60,148,0
4,35,60,149,0
4,35,60,150,0
4,35,60,151,0
4,35,60,152,0
4,35,60,153,0
4,35,60,154,0
4,35,60,155,0
4,35,60,156,0
4,35,60,157,0
4,35,60,158,0
4,35,60,159,0
4,35,60,160,0
4,35,60,161,0
4,35,60,162,0
4,35,60,163,0
4,35,60,164,0
4,35,60,165,0
4,35,60,166,0
4,35,60,167,0
4,35,60,168,0
4,35,60,169,0
4,35,60,170,0
4,35,60,171,0
4,35,60,172,0
4,35,60,173,0
4,35,60,174,0
4,35,60,175,0
4,35,60,176,0
4,35,60,177,0
4,35,60,178,0
4,35,60,179,0
4,35,60,180,0
4,35,60,181,0
4,35,60,182,0
4,35,60,183,0
4,35,60,184,0
4,35,60,185,0
4,35,60,186,0
4,35,60,187,0
4,35,60,188,0
4,35,60,189,0
4,35,60,190,0
4,35,60,191,0
4,35,60,192,0
4,35,60,193,0
4,35,60,194,0
4,35,60,195,0
4,35,60,196,0
4,35,60,197,0
4,35,60,198,0
4,35,60,199,0
4,35,60,200,0
4,35,60,201,0
4,35,60,202,0
4,35,60,203,0
4,35,60,204,0
4,35,60,205,0
4,35,60,206,0
4,35,60,207,0
4,35,60,208,0
4,35,60,209,0
4,35,60,210,0
4,35,60,211,0
4,35,60,212,0
4,35,60,213,0
4,35,60,214,0
4,35,60,215,0
4,35,60,216,0
4,35,60,217,0
4,35,60,218,0
4,35,60,219,0
4,35,60,220,0
4,35,60,221,0
4,35,60,222,0
4,35,60,223,0
4,35,60,224,0
4,35,60,225,0
4,35,60,226,0
4,35,60,227,0
4,35,60,228,0
4,35,60,229,0
4,35,60,230,0
4,35,60,231,0
4,35,60,232,0
4,35,60,233,0
4,35,60,234,0
4,35,60,235,0
4,35,60,236,0
4,35,60,237,0
4,35,60,238,0
4,35,60,239,0
4,35,60,240,0
4,35,60,241,0
4,35,61,0,868298093392
4,35,61,1,27304981589450
4,35,61,2,584639404700276
4,35,61,3,9805786413706224
4,35,61,4,139224518854531468
4,35,61,5,1737306434916331924
4,35,61,6,19493980433462241020
4,35,61,7,199669901502320255980
4,35,61,8,1886344605848834933812
4,35,61,9,16560459432223829054536
4,35,61,10,135850015713693022646244
4,35,61,11,1045625312331706970261072
4,35,61,12,7574876087584451365314398
4,35,61,13,51770301115843012914568562
4,35,61,14,334393443026700221160434904
4,35,61,15,2043948946756222424939572454
4,35,61,16,11833617404578050131627630830
4,35,61,17,64933171771771740704805086998
4,35,61,18,337810583608899791371709093862
4,35,61,19,1666483516955754668177955729246
4,35,61,20,7795353006861831587286548227644
4,35,61,21,34569859631567729336161281341106
4,35,61,22,145295032884429225130150545021080
4,35,61,23,578511737265294543860738343477104
4,35,61,24,2181015972676047852161832228411690
4,35,61,25,7780983264926997284550161493604336
4,35,61,26,26251586639635083673251888845763014
4,35,61,27,83698389893392307328475441384301852
4,35,61,28,251998724840861074227710960454600252
4,35,61,29,715926350030667894270821718366624726
4,35,61,30,1917749230944898366548271384567627726
4,35,61,31,4839885332838367675133123386469564434
4,35,61,32,11499322969270891647301953671918293360
4,35,61,33,25703476026712498233339866438016097802
4,35,61,34,54013604847605535668159668200470759836
4,35,61,35,106645619161621742359374989726809810706
4,35,61,36,197734412207636596169974206234282265094
4,35,61,37,344137337133468525130523133855949773976
4,35,61,38,562015266110313672625626407757792085602
4,35,61,39,861068736893866696668682703075980422100
4,35,61,40,1237545127566938460845279736408753016454
4,35,61,41,1668527663794980798097170504707555982266
4,35,61,42,2110699869144803034171975480946160104756
4,35,61,43,2505916160862578068822273022436387461314
4,35,61,44,2793391028988812420308178951959978585130
4,35,61,45,2925147691796832307807327336981468782204
4,35,61,46,2879270255821368705561670978077643375088
4,35,61,47,2665868688415924690021790663422083471538
4,35,61,48,2323529228336723273754646775810158481784
4,35,61,49,1907931485324570002153727218047857244526
4,35,61,50,1477230612038818606091670686939588962222
4,35,61,51,1079386102191348704545110228206162248004
4,35,61,52,744938722895966167650731596425043745280
4,35,61,53,486011096349665165619757294302384359012
4,35,61,54,299992365517120633358926409641929342344
4,35,61,55,175329522661565474431688074559706571484
4,35,61,56,97097100699842093199888886059213639702
4,35,61,57,50988290445659175282903737115032699822
4,35,61,58,25405873187362012350738352835962726804
4,35,61,59,12018859526714679815136548828122012326
4,35,61,60,5401365060719419859802216072855598750
4,35,61,61,2307178377822935046124468846766966146
4,35,61,62,937139706691982738109647013828420840
4,35,61,63,362130346836315646620217057854637352
4,35,61,64,133180526291467969673434711751471892
4,35,61,65,46633493330879655944743696885620040
4,35,61,66,15552270773111147558469919902448026
4,35,61,67,4941732911344219233691871747262768
4,35,61,68,1496586105715434466144557659445010
4,35,61,69,432123017488993841718985511494490
4,35,61,70,118999093880427328026320683147678
4,35,61,71,31265148280787881114074568489920
4,35,61,72,7839921276833940938680218029718
4,35,61,73,1876960668558557602735239485306
4,35,61,74,429192814866303924272084134156
4,35,61,75,93770758048347107735463826522
4,35,61,76,19582328655731407611603654210
4,35,61,77,3910252988640406137016396758
4,35,61,78,746869422514718810671819726
4,35,61,79,136498992501458823381515762
4,35,61,80,23877575354569168790537018
4,35,61,81,3998881673374727020512892
4,35,61,82,641299752955373164494272
4,35,61,83,98494888093515681823294
4,35,61,84,14488225645136129023296
4,35,61,85,2040986333822139562392
4,35,61,86,275302616816363473984
4,35,61,87,35545578267672197998
4,35,61,88,4390876781519113308
4,35,61,89,518564448453902508
4,35,61,90,58496096389706434
4,35,61,91,6294588854515274
4,35,61,92,645054693276342
4,35,61,93,62816140656714
4,35,61,94,5795042556530
4,35,61,95,504462365688
4,35,61,96,41141709142
4,35,61,97,3110751648
4,35,61,98,213596256
4,35,61,99,13012824
4,35,61,100,664568
4,35,61,101,25996
4,35,61,102,800
4,35,61,103,0
4,35,61,104,0
4,35,61,105,0
4,35,61,106,0
4,35,61,107,0
4,35,61,108,0
4,35,61,109,0
4,35,61,110,0
4,35,61,111,0
4,35,61,112,0
4,35,61,113,0
4,35,61,114,0
4,35,61,115,0
4,35,61,116,0
4,35,61,117,0
4,35,61,118,0
4,35,61,119,0
4,35,61,120,0
4,35,61,121,0
4,35,61,122,0
4,35,61,123,0
4,35,61,124,0
4,35,61,125,0
4,35,61,126,0
4,35,61,127,0
4,35,61,128,0
4,35,61,129,0
4,35,61,130,0
4,35,61,131,0
4,35,61,132,0
4,35,61,133,0
4,35,61,134,0
4,35,61,135,0
4,35,61,136,0
4,35,61,137,0
4,35,61,138,0
4,35,61,139,0
4,35,61,140,0
4,35,61,141,0
4,35,61,142,0
4,35,61,143,0
4,35,61,144,0
4,35,61,145,0
4,35,61,146,0
4,35,61,147,0
4,35,61,148,0
4,35,61,149,0
4,35,61,150,0
4,35,61,151,0
4,35,61,152,0
4,35,61,153,0
4,35,61,154,0
4,35,61,155,0
4,35,61,156,0
4,35,61,157,0
4,35,61,158,0
4,35,61,159,0
4,35,61,160,0
4,35,61,161,0
4,35,61,162,0
4,35,61,163,0
4,35,61,164,0
4,35,61,165,0
4,35,61,166,0
4,35,61,167,0
4,35,61,168,0
4,35,61,169,0
4,35,61,170,0
4,35,61,171,0
4,35,61,172,0
4,35,61,173,0
4,35,61,174,0
4,35,61,175,0
4,35,61,176,0
4,35,61,177,0
4,35,61,178,0
4,35,61,179,0
4,35,61,180,0
4,35,61,181,0
4,35,61,182,0
4,35,61,183,0
4,35,61,184,0
4,35,61,185,0
4,35,61,186,0
4,35,61,187,0
4,35,61,188,0
4,35,61,189,0
4,35,61,190,0
4,35,61,191,0
4,35,61,192,0
4,35,61,193,0
4,35,61,194,0
4,35,61,195,0
4,35,61,196,0
4,35,61,197,0
4,35,61,198,0
4,35,61,199,0
4,35,61,200,0
4,35,61,201,0
4,35,61,202,0
4,35,61,203,0
4,35,61,204,0
4,35,61,205,0
4,35,61,206,0
4,35,61,207,0
4,35,61,208,0
4,35,61,209,0
4,35,61,210,0
4,35,61,211,0
4,35,61,212,0
4,35,61,213,0
4,35,61,214,0
4,35,61,215,0
4,35,61,216,0
4,35,61,217,0
4,35,61,218,0
4,35,61,219,0
4,35,61,220,0
4,35,61,221,0
4,35,61,222,0
4,35,61,223,0
4,35,61,224,0
4,35,61,225,0
4,35,61,226,0
4,35,61,227,0
4,35,61,228,0
4,35,61,229,0
4,35,61,230,0
4,35,61,231,0
4,35,61,232,0
4,35,61,233,0
4,35,61,234,0
4,35,61,235,0
4,35,61,236,0
4,35,61,237,0
4,35,61,238,0
4,35,61,239,0
4,35,61,240,0
4,35,61,241,0
4,35,62,0,89669999430
4,35,62,1,2643233219848
4,35,62,2,55745545635206
4,35,62,3,929621690066264
4,35,62,4,13239311252318116
4,35,62,5,166715663297223892
4,35,62,6,1896828527662852412
4,35,62,7,19779691756261997302
4,35,62,8,190910998664784555936
4,35,62,9,1717746528516418809046
4,35,62,10,14484075509865756613160
4,35,62,11,114906504579761888952446
4,35,62,12,860244165409400264460958
4,35,62,13,6091266525597465414131948
4,35,62,14,40864152151563766571025574
4,35,62,15,260059057989597938837064595
4,35,62,16,1571390617186292406433832789
4,35,62,17,9020646369804271648531487317
4,35,62,18,49213406405400076311828208849
4,35,62,19,255200670724502178220286386706
4,35,62,20,1257813848948752833630462262654
4,35,62,21,5891219430579008161888219051889
4,35,62,22,26212616512969663796812877763167
4,35,62,23,110750583061979572672543523317539
4,35,62,24,444104633248856575641672974423009
4,35,62,25,1689143826562153870116447600534115
4,35,62,26,6089747733766654571310169283476687
4,35,62,27,20795472905600650697033599510074240
4,35,62,28,67211233922564154121858635321645900
4,35,62,29,205433630839213958280912392300308309
4,35,62,30,593338123359847900214713071020658649
4,35,62,31,1617987283599957328160824625915082785
4,35,62,32,4162299918345462727469361088954157079
4,35,62,33,10093186298480331601088550316842076792
4,35,62,34,23052875238206877577880274000653125534
4,35,62,35,49557488886977677553348233133287701154
4,35,62,36,100205821570539297756588993610954813564
4,35,62,37,190467570882692210430608477077922602350
4,35,62,38,340155422835903592542399097793663539892
4,35,62,39,570545405121124352373341876519520695704
4,35,62,40,898538552572546004164608605726325396202
4,35,62,41,1328454895769858876706644577252795906522
4,35,62,42,1843764356218262883328725174137458948588
4,35,62,43,2402444069707181333794464539477460121866
4,35,62,44,2939587003189284456600242223885617567966
4,35,62,45,3378727787157249755126803393853477289583
4,35,62,46,3649653203341565504912312006853545972981
4,35,62,47,3707003423770453193501619201465748060426
4,35,62,48,3542798785426753923762690356015748228070
4,35,62,49,3188100098772686800437861554841717951427
4,35,62,50,2703414726244038984110709764216149459691
4,35,62,51,2161912499935015575175879599264550770859
4,35,62,52,1631799554270420563879969146092612602308
4,35,62,53,1163482616461954877232100837626223060883
4,35,62,54,784287462552057853335081024850980436239
4,35,62,55,500221771724769693805510584744865757461
4,35,62,56,302105867316346611240347703796558201085
4,35,62,57,172896705214754415710159583224434963250
4,35,62,58,93831589051535256814060588994818657710
4,35,62,59,48320405916701437740613667168712492366
4,35,62,60,23626280138943602236726588712227171125
4,35,62,61,10974562404488902592197810557824432358
4,35,62,62,4845406442957202681265871838477795992
4,35,62,63,2034368977573517052518871383896686701
4,35,62,64,812594775725066220848356989463415941
4,35,62,65,308913069134704104007216510727011985
4,35,62,66,111809027969617961851825848005165419
4,35,62,67,38543039402284096555853260778839342
4,35,62,68,12658615951035799406931989074694448
4,35,62,69,3962193084316089853481181081332439
4,35,62,70,1182306663480063369188674495960619
4,35,62,71,336438824054003127793508143636625
4,35,62,72,91327681875847221228526754627751
4,35,62,73,23657131290149600397583917990039
4,35,62,74,5849691478234702404873467485443
4,35,62,75,1381236603408701008156301635482
4,35,62,76,311547886623996979964878608846
4,35,62,77,67152680464160419686734435886
4,35,62,78,13837077102629242441659212958
4,35,62,79,2726627627174992491449781818
4,35,62,80,513995534718613722836019180
4,35,62,81,92722637408157219276112203
4,35,62,82,16011444490066343735265313
4,35,62,83,2647270398729609250418104
4,35,62,84,419148255406001337791215
4,35,62,85,63560139407562447743196
4,35,62,86,9231179143646081077202
4,35,62,87,1283942690735634116454
4,35,62,88,170984286415080095416
4,35,62,89,21793620158083366101
4,35,62,90,2657223082908873083
4,35,62,91,309684688258188648
4,35,62,92,34463127485220519
4,35,62,93,3657114964691865
4,35,62,94,369385871842925
4,35,62,95,35428958448332
4,35,62,96,3216299791174
4,35,62,97,275080418435
4,35,62,98,21978596005
4,35,62,99,1622934997
4,35,62,100,108070967
4,35,62,101,6266218
4,35,62,102,310902
4,35,62,103,10560
4,35,62,104,280
4,35,62,105,0
4,35,62,106,0
4,35,62,107,0
4,35,62,108,0
4,35,62,109,0
4,35,62,110,0
4,35,62,111,0
4,35,62,112,0
4,35,62,113,0
4,35,62,114,0
4,35,62,115,0
4,35,62,116,0
4,35,62,117,0
4,35,62,118,0
4,35,62,119,0
4,35,62,120,0
4,35,62,121,0
4,35,62,122,0
4,35,62,123,0
4,35,62,124,0
4,35,62,125,0
4,35,62,126,0
4,35,62,127,0
4,35,62,128,0
4,35,62,129,0
4,35,62,130,0
4,35,62,131,0
4,35,62,132,0
4,35,62,133,0
4,35,62,134,0
4,35,62,135,0
4,35,62,136,0
4,35,62,137,0
4,35,62,138,0
4,35,62,139,0
4,35,62,140,0
4,35,62,141,0
4,35,62,142,0
4,35,62,143,0
4,35,62,144,0
4,35,62,145,0
4,35,62,146,0
4,35,62,147,0
4,35,62,148,0
4,35,62,149,0
4,35,62,150,0
4,35,62,151,0
4,35,62,152,0
4,35,62,153,0
4,35,62,154,0
4,35,62,155,0
4,35,62,156,0
4,35,62,157,0
4,35,62,158,0
4,35,62,159,0
4,35,62,160,0
4,35,62,161,0
4,35,62,162,0
4,35,62,163,0
4,35,62,164,0
4,35,62,165,0
4,35,62,166,0
4,35,62,167,0
4,35,62,168,0
4,35,62,169,0
4,35,62,170,0
4,35,62,171,0
4,35,62,172,0
4,35,62,173,0
4,35,62,174,0
4,35,62,175,0
4,35,62,176,0
4,35,62,177,0
4,35,62,178,0
4,35,62,179,0
4,35,62,180,0
4,35,62,181,0
4,35,62,182,0
4,35,62,183,0
4,35,62,184,0
4,35,62,185,0
4,35,62,186,0
4,35,62,187,0
4,35,62,188,0
4,35,62,189,0
4,35,62,190,0
4,35,62,191,0
4,35,62,192,0
4,35,62,193,0
4,35,62,194,0
4,35,62,195,0
4,35,62,196,0
4,35,62,197,0
4,35,62,198,0
4,35,62,199,0
4,35,62,200,0
4,35,62,201,0
4,35,62,202,0
4,35,62,203,0
4,35,62,204,0
4,35,62,205,0
4,35,62,206,0
4,35,62,207,0
4,35,62,208,0
4,35,62,209,0
4,35,62,210,0
4,35,62,211,0
4,35,62,212,0
4,35,62,213,0
4,35,62,214,0
4,35,62,215,0
4,35,62,216,0
4,35,62,217,0
4,35,62,218,0
4,35,62,219,0
4,35,62,220,0
4,35,62,221,0
4,35,62,222,0
4,35,62,223,0
4,35,62,224,0
4,35,62,225,0
4,35,62,226,0
4,35,62,227,0
4,35,62,228,0
4,35,62,229,0
4,35,62,230,0
4,35,62,231,0
4,35,62,232,0
4,35,62,233,0
4,35,62,234,0
4,35,62,235,0
4,35,62,236,0
4,35,62,237,0
4,35,62,238,0
4,35,62,239,0
4,35,62,240,0
4,35,62,241,0
4,35,63,0,8283224456
4,35,63,1,225886013388
4,35,63,2,4697032703508
4,35,63,3,77773842129608
4,35,63,4,1110440672982624
4,35,63,5,14105183140191950
4,35,63,6,162660659509316474
4,35,63,7,1726129024206899174
4,35,63,8,17012925815015303084
4,35,63,9,156797637622701532268
4,35,63,10,1358089399669462945078
4,35,63,11,11096489681163670491324
4,35,63,12,85774332576285972501244
4,35,63,13,628623910886902491535992
4,35,63,14,4375229661368712864091722
4,35,63,15,28954510079537105309907766
4,35,63,16,182353938495412472422587940
4,35,63,17,1093581455408014588714527170
4,35,63,18,6247025507251341596985101356
4,35,63,19,33997127997172867310635782192
4,35,63,20,176255668521045111350493972452
4,35,63,21,870354159750275419263255066108
4,35,63,22,4092277120264459227746472946484
4,35,63,23,18313262416037549982949028217550
4,35,63,24,77959972995844780511895593687390
4,35,63,25,315515319301220058612177015663890
4,35,63,26,1213161861470673864791867119300556
4,35,63,27,4428405383371619264739464719566972
4,35,63,28,15334366143034215827882888818495156
4,35,63,29,50328836194671116210410866581925256
4,35,63,30,156433978532387249767245728495514484
4,35,63,31,460077932034562834234240884076226148
4,35,63,32,1279198809816427431583895366434221502
4,35,63,33,3359491918935743209136975581220771758
4,35,63,34,8326613135103817263979949501620730040
4,35,63,35,19461044992357771776051377117282255684
4,35,63,36,42857814258665361064693994575335783438
4,35,63,37,88868638052473440203570928590042006686
4,35,63,38,173397073983556468214215129189915764274
4,35,63,39,318175896396529211760346843520562550448
4,35,63,40,548814453424381360616096031506761908104
4,35,63,41,889538604556693884215775313765739739194
4,35,63,42,1354518507203200645171567536305472229294
4,35,63,43,1937493207895916885382614085767169093726
4,35,63,44,2603396945582606245768874724012551520176
4,35,63,45,3286630001942997669438691943854773428506
4,35,63,46,3899333196275943108179973449160657551280
4,35,63,47,4349388351132120479422120058648745596112
4,35,63,48,4563301761383065449350179660500237731992
4,35,63,49,4506071454819126431469572166080622625546
4,35,63,50,4190567410016674028375122070626919174790
4,35,63,51,3672972056587716912055314965956415039354
4,35,63,52,3036445976877914389372615798804989306204
4,35,63,53,2369526678600102556476768346971096593174
4,35,63,54,1746851281559836357455550733386130710922
4,35,63,55,1217581108357352973095578757006124986022
4,35,63,56,803028140516977991027758805469286862744
4,35,63,57,501518840891430834363534959796057224152
4,35,63,58,296815109900317817899905900284609748000
4,35,63,59,166582303591735114838194468957124931520
4,35,63,60,88715393373667784708899901687072789514
4,35,63,61,44860045874729290826399121425236614204
4,35,63,62,21550342784034722174406973119248146536
4,35,63,63,9840236014085467491173644112382667446
4,35,63,64,4272849831885138403201622489848918962
4,35,63,65,1765129404393019438667916941293499104
4,35,63,66,693988312984176823435840383585931266
4,35,63,67,259776783733636536185352845761253068
4,35,63,68,92611607895524906235563471050426540
4,35,63,69,31454508064365884696398121411445536
4,35,63,70,10180806333006777577555056160732390
4,35,63,71,3141155639896514297104363108784036
4,35,63,72,924124347920986786240048095921058
4,35,63,73,259317989011105897283107776426042
4,35,63,74,69426885871239277192966955045446
4,35,63,75,17739951943320400718791555055846
4,35,63,76,4327627825809158608075199605474
4,35,63,77,1008251976447711353551184569894
4,35,63,78,224421265758872542926109127272
4,35,63,79,47741044308091250196768499130
4,35,63,80,9709806385818115416263398400
4,35,63,81,1888751704550168616437751152
4,35,63,82,351506048229471014100076562
4,35,63,83,62606711827615373933753898
4,35,63,84,10674786865272095684696564
4,35,63,85,1742793661870361115253212
4,35,63,86,272490741154648615430882
4,35,63,87,40804984793713772905974
4,35,63,88,5852295723592740054982
4,35,63,89,803781757894582847438
4,35,63,90,105691124916836095120
4,35,63,91,13299903244521725032
4,35,63,92,1600688464294347706
4,35,63,93,184099484001054162
4,35,63,94,20211533869652004
4,35,63,95,2114965519986930
4,35,63,96,210532695574640
4,35,63,97,19886332163080
4,35,63,98,1775699205222
4,35,63,99,149148068046
4,35,63,100,11673080286
4,35,63,101,837833286
4,35,63,102,54270630
4,35,63,103,2990666
4,35,63,104,138160
4,35,63,105,4516
4,35,63,106,80
4,35,63,107,0
4,35,63,108,0
4,35,63,109,0
4,35,63,110,0
4,35,63,111,0
4,35,63,112,0
4,35,63,113,0
4,35,63,114,0
4,35,63,115,0
4,35,63,116,0
4,35,63,117,0
4,35,63,118,0
4,35,63,119,0
4,35,63,120,0
4,35,63,121,0
4,35,63,122,0
4,35,63,123,0
4,35,63,124,0
4,35,63,125,0
4,35,63,126,0
4,35,63,127,0
4,35,63,128,0
4,35,63,129,0
4,35,63,130,0
4,35,63,131,0
4,35,63,132,0
4,35,63,133,0
4,35,63,134,0
4,35,63,135,0
4,35,63,136,0
4,35,63,137,0
4,35,63,138,0
4,35,63,139,0
4,35,63,140,0
4,35,63,141,0
4,35,63,142,0
4,35,63,143,0
4,35,63,144,0
4,35,63,145,0
4,35,63,146,0
4,35,63,147,0
4,35,63,148,0
4,35,63,149,0
4,35,63,150,0
4,35,63,151,0
4,35,63,152,0
4,35,63,153,0
4,35,63,154,0
4,35,63,155,0
4,35,63,156,0
4,35,63,157,0
4,35,63,158,0
4,35,63,159,0
4,35,63,160,0
4,35,63,161,0
4,35,63,162,0
4,35,63,163,0
4,35,63,164,0
4,35,63,165,0
4,35,63,166,0
4,35,63,167,0
4,35,63,168,0
4,35,63,169,0
4,35,63,170,0
4,35,63,171,0
4,35,63,172,0
4,35,63,173,0
4,35,63,174,0
4,35,63,175,0
4,35,63,176,0
4,35,63,177,0
4,35,63,178,0
4,35,63,179,0
4,35,63,180,0
4,35,63,181,0
4,35,63,182,0
4,35,63,183,0
4,35,63,184,0
4,35,63,185,0
4,35,63,186,0
4,35,63,187,0
4,35,63,188,0
4,35,63,189,0
4,35,63,190,0
4,35,63,191,0
4,35,63,192,0
4,35,63,193,0
4,35,63,194,0
4,35,63,195,0
4,35,63,196,0
4,35,63,197,0
4,35,63,198,0
4,35,63,199,0
4,35,63,200,0
4,35,63,201,0
4,35,63,202,0
4,35,63,203,0
4,35,63,204,0
4,35,63,205,0
4,35,63,206,0
4,35,63,207,0
4,35,63,208,0
4,35,63,209,0
4,35,63,210,0
4,35,63,211,0
4,35,63,212,0
4,35,63,213,0
4,35,63,214,0
4,35,63,215,0
4,35,63,216,0
4,35,63,217,0
4,35,63,218,0
4,35,63,219,0
4,35,63,220,0
4,35,63,221,0
4,35,63,222,0
4,35,63,223,0
4,35,63,224,0
4,35,63,225,0
4,35,63,226,0
4,35,63,227,0
4,35,63,228,0
4,35,63,229,0
4,35,63,230,0
4,35,63,231,0
4,35,63,232,0
4,35,63,233,0
4,35,63,234,0
4,35,63,235,0
4,35,63,236,0
4,35,63,237,0
4,35,63,238,0
4,35,63,239,0
4,35,63,240,0
4,35,63,241,0
4,35,64,0,676205182
4,35,64,1,16781644032
4,35,64,2,345472190138
4,35,64,3,5674082797876
4,35,64,4,81244937734360
4,35,64,5,1041358369605652
4,35,64,6,12175079615841432
4,35,64,7,131512143104902376
4,35,64,8,1323799829194696232
4,35,64,9,12497479786590755114
4,35,64,10,111178067206094313836
4,35,64,11,935342696247807734828
4,35,64,12,7462193158551796391102
4,35,64,13,56573725578444897468314
4,35,64,14,408229942164370853245290
4,35,64,15,2807050692472717671631992
4,35,64,16,18408613927144616294078852
4,35,64,17,115204183304908292940229888
4,35,64,18,688243476003663794740126663
4,35,64,19,3925610694260729966802956892
4,35,64,20,21377370373287852896898910578
4,35,64,21,111124487767290662149631667957
4,35,64,22,551244490261382217872138040591
4,35,64,23,2608431234459432816991874564756
4,35,64,24,11767765670830927803693733014484
4,35,64,25,50585916286717002499375200576518
4,35,64,26,207059564734650057040712138749827
4,35,64,27,806440330010733694060486526547536
4,35,64,28,2986194232607360985257769470371538
4,35,64,29,10504391008815402212383270550176658
4,35,64,30,35071430096261265594982019820732059
4,35,64,31,111039458003880360143988185679758536
4,35,64,32,333078759223634734085186220498005298
4,35,64,33,945723612529526799609976229104889452
4,35,64,34,2539413078217941299977422831981213498
4,35,64,35,6442666756791068343283698252784633740
4,35,64,36,15430682884045790985359655901526958070
4,35,64,37,34860529546960414046207879738709010207
4,35,64,38,74229824700426354024169593515782193151
4,35,64,39,148872597731757634374599058463367445050
4,35,64,40,281044470318749156872682420924913165194
4,35,64,41,499151828323960432021395785276731810873
4,35,64,42,833695212903953466294981978501429797265
4,35,64,43,1309088651519856356439085356699792725733
4,35,64,44,1932152822045495325990404669505461592882
4,35,64,45,2680423036885666137208802309196118882643
4,35,64,46,3495336468990532347104798311836188518163
4,35,64,47,4285357444345058137764740996448012035995
4,35,64,48,4941260474553937119003523227282424353813
4,35,64,49,5360789082086043914459052586618845972195
4,35,64,50,5475070443209172239558039231665855475357
4,35,64,51,5267278714592018425345588027661250095996
4,35,64,52,4776535843610251557733713842312141528320
4,35,64,53,4085886876605578664033168090188569781992
4,35,64,54,3299418084217462250464256280445073655702
4,35,64,55,2517127543236800440677001247040463094730
4,35,64,56,1815644624237017628369799781525570635504
4,35,64,57,1239228334628675568136888429384301181325
4,35,64,58,800931270414783786105146628102953692676
4,35,64,59,490544841795200106795588316181295408287
4,35,64,60,284906481556846397624674120632172943904
4,35,64,61,157017816987232430680516645849267237203
4,35,64,62,82164102900135223374537263917443740885
4,35,64,63,40845615833824381333278346507340951408
4,35,64,64,19300224786498930716394091488155309380
4,35,64,65,8672347380337985891888348999944030785
4,35,64,66,3707263912441532847646597871168003928
4,35,64,67,1508276301614263498025537199959734817
4,35,64,68,584213637642104313563240082533036164
4,35,64,69,215509162371469258958442229512535118
4,35,64,70,75734294529373542104574043075249800
4,35,64,71,25361456556515633110575013660294799
4,35,64,72,8095205096555592793989629230182992
4,35,64,73,2463593680493110186073503844037223
4,35,64,74,715013621657189581054534401605936
4,35,64,75,197962702042667307282711968670187
4,35,64,76,52299963205083879887754459595454
4,35,64,77,13188642926285952281497593137783
4,35,64,78,3175546675751119914663333202212
4,35,64,79,730301795799769154759985623359
4,35,64,80,160473441324314739080878383568
4,35,64,81,33703565946681071068734517063
4,35,64,82,6768242806900446094047419197
4,35,64,83,1300037077039527192127232378
4,35,64,84,238924200919736412412475174
4,35,64,85,42026353916602974350068691
4,35,64,86,7077102740092789627326804
4,35,64,87,1141178071882278900821336
4,35,64,88,176229351816364381406674
4,35,64,89,26064963426883293593399
4,35,64,90,3692107879585849876591
4,35,64,91,500798980539639852608
4,35,64,92,65027518018833534502
4,35,64,93,8079352696757326007
4,35,64,94,959877733872477426
4,35,64,95,108948970570916368
4,35,64,96,11799731434073179
4,35,64,97,1217521824207643
4,35,64,98,119429545038504
4,35,64,99,11107034259877
4,35,64,100,975440807304
4,35,64,101,80362455267
4,35,64,102,6156118289
4,35,64,103,429815119
4,35,64,104,26785914
4,35,64,105,1415526
4,35,64,106,60380
4,35,64,107,1805
4,35,64,108,20
4,35,64,109,0
4,35,64,110,0
4,35,64,111,0
4,35,64,112,0
4,35,64,113,0
4,35,64,114,0
4,35,64,115,0
4,35,64,116,0
4,35,64,117,0
4,35,64,118,0
4,35,64,119,0
4,35,64,120,0
4,35,64,121,0
4,35,64,122,0
4,35,64,123,0
4,35,64,124,0
4,35,64,125,0
4,35,64,126,0
4,35,64,127,0
4,35,64,128,0
4,35,64,129,0
4,35,64,130,0
4,35,64,131,0
4,35,64,132,0
4,35,64,133,0
4,35,64,134,0
4,35,64,135,0
4,35,64,136,0
4,35,64,137,0
4,35,64,138,0
4,35,64,139,0
4,35,64,140,0
4,35,64,141,0
4,35,64,142,0
4,35,64,143,0
4,35,64,144,0
4,35,64,145,0
4,35,64,146,0
4,35,64,147,0
4,35,64,148,0
4,35,64,149,0
4,35,64,150,0
4,35,64,151,0
4,35,64,152,0
4,35,64,153,0
4,35,64,154,0
4,35,64,155,0
4,35,64,156,0
4,35,64,157,0
4,35,64,158,0
4,35,64,159,0
4,35,64,160,0
4,35,64,161,0
4,35,64,162,0
4,35,64,163,0
4,35,64,164,0
4,35,64,165,0
4,35,64,166,0
4,35,64,167,0
4,35,64,168,0
4,35,64,169,0
4,35,64,170,0
4,35,64,171,0
4,35,64,172,0
4,35,64,173,0
4,35,64,174,0
4,35,64,175,0
4,35,64,176,0
4,35,64,177,0
4,35,64,178,0
4,35,64,179,0
4,35,64,180,0
4,35,64,181,0
4,35,64,182,0
4,35,64,183,0
4,35,64,184,0
4,35,64,185,0
4,35,64,186,0
4,35,64,187,0
4,35,64,188,0
4,35,64,189,0
4,35,64,190,0
4,35,64,191,0
4,35,64,192,0
4,35,64,193,0
4,35,64,194,0
4,35,64,195,0
4,35,64,196,0
4,35,64,197,0
4,35,64,198,0
4,35,64,199,0
4,35,64,200,0
4,35,64,201,0
4,35,64,202,0
4,35,64,203,0
4,35,64,204,0
4,35,64,205,0
4,35,64,206,0
4,35,64,207,0
4,35,64,208,0
4,35,64,209,0
4,35,64,210,0
4,35,64,211,0
4,35,64,212,0
4,35,64,213,0
4,35,64,214,0
4,35,64,215,0
4,35,64,216,0
4,35,64,217,0
4,35,64,218,0
4,35,64,219,0
4,35,64,220,0
4,35,64,221,0
4,35,64,222,0
4,35,64,223,0
4,35,64,224,0
4,35,64,225,0
4,35,64,226,0
4,35,64,227,0
4,35,64,228,0
4,35,64,229,0
4,35,64,230,0
4,35,64,231,0
4,35,64,232,0
4,35,64,233,0
4,35,64,234,0
4,35,64,235,0
4,35,64,236,0
4,35,64,237,0
4,35,64,238,0
4,35,64,239,0
4,35,64,240,0
4,35,64,241,0
4,35,65,0,47983616
4,35,65,1,1060833198
4,35,65,2,21830376906
4,35,65,3,355357717744
4,35,65,4,5110559588718
4,35,65,5,66192378990770
4,35,65,6,785511470120446
4,35,65,7,8646498479331834
4,35,65,8,88972212191741994
4,35,65,9,861055868290427314
4,35,65,10,7872182809230195702
4,35,65,11,68221560414535123302
4,35,65,12,561878797166517786014
4,35,65,13,4406847462648711945266
4,35,65,14,32964216306822825929778
4,35,65,15,235443437342930591124534
4,35,65,16,1607029401464132700314122
4,35,65,17,10488309484239905341410642
4,35,65,18,65476659697879749438644474
4,35,65,19,391056157235764951505668732
4,35,65,20,2234414374485092023579162274
4,35,65,21,12212306557529004234105430442
4,35,65,22,63829726339503831938197982194
4,35,65,23,318913114443895825462661712024
4,35,65,24,1522422505488677828377780034604
4,35,65,25,6940044331329234997260490151660
4,35,65,26,30190505807542960298928269567930
4,35,65,27,125241063503816857983633777817230
4,35,65,28,495054086377034468768753242187726
4,35,65,29,1863062575574335287417264828114216
4,35,65,30,6669483399834464276816071464299936
4,35,65,31,22690988926264853810948900302059654
4,35,65,32,73300487556173270895935218050020248
4,35,65,33,224616372849959724425491459426182332
4,35,65,34,652293822327789255442495100965150918
4,35,65,35,1793495783923394948145645242301363680
4,35,65,36,4664521350855246139390050092315635052
4,35,65,37,11464875771297699491265696376928844462
4,35,65,38,26607860881366487223425962951150110040
4,35,65,39,58260499161640328029811057642026789850
4,35,65,40,120263990372106018489970611003549945632
4,35,65,41,233884640718499545092000573024720196704
4,35,65,42,428271820415789698196337742446300104790
4,35,65,43,738041195137027367376924433365931197642
4,35,65,44,1196535474110869231600280316875820726756
4,35,65,45,1824514727326920081160556970173089682550
4,35,65,46,2616336195388583474361262733452714625982
4,35,65,47,3528313298596042738175302533415061015932
4,35,65,48,4475339908594037043848451589133263981102
4,35,65,49,5340486023650534601587326461404236029426
4,35,65,50,5997788129539060867082584906332213026640
4,35,65,51,6342508176925266314957639281181248183264
4,35,65,52,6318775877922016183818326635217965807142
4,35,65,53,5934458943354796651790986822084825222786
4,35,65,54,5257807555859899567210769349804340278474
4,35,65,55,4397648608189096589640345491359700316458
4,35,65,56,3475013293121831999566563854306424211066
4,35,65,57,2596240086786645772385497897461401186782
4,35,65,58,1835340692556467281226422363690623401328
4,35,65,59,1228560816546533063153063873229405309844
4,35,65,60,779289435484537749567345805649778350090
4,35,65,61,468730334316980521291098570692115621368
4,35,65,62,267517852522552930025427066309136222888
4,35,65,63,144961499942280836156700325342536392516
4,35,65,64,74622168233905283695554857338517099550
4,35,65,65,36510963930612164859348971773459055202
4,35,65,66,16987284457064606693903060959180626522
4,35,65,67,7518921492817214880774015096187687688
4,35,65,68,3167274583818802778564986020643392730
4,35,65,69,1270181272748028173819102381073770770
4,35,65,70,485101308645285061586583680549098236
4,35,65,71,176486285042622141507918791447253292
4,35,65,72,61181069779972171735104938215844406
4,35,65,73,20214372298433200395381369276740316
4,35,65,74,6367173810296156852954143014169404
4,35,65,75,1912415150358370678928360235163966
4,35,65,76,547866586067236359301113849738074
4,35,65,77,149739901628068834163578678247424
4,35,65,78,39056197021468740765433373948302
4,35,65,79,9724325681344624390276631298536
4,35,65,80,2311968230295125511838428481914
4,35,65,81,525049722842304642224012685828
4,35,65,82,113937000296081110008428904892
4,35,65,83,23633510493335227669473272000
4,35,65,84,4687535957652597016673970554
4,35,65,85,889332581659728204584729196
4,35,65,86,161446703689693901651012216
4,35,65,87,28052303110912439900059972
4,35,65,88,4666513551202521908703966
4,35,65,89,743339162987325401053524
4,35,65,90,113398432078212192750370
4,35,65,91,16568006360917839702990
4,35,65,92,2318191451265007771874
4,35,65,93,310572809709852223796
4,35,65,94,39826158507944854788
4,35,65,95,4885897745808814590
4,35,65,96,573032654340034718
4,35,65,97,64187456927935844
4,35,65,98,6857849029439330
4,35,65,99,697672035399964
4,35,65,100,67432569945344
4,35,65,101,6172829698308
4,35,65,102,532874510114
4,35,65,103,43059352150
4,35,65,104,3220977840
4,35,65,105,218291410
4,35,65,106,13113552
4,35,65,107,656892
4,35,65,108,25306
4,35,65,109,760
4,35,65,110,0
4,35,65,111,0
4,35,65,112,0
4,35,65,113,0
4,35,65,114,0
4,35,65,115,0
4,35,65,116,0
4,35,65,117,0
4,35,65,118,0
4,35,65,119,0
4,35,65,120,0
4,35,65,121,0
4,35,65,122,0
4,35,65,123,0
4,35,65,124,0
4,35,65,125,0
4,35,65,126,0
4,35,65,127,0
4,35,65,128,0
4,35,65,129,0
4,35,65,130,0
4,35,65,131,0
4,35,65,132,0
4,35,65,133,0
4,35,65,134,0
4,35,65,135,0
4,35,65,136,0
4,35,65,137,0
4,35,65,138,0
4,35,65,139,0
4,35,65,140,0
4,35,65,141,0
4,35,65,142,0
4,35,65,143,0
4,35,65,144,0
4,35,65,145,0
4,35,65,146,0
4,35,65,147,0
4,35,65,148,0
4,35,65,149,0
4,35,65,150,0
4,35,65,151,0
4,35,65,152,0
4,35,65,153,0
4,35,65,154,0
4,35,65,155,0
4,35,65,156,0
4,35,65,157,0
4,35,65,158,0
4,35,65,159,0
4,35,65,160,0
4,35,65,161,0
4,35,65,162,0
4,35,65,163,0
4,35,65,164,0
4,35,65,165,0
4,35,65,166,0
4,35,65,167,0
4,35,65,168,0
4,35,65,169,0
4,35,65,170,0
4,35,65,171,0
4,35,65,172,0
4,35,65,173,0
4,35,65,174,0
4,35,65,175,0
4,35,65,176,0
4,35,65,177,0
4,35,65,178,0
4,35,65,179,0
4,35,65,180,0
4,35,65,181,0
4,35,65,182,0
4,35,65,183,0
4,35,65,184,0
4,35,65,185,0
4,35,65,186,0
4,35,65,187,0
4,35,65,188,0
4,35,65,189,0
4,35,65,190,0
4,35,65,191,0
4,35,65,192,0
4,35,65,193,0
4,35,65,194,0
4,35,65,195,0
4,35,65,196,0
4,35,65,197,0
4,35,65,198,0
4,35,65,199,0
4,35,65,200,0
4,35,65,201,0
4,35,65,202,0
4,35,65,203,0
4,35,65,204,0
4,35,65,205,0
4,35,65,206,0
4,35,65,207,0
4,35,65,208,0
4,35,65,209,0
4,35,65,210,0
4,35,65,211,0
4,35,65,212,0
4,35,65,213,0
4,35,65,214,0
4,35,65,215,0
4,35,65,216,0
4,35,65,217,0
4,35,65,218,0
4,35,65,219,0
4,35,65,220,0
4,35,65,221,0
4,35,65,222,0
4,35,65,223,0
4,35,65,224,0
4,35,65,225,0
4,35,65,226,0
4,35,65,227,0
4,35,65,228,0
4,35,65,229,0
4,35,65,230,0
4,35,65,231,0
4,35,65,232,0
4,35,65,233,0
4,35,65,234,0
4,35,65,235,0
4,35,65,236,0
4,35,65,237,0
4,35,65,238,0
4,35,65,239,0
4,35,65,240,0
4,35,65,241,0
4,35,66,0,2890718
4,35,66,1,55297184
4,35,66,2,1160355108
4,35,66,3,18702210218
4,35,66,4,271062868390
4,35,66,5,3558597158766
4,35,66,6,42967129876954
4,35,66,7,483128440137622
4,35,66,8,5092410418384148
4,35,66,9,50613247678676100
4,35,66,10,476287461270616260
4,35,66,11,4257306041109264854
4,35,66,12,36235943336295709810
4,35,66,13,294250329255457804702
4,35,66,14,2283027770507717038190
4,35,66,15,16943824255369121615862
4,35,66,16,120387023227814706814779
4,35,66,17,819352492247347311142451
4,35,66,18,5343774844278008738750148
4,35,66,19,33403805396072857637292388
4,35,66,20,200137672343011580705320254
4,35,66,21,1149211795179545459834407794
4,35,66,22,6322780455787693678099201690
4,35,66,23,33319799246606725934813048854
4,35,66,24,168107992161653520167108950754
4,35,66,25,811581323166634449950797846810
4,35,66,26,3746830558366045561518992720539
4,35,66,27,16530404940264017577796729896811
4,35,66,28,69640449369406530806374170210055
4,35,66,29,279927175224755990136875913942585
4,35,66,30,1072654267895114859146718484101649
4,35,66,31,3914838293428524410519648311588477
4,35,66,32,13595687890962764715092628762701567
4,35,66,33,44885396704157423192552311091282509
4,35,66,34,140734850255882588237807309995297959
4,35,66,35,418662406046526837322017947614618557
4,35,66,36,1180500012621037708883996435493067183
4,35,66,37,3152007112987145270371769278658728641
4,35,66,38,7961909065553101222491963419056597185
4,35,66,39,19009079102367990942862773391062550711
4,35,66,40,42859245357215124628450108642610885341
4,35,66,41,91184198223897281392820429269620068573
4,35,66,42,182923820093035347807979224325340029696
4,35,66,43,345794452638244934321013144761727266766
4,35,66,44,615640230136323668637230613792809377536
4,35,66,45,1031831015972783731662973423653419603686
4,35,66,46,1627515906825668586709824497126114695672
4,35,66,47,2415423012104846687256230892731687527700
4,35,66,48,3372747594074714586961513930860852070197
4,35,66,49,4431224148673093192629429717698070935591
4,35,66,50,5478895865968718377370223347789686765386
4,35,66,51,6377092810882779154217070642745264211748
4,35,66,52,6990208318866711758237382540620870571465
4,35,66,53,7219606266427149014388780336491442423795
4,35,66,54,7029848884569692833993189738779277340897
4,35,66,55,6457561773039626003384158076276547571827
4,35,66,56,5599938078005971039946028645635232835327
4,35,66,57,4587815597669239335914407982189388087200
4,35,66,58,3553531683443597169093727237498803055865
4,35,66,59,2604178584862175698130732910405581402119
4,35,66,60,1807001461494299777412355563668144929406
4,35,66,61,1188052556637502488225065072927329265434
4,35,66,62,740631269654440886574795413388640238659
4,35,66,63,438068568337982516357201313267870553221
4,35,66,64,245992897106348944723490783786434809297
4,35,66,65,131217293946729921512985208062434663260
4,35,66,66,66523525258023169635031243118662393666
4,35,66,67,32068788852478984994742938045914919298
4,35,66,68,14706205866802642579957432513345953264
4,35,66,69,6417978613101914696891856205811471194
4,35,66,70,2666408482580536340211074537414750146
4,35,66,71,1054924686895264175858062544264226370
4,35,66,72,397561825458505955070106315496169724
4,35,66,73,142753744504581807206012505560089114
4,35,66,74,48850949667280151762926987875580395
4,35,66,75,15935259122735098324545025245696499
4,35,66,76,4956119594857060649608154001337869
4,35,66,77,1470001719252294768121907811498257
4,35,66,78,415899104321001884403632552146237
4,35,66,79,112268788798033418165776777764627
4,35,66,80,28923165909623004022585291283095
4,35,66,81,7113318639109130421378865531433
4,35,66,82,1670596279058058195410657685901
4,35,66,83,374787604555556206159141344003
4,35,66,84,80345533657199769426303118592
4,35,66,85,16464683269597015215564980456
4,35,66,86,3226359930075247061977965102
4,35,66,87,604767950619287688363197306
4,35,66,88,108472867991140092642197437
4,35,66,89,18622397121960363740891052
4,35,66,90,3060821199501351797067299
4,35,66,91,481734902187954175230069
4,35,66,92,72609506891036980489566
4,35,66,93,10480985635477191535920
4,35,66,94,1448754782793300535600
4,35,66,95,191724024217841065298
4,35,66,96,24282035742879377113
4,35,66,97,2941569335140917374
4,35,66,98,340580303510665245
4,35,66,99,37648477532176153
4,35,66,100,3967848191466657
4,35,66,101,397960132239877
4,35,66,102,37892045849237
4,35,66,103,3413588082771
4,35,66,104,289526454075
4,35,66,105,22913602821
4,35,66,106,1673384897
4,35,66,107,109919197
4,35,66,108,6282251
4,35,66,109,305675
4,35,66,110,10202
4,35,66,111,266
4,35,66,112,0
4,35,66,113,0
4,35,66,114,0
4,35,66,115,0
4,35,66,116,0
4,35,66,117,0
4,35,66,118,0
4,35,66,119,0
4,35,66,120,0
4,35,66,121,0
4,35,66,122,0
4,35,66,123,0
4,35,66,124,0
4,35,66,125,0
4,35,66,126,0
4,35,66,127,0
4,35,66,128,0
4,35,66,129,0
4,35,66,130,0
4,35,66,131,0
4,35,66,132,0
4,35,66,133,0
4,35,66,134,0
4,35,66,135,0
4,35,66,136,0
4,35,66,137,0
4,35,66,138,0
4,35,66,139,0
4,35,66,140,0
4,35,66,141,0
4,35,66,142,0
4,35,66,143,0
4,35,66,144,0
4,35,66,145,0
4,35,66,146,0
4,35,66,147,0
4,35,66,148,0
4,35,66,149,0
4,35,66,150,0
4,35,66,151,0
4,35,66,152,0
4,35,66,153,0
4,35,66,154,0
4,35,66,155,0
4,35,66,156,0
4,35,66,157,0
4,35,66,158,0
4,35,66,159,0
4,35,66,160,0
4,35,66,161,0
4,35,66,162,0
4,35,66,163,0
4,35,66,164,0
4,35,66,165,0
4,35,66,166,0
4,35,66,167,0
4,35,66,168,0
4,35,66,169,0
4,35,66,170,0
4,35,66,171,0
4,35,66,172,0
4,35,66,173,0
4,35,66,174,0
4,35,66,175,0
4,35,66,176,0
4,35,66,177,0
4,35,66,178,0
4,35,66,179,0
4,35,66,180,0
4,35,66,181,0
4,35,66,182,0
4,35,66,183,0
4,35,66,184,0
4,35,66,185,0
4,35,66,186,0
4,35,66,187,0
4,35,66,188,0
4,35,66,189,0
4,35,66,190,0
4,35,66,191,0
4,35,66,192,0
4,35,66,193,0
4,35,66,194,0
4,35,66,195,0
4,35,66,196,0
4,35,66,197,0
4,35,66,198,0
4,35,66,199,0
4,35,66,200,0
4,35,66,201,0
4,35,66,202,0
4,35,66,203,0
4,35,66,204,0
4,35,66,205,0
4,35,66,206,0
4,35,66,207,0
4,35,66,208,0
4,35,66,209,0
4,35,66,210,0
4,35,66,211,0
4,35,66,212,0
4,35,66,213,0
4,35,66,214,0
4,35,66,215,0
4,35,66,216,0
4,35,66,217,0
4,35,66,218,0
4,35,66,219,0
4,35,66,220,0
4,35,66,221,0
4,35,66,222,0
4,35,66,223,0
4,35,66,224,0
4,35,66,225,0
4,35,66,226,0
4,35,66,227,0
4,35,66,228,0
4,35,66,229,0
4,35,66,230,0
4,35,66,231,0
4,35,66,232,0
4,35,66,233,0
4,35,66,234,0
4,35,66,235,0
4,35,66,236,0
4,35,66,237,0
4,35,66,238,0
4,35,66,239,0
4,35,66,240,0
4,35,66,241,0
4,35,67,0,142696
4,35,67,1,2263432
4,35,67,2,50399426
4,35,67,3,802762844
4,35,67,4,11800300604
4,35,67,5,157952648648
4,35,67,6,1948426403220
4,35,67,7,22477417120104
4,35,67,8,243577749067606
4,35,67,9,2494437802256328
4,35,67,10,24231220388715234
4,35,67,11,223962115371588506
4,35,67,12,1974276792605642836
4,35,67,13,16629518305668068910
4,35,67,14,134035959904261727622
4,35,67,15,1034947364268081898350
4,35,67,16,7661901820637386854084
4,35,67,17,54417799498541744249572
4,35,67,18,370944625769084804483472
4,35,67,19,2427407090057637815963160
4,35,67,20,15250223528483116885866728
4,35,67,21,91978144905906239929099302
4,35,67,22,532462289022941692086087290
4,35,67,23,2957747001617095989236345260
4,35,67,24,15759014641757604230497004568
4,35,67,25,80497165796136571476006876074
4,35,67,26,393973143949887773730660671870
4,35,67,27,1846311398340241733741679586840
4,35,67,28,8279106345154187072801809643294
4,35,67,29,35494678744106101531923442981522
4,35,67,30,145372328259349707319024671873912
4,35,67,31,568271388799539485786749322419894
4,35,67,32,2118286709745019092487616947743818
4,35,67,33,7522351809143018178143650393987516
4,35,67,34,25423567828821810125968429326749074
4,35,67,35,81695799085612225567266463525065718
4,35,67,36,249347946453124166551979445947946098
4,35,67,37,722132936326883391655135722580632586
4,35,67,38,1982441719896086883682622165981023262
4,35,67,39,5153840594697142395601019651301349944
4,35,67,40,12676453755742312252244648510104317496
4,35,67,41,29471928384612394864125248898066378860
4,35,67,42,64713552534743853101331498986552093996
4,35,67,43,134097134120483227813767021995822677796
4,35,67,44,262046404645580734031524451464085023652
4,35,67,45,482623842483584588455034816174031168706
4,35,67,46,837324782449461237420981668657575484986
4,35,67,47,1367936472759123795217258979286160446514
4,35,67,48,2103824723262766942857878688389778563198
4,35,67,49,3045539631072026158425015274247425130700
4,35,67,50,4149776393074239281563033897386823045714
4,35,67,51,5322797449495101922097550155711009752628
4,35,67,52,6428522285815888778383833527395950464292
4,35,67,53,7312871128941675746199324259647126548994
4,35,67,54,7839048366478872602863583606777796016794
4,35,67,55,7922608404041155475674399721391899172666
4,35,67,56,7553780323661477546286792609465936468612
4,35,67,57,6798889045013118354698399753441913911270
4,35,67,58,5780859607035229073628375328725294210662
4,35,67,59,4646669137533437845978600748930394598782
4,35,67,60,3533492865463510418373793694376612309052
4,35,67,61,2543880599255815492935032231901282172724
4,35,67,62,1735121173240597840007593439375792343024
4,35,67,63,1122027460556113576253110735190873747380
4,35,67,64,688341292727808047573712946036762362678
4,35,67,65,400867016794376911421476364997639000162
4,35,67,66,221739995748235677994772888273917577630
4,35,67,67,116564510493875248970531482308988606100
4,35,67,68,58261065804006104491288863111249336334
4,35,67,69,27699457723131695908875184863005756708
4,35,67,70,12531880692156413950688398141362471760
4,35,67,71,5397171691973922926660106918601974644
4,35,67,72,2213385615636528556749458645001486326
4,35,67,73,864588892027943287395415499042689620
4,35,67,74,321760050355983554676437470351432958
4,35,67,75,114109731345149843321406587200584862
4,35,67,76,38572028130353622670616542803644888
4,35,67,77,12429930362167303298973882029526288
4,35,67,78,3819423145321943857053114845611114
4,35,67,79,1119305056424755990280892540768430
4,35,67,80,312906563950101581007956206138056
4,35,67,81,83463743717497798870509708952612
4,35,67,82,21247547455757338818053547470448
4,35,67,83,5163789962913639608458669737068
4,35,67,84,1198418421038312788932461619580
4,35,67,85,265686267544132091624616258354
4,35,67,86,56285718552266857549083437236
4,35,67,87,11398498848226215614320102174
4,35,67,88,2207341326096691761127826904
4,35,67,89,408894553972458791469640564
4,35,67,90,72478823109456353117719998
4,35,67,91,12296786958265835954286032
4,35,67,92,1997351088390548880192572
4,35,67,93,310651503462200918855964
4,35,67,94,46268843782887450287586
4,35,67,95,6599307508728084109536
4,35,67,96,901262746485073198322
4,35,67,97,117825074581228024344
4,35,67,98,14739307221994310692
4,35,67,99,1763213757222713466
4,35,67,100,201536763084816848
4,35,67,101,21985169638841098
4,35,67,102,2285472539842770
4,35,67,103,225959966040140
4,35,67,104,21191824545304
4,35,67,105,1877908632000
4,35,67,106,156407122284
4,35,67,107,12121112212
4,35,67,108,860266164
4,35,67,109,54917046
4,35,67,110,2981650
4,35,67,111,135358
4,35,67,112,4318
4,35,67,113,76
4,35,67,114,0
4,35,67,115,0
4,35,67,116,0
4,35,67,117,0
4,35,67,118,0
4,35,67,119,0
4,35,67,120,0
4,35,67,121,0
4,35,67,122,0
4,35,67,123,0
4,35,67,124,0
4,35,67,125,0
4,35,67,126,0
4,35,67,127,0
4,35,67,128,0
4,35,67,129,0
4,35,67,130,0
4,35,67,131,0
4,35,67,132,0
4,35,67,133,0
4,35,67,134,0
4,35,67,135,0
4,35,67,136,0
4,35,67,137,0
4,35,67,138,0
4,35,67,139,0
4,35,67,140,0
4,35,67,141,0
4,35,67,142,0
4,35,67,143,0
4,35,67,144,0
4,35,67,145,0
4,35,67,146,0
4,35,67,147,0
4,35,67,148,0
4,35,67,149,0
4,35,67,150,0
4,35,67,151,0
4,35,67,152,0
4,35,67,153,0
4,35,67,154,0
4,35,67,155,0
4,35,67,156,0
4,35,67,157,0
4,35,67,158,0
4,35,67,159,0
4,35,67,160,0
4,35,67,161,0
4,35,67,162,0
4,35,67,163,0
4,35,67,164,0
4,35,67,165,0
4,35,67,166,0
4,35,67,167,0
4,35,67,168,0
4,35,67,169,0
4,35,67,170,0
4,35,67,171,0
4,35,67,172,0
4,35,67,173,0
4,35,67,174,0
4,35,67,175,0
4,35,67,176,0
4,35,67,177,0
4,35,67,178,0
4,35,67,179,0
4,35,67,180,0
4,35,67,181,0
4,35,67,182,0
4,35,67,183,0
4,35,67,184,0
4,35,67,185,0
4,35,67,186,0
4,35,67,187,0
4,35,67,188,0
4,35,67,189,0
4,35,67,190,0
4,35,67,191,0
4,35,67,192,0
4,35,67,193,0
4,35,67,194,0
4,35,67,195,0
4,35,67,196,0
4,35,67,197,0
4,35,67,198,0
4,35,67,199,0
4,35,67,200,0
4,35,67,201,0
4,35,67,202,0
4,35,67,203,0
4,35,67,204,0
4,35,67,205,0
4,35,67,206,0
4,35,67,207,0
4,35,67,208,0
4,35,67,209,0
4,35,67,210,0
4,35,67,211,0
4,35,67,212,0
4,35,67,213,0
4,35,67,214,0
4,35,67,215,0
4,35,67,216,0
4,35,67,217,0
4,35,67,218,0
4,35,67,219,0
4,35,67,220,0
4,35,67,221,0
4,35,67,222,0
4,35,67,223,0
4,35,67,224,0
4,35,67,225,0
4,35,67,226,0
4,35,67,227,0
4,35,67,228,0
4,35,67,229,0
4,35,67,230,0
4,35,67,231,0
4,35,67,232,0
4,35,67,233,0
4,35,67,234,0
4,35,67,235,0
4,35,67,236,0
4,35,67,237,0
4,35,67,238,0
4,35,67,239,0
4,35,67,240,0
4,35,67,241,0
4,35,68,0,5446
4,35,68,1,66880
4,35,68,2,1714894
4,35,68,3,26892258
4,35,68,4,405334832
4,35,68,5,5595182734
4,35,68,6,70972571724
4,35,68,7,846482747248
4,35,68,8,9488230461476
4,35,68,9,100674339201454
4,35,68,10,1014478126811404
4,35,68,11,9737286042027710
4,35,68,12,89236069393831434
4,35,68,13,782232870128215592
4,35,68,14,6568471967034447736
4,35,68,15,52895674396343684192
4,35,68,16,408870979938327774817
4,35,68,17,3035625072453090817106
4,35,68,18,21657444958222380957653
4,35,68,19,148522285657680584278532
4,35,68,20,979183473132310628086154
4,35,68,21,6206241069345407683910966
4,35,68,22,37812569582308314776503242
4,35,68,23,221405811810439734195623902
4,35,68,24,1245503126350132688719770765
4,35,68,25,6728531166162703863698384066
4,35,68,26,34889456584550526317034902469
4,35,68,27,173544434912419743041055780740
4,35,68,28,827526456014522992573468965982
4,35,68,29,3779991894861843354995672474027
4,35,68,30,16527014872848194470356981976182
4,35,68,31,69107600100462813206233173835410
4,35,68,32,276119858874790395815754380418314
4,35,68,33,1053185093247859925373486539058763
4,35,68,34,3831130579504728720075745076028440
4,35,68,35,13277998673361321400875585982252058
4,35,68,36,43800740065459222352742370468393044
4,35,68,37,137381473106315646289772853617833241
4,35,68,38,409285362425130684637908668985261034
4,35,68,39,1156995618244898228326668493135549633
4,35,68,40,3100329351888663563703914405505871499
4,35,68,41,7867366908060151657424929686370950575
4,35,68,42,18888084683298962526051453845100697471
4,35,68,43,42864401137350126264812480081501090730
4,35,68,44,91874844007628532018846606452960231073
4,35,68,45,185849313863442020973865742162739350274
4,35,68,46,354569534051357293633355778226811402171
4,35,68,47,637635870132827539088720133443206257331
4,35,68,48,1080381842005208687579229465075288578228
4,35,68,49,1724124232212185024081322923982288916519
4,35,68,50,2590919001566983043978649191781018411150
4,35,68,51,3666024597005802022611539547879816496195
4,35,68,52,4884389585079829742851391747086137177024
4,35,68,53,6128709030415321747851547240127664060541
4,35,68,54,7244228709681561477275112151307373026426
4,35,68,55,8069494898669640149969724402949743801056
4,35,68,56,8474981383114492378976161400647531880252
4,35,68,57,8396742909140759825418290452171285722713
4,35,68,58,7852931176354463180348732564246787274773
4,35,68,59,6937314922887409889942271179823418618757
4,35,68,60,5792865775889413865502061748254822417908
4,35,68,61,4575611330304903933679305950844078306973
4,35,68,62,3421141298822917101205230282589948637530
4,35,68,63,2423080721616464105751590361781760788941
4,35,68,64,1626822131917616902474037598140768829671
4,35,68,65,1036037998233835710195379000232637595760
4,35,68,66,626249739303979081211143495818842451250
4,35,68,67,359510004024599305928951632815392152989
4,35,68,68,196111062715984359881529544162155649167
4,35,68,69,101703749595139037720883632752842481146
4,35,68,70,50166206026347034141812408018543308681
4,35,68,71,23545095827243863525295861201410289295
4,35,68,72,10518665675252922191494916066991195028
4,35,68,73,4474347552250884708453065006204526409
4,35,68,74,1812712997427703686519244284345227912
4,35,68,75,699625538432523709583063589621693977
4,35,68,76,257296941616443429689629003482148861
4,35,68,77,90182432759985142817166574191646576
4,35,68,78,30130585661558965227601738647643161
4,35,68,79,9597732704890191149626800120267674
4,35,68,80,2915296963638941793145774260133813
4,35,68,81,844561521953942407372818069397432
4,35,68,82,233400577853452511867810579308559
4,35,68,83,61544811399188375562988270834740
4,35,68,84,15488423876673135742873038553924
4,35,68,85,3721072407025700560960060008814
4,35,68,86,853698005181577959718668204806
4,35,68,87,187092248619835076199259175126
4,35,68,88,39180543197449086271045161958
4,35,68,89,7843324994607608530247005546
4,35,68,90,1501402025081388020274729983
4,35,68,91,274920887951386329633372937
4,35,68,92,48169136831920945813441336
4,35,68,93,8077936325938473694880203
4,35,68,94,1296880262637637023401084
4,35,68,95,199358869377715996114641
4,35,68,96,29345379033486166208238
4,35,68,97,4136194777091798366520
4,35,68,98,558156333699594143809
4,35,68,99,72090645127966152069
4,35,68,100,8907809680010485531
4,35,68,101,1052310004594468033
4,35,68,102,118740705222070965
4,35,68,103,12782159982782140
4,35,68,104,1310566269244015
4,35,68,105,127708739178380
4,35,68,106,11794117535291
4,35,68,107,1027897594927
4,35,68,108,83966966472
4,35,68,109,6366188460
4,35,68,110,439282108
4,35,68,111,26988951
4,35,68,112,1401516
4,35,68,113,58973
4,35,68,114,1710
4,35,68,115,19
4,35,68,116,0
4,35,68,117,0
4,35,68,118,0
4,35,68,119,0
4,35,68,120,0
4,35,68,121,0
4,35,68,122,0
4,35,68,123,0
4,35,68,124,0
4,35,68,125,0
4,35,68,126,0
4,35,68,127,0
4,35,68,128,0
4,35,68,129,0
4,35,68,130,0
4,35,68,131,0
4,35,68,132,0
4,35,68,133,0
4,35,68,134,0
4,35,68,135,0
4,35,68,136,0
4,35,68,137,0
4,35,68,138,0
4,35,68,139,0
4,35,68,140,0
4,35,68,141,0
4,35,68,142,0
4,35,68,143,0
4,35,68,144,0
4,35,68,145,0
4,35,68,146,0
4,35,68,147,0
4,35,68,148,0
4,35,68,149,0
4,35,68,150,0
4,35,68,151,0
4,35,68,152,0
4,35,68,153,0
4,35,68,154,0
4,35,68,155,0
4,35,68,156,0
4,35,68,157,0
4,35,68,158,0
4,35,68,159,0
4,35,68,160,0
4,35,68,161,0
4,35,68,162,0
4,35,68,163,0
4,35,68,164,0
4,35,68,165,0
4,35,68,166,0
4,35,68,167,0
4,35,68,168,0
4,35,68,169,0
4,35,68,170,0
4,35,68,171,0
4,35,68,172,0
4,35,68,173,0
4,35,68,174,0
4,35,68,175,0
4,35,68,176,0
4,35,68,177,0
4,35,68,178,0
4,35,68,179,0
4,35,68,180,0
4,35,68,181,0
4,35,68,182,0
4,35,68,183,0
4,35,68,184,0
4,35,68,185,0
4,35,68,186,0
4,35,68,187,0
4,35,68,188,0
4,35,68,189,0
4,35,68,190,0
4,35,68,191,0
4,35,68,192,0
4,35,68,193,0
4,35,68,194,0
4,35,68,195,0
4,35,68,196,0
4,35,68,197,0
4,35,68,198,0
4,35,68,199,0
4,35,68,200,0
4,35,68,201,0
4,35,68,202,0
4,35,68,203,0
4,35,68,204,0
4,35,68,205,0
4,35,68,206,0
4,35,68,207,0
4,35,68,208,0
4,35,68,209,0
4,35,68,210,0
4,35,68,211,0
4,35,68,212,0
4,35,68,213,0
4,35,68,214,0
4,35,68,215,0
4,35,68,216,0
4,35,68,217,0
4,35,68,218,0
4,35,68,219,0
4,35,68,220,0
4,35,68,221,0
4,35,68,222,0
4,35,68,223,0
4,35,68,224,0
4,35,68,225,0
4,35,68,226,0
4,35,68,227,0
4,35,68,228,0
4,35,68,229,0
4,35,68,230,0
4,35,68,231,0
4,35,68,232,0
4,35,68,233,0
4,35,68,234,0
4,35,68,235,0
4,35,68,236,0
4,35,68,237,0
4,35,68,238,0
4,35,68,239,0
4,35,68,240,0
4,35,68,241,0
4,35,69,0,144
4,35,69,1,1202
4,35,69,2,42632
4,35,69,3,656400
4,35,69,4,10316624
4,35,69,5,150454006
4,35,69,6,1981348028
4,35,69,7,24771184718
4,35,69,8,290136881442
4,35,69,9,3218928441020
4,35,69,10,33921259494106
4,35,69,11,340492279969960
4,35,69,12,3264174158301200
4,35,69,13,29939982572949948
4,35,69,14,263169608170963726
4,35,69,15,2219513847781240840
4,35,69,16,17978040621715589946
4,35,69,17,139964029508155432820
4,35,69,18,1047907868170291842438
4,35,69,19,7548004679133728617818
4,35,69,20,52317599992578602577496
4,35,69,21,348991917054025650768284
4,35,69,22,2240404801089701659362730
4,35,69,23,13839604012007619868870984
4,35,69,24,82243941002997062164608396
4,35,69,25,470026261311970084531554274
4,35,69,26,2582224308157263267763393292
4,35,69,27,13630086350424339944551048138
4,35,69,28,69084607467140647934149472842
4,35,69,29,336012820949342732028948100944
4,35,69,30,1567137682909620618361324585756
4,35,69,31,7003153637597762389556974207506
4,35,69,32,29960558431544002192174727649816
4,35,69,33,122599635858146091571980351228866
4,35,69,34,479409005827588345752066566687374
4,35,69,35,1789698494143071552854194761118350
4,35,69,36,6372008804014134670566598769922254
4,35,69,37,21614843968679652274471051802419288
4,35,69,38,69784204176228613750228810207124738
4,35,69,39,214209460513240886561908083006288404
4,35,69,40,624517833038066220311067462043386026
4,35,69,41,1727543611629582511738770353042124526
4,35,69,42,4529539393154593826199336684739986462
4,35,69,43,11245975109120620764605749097256974384
4,35,69,44,26415259162384328727726296386876478030
4,35,69,45,58647385189971788303720200370176607428
4,35,69,46,122978706867665052176075363924455961280
4,35,69,47,243380440020943478700768122119884225874
4,35,69,48,454300881836186001653962321072089015244
4,35,69,49,799423156245344128783413305754516580540
4,35,69,50,1325585076675849840314430833523514509258
4,35,69,51,2070671630259538167311451947188113939546
4,35,69,52,3046611223173792288792756519422935329650
4,35,69,53,4221914778558600208566834768373193001436
4,35,69,54,5510958193965967238450502569197210889328
4,35,69,55,6777358807147843601116768565274987054170
4,35,69,56,7855037147079127270467251551969026190046
4,35,69,57,8583659252534806716831536263937327360170
4,35,69,58,8848156196414316522457830576266651608046
4,35,69,59,8608746283439231696021118062243921494522
4,35,69,60,7910590028629474862138922102188655294698
4,35,69,61,6869927295250745632368818775837428577730
4,35,69,62,5642517627455521797096746599904830613088
4,35,69,63,4386104718311628293007319373339913870266
4,35,69,64,3229066743147690928735580266832001543688
4,35,69,65,2253033293802616051764724059336150436124
4,35,69,66,1490874549704773490501200635743004721606
4,35,69,67,936211823780077542032635466562332720362
4,35,69,68,558247614265823510551833556178645287186
4,35,69,69,316257733971861948680288031413190165464
4,35,69,70,170309554886811481096846665333562010950
4,35,69,71,87221202231564039460994829038369011198
4,35,69,72,42498281480397155329675024913525620378
4,35,69,73,19708238399902165708724557288390448220
4,35,69,74,8701478046788291675869216266125543232
4,35,69,75,3658733784192367244382961370052506690
4,35,69,76,1465442836283908684833597576048406036
4,35,69,77,559243778518326705946613085575474990
4,35,69,78,203380993929762437045001911306949514
4,35,69,79,70497051229813205030840464925206386
4,35,69,80,23294442216739559386769639782795336
4,35,69,81,7338751035521979357092136678646264
4,35,69,82,2204701829268222769784576750763256
4,35,69,83,631698432671740848695410441507476
4,35,69,84,172657018998762305871012748853362
4,35,69,85,45026249604834857678720535660242
4,35,69,86,11206215760705706236220159782458
4,35,69,87,2662447839458068088253784878272
4,35,69,88,604034443935846954428682749142
4,35,69,89,130900422960818775351597102744
4,35,69,90,27106126707423131934778543674
4,35,69,91,5365294443645441317756843196
4,35,69,92,1015480596998284429115805634
4,35,69,93,183843523339854485442427846
4,35,69,94,31846294603615949956870962
4,35,69,95,5279842673586576483329520
4,35,69,96,837969311955216576338898
4,35,69,97,127333596828799696039530
4,35,69,98,18526368155187675366394
4,35,69,99,2580766131239226262846
4,35,69,100,344145405352090717236
4,35,69,101,43916631475122853534
4,35,69,102,5360320325753121832
4,35,69,103,625336050890324280
4,35,69,104,69657634757827506
4,35,69,105,7399116541788722
4,35,69,106,748157844499920
4,35,69,107,71847094490834
4,35,69,108,6531724354426
4,35,69,109,559533758106
4,35,69,110,44818549676
4,35,69,111,3317602740
4,35,69,112,221999346
4,35,69,113,13152352
4,35,69,114,646648
4,35,69,115,24548
4,35,69,116,720
4,35,69,117,0
4,35,69,118,0
4,35,69,119,0
4,35,69,120,0
4,35,69,121,0
4,35,69,122,0
4,35,69,123,0
4,35,69,124,0
4,35,69,125,0
4,35,69,126,0
4,35,69,127,0
4,35,69,128,0
4,35,69,129,0
4,35,69,130,0
4,35,69,131,0
4,35,69,132,0
4,35,69,133,0
4,35,69,134,0
4,35,69,135,0
4,35,69,136,0
4,35,69,137,0
4,35,69,138,0
4,35,69,139,0
4,35,69,140,0
4,35,69,141,0
4,35,69,142,0
4,35,69,143,0
4,35,69,144,0
4,35,69,145,0
4,35,69,146,0
4,35,69,147,0
4,35,69,148,0
4,35,69,149,0
4,35,69,150,0
4,35,69,151,0
4,35,69,152,0
4,35,69,153,0
4,35,69,154,0
4,35,69,155,0
4,35,69,156,0
4,35,69,157,0
4,35,69,158,0
4,35,69,159,0
4,35,69,160,0
4,35,69,161,0
4,35,69,162,0
4,35,69,163,0
4,35,69,164,0
4,35,69,165,0
4,35,69,166,0
4,35,69,167,0
4,35,69,168,0
4,35,69,169,0
4,35,69,170,0
4,35,69,171,0
4,35,69,172,0
4,35,69,173,0
4,35,69,174,0
4,35,69,175,0
4,35,69,176,0
4,35,69,177,0
4,35,69,178,0
4,35,69,179,0
4,35,69,180,0
4,35,69,181,0
4,35,69,182,0
4,35,69,183,0
4,35,69,184,0
4,35,69,185,0
4,35,69,186,0
4,35,69,187,0
4,35,69,188,0
4,35,69,189,0
4,35,69,190,0
4,35,69,191,0
4,35,69,192,0
4,35,69,193,0
4,35,69,194,0
4,35,69,195,0
4,35,69,196,0
4,35,69,197,0
4,35,69,198,0
4,35,69,199,0
4,35,69,200,0
4,35,69,201,0
4,35,69,202,0
4,35,69,203,0
4,35,69,204,0
4,35,69,205,0
4,35,69,206,0
4,35,69,207,0
4,35,69,208,0
4,35,69,209,0
4,35,69,210,0
4,35,69,211,0
4,35,69,212,0
4,35,69,213,0
4,35,69,214,0
4,35,69,215,0
4,35,69,216,0
4,35,69,217,0
4,35,69,218,0
4,35,69,219,0
4,35,69,220,0
4,35,69,221,0
4,35,69,222,0
4,35,69,223,0
4,35,69,224,0
4,35,69,225,0
4,35,69,226,0
4,35,69,227,0
4,35,69,228,0
4,35,69,229,0
4,35,69,230,0
4,35,69,231,0
4,35,69,232,0
4,35,69,233,0
4,35,69,234,0
4,35,69,235,0
4,35,69,236,0
4,35,69,237,0
4,35,69,238,0
4,35,69,239,0
4,35,69,240,0
4,35,69,241,0
4,35,70,0,2
4,35,70,1,8
4,35,70,2,668
4,35,70,3,10408
4,35,70,4,173246
4,35,70,5,2836496
4,35,70,6,39293080
4,35,70,7,528761584
4,35,70,8,6589309214
4,35,70,9,77627099728
4,35,70,10,867377649342
4,35,70,11,9210560478594
4,35,70,12,93311461507508
4,35,70,13,903496802961142
4,35,70,14,8377597537254098
4,35,70,15,74497741705970568
4,35,70,16,636082310675007568
4,35,70,17,5219666600558516281
4,35,70,18,41195481927830105135
4,35,70,19,312877522190546707180
4,35,70,20,2287635486771996692787
4,35,70,21,16106239465162033996289
4,35,70,22,109206037000836283995883
4,35,70,23,713087224228579980122585
4,35,70,24,4483659313748979946063074
4,35,70,25,27140786827890294515741861
4,35,70,26,158116272440049449711855993
4,35,70,27,886177222784038460149030724
4,35,70,28,4775772830051697929483416503
4,35,70,29,24734373017274711540172002295
4,35,70,30,123031304032975570258604474395
4,35,70,31,587329210397643717965837116812
4,35,70,32,2688842604701933935224744156299
4,35,70,33,11795291414442561775444390761471
4,35,70,34,49537126169748627712301703205411
4,35,70,35,198990019289478928251012926266038
4,35,70,36,763822650389557757138513730991498
4,35,70,37,2798869474608205512468448403574141
4,35,70,38,9780441918600487110027804421320047
4,35,70,39,32558830364628932985930391692781692
4,35,70,40,103147259880293245284961524775598966
4,35,70,41,310647805849113409147444837725539371
4,35,70,42,888477976747371848006850344210262361
4,35,70,43,2410716639681790507893261451945907608
4,35,70,44,6199147616804418122511010986745390727
4,35,70,45,15093364320146944377322599574282032615
4,35,70,46,34762601663443398139966703435144411075
4,35,70,47,75673143394152033866148297972925737054
4,35,70,48,155574486670862966675181075456734193180
4,35,70,49,301858800756566628671986130001539437800
4,35,70,50,552437109993167342591518961244632259288
4,35,70,51,953163420579113034295501043492021356652
4,35,70,52,1549887944155253918098335297812986073017
4,35,70,53,2374531832856051244560354684831081092996
4,35,70,54,3427295754303002478322512377395691845476
4,35,70,55,4660439705092753067673851022189286199865
4,35,70,56,5971218330478143815233931553313493563247
4,35,70,57,7210560730401873387950810344984275084323
4,35,70,58,8209193351819939760787147601768643280671
4,35,70,59,8815630031580939793649084471630279962274
4,35,70,60,8934254944148537304232833967799335041920
4,35,70,61,8550157541214276582935431378376563653843
4,35,70,62,7731797982693408872948470012754425575113
4,35,70,63,6611068594577596513772910873624628302555
4,35,70,64,5348717844841451260797269196169608481126
4,35,70,65,4097496428493168697888791115470903657077
4,35,70,66,2974260185632522342986701554392432929405
4,35,70,67,2047026175456439612937320870054143701730
4,35,70,68,1336695803323347318892250241189019960529
4,35,70,69,828651985783541395982338602971699400292
4,35,70,70,487966914443251784169393883172647058362
4,35,70,71,273096555027125451763488056578147320029
4,35,70,72,145331072382081747841708954383343145144
4,35,70,73,73570743610774952725002555859939693672
4,35,70,74,35442431307453787847464452397425462308
4,35,70,75,16254016210963804724134410619792019232
4,35,70,76,7098142547064355649317329024354082983
4,35,70,77,2952473588660154195136475157751504527
4,35,70,78,1169982559335130203968901960840887825
4,35,70,79,441780273368250554655414571333062594
4,35,70,80,158978275303044649511028279230320139
4,35,70,81,54530223227788890353372959157399632
4,35,70,82,17830527164480238807662710744672622
4,35,70,83,5558751561365365874764763763190184
4,35,70,84,1652487502501059538057419721615386
4,35,70,85,468505709702916864923736256993063
4,35,70,86,126702336674153449553565059825317
4,35,70,87,32691614357900245457634542448616
4,35,70,88,8049565236305872415644852478139
4,35,70,89,1891947208611064059085269201588
4,35,70,90,424595773114113816710433532058
4,35,70,91,91015087132562567259818156516
4,35,70,92,18641104102730377638218966528
4,35,70,93,3649254709681856767181274332
4,35,70,94,683068332959833762715692436
4,35,70,95,122292090625477930538866918
4,35,70,96,20947934182474521299634811
4,35,70,97,3434061828390700647341838
4,35,70,98,538876094553860793836164
4,35,70,99,80954455091439831302444
4,35,70,100,11643419873724598926476
4,35,70,101,1603160087835322212361
4,35,70,102,211271378854265406499
4,35,70,103,26638768062996345218
4,35,70,104,3211867175624524360
4,35,70,105,370024814763748769
4,35,70,106,40688392683064221
4,35,70,107,4264419402030930
4,35,70,108,425191011282508
4,35,70,109,40230287726120
4,35,70,110,3599422543802
4,35,70,111,302926485374
4,35,70,112,23757121641
4,35,70,113,1716297767
4,35,70,114,111246575
4,35,70,115,6269416
4,35,70,116,299276
4,35,70,117,9824
4,35,70,118,252
4,35,70,119,0
4,35,70,120,0
4,35,70,121,0
4,35,70,122,0
4,35,70,123,0
4,35,70,124,0
4,35,70,125,0
4,35,70,126,0
4,35,70,127,0
4,35,70,128,0
4,35,70,129,0
4,35,70,130,0
4,35,70,131,0
4,35,70,132,0
4,35,70,133,0
4,35,70,134,0
4,35,70,135,0
4,35,70,136,0
4,35,70,137,0
4,35,70,138,0
4,35,70,139,0
4,35,70,140,0
4,35,70,141,0
4,35,70,142,0
4,35,70,143,0
4,35,70,144,0
4,35,70,145,0
4,35,70,146,0
4,35,70,147,0
4,35,70,148,0
4,35,70,149,0
4,35,70,150,0
4,35,70,151,0
4,35,70,152,0
4,35,70,153,0
4,35,70,154,0
4,35,70,155,0
4,35,70,156,0
4,35,70,157,0
4,35,70,158,0
4,35,70,159,0
4,35,70,160,0
4,35,70,161,0
4,35,70,162,0
4,35,70,163,0
4,35,70,164,0
4,35,70,165,0
4,35,70,166,0
4,35,70,167,0
4,35,70,168,0
4,35,70,169,0
4,35,70,170,0
4,35,70,171,0
4,35,70,172,0
4,35,70,173,0
4,35,70,174,0
4,35,70,175,0
4,35,70,176,0
4,35,70,177,0
4,35,70,178,0
4,35,70,179,0
4,35,70,180,0
4,35,70,181,0
4,35,70,182,0
4,35,70,183,0
4,35,70,184,0
4,35,70,185,0
4,35,70,186,0
4,35,70,187,0
4,35,70,188,0
4,35,70,189,0
4,35,70,190,0
4,35,70,191,0
4,35,70,192,0
4,35,70,193,0
4,35,70,194,0
4,35,70,195,0
4,35,70,196,0
4,35,70,197,0
4,35,70,198,0
4,35,70,199,0
4,35,70,200,0
4,35,70,201,0
4,35,70,202,0
4,35,70,203,0
4,35,70,204,0
4,35,70,205,0
4,35,70,206,0
4,35,70,207,0
4,35,70,208,0
4,35,70,209,0
4,35,70,210,0
4,35,70,211,0
4,35,70,212,0
4,35,70,213,0
4,35,70,214,0
4,35,70,215,0
4,35,70,216,0
4,35,70,217,0
4,35,70,218,0
4,35,70,219,0
4,35,70,220,0
4,35,70,221,0
4,35,70,222,0
4,35,70,223,0
4,35,70,224,0
4,35,70,225,0
4,35,70,226,0
4,35,70,227,0
4,35,70,228,0
4,35,70,229,0
4,35,70,230,0
4,35,70,231,0
4,35,70,232,0
4,35,70,233,0
4,35,70,234,0
4,35,70,235,0
4,35,70,236,0
4,35,70,237,0
4,35,70,238,0
4,35,70,239,0
4,35,70,240,0
4,35,70,241,0
4,35,71,0,0
4,35,71,1,0
4,35,71,2,4
4,35,71,3,86
4,35,71,4,1452
4,35,71,5,32386
4,35,71,6,481746
4,35,71,7,7370118
4,35,71,8,101513964
4,35,71,9,1304546612
4,35,71,10,15856876332
4,35,71,11,181696386462
4,35,71,12,1979272264474
4,35,71,13,20530549357318
4,35,71,14,203377518482818
4,35,71,15,1927980672287656
4,35,71,16,17518849644711304
4,35,71,17,152794834265918524
4,35,71,18,1280481438212485268
4,35,71,19,10319755490354606284
4,35,71,20,80034820064320209056
4,35,71,21,597598726515161425526
4,35,71,22,4297369201366832917224
4,35,71,23,29767296605791245188206
4,35,71,24,198630982207853552075838
4,35,71,25,1276740751127865251144448
4,35,71,26,7903832237830386276998320
4,35,71,27,47112929485462641316350194
4,35,71,28,270307334249781663932935282
4,35,71,29,1492110782804533993970037952
4,35,71,30,7920354465007430505727186140
4,35,71,31,40404533442447269922298506342
4,35,71,32,197955765091861140916993939038
4,35,71,33,930766423300221996885500107334
4,35,71,34,4196654640340839281659917971312
4,35,71,35,18129554725146274361506308431070
4,35,71,36,74972549680170567455732510086060
4,35,71,37,296510155729394852168301278361664
4,35,71,38,1120401692000891446593733286403440
4,35,71,39,4040790457531279030341731607440390
4,35,71,40,13895323634625638655384537363696424
4,35,71,41,45511938314193427109820467394558154
4,35,71,42,141833118452934208080869218708529936
4,35,71,43,420114372569958019805294564253992926
4,35,71,44,1181521496289963295634469159184916102
4,35,71,45,3151778622445724192675457349673019066
4,35,71,46,7966718488214532044869006839095840736
4,35,71,47,19063452806855820505816896435083526546
4,35,71,48,43145431781545252772089116861669978326
4,35,71,49,92282989172934577434063832919041284246
4,35,71,50,186397214391031100884982476852692269568
4,35,71,51,355308470082095329720115166953044713508
4,35,71,52,638825673636780509467176289814002109006
4,35,71,53,1082881675197885097535012447537773703034
4,35,71,54,1730074255107090161440508559315825641724
4,35,71,55,2604659385404518146562657917882060618480
4,35,71,56,3694977342701328119527824467637937367658
4,35,71,57,4939393208597531367669075102995045075210
4,35,71,58,6223214083452311747635792304340381309296
4,35,71,59,7392001631266989035887661166306335221926
4,35,71,60,8281064989921675070445584948549069157180
4,35,71,61,8753786248536048860233383979904641466288
4,35,71,62,8736386265910843421962787899736754013568
4,35,71,63,8236816925148152999223953049209159226278
4,35,71,64,7341121713100876021667956080867847714818
4,35,71,65,6189222761539454215412264218395568048398
4,35,71,66,4939477355456987333938697541719474772020
4,35,71,67,3734196428061242167668790459978366497000
4,35,71,68,2675957441458995817093735589934963528976
4,35,71,69,1818913081450410263006460132149111327426
4,35,71,70,1173456101306661832754258120375622698618
4,35,71,71,718950763101692771145262868722220766294
4,35,71,72,418548443030341649609439227838486818934
4,35,71,73,231645361657574814765366249218336668480
4,35,71,74,121935185844787939508121756824983454750
4,35,71,75,61071308065181749069808191965320684268
4,35,71,76,29114038359499591728095640075977556960
4,35,71,77,13214747325546189965905621634042465394
4,35,71,78,5712439350252445030429877886694246630
4,35,71,79,2352276879038846555479610837133350482
4,35,71,80,922872822323885871520138518434161070
4,35,71,81,345025764847254707128799885114639796
4,35,71,82,122935468015679462826871982108719234
4,35,71,83,41751483432015070135117108089698298
4,35,71,84,13517160859198425302058295786018302
4,35,71,85,4172229276556261725812550729041782
4,35,71,86,1227932003015662180609711645703744
4,35,71,87,344640169594501913760882159103510
4,35,71,88,92260447751688295543001380569324
4,35,71,89,23561835920225998758058621932658
4,35,71,90,5741787901582616797257036471868
4,35,71,91,1335504407528644359266623359476
4,35,71,92,296574450421382804448574551286
4,35,71,93,62900582188912112674170289450
4,35,71,94,12745569577398560664145524880
4,35,71,95,2468328485024035422865895364
4,35,71,96,457025277226910664723685546
4,35,71,97,80931653840301606816591830
4,35,71,98,13711070924888222513513262
4,35,71,99,2222862747455658393506770
4,35,71,100,344928001281189717169354
4,35,71,101,51235429533184367512196
4,35,71,102,7285302740524648889318
4,35,71,103,991558404199236601428
4,35,71,104,129145705367542557062
4,35,71,105,16090064869109831038
4,35,71,106,1916416813090496802
4,35,71,107,218026147963712820
4,35,71,108,23665434963205444
4,35,71,109,2447051382018586
4,35,71,110,240555974151292
4,35,71,111,22421290104956
4,35,71,112,1973256422664
4,35,71,113,163051771422
4,35,71,114,12516806814
4,35,71,115,878631290
4,35,71,116,55294176
4,35,71,117,2959374
4,35,71,118,132048
4,35,71,119,4116
4,35,71,120,72
4,35,71,121,0
4,35,71,122,0
4,35,71,123,0
4,35,71,124,0
4,35,71,125,0
4,35,71,126,0
4,35,71,127,0
4,35,71,128,0
4,35,71,129,0
4,35,71,130,0
4,35,71,131,0
4,35,71,132,0
4,35,71,133,0
4,35,71,134,0
4,35,71,135,0
4,35,71,136,0
4,35,71,137,0
4,35,71,138,0
4,35,71,139,0
4,35,71,140,0
4,35,71,141,0
4,35,71,142,0
4,35,71,143,0
4,35,71,144,0
4,35,71,145,0
4,35,71,146,0
4,35,71,147,0
4,35,71,148,0
4,35,71,149,0
4,35,71,150,0
4,35,71,151,0
4,35,71,152,0
4,35,71,153,0
4,35,71,154,0
4,35,71,155,0
4,35,71,156,0
4,35,71,157,0
4,35,71,158,0
4,35,71,159,0
4,35,71,160,0
4,35,71,161,0
4,35,71,162,0
4,35,71,163,0
4,35,71,164,0
4,35,71,165,0
4,35,71,166,0
4,35,71,167,0
4,35,71,168,0
4,35,71,169,0
4,35,71,170,0
4,35,71,171,0
4,35,71,172,0
4,35,71,173,0
4,35,71,174,0
4,35,71,175,0
4,35,71,176,0
4,35,71,177,0
4,35,71,178,0
4,35,71,179,0
4,35,71,180,0
4,35,71,181,0
4,35,71,182,0
4,35,71,183,0
4,35,71,184,0
4,35,71,185,0
4,35,71,186,0
4,35,71,187,0
4,35,71,188,0
4,35,71,189,0
4,35,71,190,0
4,35,71,191,0
4,35,71,192,0
4,35,71,193,0
4,35,71,194,0
4,35,71,195,0
4,35,71,196,0
4,35,71,197,0
4,35,71,198,0
4,35,71,199,0
4,35,71,200,0
4,35,71,201,0
4,35,71,202,0
4,35,71,203,0
4,35,71,204,0
4,35,71,205,0
4,35,71,206,0
4,35,71,207,0
4,35,71,208,0
4,35,71,209,0
4,35,71,210,0
4,35,71,211,0
4,35,71,212,0
4,35,71,213,0
4,35,71,214,0
4,35,71,215,0
4,35,71,216,0
4,35,71,217,0
4,35,71,218,0
4,35,71,219,0
4,35,71,220,0
4,35,71,221,0
4,35,71,222,0
4,35,71,223,0
4,35,71,224,0
4,35,71,225,0
4,35,71,226,0
4,35,71,227,0
4,35,71,228,0
4,35,71,229,0
4,35,71,230,0
4,35,71,231,0
4,35,71,232,0
4,35,71,233,0
4,35,71,234,0
4,35,71,235,0
4,35,71,236,0
4,35,71,237,0
4,35,71,238,0
4,35,71,239,0
4,35,71,240,0
4,35,71,241,0
4,35,72,0,0
4,35,72,1,0
4,35,72,2,0
4,35,72,3,0
4,35,72,4,2
4,35,72,5,148
4,35,72,6,2666
4,35,72,7,52474
4,35,72,8,894764
4,35,72,9,13200194
4,35,72,10,184497578
4,35,72,11,2369920704
4,35,72,12,28660713552
4,35,72,13,327013798694
4,35,72,14,3537326428182
4,35,72,15,36420288933986
4,35,72,16,357818031554254
4,35,72,17,3362522819641504
4,35,72,18,30276757379722802
4,35,72,19,261590499778522734
4,35,72,20,2171181674258249764
4,35,72,21,17326795261493269548
4,35,72,22,133040477865983780376
4,35,72,23,983351512362856998823
4,35,72,24,6999060474810825015276
4,35,72,25,47980073070005416226957
4,35,72,26,316811060976885190897302
4,35,72,27,2014813096848021705519685
4,35,72,28,12339387791584797167771740
4,35,72,29,72754925169404375103557191
4,35,72,30,412843734810520688316079206
4,35,72,31,2253563504381245593540258109
4,35,72,32,11827287707149728357681133314
4,35,72,33,59644273737298338488053860475
4,35,72,34,288819419990300933484577847074
4,35,72,35,1341946054668212546289426174619
4,35,72,36,5977854181417089731852451212286
4,35,72,37,25508434488002719232537608822688
4,35,72,38,104173162278020008859034228359296
4,35,72,39,406769333418808076560375141410256
4,35,72,40,1517162063180935703531149130599902
4,35,72,41,5399650831357299138488520120732661
4,35,72,42,18318862962156038998076131617823645
4,35,72,43,59179850400640526970835601806655973
4,35,72,44,181858253123473243157656908515992154
4,35,72,45,531030156407176224554855846371837219
4,35,72,46,1471911904041626518651676369880546744
4,35,72,47,3868843855032975768392378213100524467
4,35,72,48,9633705666629233176764326577766436608
4,35,72,49,22704674096584804229527628377863600661
4,35,72,50,50602279797234201699176654717974665253
4,35,72,51,106564521213608662110292477840688302579
4,35,72,52,211901837270732249208766721378707613218
4,35,72,53,397621718477154674072584281140881171708
4,35,72,54,703718555493612782314709549284872945355
4,35,72,55,1174226527193543344247040655940149482527
4,35,72,56,1846767211753074961445579838967848972494
4,35,72,57,2737270324122270351591647598280629332753
4,35,72,58,3823499322269543060896429456008336890960
4,35,72,59,5033708290123404970815917798722078031477
4,35,72,60,6247343015469985282329497933842880507996
4,35,72,61,7311831879255813230808195759057588100297
4,35,72,62,8073565657786403564089355104448831739783
4,35,72,63,8414595928015357467932016286568406178328
4,35,72,64,8282838991315027249328067154176084612742
4,35,72,65,7705038430297153969048016878645325698525
4,35,72,66,6778085095285590385268600414431134816947
4,35,72,67,5642502037467035049341980388776847140381
4,35,72,68,4448029588417141213598380076102591623368
4,35,72,69,3322698907998272822104119171527992446911
4,35,72,70,2353588215287311450716134097934256360493
4,35,72,71,1581843644453635167009582546172462920265
4,35,72,72,1009375903747284547861170869376745612868
4,35,72,73,611848728273202055132629330776303330997
4,35,72,74,352503293670623170674393847921729792765
4,35,72,75,193115005798778489953683504251178234974
4,35,72,76,100643818799490956705539711608349285858
4,35,72,77,49915975938847580730541778542161707595
4,35,72,78,23567606677714342603791939723847601455
4,35,72,79,10595872132326759436142800743267004231
4,35,72,80,4537390654755403527490984644004517194
4,35,72,81,1851013597442189334845190180230924239
4,35,72,82,719478395179497652535825904864119584
4,35,72,83,266494942131521566800866742168291400
4,35,72,84,94074568422962935736242352332658524
4,35,72,85,31652683343573298812502782049652839
4,35,72,86,10151833796493334493544593328102890
4,35,72,87,3103960815225821748613495008125636
4,35,72,88,904842762608660887645222442774360
4,35,72,89,251519395862822724161436593634063
4,35,72,90,66677571881116185702843076432904
4,35,72,91,16860912907653465977256598298778
4,35,72,92,4067940976538423958001828801772
4,35,72,93,936647450853394945194232688668
4,35,72,94,205881232849618406913226686395
4,35,72,95,43215603844800019427066831903
4,35,72,96,8665646883303122651976741610
4,35,72,97,1660564111821500490489376238
4,35,72,98,304201099712170974517502399
4,35,72,99,53292331125058447474655128
4,35,72,100,8931020671816830295868168
4,35,72,101,1432127753969656844999781
4,35,72,102,219780663870211132954759
4,35,72,103,32282734916074124788867
4,35,72,104,4538637990388244997376
4,35,72,105,610664529812105188480
4,35,72,106,78611366222493052208
4,35,72,107,9677891464758037273
4,35,72,108,1138686421351496448
4,35,72,109,127925668100064416
4,35,72,110,13705762595683739
4,35,72,111,1398077489868528
4,35,72,112,135480940855780
4,35,72,113,12435498723988
4,35,72,114,1076286055649
4,35,72,115,87215401219
4,35,72,116,6546806442
4,35,72,117,446590917
4,35,72,118,27055759
4,35,72,119,1381574
4,35,72,120,57362
4,35,72,121,1615
4,35,72,122,18
4,35,72,123,0
4,35,72,124,0
4,35,72,125,0
4,35,72,126,0
4,35,72,127,0
4,35,72,128,0
4,35,72,129,0
4,35,72,130,0
4,35,72,131,0
4,35,72,132,0
4,35,72,133,0
4,35,72,134,0
4,35,72,135,0
4,35,72,136,0
4,35,72,137,0
4,35,72,138,0
4,35,72,139,0
4,35,72,140,0
4,35,72,141,0
4,35,72,142,0
4,35,72,143,0
4,35,72,144,0
4,35,72,145,0
4,35,72,146,0
4,35,72,147,0
4,35,72,148,0
4,35,72,149,0
4,35,72,150,0
4,35,72,151,0
4,35,72,152,0
4,35,72,153,0
4,35,72,154,0
4,35,72,155,0
4,35,72,156,0
4,35,72,157,0
4,35,72,158,0
4,35,72,159,0
4,35,72,160,0
4,35,72,161,0
4,35,72,162,0
4,35,72,163,0
4,35,72,164,0
4,35,72,165,0
4,35,72,166,0
4,35,72,167,0
4,35,72,168,0
4,35,72,169,0
4,35,72,170,0
4,35,72,171,0
4,35,72,172,0
4,35,72,173,0
4,35,72,174,0
4,35,72,175,0
4,35,72,176,0
4,35,72,177,0
4,35,72,178,0
4,35,72,179,0
4,35,72,180,0
4,35,72,181,0
4,35,72,182,0
4,35,72,183,0
4,35,72,184,0
4,35,72,185,0
4,35,72,186,0
4,35,72,187,0
4,35,72,188,0
4,35,72,189,0
4,35,72,190,0
4,35,72,191,0
4,35,72,192,0
4,35,72,193,0
4,35,72,194,0
4,35,72,195,0
4,35,72,196,0
4,35,72,197,0
4,35,72,198,0
4,35,72,199,0
4,35,72,200,0
4,35,72,201,0
4,35,72,202,0
4,35,72,203,0
4,35,72,204,0
4,35,72,205,0
4,35,72,206,0
4,35,72,207,0
4,35,72,208,0
4,35,72,209,0
4,35,72,210,0
4,35,72,211,0
4,35,72,212,0
4,35,72,213,0
4,35,72,214,0
4,35,72,215,0
4,35,72,216,0
4,35,72,217,0
4,35,72,218,0
4,35,72,219,0
4,35,72,220,0
4,35,72,221,0
4,35,72,222,0
4,35,72,223,0
4,35,72,224,0
4,35,72,225,0
4,35,72,226,0
4,35,72,227,0
4,35,72,228,0
4,35,72,229,0
4,35,72,230,0
4,35,72,231,0
4,35,72,232,0
4,35,72,233,0
4,35,72,234,0
4,35,72,235,0
4,35,72,236,0
4,35,72,237,0
4,35,72,238,0
4,35,72,239,0
4,35,72,240,0
4,35,72,241,0
4,35,73,0,0
4,35,73,1,0
4,35,73,2,0
4,35,73,3,0
4,35,73,4,0
4,35,73,5,0
4,35,73,6,0
4,35,73,7,70
4,35,73,8,2928
4,35,73,9,56502
4,35,73,10,1067678
4,35,73,11,16913920
4,35,73,12,243087276
4,35,73,13,3224553504
4,35,73,14,39718095196
4,35,73,15,459753486294
4,35,73,16,5023646668346
4,35,73,17,52080090752302
4,35,73,18,513988861795140
4,35,73,19,4842378280652322
4,35,73,20,43644593327379572
4,35,73,21,376971010638631076
4,35,73,22,3124491510843975326
4,35,73,23,24877234126096425154
4,35,73,24,190426620542122060402
4,35,73,25,1402220083909846741436
4,35,73,26,9936856344032530247004
4,35,73,27,67785704885799010682200
4,35,73,28,445177876154712550364190
4,35,73,29,2814683509294656759138508
4,35,73,30,17130470607468568304984882
4,35,73,31,100334210079356885212843012
4,35,73,32,565355569780664619082512486
4,35,73,33,3063372271793885595287921950
4,35,73,34,15953589306314929124511505892
4,35,73,35,79806412765721947118120096718
4,35,73,36,383217984859839563516694882042
4,35,73,37,1765066019374146351723817293812
4,35,73,38,7791735410468671636013675222820
4,35,73,39,32937635877132546347311268645824
4,35,73,40,133211242741721072480945120206776
4,35,73,41,514951319098249325778601723035272
4,35,73,42,1900812950842721232806970489889126
4,35,73,43,6692976557802191521010989662164884
4,35,73,44,22457216992065226955557946170400350
4,35,73,45,71728897093745546073253327200145542
4,35,73,46,217860075930231388954499906948741124
4,35,73,47,628569273519501250974356890996704266
4,35,73,48,1720976293969588576401372108104924096
4,35,73,49,4466932926036488342133329097399994430
4,35,73,50,10980970152099839722790094166977176898
4,35,73,51,25543200758349664671594393447163316912
4,35,73,52,56175624128388632146758830917853410278
4,35,73,53,116714986009568542768428756949255515526
4,35,73,54,228938240521533643305673166791691861604
4,35,73,55,423714710765330640948252286415029966472
4,35,73,56,739589220160022826143103503541377778432
4,35,73,57,1217079775585916511213915178055371032818
4,35,73,58,1887826872126159977212368301388262126862
4,35,73,59,2759800928856624860016704423124005104692
4,35,73,60,3802576149569605389690767104052250449260
4,35,73,61,4938865585980372815750048706797279528610
4,35,73,62,6048384924043330586087259380786860577092
4,35,73,63,6986717247720879547542086039989725947990
4,35,73,64,7615989828435608375380037215610931989134
4,35,73,65,7838445993407143155963871657289667385040
4,35,73,66,7621516349564287938618201324644867687908
4,35,73,67,7005474024032642382138960580094545383664
4,35,73,68,6091274401886855841261094667893701470142
4,35,73,69,5013598472601265227363174579988599317682
4,35,73,70,3908936172008816848367621355366395304944
4,35,73,71,2888867288446859249111533906042101873552
4,35,73,72,2025069187880649924250960964488863646356
4,35,73,73,1347304771995415312619978075239294751736
4,35,73,74,851255812383691216651991901926407098772
4,35,73,75,511044690316157498808997265190108451944
4,35,73,76,291661105082125798022611579120763630940
4,35,73,77,158312128513016795283791939195102772722
4,35,73,78,81759722677056543650762032636832259074
4,35,73,79,40188887930129279715724641208710424166
4,35,73,80,18808080814443468703616930563405014242
4,35,73,81,8382337233541649040103755172070625206
4,35,73,82,3558436745521287128929804566493097992
4,35,73,83,1439133556711101457389815056050660538
4,35,73,84,554562078979402507549832091096383090
4,35,73,85,203635704360740396689819256240654348
4,35,73,86,71260846511184455626209214441848528
4,35,73,87,23767011833651713653836091801130704
4,35,73,88,7555383039591104073665746624598346
4,35,73,89,2289448664824356939354894124083306
4,35,73,90,661360954208600672219115508214488
4,35,73,91,182150506923726725541921156309868
4,35,73,92,47837775438764377160282242011186
4,35,73,93,11982323399732356766808032273934
4,35,73,94,2863115810656537838533601737530
4,35,73,95,652800958730397044415183073670
4,35,73,96,142069014022563159557255912232
4,35,73,97,29521686994589130229845241042
4,35,73,98,5859523860722581120261418128
4,35,73,99,1111279358345604152015215500
4,35,73,100,201457020028093761345833472
4,35,73,101,34921228101109753715906560
4,35,73,102,5789996623976103030587906
4,35,73,103,918457789857868556969672
4,35,73,104,139415673344178355744626
4,35,73,105,20252378844102116986564
4,35,73,106,2815436538951016090286
4,35,73,107,374504681757578405568
4,35,73,108,47651842136687816748
4,35,73,109,5796976305526228020
4,35,73,110,673772506726600678
4,35,73,111,74745748335521442
4,35,73,112,7903888231291712
4,35,73,113,795262197993162
4,35,73,114,75956085057262
4,35,73,115,6863433310236
4,35,73,116,583806040784
4,35,73,117,46374272694
4,35,73,118,3397868766
4,35,73,119,224583510
4,35,73,120,13124416
4,35,73,121,633764
4,35,73,122,23722
4,35,73,123,680
4,35,73,124,0
4,35,73,125,0
4,35,73,126,0
4,35,73,127,0
4,35,73,128,0
4,35,73,129,0
4,35,73,130,0
4,35,73,131,0
4,35,73,132,0
4,35,73,133,0
4,35,73,134,0
4,35,73,135,0
4,35,73,136,0
4,35,73,137,0
4,35,73,138,0
4,35,73,139,0
4,35,73,140,0
4,35,73,141,0
4,35,73,142,0
4,35,73,143,0
4,35,73,144,0
4,35,73,145,0
4,35,73,146,0
4,35,73,147,0
4,35,73,148,0
4,35,73,149,0
4,35,73,150,0
4,35,73,151,0
4,35,73,152,0
4,35,73,153,0
4,35,73,154,0
4,35,73,155,0
4,35,73,156,0
4,35,73,157,0
4,35,73,158,0
4,35,73,159,0
4,35,73,160,0
4,35,73,161,0
4,35,73,162,0
4,35,73,163,0
4,35,73,164,0
4,35,73,165,0
4,35,73,166,0
4,35,73,167,0
4,35,73,168,0
4,35,73,169,0
4,35,73,170,0
4,35,73,171,0
4,35,73,172,0
4,35,73,173,0
4,35,73,174,0
4,35,73,175,0
4,35,73,176,0
4,35,73,177,0
4,35,73,178,0
4,35,73,179,0
4,35,73,180,0
4,35,73,181,0
4,35,73,182,0
4,35,73,183,0
4,35,73,184,0
4,35,73,185,0
4,35,73,186,0
4,35,73,187,0
4,35,73,188,0
4,35,73,189,0
4,35,73,190,0
4,35,73,191,0
4,35,73,192,0
4,35,73,193,0
4,35,73,194,0
4,35,73,195,0
4,35,73,196,0
4,35,73,197,0
4,35,73,198,0
4,35,73,199,0
4,35,73,200,0
4,35,73,201,0
4,35,73,202,0
4,35,73,203,0
4,35,73,204,0
4,35,73,205,0
4,35,73,206,0
4,35,73,207,0
4,35,73,208,0
4,35,73,209,0
4,35,73,210,0
4,35,73,211,0
4,35,73,212,0
4,35,73,213,0
4,35,73,214,0
4,35,73,215,0
4,35,73,216,0
4,35,73,217,0
4,35,73,218,0
4,35,73,219,0
4,35,73,220,0
4,35,73,221,0
4,35,73,222,0
4,35,73,223,0
4,35,73,224,0
4,35,73,225,0
4,35,73,226,0
4,35,73,227,0
4,35,73,228,0
4,35,73,229,0
4,35,73,230,0
4,35,73,231,0
4,35,73,232,0
4,35,73,233,0
4,35,73,234,0
4,35,73,235,0
4,35,73,236,0
4,35,73,237,0
4,35,73,238,0
4,35,73,239,0
4,35,73,240,0
4,35,73,241,0
4,35,74,0,0
4,35,74,1,0
4,35,74,2,0
4,35,74,3,0
4,35,74,4,0
4,35,74,5,0
4,35,74,6,0
4,35,74,7,0
4,35,74,8,0
4,35,74,9,0
4,35,74,10,1190
4,35,74,11,40298
4,35,74,12,834208
4,35,74,13,15150082
4,35,74,14,234852104
4,35,74,15,3297765288
4,35,74,16,42469564118
4,35,74,17,508333997542
4,35,74,18,5705411446642
4,35,74,19,60411613306850
4,35,74,20,606389876512978
4,35,74,21,5790631880754526
4,35,74,22,52755422518309368
4,35,74,23,459542741621265010
4,35,74,24,3833984580072732490
4,35,74,25,30677826627158613046
4,35,74,26,235667297132611859077
4,35,74,27,1739459720218045955821
4,35,74,28,12342844070042715525346
4,35,74,29,84229847594165079670348
4,35,74,30,552916227215808216542867
4,35,74,31,3491598556653625075555555
4,35,74,32,21209617033152653065962368
4,35,74,33,123909564827535156015116699
4,35,74,34,696005503263874011299846819
4,35,74,35,3757378410283375721366922173
4,35,74,36,19485422775134488274048652735
4,35,74,37,97014880762015279695320036778
4,35,74,38,463433315861873869184223747051
4,35,74,39,2122472007721219881996310236935
4,35,74,40,9312356277463746398442543252137
4,35,74,41,39108554549470762620702266675351
4,35,74,42,157068057659973338378437444846143
4,35,74,43,602695759307223417886304358710083
4,35,74,44,2207379394012750455273858185693050
4,35,74,45,7708796068145714519165847509149046
4,35,74,46,25643682660167548833169289981721555
4,35,74,47,81172206270182171886197059055059555
4,35,74,48,244239416742684544888709608867939383
4,35,74,49,697843166618478791116283274149939329
4,35,74,50,1891447977995230793501244968932349229
4,35,74,51,4858473763719374632816843723038672779
4,35,74,52,11815916089391955258971176175364927509
4,35,74,53,27184064190167968876604644261750422828
4,35,74,54,59113664193368832589741303763830579731
4,35,74,55,121414352546144526986548716299532088997
4,35,74,56,235387427399734504261503457717087740587
4,35,74,57,430521668396145920274363615411280706196
4,35,74,58,742543221224116257253213834737593077664
4,35,74,59,1207346652765827992260297665957023196734
4,35,74,60,1850326255605428031807683822500608621064
4,35,74,61,2672685627212994568129285889287642583011
4,35,74,62,3638828363037123517010284718114203311958
4,35,74,63,4670589639544480246828455561375674100104
4,35,74,64,5653382761482691405040711920546517776383
4,35,74,65,6455718988001984238607965859481820718747
4,35,74,66,6958097873386714674694784910067606683407
4,35,74,67,7082506254925972778245527055229898936953
4,35,74,68,6812376721496908222766789175813982345994
4,35,74,69,6195943077361891215358586368467009992469
4,35,74,70,5332188963468002512023763290495020737691
4,35,74,71,4344997430274326021156079247215883131443
4,35,74,72,3354706599181558522777991249854963614972
4,35,74,73,2455779542836934208031947394734296578289
4,35,74,74,1705580381256345378004291249184908238339
4,35,74,75,1124519481584737201627472271307781184511
4,35,74,76,704240082680332710803476544759815312463
4,35,74,77,419142078347854619714447555586497189143
4,35,74,78,237189587669501630983616458939951855310
4,35,74,79,127675973506269054270398803128210303618
4,35,74,80,65398105913451075555921379873218770937
4,35,74,81,31886347850223057928688423144181099633
4,35,74,82,14802930474107110492228572097989897902
4,35,74,83,6544751584462836174275824206529915302
4,35,74,84,2756268090749526870652964256382318063
4,35,74,85,1105849023705268779723790843809338295
4,35,74,86,422731867591800030780369904133813371
4,35,74,87,153980547488973296137662536510432627
4,35,74,88,53447449487427365060926137021075552
4,35,74,89,17679589260161542626694193241785701
4,35,74,90,5573454961670899603913759558146042
4,35,74,91,1674597761384909629016416962475520
4,35,74,92,479583699758127374529484143967128
4,35,74,93,130927859373839066303643872017909
4,35,74,94,34078024395245869239485449705351
4,35,74,95,8458047057954520827105512672069
4,35,74,96,2002243876258285923302214204252
4,35,74,97,452201636455161794839844038918
4,35,74,98,97465380125176073212067877706
4,35,74,99,20054930273932851729723414780
4,35,74,100,3940977091273828546076606729
4,35,74,101,739881764412707201826932234
4,35,74,102,132757056605335631098728226
4,35,74,103,22774103200048848694821786
4,35,74,104,3736349870398068349012138
4,35,74,105,586388612529013478960686
4,35,74,106,88050421505866386558546
4,35,74,107,12650865709868041241708
4,35,74,108,1739149536723518816495
4,35,74,109,228721338098466915610
4,35,74,110,28766264812941065559
4,35,74,111,3458087914364465811
4,35,74,112,397035208059664128
4,35,74,113,43491026038714880
4,35,74,114,4538639508524431
4,35,74,115,450379347965937
4,35,74,116,42386231197922
4,35,74,117,3769248337857
4,35,74,118,314939159522
4,35,74,119,24485794806
4,35,74,120,1750308249
4,35,74,121,111992061
4,35,74,122,6225697
4,35,74,123,291693
4,35,74,124,9426
4,35,74,125,238
4,35,74,126,0
4,35,74,127,0
4,35,74,128,0
4,35,74,129,0
4,35,74,130,0
4,35,74,131,0
4,35,74,132,0
4,35,74,133,0
4,35,74,134,0
4,35,74,135,0
4,35,74,136,0
4,35,74,137,0
4,35,74,138,0
4,35,74,139,0
4,35,74,140,0
4,35,74,141,0
4,35,74,142,0
4,35,74,143,0
4,35,74,144,0
4,35,74,145,0
4,35,74,146,0
4,35,74,147,0
4,35,74,148,0
4,35,74,149,0
4,35,74,150,0
4,35,74,151,0
4,35,74,152,0
4,35,74,153,0
4,35,74,154,0
4,35,74,155,0
4,35,74,156,0
4,35,74,157,0
4,35,74,158,0
4,35,74,159,0
4,35,74,160,0
4,35,74,161,0
4,35,74,162,0
4,35,74,163,0
4,35,74,164,0
4,35,74,165,0
4,35,74,166,0
4,35,74,167,0
4,35,74,168,0
4,35,74,169,0
4,35,74,170,0
4,35,74,171,0
4,35,74,172,0
4,35,74,173,0
4,35,74,174,0
4,35,74,175,0
4,35,74,176,0
4,35,74,177,0
4,35,74,178,0
4,35,74,179,0
4,35,74,180,0
4,35,74,181,0
4,35,74,182,0
4,35,74,183,0
4,35,74,184,0
4,35,74,185,0
4,35,74,186,0
4,35,74,187,0
4,35,74,188,0
4,35,74,189,0
4,35,74,190,0
4,35,74,191,0
4,35,74,192,0
4,35,74,193,0
4,35,74,194,0
4,35,74,195,0
4,35,74,196,0
4,35,74,197,0
4,35,74,198,0
4,35,74,199,0
4,35,74,200,0
4,35,74,201,0
4,35,74,202,0
4,35,74,203,0
4,35,74,204,0
4,35,74,205,0
4,35,74,206,0
4,35,74,207,0
4,35,74,208,0
4,35,74,209,0
4,35,74,210,0
4,35,74,211,0
4,35,74,212,0
4,35,74,213,0
4,35,74,214,0
4,35,74,215,0
4,35,74,216,0
4,35,74,217,0
4,35,74,218,0
4,35,74,219,0
4,35,74,220,0
4,35,74,221,0
4,35,74,222,0
4,35,74,223,0
4,35,74,224,0
4,35,74,225,0
4,35,74,226,0
4,35,74,227,0
4,35,74,228,0
4,35,74,229,0
4,35,74,230,0
4,35,74,231,0
4,35,74,232,0
4,35,74,233,0
4,35,74,234,0
4,35,74,235,0
4,35,74,236,0
4,35,74,237,0
4,35,74,238,0
4,35,74,239,0
4,35,74,240,0
4,35,74,241,0
4,35,75,0,0
4,35,75,1,0
4,35,75,2,0
4,35,75,3,0
4,35,75,4,0
4,35,75,5,0
4,35,75,6,0
4,35,75,7,0
4,35,75,8,0
4,35,75,9,0
4,35,75,10,0
4,35,75,11,0
4,35,75,12,0
4,35,75,13,13090
4,35,75,14,420328
4,35,75,15,9117070
4,35,75,16,163242720
4,35,75,17,2516586908
4,35,75,18,34851756052
4,35,75,19,441259809396
4,35,75,20,5179709167530
4,35,75,21,56882337310584
4,35,75,22,588330359842954
4,35,75,23,5759700253902336
4,35,75,24,53574688729295794
4,35,75,25,474871458862341648
4,35,75,26,4020137204292080254
4,35,75,27,32563303311128964638
4,35,75,28,252719787855017894358
4,35,75,29,1881189925004279494402
4,35,75,30,13441591900706252118336
4,35,75,31,92243595905423449730844
4,35,75,32,608200112394826668241250
4,35,75,33,3853577201370058905941612
4,35,75,34,23464172641693157283244728
4,35,75,35,137286245180132858289343712
4,35,75,36,771672057977348512460383874
4,35,75,37,4165595390073404828493804298
4,35,75,38,21585893204075630251714330736
4,35,75,39,107320075514857358907654773172
4,35,75,40,511613703416848387143599276880
4,35,75,41,2336964741685738770497319607438
4,35,75,42,10220664510110497787365739537596
4,35,75,43,42762617819807637703246097569400
4,35,75,44,171011466645945946485239558279412
4,35,75,45,653069682232634907194739018465934
4,35,75,46,2379294819824964190408667158869870
4,35,75,47,8261518491790418952145624908191084
4,35,75,48,27312038790797830662498620455193500
4,35,75,49,85878843623147286778537549656107268
4,35,75,50,256573120774073822978898953802920362
4,35,75,51,727593193913626559654147655827008830
4,35,75,52,1956535105173922003748053404307147182
4,35,75,53,4984158653023518277135221838019456968
4,35,75,54,12017244776005434034579325842983248380
4,35,75,55,27400339297026300334938737354307334822
4,35,75,56,59034402093434188550541140081329693550
4,35,75,57,120101738906015351729638418003335034258
4,35,75,58,230582651844789360437012828391177118090
4,35,75,59,417562663378558892177311301692758149494
4,35,75,60,712966027161555603697332595738119137496
4,35,75,61,1147506993399632241990783708008177786556
4,35,75,62,1740694718407984745363952872298574755426
4,35,75,63,2488665289664183936521570262294593793990
4,35,75,64,3353790364864064642403630723795056351578
4,35,75,65,4261182691612123824921010591706049164384
4,35,75,66,5106164006493947761153287590715481789420
4,35,75,67,5773196614196468849031690014308673321286
4,35,75,68,6161927203505952208188092788654258783934
4,35,75,69,6212200631473616408060726975783809498236
4,35,75,70,5919359615326726089655773372216168085566
4,35,75,71,5334463374173695167708462715660436939268
4,35,75,72,4549756763601511705237105382381278923786
4,35,75,73,3675055625635607304212405862664230820898
4,35,75,74,2813270990762789167338952217532097066012
4,35,75,75,2042286815754420869237478193480847385688
4,35,75,76,1406866692381305160326515472436606291464
4,35,75,77,920191754994122529409408054338642981632
4,35,75,78,571785283561807449842865880265592245944
4,35,75,79,337704514689165935967018315835745206982
4,35,75,80,189665601384983915409467461495460912798
4,35,75,81,101336138922187423184737420707829358008
4,35,75,82,51524983815408734710491052147032533420
4,35,75,83,24939074677156963604681368759008553530
4,35,75,84,11493736241963211558365876037267948754
4,35,75,85,5044862632271873475009180696743339454
4,35,75,86,2109183826338812079585431484910897570
4,35,75,87,840057890179659160988766833422505106
4,35,75,88,318765955500058586474471014530368296
4,35,75,89,115246920798102179885773925147232754
4,35,75,90,39700878851466851575267619273644966
4,35,75,91,13031633061816557323393648185739546
4,35,75,92,4076055306774589937522158920034988
4,35,75,93,1214906354935624903238857512890676
4,35,75,94,345092013246540529479987244380160
4,35,75,95,93423743161835873042727138983714
4,35,75,96,24108344765053474871041739515050
4,35,75,97,5931194559801222030833762495204
4,35,75,98,1391487413615765457142395660636
4,35,75,99,311384623445633841631299131196
4,35,75,100,66486461186763307511185640204
4,35,75,101,13550032641387857031003268134
4,35,75,102,2636828452457851936357198714
4,35,75,103,490145837504124972168734694
4,35,75,104,87063302512201992550040694
4,35,75,105,14783084288513696287193050
4,35,75,106,2400214528892558800310338
4,35,75,107,372733395235908651032936
4,35,75,108,55371058961239333879754
4,35,75,109,7869243845951073990438
4,35,75,110,1069856032817323865388
4,35,75,111,139114773929767002936
4,35,75,112,17294774020012720994
4,35,75,113,2054460979045412780
4,35,75,114,233001960098385382
4,35,75,115,25200062357907536
4,35,75,116,2595090905204334
4,35,75,117,253930504992490
4,35,75,118,23542942376760
4,35,75,119,2059254770040
4,35,75,120,168899747612
4,35,75,121,12848229472
4,35,75,122,892263402
4,35,75,123,55375486
4,35,75,124,2923070
4,35,75,125,128230
4,35,75,126,3910
4,35,75,127,68
4,35,75,128,0
4,35,75,129,0
4,35,75,130,0
4,35,75,131,0
4,35,75,132,0
4,35,75,133,0
4,35,75,134,0
4,35,75,135,0
4,35,75,136,0
4,35,75,137,0
4,35,75,138,0
4,35,75,139,0
4,35,75,140,0
4,35,75,141,0
4,35,75,142,0
4,35,75,143,0
4,35,75,144,0
4,35,75,145,0
4,35,75,146,0
4,35,75,147,0
4,35,75,148,0
4,35,75,149,0
4,35,75,150,0
4,35,75,151,0
4,35,75,152,0
4,35,75,153,0
4,35,75,154,0
4,35,75,155,0
4,35,75,156,0
4,35,75,157,0
4,35,75,158,0
4,35,75,159,0
4,35,75,160,0
4,35,75,161,0
4,35,75,162,0
4,35,75,163,0
4,35,75,164,0
4,35,75,165,0
4,35,75,166,0
4,35,75,167,0
4,35,75,168,0
4,35,75,169,0
4,35,75,170,0
4,35,75,171,0
4,35,75,172,0
4,35,75,173,0
4,35,75,174,0
4,35,75,175,0
4,35,75,176,0
4,35,75,177,0
4,35,75,178,0
4,35,75,179,0
4,35,75,180,0
4,35,75,181,0
4,35,75,182,0
4,35,75,183,0
4,35,75,184,0
4,35,75,185,0
4,35,75,186,0
4,35,75,187,0
4,35,75,188,0
4,35,75,189,0
4,35,75,190,0
4,35,75,191,0
4,35,75,192,0
4,35,75,193,0
4,35,75,194,0
4,35,75,195,0
4,35,75,196,0
4,35,75,197,0
4,35,75,198,0
4,35,75,199,0
4,35,75,200,0
4,35,75,201,0
4,35,75,202,0
4,35,75,203,0
4,35,75,204,0
4,35,75,205,0
4,35,75,206,0
4,35,75,207,0
4,35,75,208,0
4,35,75,209,0
4,35,75,210,0
4,35,75,211,0
4,35,75,212,0
4,35,75,213,0
4,35,75,214,0
4,35,75,215,0
4,35,75,216,0
4,35,75,217,0
4,35,75,218,0
4,35,75,219,0
4,35,75,220,0
4,35,75,221,0
4,35,75,222,0
4,35,75,223,0
4,35,75,224,0
4,35,75,225,0
4,35,75,226,0
4,35,75,227,0
4,35,75,228,0
4,35,75,229,0
4,35,75,230,0
4,35,75,231,0
4,35,75,232,0
4,35,75,233,0
4,35,75,234,0
4,35,75,235,0
4,35,75,236,0
4,35,75,237,0
4,35,75,238,0
4,35,75,239,0
4,35,75,240,0
4,35,75,241,0
4,35,76,0,0
4,35,76,1,0
4,35,76,2,0
4,35,76,3,0
4,35,76,4,0
4,35,76,5,0
4,35,76,6,0
4,35,76,7,0
4,35,76,8,0
4,35,76,9,0
4,35,76,10,0
4,35,76,11,0
4,35,76,12,0
4,35,76,13,0
4,35,76,14,0
4,35,76,15,0
4,35,76,16,104720
4,35,76,17,3453120
4,35,76,18,77594792
4,35,76,19,1396668294
4,35,76,20,21586790662
4,35,76,21,297439153966
4,35,76,22,3732188599272
4,35,76,23,43265360567096
4,35,76,24,467930643130486
4,35,76,25,4755461852611070
4,35,76,26,45653634533211418
4,35,76,27,415702152019600874
4,35,76,28,3601330572869415522
4,35,76,29,29755355351581030040
4,35,76,30,234910567935501184396
4,35,76,31,1774612477193827975120
4,35,76,32,12842388456120434167384
4,35,76,33,89100945381609056664048
4,35,76,34,593008162557036770783063
4,35,76,35,3787372971090764447222972
4,35,76,36,23216297980286797301401767
4,35,76,37,136594854122672885963118806
4,35,76,38,771275038187803437465934414
4,35,76,39,4178393035851867365257735764
4,35,76,40,21710794117877794083551313020
4,35,76,41,108144506670282977725394827424
4,35,76,42,516119682953308721237832005114
4,35,76,43,2358475995768808254326976210031
4,35,76,44,10311750061971997435894793480390
4,35,76,45,43103122915475153037515323846824
4,35,76,46,172103897361343975302734662112160
4,35,76,47,655823459744363857149044217651145
4,35,76,48,2382805586518646681806381479259301
4,35,76,49,8246571404412400838618188586838544
4,35,76,50,27158762750939267181063509322802779
4,35,76,51,85028043987188117523441750168326539
4,35,76,52,252809820482088545643376389784036397
4,35,76,53,713138734623787210868786690085514283
4,35,76,54,1906695212127626743283243599909496464
4,35,76,55,4827362679965857471934044438330810423
4,35,76,56,11563123881519246002999036624595709504
4,35,76,57,26182964867444368189920954047240211050
4,35,76,58,56003463590407253455452323487823157233
4,35,76,59,113077204576317447362197589063659665002
4,35,76,60,215403999697350152924066913176771590539
4,35,76,61,386947946628977118989984315738432405811
4,35,76,62,655275135766271381897998692477002082768
4,35,76,63,1045857825235398106402916742876613972063
4,35,76,64,1573110554071315831896978735543441030328
4,35,76,65,2229961626733330272480589005346548639479
4,35,76,66,2979568502977420291218609644950552891206
4,35,76,67,3753554326494373108582547475447155533263
4,35,76,68,4459905623383947983076214986230577365136
4,35,76,69,5000366448884906359493204073964843365650
4,35,76,70,5293023037375460774860370935943138077301
4,35,76,71,5292859874133199303702036030696983136855
4,35,76,72,5003108704237313926103284490575184419456
4,35,76,73,4473457432938119479274120513276005627229
4,35,76,74,3786148182174861473627675011694694823163
4,35,76,75,3035290289004801197325364472945884700429
4,35,76,76,2306447688357054264874820793460661409485
4,35,76,77,1662304613785004521398634147367707496589
4,35,76,78,1137026788934616810544022328787992247827
4,35,76,79,738544657718414358530624402759161861396
4,35,76,80,455787743406982788604205617324416831418
4,35,76,81,267387608989004580889531379648943183261
4,35,76,82,149177537580714878372301381273998326808
4,35,76,83,79180271426255639658556002046906772134
4,35,76,84,39996933981109257563652156132913182554
4,35,76,85,19233331047132269602700092352161193041
4,35,76,86,8806436871203875464057764256914020432
4,35,76,87,3840102146203374666932208021147760769
4,35,76,88,1594930769600853768586764192740331254
4,35,76,89,631015446607839170755183460911782967
4,35,76,90,237829303331478088000723614682386613
4,35,76,91,85395453822012080330062083564715620
4,35,76,92,29211726503814319491786461788233599
4,35,76,93,9520027316058248369202995605492556
4,35,76,94,2955859640134984359395763715316674
4,35,76,95,874390837222828900914773722909484
4,35,76,96,246447908407020547159846730363107
4,35,76,97,66187874142953047842821498417028
4,35,76,98,16940246809192674963233638172143
4,35,76,99,4132609323933230662524076215270
4,35,76,100,961147697946990454622322028367
4,35,76,101,213175481911781630195976629016
4,35,76,102,45103080701118133100107439390
4,35,76,103,9106550493342385390335741096
4,35,76,104,1755287022422134636689538105
4,35,76,105,323117747686407207151135147
4,35,76,106,56827709605306966537842433
4,35,76,107,9552181216148426318070779
4,35,76,108,1535055709596772526780433
4,35,76,109,235902358807423531029963
4,35,76,110,34673443077957171397226
4,35,76,111,4874632631024357163448
4,35,76,112,655442889543679563129
4,35,76,113,84270772973647106681
4,35,76,114,10355944225443707533
4,35,76,115,1215622099341228647
4,35,76,116,136179423997295223
4,35,76,117,14540885033659090
4,35,76,118,1477465299809550
4,35,76,119,142528824754738
4,35,76,120,13013641351894
4,35,76,121,1119256845717
4,35,76,122,90011233628
4,35,76,123,6691963138
4,35,76,124,451426900
4,35,76,125,26974949
4,35,76,126,1355448
4,35,76,127,55547
4,35,76,128,1520
4,35,76,129,17
4,35,76,130,0
4,35,76,131,0
4,35,76,132,0
4,35,76,133,0
4,35,76,134,0
4,35,76,135,0
4,35,76,136,0
4,35,76,137,0
4,35,76,138,0
4,35,76,139,0
4,35,76,140,0
4,35,76,141,0
4,35,76,142,0
4,35,76,143,0
4,35,76,144,0
4,35,76,145,0
4,35,76,146,0
4,35,76,147,0
4,35,76,148,0
4,35,76,149,0
4,35,76,150,0
4,35,76,151,0
4,35,76,152,0
4,35,76,153,0
4,35,76,154,0
4,35,76,155,0
4,35,76,156,0
4,35,76,157,0
4,35,76,158,0
4,35,76,159,0
4,35,76,160,0
4,35,76,161,0
4,35,76,162,0
4,35,76,163,0
4,35,76,164,0
4,35,76,165,0
4,35,76,166,0
4,35,76,167,0
4,35,76,168,0
4,35,76,169,0
4,35,76,170,0
4,35,76,171,0
4,35,76,172,0
4,35,76,173,0
4,35,76,174,0
4,35,76,175,0
4,35,76,176,0
4,35,76,177,0
4,35,76,178,0
4,35,76,179,0
4,35,76,180,0
4,35,76,181,0
4,35,76,182,0
4,35,76,183,0
4,35,76,184,0
4,35,76,185,0
4,35,76,186,0
4,35,76,187,0
4,35,76,188,0
4,35,76,189,0
4,35,76,190,0
4,35,76,191,0
4,35,76,192,0
4,35,76,193,0
4,35,76,194,0
4,35,76,195,0
4,35,76,196,0
4,35,76,197,0
4,35,76,198,0
4,35,76,199,0
4,35,76,200,0
4,35,76,201,0
4,35,76,202,0
4,35,76,203,0
4,35,76,204,0
4,35,76,205,0
4,35,76,206,0
4,35,76,207,0
4,35,76,208,0
4,35,76,209,0
4,35,76,210,0
4,35,76,211,0
4,35,76,212,0
4,35,76,213,0
4,35,76,214,0
4,35,76,215,0
4,35,76,216,0
4,35,76,217,0
4,35,76,218,0
4,35,76,219,0
4,35,76,220,0
4,35,76,221,0
4,35,76,222,0
4,35,76,223,0
4,35,76,224,0
4,35,76,225,0
4,35,76,226,0
4,35,76,227,0
4,35,76,228,0
4,35,76,229,0
4,35,76,230,0
4,35,76,231,0
4,35,76,232,0
4,35,76,233,0
4,35,76,234,0
4,35,76,235,0
4,35,76,236,0
4,35,76,237,0
4,35,76,238,0
4,35,76,239,0
4,35,76,240,0
4,35,76,241,0
4,35,77,0,0
4,35,77,1,0
4,35,77,2,0
4,35,77,3,0
4,35,77,4,0
4,35,77,5,0
4,35,77,6,0
4,35,77,7,0
4,35,77,8,0
4,35,77,9,0
4,35,77,10,0
4,35,77,11,0
4,35,77,12,0
4,35,77,13,0
4,35,77,14,0
4,35,77,15,0
4,35,77,16,0
4,35,77,17,0
4,35,77,18,0
4,35,77,19,649264
4,35,77,20,22895488
4,35,77,21,533047922
4,35,77,22,9763704846
4,35,77,23,152264764780
4,35,77,24,2101851991748
4,35,77,25,26292597758792
4,35,77,26,302646136272832
4,35,77,27,3239699090194712
4,35,77,28,32498382184026576
4,35,77,29,307235708193629360
4,35,77,30,2749193255470449470
4,35,77,31,23361477735870471304
4,35,77,32,189003606714961209992
4,35,77,33,1458736960623500349166
4,35,77,34,10756839502140031227802
4,35,77,35,75874508744654554541210
4,35,77,36,512365882678030491427810
4,35,77,37,3314325706811555048556636
4,35,77,38,20544829980419585822864086
4,35,77,39,122062107468906804065996294
4,35,77,40,695081453796648144972423596
4,35,77,41,3793219591115109665098022526
4,35,77,42,19832660693481928418630068580
4,35,77,43,99308482165766826596674520118
4,35,77,44,476002778667427905975099277726
4,35,77,45,2182702339513855049975348577646
4,35,77,46,9568609614000065752358235426914
4,35,77,47,40072610845715145424145221144586
4,35,77,48,160191050986647514245843811663208
4,35,77,49,610723329968756578227370327304598
4,35,77,50,2218559979548993296761419725926252
4,35,77,51,7671996776497161429764512980525282
4,35,77,52,25231114116468195108948416663771568
4,35,77,53,78837029090998336302481674038418620
4,35,77,54,233810871106257935155204653180502592
4,35,77,55,657536063500956511017735695221843922
4,35,77,56,1751802134588796717191494196660945142
4,35,77,57,4417405270503868360848245887985746448
4,35,77,58,10534015722281914284874264990024563614
4,35,77,59,23736706871191904247407852703489405698
4,35,77,60,50505094441862375214760690290940875298
4,35,77,61,101406356074058399246106353934182915566
4,35,77,62,192035318284341607047944985925667405088
4,35,77,63,342847972320843202599038740498412912556
4,35,77,64,576894627981537932756364694328320388112
4,35,77,65,914722191698234175150990238876530842284
4,35,77,66,1366650474051381432390035778836055691724
4,35,77,67,1924122152088847070618485715860088042058
4,35,77,68,2553276177922125281206116052320079578476
4,35,77,69,3194361277554948305450685438610809806006
4,35,77,70,3769344216075369452741778647764846304446
4,35,77,71,4197155927251995365081453391623487833906
4,35,77,72,4412605228848366162656131997673357215152
4,35,77,73,4382814818152725069872166724334496717894
4,35,77,74,4115418579938505578592283375076702913820
4,35,77,75,3655721981906791482555975797345364802244
4,35,77,76,3074186947503656986452045856193581523910
4,35,77,77,2448970806576395402755118553628011066448
4,35,77,78,1849374381100943649155770701421633912562
4,35,77,79,1324752212016363271253984510999435889180
4,35,77,80,900697737368306690753514593903887423320
4,35,77,81,581575944081249653590596513954282439212
4,35,77,82,356816618400259680115347568080372285016
4,35,77,83,208114139353884779101784354369711107478
4,35,77,84,115440896573439330272383547241507254222
4,35,77,85,60922762275755240249713804154459103598
4,35,77,86,30598337645235872388332853037932748606
4,35,77,87,14629439567858887870225708600108812806
4,35,77,88,6659780563201541334424068207569568060
4,35,77,89,2887114846666956426558760139667212774
4,35,77,90,1192038171877682247900956911555835720
4,35,77,91,468782109828119913116066777831759928
4,35,77,92,175600178257176653081653887085597608
4,35,77,93,62655467748902005417089227326816850
4,35,77,94,21294756086736312090012789205647002
4,35,77,95,6893858622769744528325283149079240
4,35,77,96,2125816811167276851489017635415970
4,35,77,97,624406072300647365790053225462770
4,35,77,98,174703455254512045394149627531036
4,35,77,99,46565055732076044634879512168094
4,35,77,100,11824807366403180222587019991610
4,35,77,101,2861391330688358490490199823038
4,35,77,102,659945315663263115965015063244
4,35,77,103,145113719494743462092656483082
4,35,77,104,30431466177963777662955748984
4,35,77,105,6088532736865348048839101342
4,35,77,106,1162654432474844047544190628
4,35,77,107,211989208076521194984337842
4,35,77,108,36921089396051880524545298
4,35,77,109,6144583415779938544242492
4,35,77,110,977473938438772517757722
4,35,77,111,148668701846086058210946
4,35,77,112,21622333066039340754452
4,35,77,113,3007267935124591647490
4,35,77,114,399932822346286570052
4,35,77,115,50843518535488459732
4,35,77,116,6176203971330792218
4,35,77,117,716385609591387048
4,35,77,118,79266307110428784
4,35,77,119,8355386262609688
4,35,77,120,837533076766650
4,35,77,121,79638829434578
4,35,77,122,7158315305566
4,35,77,123,604964133218
4,35,77,124,47676099934
4,35,77,125,3458785388
4,35,77,126,225900468
4,35,77,127,13024904
4,35,77,128,618168
4,35,77,129,22828
4,35,77,130,640
4,35,77,131,0
4,35,77,132,0
4,35,77,133,0
4,35,77,134,0
4,35,77,135,0
4,35,77,136,0
4,35,77,137,0
4,35,77,138,0
4,35,77,139,0
4,35,77,140,0
4,35,77,141,0
4,35,77,142,0
4,35,77,143,0
4,35,77,144,0
4,35,77,145,0
4,35,77,146,0
4,35,77,147,0
4,35,77,148,0
4,35,77,149,0
4,35,77,150,0
4,35,77,151,0
4,35,77,152,0
4,35,77,153,0
4,35,77,154,0
4,35,77,155,0
4,35,77,156,0
4,35,77,157,0
4,35,77,158,0
4,35,77,159,0
4,35,77,160,0
4,35,77,161,0
4,35,77,162,0
4,35,77,163,0
4,35,77,164,0
4,35,77,165,0
4,35,77,166,0
4,35,77,167,0
4,35,77,168,0
4,35,77,169,0
4,35,77,170,0
4,35,77,171,0
4,35,77,172,0
4,35,77,173,0
4,35,77,174,0
4,35,77,175,0
4,35,77,176,0
4,35,77,177,0
4,35,77,178,0
4,35,77,179,0
4,35,77,180,0
4,35,77,181,0
4,35,77,182,0
4,35,77,183,0
4,35,77,184,0
4,35,77,185,0
4,35,77,186,0
4,35,77,187,0
4,35,77,188,0
4,35,77,189,0
4,35,77,190,0
4,35,77,191,0
4,35,77,192,0
4,35,77,193,0
4,35,77,194,0
4,35,77,195,0
4,35,77,196,0
4,35,77,197,0
4,35,77,198,0
4,35,77,199,0
4,35,77,200,0
4,35,77,201,0
4,35,77,202,0
4,35,77,203,0
4,35,77,204,0
4,35,77,205,0
4,35,77,206,0
4,35,77,207,0
4,35,77,208,0
4,35,77,209,0
4,35,77,210,0
4,35,77,211,0
4,35,77,212,0
4,35,77,213,0
4,35,77,214,0
4,35,77,215,0
4,35,77,216,0
4,35,77,217,0
4,35,77,218,0
4,35,77,219,0
4,35,77,220,0
4,35,77,221,0
4,35,77,222,0
4,35,77,223,0
4,35,77,224,0
4,35,77,225,0
4,35,77,226,0
4,35,77,227,0
4,35,77,228,0
4,35,77,229,0
4,35,77,230,0
4,35,77,231,0
4,35,77,232,0
4,35,77,233,0
4,35,77,234,0
4,35,77,235,0
4,35,77,236,0
4,35,77,237,0
4,35,77,238,0
4,35,77,239,0
4,35,77,240,0
4,35,77,241,0
4,35,78,0,0
4,35,78,1,0
4,35,78,2,0
4,35,78,3,0
4,35,78,4,0
4,35,78,5,0
4,35,78,6,0
4,35,78,7,0
4,35,78,8,0
4,35,78,9,0
4,35,78,10,0
4,35,78,11,0
4,35,78,12,0
4,35,78,13,0
4,35,78,14,0
4,35,78,15,0
4,35,78,16,0
4,35,78,17,0
4,35,78,18,0
4,35,78,19,0
4,35,78,20,0
4,35,78,21,0
4,35,78,22,3246320
4,35,78,23,124893296
4,35,78,24,3030127912
4,35,78,25,56931539996
4,35,78,26,900947581248
4,35,78,27,12527105071140
4,35,78,28,156968874411210
4,35,78,29,1801916692715402
4,35,78,30,19167267572499306
4,35,78,31,190480751044655624
4,35,78,32,1779303550164190728
4,35,78,33,15694882556320881046
4,35,78,34,131193070197365947436
4,35,78,35,1042066151827716421694
4,35,78,36,7881862204713523494196
4,35,78,37,56861227644213833649568
4,35,78,38,391732859106213472076394
4,35,78,39,2579530588179344272538075
4,35,78,40,16245743795501887953955293
4,35,78,41,97894086802754822820967076
4,35,78,42,564511999795428362425707242
4,35,78,43,3115265185311464410406099219
4,35,78,44,16449768137759541886667892687
4,35,78,45,83089383106505862206939452003
4,35,78,46,401307615746174411323475211879
4,35,78,47,1852394923134904575916273145661
4,35,78,48,8166781062170326248164171226725
4,35,78,49,34366088573967386566938253697683
4,35,78,50,137924299351606358818352567404597
4,35,78,51,527504840021042435001989074494235
4,35,78,52,1920920398159405281673333642611886
4,35,78,53,6654195563192534527502577998383619
4,35,78,54,21906844019279527198191655560412193
4,35,78,55,68477967381764198587279628563265192
4,35,78,56,203047042591411160184104528059316406
4,35,78,57,570571332825583449526137107688491317
4,35,78,58,1518077025536204429128522964154163009
4,35,78,59,3820916763088515340173884817765858068
4,35,78,60,9090185021155360956307673171130341592
4,35,78,61,20425786160409932268974018508164960466
4,35,78,62,43320070214337265649361552041871005612
4,35,78,63,86665568914763809734493635275882557464
4,35,78,64,163470043440086102884080165593074469970
4,35,78,65,290602604018531791388117507248077537326
4,35,78,66,486763335751414322457448894200109171900
4,35,78,67,768129071944629991328414880360362658695
4,35,78,68,1141941077130760755328810983888447277303
4,35,78,69,1599538736436256681496302758892238601578
4,35,78,70,2111478408699901489743055064670856062674
4,35,78,71,2627638173628059474105931520250447481285
4,35,78,72,3084037596308550676265269172404606061085
4,35,78,73,3415647485665291155791373243628364438147
4,35,78,74,3571734146612737730715304618574114067143
4,35,78,75,3528691957975785099675108956471117194418
4,35,78,76,3295855911483163693429582180631796891609
4,35,78,77,2912343710072610222652473695261972787515
4,35,78,78,2436349700717659183430416051208529851743
4,35,78,79,1930895401778311709003184572053227844861
4,35,78,80,1450746291230341114883369416313868421771
4,35,78,81,1033991397246346539897625545007389425329
4,35,78,82,699517171303385558406090516345271312385
4,35,78,83,449448938495473990532840190629530949389
4,35,78,84,274401476941844820353129264081271548956
4,35,78,85,159264015002539748163967827228639107014
4,35,78,86,87912658483126358782529299626750345318
4,35,78,87,46167988522645839130640644402964822903
4,35,78,88,23073597303594055807662888387028046397
4,35,78,89,10976899638434083071618229582770007198
4,35,78,90,4971831149317953409685024579225034820
4,35,78,91,2144302165970016460670471324803468236
4,35,78,92,880702782779897395785123458473217810
4,35,78,93,344484645071931851005737157997616881
4,35,78,94,128326451563140867800358158923309809
4,35,78,95,45526657970256148921169047445329171
4,35,78,96,15381856865436460780033129727672519
4,35,78,97,4949170947740885127237364270717005
4,35,78,98,1516443204111761912599292729646303
4,35,78,99,442472569376665540594011274405546
4,35,78,100,122948143957794555819613865908149
4,35,78,101,32535635229007869541605753876979
4,35,78,102,8200610448359173342453016005551
4,35,78,103,1969043443119982353171368827225
4,35,78,104,450490442440578487088759157131
4,35,78,105,98234004776623817331100837546
4,35,78,106,20423595391688632848788299826
4,35,78,107,4050076814241212762354787147
4,35,78,108,766361348133697913648322258
4,35,78,109,138428544407211503705467517
4,35,78,110,23879041744141010483174487
4,35,78,111,3935233260445334050105003
4,35,78,112,619763368026439887516755
4,35,78,113,93301723159869100776442
4,35,78,114,13428450129872970154056
4,35,78,115,1847764530179435396239
4,35,78,116,243053182959466931962
4,35,78,117,30553760449281553261
4,35,78,118,3668782747154130371
4,35,78,119,420484332669687455
4,35,78,120,45950632605177871
4,35,78,121,4781039347074019
4,35,78,122,472712964607025
4,35,78,123,44292990926076
4,35,78,124,3917789786276
4,35,78,125,325175593877
4,35,78,126,25073659087
4,35,78,127,1773952195
4,35,78,128,112092063
4,35,78,129,6149078
4,35,78,130,282914
4,35,78,131,9008
4,35,78,132,224
4,35,78,133,0
4,35,78,134,0
4,35,78,135,0
4,35,78,136,0
4,35,78,137,0
4,35,78,138,0
4,35,78,139,0
4,35,78,140,0
4,35,78,141,0
4,35,78,142,0
4,35,78,143,0
4,35,78,144,0
4,35,78,145,0
4,35,78,146,0
4,35,78,147,0
4,35,78,148,0
4,35,78,149,0
4,35,78,150,0
4,35,78,151,0
4,35,78,152,0
4,35,78,153,0
4,35,78,154,0
4,35,78,155,0
4,35,78,156,0
4,35,78,157,0
4,35,78,158,0
4,35,78,159,0
4,35,78,160,0
4,35,78,161,0
4,35,78,162,0
4,35,78,163,0
4,35,78,164,0
4,35,78,165,0
4,35,78,166,0
4,35,78,167,0
4,35,78,168,0
4,35,78,169,0
4,35,78,170,0
4,35,78,171,0
4,35,78,172,0
4,35,78,173,0
4,35,78,174,0
4,35,78,175,0
4,35,78,176,0
4,35,78,177,0
4,35,78,178,0
4,35,78,179,0
4,35,78,180,0
4,35,78,181,0
4,35,78,182,0
4,35,78,183,0
4,35,78,184,0
4,35,78,185,0
4,35,78,186,0
4,35,78,187,0
4,35,78,188,0
4,35,78,189,0
4,35,78,190,0
4,35,78,191,0
4,35,78,192,0
4,35,78,193,0
4,35,78,194,0
4,35,78,195,0
4,35,78,196,0
4,35,78,197,0
4,35,78,198,0
4,35,78,199,0
4,35,78,200,0
4,35,78,201,0
4,35,78,202,0
4,35,78,203,0
4,35,78,204,0
4,35,78,205,0
4,35,78,206,0
4,35,78,207,0
4,35,78,208,0
4,35,78,209,0
4,35,78,210,0
4,35,78,211,0
4,35,78,212,0
4,35,78,213,0
4,35,78,214,0
4,35,78,215,0
4,35,78,216,0
4,35,78,217,0
4,35,78,218,0
4,35,78,219,0
4,35,78,220,0
4,35,78,221,0
4,35,78,222,0
4,35,78,223,0
4,35,78,224,0
4,35,78,225,0
4,35,78,226,0
4,35,78,227,0
4,35,78,228,0
4,35,78,229,0
4,35,78,230,0
4,35,78,231,0
4,35,78,232,0
4,35,78,233,0
4,35,78,234,0
4,35,78,235,0
4,35,78,236,0
4,35,78,237,0
4,35,78,238,0
4,35,78,239,0
4,35,78,240,0
4,35,78,241,0
4,35,79,0,0
4,35,79,1,0
4,35,79,2,0
4,35,79,3,0
4,35,79,4,0
4,35,79,5,0
4,35,79,6,0
4,35,79,7,0
4,35,79,8,0
4,35,79,9,0
4,35,79,10,0
4,35,79,11,0
4,35,79,12,0
4,35,79,13,0
4,35,79,14,0
4,35,79,15,0
4,35,79,16,0
4,35,79,17,0
4,35,79,18,0
4,35,79,19,0
4,35,79,20,0
4,35,79,21,0
4,35,79,22,0
4,35,79,23,0
4,35,79,24,0
4,35,79,25,13449040
4,35,79,26,569622768
4,35,79,27,14508463838
4,35,79,28,281277367168
4,35,79,29,4539840640854
4,35,79,30,63868655441102
4,35,79,31,804860140141940
4,35,79,32,9247805471399798
4,35,79,33,98074770395996446
4,35,79,34,968498846938336720
4,35,79,35,8963892490056596130
4,35,79,36,78143324127881222054
4,35,79,37,644060265675767030778
4,35,79,38,5033469410986872803442
4,35,79,39,37384614511272939128774
4,35,79,40,264334113254687498844436
4,35,79,41,1781618301797147729639830
4,35,79,42,11457561057506093929308766
4,35,79,43,70351597321955129161600092
4,35,79,44,412610789846453906619761442
4,35,79,45,2311958563492561255486742842
4,35,79,46,12376561481311632806591787160
4,35,79,47,63290399365319905782130772306
4,35,79,48,309078833969763272322708146456
4,35,79,49,1440840389415995860178279463416
4,35,79,50,6408433343090149758026191920994
4,35,79,51,27177551607015643839548594873450
4,35,79,52,109821929570162083059242332903384
4,35,79,53,422528818813724093452031753021142
4,35,79,54,1546522823218098153802131080952564
4,35,79,55,5380402213780059528649954407087534
4,35,79,56,17776417300912893321025153269194960
4,35,79,57,55725000148550935146106268496122446
4,35,79,58,165590653352379947055602617162580750
4,35,79,59,466024914664909903745028307796131890
4,35,79,60,1241045748026755726358441709579641052
4,35,79,61,3124681253002982294741932971412358676
4,35,79,62,7432230531692110777246706970596400502
4,35,79,63,16688326544433021219666577714991715682
4,35,79,64,35351311918319485486712338877021062406
4,35,79,65,70608377425574152076478139176397763986
4,35,79,66,132913320199645956663984381138840032384
4,35,79,67,235719177488027392645857954515179938306
4,35,79,68,393767603561933458573420870827154006726
4,35,79,69,619529421204007528052449525728280441762
4,35,79,70,918064119692595150480113674713924144636
4,35,79,71,1281557888502991766140402428334076169110
4,35,79,72,1685670226469236190467206985302031089804
4,35,79,73,2089955885961192347855397689255072101218
4,35,79,74,2443617828693594356270978688469224997328
4,35,79,75,2695858431901640338256342867033866876250
4,35,79,76,2807967962407812868445854716928173217816
4,35,79,77,2763139370161270066238268908334570497448
4,35,79,78,2570555815071986339622744276058700574728
4,35,79,79,2262403116594572159702610824291300605390
4,35,79,80,1885114171923540208862792639310679294872
4,35,79,81,1488097623674458896771978308038364780834
4,35,79,82,1113635807071393785294940288266004310452
4,35,79,83,790589862152166147002400774580955294510
4,35,79,84,532741895284584954917689266302121332146
4,35,79,85,340942793273393903431880756398707177208
4,35,79,86,207331293321542069981880096973781931350
4,35,79,87,119856919729144077122366036482772655692
4,35,79,88,65894345518585245080137158031235295126
4,35,79,89,34464103790937118599934358392309389072
4,35,79,90,17153068091365704206159452771249325276
4,35,79,91,8125879971036081151706778553716484166
4,35,79,92,3664604216768432979864811291776772932
4,35,79,93,1573490249169711433126099585029745436
4,35,79,94,643299696222250305592817772746717656
4,35,79,95,250431604032833716752593235762465552
4,35,79,96,92830510782747852874722738419354002
4,35,79,97,32764695513467973937841500084277420
4,35,79,98,11010728881831761946010918830683284
4,35,79,99,3522887065473032339242354945426112
4,35,79,100,1073086808658794683129640657656982
4,35,79,101,311181152222753857961435703143460
4,35,79,102,85908552960126468698655532311812
4,35,79,103,22580079673217535421066833559122
4,35,79,104,5650998021186434258200532592334
4,35,79,105,1346811725394490934094736718908
4,35,79,106,305752821631024235637238445432
4,35,79,107,66136858912555855918600493918
4,35,79,108,13635742174287908716762626716
4,35,79,109,2680701695990526875962844572
4,35,79,110,502733216152543333991071250
4,35,79,111,89977675467306846348061376
4,35,79,112,15375279588420689965959598
4,35,79,113,2509398609967930774277642
4,35,79,114,391305929036494203967458
4,35,79,115,58313590191920755285664
4,35,79,116,8305982504604696198872
4,35,79,117,1130800886858655073486
4,35,79,118,147127841076626681132
4,35,79,119,18288482789010166574
4,35,79,120,2170700950590434226
4,35,79,121,245816753241421042
4,35,79,122,26528929476414334
4,35,79,123,2724259199598618
4,35,79,124,265630217015236
4,35,79,125,24519831003710
4,35,79,126,2133034547328
4,35,79,127,173744756106
4,35,79,128,13102246424
4,35,79,129,900454770
4,35,79,130,55133640
4,35,79,131,2871970
4,35,79,132,123904
4,35,79,133,3700
4,35,79,134,64
4,35,79,135,0
4,35,79,136,0
4,35,79,137,0
4,35,79,138,0
4,35,79,139,0
4,35,79,140,0
4,35,79,141,0
4,35,79,142,0
4,35,79,143,0
4,35,79,144,0
4,35,79,145,0
4,35,79,146,0
4,35,79,147,0
4,35,79,148,0
4,35,79,149,0
4,35,79,150,0
4,35,79,151,0
4,35,79,152,0
4,35,79,153,0
4,35,79,154,0
4,35,79,155,0
4,35,79,156,0
4,35,79,157,0
4,35,79,158,0
4,35,79,159,0
4,35,79,160,0
4,35,79,161,0
4,35,79,162,0
4,35,79,163,0
4,35,79,164,0
4,35,79,165,0
4,35,79,166,0
4,35,79,167,0
4,35,79,168,0
4,35,79,169,0
4,35,79,170,0
4,35,79,171,0
4,35,79,172,0
4,35,79,173,0
4,35,79,174,0
4,35,79,175,0
4,35,79,176,0
4,35,79,177,0
4,35,79,178,0
4,35,79,179,0
4,35,79,180,0
4,35,79,181,0
4,35,79,182,0
4,35,79,183,0
4,35,79,184,0
4,35,79,185,0
4,35,79,186,0
4,35,79,187,0
4,35,79,188,0
4,35,79,189,0
4,35,79,190,0
4,35,79,191,0
4,35,79,192,0
4,35,79,193,0
4,35,79,194,0
4,35,79,195,0
4,35,79,196,0
4,35,79,197,0
4,35,79,198,0
4,35,79,199,0
4,35,79,200,0
4,35,79,201,0
4,35,79,202,0
4,35,79,203,0
4,35,79,204,0
4,35,79,205,0
4,35,79,206,0
4,35,79,207,0
4,35,79,208,0
4,35,79,209,0
4,35,79,210,0
4,35,79,211,0
4,35,79,212,0
4,35,79,213,0
4,35,79,214,0
4,35,79,215,0
4,35,79,216,0
4,35,79,217,0
4,35,79,218,0
4,35,79,219,0
4,35,79,220,0
4,35,79,221,0
4,35,79,222,0
4,35,79,223,0
4,35,79,224,0
4,35,79,225,0
4,35,79,226,0
4,35,79,227,0
4,35,79,228,0
4,35,79,229,0
4,35,79,230,0
4,35,79,231,0
4,35,79,232,0
4,35,79,233,0
4,35,79,234,0
4,35,79,235,0
4,35,79,236,0
4,35,79,237,0
4,35,79,238,0
4,35,79,239,0
4,35,79,240,0
4,35,79,241,0
4,35,80,0,0
4,35,80,1,0
4,35,80,2,0
4,35,80,3,0
4,35,80,4,0
4,35,80,5,0
4,35,80,6,0
4,35,80,7,0
4,35,80,8,0
4,35,80,9,0
4,35,80,10,0
4,35,80,11,0
4,35,80,12,0
4,35,80,13,0
4,35,80,14,0
4,35,80,15,0
4,35,80,16,0
4,35,80,17,0
4,35,80,18,0
4,35,80,19,0
4,35,80,20,0
4,35,80,21,0
4,35,80,22,0
4,35,80,23,0
4,35,80,24,0
4,35,80,25,0
4,35,80,26,0
4,35,80,27,0
4,35,80,28,47071640
4,35,80,29,2202003408
4,35,80,30,59288758394
4,35,80,31,1192047491504
4,35,80,32,19710783734968
4,35,80,33,281669080555920
4,35,80,34,3582229638329254
4,35,80,35,41326633708660090
4,35,80,36,438204876453263856
4,35,80,37,4311182617695071926
4,35,80,38,39629874398839690252
4,35,80,39,342175287905076508210
4,35,80,40,2786309670055343328080
4,35,80,41,21464363316549044121802
4,35,80,42,156804432090912269814148
4,35,80,43,1088304271181073678596518
4,35,80,44,7186171823312001682825944
4,35,80,45,45190016819835370994782272
4,35,80,46,270827595619695497561983973
4,35,80,47,1547543537692673721952356798
4,35,80,48,8433134641391069694146180036
4,35,80,49,43827224675002453517379236155
4,35,80,50,217193744568722870528055054877
4,35,80,51,1026065879390902357127456664076
4,35,80,52,4619009573506399212323767165414
4,35,80,53,19803488592227276567892961785716
4,35,80,54,80814021356364301804065418417079
4,35,80,55,313677123698870226056493908363614
4,35,80,56,1157181109848932130407431535527907
4,35,80,57,4054076242168297591254376716333540
4,35,80,58,13476865515432368314474571769425221
4,35,80,59,42473426413004952730065409393626612
4,35,80,60,126794081948304842327132128750163004
4,35,80,61,358227473917250000368711527958568424
4,35,80,62,957042772228557072984129717092820878
4,35,80,63,2415830450832200921487022103176739738
4,35,80,64,5757533164641160136768618720029423748
4,35,80,65,12946191561261381697708490367909824635
4,35,80,66,27448484860281753908468024787062022669
4,35,80,67,54845473801614526313637004420482991042
4,35,80,68,103235642195525659914364540191967859218
4,35,80,69,183001450345503643044656929507376525261
4,35,80,70,305447813458637015487068305797382745965
4,35,80,71,480012352941407352645072966862750021431
4,35,80,72,710280240124297981191322510949750232524
4,35,80,73,989806394337528322932691234579841777335
4,35,80,74,1299404944781353162395332727239120914859
4,35,80,75,1607636762283431410944932245254666999297
4,35,80,76,1875405896676206647178266638536209657240
4,35,80,77,2064022115366146451802643211544003550055
4,35,80,78,2144465437052551445134897262530012538015
4,35,80,79,2104758967198550395944673704699227969162
4,35,80,80,1952852197694022435976562698305351121982
4,35,80,81,1714078176017436515151424892810265631462
4,35,80,82,1424282246305929337338745162371285150586
4,35,80,83,1121165060895468814592800038373738195374
4,35,80,84,836650686759047561577692224498577358238
4,35,80,85,592240552755100959317654060106166078227
4,35,80,86,397916137151360031397619882782060918248
4,35,80,87,253900587656074436440508067311003929405
4,35,80,88,153932778579148047302957748713743329132
4,35,80,89,88712746555991652676114692093033194471
4,35,80,90,48617829857703488179753859667208385877
4,35,80,91,25345524475788665962986603723685657806
4,35,80,92,12572428600038721211738920863180565784
4,35,80,93,5935266716712414625709067598082459047
4,35,80,94,2667051360736021167626305134408150396
4,35,80,95,1140871843323921057619947672769215957
4,35,80,96,464601107123385700586844447037065349
4,35,80,97,180122026127597492501752932910940830
4,35,80,98,66479344083909522763901158168344350
4,35,80,99,23357078934661289879858829514543449
4,35,80,100,7811484345385174335496840212552632
4,35,80,101,2486570764587750329816317110739273
4,35,80,102,753342287694494866186736442946040
4,35,80,103,217214613917101327069957419717127
4,35,80,104,59605531310424750403109782189358
4,35,80,105,15566858006952869067296640420765
4,35,80,106,3869666824654571558881053524010
4,35,80,107,915745093184236389855019128459
4,35,80,108,206350178539333360179323062290
4,35,80,109,44288923487036502602698512337
4,35,80,110,9057389415230120862529582951
4,35,80,111,1765660905543708193955006304
4,35,80,112,328246281056531031525990285
4,35,80,113,58220542897272404085768911
4,35,80,114,9856568488576379991347774
4,35,80,115,1593383525592031693990184
4,35,80,116,246039280225762217692264
4,35,80,117,36298170919038788968459
4,35,80,118,5117050946270864557887
4,35,80,119,689301591761080474676
4,35,80,120,88712098120932886141
4,35,80,121,10904000370029957169
4,35,80,122,1279271445326729692
4,35,80,123,143131110748655546
4,35,80,124,15253428964410372
4,35,80,125,1545733467442081
4,35,80,126,148599981099694
4,35,80,127,13508199506089
4,35,80,128,1155261258606
4,35,80,129,92246131409
4,35,80,130,6795100455
4,35,80,131,453458203
4,35,80,132,26734908
4,35,80,133,1322886
4,35,80,134,53528
4,35,80,135,1425
4,35,80,136,16
4,35,80,137,0
4,35,80,138,0
4,35,80,139,0
4,35,80,140,0
4,35,80,141,0
4,35,80,142,0
4,35,80,143,0
4,35,80,144,0
4,35,80,145,0
4,35,80,146,0
4,35,80,147,0
4,35,80,148,0
4,35,80,149,0
4,35,80,150,0
4,35,80,151,0
4,35,80,152,0
4,35,80,153,0
4,35,80,154,0
4,35,80,155,0
4,35,80,156,0
4,35,80,157,0
4,35,80,158,0
4,35,80,159,0
4,35,80,160,0
4,35,80,161,0
4,35,80,162,0
4,35,80,163,0
4,35,80,164,0
4,35,80,165,0
4,35,80,166,0
4,35,80,167,0
4,35,80,168,0
4,35,80,169,0
4,35,80,170,0
4,35,80,171,0
4,35,80,172,0
4,35,80,173,0
4,35,80,174,0
4,35,80,175,0
4,35,80,176,0
4,35,80,177,0
4,35,80,178,0
4,35,80,179,0
4,35,80,180,0
4,35,80,181,0
4,35,80,182,0
4,35,80,183,0
4,35,80,184,0
4,35,80,185,0
4,35,80,186,0
4,35,80,187,0
4,35,80,188,0
4,35,80,189,0
4,35,80,190,0
4,35,80,191,0
4,35,80,192,0
4,35,80,193,0
4,35,80,194,0
4,35,80,195,0
4,35,80,196,0
4,35,80,197,0
4,35,80,198,0
4,35,80,199,0
4,35,80,200,0
4,35,80,201,0
4,35,80,202,0
4,35,80,203,0
4,35,80,204,0
4,35,80,205,0
4,35,80,206,0
4,35,80,207,0
4,35,80,208,0
4,35,80,209,0
4,35,80,210,0
4,35,80,211,0
4,35,80,212,0
4,35,80,213,0
4,35,80,214,0
4,35,80,215,0
4,35,80,216,0
4,35,80,217,0
4,35,80,218,0
4,35,80,219,0
4,35,80,220,0
4,35,80,221,0
4,35,80,222,0
4,35,80,223,0
4,35,80,224,0
4,35,80,225,0
4,35,80,226,0
4,35,80,227,0
4,35,80,228,0
4,35,80,229,0
4,35,80,230,0
4,35,80,231,0
4,35,80,232,0
4,35,80,233,0
4,35,80,234,0
4,35,80,235,0
4,35,80,236,0
4,35,80,237,0
4,35,80,238,0
4,35,80,239,0
4,35,80,240,0
4,35,80,241,0
4,35,81,0,0
4,35,81,1,0
4,35,81,2,0
4,35,81,3,0
4,35,81,4,0
4,35,81,5,0
4,35,81,6,0
4,35,81,7,0
4,35,81,8,0
4,35,81,9,0
4,35,81,10,0
4,35,81,11,0
4,35,81,12,0
4,35,81,13,0
4,35,81,14,0
4,35,81,15,0
4,35,81,16,0
4,35,81,17,0
4,35,81,18,0
4,35,81,19,0
4,35,81,20,0
4,35,81,21,0
4,35,81,22,0
4,35,81,23,0
4,35,81,24,0
4,35,81,25,0
4,35,81,26,0
4,35,81,27,0
4,35,81,28,0
4,35,81,29,0
4,35,81,30,0
4,35,81,31,141214920
4,35,81,32,7297923776
4,35,81,33,208903265520
4,35,81,34,4375732367338
4,35,81,35,74423482634068
4,35,81,36,1084070852007292
4,35,81,37,13957496535692986
4,35,81,38,162126864911876164
4,35,81,39,1723156452017328710
4,35,81,40,16928281926293990272
4,35,81,41,154870740199969980590
4,35,81,42,1326926067760450113510
4,35,81,43,10693523595055506597060
4,35,81,44,81327375559674785616626
4,35,81,45,585205754871369062428734
4,35,81,46,3991994359300573591046154
4,35,81,47,25853834324865474672532356
4,35,81,48,159142620656664717940650530
4,35,81,49,931761523226586532269956628
4,35,81,50,5191464073502648457611269896
4,35,81,51,27532748490134981268920015980
4,35,81,52,138996555684523484416275538018
4,35,81,53,667879151948724423388998948346
4,35,81,54,3053589920276934332185496997538
4,35,81,55,13279029710148015909105003791484
4,35,81,56,54896060891433998690962977821702
4,35,81,57,215611516039720330960351974044032
4,35,81,58,804012833326054706925584541200114
4,35,81,59,2844416546817799161693106364419544
4,35,81,60,9539441612313366407015742645271246
4,35,81,61,30304055402127085273071226705676592
4,35,81,62,91110811150409733121170729374206410
4,35,81,63,259045042515369963362258826613861274
4,35,81,64,695937034693711471857821938626028662
4,35,81,65,1765313885362836332061413474405185928
4,35,81,66,4224943577097603018518785862246115926
4,35,81,67,9534209426732146951827978263833322576
4,35,81,68,20275213930903569176835626936372171470
4,35,81,69,40612103927968028767923690443781449798
4,35,81,70,76593560367042639266222714662686506014
4,35,81,71,135976040180994407183650406299757362126
4,35,81,72,227198039366940239571212295394971335784
4,35,81,73,357281910339568939561712767559200068694
4,35,81,74,528843719683591537819529758787688012010
4,35,81,75,736971841903330706342867798374874246918
4,35,81,76,967225005365336041052447197052680889224
4,35,81,77,1196043555289245054198334397913997892274
4,35,81,78,1394239333976785441564798180927654398000
4,35,81,79,1533056707535452968557849802577343397546
4,35,81,80,1591087529527979099664784982781141794088
4,35,81,81,1559720857051645436815819576610639414088
4,35,81,82,1445204265796677028826558679801415339444
4,35,81,83,1266653213741689931661046788811757357938
4,35,81,84,1050864963312652293892407773830436482366
4,35,81,85,825855207966724102272139393495402865306
4,35,81,86,615210547938126807913304269088637558282
4,35,81,87,434695884477475199317929293764756137732
4,35,81,88,291506990778987151148091778742184481068
4,35,81,89,185631686958818396618878198947884076828
4,35,81,90,112307614993826930548973759590283796832
4,35,81,91,64581689723181789702939421842932193510
4,35,81,92,35311477161199280394143847911516291288
4,35,81,93,18363923474384012602372404466678594344
4,35,81,94,9085916137705298760550077154694463240
4,35,81,95,4277701224908074387023602571949341176
4,35,81,96,1916684838469915097760720423189422590
4,35,81,97,817384270875499325950566799374461648
4,35,81,98,331781847513570107278402429367652762
4,35,81,99,128181821725939677752386321466291264
4,35,81,100,47133403677226904318094586845145514
4,35,81,101,16494112440249404290181444932624350
4,35,81,102,5492736391523181844793139411146030
4,35,81,103,1740475258856510980838211864421900
4,35,81,104,524722089784568827013447323788978
4,35,81,105,150503275153827178513130560713738
4,35,81,106,41068257737996856554476869625228
4,35,81,107,10661563421108429834170254064252
4,35,81,108,2633465214925469877169244947142
4,35,81,109,619006569384830580515203184688
4,35,81,110,138492357887468652968587544976
4,35,81,111,29502136735142509675558247932
4,35,81,112,5986063514152395954553591316
4,35,81,113,1157377453945581288650427746
4,35,81,114,213331116465912224576889524
4,35,81,115,37504403303638355806147700
4,35,81,116,6291514244178112559334314
4,35,81,117,1007512223991469262945642
4,35,81,118,154069009335131824856024
4,35,81,119,22503867622235949345064
4,35,81,120,3140015410331630113610
4,35,81,121,418535765126902176720
4,35,81,122,53281732249966140934
4,35,81,123,6475875375532342602
4,35,81,124,750956244615562746
4,35,81,125,83007424859333664
4,35,81,126,8734315305106078
4,35,81,127,873290213686554
4,35,81,128,82755167893916
4,35,81,129,7405218106098
4,35,81,130,622178294428
4,35,81,131,48667861506
4,35,81,132,3497122748
4,35,81,133,225799786
4,35,81,134,12848944
4,35,81,135,599788
4,35,81,136,21866
4,35,81,137,600
4,35,81,138,0
4,35,81,139,0
4,35,81,140,0
4,35,81,141,0
4,35,81,142,0
4,35,81,143,0
4,35,81,144,0
4,35,81,145,0
4,35,81,146,0
4,35,81,147,0
4,35,81,148,0
4,35,81,149,0
4,35,81,150,0
4,35,81,151,0
4,35,81,152,0
4,35,81,153,0
4,35,81,154,0
4,35,81,155,0
4,35,81,156,0
4,35,81,157,0
4,35,81,158,0
4,35,81,159,0
4,35,81,160,0
4,35,81,161,0
4,35,81,162,0
4,35,81,163,0
4,35,81,164,0
4,35,81,165,0
4,35,81,166,0
4,35,81,167,0
4,35,81,168,0
4,35,81,169,0
4,35,81,170,0
4,35,81,171,0
4,35,81,172,0
4,35,81,173,0
4,35,81,174,0
4,35,81,175,0
4,35,81,176,0
4,35,81,177,0
4,35,81,178,0
4,35,81,179,0
4,35,81,180,0
4,35,81,181,0
4,35,81,182,0
4,35,81,183,0
4,35,81,184,0
4,35,81,185,0
4,35,81,186,0
4,35,81,187,0
4,35,81,188,0
4,35,81,189,0
4,35,81,190,0
4,35,81,191,0
4,35,81,192,0
4,35,81,193,0
4,35,81,194,0
4,35,81,195,0
4,35,81,196,0
4,35,81,197,0
4,35,81,198,0
4,35,81,199,0
4,35,81,200,0
4,35,81,201,0
4,35,81,202,0
4,35,81,203,0
4,35,81,204,0
4,35,81,205,0
4,35,81,206,0
4,35,81,207,0
4,35,81,208,0
4,35,81,209,0
4,35,81,210,0
4,35,81,211,0
4,35,81,212,0
4,35,81,213,0
4,35,81,214,0
4,35,81,215,0
4,35,81,216,0
4,35,81,217,0
4,35,81,218,0
4,35,81,219,0
4,35,81,220,0
4,35,81,221,0
4,35,81,222,0
4,35,81,223,0
4,35,81,224,0
4,35,81,225,0
4,35,81,226,0
4,35,81,227,0
4,35,81,228,0
4,35,81,229,0
4,35,81,230,0
4,35,81,231,0
4,35,81,232,0
4,35,81,233,0
4,35,81,234,0
4,35,81,235,0
4,35,81,236,0
4,35,81,237,0
4,35,81,238,0
4,35,81,239,0
4,35,81,240,0
4,35,81,241,0
4,35,82,0,0
4,35,82,1,0
4,35,82,2,0
4,35,82,3,0
4,35,82,4,0
4,35,82,5,0
4,35,82,6,0
4,35,82,7,0
4,35,82,8,0
4,35,82,9,0
4,35,82,10,0
4,35,82,11,0
4,35,82,12,0
4,35,82,13,0
4,35,82,14,0
4,35,82,15,0
4,35,82,16,0
4,35,82,17,0
4,35,82,18,0
4,35,82,19,0
4,35,82,20,0
4,35,82,21,0
4,35,82,22,0
4,35,82,23,0
4,35,82,24,0
4,35,82,25,0
4,35,82,26,0
4,35,82,27,0
4,35,82,28,0
4,35,82,29,0
4,35,82,30,0
4,35,82,31,0
4,35,82,32,0
4,35,82,33,0
4,35,82,34,367158792
4,35,82,35,20934653400
4,35,82,36,639859613052
4,35,82,37,14021063994540
4,35,82,38,246198767612292
4,35,82,39,3667363391994332
4,35,82,40,47938595872230814
4,35,82,41,562100680377777998
4,35,82,42,6002084244642292336
4,35,82,43,59000524804018720370
4,35,82,44,538210641304317720488
4,35,82,45,4583667544163393444898
4,35,82,46,36613592773228664363834
4,35,82,47,275285199317507304696450
4,35,82,48,1953546557506977166174482
4,35,82,49,13112219742609773368088764
4,35,82,50,83373579197822756434730702
4,35,82,51,502790029168719772226540424
4,35,82,52,2878102185177645733732175021
4,35,82,53,15646453518738288600567485953
4,35,82,54,80804853409067830453679257537
4,35,82,55,396461705747329558867820523353
4,35,82,56,1847820889911095766823328256205
4,35,82,57,8178987372834126101561123638984
4,35,82,58,34367685283773356473753519283199
4,35,82,59,137023547107794982541856730793423
4,35,82,60,518058721864234579670481109584901
4,35,82,61,1856162255194825042347950819628759
4,35,82,62,6297927619618903234315791900529333
4,35,82,63,20220904286948761796277585316558741
4,35,82,64,61389369364130460982579005739264954
4,35,82,65,176093499359407854663063564619921372
4,35,82,66,476897926202187314323144204411063367
4,35,82,67,1218505719911830752491615087226054761
4,35,82,68,2935340493533907646973417437079043131
4,35,82,69,6662763540012014766108158116757069595
4,35,82,70,14242475071959746561076281419676926276
4,35,82,71,28659041710433900827422008046482258002
4,35,82,72,54267262394901886678367202903284834335
4,35,82,73,96675890967350138222815683930389785381
4,35,82,74,162016156134061824323077629705331024198
4,35,82,75,255427376455564905313447995697376553134
4,35,82,76,378885237618765903930404608189156052311
4,35,82,77,528922926680793769668457827167524951227
4,35,82,78,695156700420467458866968129595861889222
4,35,82,79,860563317132249102189217838629444960340
4,35,82,80,1004000868287349630506241815676649647354
4,35,82,81,1104608409731520393291459150310470139479
4,35,82,82,1146834832751342206413647111170979558517
4,35,82,83,1124406059664292688294360406490160169761
4,35,82,84,1041827859825116727777764495892056682342
4,35,82,85,912940729938223230048186017629537554646
4,35,82,86,757151839470675734044055433075089274297
4,35,82,87,594741726732951644036885340955068498071
4,35,82,88,442768594876215241631325222809498307719
4,35,82,89,312614386535643077717953521500260478812
4,35,82,90,209452391787851745391898748153796004513
4,35,82,91,133242738725818792885239422636888664429
4,35,82,92,80518670762535271791773861265646340291
4,35,82,93,46241444811380022204906546334718366149
4,35,82,94,25246898662348304357511363989033897998
4,35,82,95,13108693981439768192968923370750266664
4,35,82,96,6474278572956703054682651711653815200
4,35,82,97,3042168060784338407751712068746147784
4,35,82,98,1360155816943624227390241565122727300
4,35,82,99,578678728839889046813506623265181366
4,35,82,100,234281243687266069095297119441163495
4,35,82,101,90256194054895678151791270677255187
4,35,82,102,33084774626617289215429714501486631
4,35,82,103,11538542170347838441815058760962835
4,35,82,104,3828226494417405532088601939328005
4,35,82,105,1208142935841070860921382847858830
4,35,82,106,362632644516213348850075446266117
4,35,82,107,103516010844689286048739611408683
4,35,82,108,28100975458744819298867827952496
4,35,82,109,7254595651887498843508083105714
4,35,82,110,1781217385001481940028553137791
4,35,82,111,416006370658244085528049333107
4,35,82,112,92441161816207985392264498307
4,35,82,113,19550193721269613191728955790
4,35,82,114,3936642569621770658540795454
4,35,82,115,755063385761774029096087606
4,35,82,116,138016650122114379225574627
4,35,82,117,24053710329710261801492631
4,35,82,118,3998884221403778078341589
4,35,82,119,634431967046480319393291
4,35,82,120,96088631456462868053689
4,35,82,121,13896566519697460998782
4,35,82,122,1919308302157906436248
4,35,82,123,253145686395335713908
4,35,82,124,31878091288413554826
4,35,82,125,3831091501890828706
4,35,82,126,439095014560250847
4,35,82,127,47946440037652197
4,35,82,128,4980723157423051
4,35,82,129,491251574446103
4,35,82,130,45872981077619
4,35,82,131,4038967389253
4,35,82,132,333194885761
4,35,82,133,25492026381
4,35,82,134,1785662661
4,35,82,135,111480457
4,35,82,136,6037543
4,35,82,137,272927
4,35,82,138,8570
4,35,82,139,210
4,35,82,140,0
4,35,82,141,0
4,35,82,142,0
4,35,82,143,0
4,35,82,144,0
4,35,82,145,0
4,35,82,146,0
4,35,82,147,0
4,35,82,148,0
4,35,82,149,0
4,35,82,150,0
4,35,82,151,0
4,35,82,152,0
4,35,82,153,0
4,35,82,154,0
4,35,82,155,0
4,35,82,156,0
4,35,82,157,0
4,35,82,158,0
4,35,82,159,0
4,35,82,160,0
4,35,82,161,0
4,35,82,162,0
4,35,82,163,0
4,35,82,164,0
4,35,82,165,0
4,35,82,166,0
4,35,82,167,0
4,35,82,168,0
4,35,82,169,0
4,35,82,170,0
4,35,82,171,0
4,35,82,172,0
4,35,82,173,0
4,35,82,174,0
4,35,82,175,0
4,35,82,176,0
4,35,82,177,0
4,35,82,178,0
4,35,82,179,0
4,35,82,180,0
4,35,82,181,0
4,35,82,182,0
4,35,82,183,0
4,35,82,184,0
4,35,82,185,0
4,35,82,186,0
4,35,82,187,0
4,35,82,188,0
4,35,82,189,0
4,35,82,190,0
4,35,82,191,0
4,35,82,192,0
4,35,82,193,0
4,35,82,194,0
4,35,82,195,0
4,35,82,196,0
4,35,82,197,0
4,35,82,198,0
4,35,82,199,0
4,35,82,200,0
4,35,82,201,0
4,35,82,202,0
4,35,82,203,0
4,35,82,204,0
4,35,82,205,0
4,35,82,206,0
4,35,82,207,0
4,35,82,208,0
4,35,82,209,0
4,35,82,210,0
4,35,82,211,0
4,35,82,212,0
4,35,82,213,0
4,35,82,214,0
4,35,82,215,0
4,35,82,216,0
4,35,82,217,0
4,35,82,218,0
4,35,82,219,0
4,35,82,220,0
4,35,82,221,0
4,35,82,222,0
4,35,82,223,0
4,35,82,224,0
4,35,82,225,0
4,35,82,226,0
4,35,82,227,0
4,35,82,228,0
4,35,82,229,0
4,35,82,230,0
4,35,82,231,0
4,35,82,232,0
4,35,82,233,0
4,35,82,234,0
4,35,82,235,0
4,35,82,236,0
4,35,82,237,0
4,35,82,238,0
4,35,82,239,0
4,35,82,240,0
4,35,82,241,0
4,35,83,0,0
4,35,83,1,0
4,35,83,2,0
4,35,83,3,0
4,35,83,4,0
4,35,83,5,0
4,35,83,6,0
4,35,83,7,0
4,35,83,8,0
4,35,83,9,0
4,35,83,10,0
4,35,83,11,0
4,35,83,12,0
4,35,83,13,0
4,35,83,14,0
4,35,83,15,0
4,35,83,16,0
4,35,83,17,0
4,35,83,18,0
4,35,83,19,0
4,35,83,20,0
4,35,83,21,0
4,35,83,22,0
4,35,83,23,0
4,35,83,24,0
4,35,83,25,0
4,35,83,26,0
4,35,83,27,0
4,35,83,28,0
4,35,83,29,0
4,35,83,30,0
4,35,83,31,0
4,35,83,32,0
4,35,83,33,0
4,35,83,34,0
4,35,83,35,0
4,35,83,36,0
4,35,83,37,834451800
4,35,83,38,52388426688
4,35,83,39,1715094491034
4,35,83,40,39464394889564
4,35,83,41,717866729419194
4,35,83,42,10968771909086992
4,35,83,43,145963585940126238
4,35,83,44,1731797292818522028
4,35,83,45,18617988871597009710
4,35,83,46,183477946198299776152
4,35,83,47,1671729655700661133438
4,35,83,48,14173587897236480707712
4,35,83,49,112373701611629851333196
4,35,83,50,836310215824835637372662
4,35,83,51,5859452064249014639034056
4,35,83,52,38735249037760481735956192
4,35,83,53,242019993856397973405254974
4,35,83,54,1430983099309938276133879636
4,35,83,55,8013820300678895050364952866
4,35,83,56,42532112238603978805410385596
4,35,83,57,213995679198966823033085199832
4,35,83,58,1020816193656889305589835617712
4,35,83,59,4616452055207302747715732324120
4,35,83,60,19787168534431783354344620505472
4,35,83,61,80355126042302239638422920809710
4,35,83,62,309023904178202224307736411272906
4,35,83,63,1124802555864658732707578582939044
4,35,83,64,3872535869649070240369328434828258
4,35,83,65,12602571383994816615728250022472256
4,35,83,66,38740534501902101881007836431415406
4,35,83,67,112411149022822681716279064708533660
4,35,83,68,307672951466965016817251944438180168
4,35,83,69,793809017887658223095847628963324542
4,35,83,70,1929387135896177602025754955766304760
4,35,83,71,4415253075023656606098002517937326562
4,35,83,72,9508544145364613987388519732736342332
4,35,83,73,19262967586515702284837255361770550008
4,35,83,74,36699160140170665409131081763727645524
4,35,83,75,65740729949699634538623099835926342828
4,35,83,76,110721415382500560969170672734353503300
4,35,83,77,175337007855403945959335149767724912610
4,35,83,78,261119415693568746660669611761581335364
4,35,83,79,365811850125023364285475766947764082670
4,35,83,80,482287445476388276267710729081174132548
4,35,83,81,598690684283656600772446306877389066896
4,35,83,82,700168205016985497317366418858318434578
4,35,83,83,771951523288125882180570888484740689094
4,35,83,84,802919660561456023596343273125649814736
4,35,83,85,788442856924673629377960848466085842596
4,35,83,86,731499454927120815245325440594244405700
4,35,83,87,641703448295354774684495942408316092644
4,35,83,88,532669219304377329493105329808001272288
4,35,83,89,418697177301497460975853679003490382588
4,35,83,90,311862762426765025347688567190560987786
4,35,83,91,220257965950893910143910090206680186518
4,35,83,92,147593251771888434886993928670526105236
4,35,83,93,93887218190833412756475489976620046022
4,35,83,94,56723650560479278442374965134778760138
4,35,83,95,32563064609424662642051734551500303168
4,35,83,96,17768373198924152281736289847973180320
4,35,83,97,9218519474943228181925705729686257360
4,35,83,98,4548494280914186802633435640220495792
4,35,83,99,2134723093825257436244989963395937168
4,35,83,100,953083488467992065219961847316401302
4,35,83,101,404817304445155858626203262701531582
4,35,83,102,163578542570725990982774654002436766
4,35,83,103,62880068199642103401445879639430820
4,35,83,104,22992304321213010977235137672091610
4,35,83,105,7996233154434893002818745864379666
4,35,83,106,2644627539909012160518153896556274
4,35,83,107,831687185096425684133850447754780
4,35,83,108,248665895129826736007832548027970
4,35,83,109,70678668188112959769645000106880
4,35,83,110,19096320351428339804345036497666
4,35,83,111,4904543837541583785857659692074
4,35,83,112,1197470623191663067064045720162
4,35,83,113,277980393198118278391432382340
4,35,83,114,61369218560542035054008066098
4,35,83,115,12888901654623743119681938384
4,35,83,116,2576234933497850185006502688
4,35,83,117,490298730584163769224159298
4,35,83,118,88891299895159940667553516
4,35,83,119,15360387569189921172493386
4,35,83,120,2531055168348453998658866
4,35,83,121,397875832696367226493390
4,35,83,122,59689156231440563617020
4,35,83,123,8547795751896389594200
4,35,83,124,1168622405763502410074
4,35,83,125,152523090454682745588
4,35,83,126,18999131760395341844
4,35,83,127,2257682407028168216
4,35,83,128,255737258502853558
4,35,83,129,27583347913654078
4,35,83,130,2828415798024572
4,35,83,131,275130165640958
4,35,83,132,25309163388518
4,35,83,133,2191303440386
4,35,83,134,177354662206
4,35,83,135,13264453124
4,35,83,136,902455400
4,35,83,137,54540470
4,35,83,138,2805306
4,35,83,139,119070
4,35,83,140,3486
4,35,83,141,60
4,35,83,142,0
4,35,83,143,0
4,35,83,144,0
4,35,83,145,0
4,35,83,146,0
4,35,83,147,0
4,35,83,148,0
4,35,83,149,0
4,35,83,150,0
4,35,83,151,0
4,35,83,152,0
4,35,83,153,0
4,35,83,154,0
4,35,83,155,0
4,35,83,156,0
4,35,83,157,0
4,35,83,158,0
4,35,83,159,0
4,35,83,160,0
4,35,83,161,0
4,35,83,162,0
4,35,83,163,0
4,35,83,164,0
4,35,83,165,0
4,35,83,166,0
4,35,83,167,0
4,35,83,168,0
4,35,83,169,0
4,35,83,170,0
4,35,83,171,0
4,35,83,172,0
4,35,83,173,0
4,35,83,174,0
4,35,83,175,0
4,35,83,176,0
4,35,83,177,0
4,35,83,178,0
4,35,83,179,0
4,35,83,180,0
4,35,83,181,0
4,35,83,182,0
4,35,83,183,0
4,35,83,184,0
4,35,83,185,0
4,35,83,186,0
4,35,83,187,0
4,35,83,188,0
4,35,83,189,0
4,35,83,190,0
4,35,83,191,0
4,35,83,192,0
4,35,83,193,0
4,35,83,194,0
4,35,83,195,0
4,35,83,196,0
4,35,83,197,0
4,35,83,198,0
4,35,83,199,0
4,35,83,200,0
4,35,83,201,0
4,35,83,202,0
4,35,83,203,0
4,35,83,204,0
4,35,83,205,0
4,35,83,206,0
4,35,83,207,0
4,35,83,208,0
4,35,83,209,0
4,35,83,210,0
4,35,83,211,0
4,35,83,212,0
4,35,83,213,0
4,35,83,214,0
4,35,83,215,0
4,35,83,216,0
4,35,83,217,0
4,35,83,218,0
4,35,83,219,0
4,35,83,220,0
4,35,83,221,0
4,35,83,222,0
4,35,83,223,0
4,35,83,224,0
4,35,83,225,0
4,35,83,226,0
4,35,83,227,0
4,35,83,228,0
4,35,83,229,0
4,35,83,230,0
4,35,83,231,0
4,35,83,232,0
4,35,83,233,0
4,35,83,234,0
4,35,83,235,0
4,35,83,236,0
4,35,83,237,0
4,35,83,238,0
4,35,83,239,0
4,35,83,240,0
4,35,83,241,0
4,35,84,0,0
4,35,84,1,0
4,35,84,2,0
4,35,84,3,0
4,35,84,4,0
4,35,84,5,0
4,35,84,6,0
4,35,84,7,0
4,35,84,8,0
4,35,84,9,0
4,35,84,10,0
4,35,84,11,0
4,35,84,12,0
4,35,84,13,0
4,35,84,14,0
4,35,84,15,0
4,35,84,16,0
4,35,84,17,0
4,35,84,18,0
4,35,84,19,0
4,35,84,20,0
4,35,84,21,0
4,35,84,22,0
4,35,84,23,0
4,35,84,24,0
4,35,84,25,0
4,35,84,26,0
4,35,84,27,0
4,35,84,28,0
4,35,84,29,0
4,35,84,30,0
4,35,84,31,0
4,35,84,32,0
4,35,84,33,0
4,35,84,34,0
4,35,84,35,0
4,35,84,36,0
4,35,84,37,0
4,35,84,38,0
4,35,84,39,0
4,35,84,40,1668903600
4,35,84,41,115110549120
4,35,84,42,4045287617166
4,35,84,43,98069449472568
4,35,84,44,1853986001986782
4,35,84,45,29143016342123234
4,35,84,46,395825484663449190
4,35,84,47,4762993151264224950
4,35,84,48,51659633847314981252
4,35,84,49,511316461052228269882
4,35,84,50,4660812491207125751528
4,35,84,51,39396320475071939749600
4,35,84,52,310423594341443669484996
4,35,84,53,2289368171342808023334284
4,35,84,54,15852312792821098011589510
4,35,84,55,103305788234904141884503202
4,35,84,56,634744476144128911796064690
4,35,84,57,3682123530668380425277013463
4,35,84,58,20185419045600433079426621307
4,35,84,59,104638713524806474026564950956
4,35,84,60,513122032628526212430334096590
4,35,84,61,2380581695526245284385565082439
4,35,84,62,10448601417824674776840337613698
4,35,84,63,43376663378930440749431192643620
4,35,84,64,170267312410501477556848375747531
4,35,84,65,631673823397958408715833235336567
4,35,84,66,2213683302248921638427109929793961
4,35,84,67,7324002251588238050729470971019181
4,35,84,68,22862571792610858674408782328857845
4,35,84,69,67293207197507377266910957360514527
4,35,84,70,186643938896399630938851020674944109
4,35,84,71,487516528172693066409331498525474494
4,35,84,72,1198535923021248871018154009710820628
4,35,84,73,2771898045411988150083560849264936476
4,35,84,74,6028065849452515032651623162941837466
4,35,84,75,12322576844868210890886940116490569271
4,35,84,76,23672268594039883567552220263347914386
4,35,84,77,42730017268977763416948017281963470723
4,35,84,78,72472321809426774350774914216336725398
4,35,84,79,115504976515461735700743628707322957306
4,35,84,80,173027148494324264995602613798932604131
4,35,84,81,243701709065011867908334997534011201731
4,35,84,82,322868671078532048599301610166186338842
4,35,84,83,402577930813007868104652423781545534117
4,35,84,84,472715474769672273766327260962188706833
4,35,84,85,523085903182883971047871348751665755091
4,35,84,86,545868812765116675782984292048529130317
4,35,84,87,537623448812672939577357075655519800886
4,35,84,88,500129102199555711636062317713144893537
4,35,84,89,439784126552486632210224009680291571761
4,35,84,90,365834046170274314888534345385900322964
4,35,84,91,288096752773611200233928942432190696438
4,35,84,92,214935998797432173516197006814277764549
4,35,84,93,152014134870204550181157443124321725746
4,35,84,94,101982998425110143880963803488104418643
4,35,84,95,64935270656492795019174452592267016918
4,35,84,96,39260514381223372765372405493835886059
4,35,84,97,22549617200777299565261599687983754420
4,35,84,98,12307982878723607267854495114341690819
4,35,84,99,6385967777714465939014868274938635680
4,35,84,100,3150339627779362101559534062083659897
4,35,84,101,1477914038221220247601575163127230771
4,35,84,102,659394202755170078555029473236400907
4,35,84,103,279809486789281442891334222854900317
4,35,84,104,112926167359848750328851558372428401
4,35,84,105,43342508015247983474078822318092324
4,35,84,106,15818875029435022541295882438879176
4,35,84,107,5489345886669846045670356853473945
4,35,84,108,1810847626541485521602473089421500
4,35,84,109,567792673070389678253447367642732
4,35,84,110,169191501159599556422754499869908
4,35,84,111,47906441154369773914879431452360
4,35,84,112,12888450434391062970508487591067
4,35,84,113,3294507071288048205213986663326
4,35,84,114,800180789859661611235724568030
4,35,84,115,184695961986719866618019967880
4,35,84,116,40523158915060793943850645740
4,35,84,117,8454181044313321220885710568
4,35,84,118,1677815792544141860757362174
4,35,84,119,316907070675747353250214926
4,35,84,120,56998323561904766077532491
4,35,84,121,9767114418741020072775239
4,35,84,122,1595386653069324141628852
4,35,84,123,248518406621962585291151
4,35,84,124,36932121771511438427641
4,35,84,125,5237370803997476159478
4,35,84,126,708816369019549940365
4,35,84,127,91545758617857244123
4,35,84,128,11280009322689217629
4,35,84,129,1325324168732798969
4,35,84,130,148360676512854087
4,35,84,131,15804406722480642
4,35,84,132,1599428369379635
4,35,84,133,153402137176242
4,35,84,134,13895668782865
4,35,84,135,1182530928319
4,35,84,136,93799107042
4,35,84,137,6849090446
4,35,84,138,452335572
4,35,84,139,26323799
4,35,84,140,1283636
4,35,84,141,51305
4,35,84,142,1330
4,35,84,143,15
4,35,84,144,0
4,35,84,145,0
4,35,84,146,0
4,35,84,147,0
4,35,84,148,0
4,35,84,149,0
4,35,84,150,0
4,35,84,151,0
4,35,84,152,0
4,35,84,153,0
4,35,84,154,0
4,35,84,155,0
4,35,84,156,0
4,35,84,157,0
4,35,84,158,0
4,35,84,159,0
4,35,84,160,0
4,35,84,161,0
4,35,84,162,0
4,35,84,163,0
4,35,84,164,0
4,35,84,165,0
4,35,84,166,0
4,35,84,167,0
4,35,84,168,0
4,35,84,169,0
4,35,84,170,0
4,35,84,171,0
4,35,84,172,0
4,35,84,173,0
4,35,84,174,0
4,35,84,175,0
4,35,84,176,0
4,35,84,177,0
4,35,84,178,0
4,35,84,179,0
4,35,84,180,0
4,35,84,181,0
4,35,84,182,0
4,35,84,183,0
4,35,84,184,0
4,35,84,185,0
4,35,84,186,0
4,35,84,187,0
4,35,84,188,0
4,35,84,189,0
4,35,84,190,0
4,35,84,191,0
4,35,84,192,0
4,35,84,193,0
4,35,84,194,0
4,35,84,195,0
4,35,84,196,0
4,35,84,197,0
4,35,84,198,0
4,35,84,199,0
4,35,84,200,0
4,35,84,201,0
4,35,84,202,0
4,35,84,203,0
4,35,84,204,0
4,35,84,205,0
4,35,84,206,0
4,35,84,207,0
4,35,84,208,0
4,35,84,209,0
4,35,84,210,0
4,35,84,211,0
4,35,84,212,0
4,35,84,213,0
4,35,84,214,0
4,35,84,215,0
4,35,84,216,0
4,35,84,217,0
4,35,84,218,0
4,35,84,219,0
4,35,84,220,0
4,35,84,221,0
4,35,84,222,0
4,35,84,223,0
4,35,84,224,0
4,35,84,225,0
4,35,84,226,0
4,35,84,227,0
4,35,84,228,0
4,35,84,229,0
4,35,84,230,0
4,35,84,231,0
4,35,84,232,0
4,35,84,233,0
4,35,84,234,0
4,35,84,235,0
4,35,84,236,0
4,35,84,237,0
4,35,84,238,0
4,35,84,239,0
4,35,84,240,0
4,35,84,241,0
4,35,85,0,0
4,35,85,1,0
4,35,85,2,0
4,35,85,3,0
4,35,85,4,0
4,35,85,5,0
4,35,85,6,0
4,35,85,7,0
4,35,85,8,0
4,35,85,9,0
4,35,85,10,0
4,35,85,11,0
4,35,85,12,0
4,35,85,13,0
4,35,85,14,0
4,35,85,15,0
4,35,85,16,0
4,35,85,17,0
4,35,85,18,0
4,35,85,19,0
4,35,85,20,0
4,35,85,21,0
4,35,85,22,0
4,35,85,23,0
4,35,85,24,0
4,35,85,25,0
4,35,85,26,0
4,35,85,27,0
4,35,85,28,0
4,35,85,29,0
4,35,85,30,0
4,35,85,31,0
4,35,85,32,0
4,35,85,33,0
4,35,85,34,0
4,35,85,35,0
4,35,85,36,0
4,35,85,37,0
4,35,85,38,0
4,35,85,39,0
4,35,85,40,0
4,35,85,41,0
4,35,85,42,0
4,35,85,43,2952675600
4,35,85,44,223249461120
4,35,85,45,8434320619740
4,35,85,46,216055844042310
4,35,85,47,4257918949348580
4,35,85,48,69050477228061720
4,35,85,49,959665117828723572
4,35,85,50,11738082969197636560
4,35,85,51,128697522816842908356
4,35,85,52,1281631391731619635558
4,35,85,53,11705889991243696762886
4,35,85,54,98782678673626726231850
4,35,85,55,774508879733057543917878
4,35,85,56,5666499365316951831735750
4,35,85,57,38814239326042510034058504
4,35,85,58,249554225559235611101988036
4,35,85,59,1508965198833124798169898362
4,35,85,60,8593315630640570733448654026
4,35,85,61,46138064464289338059527191484
4,35,85,62,233710704150272309456401686998
4,35,85,63,1117378973950460090616263542942
4,35,85,64,5043197795134344257059802043432
4,35,85,65,21487818004815996590454821937176
4,35,85,66,86414749723114663375700307446088
4,35,85,67,327918300295881536465197873687316
4,35,85,68,1173694800387048799657054221888092
4,35,85,69,3960532643231538258723594703050170
4,35,85,70,12593196570533333980366484679563222
4,35,85,71,37710745330182940074868888481344530
4,35,85,72,106292052193364115688041538426072504
4,35,85,73,281843964200525247275064275818150692
4,35,85,74,702698690145586467564462448311260570
4,35,85,75,1646587181623671506234514276272627368
4,35,85,76,3624835102448475873901086272797899958
4,35,85,77,7494613920656956302349120564520798320
4,35,85,78,14550565990304046874498918904814579098
4,35,85,79,26524023359144419804612988747776018990
4,35,85,80,45398069702895779880009382138332847004
4,35,85,81,72968466728586064152195382682213954472
4,35,85,82,110165556831830509689842421504512681446
4,35,85,83,156290187625045869177453860784439591762
4,35,85,84,208449683202575744472383012006793275570
4,35,85,85,261519216271683029628158316251812892622
4,35,85,86,308832215206685574741071402073817673470
4,35,85,87,343533905825000083827126926720926893882
4,35,85,88,360227012119897513740009096498513914826
4,35,85,89,356358460443971829999881167091951819780
4,35,85,90,332852755889053247431239918414501496062
4,35,85,91,293778971115863889059468846250368512436
4,35,85,92,245208155603606383338555055461398667882
4,35,85,93,193697803272137979921842251614465540032
4,35,85,94,144911615878481734660974087290557187304
4,35,85,95,102745549162820701792282744125349632202
4,35,85,96,69083312883687296262950081779245728520
4,35,85,97,44073408511845233564092581277178748032
4,35,85,98,26692467313570033997400447039457554660
4,35,85,99,15353083972135103066898854797960148690
4,35,85,100,8389842232918262975103090170107594374
4,35,85,101,4357020139900711612823687903965496958
4,35,85,102,2150796482614577034023862340221294678
4,35,85,103,1009369123488845239489445524843324038
4,35,85,104,450381202502192367775155019700777922
4,35,85,105,191074082675455566241313682563901652
4,35,85,106,77072878121671853952575974931591258
4,35,85,107,29555926637910140430101868420084502
4,35,85,108,10774004466391034215965723575821946
4,35,85,109,3732770965137136894526700630815120
4,35,85,110,1228938287515408547927389228066038
4,35,85,111,384408730558946697346905739669806
4,35,85,112,114220680146723103971450122299038
4,35,85,113,32234449044054727139097176198868
4,35,85,114,8639238904404633680040616344250
4,35,85,115,2198843882051423068900203372128
4,35,85,116,531491885340340586163232813288
4,35,85,117,122023460017942188018321102282
4,35,85,118,26615840401889041443288119134
4,35,85,119,5517431840546570427369865942
4,35,85,120,1087484299547950201976722870
4,35,85,121,203900495011647596713750594
4,35,85,122,36388274765427316635154158
4,35,85,123,6184368870315606551661652
4,35,85,124,1001502000310171203735674
4,35,85,125,154609619187944757782340
4,35,85,126,22762240083012097706826
4,35,85,127,3196681057835991805584
4,35,85,128,428286971403215516696
4,35,85,129,54737734096262219690
4,35,85,130,6671510872259250386
4,35,85,131,774997698273289174
4,35,85,132,85728967330632942
4,35,85,133,9018588432801992
4,35,85,134,900595173695638
4,35,85,135,85142888282064
4,35,85,136,7591300078720
4,35,85,137,634506411462
4,35,85,138,49287312072
4,35,85,139,3509402284
4,35,85,140,224124048
4,35,85,141,12591632
4,35,85,142,578552
4,35,85,143,20836
4,35,85,144,560
4,35,85,145,0
4,35,85,146,0
4,35,85,147,0
4,35,85,148,0
4,35,85,149,0
4,35,85,150,0
4,35,85,151,0
4,35,85,152,0
4,35,85,153,0
4,35,85,154,0
4,35,85,155,0
4,35,85,156,0
4,35,85,157,0
4,35,85,158,0
4,35,85,159,0
4,35,85,160,0
4,35,85,161,0
4,35,85,162,0
4,35,85,163,0
4,35,85,164,0
4,35,85,165,0
4,35,85,166,0
4,35,85,167,0
4,35,85,168,0
4,35,85,169,0
4,35,85,170,0
4,35,85,171,0
4,35,85,172,0
4,35,85,173,0
4,35,85,174,0
4,35,85,175,0
4,35,85,176,0
4,35,85,177,0
4,35,85,178,0
4,35,85,179,0
4,35,85,180,0
4,35,85,181,0
4,35,85,182,0
4,35,85,183,0
4,35,85,184,0
4,35,85,185,0
4,35,85,186,0
4,35,85,187,0
4,35,85,188,0
4,35,85,189,0
4,35,85,190,0
4,35,85,191,0
4,35,85,192,0
4,35,85,193,0
4,35,85,194,0
4,35,85,195,0
4,35,85,196,0
4,35,85,197,0
4,35,85,198,0
4,35,85,199,0
4,35,85,200,0
4,35,85,201,0
4,35,85,202,0
4,35,85,203,0
4,35,85,204,0
4,35,85,205,0
4,35,85,206,0
4,35,85,207,0
4,35,85,208,0
4,35,85,209,0
4,35,85,210,0
4,35,85,211,0
4,35,85,212,0
4,35,85,213,0
4,35,85,214,0
4,35,85,215,0
4,35,85,216,0
4,35,85,217,0
4,35,85,218,0
4,35,85,219,0
4,35,85,220,0
4,35,85,221,0
4,35,85,222,0
4,35,85,223,0
4,35,85,224,0
4,35,85,225,0
4,35,85,226,0
4,35,85,227,0
4,35,85,228,0
4,35,85,229,0
4,35,85,230,0
4,35,85,231,0
4,35,85,232,0
4,35,85,233,0
4,35,85,234,0
4,35,85,235,0
4,35,85,236,0
4,35,85,237,0
4,35,85,238,0
4,35,85,239,0
4,35,85,240,0
4,35,85,241,0
4,35,86,0,0
4,35,86,1,0
4,35,86,2,0
4,35,86,3,0
4,35,86,4,0
4,35,86,5,0
4,35,86,6,0
4,35,86,7,0
4,35,86,8,0
4,35,86,9,0
4,35,86,10,0
4,35,86,11,0
4,35,86,12,0
4,35,86,13,0
4,35,86,14,0
4,35,86,15,0
4,35,86,16,0
4,35,86,17,0
4,35,86,18,0
4,35,86,19,0
4,35,86,20,0
4,35,86,21,0
4,35,86,22,0
4,35,86,23,0
4,35,86,24,0
4,35,86,25,0
4,35,86,26,0
4,35,86,27,0
4,35,86,28,0
4,35,86,29,0
4,35,86,30,0
4,35,86,31,0
4,35,86,32,0
4,35,86,33,0
4,35,86,34,0
4,35,86,35,0
4,35,86,36,0
4,35,86,37,0
4,35,86,38,0
4,35,86,39,0
4,35,86,40,0
4,35,86,41,0
4,35,86,42,0
4,35,86,43,0
4,35,86,44,0
4,35,86,45,0
4,35,86,46,4639918800
4,35,86,47,383793240720
4,35,86,48,15603363916980
4,35,86,49,423414451305900
4,35,86,50,8723859074439284
4,35,86,51,146358674898163384
4,35,86,52,2086626766852873586
4,35,86,53,26001289883677146356
4,35,86,54,288755185237873084832
4,35,86,55,2898259169215131187542
4,35,86,56,26565536610946008256040
4,35,86,57,224113632101837638652566
4,35,86,58,1750572439095155442669582
4,35,86,59,12718955248763538901595806
4,35,86,60,86262890379731715118784200
4,35,86,61,547625501108743856149159864
4,35,86,62,3260869885664077806790124948
4,35,86,63,18240987801228959753087253141
4,35,86,64,95965944554456214793101491094
4,35,86,65,475199188748939081910729136472
4,35,86,66,2215815656468539732594549191686
4,35,86,67,9731874585434021412584201982600
4,35,86,68,40261001413671668229035473167395
4,35,86,69,156873310601224979267374597695176
4,35,86,70,575554665917822621486306586385684
4,35,86,71,1987705806795109462141096365038949
4,35,86,72,6459083664698239990131790564873369
4,35,86,73,19740111880092179432815029866009012
4,35,86,74,56713516620578407488164179008616956
4,35,86,75,153102315794532351099993984855676726
4,35,86,76,388191449687305215090087044871440055
4,35,86,77,924080014088250931364981923355596643
4,35,86,78,2064574691233888671795829479520793117
4,35,86,79,4328145654560677300788699048067411997
4,35,86,80,8512502026593324098779174036219393667
4,35,86,81,15706392097881587572774006663674956802
4,35,86,82,27188706248889594236678235147517531634
4,35,86,83,44164528869797567222107986296830027706
4,35,86,84,67338361666968065641259550736381593169
4,35,86,85,96412924283075753447615229599597767071
4,35,86,86,129693115195135132210239055487948179543
4,35,86,87,164010982102202946932383821662600550705
4,35,86,88,195120355534985254557810617714949213804
4,35,86,89,218540549193509963153921775972836469911
4,35,86,90,230625245285314113739481076520818392499
4,35,86,91,229500954934213465259284600923469875702
4,35,86,92,215539636927821888155695710577796977736
4,35,86,93,191203100683779518130086301815673392064
4,35,86,94,160339270100923125760940150083923729312
4,35,86,95,127203988215064215931265758368687890025
4,35,86,96,95542842971608322203397814418811480704
4,35,86,97,67987844495844386216358522053784433584
4,35,86,98,45864262743791521315944852315786233260
4,35,86,99,29347751887909214579163451708284543202
4,35,86,100,17821772354932676661182045775011365278
4,35,86,101,10275211892689344569209534925972882638
4,35,86,102,5626674937354810573332882771209685486
4,35,86,103,2927251874414586189143418068165272514
4,35,86,104,1447140067098053809107088690024115740
4,35,86,105,679935450563349541357949034494572296
4,35,86,106,303645145133910472236115691297546012
4,35,86,107,128888276724128843029692162520527086
4,35,86,108,51998385494283533420660624084539088
4,35,86,109,19936707315159617732952965814932449
4,35,86,110,7263437877548444890395485470274139
4,35,86,111,2514079604262854638701019878840301
4,35,86,112,826564307815024379409996143722113
4,35,86,113,258074033251132753856316582920685
4,35,86,114,76505910231096569442212959699711
4,35,86,115,21530478289850349503714537308216
4,35,86,116,5751302855940881603511042201079
4,35,86,117,1458170405352734269435769591574
4,35,86,118,350908075186880293123299051690
4,35,86,119,80164015134522574669983260083
4,35,86,120,17388919507720060345528658053
4,35,86,121,3582833095145823617820222297
4,35,86,122,701516961074754490384817251
4,35,86,123,130598360403778578849157728
4,35,86,124,23130012077870195340558413
4,35,86,125,3899489862397825032827645
4,35,86,126,626147601592642567765171
4,35,86,127,95807080552222165920517
4,35,86,128,13974686428478929092884
4,35,86,129,1943677777454436678473
4,35,86,130,257802486403582054051
4,35,86,131,32605259742530027980
4,35,86,132,3930795044333707098
4,35,86,133,451435556696513877
4,35,86,134,49341429147689139
4,35,86,135,5125201598692856
4,35,86,136,504909732654118
4,35,86,137,47036512775670
4,35,86,138,4125807206226
4,35,86,139,338499795342
4,35,86,140,25709327049
4,35,86,141,1783768159
4,35,86,142,110088559
4,35,86,143,5889076
4,35,86,144,261720
4,35,86,145,8112
4,35,86,146,196
4,35,86,147,0
4,35,86,148,0
4,35,86,149,0
4,35,86,150,0
4,35,86,151,0
4,35,86,152,0
4,35,86,153,0
4,35,86,154,0
4,35,86,155,0
4,35,86,156,0
4,35,86,157,0
4,35,86,158,0
4,35,86,159,0
4,35,86,160,0
4,35,86,161,0
4,35,86,162,0
4,35,86,163,0
4,35,86,164,0
4,35,86,165,0
4,35,86,166,0
4,35,86,167,0
4,35,86,168,0
4,35,86,169,0
4,35,86,170,0
4,35,86,171,0
4,35,86,172,0
4,35,86,173,0
4,35,86,174,0
4,35,86,175,0
4,35,86,176,0
4,35,86,177,0
4,35,86,178,0
4,35,86,179,0
4,35,86,180,0
4,35,86,181,0
4,35,86,182,0
4,35,86,183,0
4,35,86,184,0
4,35,86,185,0
4,35,86,186,0
4,35,86,187,0
4,35,86,188,0
4,35,86,189,0
4,35,86,190,0
4,35,86,191,0
4,35,86,192,0
4,35,86,193,0
4,35,86,194,0
4,35,86,195,0
4,35,86,196,0
4,35,86,197,0
4,35,86,198,0
4,35,86,199,0
4,35,86,200,0
4,35,86,201,0
4,35,86,202,0
4,35,86,203,0
4,35,86,204,0
4,35,86,205,0
4,35,86,206,0
4,35,86,207,0
4,35,86,208,0
4,35,86,209,0
4,35,86,210,0
4,35,86,211,0
4,35,86,212,0
4,35,86,213,0
4,35,86,214,0
4,35,86,215,0
4,35,86,216,0
4,35,86,217,0
4,35,86,218,0
4,35,86,219,0
4,35,86,220,0
4,35,86,221,0
4,35,86,222,0
4,35,86,223,0
4,35,86,224,0
4,35,86,225,0
4,35,86,226,0
4,35,86,227,0
4,35,86,228,0
4,35,86,229,0
4,35,86,230,0
4,35,86,231,0
4,35,86,232,0
4,35,86,233,0
4,35,86,234,0
4,35,86,235,0
4,35,86,236,0
4,35,86,237,0
4,35,86,238,0
4,35,86,239,0
4,35,86,240,0
4,35,86,241,0
4,35,87,0,0
4,35,87,1,0
4,35,87,2,0
4,35,87,3,0
4,35,87,4,0
4,35,87,5,0
4,35,87,6,0
4,35,87,7,0
4,35,87,8,0
4,35,87,9,0
4,35,87,10,0
4,35,87,11,0
4,35,87,12,0
4,35,87,13,0
4,35,87,14,0
4,35,87,15,0
4,35,87,16,0
4,35,87,17,0
4,35,87,18,0
4,35,87,19,0
4,35,87,20,0
4,35,87,21,0
4,35,87,22,0
4,35,87,23,0
4,35,87,24,0
4,35,87,25,0
4,35,87,26,0
4,35,87,27,0
4,35,87,28,0
4,35,87,29,0
4,35,87,30,0
4,35,87,31,0
4,35,87,32,0
4,35,87,33,0
4,35,87,34,0
4,35,87,35,0
4,35,87,36,0
4,35,87,37,0
4,35,87,38,0
4,35,87,39,0
4,35,87,40,0
4,35,87,41,0
4,35,87,42,0
4,35,87,43,0
4,35,87,44,0
4,35,87,45,0
4,35,87,46,0
4,35,87,47,0
4,35,87,48,0
4,35,87,49,6495886320
4,35,87,50,586785966360
4,35,87,51,25690319720490
4,35,87,52,740133257283600
4,35,87,53,15986405807686134
4,35,87,54,278215206039826414
4,35,87,55,4079155199562251784
4,35,87,56,51900501233128224196
4,35,87,57,584974068934328864650
4,35,87,58,5928228332942071922748
4,35,87,59,54616134222318416210346
4,35,87,60,461249992626487095171084
4,35,87,61,3593628774078255634627982
4,35,87,62,25956142045792166353381408
4,35,87,63,174462468398813897219805056
4,35,87,64,1094426046337530029971590190
4,35,87,65,6421873253994567036785042162
4,35,87,66,35306583811819541456096549806
4,35,87,67,182096099310345113878822176248
4,35,87,68,881798018809334909755887052188
4,35,87,69,4011463054718907906108974072362
4,35,87,70,17148905336188030551810715710252
4,35,87,71,68899809622197916584724344232492
4,35,87,72,260151710841219431247323132601618
4,35,87,73,922970708030882224600468094521414
4,35,87,74,3076009700800144105104806439560982
4,35,87,75,9626872728730312282907436374819800
4,35,87,76,28282949338819483320308427630624930
4,35,87,77,77973359453695041634841172951774630
4,35,87,78,201649073609203072798896923890372456
4,35,87,79,489031368952786767328637787599110296
4,35,87,80,1111870521323538732636961828903243164
4,35,87,81,2369558717660130117526911339354564274
4,35,87,82,4732974408758400065357033850526953634
4,35,87,83,8860457714149865129975087115266678934
4,35,87,84,15548315974706029177892400791306036154
4,35,87,85,25580887021747664243168919828076697386
4,35,87,86,39473240971300617979173930449083875372
4,35,87,87,57153534472386140797631624646635830008
4,35,87,88,77692556522865616685388570173946306984
4,35,87,89,99218864804125932173244177545293603160
4,35,87,90,119125145625238881271250129955633278992
4,35,87,91,134570234547667721893482724889963489218
4,35,87,92,143150092744474371697051837541712051288
4,35,87,93,143516913015537166151588646783708220802
4,35,87,94,135724703827411114989480626837059227274
4,35,87,95,121180185455219122680838420674933156510
4,35,87,96,102231469894245323963751964589253000282
4,35,87,97,81558040660573474627756716442633763892
4,35,87,98,61575508392475788809912298934662312714
4,35,87,99,44026615222363016217788410678315141942
4,35,87,100,29831136253718144922684554731478251782
4,35,87,101,19165685402330627109487736786941950920
4,35,87,102,11681584595451185107335777382458967326
4,35,87,103,6757615188189951466902087263549178742
4,35,87,104,3711579771074707399530965201005206868
4,35,87,105,1936086245819188213731675604170409524
4,35,87,106,959369141932921638371094531210494886
4,35,87,107,451652818724766300362401875824890480
4,35,87,108,202028956654897797603775805620830248
4,35,87,109,85864788794331385116941249303823220
4,35,87,110,34672457211628022741193131669518538
4,35,87,111,13300658091239982109226154758581812
4,35,87,112,4846304126279837183745721153640294
4,35,87,113,1676913980608826641346643363006630
4,35,87,114,550904180336280722269174612743028
4,35,87,115,171792698865117409376972322601498
4,35,87,116,50839143000617184711799073453334
4,35,87,117,14274806724166575107731052202256
4,35,87,118,3802383443906389112556227631338
4,35,87,119,960774795958923822376873294644
4,35,87,120,230289366813289027802633521916
4,35,87,121,52368101710571711222854417312
4,35,87,122,11300724280381471154094005976
4,35,87,123,2314994177632758221945836874
4,35,87,124,450404005229228431254299982
4,35,87,125,83273075520224228371331414
4,35,87,126,14639310487505022292193150
4,35,87,127,2448606876155352787048640
4,35,87,128,389902219452072853450324
4,35,87,129,59136522291714396394082
4,35,87,130,8546686073738313954212
4,35,87,131,1177330311380179467782
4,35,87,132,154595865804334467860
4,35,87,133,19348396435311319734
4,35,87,134,2307162802480447796
4,35,87,135,261940740034020108
4,35,87,136,28285272712355542
4,35,87,137,2900512152017604
4,35,87,138,281824162229144
4,35,87,139,25861566664234
4,35,87,140,2230301688924
4,35,87,141,179469493642
4,35,87,142,13319118170
4,35,87,143,897472290
4,35,87,144,53566976
4,35,87,145,2722310
4,35,87,146,113728
4,35,87,147,3268
4,35,87,148,56
4,35,87,149,0
4,35,87,150,0
4,35,87,151,0
4,35,87,152,0
4,35,87,153,0
4,35,87,154,0
4,35,87,155,0
4,35,87,156,0
4,35,87,157,0
4,35,87,158,0
4,35,87,159,0
4,35,87,160,0
4,35,87,161,0
4,35,87,162,0
4,35,87,163,0
4,35,87,164,0
4,35,87,165,0
4,35,87,166,0
4,35,87,167,0
4,35,87,168,0
4,35,87,169,0
4,35,87,170,0
4,35,87,171,0
4,35,87,172,0
4,35,87,173,0
4,35,87,174,0
4,35,87,175,0
4,35,87,176,0
4,35,87,177,0
4,35,87,178,0
4,35,87,179,0
4,35,87,180,0
4,35,87,181,0
4,35,87,182,0
4,35,87,183,0
4,35,87,184,0
4,35,87,185,0
4,35,87,186,0
4,35,87,187,0
4,35,87,188,0
4,35,87,189,0
4,35,87,190,0
4,35,87,191,0
4,35,87,192,0
4,35,87,193,0
4,35,87,194,0
4,35,87,195,0
4,35,87,196,0
4,35,87,197,0
4,35,87,198,0
4,35,87,199,0
4,35,87,200,0
4,35,87,201,0
4,35,87,202,0
4,35,87,203,0
4,35,87,204,0
4,35,87,205,0
4,35,87,206,0
4,35,87,207,0
4,35,87,208,0
4,35,87,209,0
4,35,87,210,0
4,35,87,211,0
4,35,87,212,0
4,35,87,213,0
4,35,87,214,0
4,35,87,215,0
4,35,87,216,0
4,35,87,217,0
4,35,87,218,0
4,35,87,219,0
4,35,87,220,0
4,35,87,221,0
4,35,87,222,0
4,35,87,223,0
4,35,87,224,0
4,35,87,225,0
4,35,87,226,0
4,35,87,227,0
4,35,87,228,0
4,35,87,229,0
4,35,87,230,0
4,35,87,231,0
4,35,87,232,0
4,35,87,233,0
4,35,87,234,0
4,35,87,235,0
4,35,87,236,0
4,35,87,237,0
4,35,87,238,0
4,35,87,239,0
4,35,87,240,0
4,35,87,241,0
4,35,88,0,0
4,35,88,1,0
4,35,88,2,0
4,35,88,3,0
4,35,88,4,0
4,35,88,5,0
4,35,88,6,0
4,35,88,7,0
4,35,88,8,0
4,35,88,9,0
4,35,88,10,0
4,35,88,11,0
4,35,88,12,0
4,35,88,13,0
4,35,88,14,0
4,35,88,15,0
4,35,88,16,0
4,35,88,17,0
4,35,88,18,0
4,35,88,19,0
4,35,88,20,0
4,35,88,21,0
4,35,88,22,0
4,35,88,23,0
4,35,88,24,0
4,35,88,25,0
4,35,88,26,0
4,35,88,27,0
4,35,88,28,0
4,35,88,29,0
4,35,88,30,0
4,35,88,31,0
4,35,88,32,0
4,35,88,33,0
4,35,88,34,0
4,35,88,35,0
4,35,88,36,0
4,35,88,37,0
4,35,88,38,0
4,35,88,39,0
4,35,88,40,0
4,35,88,41,0
4,35,88,42,0
4,35,88,43,0
4,35,88,44,0
4,35,88,45,0
4,35,88,46,0
4,35,88,47,0
4,35,88,48,0
4,35,88,49,0
4,35,88,50,0
4,35,88,51,0
4,35,88,52,8119857900
4,35,88,53,799894707480
4,35,88,54,37734276329310
4,35,88,55,1156443268305060
4,35,88,56,26253691393021818
4,35,88,57,475233395437805352
4,35,88,58,7183877316620517714
4,35,88,59,93542395675218168272
4,35,88,60,1072240335982305934992
4,35,88,61,10991230251386169972682
4,35,88,62,101940643046753442932312
4,35,88,63,863045453081070370145916
4,35,88,64,6714972775143023164373390
4,35,88,65,48266622786274091232206052
4,35,88,66,321807832225372543559010144
4,35,88,67,1996405909360381261032666210
4,35,88,68,11551620158218237895799594758
4,35,88,69,62454619266775367294471016196
4,35,88,70,315932735629335859730312569661
4,35,88,71,1496743009655622614389297874010
4,35,88,72,6645092435355723407700634511408
4,35,88,73,27658264041069074795184960831632
4,35,88,74,107944377993498581713476450498674
4,35,88,75,395037749577459653290283797316034
4,35,88,76,1355503647485774642423044507794174
4,35,88,77,4360227296154633943433705065733366
4,35,88,78,13145075016661175914935587322309405
4,35,88,79,37132178053640603867827910698857598
4,35,88,80,98256055211808823647940585023318994
4,35,88,81,243494211453688578510562326228349765
4,35,88,82,565011877100488890205452850087704482
4,35,88,83,1227479344096280524484277460921185518
4,35,88,84,2496564063722061447939638393067721858
4,35,88,85,4754112013302410214410395722881353988
4,35,88,86,8477480490314804212949830368228786509
4,35,88,87,14159764456022086222687959822862058219
4,35,88,88,22161915119802058727535368002347604764
4,35,88,89,32519079591920933308341709245936713140
4,35,88,90,44762120565068087902333064510593295730
4,35,88,91,57839605526289263989868104394635231665
4,35,88,92,70212726931174453967496384642093279710
4,35,88,93,80138537262734649181379555456372613880
4,35,88,94,86075439019764481348753039104872341570
4,35,88,95,87079694229103750179284814204531285946
4,35,88,96,83050994827632671605888239527686488148
4,35,88,97,74739399531063155628588642585788464260
4,35,88,98,63519572242132906261596938180019704348
4,35,88,99,51024589482402354830355711657357815909
4,35,88,100,38770917486452570190859136856353413274
4,35,88,101,27887131123720380077517819934671936433
4,35,88,102,19000380428450834721258338496664063292
4,35,88,103,12269911629791889354251001719284617535
4,35,88,104,7513977893402577250458946207094987396
4,35,88,105,4365598517982686176944454077887427885
4,35,88,106,2407275246221577905381263608796567533
4,35,88,107,1260215222545837437695061447664372285
4,35,88,108,626463807529956968684984688146659028
4,35,88,109,295761517912978673689445257209227951
4,35,88,110,132620814328244558243651130708113455
4,35,88,111,56481374228253069674525132792269559
4,35,88,112,22845090572022286994257334989833212
4,35,88,113,8774435322315458116647134568082377
4,35,88,114,3199678732049594526256050149104562
4,35,88,115,1107538641874718030670109735414580
4,35,88,116,363805215411633293471921660604134
4,35,88,117,113376566824435206755719711495674
4,35,88,118,33512865196825486557553607575576
4,35,88,119,9393667043719769976428254977930
4,35,88,120,2496419965268298597246558101282
4,35,88,121,628948499178135222307495380225
4,35,88,122,150219400034275964036992074130
4,35,88,123,34017288709745734952208393758
4,35,88,124,7305351081720182570951136610
4,35,88,125,1488371928757425214926507931
4,35,88,126,287821560022681930425962753
4,35,88,127,52860295181965367952847922
4,35,88,128,9225882855136192345914306
4,35,88,129,1531235430320096582774035
4,35,88,130,241825079554051774640075
4,35,88,131,36359900007837043598339
4,35,88,132,5207054872704720115074
4,35,88,133,710443404564524865482
4,35,88,134,92357573173919031688
4,35,88,135,11438278089615832808
4,35,88,136,1349010969361234650
4,35,88,137,151396138542718080
4,35,88,138,16149440611905871
4,35,88,139,1634580281211224
4,35,88,140,156597831540310
4,35,88,141,14149005140858
4,35,88,142,1199056243511
4,35,88,143,94535686409
4,35,88,144,6846211452
4,35,88,145,447692289
4,35,88,146,25729561
4,35,88,147,1237446
4,35,88,148,48878
4,35,88,149,1235
4,35,88,150,14
4,35,88,151,0
4,35,88,152,0
4,35,88,153,0
4,35,88,154,0
4,35,88,155,0
4,35,88,156,0
4,35,88,157,0
4,35,88,158,0
4,35,88,159,0
4,35,88,160,0
4,35,88,161,0
4,35,88,162,0
4,35,88,163,0
4,35,88,164,0
4,35,88,165,0
4,35,88,166,0
4,35,88,167,0
4,35,88,168,0
4,35,88,169,0
4,35,88,170,0
4,35,88,171,0
4,35,88,172,0
4,35,88,173,0
4,35,88,174,0
4,35,88,175,0
4,35,88,176,0
4,35,88,177,0
4,35,88,178,0
4,35,88,179,0
4,35,88,180,0
4,35,88,181,0
4,35,88,182,0
4,35,88,183,0
4,35,88,184,0
4,35,88,185,0
4,35,88,186,0
4,35,88,187,0
4,35,88,188,0
4,35,88,189,0
4,35,88,190,0
4,35,88,191,0
4,35,88,192,0
4,35,88,193,0
4,35,88,194,0
4,35,88,195,0
4,35,88,196,0
4,35,88,197,0
4,35,88,198,0
4,35,88,199,0
4,35,88,200,0
4,35,88,201,0
4,35,88,202,0
4,35,88,203,0
4,35,88,204,0
4,35,88,205,0
4,35,88,206,0
4,35,88,207,0
4,35,88,208,0
4,35,88,209,0
4,35,88,210,0
4,35,88,211,0
4,35,88,212,0
4,35,88,213,0
4,35,88,214,0
4,35,88,215,0
4,35,88,216,0
4,35,88,217,0
4,35,88,218,0
4,35,88,219,0
4,35,88,220,0
4,35,88,221,0
4,35,88,222,0
4,35,88,223,0
4,35,88,224,0
4,35,88,225,0
4,35,88,226,0
4,35,88,227,0
4,35,88,228,0
4,35,88,229,0
4,35,88,230,0
4,35,88,231,0
4,35,88,232,0
4,35,88,233,0
4,35,88,234,0
4,35,88,235,0
4,35,88,236,0
4,35,88,237,0
4,35,88,238,0
4,35,88,239,0
4,35,88,240,0
4,35,88,241,0
4,35,89,0,0
4,35,89,1,0
4,35,89,2,0
4,35,89,3,0
4,35,89,4,0
4,35,89,5,0
4,35,89,6,0
4,35,89,7,0
4,35,89,8,0
4,35,89,9,0
4,35,89,10,0
4,35,89,11,0
4,35,89,12,0
4,35,89,13,0
4,35,89,14,0
4,35,89,15,0
4,35,89,16,0
4,35,89,17,0
4,35,89,18,0
4,35,89,19,0
4,35,89,20,0
4,35,89,21,0
4,35,89,22,0
4,35,89,23,0
4,35,89,24,0
4,35,89,25,0
4,35,89,26,0
4,35,89,27,0
4,35,89,28,0
4,35,89,29,0
4,35,89,30,0
4,35,89,31,0
4,35,89,32,0
4,35,89,33,0
4,35,89,34,0
4,35,89,35,0
4,35,89,36,0
4,35,89,37,0
4,35,89,38,0
4,35,89,39,0
4,35,89,40,0
4,35,89,41,0
4,35,89,42,0
4,35,89,43,0
4,35,89,44,0
4,35,89,45,0
4,35,89,46,0
4,35,89,47,0
4,35,89,48,0
4,35,89,49,0
4,35,89,50,0
4,35,89,51,0
4,35,89,52,0
4,35,89,53,0
4,35,89,54,0
4,35,89,55,9075135300
4,35,89,56,973946249760
4,35,89,57,49532052729540
4,35,89,58,1617728672996790
4,35,89,59,38696896763279270
4,35,89,60,730530007424751216
4,35,89,61,11414838294615164438
4,35,89,62,152473046565599474320
4,35,89,63,1781208785611344922272
4,35,89,64,18503317082347752428686
4,35,89,65,173050487078082390452912
4,35,89,66,1470816433528814830642542
4,35,89,67,11442778541372658768436930
4,35,89,68,81942088977119934307978276
4,35,89,69,542447414297846952755022914
4,35,89,70,3330684268136043644017253632
4,35,89,71,19017387389443692364790699088
4,35,89,72,101171782818800151800388390452
4,35,89,73,502219864451283001084295231676
4,35,89,74,2328710261756850150984431273556
4,35,89,75,10093577239383691663865712132938
4,35,89,76,40915839015735442777420243706274
4,35,89,77,155158035257149878087070972510416
4,35,89,78,550484092703182555695514310769208
4,35,89,79,1827273313035969862677876175079098
4,35,89,80,5674351563287929331553764018385888
4,35,89,81,16482696210561267989855475401974416
4,35,89,82,44779310414730176784901390900310366
4,35,89,83,113764274059203197948727798192757728
4,35,89,84,270253304578437458647955733733031716
4,35,89,85,600280874461501784407673755335844762
4,35,89,86,1246725257893113594987508977797306894
4,35,89,87,2421437861758843087592314259545456554
4,35,89,88,4399058993803765009125684532631074612
4,35,89,89,7477812923087408567790901627389667074
4,35,89,90,11898986302524167933983290124869419494
4,35,89,91,17733914905752965373191054315970148540
4,35,89,92,24770835062116221757578670433457117540
4,35,89,93,32451787159498849600824985088540098886
4,35,89,94,39907210367897828045602378528670722736
4,35,89,95,46105935491854243087168617193227157114
4,35,89,96,50089926135932957640984167297712829406
4,35,89,97,51219704116222112204960205906677084564
4,35,89,98,49342829501282372938583658854344587138
4,35,89,99,44824317914888346190026421811487317516
4,35,89,100,38432371214078768297666869787346930066
4,35,89,101,31127845200420849757397960820830131838
4,35,89,102,23835403519629443715563363690474699128
4,35,89,103,17268136996579562764431811699016776470
4,35,89,104,11844523014884738414072464635509788918
4,35,89,105,7696753095508027457476808279321176130
4,35,89,106,4740799021078284096241786616843553582
4,35,89,107,2769183379144119589293763753244143498
4,35,89,108,1534530325669655570562900006650912738
4,35,89,109,806965717061093756133035277886349084
4,35,89,110,402798374200614294469728648051760720
4,35,89,111,190869213412849705769075366760274934
4,35,89,112,85867423919256617215932466409303680
4,35,89,113,36674305745664924283955578810984126
4,35,89,114,14869712238066800799271804070605776
4,35,89,115,5722544305062612003730760140513574
4,35,89,116,2089952797706959193832177220552788
4,35,89,117,724168940673085795143943091068272
4,35,89,118,238002300404079618723584174105086
4,35,89,119,74171215500310061086195115105810
4,35,89,120,21911876488809202731236206020250
4,35,89,121,6134825222765361856612494756368
4,35,89,122,1627474379251235190272509596610
4,35,89,123,409034640634982246197777818520
4,35,89,124,97393347125881227855453613352
4,35,89,125,21971770310075678536185764286
4,35,89,126,4697541657809955591773961578
4,35,89,127,952161139157472162381577752
4,35,89,128,183064866774765153953446612
4,35,89,129,33405615722023150165175820
4,35,89,130,5789575134830862040551828
4,35,89,131,953644313484144799481048
4,35,89,132,149390722313030211376002
4,35,89,133,22269353653680755964368
4,35,89,134,3160335472272275698916
4,35,89,135,427094120718355893612
4,35,89,136,54968528870802341230
4,35,89,137,6736500577030974198
4,35,89,138,785754883324345030
4,35,89,139,87160600310690854
4,35,89,140,9183015237788994
4,35,89,141,917217402805170
4,35,89,142,86614834629178
4,35,89,143,7701835253102
4,35,89,144,640884075776
4,35,89,145,49465760266
4,35,89,146,3491889506
4,35,89,147,220708830
4,35,89,148,12248032
4,35,89,149,554388
4,35,89,150,19738
4,35,89,151,520
4,35,89,152,0
4,35,89,153,0
4,35,89,154,0
4,35,89,155,0
4,35,89,156,0
4,35,89,157,0
4,35,89,158,0
4,35,89,159,0
4,35,89,160,0
4,35,89,161,0
4,35,89,162,0
4,35,89,163,0
4,35,89,164,0
4,35,89,165,0
4,35,89,166,0
4,35,89,167,0
4,35,89,168,0
4,35,89,169,0
4,35,89,170,0
4,35,89,171,0
4,35,89,172,0
4,35,89,173,0
4,35,89,174,0
4,35,89,175,0
4,35,89,176,0
4,35,89,177,0
4,35,89,178,0
4,35,89,179,0
4,35,89,180,0
4,35,89,181,0
4,35,89,182,0
4,35,89,183,0
4,35,89,184,0
4,35,89,185,0
4,35,89,186,0
4,35,89,187,0
4,35,89,188,0
4,35,89,189,0
4,35,89,190,0
4,35,89,191,0
4,35,89,192,0
4,35,89,193,0
4,35,89,194,0
4,35,89,195,0
4,35,89,196,0
4,35,89,197,0
4,35,89,198,0
4,35,89,199,0
4,35,89,200,0
4,35,89,201,0
4,35,89,202,0
4,35,89,203,0
4,35,89,204,0
4,35,89,205,0
4,35,89,206,0
4,35,89,207,0
4,35,89,208,0
4,35,89,209,0
4,35,89,210,0
4,35,89,211,0
4,35,89,212,0
4,35,89,213,0
4,35,89,214,0
4,35,89,215,0
4,35,89,216,0
4,35,89,217,0
4,35,89,218,0
4,35,89,219,0
4,35,89,220,0
4,35,89,221,0
4,35,89,222,0
4,35,89,223,0
4,35,89,224,0
4,35,89,225,0
4,35,89,226,0
4,35,89,227,0
4,35,89,228,0
4,35,89,229,0
4,35,89,230,0
4,35,89,231,0
4,35,89,232,0
4,35,89,233,0
4,35,89,234,0
4,35,89,235,0
4,35,89,236,0
4,35,89,237,0
4,35,89,238,0
4,35,89,239,0
4,35,89,240,0
4,35,89,241,0
4,35,90,0,0
4,35,90,1,0
4,35,90,2,0
4,35,90,3,0
4,35,90,4,0
4,35,90,5,0
4,35,90,6,0
4,35,90,7,0
4,35,90,8,0
4,35,90,9,0
4,35,90,10,0
4,35,90,11,0
4,35,90,12,0
4,35,90,13,0
4,35,90,14,0
4,35,90,15,0
4,35,90,16,0
4,35,90,17,0
4,35,90,18,0
4,35,90,19,0
4,35,90,20,0
4,35,90,21,0
4,35,90,22,0
4,35,90,23,0
4,35,90,24,0
4,35,90,25,0
4,35,90,26,0
4,35,90,27,0
4,35,90,28,0
4,35,90,29,0
4,35,90,30,0
4,35,90,31,0
4,35,90,32,0
4,35,90,33,0
4,35,90,34,0
4,35,90,35,0
4,35,90,36,0
4,35,90,37,0
4,35,90,38,0
4,35,90,39,0
4,35,90,40,0
4,35,90,41,0
4,35,90,42,0
4,35,90,43,0
4,35,90,44,0
4,35,90,45,0
4,35,90,46,0
4,35,90,47,0
4,35,90,48,0
4,35,90,49,0
4,35,90,50,0
4,35,90,51,0
4,35,90,52,0
4,35,90,53,0
4,35,90,54,0
4,35,90,55,0
4,35,90,56,0
4,35,90,57,0
4,35,90,58,9075135300
4,35,90,59,1060398854460
4,35,90,60,58175273300100
4,35,90,61,2028317279808480
4,35,90,62,51245716316847122
4,35,90,63,1011632593267457170
4,35,90,64,16382346169511232826
4,35,90,65,225027699933725434194
4,35,90,66,2685075885312250334862
4,35,90,67,28322201635054666136456
4,35,90,68,267563484761081188351580
4,35,90,69,2286513475449062582216898
4,35,90,70,17810968275725086355004568
4,35,90,71,127215272681820052594027750
4,35,90,72,837003060895506772963132762
4,35,90,73,5090998929064494360937749272
4,35,90,74,28705646300073869164342049096
4,35,90,75,150362580090432396185495761024
4,35,90,76,732850131924509406726704017480
4,35,90,77,3327420132439600933779590228316
4,35,90,78,14085960159861876271117923396454
4,35,90,79,55629591473837654172919165514714
4,35,90,80,205036099737785005076214876774786
4,35,90,81,705433688573051103198283521645223
4,35,90,82,2265847700575756610902869804156454
4,35,90,83,6794677621186423218133079335000354
4,35,90,84,19022532171807765791806753939394380
4,35,90,85,49719077922658822482406119098003134
4,35,90,86,121320807755351856173876193569317693
4,35,90,87,276392433682957024174637425591212883
4,35,90,88,587955987303196754725536038207893098
4,35,90,89,1168089100731121289859746990923530664
4,35,90,90,2167930630971345765115496788339811600
4,35,90,91,3760308448254520213913914229194529456
4,35,90,92,6098551919849483958251057067332475061
4,35,90,93,9253732446911383612149766533943898220
4,35,90,94,13146144023913538270398461361636320353
4,35,90,95,17498998422293859580445637379732334067
4,35,90,96,21844154112322316534700299936437778872
4,35,90,97,25595463710592208719490054742621129204
4,35,90,98,28178113484831520088695729597207073137
4,35,90,99,29174702756748653127529663886137752103
4,35,90,100,28436260353107911145247171328922328898
4,35,90,101,26117418178308164684546541002757258668
4,35,90,102,22624958883730679393610664212462633378
4,35,90,103,18502715555011413189489591475495600230
4,35,90,104,14296872675627193699826586739341921475
4,35,90,105,10445898813879465833047602611193072580
4,35,90,106,7222064427341716898818643684823031376
4,35,90,107,4727886914582821398665750277282382298
4,35,90,108,2932299394520501836455346599537995000
4,35,90,109,1723832163788646635014328890001892521
4,35,90,110,960949947179179984694721646852011396
4,35,90,111,508115794468705247813172477589158334
4,35,90,112,254906630506750467351773760222463538
4,35,90,113,121344535073711037225557577083281870
4,35,90,114,54816177964566942520758125726770264
4,35,90,115,23498575072296932938009581140729856
4,35,90,116,9558315297974355052625066247769456
4,35,90,117,3688601221350752040014076003194165
4,35,90,118,1350175761477736519907327351269913
4,35,90,119,468655498855330111572053007169435
4,35,90,120,154213775681472521438002556520594
4,35,90,121,48090778992661665066537082691306
4,35,90,122,14208016271022497934485558330053
4,35,90,123,3975692482802384702668851970887
4,35,90,124,1053408900041393341160239671049
4,35,90,125,264251779088596034134661308482
4,35,90,126,62755859947364905727984190884
4,35,90,127,14110489717272362913362457648
4,35,90,128,3004566364337446948777364075
4,35,90,129,606094440734407090028996948
4,35,90,130,115890023650431573134572997
4,35,90,131,21017306029265950772749007
4,35,90,132,3617781544115801196023347
4,35,90,133,591506279852314245494345
4,35,90,134,91924217433170503472125
4,35,90,135,13586809079688166222023
4,35,90,136,1910849412195014474992
4,35,90,137,255790405283394616658
4,35,90,138,32592935274560933403
4,35,90,139,3952420595057994465
4,35,90,140,455916775617819338
4,35,90,141,49980996031153440
4,35,90,142,5200201853763541
4,35,90,143,512437481947589
4,35,90,144,47680251012354
4,35,90,145,4170344346257
4,35,90,146,340532114130
4,35,90,147,25690967262
4,35,90,148,1766490001
4,35,90,149,107845125
4,35,90,150,5701661
4,35,90,151,249281
4,35,90,152,7634
4,35,90,153,182
4,35,90,154,0
4,35,90,155,0
4,35,90,156,0
4,35,90,157,0
4,35,90,158,0
4,35,90,159,0
4,35,90,160,0
4,35,90,161,0
4,35,90,162,0
4,35,90,163,0
4,35,90,164,0
4,35,90,165,0
4,35,90,166,0
4,35,90,167,0
4,35,90,168,0
4,35,90,169,0
4,35,90,170,0
4,35,90,171,0
4,35,90,172,0
4,35,90,173,0
4,35,90,174,0
4,35,90,175,0
4,35,90,176,0
4,35,90,177,0
4,35,90,178,0
4,35,90,179,0
4,35,90,180,0
4,35,90,181,0
4,35,90,182,0
4,35,90,183,0
4,35,90,184,0
4,35,90,185,0
4,35,90,186,0
4,35,90,187,0
4,35,90,188,0
4,35,90,189,0
4,35,90,190,0
4,35,90,191,0
4,35,90,192,0
4,35,90,193,0
4,35,90,194,0
4,35,90,195,0
4,35,90,196,0
4,35,90,197,0
4,35,90,198,0
4,35,90,199,0
4,35,90,200,0
4,35,90,201,0
4,35,90,202,0
4,35,90,203,0
4,35,90,204,0
4,35,90,205,0
4,35,90,206,0
4,35,90,207,0
4,35,90,208,0
4,35,90,209,0
4,35,90,210,0
4,35,90,211,0
4,35,90,212,0
4,35,90,213,0
4,35,90,214,0
4,35,90,215,0
4,35,90,216,0
4,35,90,217,0
4,35,90,218,0
4,35,90,219,0
4,35,90,220,0
4,35,90,221,0
4,35,90,222,0
4,35,90,223,0
4,35,90,224,0
4,35,90,225,0
4,35,90,226,0
4,35,90,227,0
4,35,90,228,0
4,35,90,229,0
4,35,90,230,0
4,35,90,231,0
4,35,90,232,0
4,35,90,233,0
4,35,90,234,0
4,35,90,235,0
4,35,90,236,0
4,35,90,237,0
4,35,90,238,0
4,35,90,239,0
4,35,90,240,0
4,35,90,241,0
4,35,91,0,0
4,35,91,1,0
4,35,91,2,0
4,35,91,3,0
4,35,91,4,0
4,35,91,5,0
4,35,91,6,0
4,35,91,7,0
4,35,91,8,0
4,35,91,9,0
4,35,91,10,0
4,35,91,11,0
4,35,91,12,0
4,35,91,13,0
4,35,91,14,0
4,35,91,15,0
4,35,91,16,0
4,35,91,17,0
4,35,91,18,0
4,35,91,19,0
4,35,91,20,0
4,35,91,21,0
4,35,91,22,0
4,35,91,23,0
4,35,91,24,0
4,35,91,25,0
4,35,91,26,0
4,35,91,27,0
4,35,91,28,0
4,35,91,29,0
4,35,91,30,0
4,35,91,31,0
4,35,91,32,0
4,35,91,33,0
4,35,91,34,0
4,35,91,35,0
4,35,91,36,0
4,35,91,37,0
4,35,91,38,0
4,35,91,39,0
4,35,91,40,0
4,35,91,41,0
4,35,91,42,0
4,35,91,43,0
4,35,91,44,0
4,35,91,45,0
4,35,91,46,0
4,35,91,47,0
4,35,91,48,0
4,35,91,49,0
4,35,91,50,0
4,35,91,51,0
4,35,91,52,0
4,35,91,53,0
4,35,91,54,0
4,35,91,55,0
4,35,91,56,0
4,35,91,57,0
4,35,91,58,0
4,35,91,59,0
4,35,91,60,0
4,35,91,61,8119857900
4,35,91,62,1032845924880
4,35,91,63,61173972800550
4,35,91,64,2280809577879780
4,35,91,65,61009243224307876
4,35,91,66,1262787205987011316
4,35,91,67,21250960493657878130
4,35,91,68,300942544309052572454
4,35,91,69,3676331084709779072768
4,35,91,70,39457214464055744451860
4,35,91,71,377228803157928584986302
4,35,91,72,3246522470251900057543858
4,35,91,73,25356562375537971984098324
4,35,91,74,180865901323087400277740964
4,35,91,75,1183994078962761582670806812
4,35,91,76,7140536700713974051036081336
4,35,91,77,39791664843245474626566568844
4,35,91,78,205366773537537954893883913268
4,35,91,79,983346722595338595847061514000
4,35,91,80,4374165106801361206563988993546
4,35,91,81,18093378485337180989933496808532
4,35,91,82,69644444318592139892680943681450
4,35,91,83,249580800013233897286002498599940
4,35,91,84,832993666066821144102688119509504
4,35,91,85,2589873116259374029154038507021076
4,35,91,86,7502260370133866269366120051315794
4,35,91,87,20250653245637282699662064928358164
4,35,91,88,50941913320827291427378309327079168
4,35,91,89,119445174043704224844972019835893878
4,35,91,90,261101347310106979623240585789595744
4,35,91,91,532252275685927443294492469201487512
4,35,91,92,1012166430916498780387833462770037672
4,35,91,93,1796437599878953808871322656533421162
4,35,91,94,2977431927268613871515251662168698254
4,35,91,95,4611353979172352329290622837735767250
4,35,91,96,6678836177913335046748158305983477974
4,35,91,97,9053670888670793231664592808635915480
4,35,91,98,11497336889885106120549702879342068390
4,35,91,99,13691141446678627078491229850595248990
4,35,91,100,15303456792891289786083310386318858966
4,35,91,101,16072855822695749245279698873391101636
4,35,91,102,15878046315132666328220218240396798082
4,35,91,103,14768689135775080084208068090191671644
4,35,91,104,12946577186045980830654242732016717706
4,35,91,105,10706425821724866004379915160498344814
4,35,91,106,8359787306109828315265877995959274064
4,35,91,107,6168277766398026305026591184616455418
4,35,91,108,4304040084450352875624905512010108228
4,35,91,109,2842002379315134982062401592884114500
4,35,91,110,1776907337955328018948331861177368646
4,35,91,111,1052487260598918517626690909091147082
4,35,91,112,590829676181098688166543447859343570
4,35,91,113,314444865721548954684725043994472142
4,35,91,114,158696922677340794234216854951031210
4,35,91,115,75962871673152383319714395741740152
4,35,91,116,34488400754010635456184034555287654
4,35,91,117,14851751348532460419283657263791804
4,35,91,118,6065623058117396989749006058092384
4,35,91,119,2349066034815733707403221806800690
4,35,91,120,862458598586252531848299668716070
4,35,91,121,300111419326009693877350951184038
4,35,91,122,98943842699682689936493746322906
4,35,91,123,30896402365061393026659738259626
4,35,91,124,9134610540589028744204340500964
4,35,91,125,2556202086270275719613023242348
4,35,91,126,676870531647648798993695234810
4,35,91,127,169566096182815587962005190190
4,35,91,128,40184811800063798054804534744
4,35,91,129,9009517600105713176800969226
4,35,91,130,1911411367084385977941991030
4,35,91,131,383873628294332862564255306
4,35,91,132,73019697957541932180534268
4,35,91,133,13164388404565435244617036
4,35,91,134,2251109638686412100520968
4,35,91,135,365396659924449963420432
4,35,91,136,56341043780142915263660
4,35,91,137,8257653227501530481998
4,35,91,138,1150999731426995448070
4,35,91,139,152620433365691823624
4,35,91,140,19253025156464786766
4,35,91,141,2310157287647701976
4,35,91,142,263511758540495936
4,35,91,143,28546418404319512
4,35,91,144,2932477879236772
4,35,91,145,285013955367176
4,35,91,146,26120280317652
4,35,91,147,2245754771656
4,35,91,148,179799418750
4,35,91,149,13249124076
4,35,91,150,884668804
4,35,91,151,52183326
4,35,91,152,2622214
4,35,91,153,107878
4,35,91,154,3046
4,35,91,155,52
4,35,91,156,0
4,35,91,157,0
4,35,91,158,0
4,35,91,159,0
4,35,91,160,0
4,35,91,161,0
4,35,91,162,0
4,35,91,163,0
4,35,91,164,0
4,35,91,165,0
4,35,91,166,0
4,35,91,167,0
4,35,91,168,0
4,35,91,169,0
4,35,91,170,0
4,35,91,171,0
4,35,91,172,0
4,35,91,173,0
4,35,91,174,0
4,35,91,175,0
4,35,91,176,0
4,35,91,177,0
4,35,91,178,0
4,35,91,179,0
4,35,91,180,0
4,35,91,181,0
4,35,91,182,0
4,35,91,183,0
4,35,91,184,0
4,35,91,185,0
4,35,91,186,0
4,35,91,187,0
4,35,91,188,0
4,35,91,189,0
4,35,91,190,0
4,35,91,191,0
4,35,91,192,0
4,35,91,193,0
4,35,91,194,0
4,35,91,195,0
4,35,91,196,0
4,35,91,197,0
4,35,91,198,0
4,35,91,199,0
4,35,91,200,0
4,35,91,201,0
4,35,91,202,0
4,35,91,203,0
4,35,91,204,0
4,35,91,205,0
4,35,91,206,0
4,35,91,207,0
4,35,91,208,0
4,35,91,209,0
4,35,91,210,0
4,35,91,211,0
4,35,91,212,0
4,35,91,213,0
4,35,91,214,0
4,35,91,215,0
4,35,91,216,0
4,35,91,217,0
4,35,91,218,0
4,35,91,219,0
4,35,91,220,0
4,35,91,221,0
4,35,91,222,0
4,35,91,223,0
4,35,91,224,0
4,35,91,225,0
4,35,91,226,0
4,35,91,227,0
4,35,91,228,0
4,35,91,229,0
4,35,91,230,0
4,35,91,231,0
4,35,91,232,0
4,35,91,233,0
4,35,91,234,0
4,35,91,235,0
4,35,91,236,0
4,35,91,237,0
4,35,91,238,0
4,35,91,239,0
4,35,91,240,0
4,35,91,241,0
4,35,92,0,0
4,35,92,1,0
4,35,92,2,0
4,35,92,3,0
4,35,92,4,0
4,35,92,5,0
4,35,92,6,0
4,35,92,7,0
4,35,92,8,0
4,35,92,9,0
4,35,92,10,0
4,35,92,11,0
4,35,92,12,0
4,35,92,13,0
4,35,92,14,0
4,35,92,15,0
4,35,92,16,0
4,35,92,17,0
4,35,92,18,0
4,35,92,19,0
4,35,92,20,0
4,35,92,21,0
4,35,92,22,0
4,35,92,23,0
4,35,92,24,0
4,35,92,25,0
4,35,92,26,0
4,35,92,27,0
4,35,92,28,0
4,35,92,29,0
4,35,92,30,0
4,35,92,31,0
4,35,92,32,0
4,35,92,33,0
4,35,92,34,0
4,35,92,35,0
4,35,92,36,0
4,35,92,37,0
4,35,92,38,0
4,35,92,39,0
4,35,92,40,0
4,35,92,41,0
4,35,92,42,0
4,35,92,43,0
4,35,92,44,0
4,35,92,45,0
4,35,92,46,0
4,35,92,47,0
4,35,92,48,0
4,35,92,49,0
4,35,92,50,0
4,35,92,51,0
4,35,92,52,0
4,35,92,53,0
4,35,92,54,0
4,35,92,55,0
4,35,92,56,0
4,35,92,57,0
4,35,92,58,0
4,35,92,59,0
4,35,92,60,0
4,35,92,61,0
4,35,92,62,0
4,35,92,63,0
4,35,92,64,6495886320
4,35,92,65,899816723520
4,35,92,66,57597362429070
4,35,92,67,2300553796448580
4,35,92,68,65308183179195936
4,35,92,69,1421206260831397918
4,35,92,70,24923766254634869920
4,35,92,71,364860137606335922982
4,35,92,72,4574459779415449122086
4,35,92,73,50067899500975314030540
4,35,92,74,485373661410580971042260
4,35,92,75,4214201037640144045205004
4,35,92,76,33053050273567096050694014
4,35,92,77,235762630172519264014040922
4,35,92,78,1537378046872711048073036108
4,35,92,79,9202568644766400935354403528
4,35,92,80,50728365935747127049970852574
4,35,92,81,258159289710770203486879930651
4,35,92,82,1215221415703957862166453330915
4,35,92,83,5299000994248658172650336730714
4,35,92,84,21428373430414065087110319709843
4,35,92,85,80427820208630745148623281606796
4,35,92,86,280361780577771169438584592704745
4,35,92,87,908098683252193631834740685504872
4,35,92,88,2734067812070270277315792358584577
4,35,92,89,7653855085208585132432729268999823
4,35,92,90,19928160789036358728077529116247563
4,35,92,91,48271877730700558828124858363354649
4,35,92,92,108817763354490318976686380013957041
4,35,92,93,228374342269640534125509687931297714
4,35,92,94,446408509730106606768546798082850942
4,35,92,95,813184185841072259988383921634148046
4,35,92,96,1381310644819973144723081458236849785
4,35,92,97,2189556094779261970179070201722819443
4,35,92,98,3241449823114179498516530553794734729
4,35,92,99,4485732324931294357134756515819819321
4,35,92,100,5808460610476432367357063995731590311
4,35,92,101,7044802631067034701402858457333665072
4,35,92,102,8011597018427915797199008802511163625
4,35,92,103,8552285823653274406138992500399918647
4,35,92,104,8578840878627577033594917835081498678
4,35,92,105,8095085287800596386981529446039008778
4,35,92,106,7192993954455011007373326436221584801
4,35,92,107,6024520087495145614530425896853702002
4,35,92,108,4760622197724461564329463014870134759
4,35,92,109,3552288743851344245835229596567312786
4,35,92,110,2504945469734252788406200153471611318
4,35,92,111,1670477892510741328207198330965335483
4,35,92,112,1054157201273045501508357743349823635
4,35,92,113,629829982394642350356670180617978844
4,35,92,114,356439747702341670332732486731888649
4,35,92,115,191137212992402712740403174704770164
4,35,92,116,97143115722546037912871707567210715
4,35,92,117,46801306251840721853504534108484257
4,35,92,118,21375462717432402735359625586612052
4,35,92,119,9255061135743928495353896859453846
4,35,92,120,3798462993342190208300507900590461
4,35,92,121,1477496779436905863971563636442529
4,35,92,122,544540832909732587643776597297537
4,35,92,123,190103217553102106650236478380163
4,35,92,124,62842576209943143209926621596897
4,35,92,125,19663573944929928390797896389374
4,35,92,126,5821712630064565082731426728302
4,35,92,127,1630284513311617973291930307152
4,35,92,128,431684532708855241120624741766
4,35,92,129,108059274907299233459389956562
4,35,92,130,25568348011638198675724508377
4,35,92,131,5718799968687083330373651338
4,35,92,132,1209370461483450107431331061
4,35,92,133,241899456285453157530639832
4,35,92,134,45790444341879125532767297
4,35,92,135,8208883567579275165154526
4,35,92,136,1394785631916546274565097
4,35,92,137,224803213326383191767463
4,35,92,138,34396175207949550791483
4,35,92,139,4999503062872062721576
4,35,92,140,690685251012508598445
4,35,92,141,90720960857967411347
4,35,92,142,11330168000724772025
4,35,92,143,1345120517367296848
4,35,92,144,151710827981799739
4,35,92,145,16238194847612786
4,35,92,146,1646636568618382
4,35,92,147,157798478898258
4,35,92,148,14237208176684
4,35,92,149,1202564027081
4,35,92,150,94307017020
4,35,92,151,6778126278
4,35,92,152,439144068
4,35,92,153,24939909
4,35,92,154,1184064
4,35,92,155,46247
4,35,92,156,1140
4,35,92,157,13
4,35,92,158,0
4,35,92,159,0
4,35,92,160,0
4,35,92,161,0
4,35,92,162,0
4,35,92,163,0
4,35,92,164,0
4,35,92,165,0
4,35,92,166,0
4,35,92,167,0
4,35,92,168,0
4,35,92,169,0
4,35,92,170,0
4,35,92,171,0
4,35,92,172,0
4,35,92,173,0
4,35,92,174,0
4,35,92,175,0
4,35,92,176,0
4,35,92,177,0
4,35,92,178,0
4,35,92,179,0
4,35,92,180,0
4,35,92,181,0
4,35,92,182,0
4,35,92,183,0
4,35,92,184,0
4,35,92,185,0
4,35,92,186,0
4,35,92,187,0
4,35,92,188,0
4,35,92,189,0
4,35,92,190,0
4,35,92,191,0
4,35,92,192,0
4,35,92,193,0
4,35,92,194,0
4,35,92,195,0
4,35,92,196,0
4,35,92,197,0
4,35,92,198,0
4,35,92,199,0
4,35,92,200,0
4,35,92,201,0
4,35,92,202,0
4,35,92,203,0
4,35,92,204,0
4,35,92,205,0
4,35,92,206,0
4,35,92,207,0
4,35,92,208,0
4,35,92,209,0
4,35,92,210,0
4,35,92,211,0
4,35,92,212,0
4,35,92,213,0
4,35,92,214,0
4,35,92,215,0
4,35,92,216,0
4,35,92,217,0
4,35,92,218,0
4,35,92,219,0
4,35,92,220,0
4,35,92,221,0
4,35,92,222,0
4,35,92,223,0
4,35,92,224,0
4,35,92,225,0
4,35,92,226,0
4,35,92,227,0
4,35,92,228,0
4,35,92,229,0
4,35,92,230,0
4,35,92,231,0
4,35,92,232,0
4,35,92,233,0
4,35,92,234,0
4,35,92,235,0
4,35,92,236,0
4,35,92,237,0
4,35,92,238,0
4,35,92,239,0
4,35,92,240,0
4,35,92,241,0
4,35,93,0,0
4,35,93,1,0
4,35,93,2,0
4,35,93,3,0
4,35,93,4,0
4,35,93,5,0
4,35,93,6,0
4,35,93,7,0
4,35,93,8,0
4,35,93,9,0
4,35,93,10,0
4,35,93,11,0
4,35,93,12,0
4,35,93,13,0
4,35,93,14,0
4,35,93,15,0
4,35,93,16,0
4,35,93,17,0
4,35,93,18,0
4,35,93,19,0
4,35,93,20,0
4,35,93,21,0
4,35,93,22,0
4,35,93,23,0
4,35,93,24,0
4,35,93,25,0
4,35,93,26,0
4,35,93,27,0
4,35,93,28,0
4,35,93,29,0
4,35,93,30,0
4,35,93,31,0
4,35,93,32,0
4,35,93,33,0
4,35,93,34,0
4,35,93,35,0
4,35,93,36,0
4,35,93,37,0
4,35,93,38,0
4,35,93,39,0
4,35,93,40,0
4,35,93,41,0
4,35,93,42,0
4,35,93,43,0
4,35,93,44,0
4,35,93,45,0
4,35,93,46,0
4,35,93,47,0
4,35,93,48,0
4,35,93,49,0
4,35,93,50,0
4,35,93,51,0
4,35,93,52,0
4,35,93,53,0
4,35,93,54,0
4,35,93,55,0
4,35,93,56,0
4,35,93,57,0
4,35,93,58,0
4,35,93,59,0
4,35,93,60,0
4,35,93,61,0
4,35,93,62,0
4,35,93,63,0
4,35,93,64,0
4,35,93,65,0
4,35,93,66,0
4,35,93,67,4639918800
4,35,93,68,700583076480
4,35,93,69,48532137451320
4,35,93,70,2080760231140290
4,35,93,71,62844332902337882
4,35,93,72,1441887230614520548
4,35,93,73,26427627067874709122
4,35,93,74,401054986574859906172
4,35,93,75,5174178569936016408234
4,35,93,76,57890331724775536997856
4,35,93,77,570281593664127027659034
4,35,93,78,5004680791027985018996068
4,35,93,79,39484039506194919748794756
4,35,93,80,282044635574583535855069620
4,35,93,81,1834394447120133779476443508
4,35,93,82,10910739666440239871654219426
4,35,93,83,59552639021990966595906484910
4,35,93,84,299094167948694045789537311022
4,35,93,85,1385137102626643284631872941516
4,35,93,86,5924748575423645062410522295686
4,35,93,87,23436585560162500534470290973852
4,35,93,88,85821795700184517369121983238066
4,35,93,89,291151080169808820756145291167908
4,35,93,90,915647848298007953283144006345200
4,35,93,91,2670882358342347926293876207841932
4,35,93,92,7229339139054973886776657306372622
4,35,93,93,18165706696343062325540861127403396
4,35,93,94,42394861106220000465145706429636752
4,35,93,95,91938098696780922150677004577852344
4,35,93,96,185370023855239610063304726108631452
4,35,93,97,347711025545235171091977452114168566
4,35,93,98,607215562379091044672401315859922684
4,35,93,99,988011872272291878215850512076911402
4,35,93,100,1499213864550606775754260048323954998
4,35,93,101,2123583036698204677897781697900424264
4,35,93,102,2810805679422891431468012397957587156
4,35,93,103,3480350599603935229237402000665064090
4,35,93,104,4035857956088551956100519380597564990
4,35,93,105,4388003611855468267922342115866074346
4,35,93,106,4478300853415628888072041730462671042
4,35,93,107,4295003818786689921082344056556405108
4,35,93,108,3875177355527751932770439689527962954
4,35,93,109,3292683053995615310116764266499366622
4,35,93,110,2637331879665549052799845354359954084
4,35,93,111,1993111737927055768714480702622008894
4,35,93,112,1422367517788593599219168095893253744
4,35,93,113,959245388558824435830342179512569488
4,35,93,114,611745461329500481386219468757487070
4,35,93,115,369130478946970568600612913219261066
4,35,93,116,210843738667696860006131289585056094
4,35,93,117,114044599716680709490642953475073604
4,35,93,118,58430743073198470774463538179062204
4,35,93,119,28362098980694448993144446753026798
4,35,93,120,13043737503381124750502192157436258
4,35,93,121,5683670753706092697576899493963894
4,35,93,122,2346265566430594662073072038249504
4,35,93,123,917422226593021014429701754605596
4,35,93,124,339699757255894649195918623629012
4,35,93,125,119074094998454520478527127717306
4,35,93,126,39498051058665242383082784422552
4,35,93,127,12393566599715602956111525425818
4,35,93,128,3677057228988120410787253730682
4,35,93,129,1031136165587283131804434120500
4,35,93,130,273207062111961413888217447012
4,35,93,131,68377433891593905162604607898
4,35,93,132,16162754712884489563736676678
4,35,93,133,3608307648618642878441935232
4,35,93,134,760957228052784404892813876
4,35,93,135,151653773469134914176335062
4,35,93,136,28578026244314882950638112
4,35,93,137,5095840502166244992858572
4,35,93,138,860534656778144950123538
4,35,93,139,137743157231624515061446
4,35,93,140,20916272285348744647710
4,35,93,141,3015275251127700015476
4,35,93,142,412894765929942039382
4,35,93,143,53723610619309791652
4,35,93,144,6642454830150828360
4,35,93,145,780208242973303322
4,35,93,146,86999694538665638
4,35,93,147,9198946725759806
4,35,93,148,920595684491220
4,35,93,149,86955704706564
4,35,93,150,7720004104676
4,35,93,151,640114052366
4,35,93,152,49127706178
4,35,93,153,3440585908
4,35,93,154,215382700
4,35,93,155,11813176
4,35,93,156,527224
4,35,93,157,18572
4,35,93,158,480
4,35,93,159,0
4,35,93,160,0
4,35,93,161,0
4,35,93,162,0
4,35,93,163,0
4,35,93,164,0
4,35,93,165,0
4,35,93,166,0
4,35,93,167,0
4,35,93,168,0
4,35,93,169,0
4,35,93,170,0
4,35,93,171,0
4,35,93,172,0
4,35,93,173,0
4,35,93,174,0
4,35,93,175,0
4,35,93,176,0
4,35,93,177,0
4,35,93,178,0
4,35,93,179,0
4,35,93,180,0
4,35,93,181,0
4,35,93,182,0
4,35,93,183,0
4,35,93,184,0
4,35,93,185,0
4,35,93,186,0
4,35,93,187,0
4,35,93,188,0
4,35,93,189,0
4,35,93,190,0
4,35,93,191,0
4,35,93,192,0
4,35,93,193,0
4,35,93,194,0
4,35,93,195,0
4,35,93,196,0
4,35,93,197,0
4,35,93,198,0
4,35,93,199,0
4,35,93,200,0
4,35,93,201,0
4,35,93,202,0
4,35,93,203,0
4,35,93,204,0
4,35,93,205,0
4,35,93,206,0
4,35,93,207,0
4,35,93,208,0
4,35,93,209,0
4,35,93,210,0
4,35,93,211,0
4,35,93,212,0
4,35,93,213,0
4,35,93,214,0
4,35,93,215,0
4,35,93,216,0
4,35,93,217,0
4,35,93,218,0
4,35,93,219,0
4,35,93,220,0
4,35,93,221,0
4,35,93,222,0
4,35,93,223,0
4,35,93,224,0
4,35,93,225,0
4,35,93,226,0
4,35,93,227,0
4,35,93,228,0
4,35,93,229,0
4,35,93,230,0
4,35,93,231,0
4,35,93,232,0
4,35,93,233,0
4,35,93,234,0
4,35,93,235,0
4,35,93,236,0
4,35,93,237,0
4,35,93,238,0
4,35,93,239,0
4,35,93,240,0
4,35,93,241,0
4,35,94,0,0
4,35,94,1,0
4,35,94,2,0
4,35,94,3,0
4,35,94,4,0
4,35,94,5,0
4,35,94,6,0
4,35,94,7,0
4,35,94,8,0
4,35,94,9,0
4,35,94,10,0
4,35,94,11,0
4,35,94,12,0
4,35,94,13,0
4,35,94,14,0
4,35,94,15,0
4,35,94,16,0
4,35,94,17,0
4,35,94,18,0
4,35,94,19,0
4,35,94,20,0
4,35,94,21,0
4,35,94,22,0
4,35,94,23,0
4,35,94,24,0
4,35,94,25,0
4,35,94,26,0
4,35,94,27,0
4,35,94,28,0
4,35,94,29,0
4,35,94,30,0
4,35,94,31,0
4,35,94,32,0
4,35,94,33,0
4,35,94,34,0
4,35,94,35,0
4,35,94,36,0
4,35,94,37,0
4,35,94,38,0
4,35,94,39,0
4,35,94,40,0
4,35,94,41,0
4,35,94,42,0
4,35,94,43,0
4,35,94,44,0
4,35,94,45,0
4,35,94,46,0
4,35,94,47,0
4,35,94,48,0
4,35,94,49,0
4,35,94,50,0
4,35,94,51,0
4,35,94,52,0
4,35,94,53,0
4,35,94,54,0
4,35,94,55,0
4,35,94,56,0
4,35,94,57,0
4,35,94,58,0
4,35,94,59,0
4,35,94,60,0
4,35,94,61,0
4,35,94,62,0
4,35,94,63,0
4,35,94,64,0
4,35,94,65,0
4,35,94,66,0
4,35,94,67,0
4,35,94,68,0
4,35,94,69,0
4,35,94,70,2952675600
4,35,94,71,486728021520
4,35,94,72,36556933683480
4,35,94,73,1686136024571220
4,35,94,74,54324150702456910
4,35,94,75,1317980207705688318
4,35,94,76,25323833106086030230
4,35,94,77,399582006667241607732
4,35,94,78,5319722099472894051860
4,35,94,79,60998248488639535948104
4,35,94,80,612032142287465210077438
4,35,94,81,5440088997374249079058462
4,35,94,82,43250706890232236660034290
4,35,94,83,309899418364456854898215210
4,35,94,84,2013160205870478007320156622
4,35,94,85,11912727644749165159845352816
4,35,94,86,64451885497968999532463938088
4,35,94,87,319763210706755705882763655415
4,35,94,88,1458137059602097377702020755771
4,35,94,89,6122690610801083369764634821866
4,35,94,90,23707874371618840738950858789012
4,35,94,91,84752987175862862587228813769448
4,35,94,92,279989009423020987836065043890564
4,35,94,93,855450625991358025798684439981706
4,35,94,94,2418897447641187591076984863262816
4,35,94,95,6334100811148185278628607695043127
4,35,94,96,15369745013673822016437729122780825
4,35,94,97,34581068586502924744193432597763752
4,35,94,98,72192831899139667639158013320850960
4,35,94,99,139943925018735971188883422983524391
4,35,94,100,252098893906047290896214109284237648
4,35,94,101,422408346612914527614239854298852695
4,35,94,102,658964065814902265889699217082881117
4,35,94,103,958108321338906273395936236084314288
4,35,94,104,1299796791601403090949980189891339914
4,35,94,105,1647216814380339549159230291789840715
4,35,94,106,1952368551046276665577232756285811425
4,35,94,107,2166888966030742388604839343194648087
4,35,94,108,2254769612426090054823069387977927186
4,35,94,109,2202298620850931541475148738492401767
4,35,94,110,2021438438559399099318926414431556883
4,35,94,111,1745558770866158412744770403288761402
4,35,94,112,1419546567246565873457050871896228906
4,35,94,113,1088241578797885534069935871041333829
4,35,94,114,787127130503664505091611319447990875
4,35,94,115,537592256300851893705617664074133894
4,35,94,116,346939276292276849396213779506324821
4,35,94,117,211693555353546808554217485602412081
4,35,94,118,122189367197394593100350038495572581
4,35,94,119,66742836754861908314515775535613095
4,35,94,120,34510479660015275304206554927257087
4,35,94,121,16894992675251885906771414709121498
4,35,94,122,7831913292324646273799285477809702
4,35,94,123,3437798537770066114776957220412089
4,35,94,124,1428745311161382248208155893982216
4,35,94,125,562097811568323669603393336198424
4,35,94,126,209284684214455113669773062408824
4,35,94,127,73720227612844134133049119343265
4,35,94,128,24557832476235133565641931874441
4,35,94,129,7733230777430065380008478554753
4,35,94,130,2300941689078383328159719513935
4,35,94,131,646598740997353164323861790048
4,35,94,132,171545276290531931975460901352
4,35,94,133,42953939172002284847837656186
4,35,94,134,10149072130826223660820060566
4,35,94,135,2262755803533719926393284835
4,35,94,136,476112968579166202553964593
4,35,94,137,94581915299341933051496675
4,35,94,138,17749534841521162472899405
4,35,94,139,3149044185843669126421939
4,35,94,140,528650001947903787311051
4,35,94,141,84054323153210503460852
4,35,94,142,12669003673439777380412
4,35,94,143,1811560580205766765765
4,35,94,144,245894026362448722215
4,35,94,145,31694108166502633461
4,35,94,146,3879409940143572827
4,35,94,147,450790689144728479
4,35,94,148,49691469821112525
4,35,94,149,5189450604407739
4,35,94,150,512398539120767
4,35,94,151,47685519979746
4,35,94,152,4163519407964
4,35,94,153,338667897585
4,35,94,154,25399181731
4,35,94,155,1731939751
4,35,94,156,104676351
4,35,94,157,5473282
4,35,94,158,235598
4,35,94,159,7136
4,35,94,160,168
4,35,94,161,0
4,35,94,162,0
4,35,94,163,0
4,35,94,164,0
4,35,94,165,0
4,35,94,166,0
4,35,94,167,0
4,35,94,168,0
4,35,94,169,0
4,35,94,170,0
4,35,94,171,0
4,35,94,172,0
4,35,94,173,0
4,35,94,174,0
4,35,94,175,0
4,35,94,176,0
4,35,94,177,0
4,35,94,178,0
4,35,94,179,0
4,35,94,180,0
4,35,94,181,0
4,35,94,182,0
4,35,94,183,0
4,35,94,184,0
4,35,94,185,0
4,35,94,186,0
4,35,94,187,0
4,35,94,188,0
4,35,94,189,0
4,35,94,190,0
4,35,94,191,0
4,35,94,192,0
4,35,94,193,0
4,35,94,194,0
4,35,94,195,0
4,35,94,196,0
4,35,94,197,0
4,35,94,198,0
4,35,94,199,0
4,35,94,200,0
4,35,94,201,0
4,35,94,202,0
4,35,94,203,0
4,35,94,204,0
4,35,94,205,0
4,35,94,206,0
4,35,94,207,0
4,35,94,208,0
4,35,94,209,0
4,35,94,210,0
4,35,94,211,0
4,35,94,212,0
4,35,94,213,0
4,35,94,214,0
4,35,94,215,0
4,35,94,216,0
4,35,94,217,0
4,35,94,218,0
4,35,94,219,0
4,35,94,220,0
4,35,94,221,0
4,35,94,222,0
4,35,94,223,0
4,35,94,224,0
4,35,94,225,0
4,35,94,226,0
4,35,94,227,0
4,35,94,228,0
4,35,94,229,0
4,35,94,230,0
4,35,94,231,0
4,35,94,232,0
4,35,94,233,0
4,35,94,234,0
4,35,94,235,0
4,35,94,236,0
4,35,94,237,0
4,35,94,238,0
4,35,94,239,0
4,35,94,240,0
4,35,94,241,0
4,35,95,0,0
4,35,95,1,0
4,35,95,2,0
4,35,95,3,0
4,35,95,4,0
4,35,95,5,0
4,35,95,6,0
4,35,95,7,0
4,35,95,8,0
4,35,95,9,0
4,35,95,10,0
4,35,95,11,0
4,35,95,12,0
4,35,95,13,0
4,35,95,14,0
4,35,95,15,0
4,35,95,16,0
4,35,95,17,0
4,35,95,18,0
4,35,95,19,0
4,35,95,20,0
4,35,95,21,0
4,35,95,22,0
4,35,95,23,0
4,35,95,24,0
4,35,95,25,0
4,35,95,26,0
4,35,95,27,0
4,35,95,28,0
4,35,95,29,0
4,35,95,30,0
4,35,95,31,0
4,35,95,32,0
4,35,95,33,0
4,35,95,34,0
4,35,95,35,0
4,35,95,36,0
4,35,95,37,0
4,35,95,38,0
4,35,95,39,0
4,35,95,40,0
4,35,95,41,0
4,35,95,42,0
4,35,95,43,0
4,35,95,44,0
4,35,95,45,0
4,35,95,46,0
4,35,95,47,0
4,35,95,48,0
4,35,95,49,0
4,35,95,50,0
4,35,95,51,0
4,35,95,52,0
4,35,95,53,0
4,35,95,54,0
4,35,95,55,0
4,35,95,56,0
4,35,95,57,0
4,35,95,58,0
4,35,95,59,0
4,35,95,60,0
4,35,95,61,0
4,35,95,62,0
4,35,95,63,0
4,35,95,64,0
4,35,95,65,0
4,35,95,66,0
4,35,95,67,0
4,35,95,68,0
4,35,95,69,0
4,35,95,70,0
4,35,95,71,0
4,35,95,72,0
4,35,95,73,1668903600
4,35,95,74,301051438320
4,35,95,75,24573383766042
4,35,95,76,1222477276905648
4,35,95,77,42135383609216716
4,35,95,78,1084344647394745898
4,35,95,79,21911986600013299044
4,35,95,80,360637355546264993394
4,35,95,81,4969482251316615467094
4,35,95,82,58561813384886762979982
4,35,95,83,599987539912972881510402
4,35,95,84,5413783144118887615596568
4,35,95,85,43461261970031963382526678
4,35,95,86,312919219954430267696669972
4,35,95,87,2033538386480782075514966664
4,35,95,88,11988245427785181668357585838
4,35,95,89,64370345458408254655767772900
4,35,95,90,315814369613784870077150684708
4,35,95,91,1419392371509030100952665382298
4,35,95,92,5855802572424044071311056650290
4,35,95,93,22212732697124545593762062045750
4,35,95,94,77577793474233207613160126397046
4,35,95,95,249738175493762430666388225420202
4,35,95,96,741769872095368724711594477084912
4,35,95,97,2034564067937428030708556792083046
4,35,95,98,5157621314714213173664853430071862
4,35,95,99,12093586327750713107443446888748834
4,35,95,100,26251096576243720972597405522355770
4,35,95,101,52796321338242418904676541298282058
4,35,95,102,98475134840773029659957830662049402
4,35,95,103,170509735258170546641844921776060822
4,35,95,104,274369641566313675192813648085681996
4,35,95,105,410754351429249605112285342095729356
4,35,95,106,572808084271286707124840647759542638
4,35,95,107,745005613337019694400278975973763738
4,35,95,108,904877770558747607887762798324243634
4,35,95,109,1027691771473740778682196056421794374
4,35,95,110,1092795856637818172249921969869460750
4,35,95,111,1089354267157165310365275648058624024
4,35,95,112,1019264104665379775156347903517997190
4,35,95,113,896193244347065095101124924701643090
4,35,95,114,741300842557648976595379250109058932
4,35,95,115,577446541824058997693306100854703214
4,35,95,116,423996586043851032617973239982988054
4,35,95,117,293707023551039585750673459694480002
4,35,95,118,192084742970129651712006143492339528
4,35,95,119,118680284740353496383529485370110056
4,35,95,120,69311676386194038106410508095523962
4,35,95,121,38279387744696553875022057248148448
4,35,95,122,19998453817578538840997340285817678
4,35,95,123,9885449300460433289217556819814824
4,35,95,124,4623967849790844789233326757552556
4,35,95,125,2046711237212930367395938279601778
4,35,95,126,857202388350994607461018491715450
4,35,95,127,339637611372301964061527533107088
4,35,95,128,127273046145156914267946879259104
4,35,95,129,45091469853982872131038200036734
4,35,95,130,15097702862847674488060662105908
4,35,95,131,4775149511492897695972970889618
4,35,95,132,1425980278115127387426528203334
4,35,95,133,401868045685915658881570288594
4,35,95,134,106833388556969269977986673960
4,35,95,135,26781132608545455414740760112
4,35,95,136,6329186070640349340033172936
4,35,95,137,1410051933367819134106111056
4,35,95,138,296176813065962802960943736
4,35,95,139,58675284160832813838085200
4,35,95,140,10969990402168698936214658
4,35,95,141,1937088379934973851783050
4,35,95,142,323363339506490095375386
4,35,95,143,51081211759542151960840
4,35,95,144,7643216384984832965224
4,35,95,145,1084169242165617262574
4,35,95,146,145880760896124745824
4,35,95,147,18626780140462848734
4,35,95,148,2257013989072693042
4,35,95,149,259439330346770080
4,35,95,150,28267260553840846
4,35,95,151,2915091042714120
4,35,95,152,283897127000206
4,35,95,153,26020272155400
4,35,95,154,2232823669246
4,35,95,155,178022619498
4,35,95,156,13035909756
4,35,95,157,863164010
4,35,95,158,50358856
4,35,95,159,2504250
4,35,95,160,101520
4,35,95,161,2820
4,35,95,162,48
4,35,95,163,0
4,35,95,164,0
4,35,95,165,0
4,35,95,166,0
4,35,95,167,0
4,35,95,168,0
4,35,95,169,0
4,35,95,170,0
4,35,95,171,0
4,35,95,172,0
4,35,95,173,0
4,35,95,174,0
4,35,95,175,0
4,35,95,176,0
4,35,95,177,0
4,35,95,178,0
4,35,95,179,0
4,35,95,180,0
4,35,95,181,0
4,35,95,182,0
4,35,95,183,0
4,35,95,184,0
4,35,95,185,0
4,35,95,186,0
4,35,95,187,0
4,35,95,188,0
4,35,95,189,0
4,35,95,190,0
4,35,95,191,0
4,35,95,192,0
4,35,95,193,0
4,35,95,194,0
4,35,95,195,0
4,35,95,196,0
4,35,95,197,0
4,35,95,198,0
4,35,95,199,0
4,35,95,200,0
4,35,95,201,0
4,35,95,202,0
4,35,95,203,0
4,35,95,204,0
4,35,95,205,0
4,35,95,206,0
4,35,95,207,0
4,35,95,208,0
4,35,95,209,0
4,35,95,210,0
4,35,95,211,0
4,35,95,212,0
4,35,95,213,0
4,35,95,214,0
4,35,95,215,0
4,35,95,216,0
4,35,95,217,0
4,35,95,218,0
4,35,95,219,0
4,35,95,220,0
4,35,95,221,0
4,35,95,222,0
4,35,95,223,0
4,35,95,224,0
4,35,95,225,0
4,35,95,226,0
4,35,95,227,0
4,35,95,228,0
4,35,95,229,0
4,35,95,230,0
4,35,95,231,0
4,35,95,232,0
4,35,95,233,0
4,35,95,234,0
4,35,95,235,0
4,35,95,236,0
4,35,95,237,0
4,35,95,238,0
4,35,95,239,0
4,35,95,240,0
4,35,95,241,0
4,35,96,0,0
4,35,96,1,0
4,35,96,2,0
4,35,96,3,0
4,35,96,4,0
4,35,96,5,0
4,35,96,6,0
4,35,96,7,0
4,35,96,8,0
4,35,96,9,0
4,35,96,10,0
4,35,96,11,0
4,35,96,12,0
4,35,96,13,0
4,35,96,14,0
4,35,96,15,0
4,35,96,16,0
4,35,96,17,0
4,35,96,18,0
4,35,96,19,0
4,35,96,20,0
4,35,96,21,0
4,35,96,22,0
4,35,96,23,0
4,35,96,24,0
4,35,96,25,0
4,35,96,26,0
4,35,96,27,0
4,35,96,28,0
4,35,96,29,0
4,35,96,30,0
4,35,96,31,0
4,35,96,32,0
4,35,96,33,0
4,35,96,34,0
4,35,96,35,0
4,35,96,36,0
4,35,96,37,0
4,35,96,38,0
4,35,96,39,0
4,35,96,40,0
4,35,96,41,0
4,35,96,42,0
4,35,96,43,0
4,35,96,44,0
4,35,96,45,0
4,35,96,46,0
4,35,96,47,0
4,35,96,48,0
4,35,96,49,0
4,35,96,50,0
4,35,96,51,0
4,35,96,52,0
4,35,96,53,0
4,35,96,54,0
4,35,96,55,0
4,35,96,56,0
4,35,96,57,0
4,35,96,58,0
4,35,96,59,0
4,35,96,60,0
4,35,96,61,0
4,35,96,62,0
4,35,96,63,0
4,35,96,64,0
4,35,96,65,0
4,35,96,66,0
4,35,96,67,0
4,35,96,68,0
4,35,96,69,0
4,35,96,70,0
4,35,96,71,0
4,35,96,72,0
4,35,96,73,0
4,35,96,74,0
4,35,96,75,0
4,35,96,76,834451800
4,35,96,77,165257358864
4,35,96,78,14704297853646
4,35,96,79,791409352777152
4,35,96,80,29275602085041180
4,35,96,81,801849242802048920
4,35,96,82,17100076441983900740
4,35,96,83,294563914021984924784
4,35,96,84,4214944857090029073368
4,35,96,85,51201853943213006448178
4,35,96,86,537135323471129082527560
4,35,96,87,4932287627823762737713956
4,35,96,88,40070690368842550248042590
4,35,96,89,290478049139935990420407976
4,35,96,90,1891698407109479885212284806
4,35,96,91,11127404188666919172663057770
4,35,96,92,59377446485149100766873955078
4,35,96,93,288433864835786560180807147316
4,35,96,94,1279048806985424471427760867207
4,35,96,95,5189606567337442189844950105498
4,35,96,96,19301974757229970237050147971256
4,35,96,97,65912632620224897429674409307581
4,35,96,98,206926665762833973787345825097164
4,35,96,99,597940289992103584249469437033425
4,35,96,100,1592068081821485085234283833811394
4,35,96,101,3909972498515320574256716725838326
4,35,96,102,8866119210752529174460935375856023
4,35,96,103,18581803095438678207815247785065808
4,35,96,104,36032977162450295886749071541215807
4,35,96,105,64722825952229157833202697823803167
4,35,96,106,107813589932016885104835652211225381
4,35,96,107,166758780832748820463658613292910172
4,35,96,108,239810230611183644296264693023154198
4,35,96,109,321066068528586888315864382522906860
4,35,96,110,400742574159825133394400672529901068
4,35,96,111,466963284588133062054076127854958726
4,35,96,112,508680479945712632689673891615031582
4,35,96,113,518729002124485603858184722458640785
4,35,96,114,495836824191662181951217581187750475
4,35,96,115,444820074698855822415122801280297903
4,35,96,116,374965198477102399238152456907140806
4,35,96,117,297328361454953807960712633271957498
4,35,96,118,222002851559683211179013495472327124
4,35,96,119,156225812436038519296947146149784950
4,35,96,120,103697677971952413209096315264763617
4,35,96,121,64969622271745644899953748822702085
4,35,96,122,38444279638705297839138425427654530
4,35,96,123,21495098247490224919165778587686705
4,35,96,124,11360322386087172605909216449036004
4,35,96,125,5676669597986115044264253118580563
4,35,96,126,2682304282305335112901334459494761
4,35,96,127,1198522126080418561368467151437110
4,35,96,128,506376577811727585254839251718529
4,35,96,129,202261206751495384699628540519045
4,35,96,130,76356117683173162584322549684134
4,35,96,131,27233990240925374664937823346505
4,35,96,132,9173342980880945616665720444316
4,35,96,133,2916634475152152895390705965154
4,35,96,134,874882692898468208945166796018
4,35,96,135,247460291093047399423032785671
4,35,96,136,65968734982628769761859540629
4,35,96,137,16567994676174367231807203901
4,35,96,138,3919014619168242958310783138
4,35,96,139,872991266503250978518750118
4,35,96,140,183152885932068823637117992
4,35,96,141,36202610503797591599682522
4,35,96,142,6746034977044775567100010
4,35,96,143,1186034541352438370477217
4,35,96,144,196930913152410682335529
4,35,96,145,30914146585973301955341
4,35,96,146,4592749608218860504830
4,35,96,147,646321424419050546746
4,35,96,148,86214072962950159342
4,35,96,149,10905099745172733176
4,35,96,150,1308029376144677082
4,35,96,151,148720563110626777
4,35,96,152,16013728886215243
4,35,96,153,1630385752646957
4,35,96,154,156557766331658
4,35,96,155,14124870984427
4,35,96,156,1190493886238
4,35,96,157,92948967443
4,35,96,158,6635859553
4,35,96,159,426288975
4,35,96,160,23942334
4,35,96,161,1123238
4,35,96,162,43412
4,35,96,163,1045
4,35,96,164,12
4,35,96,165,0
4,35,96,166,0
4,35,96,167,0
4,35,96,168,0
4,35,96,169,0
4,35,96,170,0
4,35,96,171,0
4,35,96,172,0
4,35,96,173,0
4,35,96,174,0
4,35,96,175,0
4,35,96,176,0
4,35,96,177,0
4,35,96,178,0
4,35,96,179,0
4,35,96,180,0
4,35,96,181,0
4,35,96,182,0
4,35,96,183,0
4,35,96,184,0
4,35,96,185,0
4,35,96,186,0
4,35,96,187,0
4,35,96,188,0
4,35,96,189,0
4,35,96,190,0
4,35,96,191,0
4,35,96,192,0
4,35,96,193,0
4,35,96,194,0
4,35,96,195,0
4,35,96,196,0
4,35,96,197,0
4,35,96,198,0
4,35,96,199,0
4,35,96,200,0
4,35,96,201,0
4,35,96,202,0
4,35,96,203,0
4,35,96,204,0
4,35,96,205,0
4,35,96,206,0
4,35,96,207,0
4,35,96,208,0
4,35,96,209,0
4,35,96,210,0
4,35,96,211,0
4,35,96,212,0
4,35,96,213,0
4,35,96,214,0
4,35,96,215,0
4,35,96,216,0
4,35,96,217,0
4,35,96,218,0
4,35,96,219,0
4,35,96,220,0
4,35,96,221,0
4,35,96,222,0
4,35,96,223,0
4,35,96,224,0
4,35,96,225,0
4,35,96,226,0
4,35,96,227,0
4,35,96,228,0
4,35,96,229,0
4,35,96,230,0
4,35,96,231,0
4,35,96,232,0
4,35,96,233,0
4,35,96,234,0
4,35,96,235,0
4,35,96,236,0
4,35,96,237,0
4,35,96,238,0
4,35,96,239,0
4,35,96,240,0
4,35,96,241,0
4,35,97,0,0
4,35,97,1,0
4,35,97,2,0
4,35,97,3,0
4,35,97,4,0
4,35,97,5,0
4,35,97,6,0
4,35,97,7,0
4,35,97,8,0
4,35,97,9,0
4,35,97,10,0
4,35,97,11,0
4,35,97,12,0
4,35,97,13,0
4,35,97,14,0
4,35,97,15,0
4,35,97,16,0
4,35,97,17,0
4,35,97,18,0
4,35,97,19,0
4,35,97,20,0
4,35,97,21,0
4,35,97,22,0
4,35,97,23,0
4,35,97,24,0
4,35,97,25,0
4,35,97,26,0
4,35,97,27,0
4,35,97,28,0
4,35,97,29,0
4,35,97,30,0
4,35,97,31,0
4,35,97,32,0
4,35,97,33,0
4,35,97,34,0
4,35,97,35,0
4,35,97,36,0
4,35,97,37,0
4,35,97,38,0
4,35,97,39,0
4,35,97,40,0
4,35,97,41,0
4,35,97,42,0
4,35,97,43,0
4,35,97,44,0
4,35,97,45,0
4,35,97,46,0
4,35,97,47,0
4,35,97,48,0
4,35,97,49,0
4,35,97,50,0
4,35,97,51,0
4,35,97,52,0
4,35,97,53,0
4,35,97,54,0
4,35,97,55,0
4,35,97,56,0
4,35,97,57,0
4,35,97,58,0
4,35,97,59,0
4,35,97,60,0
4,35,97,61,0
4,35,97,62,0
4,35,97,63,0
4,35,97,64,0
4,35,97,65,0
4,35,97,66,0
4,35,97,67,0
4,35,97,68,0
4,35,97,69,0
4,35,97,70,0
4,35,97,71,0
4,35,97,72,0
4,35,97,73,0
4,35,97,74,0
4,35,97,75,0
4,35,97,76,0
4,35,97,77,0
4,35,97,78,0
4,35,97,79,367158792
4,35,97,80,80178314688
4,35,97,81,7806941375696
4,35,97,82,456259987325054
4,35,97,83,18180265934234768
4,35,97,84,531937756083634156
4,35,97,85,12016464192844767644
4,35,97,86,217443883278644387100
4,35,97,87,3242373144536189852832
4,35,97,88,40736165386237887611656
4,35,97,89,438897392342482926553760
4,35,97,90,4112658677488336539728428
4,35,97,91,33895593458539917322658082
4,35,97,92,247933393508921533847791234
4,35,97,93,1621191431708772165642192826
4,35,97,94,9531516801994750077081010244
4,35,97,95,50623300707900622970293337584
4,35,97,96,243806285957678597013605167858
4,35,97,97,1068035619269544394918910693474
4,35,97,98,4266534528485431963966940588450
4,35,97,99,15575152637639109711015424867464
4,35,97,100,52051976676708680751269922469742
4,35,97,101,159503085922442404234787988849292
4,35,97,102,448783175817772240058286327374526
4,35,97,103,1160923065465106879946142304855888
4,35,97,104,2764454859018924700310707679198458
4,35,97,105,6067185607476688861028525035888136
4,35,97,106,12287819126783586008428123975195410
4,35,97,107,22994535056306037835941876476924628
4,35,97,108,39811556591301642836942480117496646
4,35,97,109,63859070185554288206969893745195690
4,35,97,110,95034164095587300757835917249853952
4,35,97,111,131405132889866035339441955172948052
4,35,97,112,169068614039855636362343136651050596
4,35,97,113,202711451261621969193267374218258854
4,35,97,114,226830107640119378219868281117756588
4,35,97,115,237225133057776758834970014731591358
4,35,97,116,232203656323985779867465801923748614
4,35,97,117,213014853448963520392651916902395526
4,35,97,118,183372667701600248164108533642699594
4,35,97,119,148305335906562322051939702910068452
4,35,97,120,112810107484143523533730954220328000
4,35,97,121,80785736470545790910261286360507072
4,35,97,122,54512423243564135473507804015388864
4,35,97,123,34686430976225438349964975977191678
4,35,97,124,20825986034163451205944597028816306
4,35,97,125,11804848292227168297038012253506492
4,35,97,126,6319742568935979044591717926119980
4,35,97,127,3196288723140704306141645152587014
4,35,97,128,1527468927563298242206790683440236
4,35,97,129,689763335460830314037421304785982
4,35,97,130,294307609870000664689201994557956
4,35,97,131,118631927043828575784140543672158
4,35,97,132,45162812047029999818240887053972
4,35,97,133,16232289724808074285888904355512
4,35,97,134,5505581337923222340994788299832
4,35,97,135,1761281820516684937137728681328
4,35,97,136,531149679792105855824932990808
4,35,97,137,150911673421880420781152458000
4,35,97,138,40375087379567903293465159678
4,35,97,139,10166855512818767482134509638
4,35,97,140,2408758677199943889281053906
4,35,97,141,536859758370885506294372450
4,35,97,142,112568034356281979454182042
4,35,97,143,22212425120564377033335102
4,35,97,144,4127269520422067483388642
4,35,97,145,722743051782793823964228
4,35,97,146,119401271145889842868626
4,35,97,147,18630595082669842995396
4,35,97,148,2748623086863776666752
4,35,97,149,383788722400559519256
4,35,97,150,50754356848140993152
4,35,97,151,6359708061312303996
4,35,97,152,755082839189202654
4,35,97,153,84909043152671798
4,35,97,154,9033869442164044
4,35,97,155,907794565061208
4,35,97,156,85918517204208
4,35,97,157,7626668211894
4,35,97,158,630855330744
4,35,97,159,48190468578
4,35,97,160,3351220978
4,35,97,161,207967218
4,35,97,162,11282064
4,35,97,163,496988
4,35,97,164,17338
4,35,97,165,440
4,35,97,166,0
4,35,97,167,0
4,35,97,168,0
4,35,97,169,0
4,35,97,170,0
4,35,97,171,0
4,35,97,172,0
4,35,97,173,0
4,35,97,174,0
4,35,97,175,0
4,35,97,176,0
4,35,97,177,0
4,35,97,178,0
4,35,97,179,0
4,35,97,180,0
4,35,97,181,0
4,35,97,182,0
4,35,97,183,0
4,35,97,184,0
4,35,97,185,0
4,35,97,186,0
4,35,97,187,0
4,35,97,188,0
4,35,97,189,0
4,35,97,190,0
4,35,97,191,0
4,35,97,192,0
4,35,97,193,0
4,35,97,194,0
4,35,97,195,0
4,35,97,196,0
4,35,97,197,0
4,35,97,198,0
4,35,97,199,0
4,35,97,200,0
4,35,97,201,0
4,35,97,202,0
4,35,97,203,0
4,35,97,204,0
4,35,97,205,0
4,35,97,206,0
4,35,97,207,0
4,35,97,208,0
4,35,97,209,0
4,35,97,210,0
4,35,97,211,0
4,35,97,212,0
4,35,97,213,0
4,35,97,214,0
4,35,97,215,0
4,35,97,216,0
4,35,97,217,0
4,35,97,218,0
4,35,97,219,0
4,35,97,220,0
4,35,97,221,0
4,35,97,222,0
4,35,97,223,0
4,35,97,224,0
4,35,97,225,0
4,35,97,226,0
4,35,97,227,0
4,35,97,228,0
4,35,97,229,0
4,35,97,230,0
4,35,97,231,0
4,35,97,232,0
4,35,97,233,0
4,35,97,234,0
4,35,97,235,0
4,35,97,236,0
4,35,97,237,0
4,35,97,238,0
4,35,97,239,0
4,35,97,240,0
4,35,97,241,0
4,35,98,0,0
4,35,98,1,0
4,35,98,2,0
4,35,98,3,0
4,35,98,4,0
4,35,98,5,0
4,35,98,6,0
4,35,98,7,0
4,35,98,8,0
4,35,98,9,0
4,35,98,10,0
4,35,98,11,0
4,35,98,12,0
4,35,98,13,0
4,35,98,14,0
4,35,98,15,0
4,35,98,16,0
4,35,98,17,0
4,35,98,18,0
4,35,98,19,0
4,35,98,20,0
4,35,98,21,0
4,35,98,22,0
4,35,98,23,0
4,35,98,24,0
4,35,98,25,0
4,35,98,26,0
4,35,98,27,0
4,35,98,28,0
4,35,98,29,0
4,35,98,30,0
4,35,98,31,0
4,35,98,32,0
4,35,98,33,0
4,35,98,34,0
4,35,98,35,0
4,35,98,36,0
4,35,98,37,0
4,35,98,38,0
4,35,98,39,0
4,35,98,40,0
4,35,98,41,0
4,35,98,42,0
4,35,98,43,0
4,35,98,44,0
4,35,98,45,0
4,35,98,46,0
4,35,98,47,0
4,35,98,48,0
4,35,98,49,0
4,35,98,50,0
4,35,98,51,0
4,35,98,52,0
4,35,98,53,0
4,35,98,54,0
4,35,98,55,0
4,35,98,56,0
4,35,98,57,0
4,35,98,58,0
4,35,98,59,0
4,35,98,60,0
4,35,98,61,0
4,35,98,62,0
4,35,98,63,0
4,35,98,64,0
4,35,98,65,0
4,35,98,66,0
4,35,98,67,0
4,35,98,68,0
4,35,98,69,0
4,35,98,70,0
4,35,98,71,0
4,35,98,72,0
4,35,98,73,0
4,35,98,74,0
4,35,98,75,0
4,35,98,76,0
4,35,98,77,0
4,35,98,78,0
4,35,98,79,0
4,35,98,80,0
4,35,98,81,0
4,35,98,82,141214920
4,35,98,83,34200038488
4,35,98,84,3662099050052
4,35,98,85,233437453944948
4,35,98,86,10061860235789528
4,35,98,87,315798907813285248
4,35,98,88,7587735184114787434
4,35,98,89,144813087606025074538
4,35,98,90,2258880205991095912070
4,35,98,91,29457729079665161304506
4,35,98,92,327047425400674824371808
4,35,98,93,3136734520475437981917216
4,35,98,94,26297913469674192793853688
4,35,98,95,194569063017102155729410472
4,35,98,96,1280187548668830782764196386
4,35,98,97,7537422827210721091833716906
4,35,98,98,39913155082769224528375765690
4,35,98,99,190872988993434178216835061816
4,35,98,100,827145084388762681160283970251
4,35,98,101,3257266530739453716919118257409
4,35,98,102,11684068208013372105153795109494
4,35,98,103,38255607114628116499000230987374
4,35,98,104,114536095295817664359781687214896
4,35,98,105,314086172906628566289883729156169
4,35,98,106,790096836614957305506568849598738
4,35,98,107,1825899208299004525056507334656288
4,35,98,108,3882117052987016146984894323928405
4,35,98,109,7604817304941548072872854192018463
4,35,98,110,13746145431413552174911306114884633
4,35,98,111,22961677936979625221192555453524621
4,35,98,112,35500215980634434320410271719575842
4,35,98,113,50880395540008462007165799234726551
4,35,98,114,67710808527186070944733342344394855
4,35,98,115,83801439318552866902799109181888119
4,35,98,116,96610265951535662000229533905204712
4,35,98,117,103908789743543096072279921654125042
4,35,98,118,104423001083219935516528305224297193
4,35,98,119,98193833405714273134553624009933373
4,35,98,120,86518903498365027229306889195190511
4,35,98,121,71520589754257558742774251998396998
4,35,98,122,55533441427957977976109366520586135
4,35,98,123,40545606577948596037870884030083573
4,35,98,124,27861890779453470140669476269140466
4,35,98,125,18034930419660453445407965804232550
4,35,98,126,11004273628941084538041895655216859
4,35,98,127,6332902882777100595539735602832923
4,35,98,128,3439026578439766940058962468526087
4,35,98,129,1762793331385672951589447044103990
4,35,98,130,853076250643113360445007678469822
4,35,98,131,389788078258995585045825014133748
4,35,98,132,168152989732241119737163714178074
4,35,98,133,68477249912688263412007188879792
4,35,98,134,26316972382164076973485101020042
4,35,98,135,9541382807424494436287672079416
4,35,98,136,3261905233878174956255653694873
4,35,98,137,1050952461544118139125400247461
4,35,98,138,318927294211643936885282068123
4,35,98,139,91103149711322279706854108121
4,35,98,140,24482285734541471700546636579
4,35,98,141,6186130699157294981032396361
4,35,98,142,1469122856198782851355790146
4,35,98,143,327845881988643510078731078
4,35,98,144,68747494710346099578161594
4,35,98,145,13550154606464228055850114
4,35,98,146,2511810135732938216548783
4,35,98,147,438290028689148813602639
4,35,98,148,72067578141876678202631
4,35,98,149,11180005209064004289603
4,35,98,150,1638254029716096807530
4,35,98,151,226990968596644880126
4,35,98,152,29762153189589905544
4,35,98,153,3694361374513879620
4,35,98,154,434150957353011439
4,35,98,155,48278449892114485
4,35,98,156,5074426126041393
4,35,98,157,503145802821111
4,35,98,158,46916442488977
4,35,98,159,4095068476271
4,35,98,160,332212478927
4,35,98,161,24792886471
4,35,98,162,1678116645
4,35,98,163,100505873
4,35,98,164,5201923
4,35,98,165,220659
4,35,98,166,6618
4,35,98,167,154
4,35,98,168,0
4,35,98,169,0
4,35,98,170,0
4,35,98,171,0
4,35,98,172,0
4,35,98,173,0
4,35,98,174,0
4,35,98,175,0
4,35,98,176,0
4,35,98,177,0
4,35,98,178,0
4,35,98,179,0
4,35,98,180,0
4,35,98,181,0
4,35,98,182,0
4,35,98,183,0
4,35,98,184,0
4,35,98,185,0
4,35,98,186,0
4,35,98,187,0
4,35,98,188,0
4,35,98,189,0
4,35,98,190,0
4,35,98,191,0
4,35,98,192,0
4,35,98,193,0
4,35,98,194,0
4,35,98,195,0
4,35,98,196,0
4,35,98,197,0
4,35,98,198,0
4,35,98,199,0
4,35,98,200,0
4,35,98,201,0
4,35,98,202,0
4,35,98,203,0
4,35,98,204,0
4,35,98,205,0
4,35,98,206,0
4,35,98,207,0
4,35,98,208,0
4,35,98,209,0
4,35,98,210,0
4,35,98,211,0
4,35,98,212,0
4,35,98,213,0
4,35,98,214,0
4,35,98,215,0
4,35,98,216,0
4,35,98,217,0
4,35,98,218,0
4,35,98,219,0
4,35,98,220,0
4,35,98,221,0
4,35,98,222,0
4,35,98,223,0
4,35,98,224,0
4,35,98,225,0
4,35,98,226,0
4,35,98,227,0
4,35,98,228,0
4,35,98,229,0
4,35,98,230,0
4,35,98,231,0
4,35,98,232,0
4,35,98,233,0
4,35,98,234,0
4,35,98,235,0
4,35,98,236,0
4,35,98,237,0
4,35,98,238,0
4,35,98,239,0
4,35,98,240,0
4,35,98,241,0
4,35,99,0,0
4,35,99,1,0
4,35,99,2,0
4,35,99,3,0
4,35,99,4,0
4,35,99,5,0
4,35,99,6,0
4,35,99,7,0
4,35,99,8,0
4,35,99,9,0
4,35,99,10,0
4,35,99,11,0
4,35,99,12,0
4,35,99,13,0
4,35,99,14,0
4,35,99,15,0
4,35,99,16,0
4,35,99,17,0
4,35,99,18,0
4,35,99,19,0
4,35,99,20,0
4,35,99,21,0
4,35,99,22,0
4,35,99,23,0
4,35,99,24,0
4,35,99,25,0
4,35,99,26,0
4,35,99,27,0
4,35,99,28,0
4,35,99,29,0
4,35,99,30,0
4,35,99,31,0
4,35,99,32,0
4,35,99,33,0
4,35,99,34,0
4,35,99,35,0
4,35,99,36,0
4,35,99,37,0
4,35,99,38,0
4,35,99,39,0
4,35,99,40,0
4,35,99,41,0
4,35,99,42,0
4,35,99,43,0
4,35,99,44,0
4,35,99,45,0
4,35,99,46,0
4,35,99,47,0
4,35,99,48,0
4,35,99,49,0
4,35,99,50,0
4,35,99,51,0
4,35,99,52,0
4,35,99,53,0
4,35,99,54,0
4,35,99,55,0
4,35,99,56,0
4,35,99,57,0
4,35,99,58,0
4,35,99,59,0
4,35,99,60,0
4,35,99,61,0
4,35,99,62,0
4,35,99,63,0
4,35,99,64,0
4,35,99,65,0
4,35,99,66,0
4,35,99,67,0
4,35,99,68,0
4,35,99,69,0
4,35,99,70,0
4,35,99,71,0
4,35,99,72,0
4,35,99,73,0
4,35,99,74,0
4,35,99,75,0
4,35,99,76,0
4,35,99,77,0
4,35,99,78,0
4,35,99,79,0
4,35,99,80,0
4,35,99,81,0
4,35,99,82,0
4,35,99,83,0
4,35,99,84,0
4,35,99,85,47071640
4,35,99,86,12738930688
4,35,99,87,1509531918158
4,35,99,88,105527416734052
4,35,99,89,4944900710005554
4,35,99,90,167266247111260984
4,35,99,91,4294062166561032514
4,35,99,92,86815056265007090160
4,35,99,93,1422567788574577991256
4,35,99,94,19332323990419776401766
4,35,99,95,221979718598614673214596
4,35,99,96,2186445565863936792319296
4,35,99,97,18703201454277220332685112
4,35,99,98,140347516523338788163119418
4,35,99,99,931439801883792443301706714
4,35,99,100,5503782117234528912368113670
4,35,99,101,29113432471915904529560850378
4,35,99,102,138484668216007113776520986870
4,35,99,103,594573483105830488688733774816
4,35,99,104,2311351406231923495093400933438
4,35,99,105,8157277546940950198346202628940
4,35,99,106,26197247143863391567204971217524
4,35,99,107,76718453981117868315378356527068
4,35,99,108,205259608041980890138891562388518
4,35,99,109,502622559930668515536939160672758
4,35,99,110,1128395621290985638079603808094296
4,35,99,111,2326455084655480652651563274232120
4,35,99,112,4412381307754021719196278596329826
4,35,99,113,7711397717136704991628288513758188
4,35,99,114,12439989708212315994022580240939110
4,35,99,115,18556116016065823923524646153520028
4,35,99,116,25638486788335614145054807194947290
4,35,99,117,32869520388488148640076854983230346
4,35,99,118,39168755159485715148122799749892432
4,35,99,119,43457628079626066454358843098463518
4,35,99,120,44965918406550673011938452881879860
4,35,99,121,43458335457624144001509428140006460
4,35,99,122,39289718912058828358704717551723472
4,35,99,123,33273806507601993793899574366162760
4,35,99,124,26430061883139498356920349819219136
4,35,99,125,19713768601803612232847981254216038
4,35,99,126,13821878604567974402268157906442234
4,35,99,127,9117696365178959329301159032872534
4,35,99,128,5663196853667227976112820640169072
4,35,99,129,3314185735644601307116416189095016
4,35,99,130,1828322290274237855997370566568642
4,35,99,131,951159392032104510475328094664702
4,35,99,132,466750201321333094166780621660530
4,35,99,133,216070354060265647553405588113230
4,35,99,134,94357828172743465910394738236328
4,35,99,135,38866093491804777702661736827724
4,35,99,136,15095938116448540588323143411442
4,35,99,137,5526919294443310777760901785142
4,35,99,138,1906487651442393730396423441650
4,35,99,139,619256175671062996836987476938
4,35,99,140,189287967121220819530961216008
4,35,99,141,54413787898274499606726384172
4,35,99,142,14701043054620881135853993250
4,35,99,143,3730650608530394139750043828
4,35,99,144,888815195131012397338757842
4,35,99,145,198746429396230524788590532
4,35,99,146,41708456390091626970809376
4,35,99,147,8216574167442265016544684
4,35,99,148,1520358054509278896635822
4,35,99,149,264467549037614249371562
4,35,99,150,43297457013875208395800
4,35,99,151,6679880182591476715314
4,35,99,152,972395810535624515590
4,35,99,153,133712880431193782828
4,35,99,154,17383112728587845412
4,35,99,155,2137523241001739902
4,35,99,156,248614433435418332
4,35,99,157,27335900884556996
4,35,99,158,2837830442725708
4,35,99,159,277553574984744
4,35,99,160,25487278279990
4,35,99,161,2186052033178
4,35,99,162,173783110078
4,35,99,163,12659412052
4,35,99,164,832032040
4,35,99,165,48062070
4,35,99,166,2367650
4,35,99,167,94654
4,35,99,168,2590
4,35,99,169,44
4,35,99,170,0
4,35,99,171,0
4,35,99,172,0
4,35,99,173,0
4,35,99,174,0
4,35,99,175,0
4,35,99,176,0
4,35,99,177,0
4,35,99,178,0
4,35,99,179,0
4,35,99,180,0
4,35,99,181,0
4,35,99,182,0
4,35,99,183,0
4,35,99,184,0
4,35,99,185,0
4,35,99,186,0
4,35,99,187,0
4,35,99,188,0
4,35,99,189,0
4,35,99,190,0
4,35,99,191,0
4,35,99,192,0
4,35,99,193,0
4,35,99,194,0
4,35,99,195,0
4,35,99,196,0
4,35,99,197,0
4,35,99,198,0
4,35,99,199,0
4,35,99,200,0
4,35,99,201,0
4,35,99,202,0
4,35,99,203,0
4,35,99,204,0
4,35,99,205,0
4,35,99,206,0
4,35,99,207,0
4,35,99,208,0
4,35,99,209,0
4,35,99,210,0
4,35,99,211,0
4,35,99,212,0
4,35,99,213,0
4,35,99,214,0
4,35,99,215,0
4,35,99,216,0
4,35,99,217,0
4,35,99,218,0
4,35,99,219,0
4,35,99,220,0
4,35,99,221,0
4,35,99,222,0
4,35,99,223,0
4,35,99,224,0
4,35,99,225,0
4,35,99,226,0
4,35,99,227,0
4,35,99,228,0
4,35,99,229,0
4,35,99,230,0
4,35,99,231,0
4,35,99,232,0
4,35,99,233,0
4,35,99,234,0
4,35,99,235,0
4,35,99,236,0
4,35,99,237,0
4,35,99,238,0
4,35,99,239,0
4,35,99,240,0
4,35,99,241,0
4,35,100,0,0
4,35,100,1,0
4,35,100,2,0
4,35,100,3,0
4,35,100,4,0
4,35,100,5,0
4,35,100,6,0
4,35,100,7,0
4,35,100,8,0
4,35,100,9,0
4,35,100,10,0
4,35,100,11,0
4,35,100,12,0
4,35,100,13,0
4,35,100,14,0
4,35,100,15,0
4,35,100,16,0
4,35,100,17,0
4,35,100,18,0
4,35,100,19,0
4,35,100,20,0
4,35,100,21,0
4,35,100,22,0
4,35,100,23,0
4,35,100,24,0
4,35,100,25,0
4,35,100,26,0
4,35,100,27,0
4,35,100,28,0
4,35,100,29,0
4,35,100,30,0
4,35,100,31,0
4,35,100,32,0
4,35,100,33,0
4,35,100,34,0
4,35,100,35,0
4,35,100,36,0
4,35,100,37,0
4,35,100,38,0
4,35,100,39,0
4,35,100,40,0
4,35,100,41,0
4,35,100,42,0
4,35,100,43,0
4,35,100,44,0
4,35,100,45,0
4,35,100,46,0
4,35,100,47,0
4,35,100,48,0
4,35,100,49,0
4,35,100,50,0
4,35,100,51,0
4,35,100,52,0
4,35,100,53,0
4,35,100,54,0
4,35,100,55,0
4,35,100,56,0
4,35,100,57,0
4,35,100,58,0
4,35,100,59,0
4,35,100,60,0
4,35,100,61,0
4,35,100,62,0
4,35,100,63,0
4,35,100,64,0
4,35,100,65,0
4,35,100,66,0
4,35,100,67,0
4,35,100,68,0
4,35,100,69,0
4,35,100,70,0
4,35,100,71,0
4,35,100,72,0
4,35,100,73,0
4,35,100,74,0
4,35,100,75,0
4,35,100,76,0
4,35,100,77,0
4,35,100,78,0
4,35,100,79,0
4,35,100,80,0
4,35,100,81,0
4,35,100,82,0
4,35,100,83,0
4,35,100,84,0
4,35,100,85,0
4,35,100,86,0
4,35,100,87,0
4,35,100,88,13449040
4,35,100,89,4107975168
4,35,100,90,543050439930
4,35,100,91,41917109651000
4,35,100,92,2148126432896310
4,35,100,93,78740564541530342
4,35,100,94,2170911886790935894
4,35,100,95,46721310865992912258
4,35,100,96,807967211346344119242
4,35,100,97,11492079008959168123230
4,35,100,98,137024692190509796322780
4,35,100,99,1391198862490460023318100
4,35,100,100,12183077262565723290270448
4,35,100,101,93002074468978114616344960
4,35,100,102,624260881358552046422254984
4,35,100,103,3710883376277117374467145008
4,35,100,104,19650959711708711270979733950
4,35,100,105,93155537296306057825823865029
4,35,100,106,396945612152349792861032772039
4,35,100,107,1525669111061766851264252105004
4,35,100,108,5305162068443571884917191352610
4,35,100,109,16733656730729057844567247216430
4,35,100,110,47991720354976040902203671199184
4,35,100,111,125421633780443599668835297856274
4,35,100,112,299296512080255023313243322236917
4,35,100,113,653449968417623680389366527417083
4,35,100,114,1307809955995816518916702900438938
4,35,100,115,2403981614782174834430734944836093
4,35,100,116,4066334646938953484223366502936596
4,35,100,117,6341509467806259079803392539349441
4,35,100,118,9135478174269144099085159410895822
4,35,100,119,12179963263965061936200046816414728
4,35,100,120,15057505174536609827527286372886606
4,35,100,121,17292225245941827466993286847807706
4,35,100,122,18480454450614906336146215263404895
4,35,100,123,18411053066488933899392984845628412
4,35,100,124,17125752387706707596671062798723882
4,35,100,125,14896396818131604600771188592636417
4,35,100,126,12133292641191641083815136164612076
4,35,100,127,9266021554902238899536855435296628
4,35,100,128,6642316355730667595941298621672799
4,35,100,129,4473967656389798626488951811974962
4,35,100,130,2833923644559911195613251724082064
4,35,100,131,1689348073270488222031017697660469
4,35,100,132,948282503987580172823310291601485
4,35,100,133,501457346356281181768129721448912
4,35,100,134,249882807420405394708992307831023
4,35,100,135,117357890405390759160195425372888
4,35,100,136,51948033395429387620175381928013
4,35,100,137,21669836278321201646607769252579
4,35,100,138,8516562527693567645104123140863
4,35,100,139,3152351936180865137968999691799
4,35,100,140,1098393299944663116766867945497
4,35,100,141,360067142778216840631189046670
4,35,100,142,110975984154667960182516200247
4,35,100,143,32136050167009140392872980451
4,35,100,144,8737146753829162180228670618
4,35,100,145,2228821744290918336252940344
4,35,100,146,533175639820925430733647024
4,35,100,147,119561485095861818368137729
4,35,100,148,25129440142669891518531545
4,35,100,149,4951365841538845493735090
4,35,100,150,915063452349317027588177
4,35,100,151,158762008575910283158129
4,35,100,152,25889417808580871765578
4,35,100,153,3973420277697033003882
4,35,100,154,574733369056536271812
4,35,100,155,78443380829699039220
4,35,100,156,10111933659582395019
4,35,100,157,1231746612948299956
4,35,100,158,141780686050365035
4,35,100,159,15411758232223145
4,35,100,160,1579871431701927
4,35,100,161,152364337195904
4,35,100,162,13771693574119
4,35,100,163,1159973415755
4,35,100,164,90281200118
4,35,100,165,6409775178
4,35,100,166,408707348
4,35,100,167,22724103
4,35,100,168,1054716
4,35,100,169,40373
4,35,100,170,950
4,35,100,171,11
4,35,100,172,0
4,35,100,173,0
4,35,100,174,0
4,35,100,175,0
4,35,100,176,0
4,35,100,177,0
4,35,100,178,0
4,35,100,179,0
4,35,100,180,0
4,35,100,181,0
4,35,100,182,0
4,35,100,183,0
4,35,100,184,0
4,35,100,185,0
4,35,100,186,0
4,35,100,187,0
4,35,100,188,0
4,35,100,189,0
4,35,100,190,0
4,35,100,191,0
4,35,100,192,0
4,35,100,193,0
4,35,100,194,0
4,35,100,195,0
4,35,100,196,0
4,35,100,197,0
4,35,100,198,0
4,35,100,199,0
4,35,100,200,0
4,35,100,201,0
4,35,100,202,0
4,35,100,203,0
4,35,100,204,0
4,35,100,205,0
4,35,100,206,0
4,35,100,207,0
4,35,100,208,0
4,35,100,209,0
4,35,100,210,0
4,35,100,211,0
4,35,100,212,0
4,35,100,213,0
4,35,100,214,0
4,35,100,215,0
4,35,100,216,0
4,35,100,217,0
4,35,100,218,0
4,35,100,219,0
4,35,100,220,0
4,35,100,221,0
4,35,100,222,0
4,35,100,223,0
4,35,100,224,0
4,35,100,225,0
4,35,100,226,0
4,35,100,227,0
4,35,100,228,0
4,35,100,229,0
4,35,100,230,0
4,35,100,231,0
4,35,100,232,0
4,35,100,233,0
4,35,100,234,0
4,35,100,235,0
4,35,100,236,0
4,35,100,237,0
4,35,100,238,0
4,35,100,239,0
4,35,100,240,0
4,35,100,241,0
4,35,101,0,0
4,35,101,1,0
4,35,101,2,0
4,35,101,3,0
4,35,101,4,0
4,35,101,5,0
4,35,101,6,0
4,35,101,7,0
4,35,101,8,0
4,35,101,9,0
4,35,101,10,0
4,35,101,11,0
4,35,101,12,0
4,35,101,13,0
4,35,101,14,0
4,35,101,15,0
4,35,101,16,0
4,35,101,17,0
4,35,101,18,0
4,35,101,19,0
4,35,101,20,0
4,35,101,21,0
4,35,101,22,0
4,35,101,23,0
4,35,101,24,0
4,35,101,25,0
4,35,101,26,0
4,35,101,27,0
4,35,101,28,0
4,35,101,29,0
4,35,101,30,0
4,35,101,31,0
4,35,101,32,0
4,35,101,33,0
4,35,101,34,0
4,35,101,35,0
4,35,101,36,0
4,35,101,37,0
4,35,101,38,0
4,35,101,39,0
4,35,101,40,0
4,35,101,41,0
4,35,101,42,0
4,35,101,43,0
4,35,101,44,0
4,35,101,45,0
4,35,101,46,0
4,35,101,47,0
4,35,101,48,0
4,35,101,49,0
4,35,101,50,0
4,35,101,51,0
4,35,101,52,0
4,35,101,53,0
4,35,101,54,0
4,35,101,55,0
4,35,101,56,0
4,35,101,57,0
4,35,101,58,0
4,35,101,59,0
4,35,101,60,0
4,35,101,61,0
4,35,101,62,0
4,35,101,63,0
4,35,101,64,0
4,35,101,65,0
4,35,101,66,0
4,35,101,67,0
4,35,101,68,0
4,35,101,69,0
4,35,101,70,0
4,35,101,71,0
4,35,101,72,0
4,35,101,73,0
4,35,101,74,0
4,35,101,75,0
4,35,101,76,0
4,35,101,77,0
4,35,101,78,0
4,35,101,79,0
4,35,101,80,0
4,35,101,81,0
4,35,101,82,0
4,35,101,83,0
4,35,101,84,0
4,35,101,85,0
4,35,101,86,0
4,35,101,87,0
4,35,101,88,0
4,35,101,89,0
4,35,101,90,0
4,35,101,91,3246320
4,35,101,92,1134193280
4,35,101,93,169020826612
4,35,101,94,14528594251474
4,35,101,95,820202542561448
4,35,101,96,32789770617155072
4,35,101,97,976596244579342078
4,35,101,98,22496236252739167264
4,35,101,99,412686488100141727594
4,35,101,100,6173168601247150595742
4,35,101,101,76774894733968498042284
4,35,101,102,806782816666150618747966
4,35,101,103,7259983291823698571269934
4,35,101,104,56569234991460606068551006
4,35,101,105,385202457242741379139286584
4,35,101,106,2309820242827402491462747888
4,35,101,107,12274596615826808204091695410
4,35,101,108,58114796372263901779980676056
4,35,101,109,246246307106315280342917916576
4,35,101,110,937407633861736017894242281840
4,35,101,111,3216754302912723519410085034216
4,35,101,112,9979932764396157327154754716128
4,35,101,113,28068849402702895446933397481690
4,35,101,114,71744298211266832382391781911522
4,35,101,115,167044912794832542322867639775746
4,35,101,116,355090634731911034979609336328150
4,35,101,117,690648871502747431049800442497420
4,35,101,118,1231755844889679750406144016163240
4,35,101,119,2018686101771149839568319536937940
4,35,101,120,3046556020471381133239576577573282
4,35,101,121,4242822130115689401593205929803924
4,35,101,122,5463864000098710929178083335959842
4,35,101,123,6519543506769380076969099887800342
4,35,101,124,7221895282756458843459607847255872
4,35,101,125,7440645942298094216575821012589622
4,35,101,126,7142689824360950980207904865626758
4,35,101,127,6399150499257724455405476914957442
4,35,101,128,5358661067094739209954184465438110
4,35,101,129,4200200819418763154524958121119348
4,35,101,130,3085384109394254612816755576217754
4,35,101,131,2126456394804133471098555445281394
4,35,101,132,1376353395925195019923558700128232
4,35,101,133,837302638328377070317589239042664
4,35,101,134,479072156678725924565748252941474
4,35,101,135,257932687402520440641935003515068
4,35,101,136,130723634081747726419001334372668
4,35,101,137,62378399388191385576921413832858
4,35,101,138,28026736390207847148503767018000
4,35,101,139,11855827710299431657645814252484
4,35,101,140,4720785153007105619727830804956
4,35,101,141,1768738653395268028638101978396
4,35,101,142,623262172188341412453246691174
4,35,101,143,206432958171974000324906588752
4,35,101,144,64223488584018086530927188256
4,35,101,145,18754056674256986414143333098
4,35,101,146,5136346361487810468127625412
4,35,101,147,1318426383520959958862008626
4,35,101,148,316975611586975642551325412
4,35,101,149,71345027240784584391056516
4,35,101,150,15030648085415035784255088
4,35,101,151,2964269176522020423121576
4,35,101,152,547517279461368093814400
4,35,101,153,94798385573036986644058
4,35,101,154,15404745923254113394734
4,35,101,155,2352764031291973056304
4,35,101,156,338228095355812750534
4,35,101,157,45827024030961351182
4,35,101,158,5858010693161440452
4,35,101,159,706863230125664958
4,35,101,160,80514333174014320
4,35,101,161,8650941153441232
4,35,101,162,875455269659802
4,35,101,163,83220719961798
4,35,101,164,7400129124452
4,35,101,165,611611671010
4,35,101,166,46563806260
4,35,101,167,3219244180
4,35,101,168,198276936
4,35,101,169,10649664
4,35,101,170,463608
4,35,101,171,16036
4,35,101,172,400
4,35,101,173,0
4,35,101,174,0
4,35,101,175,0
4,35,101,176,0
4,35,101,177,0
4,35,101,178,0
4,35,101,179,0
4,35,101,180,0
4,35,101,181,0
4,35,101,182,0
4,35,101,183,0
4,35,101,184,0
4,35,101,185,0
4,35,101,186,0
4,35,101,187,0
4,35,101,188,0
4,35,101,189,0
4,35,101,190,0
4,35,101,191,0
4,35,101,192,0
4,35,101,193,0
4,35,101,194,0
4,35,101,195,0
4,35,101,196,0
4,35,101,197,0
4,35,101,198,0
4,35,101,199,0
4,35,101,200,0
4,35,101,201,0
4,35,101,202,0
4,35,101,203,0
4,35,101,204,0
4,35,101,205,0
4,35,101,206,0
4,35,101,207,0
4,35,101,208,0
4,35,101,209,0
4,35,101,210,0
4,35,101,211,0
4,35,101,212,0
4,35,101,213,0
4,35,101,214,0
4,35,101,215,0
4,35,101,216,0
4,35,101,217,0
4,35,101,218,0
4,35,101,219,0
4,35,101,220,0
4,35,101,221,0
4,35,101,222,0
4,35,101,223,0
4,35,101,224,0
4,35,101,225,0
4,35,101,226,0
4,35,101,227,0
4,35,101,228,0
4,35,101,229,0
4,35,101,230,0
4,35,101,231,0
4,35,101,232,0
4,35,101,233,0
4,35,101,234,0
4,35,101,235,0
4,35,101,236,0
4,35,101,237,0
4,35,101,238,0
4,35,101,239,0
4,35,101,240,0
4,35,101,241,0
4,35,102,0,0
4,35,102,1,0
4,35,102,2,0
4,35,102,3,0
4,35,102,4,0
4,35,102,5,0
4,35,102,6,0
4,35,102,7,0
4,35,102,8,0
4,35,102,9,0
4,35,102,10,0
4,35,102,11,0
4,35,102,12,0
4,35,102,13,0
4,35,102,14,0
4,35,102,15,0
4,35,102,16,0
4,35,102,17,0
4,35,102,18,0
4,35,102,19,0
4,35,102,20,0
4,35,102,21,0
4,35,102,22,0
4,35,102,23,0
4,35,102,24,0
4,35,102,25,0
4,35,102,26,0
4,35,102,27,0
4,35,102,28,0
4,35,102,29,0
4,35,102,30,0
4,35,102,31,0
4,35,102,32,0
4,35,102,33,0
4,35,102,34,0
4,35,102,35,0
4,35,102,36,0
4,35,102,37,0
4,35,102,38,0
4,35,102,39,0
4,35,102,40,0
4,35,102,41,0
4,35,102,42,0
4,35,102,43,0
4,35,102,44,0
4,35,102,45,0
4,35,102,46,0
4,35,102,47,0
4,35,102,48,0
4,35,102,49,0
4,35,102,50,0
4,35,102,51,0
4,35,102,52,0
4,35,102,53,0
4,35,102,54,0
4,35,102,55,0
4,35,102,56,0
4,35,102,57,0
4,35,102,58,0
4,35,102,59,0
4,35,102,60,0
4,35,102,61,0
4,35,102,62,0
4,35,102,63,0
4,35,102,64,0
4,35,102,65,0
4,35,102,66,0
4,35,102,67,0
4,35,102,68,0
4,35,102,69,0
4,35,102,70,0
4,35,102,71,0
4,35,102,72,0
4,35,102,73,0
4,35,102,74,0
4,35,102,75,0
4,35,102,76,0
4,35,102,77,0
4,35,102,78,0
4,35,102,79,0
4,35,102,80,0
4,35,102,81,0
4,35,102,82,0
4,35,102,83,0
4,35,102,84,0
4,35,102,85,0
4,35,102,86,0
4,35,102,87,0
4,35,102,88,0
4,35,102,89,0
4,35,102,90,0
4,35,102,91,0
4,35,102,92,0
4,35,102,93,0
4,35,102,94,649264
4,35,102,95,264241648
4,35,102,96,45007781002
4,35,102,97,4355500334076
4,35,102,98,273316610877636
4,35,102,99,12009004234346796
4,35,102,100,389032813678512640
4,35,102,101,9651811148039446116
4,35,102,102,188909496132945967730
4,35,102,103,2987793648545827442586
4,35,102,104,38951750474253809462696
4,35,102,105,425590711623745620708880
4,35,102,106,3951733435083727400729326
4,35,102,107,31548158398359154916110754
4,35,102,108,218668212216022906149341484
4,35,102,109,1326682428869643062730959118
4,35,102,110,7094038116924214045785381820
4,35,102,111,33626251287683661363626698511
4,35,102,112,141992206182749118341304113418
4,35,102,113,536415991005232597170831534899
4,35,102,114,1819752015999804351022921042189
4,35,102,115,5562159816539201435600571173478
4,35,102,116,15364259444314186639833301790219
4,35,102,117,38462397467392517048775804865672
4,35,102,118,87491958611530178465697993882082
4,35,102,119,181304767536770305480509630018884
4,35,102,120,343106104110688215777029141953972
4,35,102,121,594388984627078043154014113233061
4,35,102,122,944847969540045714646619307228319
4,35,102,123,1381367513969227051676432720121548
4,35,102,124,1861653072174326265144747863454810
4,35,102,125,2317877300492702401885591418089469
4,35,102,126,2671848369272580884203793439440843
4,35,102,127,2857267869180624560433852921971159
4,35,102,128,2840205911822709072301256962182282
4,35,102,129,2629044894528380079314233036782076
4,35,102,130,2270008294094274023549104549894560
4,35,102,131,1831083843064294874966139747363854
4,35,102,132,1381800380527891296746403994362675
4,35,102,133,976733653533222944618925224369688
4,35,102,134,647394795196585661988461759879952
4,35,102,135,402738300594644975212719386410401
4,35,102,136,235323547297002461895891736861382
4,35,102,137,129227251835712858101774498685400
4,35,102,138,66723124079006513091809734583514
4,35,102,139,32400348661928679201977598403428
4,35,102,140,14798667155863496104482586148258
4,35,102,141,6357347924831925629895497959490
4,35,102,142,2568176126162469745647934071014
4,35,102,143,975261188056357662535811927621
4,35,102,144,347982334476711825172478231967
4,35,102,145,116593214551264858831681158324
4,35,102,146,36657628944168562526729695286
4,35,102,147,10806705275018307512794463988
4,35,102,148,2984745256221438358228801135
4,35,102,149,771720631102557349681550112
4,35,102,150,186655540161617234970122836
4,35,102,151,42209323223696635316264688
4,35,102,152,8921332165219793230792845
4,35,102,153,1762455383527399178961964
4,35,102,154,325583519586174550325856
4,35,102,155,56290718260251245241432
4,35,102,156,9119718606813778303831
4,35,102,157,1386592795442965467593
4,35,102,158,198163213554425741487
4,35,102,159,26657920189354344178
4,35,102,160,3379364254674163937
4,35,102,161,403935229681578601
4,35,102,162,45524922947977675
4,35,102,163,4834075422715320
4,35,102,164,482793912359558
4,35,102,165,45217909218378
4,35,102,166,3953405853732
4,35,102,167,320395312810
4,35,102,168,23827529129
4,35,102,169,1602905031
4,35,102,170,95254767
4,35,102,171,4885568
4,35,102,172,204452
4,35,102,173,6080
4,35,102,174,140
4,35,102,175,0
4,35,102,176,0
4,35,102,177,0
4,35,102,178,0
4,35,102,179,0
4,35,102,180,0
4,35,102,181,0
4,35,102,182,0
4,35,102,183,0
4,35,102,184,0
4,35,102,185,0
4,35,102,186,0
4,35,102,187,0
4,35,102,188,0
4,35,102,189,0
4,35,102,190,0
4,35,102,191,0
4,35,102,192,0
4,35,102,193,0
4,35,102,194,0
4,35,102,195,0
4,35,102,196,0
4,35,102,197,0
4,35,102,198,0
4,35,102,199,0
4,35,102,200,0
4,35,102,201,0
4,35,102,202,0
4,35,102,203,0
4,35,102,204,0
4,35,102,205,0
4,35,102,206,0
4,35,102,207,0
4,35,102,208,0
4,35,102,209,0
4,35,102,210,0
4,35,102,211,0
4,35,102,212,0
4,35,102,213,0
4,35,102,214,0
4,35,102,215,0
4,35,102,216,0
4,35,102,217,0
4,35,102,218,0
4,35,102,219,0
4,35,102,220,0
4,35,102,221,0
4,35,102,222,0
4,35,102,223,0
4,35,102,224,0
4,35,102,225,0
4,35,102,226,0
4,35,102,227,0
4,35,102,228,0
4,35,102,229,0
4,35,102,230,0
4,35,102,231,0
4,35,102,232,0
4,35,102,233,0
4,35,102,234,0
4,35,102,235,0
4,35,102,236,0
4,35,102,237,0
4,35,102,238,0
4,35,102,239,0
4,35,102,240,0
4,35,102,241,0
4,35,103,0,0
4,35,103,1,0
4,35,103,2,0
4,35,103,3,0
4,35,103,4,0
4,35,103,5,0
4,35,103,6,0
4,35,103,7,0
4,35,103,8,0
4,35,103,9,0
4,35,103,10,0
4,35,103,11,0
4,35,103,12,0
4,35,103,13,0
4,35,103,14,0
4,35,103,15,0
4,35,103,16,0
4,35,103,17,0
4,35,103,18,0
4,35,103,19,0
4,35,103,20,0
4,35,103,21,0
4,35,103,22,0
4,35,103,23,0
4,35,103,24,0
4,35,103,25,0
4,35,103,26,0
4,35,103,27,0
4,35,103,28,0
4,35,103,29,0
4,35,103,30,0
4,35,103,31,0
4,35,103,32,0
4,35,103,33,0
4,35,103,34,0
4,35,103,35,0
4,35,103,36,0
4,35,103,37,0
4,35,103,38,0
4,35,103,39,0
4,35,103,40,0
4,35,103,41,0
4,35,103,42,0
4,35,103,43,0
4,35,103,44,0
4,35,103,45,0
4,35,103,46,0
4,35,103,47,0
4,35,103,48,0
4,35,103,49,0
4,35,103,50,0
4,35,103,51,0
4,35,103,52,0
4,35,103,53,0
4,35,103,54,0
4,35,103,55,0
4,35,103,56,0
4,35,103,57,0
4,35,103,58,0
4,35,103,59,0
4,35,103,60,0
4,35,103,61,0
4,35,103,62,0
4,35,103,63,0
4,35,103,64,0
4,35,103,65,0
4,35,103,66,0
4,35,103,67,0
4,35,103,68,0
4,35,103,69,0
4,35,103,70,0
4,35,103,71,0
4,35,103,72,0
4,35,103,73,0
4,35,103,74,0
4,35,103,75,0
4,35,103,76,0
4,35,103,77,0
4,35,103,78,0
4,35,103,79,0
4,35,103,80,0
4,35,103,81,0
4,35,103,82,0
4,35,103,83,0
4,35,103,84,0
4,35,103,85,0
4,35,103,86,0
4,35,103,87,0
4,35,103,88,0
4,35,103,89,0
4,35,103,90,0
4,35,103,91,0
4,35,103,92,0
4,35,103,93,0
4,35,103,94,0
4,35,103,95,0
4,35,103,96,0
4,35,103,97,104720
4,35,103,98,50945796
4,35,103,99,10105217672
4,35,103,100,1116722582676
4,35,103,101,78782077159260
4,35,103,102,3840423467952208
4,35,103,103,136421381917552178
4,35,103,104,3671655901802548068
4,35,103,105,77176135244616083904
4,35,103,106,1298372012689535836122
4,35,103,107,17842082945805372436028
4,35,103,108,203725965129650461010264
4,35,103,109,1960977782230219047332288
4,35,103,110,16107401773074471264656978
4,35,103,111,114073051458396374043596058
4,35,103,112,702634422737868068494116672
4,35,103,113,3792018927604506204279599520
4,35,103,114,18044218461606175913612773916
4,35,103,115,76116897555259388032125018008
4,35,103,116,285985256694084098865583253814
4,35,103,117,961015948761098909850067688704
4,35,103,118,2899087855928400448706311124414
4,35,103,119,7877962827138751928949420317786
4,35,103,120,19344602545121127200455857859158
4,35,103,121,43051840938983260526276488181514
4,35,103,122,87085174055698241196447121736296
4,35,103,123,160549251698986045459683699183924
4,35,103,124,270483258235730979935576766586608
4,35,103,125,417509846404208762302427887819488
4,35,103,126,591947728695424440898620938123184
4,35,103,127,772775479286368226851606681579280
4,35,103,128,931111325632426605883708296945438
4,35,103,129,1037788614793159824665199582351714
4,35,103,130,1072272558650345176925934665056202
4,35,103,131,1029114192832603332516284568644856
4,35,103,132,919167837631241723789344948349010
4,35,103,133,765319887843027638277150039325414
4,35,103,134,594952100691326567154114848118326
4,35,103,135,432427308651848981621439519639952
4,35,103,136,294214029595564506477460428044020
4,35,103,137,187579193369450286030939435188594
4,35,103,138,112163932986043350285809696196606
4,35,103,139,62946226000012290148796717748484
4,35,103,140,33171057738765283575234671435276
4,35,103,141,16419975600761429959168799071824
4,35,103,142,7636346199333075769909420199876
4,35,103,143,3336584003968331165281912970882
4,35,103,144,1369474858059487037293106177444
4,35,103,145,527843325300655783472524770434
4,35,103,146,190964802364688015147506896858
4,35,103,147,64809358612426769440320457804
4,35,103,148,20617950986346197271268140556
4,35,103,149,6143616276442279103184051752
4,35,103,150,1713157771370684060064860062
4,35,103,151,446671245169542021777117332
4,35,103,152,108804431939443956190818096
4,35,103,153,24745028463858140545906338
4,35,103,154,5252100803430214847748760
4,35,103,155,1040284403199797306215694
4,35,103,156,192353804000499532103048
4,35,103,157,33230570470186045946232
4,35,103,158,5370450694500888969534
4,35,103,159,813210833574192667156
4,35,103,160,115570549921271650912
4,35,103,161,15439004198687466438
4,35,103,162,1941071903035011442
4,35,103,163,229827883061381746
4,35,103,164,25626771045346058
4,35,103,165,2688707735241082
4,35,103,166,264930478255592
4,35,103,167,24436761544818
4,35,103,168,2099310399714
4,35,103,169,166688483958
4,35,103,170,12098007148
4,35,103,171,790301450
4,35,103,172,45260640
4,35,103,173,2211646
4,35,103,174,87280
4,35,103,175,2356
4,35,103,176,40
4,35,103,177,0
4,35,103,178,0
4,35,103,179,0
4,35,103,180,0
4,35,103,181,0
4,35,103,182,0
4,35,103,183,0
4,35,103,184,0
4,35,103,185,0
4,35,103,186,0
4,35,103,187,0
4,35,103,188,0
4,35,103,189,0
4,35,103,190,0
4,35,103,191,0
4,35,103,192,0
4,35,103,193,0
4,35,103,194,0
4,35,103,195,0
4,35,103,196,0
4,35,103,197,0
4,35,103,198,0
4,35,103,199,0
4,35,103,200,0
4,35,103,201,0
4,35,103,202,0
4,35,103,203,0
4,35,103,204,0
4,35,103,205,0
4,35,103,206,0
4,35,103,207,0
4,35,103,208,0
4,35,103,209,0
4,35,103,210,0
4,35,103,211,0
4,35,103,212,0
4,35,103,213,0
4,35,103,214,0
4,35,103,215,0
4,35,103,216,0
4,35,103,217,0
4,35,103,218,0
4,35,103,219,0
4,35,103,220,0
4,35,103,221,0
4,35,103,222,0
4,35,103,223,0
4,35,103,224,0
4,35,103,225,0
4,35,103,226,0
4,35,103,227,0
4,35,103,228,0
4,35,103,229,0
4,35,103,230,0
4,35,103,231,0
4,35,103,232,0
4,35,103,233,0
4,35,103,234,0
4,35,103,235,0
4,35,103,236,0
4,35,103,237,0
4,35,103,238,0
4,35,103,239,0
4,35,103,240,0
4,35,103,241,0
4,35,104,0,0
4,35,104,1,0
4,35,104,2,0
4,35,104,3,0
4,35,104,4,0
4,35,104,5,0
4,35,104,6,0
4,35,104,7,0
4,35,104,8,0
4,35,104,9,0
4,35,104,10,0
4,35,104,11,0
4,35,104,12,0
4,35,104,13,0
4,35,104,14,0
4,35,104,15,0
4,35,104,16,0
4,35,104,17,0
4,35,104,18,0
4,35,104,19,0
4,35,104,20,0
4,35,104,21,0
4,35,104,22,0
4,35,104,23,0
4,35,104,24,0
4,35,104,25,0
4,35,104,26,0
4,35,104,27,0
4,35,104,28,0
4,35,104,29,0
4,35,104,30,0
4,35,104,31,0
4,35,104,32,0
4,35,104,33,0
4,35,104,34,0
4,35,104,35,0
4,35,104,36,0
4,35,104,37,0
4,35,104,38,0
4,35,104,39,0
4,35,104,40,0
4,35,104,41,0
4,35,104,42,0
4,35,104,43,0
4,35,104,44,0
4,35,104,45,0
4,35,104,46,0
4,35,104,47,0
4,35,104,48,0
4,35,104,49,0
4,35,104,50,0
4,35,104,51,0
4,35,104,52,0
4,35,104,53,0
4,35,104,54,0
4,35,104,55,0
4,35,104,56,0
4,35,104,57,0
4,35,104,58,0
4,35,104,59,0
4,35,104,60,0
4,35,104,61,0
4,35,104,62,0
4,35,104,63,0
4,35,104,64,0
4,35,104,65,0
4,35,104,66,0
4,35,104,67,0
4,35,104,68,0
4,35,104,69,0
4,35,104,70,0
4,35,104,71,0
4,35,104,72,0
4,35,104,73,0
4,35,104,74,0
4,35,104,75,0
4,35,104,76,0
4,35,104,77,0
4,35,104,78,0
4,35,104,79,0
4,35,104,80,0
4,35,104,81,0
4,35,104,82,0
4,35,104,83,0
4,35,104,84,0
4,35,104,85,0
4,35,104,86,0
4,35,104,87,0
4,35,104,88,0
4,35,104,89,0
4,35,104,90,0
4,35,104,91,0
4,35,104,92,0
4,35,104,93,0
4,35,104,94,0
4,35,104,95,0
4,35,104,96,0
4,35,104,97,0
4,35,104,98,0
4,35,104,99,0
4,35,104,100,13090
4,35,104,101,7911028
4,35,104,102,1875980528
4,35,104,103,241312243698
4,35,104,104,19421339822694
4,35,104,105,1062781611730206
4,35,104,106,41805272131285520
4,35,104,107,1230975995328343880
4,35,104,108,27997404029058326794
4,35,104,109,504443597401678032752
4,35,104,110,7352432560097469084606
4,35,104,111,88234532530809874945804
4,35,104,112,885010176261062467367380
4,35,104,113,7514668409080324310497896
4,35,104,114,54607759946412232441728072
4,35,104,115,342781580449695947801456986
4,35,104,116,1873484766756761602359416774
4,35,104,117,8976757162855360729224108136
4,35,104,118,37931328963234596695390574405
4,35,104,119,142082857022221933422566379551
4,35,104,120,473974117112297701389137107582
4,35,104,121,1413981614591376625065592295717
4,35,104,122,3786714508316218734611124767132
4,35,104,123,9135795101988856356773263865456
4,35,104,124,19922315938532814899418548347214
4,35,104,125,39392875741703964419005924577586
4,35,104,126,70843340747514524253573183987408
4,35,104,127,116213378107033522257322837141825
4,35,104,128,174388691373164355985341637480088
4,35,104,129,240033590528484723668995644800137
4,35,104,130,303848930555869748739967348227192
4,35,104,131,354621498436101024896083362109513
4,35,104,132,382496214359270699128207591801168
4,35,104,133,382133002491923936604887811231913
4,35,104,134,354348005085432053537490467105679
4,35,104,135,305565110534281800786655806620964
4,35,104,136,245465335959487803050122876429152
4,35,104,137,183977609725636616688439464413046
4,35,104,138,128831990597037060941278899301916
4,35,104,139,84388021289485244566211708454792
4,35,104,140,51757002104756132017756003914160
4,35,104,141,29746786768704913343971833793589
4,35,104,142,16031123063018375749880264443829
4,35,104,143,8104580638616691224684795256933
4,35,104,144,3844588887822637322978570904268
4,35,104,145,1711407517796678374449517695931
4,35,104,146,714817931055758900438681626673
4,35,104,147,280062741941603305064628948833
4,35,104,148,102882379794027055783640385858
4,35,104,149,35415531827272275925542250198
4,35,104,150,11415525929039831363338190231
4,35,104,151,3442561594018961228149139604
4,35,104,152,970405267078372636350480688
4,35,104,153,255447664134138633894806397
4,35,104,154,62739214584567065572430495
4,35,104,155,14365889204324928857128395
4,35,104,156,3065152780449651070325338
4,35,104,157,609281774007708761817188
4,35,104,158,112861307188316751776698
4,35,104,159,19496983919920073747080
4,35,104,160,3145092955463730527364
4,35,104,161,474519982439785764075
4,35,104,162,67082932267902991733
4,35,104,163,8901045706777096548
4,35,104,164,1109980489933282314
4,35,104,165,130182958186430521
4,35,104,166,14359808296869297
4,35,104,167,1488295013770139
4,35,104,168,144633703427298
4,35,104,169,13131959344060
4,35,104,170,1107792153105
4,35,104,171,86106221613
4,35,104,172,6089553750
4,35,104,173,385961717
4,35,104,174,21272259
4,35,104,175,978246
4,35,104,176,37130
4,35,104,177,855
4,35,104,178,10
4,35,104,179,0
4,35,104,180,0
4,35,104,181,0
4,35,104,182,0
4,35,104,183,0
4,35,104,184,0
4,35,104,185,0
4,35,104,186,0
4,35,104,187,0
4,35,104,188,0
4,35,104,189,0
4,35,104,190,0
4,35,104,191,0
4,35,104,192,0
4,35,104,193,0
4,35,104,194,0
4,35,104,195,0
4,35,104,196,0
4,35,104,197,0
4,35,104,198,0
4,35,104,199,0
4,35,104,200,0
4,35,104,201,0
4,35,104,202,0
4,35,104,203,0
4,35,104,204,0
4,35,104,205,0
4,35,104,206,0
4,35,104,207,0
4,35,104,208,0
4,35,104,209,0
4,35,104,210,0
4,35,104,211,0
4,35,104,212,0
4,35,104,213,0
4,35,104,214,0
4,35,104,215,0
4,35,104,216,0
4,35,104,217,0
4,35,104,218,0
4,35,104,219,0
4,35,104,220,0
4,35,104,221,0
4,35,104,222,0
4,35,104,223,0
4,35,104,224,0
4,35,104,225,0
4,35,104,226,0
4,35,104,227,0
4,35,104,228,0
4,35,104,229,0
4,35,104,230,0
4,35,104,231,0
4,35,104,232,0
4,35,104,233,0
4,35,104,234,0
4,35,104,235,0
4,35,104,236,0
4,35,104,237,0
4,35,104,238,0
4,35,104,239,0
4,35,104,240,0
4,35,104,241,0
4,35,105,0,0
4,35,105,1,0
4,35,105,2,0
4,35,105,3,0
4,35,105,4,0
4,35,105,5,0
4,35,105,6,0
4,35,105,7,0
4,35,105,8,0
4,35,105,9,0
4,35,105,10,0
4,35,105,11,0
4,35,105,12,0
4,35,105,13,0
4,35,105,14,0
4,35,105,15,0
4,35,105,16,0
4,35,105,17,0
4,35,105,18,0
4,35,105,19,0
4,35,105,20,0
4,35,105,21,0
4,35,105,22,0
4,35,105,23,0
4,35,105,24,0
4,35,105,25,0
4,35,105,26,0
4,35,105,27,0
4,35,105,28,0
4,35,105,29,0
4,35,105,30,0
4,35,105,31,0
4,35,105,32,0
4,35,105,33,0
4,35,105,34,0
4,35,105,35,0
4,35,105,36,0
4,35,105,37,0
4,35,105,38,0
4,35,105,39,0
4,35,105,40,0
4,35,105,41,0
4,35,105,42,0
4,35,105,43,0
4,35,105,44,0
4,35,105,45,0
4,35,105,46,0
4,35,105,47,0
4,35,105,48,0
4,35,105,49,0
4,35,105,50,0
4,35,105,51,0
4,35,105,52,0
4,35,105,53,0
4,35,105,54,0
4,35,105,55,0
4,35,105,56,0
4,35,105,57,0
4,35,105,58,0
4,35,105,59,0
4,35,105,60,0
4,35,105,61,0
4,35,105,62,0
4,35,105,63,0
4,35,105,64,0
4,35,105,65,0
4,35,105,66,0
4,35,105,67,0
4,35,105,68,0
4,35,105,69,0
4,35,105,70,0
4,35,105,71,0
4,35,105,72,0
4,35,105,73,0
4,35,105,74,0
4,35,105,75,0
4,35,105,76,0
4,35,105,77,0
4,35,105,78,0
4,35,105,79,0
4,35,105,80,0
4,35,105,81,0
4,35,105,82,0
4,35,105,83,0
4,35,105,84,0
4,35,105,85,0
4,35,105,86,0
4,35,105,87,0
4,35,105,88,0
4,35,105,89,0
4,35,105,90,0
4,35,105,91,0
4,35,105,92,0
4,35,105,93,0
4,35,105,94,0
4,35,105,95,0
4,35,105,96,0
4,35,105,97,0
4,35,105,98,0
4,35,105,99,0
4,35,105,100,0
4,35,105,101,0
4,35,105,102,0
4,35,105,103,1190
4,35,105,104,950768
4,35,105,105,280245574
4,35,105,106,43095238724
4,35,105,107,4034820363606
4,35,105,108,251615747159740
4,35,105,109,11093759959632870
4,35,105,110,361040034905556108
4,35,105,111,8963926372846495990
4,35,105,112,174328772817261486912
4,35,105,113,2714075794246125682196
4,35,105,114,34452209127431970300966
4,35,105,115,362190980720724613912774
4,35,105,116,3195937184876373664653782
4,35,105,117,23943926611160872974368966
4,35,105,118,153825866723588511081870396
4,35,105,119,854695945467410985975055648
4,35,105,120,4137726922161372096444365434
4,35,105,121,17566888570050386738375419746
4,35,105,122,65780463159716994498691605474
4,35,105,123,218368527539705866763028449962
4,35,105,124,645632591431399782302594490158
4,35,105,125,1707368680915558428551919931336
4,35,105,126,4054411585215659482356065931102
4,35,105,127,8677500891809791436773018467820
4,35,105,128,16797764842774127385026750032486
4,35,105,129,29508855843260254889978598313960
4,35,105,130,47194392236966583734464704006444
4,35,105,131,68928943853734787217796947996948
4,35,105,132,92207241749359723952950473879434
4,35,105,133,113292128515357791466248056596028
4,35,105,134,128191875834241034547152058643544
4,35,105,135,133916019580938451121270858547976
4,35,105,136,129457238741506844726330006241716
4,35,105,137,116057505701903277381811265935528
4,35,105,138,96676672620955231119029433235442
4,35,105,139,74960893666185766348321557054516
4,35,105,140,54186150224611527301948940750878
4,35,105,141,36565385318436448362808806987818
4,35,105,142,23061090741051130969115719326216
4,35,105,143,13605946021687783512888237367230
4,35,105,144,7515200574658010671773452990860
4,35,105,145,3888231535756073497207005657958
4,35,105,146,1885011822201577464507305430226
4,35,105,147,856430623215877166892201636816
4,35,105,148,364643634071924104609008145356
4,35,105,149,145460167521731683999388767778
4,35,105,150,54342628690965424754632323496
4,35,105,151,19002309851018518565772460976
4,35,105,152,6214729751275395645091063460
4,35,105,153,1899381478532203144137661934
4,35,105,154,541948965032378071892505506
4,35,105,155,144219027860822032172461554
4,35,105,156,35758191161241460660146610
4,35,105,157,8253458222889990823517954
4,35,105,158,1772221372343392942355176
4,35,105,159,353903497911975183321302
4,35,105,160,65735600426580582283786
4,35,105,161,11364912906432140931274
4,35,105,162,1831140154542761900866
4,35,105,163,275423497679687078804
4,35,105,164,38746741674543889780
4,35,105,165,5107659298940969254
4,35,105,166,631819598475713862
4,35,105,167,73401375806960560
4,35,105,168,8008460488887944
4,35,105,169,819740542544460
4,35,105,170,78539922316400
4,35,105,171,7015870263834
4,35,105,172,580719687296
4,35,105,173,44149531250
4,35,105,174,3039816954
4,35,105,175,186119398
4,35,105,176,9910912
4,35,105,177,427012
4,35,105,178,14666
4,35,105,179,360
4,35,105,180,0
4,35,105,181,0
4,35,105,182,0
4,35,105,183,0
4,35,105,184,0
4,35,105,185,0
4,35,105,186,0
4,35,105,187,0
4,35,105,188,0
4,35,105,189,0
4,35,105,190,0
4,35,105,191,0
4,35,105,192,0
4,35,105,193,0
4,35,105,194,0
4,35,105,195,0
4,35,105,196,0
4,35,105,197,0
4,35,105,198,0
4,35,105,199,0
4,35,105,200,0
4,35,105,201,0
4,35,105,202,0
4,35,105,203,0
4,35,105,204,0
4,35,105,205,0
4,35,105,206,0
4,35,105,207,0
4,35,105,208,0
4,35,105,209,0
4,35,105,210,0
4,35,105,211,0
4,35,105,212,0
4,35,105,213,0
4,35,105,214,0
4,35,105,215,0
4,35,105,216,0
4,35,105,217,0
4,35,105,218,0
4,35,105,219,0
4,35,105,220,0
4,35,105,221,0
4,35,105,222,0
4,35,105,223,0
4,35,105,224,0
4,35,105,225,0
4,35,105,226,0
4,35,105,227,0
4,35,105,228,0
4,35,105,229,0
4,35,105,230,0
4,35,105,231,0
4,35,105,232,0
4,35,105,233,0
4,35,105,234,0
4,35,105,235,0
4,35,105,236,0
4,35,105,237,0
4,35,105,238,0
4,35,105,239,0
4,35,105,240,0
4,35,105,241,0
4,35,106,0,0
4,35,106,1,0
4,35,106,2,0
4,35,106,3,0
4,35,106,4,0
4,35,106,5,0
4,35,106,6,0
4,35,106,7,0
4,35,106,8,0
4,35,106,9,0
4,35,106,10,0
4,35,106,11,0
4,35,106,12,0
4,35,106,13,0
4,35,106,14,0
4,35,106,15,0
4,35,106,16,0
4,35,106,17,0
4,35,106,18,0
4,35,106,19,0
4,35,106,20,0
4,35,106,21,0
4,35,106,22,0
4,35,106,23,0
4,35,106,24,0
4,35,106,25,0
4,35,106,26,0
4,35,106,27,0
4,35,106,28,0
4,35,106,29,0
4,35,106,30,0
4,35,106,31,0
4,35,106,32,0
4,35,106,33,0
4,35,106,34,0
4,35,106,35,0
4,35,106,36,0
4,35,106,37,0
4,35,106,38,0
4,35,106,39,0
4,35,106,40,0
4,35,106,41,0
4,35,106,42,0
4,35,106,43,0
4,35,106,44,0
4,35,106,45,0
4,35,106,46,0
4,35,106,47,0
4,35,106,48,0
4,35,106,49,0
4,35,106,50,0
4,35,106,51,0
4,35,106,52,0
4,35,106,53,0
4,35,106,54,0
4,35,106,55,0
4,35,106,56,0
4,35,106,57,0
4,35,106,58,0
4,35,106,59,0
4,35,106,60,0
4,35,106,61,0
4,35,106,62,0
4,35,106,63,0
4,35,106,64,0
4,35,106,65,0
4,35,106,66,0
4,35,106,67,0
4,35,106,68,0
4,35,106,69,0
4,35,106,70,0
4,35,106,71,0
4,35,106,72,0
4,35,106,73,0
4,35,106,74,0
4,35,106,75,0
4,35,106,76,0
4,35,106,77,0
4,35,106,78,0
4,35,106,79,0
4,35,106,80,0
4,35,106,81,0
4,35,106,82,0
4,35,106,83,0
4,35,106,84,0
4,35,106,85,0
4,35,106,86,0
4,35,106,87,0
4,35,106,88,0
4,35,106,89,0
4,35,106,90,0
4,35,106,91,0
4,35,106,92,0
4,35,106,93,0
4,35,106,94,0
4,35,106,95,0
4,35,106,96,0
4,35,106,97,0
4,35,106,98,0
4,35,106,99,0
4,35,106,100,0
4,35,106,101,0
4,35,106,102,0
4,35,106,103,0
4,35,106,104,0
4,35,106,105,0
4,35,106,106,70
4,35,106,107,82986
4,35,106,108,32371100
4,35,106,109,6189811198
4,35,106,110,692668325802
4,35,106,111,50214679406186
4,35,106,112,2520132969863432
4,35,106,113,91787831212933936
4,35,106,114,2514020278689816960
4,35,106,115,53256810283494117676
4,35,106,116,892837394063860122934
4,35,106,117,12075583677808510229040
4,35,106,118,133933412894900838849378
4,35,106,119,1235448023534023151288850
4,35,106,120,9593921884186044674446362
4,35,106,121,63384834375326768640967204
4,35,106,122,359567581220471566111263801
4,35,106,123,1765517990256231238421653621
4,35,106,124,7556784533020568153264726484
4,35,106,125,28373445142794245617724225538
4,35,106,126,93984618546444326475746363266
4,35,106,127,276061271334858843511169697910
4,35,106,128,722453607357518061359041599602
4,35,106,129,1691897339280848228501641719706
4,35,106,130,3560251006666544122011738097059
4,35,106,131,6757912859197144227325998433317
4,35,106,132,11613601464621503761014664214272
4,35,106,133,18132750573780949318821283776402
4,35,106,134,25807749184418716832644093543881
4,35,106,135,33589298783145396230835844862061
4,35,106,136,40097371789601593165553168239832
4,35,106,137,44026691059256784854906067518681
4,35,106,138,44579905078913067770409651110840
4,35,106,139,41728764517197999553908795107262
4,35,106,140,36187998561780608508782265434711
4,35,106,141,29133456174033178931175724923726
4,35,106,142,21811641308257439296648309199586
4,35,106,143,15209956658286291776248930946084
4,35,106,144,9892113083856892459470316744191
4,35,106,145,6006949084628157786570394135611
4,35,106,146,3408864682250450822274452224354
4,35,106,147,1809045066904160548317702162894
4,35,106,148,898198787984104085559921144951
4,35,106,149,417336691851157069063237365478
4,35,106,150,181471575080596083038584335074
4,35,106,151,73835749398721364600397398632
4,35,106,152,28099770306200530494365537574
4,35,106,153,9997161605672177482768904200
4,35,106,154,3322557055747971876946652430
4,35,106,155,1030641031708008227916548882
4,35,106,156,298089571957303899558456297
4,35,106,157,80301555174420081628157494
4,35,106,158,20126571792765405080159438
4,35,106,159,4688693867858621118968832
4,35,106,160,1014435322247601735296419
4,35,106,161,203744799951604946327722
4,35,106,162,37987651674535768045962
4,35,106,163,6578819247735051856402
4,35,106,164,1059558458116904575115
4,35,106,165,158972793735518562897
4,35,106,166,22264865904304654059
4,35,106,167,2916628126748139797
4,35,106,168,357933780385593425
4,35,106,169,41189179106902877
4,35,106,170,4444492437980319
4,35,106,171,449188618369171
4,35,106,172,42413366409472
4,35,106,173,3725499530615
4,35,106,174,302364632236
4,35,106,175,22454937652
4,35,106,176,1504071809
4,35,106,177,88841549
4,35,106,178,4522201
4,35,106,179,186965
4,35,106,180,5522
4,35,106,181,126
4,35,106,182,0
4,35,106,183,0
4,35,106,184,0
4,35,106,185,0
4,35,106,186,0
4,35,106,187,0
4,35,106,188,0
4,35,106,189,0
4,35,106,190,0
4,35,106,191,0
4,35,106,192,0
4,35,106,193,0
4,35,106,194,0
4,35,106,195,0
4,35,106,196,0
4,35,106,197,0
4,35,106,198,0
4,35,106,199,0
4,35,106,200,0
4,35,106,201,0
4,35,106,202,0
4,35,106,203,0
4,35,106,204,0
4,35,106,205,0
4,35,106,206,0
4,35,106,207,0
4,35,106,208,0
4,35,106,209,0
4,35,106,210,0
4,35,106,211,0
4,35,106,212,0
4,35,106,213,0
4,35,106,214,0
4,35,106,215,0
4,35,106,216,0
4,35,106,217,0
4,35,106,218,0
4,35,106,219,0
4,35,106,220,0
4,35,106,221,0
4,35,106,222,0
4,35,106,223,0
4,35,106,224,0
4,35,106,225,0
4,35,106,226,0
4,35,106,227,0
4,35,106,228,0
4,35,106,229,0
4,35,106,230,0
4,35,106,231,0
4,35,106,232,0
4,35,106,233,0
4,35,106,234,0
4,35,106,235,0
4,35,106,236,0
4,35,106,237,0
4,35,106,238,0
4,35,106,239,0
4,35,106,240,0
4,35,106,241,0
4,35,107,0,0
4,35,107,1,0
4,35,107,2,0
4,35,107,3,0
4,35,107,4,0
4,35,107,5,0
4,35,107,6,0
4,35,107,7,0
4,35,107,8,0
4,35,107,9,0
4,35,107,10,0
4,35,107,11,0
4,35,107,12,0
4,35,107,13,0
4,35,107,14,0
4,35,107,15,0
4,35,107,16,0
4,35,107,17,0
4,35,107,18,0
4,35,107,19,0
4,35,107,20,0
4,35,107,21,0
4,35,107,22,0
4,35,107,23,0
4,35,107,24,0
4,35,107,25,0
4,35,107,26,0
4,35,107,27,0
4,35,107,28,0
4,35,107,29,0
4,35,107,30,0
4,35,107,31,0
4,35,107,32,0
4,35,107,33,0
4,35,107,34,0
4,35,107,35,0
4,35,107,36,0
4,35,107,37,0
4,35,107,38,0
4,35,107,39,0
4,35,107,40,0
4,35,107,41,0
4,35,107,42,0
4,35,107,43,0
4,35,107,44,0
4,35,107,45,0
4,35,107,46,0
4,35,107,47,0
4,35,107,48,0
4,35,107,49,0
4,35,107,50,0
4,35,107,51,0
4,35,107,52,0
4,35,107,53,0
4,35,107,54,0
4,35,107,55,0
4,35,107,56,0
4,35,107,57,0
4,35,107,58,0
4,35,107,59,0
4,35,107,60,0
4,35,107,61,0
4,35,107,62,0
4,35,107,63,0
4,35,107,64,0
4,35,107,65,0
4,35,107,66,0
4,35,107,67,0
4,35,107,68,0
4,35,107,69,0
4,35,107,70,0
4,35,107,71,0
4,35,107,72,0
4,35,107,73,0
4,35,107,74,0
4,35,107,75,0
4,35,107,76,0
4,35,107,77,0
4,35,107,78,0
4,35,107,79,0
4,35,107,80,0
4,35,107,81,0
4,35,107,82,0
4,35,107,83,0
4,35,107,84,0
4,35,107,85,0
4,35,107,86,0
4,35,107,87,0
4,35,107,88,0
4,35,107,89,0
4,35,107,90,0
4,35,107,91,0
4,35,107,92,0
4,35,107,93,0
4,35,107,94,0
4,35,107,95,0
4,35,107,96,0
4,35,107,97,0
4,35,107,98,0
4,35,107,99,0
4,35,107,100,0
4,35,107,101,0
4,35,107,102,0
4,35,107,103,0
4,35,107,104,0
4,35,107,105,0
4,35,107,106,0
4,35,107,107,0
4,35,107,108,0
4,35,107,109,2
4,35,107,110,4680
4,35,107,111,2712932
4,35,107,112,687047420
4,35,107,113,95618726196
4,35,107,114,8282422796784
4,35,107,115,482837752132122
4,35,107,116,19993945479901876
4,35,107,117,611922131844763356
4,35,107,118,14273801323671871732
4,35,107,119,260112379138556998026
4,35,107,120,3779623219450145417320
4,35,107,121,44557728973061548748308
4,35,107,122,432556394320135992665166
4,35,107,123,3502725984779631387595518
4,35,107,124,23927546803526020047863964
4,35,107,125,139252777626829618108239988
4,35,107,126,696472927099370723168970202
4,35,107,127,3016885648467470850667823644
4,35,107,128,11396641328645264704181726272
4,35,107,129,37781316767049376908307034058
4,35,107,130,110544605349403177451661175612
4,35,107,131,286970080648716523996238765660
4,35,107,132,664180865635618472253975236322
4,35,107,133,1376763532803078332535292004038
4,35,107,134,2566901870155803300882886682364
4,35,107,135,4322007729808867170044238542908
4,35,107,136,6596942024281417595351713031350
4,35,107,137,9161039972014755286878865789548
4,35,107,138,11613590599375758127873872021158
4,35,107,139,13483149779454273963475950537364
4,35,107,140,14378334704801611427642804342556
4,35,107,141,14122441086564395113680269930786
4,35,107,142,12808126011656209224029861179322
4,35,107,143,10750369629858700270612588314442
4,35,107,144,8367691202241362786110667699186
4,35,107,145,6050750274717113788156168441874
4,35,107,146,4071041667592557233185568848180
4,35,107,147,2551885127753610266868541819528
4,35,107,148,1491896088166319209946271782152
4,35,107,149,814137617876882044829751666704
4,35,107,150,414951498196353261047599038276
4,35,107,151,197603895857799571117650068194
4,35,107,152,87933038880168051022071124442
4,35,107,153,36562004524467167781780814660
4,35,107,154,14200307431714946007443565336
4,35,107,155,5149119520012096994748626932
4,35,107,156,1741919092488132781806085136
4,35,107,157,549285692880729054889030304
4,35,107,158,161285654055340487979607962
4,35,107,159,44048191889900200372771062
4,35,107,160,11176023368833252874672322
4,35,107,161,2631412175284250111648668
4,35,107,162,574411927056573546077048
4,35,107,163,116176831352564042499502
4,35,107,164,21767634721279885963380
4,35,107,165,3780046625024700665872
4,35,107,166,609071345567440939730
4,35,107,167,91217814288714483542
4,35,107,168,12724888940612088480
4,35,107,169,1657008999317490046
4,35,107,170,201772251352755394
4,35,107,171,22999203769992842
4,35,107,172,2454077630562578
4,35,107,173,244825619854262
4,35,107,174,22772785685588
4,35,107,175,1965737302764
4,35,107,176,156307593078
4,35,107,177,11328451772
4,35,107,178,736954580
4,35,107,179,41921406
4,35,107,180,2035470
4,35,107,181,79398
4,35,107,182,2118
4,35,107,183,36
4,35,107,184,0
4,35,107,185,0
4,35,107,186,0
4,35,107,187,0
4,35,107,188,0
4,35,107,189,0
4,35,107,190,0
4,35,107,191,0
4,35,107,192,0
4,35,107,193,0
4,35,107,194,0
4,35,107,195,0
4,35,107,196,0
4,35,107,197,0
4,35,107,198,0
4,35,107,199,0
4,35,107,200,0
4,35,107,201,0
4,35,107,202,0
4,35,107,203,0
4,35,107,204,0
4,35,107,205,0
4,35,107,206,0
4,35,107,207,0
4,35,107,208,0
4,35,107,209,0
4,35,107,210,0
4,35,107,211,0
4,35,107,212,0
4,35,107,213,0
4,35,107,214,0
4,35,107,215,0
4,35,107,216,0
4,35,107,217,0
4,35,107,218,0
4,35,107,219,0
4,35,107,220,0
4,35,107,221,0
4,35,107,222,0
4,35,107,223,0
4,35,107,224,0
4,35,107,225,0
4,35,107,226,0
4,35,107,227,0
4,35,107,228,0
4,35,107,229,0
4,35,107,230,0
4,35,107,231,0
4,35,107,232,0
4,35,107,233,0
4,35,107,234,0
4,35,107,235,0
4,35,107,236,0
4,35,107,237,0
4,35,107,238,0
4,35,107,239,0
4,35,107,240,0
4,35,107,241,0
4,35,108,0,0
4,35,108,1,0
4,35,108,2,0
4,35,108,3,0
4,35,108,4,0
4,35,108,5,0
4,35,108,6,0
4,35,108,7,0
4,35,108,8,0
4,35,108,9,0
4,35,108,10,0
4,35,108,11,0
4,35,108,12,0
4,35,108,13,0
4,35,108,14,0
4,35,108,15,0
4,35,108,16,0
4,35,108,17,0
4,35,108,18,0
4,35,108,19,0
4,35,108,20,0
4,35,108,21,0
4,35,108,22,0
4,35,108,23,0
4,35,108,24,0
4,35,108,25,0
4,35,108,26,0
4,35,108,27,0
4,35,108,28,0
4,35,108,29,0
4,35,108,30,0
4,35,108,31,0
4,35,108,32,0
4,35,108,33,0
4,35,108,34,0
4,35,108,35,0
4,35,108,36,0
4,35,108,37,0
4,35,108,38,0
4,35,108,39,0
4,35,108,40,0
4,35,108,41,0
4,35,108,42,0
4,35,108,43,0
4,35,108,44,0
4,35,108,45,0
4,35,108,46,0
4,35,108,47,0
4,35,108,48,0
4,35,108,49,0
4,35,108,50,0
4,35,108,51,0
4,35,108,52,0
4,35,108,53,0
4,35,108,54,0
4,35,108,55,0
4,35,108,56,0
4,35,108,57,0
4,35,108,58,0
4,35,108,59,0
4,35,108,60,0
4,35,108,61,0
4,35,108,62,0
4,35,108,63,0
4,35,108,64,0
4,35,108,65,0
4,35,108,66,0
4,35,108,67,0
4,35,108,68,0
4,35,108,69,0
4,35,108,70,0
4,35,108,71,0
4,35,108,72,0
4,35,108,73,0
4,35,108,74,0
4,35,108,75,0
4,35,108,76,0
4,35,108,77,0
4,35,108,78,0
4,35,108,79,0
4,35,108,80,0
4,35,108,81,0
4,35,108,82,0
4,35,108,83,0
4,35,108,84,0
4,35,108,85,0
4,35,108,86,0
4,35,108,87,0
4,35,108,88,0
4,35,108,89,0
4,35,108,90,0
4,35,108,91,0
4,35,108,92,0
4,35,108,93,0
4,35,108,94,0
4,35,108,95,0
4,35,108,96,0
4,35,108,97,0
4,35,108,98,0
4,35,108,99,0
4,35,108,100,0
4,35,108,101,0
4,35,108,102,0
4,35,108,103,0
4,35,108,104,0
4,35,108,105,0
4,35,108,106,0
4,35,108,107,0
4,35,108,108,0
4,35,108,109,0
4,35,108,110,0
4,35,108,111,0
4,35,108,112,0
4,35,108,113,128
4,35,108,114,146754
4,35,108,115,55296454
4,35,108,116,10198162662
4,35,108,117,1098636990284
4,35,108,118,76492057660412
4,35,108,119,3676173909102922
4,35,108,120,127762095574740020
4,35,108,121,3325007122833450878
4,35,108,122,66598600669756516724
4,35,108,123,1049770158713648165178
4,35,108,124,13266768088823577420406
4,35,108,125,136575909231142455671102
4,35,108,126,1161155877927672776927890
4,35,108,127,8251573584734897362038434
4,35,108,128,49535853719442637674276330
4,35,108,129,253590550640031454523045811
4,35,108,130,1116456513336653894451346616
4,35,108,131,4259422302966556680021540006
4,35,108,132,14179513684290244793710321156
4,35,108,133,41449428512089240193174933214
4,35,108,134,107015978767135954673050834772
4,35,108,135,245352812273547521314377908964
4,35,108,136,502023934327765311234153129118
4,35,108,137,921058332543456954507269367186
4,35,108,138,1521921982087271467828138415173
4,35,108,139,2274249972922792911825412978046
4,35,108,140,3085409068473268267845460529661
4,35,108,141,3814135961608144952241739012906
4,35,108,142,4310819001022720966582242101592
4,35,108,143,4468524389494177086074504599484
4,35,108,144,4260460717386609741451389327648
4,35,108,145,3746013038076031051622553709967
4,35,108,146,3044514569531295756511346066264
4,35,108,147,2291932361090014080140812108399
4,35,108,148,1601042752697833931125495347246
4,35,108,149,1039413508725597528753187831544
4,35,108,150,627929422480295228583529354611
4,35,108,151,353354431344075549839005805923
4,35,108,152,185360310490932861443008066614
4,35,108,153,90687919313936064845972816207
4,35,108,154,41392435187019873242282384850
4,35,108,155,17625357140196385717389310429
4,35,108,156,7000084590639395810784223516
4,35,108,157,2591908700703329426309330221
4,35,108,158,894116865744775584683672145
4,35,108,159,287108669373620713787327718
4,35,108,160,85727288184384480741358705
4,35,108,161,23773784220036517226949645
4,35,108,162,6115601939359937146600818
4,35,108,163,1457488905823338864648142
4,35,108,164,321455446776435586008254
4,35,108,165,65559759508109811197725
4,35,108,166,12359732738150705718208
4,35,108,167,2154586308154913268509
4,35,108,168,347653907800235766659
4,35,108,169,52012498685505848748
4,35,108,170,7231120381496472055
4,35,108,171,936365236559563216
4,35,108,172,113155452607616413
4,35,108,173,12776295266739023
4,35,108,174,1347906513129980
4,35,108,175,132699340898363
4,35,108,176,12153972537532
4,35,108,177,1030374308049
4,35,108,178,80208408296
4,35,108,179,5664170002
4,35,108,180,357596724
4,35,108,181,19573621
4,35,108,182,893576
4,35,108,183,33683
4,35,108,184,760
4,35,108,185,9
4,35,108,186,0
4,35,108,187,0
4,35,108,188,0
4,35,108,189,0
4,35,108,190,0
4,35,108,191,0
4,35,108,192,0
4,35,108,193,0
4,35,108,194,0
4,35,108,195,0
4,35,108,196,0
4,35,108,197,0
4,35,108,198,0
4,35,108,199,0
4,35,108,200,0
4,35,108,201,0
4,35,108,202,0
4,35,108,203,0
4,35,108,204,0
4,35,108,205,0
4,35,108,206,0
4,35,108,207,0
4,35,108,208,0
4,35,108,209,0
4,35,108,210,0
4,35,108,211,0
4,35,108,212,0
4,35,108,213,0
4,35,108,214,0
4,35,108,215,0
4,35,108,216,0
4,35,108,217,0
4,35,108,218,0
4,35,108,219,0
4,35,108,220,0
4,35,108,221,0
4,35,108,222,0
4,35,108,223,0
4,35,108,224,0
4,35,108,225,0
4,35,108,226,0
4,35,108,227,0
4,35,108,228,0
4,35,108,229,0
4,35,108,230,0
4,35,108,231,0
4,35,108,232,0
4,35,108,233,0
4,35,108,234,0
4,35,108,235,0
4,35,108,236,0
4,35,108,237,0
4,35,108,238,0
4,35,108,239,0
4,35,108,240,0
4,35,108,241,0
4,35,109,0,0
4,35,109,1,0
4,35,109,2,0
4,35,109,3,0
4,35,109,4,0
4,35,109,5,0
4,35,109,6,0
4,35,109,7,0
4,35,109,8,0
4,35,109,9,0
4,35,109,10,0
4,35,109,11,0
4,35,109,12,0
4,35,109,13,0
4,35,109,14,0
4,35,109,15,0
4,35,109,16,0
4,35,109,17,0
4,35,109,18,0
4,35,109,19,0
4,35,109,20,0
4,35,109,21,0
4,35,109,22,0
4,35,109,23,0
4,35,109,24,0
4,35,109,25,0
4,35,109,26,0
4,35,109,27,0
4,35,109,28,0
4,35,109,29,0
4,35,109,30,0
4,35,109,31,0
4,35,109,32,0
4,35,109,33,0
4,35,109,34,0
4,35,109,35,0
4,35,109,36,0
4,35,109,37,0
4,35,109,38,0
4,35,109,39,0
4,35,109,40,0
4,35,109,41,0
4,35,109,42,0
4,35,109,43,0
4,35,109,44,0
4,35,109,45,0
4,35,109,46,0
4,35,109,47,0
4,35,109,48,0
4,35,109,49,0
4,35,109,50,0
4,35,109,51,0
4,35,109,52,0
4,35,109,53,0
4,35,109,54,0
4,35,109,55,0
4,35,109,56,0
4,35,109,57,0
4,35,109,58,0
4,35,109,59,0
4,35,109,60,0
4,35,109,61,0
4,35,109,62,0
4,35,109,63,0
4,35,109,64,0
4,35,109,65,0
4,35,109,66,0
4,35,109,67,0
4,35,109,68,0
4,35,109,69,0
4,35,109,70,0
4,35,109,71,0
4,35,109,72,0
4,35,109,73,0
4,35,109,74,0
4,35,109,75,0
4,35,109,76,0
4,35,109,77,0
4,35,109,78,0
4,35,109,79,0
4,35,109,80,0
4,35,109,81,0
4,35,109,82,0
4,35,109,83,0
4,35,109,84,0
4,35,109,85,0
4,35,109,86,0
4,35,109,87,0
4,35,109,88,0
4,35,109,89,0
4,35,109,90,0
4,35,109,91,0
4,35,109,92,0
4,35,109,93,0
4,35,109,94,0
4,35,109,95,0
4,35,109,96,0
4,35,109,97,0
4,35,109,98,0
4,35,109,99,0
4,35,109,100,0
4,35,109,101,0
4,35,109,102,0
4,35,109,103,0
4,35,109,104,0
4,35,109,105,0
4,35,109,106,0
4,35,109,107,0
4,35,109,108,0
4,35,109,109,0
4,35,109,110,0
4,35,109,111,0
4,35,109,112,0
4,35,109,113,0
4,35,109,114,0
4,35,109,115,0
4,35,109,116,0
4,35,109,117,3846
4,35,109,118,2870808
4,35,109,119,788474062
4,35,109,120,112601823600
4,35,109,121,9749402277714
4,35,109,122,559305300531020
4,35,109,123,22539784352141996
4,35,109,124,665299992668702948
4,35,109,125,14844977797533501796
4,35,109,126,256740383756841273520
4,35,109,127,3512795633362970474802
4,35,109,128,38684504893498236873780
4,35,109,129,347996851066947419221120
4,35,109,130,2590487201075346445187998
4,35,109,131,16140591059544254101933628
4,35,109,132,85040053533017009996624542
4,35,109,133,382374462500472712238480596
4,35,109,134,1479589493191286069597889026
4,35,109,135,4964675476747237443921725550
4,35,109,136,14547049307780020505640237562
4,35,109,137,37462077035310991498241352810
4,35,109,138,85296368546963847487922751514
4,35,109,139,172661266066953949926514035332
4,35,109,140,312337697926290497533071931130
4,35,109,141,507352228478636505016261640822
4,35,109,142,743366635749517686250559893184
4,35,109,143,986565836557400645042983839776
4,35,109,144,1190614748866487812416817539090
4,35,109,145,1311303635312330086757195881164
4,35,109,146,1322385147419589399947496767308
4,35,109,147,1224732955272798155385157162958
4,35,109,148,1044549808602373732025114423938
4,35,109,149,822368213791952901374406769274
4,35,109,150,598919320524817891764682983652
4,35,109,151,404224268057534997731916990446
4,35,109,152,253214964815068845898018101532
4,35,109,153,147402871224957253733263678188
4,35,109,154,79815407466269282670418072734
4,35,109,155,40227814340051180899870968470
4,35,109,156,18879992045545513679012033684
4,35,109,157,8252274389296472661438691462
4,35,109,158,3358838267796200515395360026
4,35,109,159,1272577909748049429376492588
4,35,109,160,448527683894992663431827140
4,35,109,161,146937829831872773857256712
4,35,109,162,44694931234212321944351892
4,35,109,163,12607578462967855380484666
4,35,109,164,3293636124348259519789740
4,35,109,165,795797966790198188748184
4,35,109,166,177610940006337350216886
4,35,109,167,36580149276850390393360
4,35,109,168,6948553750609538002218
4,35,109,169,1217474089199595880018
4,35,109,170,196935730670266085440
4,35,109,171,29458866058515346598
4,35,109,172,4084342929801050496
4,35,109,173,526159868691572138
4,35,109,174,63115787419269212
4,35,109,175,7059304971438594
4,35,109,176,736273263795184
4,35,109,177,71509228191836
4,35,109,178,6446281498184
4,35,109,179,536336449078
4,35,109,180,40841114584
4,35,109,181,2807804716
4,35,109,182,171295140
4,35,109,183,9060712
4,35,109,184,387128
4,35,109,185,13228
4,35,109,186,320
4,35,109,187,0
4,35,109,188,0
4,35,109,189,0
4,35,109,190,0
4,35,109,191,0
4,35,109,192,0
4,35,109,193,0
4,35,109,194,0
4,35,109,195,0
4,35,109,196,0
4,35,109,197,0
4,35,109,198,0
4,35,109,199,0
4,35,109,200,0
4,35,109,201,0
4,35,109,202,0
4,35,109,203,0
4,35,109,204,0
4,35,109,205,0
4,35,109,206,0
4,35,109,207,0
4,35,109,208,0
4,35,109,209,0
4,35,109,210,0
4,35,109,211,0
4,35,109,212,0
4,35,109,213,0
4,35,109,214,0
4,35,109,215,0
4,35,109,216,0
4,35,109,217,0
4,35,109,218,0
4,35,109,219,0
4,35,109,220,0
4,35,109,221,0
4,35,109,222,0
4,35,109,223,0
4,35,109,224,0
4,35,109,225,0
4,35,109,226,0
4,35,109,227,0
4,35,109,228,0
4,35,109,229,0
4,35,109,230,0
4,35,109,231,0
4,35,109,232,0
4,35,109,233,0
4,35,109,234,0
4,35,109,235,0
4,35,109,236,0
4,35,109,237,0
4,35,109,238,0
4,35,109,239,0
4,35,109,240,0
4,35,109,241,0
4,35,110,0,0
4,35,110,1,0
4,35,110,2,0
4,35,110,3,0
4,35,110,4,0
4,35,110,5,0
4,35,110,6,0
4,35,110,7,0
4,35,110,8,0
4,35,110,9,0
4,35,110,10,0
4,35,110,11,0
4,35,110,12,0
4,35,110,13,0
4,35,110,14,0
4,35,110,15,0
4,35,110,16,0
4,35,110,17,0
4,35,110,18,0
4,35,110,19,0
4,35,110,20,0
4,35,110,21,0
4,35,110,22,0
4,35,110,23,0
4,35,110,24,0
4,35,110,25,0
4,35,110,26,0
4,35,110,27,0
4,35,110,28,0
4,35,110,29,0
4,35,110,30,0
4,35,110,31,0
4,35,110,32,0
4,35,110,33,0
4,35,110,34,0
4,35,110,35,0
4,35,110,36,0
4,35,110,37,0
4,35,110,38,0
4,35,110,39,0
4,35,110,40,0
4,35,110,41,0
4,35,110,42,0
4,35,110,43,0
4,35,110,44,0
4,35,110,45,0
4,35,110,46,0
4,35,110,47,0
4,35,110,48,0
4,35,110,49,0
4,35,110,50,0
4,35,110,51,0
4,35,110,52,0
4,35,110,53,0
4,35,110,54,0
4,35,110,55,0
4,35,110,56,0
4,35,110,57,0
4,35,110,58,0
4,35,110,59,0
4,35,110,60,0
4,35,110,61,0
4,35,110,62,0
4,35,110,63,0
4,35,110,64,0
4,35,110,65,0
4,35,110,66,0
4,35,110,67,0
4,35,110,68,0
4,35,110,69,0
4,35,110,70,0
4,35,110,71,0
4,35,110,72,0
4,35,110,73,0
4,35,110,74,0
4,35,110,75,0
4,35,110,76,0
4,35,110,77,0
4,35,110,78,0
4,35,110,79,0
4,35,110,80,0
4,35,110,81,0
4,35,110,82,0
4,35,110,83,0
4,35,110,84,0
4,35,110,85,0
4,35,110,86,0
4,35,110,87,0
4,35,110,88,0
4,35,110,89,0
4,35,110,90,0
4,35,110,91,0
4,35,110,92,0
4,35,110,93,0
4,35,110,94,0
4,35,110,95,0
4,35,110,96,0
4,35,110,97,0
4,35,110,98,0
4,35,110,99,0
4,35,110,100,0
4,35,110,101,0
4,35,110,102,0
4,35,110,103,0
4,35,110,104,0
4,35,110,105,0
4,35,110,106,0
4,35,110,107,0
4,35,110,108,0
4,35,110,109,0
4,35,110,110,0
4,35,110,111,0
4,35,110,112,0
4,35,110,113,0
4,35,110,114,0
4,35,110,115,0
4,35,110,116,0
4,35,110,117,0
4,35,110,118,0
4,35,110,119,0
4,35,110,120,0
4,35,110,121,72160
4,35,110,122,39311742
4,35,110,123,8366399570
4,35,110,124,960475384912
4,35,110,125,68507099338554
4,35,110,126,3293628026674636
4,35,110,127,112626110763648868
4,35,110,128,2846753296844696304
4,35,110,129,54765841435128228222
4,35,110,130,820747982921471133476
4,35,110,131,9766855212999728476476
4,35,110,132,93794325102020657385734
4,35,110,133,737169435426910743875562
4,35,110,134,4800671867625527883647766
4,35,110,135,26193411015088638052477270
4,35,110,136,120946328367296234653903056
4,35,110,137,476956341793214996185007982
4,35,110,138,1619933243152322256647456636
4,35,110,139,4775359762489479321121748914
4,35,110,140,12305627175372631423393469208
4,35,110,141,27903184923160333141187508332
4,35,110,142,56015473738551492296595139802
4,35,110,143,100121277829779628308681840519
4,35,110,144,160174437948372358339210027555
4,35,110,145,230477909727141464532394704118
4,35,110,146,299640087185225696110475035762
4,35,110,147,353442779344417060468818037419
4,35,110,148,379709827220739524527897378723
4,35,110,149,372833244494998963991567482565
4,35,110,150,335641859623231703893731067673
4,35,110,151,277816364900570225342410572113
4,35,110,152,211951069756067983856410540537
4,35,110,153,149362572500077097188585691897
4,35,110,154,97401952372504265131990083609
4,35,110,155,58866258897687713568433904710
4,35,110,156,33010800753373228771702693963
4,35,110,157,17191825932324401996712612622
4,35,110,158,8319932753239534285840385728
4,35,110,159,3742634953423948097715904952
4,35,110,160,1564940215808620522611165656
4,35,110,161,608080420687619918489344330
4,35,110,162,219446677727156659288934240
4,35,110,163,73493799049297493831775401
4,35,110,164,22817692991973971307071263
4,35,110,165,6559180684015356096654945
4,35,110,166,1743320988822436574869951
4,35,110,167,427779210850522601422597
4,35,110,168,96775357685595648412579
4,35,110,169,20160221774955118212482
4,35,110,170,3864350619392104736200
4,35,110,171,681478824578385056806
4,35,110,172,110643363312796582031
4,35,110,173,16564657845316178525
4,35,110,174,2292062712338610745
4,35,110,175,293899552311822828
4,35,110,176,35004825696756820
4,35,110,177,3878590220608851
4,35,110,178,399873040265333
4,35,110,179,38302414786430
4,35,110,180,3396739118756
4,35,110,181,277181921519
4,35,110,182,20623167211
4,35,110,183,1379263871
4,35,110,184,81182175
4,35,110,185,4109806
4,35,110,186,168186
4,35,110,187,4944
4,35,110,188,112
4,35,110,189,0
4,35,110,190,0
4,35,110,191,0
4,35,110,192,0
4,35,110,193,0
4,35,110,194,0
4,35,110,195,0
4,35,110,196,0
4,35,110,197,0
4,35,110,198,0
4,35,110,199,0
4,35,110,200,0
4,35,110,201,0
4,35,110,202,0
4,35,110,203,0
4,35,110,204,0
4,35,110,205,0
4,35,110,206,0
4,35,110,207,0
4,35,110,208,0
4,35,110,209,0
4,35,110,210,0
4,35,110,211,0
4,35,110,212,0
4,35,110,213,0
4,35,110,214,0
4,35,110,215,0
4,35,110,216,0
4,35,110,217,0
4,35,110,218,0
4,35,110,219,0
4,35,110,220,0
4,35,110,221,0
4,35,110,222,0
4,35,110,223,0
4,35,110,224,0
4,35,110,225,0
4,35,110,226,0
4,35,110,227,0
4,35,110,228,0
4,35,110,229,0
4,35,110,230,0
4,35,110,231,0
4,35,110,232,0
4,35,110,233,0
4,35,110,234,0
4,35,110,235,0
4,35,110,236,0
4,35,110,237,0
4,35,110,238,0
4,35,110,239,0
4,35,110,240,0
4,35,110,241,0
4,35,111,0,0
4,35,111,1,0
4,35,111,2,0
4,35,111,3,0
4,35,111,4,0
4,35,111,5,0
4,35,111,6,0
4,35,111,7,0
4,35,111,8,0
4,35,111,9,0
4,35,111,10,0
4,35,111,11,0
4,35,111,12,0
4,35,111,13,0
4,35,111,14,0
4,35,111,15,0
4,35,111,16,0
4,35,111,17,0
4,35,111,18,0
4,35,111,19,0
4,35,111,20,0
4,35,111,21,0
4,35,111,22,0
4,35,111,23,0
4,35,111,24,0
4,35,111,25,0
4,35,111,26,0
4,35,111,27,0
4,35,111,28,0
4,35,111,29,0
4,35,111,30,0
4,35,111,31,0
4,35,111,32,0
4,35,111,33,0
4,35,111,34,0
4,35,111,35,0
4,35,111,36,0
4,35,111,37,0
4,35,111,38,0
4,35,111,39,0
4,35,111,40,0
4,35,111,41,0
4,35,111,42,0
4,35,111,43,0
4,35,111,44,0
4,35,111,45,0
4,35,111,46,0
4,35,111,47,0
4,35,111,48,0
4,35,111,49,0
4,35,111,50,0
4,35,111,51,0
4,35,111,52,0
4,35,111,53,0
4,35,111,54,0
4,35,111,55,0
4,35,111,56,0
4,35,111,57,0
4,35,111,58,0
4,35,111,59,0
4,35,111,60,0
4,35,111,61,0
4,35,111,62,0
4,35,111,63,0
4,35,111,64,0
4,35,111,65,0
4,35,111,66,0
4,35,111,67,0
4,35,111,68,0
4,35,111,69,0
4,35,111,70,0
4,35,111,71,0
4,35,111,72,0
4,35,111,73,0
4,35,111,74,0
4,35,111,75,0
4,35,111,76,0
4,35,111,77,0
4,35,111,78,0
4,35,111,79,0
4,35,111,80,0
4,35,111,81,0
4,35,111,82,0
4,35,111,83,0
4,35,111,84,0
4,35,111,85,0
4,35,111,86,0
4,35,111,87,0
4,35,111,88,0
4,35,111,89,0
4,35,111,90,0
4,35,111,91,0
4,35,111,92,0
4,35,111,93,0
4,35,111,94,0
4,35,111,95,0
4,35,111,96,0
4,35,111,97,0
4,35,111,98,0
4,35,111,99,0
4,35,111,100,0
4,35,111,101,0
4,35,111,102,0
4,35,111,103,0
4,35,111,104,0
4,35,111,105,0
4,35,111,106,0
4,35,111,107,0
4,35,111,108,0
4,35,111,109,0
4,35,111,110,0
4,35,111,111,0
4,35,111,112,0
4,35,111,113,0
4,35,111,114,0
4,35,111,115,0
4,35,111,116,0
4,35,111,117,0
4,35,111,118,0
4,35,111,119,0
4,35,111,120,0
4,35,111,121,0
4,35,111,122,0
4,35,111,123,0
4,35,111,124,0
4,35,111,125,948650
4,35,111,126,400868280
4,35,111,127,68616264968
4,35,111,128,6489743119076
4,35,111,129,387810955530562
4,35,111,130,15810783655343560
4,35,111,131,462551417436632414
4,35,111,132,10068112152004071064
4,35,111,133,167596521186774981614
4,35,111,134,2180860750088476008300
4,35,111,135,22589491365951989346464
4,35,111,136,189152418437954959784848
4,35,111,137,1297822790788884754072418
4,35,111,138,7385145627956526146557770
4,35,111,139,35236795213665864692024654
4,35,111,140,142391310142286706309202616
4,35,111,141,491853723523612987334549484
4,35,111,142,1464752609955729733027902138
4,35,111,143,3790509879733481283655484798
4,35,111,144,8586260314433660201683886904
4,35,111,145,17139964286701307560214404542
4,35,111,146,30340229941785127147471543436
4,35,111,147,47899251268876627727725575628
4,35,111,148,67802386005115608925976362048
4,35,111,149,86474985112636514804336797084
4,35,111,150,99818673687788410497944270178
4,35,111,151,104708721647770604591100513090
4,35,111,152,100186145285979999040042738132
4,35,111,153,87724805199057967037654857176
4,35,111,154,70501437449286590536891211010
4,35,111,155,52136626533115789929833418476
4,35,111,156,35555522694374782489687898040
4,35,111,157,22401917518233429849380993372
4,35,111,158,13059332197173654977751401638
4,35,111,159,7051972288281717171805017650
4,35,111,160,3530255785835729857991141908
4,35,111,161,1639149963779799833013546748
4,35,111,162,706026150394329606776245264
4,35,111,163,282065268476948006385684336
4,35,111,164,104474504016695766319024020
4,35,111,165,35849341404862948922406478
4,35,111,166,11384705869857246468085918
4,35,111,167,3341847096824214890218870
4,35,111,168,905411897884406480269802
4,35,111,169,226058872504848825819708
4,35,111,170,51931890703207353144286
4,35,111,171,10961683466884983972876
4,35,111,172,2123777640420641159910
4,35,111,173,377537208339607931472
4,35,111,174,61607198674650561898
4,35,111,175,9241640336502286236
4,35,111,176,1277358521035509480
4,35,111,177,163126239481712250
4,35,111,178,19297821710224612
4,35,111,179,2118455950899144
4,35,111,180,215869256055460
4,35,111,181,20386801986780
4,35,111,182,1777677255472
4,35,111,183,142168157410
4,35,111,184,10325824220
4,35,111,185,670926914
4,35,111,186,38010376
4,35,111,187,1838354
4,35,111,188,71008
4,35,111,189,1876
4,35,111,190,32
4,35,111,191,0
4,35,111,192,0
4,35,111,193,0
4,35,111,194,0
4,35,111,195,0
4,35,111,196,0
4,35,111,197,0
4,35,111,198,0
4,35,111,199,0
4,35,111,200,0
4,35,111,201,0
4,35,111,202,0
4,35,111,203,0
4,35,111,204,0
4,35,111,205,0
4,35,111,206,0
4,35,111,207,0
4,35,111,208,0
4,35,111,209,0
4,35,111,210,0
4,35,111,211,0
4,35,111,212,0
4,35,111,213,0
4,35,111,214,0
4,35,111,215,0
4,35,111,216,0
4,35,111,217,0
4,35,111,218,0
4,35,111,219,0
4,35,111,220,0
4,35,111,221,0
4,35,111,222,0
4,35,111,223,0
4,35,111,224,0
4,35,111,225,0
4,35,111,226,0
4,35,111,227,0
4,35,111,228,0
4,35,111,229,0
4,35,111,230,0
4,35,111,231,0
4,35,111,232,0
4,35,111,233,0
4,35,111,234,0
4,35,111,235,0
4,35,111,236,0
4,35,111,237,0
4,35,111,238,0
4,35,111,239,0
4,35,111,240,0
4,35,111,241,0
4,35,112,0,0
4,35,112,1,0
4,35,112,2,0
4,35,112,3,0
4,35,112,4,0
4,35,112,5,0
4,35,112,6,0
4,35,112,7,0
4,35,112,8,0
4,35,112,9,0
4,35,112,10,0
4,35,112,11,0
4,35,112,12,0
4,35,112,13,0
4,35,112,14,0
4,35,112,15,0
4,35,112,16,0
4,35,112,17,0
4,35,112,18,0
4,35,112,19,0
4,35,112,20,0
4,35,112,21,0
4,35,112,22,0
4,35,112,23,0
4,35,112,24,0
4,35,112,25,0
4,35,112,26,0
4,35,112,27,0
4,35,112,28,0
4,35,112,29,0
4,35,112,30,0
4,35,112,31,0
4,35,112,32,0
4,35,112,33,0
4,35,112,34,0
4,35,112,35,0
4,35,112,36,0
4,35,112,37,0
4,35,112,38,0
4,35,112,39,0
4,35,112,40,0
4,35,112,41,0
4,35,112,42,0
4,35,112,43,0
4,35,112,44,0
4,35,112,45,0
4,35,112,46,0
4,35,112,47,0
4,35,112,48,0
4,35,112,49,0
4,35,112,50,0
4,35,112,51,0
4,35,112,52,0
4,35,112,53,0
4,35,112,54,0
4,35,112,55,0
4,35,112,56,0
4,35,112,57,0
4,35,112,58,0
4,35,112,59,0
4,35,112,60,0
4,35,112,61,0
4,35,112,62,0
4,35,112,63,0
4,35,112,64,0
4,35,112,65,0
4,35,112,66,0
4,35,112,67,0
4,35,112,68,0
4,35,112,69,0
4,35,112,70,0
4,35,112,71,0
4,35,112,72,0
4,35,112,73,0
4,35,112,74,0
4,35,112,75,0
4,35,112,76,0
4,35,112,77,0
4,35,112,78,0
4,35,112,79,0
4,35,112,80,0
4,35,112,81,0
4,35,112,82,0
4,35,112,83,0
4,35,112,84,0
4,35,112,85,0
4,35,112,86,0
4,35,112,87,0
4,35,112,88,0
4,35,112,89,0
4,35,112,90,0
4,35,112,91,0
4,35,112,92,0
4,35,112,93,0
4,35,112,94,0
4,35,112,95,0
4,35,112,96,0
4,35,112,97,0
4,35,112,98,0
4,35,112,99,0
4,35,112,100,0
4,35,112,101,0
4,35,112,102,0
4,35,112,103,0
4,35,112,104,0
4,35,112,105,0
4,35,112,106,0
4,35,112,107,0
4,35,112,108,0
4,35,112,109,0
4,35,112,110,0
4,35,112,111,0
4,35,112,112,0
4,35,112,113,0
4,35,112,114,0
4,35,112,115,0
4,35,112,116,0
4,35,112,117,0
4,35,112,118,0
4,35,112,119,0
4,35,112,120,0
4,35,112,121,0
4,35,112,122,0
4,35,112,123,0
4,35,112,124,0
4,35,112,125,0
4,35,112,126,0
4,35,112,127,0
4,35,112,128,0
4,35,112,129,9296112
4,35,112,130,3161906890
4,35,112,131,446050639454
4,35,112,132,35344711756746
4,35,112,133,1790461936206952
4,35,112,134,62411389565738438
4,35,112,135,1570907397665276500
4,35,112,136,29551984245946190246
4,35,112,137,426534695897976946550
4,35,112,138,4823311143454646326602
4,35,112,139,43483028415155290665970
4,35,112,140,317236010923932889569644
4,35,112,141,1897969209875678583640156
4,35,112,142,9424210142237970452533876
4,35,112,143,39266957521021116633747244
4,35,112,144,138693422884991635188952082
4,35,112,145,419207714441651981954658958
4,35,112,146,1093813291793927803247239446
4,35,112,147,2483729322529355816632011056
4,35,112,148,4944755591911015865384300158
4,35,112,149,8690405660577342643766299908
4,35,112,150,13568288506560916638721020371
4,35,112,151,18928235779367601376984052748
4,35,112,152,23718782719584957568519218966
4,35,112,153,26826522015532734225536339965
4,35,112,154,27505525458455344647615200273
4,35,112,155,25666046233024916295569477108
4,35,112,156,21872149130082282953957431334
4,35,112,157,17074262035800031746022722312
4,35,112,158,12242052740547614170524989881
4,35,112,159,8079724119024269844156713178
4,35,112,160,4917749696891978725107759293
4,35,112,161,2764368310463810258390600180
4,35,112,162,1436666132922200655701566300
4,35,112,163,690812147869612014823592569
4,35,112,164,307445577164594154077592002
4,35,112,165,126645638805546320835548932
4,35,112,166,48271240195340403252236776
4,35,112,167,17013082083863917614432976
4,35,112,168,5539347377867250403851442
4,35,112,169,1664088134584583467957160
4,35,112,170,460567013667874740753013
4,35,112,171,117244226410887024043357
4,35,112,172,27405031550778111349112
4,35,112,173,5872358712702116837038
4,35,112,174,1152079946570715004684
4,35,112,175,206796538351292905617
4,35,112,176,33968409083778230519
4,35,112,177,5112301364342594000
4,35,112,178,706549494354442013
4,35,112,179,89929607052606643
4,35,112,180,10571174149908592
4,35,112,181,1149909749532996
4,35,112,182,115803175453450
4,35,112,183,10779456500352
4,35,112,184,923750231976
4,35,112,185,72353008055
4,35,112,186,5121870243
4,35,112,187,323139043
4,35,112,188,17614784
4,35,112,189,800454
4,35,112,190,30032
4,35,112,191,665
4,35,112,192,8
4,35,112,193,0
4,35,112,194,0
4,35,112,195,0
4,35,112,196,0
4,35,112,197,0
4,35,112,198,0
4,35,112,199,0
4,35,112,200,0
4,35,112,201,0
4,35,112,202,0
4,35,112,203,0
4,35,112,204,0
4,35,112,205,0
4,35,112,206,0
4,35,112,207,0
4,35,112,208,0
4,35,112,209,0
4,35,112,210,0
4,35,112,211,0
4,35,112,212,0
4,35,112,213,0
4,35,112,214,0
4,35,112,215,0
4,35,112,216,0
4,35,112,217,0
4,35,112,218,0
4,35,112,219,0
4,35,112,220,0
4,35,112,221,0
4,35,112,222,0
4,35,112,223,0
4,35,112,224,0
4,35,112,225,0
4,35,112,226,0
4,35,112,227,0
4,35,112,228,0
4,35,112,229,0
4,35,112,230,0
4,35,112,231,0
4,35,112,232,0
4,35,112,233,0
4,35,112,234,0
4,35,112,235,0
4,35,112,236,0
4,35,112,237,0
4,35,112,238,0
4,35,112,239,0
4,35,112,240,0
4,35,112,241,0
4,35,113,0,0
4,35,113,1,0
4,35,113,2,0
4,35,113,3,0
4,35,113,4,0
4,35,113,5,0
4,35,113,6,0
4,35,113,7,0
4,35,113,8,0
4,35,113,9,0
4,35,113,10,0
4,35,113,11,0
4,35,113,12,0
4,35,113,13,0
4,35,113,14,0
4,35,113,15,0
4,35,113,16,0
4,35,113,17,0
4,35,113,18,0
4,35,113,19,0
4,35,113,20,0
4,35,113,21,0
4,35,113,22,0
4,35,113,23,0
4,35,113,24,0
4,35,113,25,0
4,35,113,26,0
4,35,113,27,0
4,35,113,28,0
4,35,113,29,0
4,35,113,30,0
4,35,113,31,0
4,35,113,32,0
4,35,113,33,0
4,35,113,34,0
4,35,113,35,0
4,35,113,36,0
4,35,113,37,0
4,35,113,38,0
4,35,113,39,0
4,35,113,40,0
4,35,113,41,0
4,35,113,42,0
4,35,113,43,0
4,35,113,44,0
4,35,113,45,0
4,35,113,46,0
4,35,113,47,0
4,35,113,48,0
4,35,113,49,0
4,35,113,50,0
4,35,113,51,0
4,35,113,52,0
4,35,113,53,0
4,35,113,54,0
4,35,113,55,0
4,35,113,56,0
4,35,113,57,0
4,35,113,58,0
4,35,113,59,0
4,35,113,60,0
4,35,113,61,0
4,35,113,62,0
4,35,113,63,0
4,35,113,64,0
4,35,113,65,0
4,35,113,66,0
4,35,113,67,0
4,35,113,68,0
4,35,113,69,0
4,35,113,70,0
4,35,113,71,0
4,35,113,72,0
4,35,113,73,0
4,35,113,74,0
4,35,113,75,0
4,35,113,76,0
4,35,113,77,0
4,35,113,78,0
4,35,113,79,0
4,35,113,80,0
4,35,113,81,0
4,35,113,82,0
4,35,113,83,0
4,35,113,84,0
4,35,113,85,0
4,35,113,86,0
4,35,113,87,0
4,35,113,88,0
4,35,113,89,0
4,35,113,90,0
4,35,113,91,0
4,35,113,92,0
4,35,113,93,0
4,35,113,94,0
4,35,113,95,0
4,35,113,96,0
4,35,113,97,0
4,35,113,98,0
4,35,113,99,0
4,35,113,100,0
4,35,113,101,0
4,35,113,102,0
4,35,113,103,0
4,35,113,104,0
4,35,113,105,0
4,35,113,106,0
4,35,113,107,0
4,35,113,108,0
4,35,113,109,0
4,35,113,110,0
4,35,113,111,0
4,35,113,112,0
4,35,113,113,0
4,35,113,114,0
4,35,113,115,0
4,35,113,116,0
4,35,113,117,0
4,35,113,118,0
4,35,113,119,0
4,35,113,120,0
4,35,113,121,0
4,35,113,122,0
4,35,113,123,0
4,35,113,124,0
4,35,113,125,0
4,35,113,126,0
4,35,113,127,0
4,35,113,128,0
4,35,113,129,0
4,35,113,130,0
4,35,113,131,0
4,35,113,132,0
4,35,113,133,70534478
4,35,113,134,19784698920
4,35,113,135,2338918547042
4,35,113,136,157099101338664
4,35,113,137,6801778285093304
4,35,113,138,203856850734053236
4,35,113,139,4430693177224149026
4,35,113,140,72187635757250489852
4,35,113,141,904191744565506540784
4,35,113,142,8884917277319913315244
4,35,113,143,69663295084273332128376
4,35,113,144,442298028024209500460096
4,35,113,145,2304218887129756086788772
4,35,113,146,9969709361063609631962522
4,35,113,147,36229140491846526780680468
4,35,113,148,111731869355429612620752078
4,35,113,149,295285597453453034126217656
4,35,113,150,674743156067128751227252464
4,35,113,151,1344129900619982753233271574
4,35,113,152,2351962952915309115255793972
4,35,113,153,3640051484514784728472882584
4,35,113,154,5014317457944386637139305566
4,35,113,155,6183510986881634064675838332
4,35,113,156,6861714532781222557126768442
4,35,113,157,6883851526304719887077271560
4,35,113,158,6269570566242890435796517930
4,35,113,159,5202871611078455252496616530
4,35,113,160,3946671390414998473214911592
4,35,113,161,2743996689856148586097103842
4,35,113,162,1752623494010897459304207254
4,35,113,163,1030257535366382002748397386
4,35,113,164,558178202132627838400986102
4,35,113,165,279004412234590192390319094
4,35,113,166,128744792529928387804075088
4,35,113,167,54856739498503236201345486
4,35,113,168,21579887058647643792403964
4,35,113,169,7833655961782516445133400
4,35,113,170,2621800177608217380991454
4,35,113,171,808042861126243642956186
4,35,113,172,228992920106228384592700
4,35,113,173,59568529153655134570914
4,35,113,174,14197739140005968581720
4,35,113,175,3094878509370785203572
4,35,113,176,616050253162731212648
4,35,113,177,111866410727955141070
4,35,113,178,18528163619585750898
4,35,113,179,2801803100486834894
4,35,113,180,387649401322802658
4,35,113,181,49217182220939670
4,35,113,182,5751705231760224
4,35,113,183,620091603135578
4,35,113,184,61712375152580
4,35,113,185,5660366731342
4,35,113,186,476426598656
4,35,113,187,36523284586
4,35,113,188,2517768858
4,35,113,189,153597690
4,35,113,190,8093936
4,35,113,191,343884
4,35,113,192,11722
4,35,113,193,280
4,35,113,194,0
4,35,113,195,0
4,35,113,196,0
4,35,113,197,0
4,35,113,198,0
4,35,113,199,0
4,35,113,200,0
4,35,113,201,0
4,35,113,202,0
4,35,113,203,0
4,35,113,204,0
4,35,113,205,0
4,35,113,206,0
4,35,113,207,0
4,35,113,208,0
4,35,113,209,0
4,35,113,210,0
4,35,113,211,0
4,35,113,212,0
4,35,113,213,0
4,35,113,214,0
4,35,113,215,0
4,35,113,216,0
4,35,113,217,0
4,35,113,218,0
4,35,113,219,0
4,35,113,220,0
4,35,113,221,0
4,35,113,222,0
4,35,113,223,0
4,35,113,224,0
4,35,113,225,0
4,35,113,226,0
4,35,113,227,0
4,35,113,228,0
4,35,113,229,0
4,35,113,230,0
4,35,113,231,0
4,35,113,232,0
4,35,113,233,0
4,35,113,234,0
4,35,113,235,0
4,35,113,236,0
4,35,113,237,0
4,35,113,238,0
4,35,113,239,0
4,35,113,240,0
4,35,113,241,0
4,35,114,0,0
4,35,114,1,0
4,35,114,2,0
4,35,114,3,0
4,35,114,4,0
4,35,114,5,0
4,35,114,6,0
4,35,114,7,0
4,35,114,8,0
4,35,114,9,0
4,35,114,10,0
4,35,114,11,0
4,35,114,12,0
4,35,114,13,0
4,35,114,14,0
4,35,114,15,0
4,35,114,16,0
4,35,114,17,0
4,35,114,18,0
4,35,114,19,0
4,35,114,20,0
4,35,114,21,0
4,35,114,22,0
4,35,114,23,0
4,35,114,24,0
4,35,114,25,0
4,35,114,26,0
4,35,114,27,0
4,35,114,28,0
4,35,114,29,0
4,35,114,30,0
4,35,114,31,0
4,35,114,32,0
4,35,114,33,0
4,35,114,34,0
4,35,114,35,0
4,35,114,36,0
4,35,114,37,0
4,35,114,38,0
4,35,114,39,0
4,35,114,40,0
4,35,114,41,0
4,35,114,42,0
4,35,114,43,0
4,35,114,44,0
4,35,114,45,0
4,35,114,46,0
4,35,114,47,0
4,35,114,48,0
4,35,114,49,0
4,35,114,50,0
4,35,114,51,0
4,35,114,52,0
4,35,114,53,0
4,35,114,54,0
4,35,114,55,0
4,35,114,56,0
4,35,114,57,0
4,35,114,58,0
4,35,114,59,0
4,35,114,60,0
4,35,114,61,0
4,35,114,62,0
4,35,114,63,0
4,35,114,64,0
4,35,114,65,0
4,35,114,66,0
4,35,114,67,0
4,35,114,68,0
4,35,114,69,0
4,35,114,70,0
4,35,114,71,0
4,35,114,72,0
4,35,114,73,0
4,35,114,74,0
4,35,114,75,0
4,35,114,76,0
4,35,114,77,0
4,35,114,78,0
4,35,114,79,0
4,35,114,80,0
4,35,114,81,0
4,35,114,82,0
4,35,114,83,0
4,35,114,84,0
4,35,114,85,0
4,35,114,86,0
4,35,114,87,0
4,35,114,88,0
4,35,114,89,0
4,35,114,90,0
4,35,114,91,0
4,35,114,92,0
4,35,114,93,0
4,35,114,94,0
4,35,114,95,0
4,35,114,96,0
4,35,114,97,0
4,35,114,98,0
4,35,114,99,0
4,35,114,100,0
4,35,114,101,0
4,35,114,102,0
4,35,114,103,0
4,35,114,104,0
4,35,114,105,0
4,35,114,106,0
4,35,114,107,0
4,35,114,108,0
4,35,114,109,0
4,35,114,110,0
4,35,114,111,0
4,35,114,112,0
4,35,114,113,0
4,35,114,114,0
4,35,114,115,0
4,35,114,116,0
4,35,114,117,0
4,35,114,118,0
4,35,114,119,0
4,35,114,120,0
4,35,114,121,0
4,35,114,122,0
4,35,114,123,0
4,35,114,124,0
4,35,114,125,0
4,35,114,126,0
4,35,114,127,0
4,35,114,128,0
4,35,114,129,0
4,35,114,130,0
4,35,114,131,0
4,35,114,132,0
4,35,114,133,0
4,35,114,134,0
4,35,114,135,0
4,35,114,136,0
4,35,114,137,425000576
4,35,114,138,99950583222
4,35,114,139,10017718187386
4,35,114,140,575031143408260
4,35,114,141,21398588222689910
4,35,114,142,553450182328317686
4,35,114,143,10408863065995241398
4,35,114,144,147008002180675815456
4,35,114,145,1597905942580162084908
4,35,114,146,13634135187937736655286
4,35,114,147,92861980350948318069062
4,35,114,148,512365867038093295063634
4,35,114,149,2320919370741365071542690
4,35,114,150,8738684596762965953513354
4,35,114,151,27665607998856608324522118
4,35,114,152,74438585313923581823164864
4,35,114,153,171920920749423918349915982
4,35,114,154,343949443916325324067539548
4,35,114,155,601063611235630731259195492
4,35,114,156,924503734481188306302507261
4,35,114,157,1260252896447071187629142285
4,35,114,158,1532070623868938355052885559
4,35,114,159,1670360316630204896750787309
4,35,114,160,1641453591536911488690232081
4,35,114,161,1460357688394400796108022784
4,35,114,162,1180822609115548921746080273
4,35,114,163,870670675539767290319792163
4,35,114,164,587072139696356436295623371
4,35,114,165,362832261444154628561371549
4,35,114,166,205919773118099436306586758
4,35,114,167,107465334513006422410240450
4,35,114,168,51620627379519255951047142
4,35,114,169,22833907863612596957935958
4,35,114,170,9301920250686370304680796
4,35,114,171,3488622656293708339387360
4,35,114,172,1203660241875280139561935
4,35,114,173,381624588549598090211453
4,35,114,174,111023314658967351210579
4,35,114,175,29585158273972217703707
4,35,114,176,7207197418641595008156
4,35,114,177,1601850441640197491513
4,35,114,178,324224878736729835106
4,35,114,179,59683189815909256372
4,35,114,180,9986508359643938956
4,35,114,181,1519883394527850682
4,35,114,182,210805250245739167
4,35,114,183,26724748732643185
4,35,114,184,3106897388027776
4,35,114,185,332070224250438
4,35,114,186,32658404972499
4,35,114,187,2950796918507
4,35,114,188,243816203333
4,35,114,189,18276345409
4,35,114,190,1226005541
4,35,114,191,72190041
4,35,114,192,3646367
4,35,114,193,148103
4,35,114,194,4346
4,35,114,195,98
4,35,114,196,0
4,35,114,197,0
4,35,114,198,0
4,35,114,199,0
4,35,114,200,0
4,35,114,201,0
4,35,114,202,0
4,35,114,203,0
4,35,114,204,0
4,35,114,205,0
4,35,114,206,0
4,35,114,207,0
4,35,114,208,0
4,35,114,209,0
4,35,114,210,0
4,35,114,211,0
4,35,114,212,0
4,35,114,213,0
4,35,114,214,0
4,35,114,215,0
4,35,114,216,0
4,35,114,217,0
4,35,114,218,0
4,35,114,219,0
4,35,114,220,0
4,35,114,221,0
4,35,114,222,0
4,35,114,223,0
4,35,114,224,0
4,35,114,225,0
4,35,114,226,0
4,35,114,227,0
4,35,114,228,0
4,35,114,229,0
4,35,114,230,0
4,35,114,231,0
4,35,114,232,0
4,35,114,233,0
4,35,114,234,0
4,35,114,235,0
4,35,114,236,0
4,35,114,237,0
4,35,114,238,0
4,35,114,239,0
4,35,114,240,0
4,35,114,241,0
4,35,115,0,0
4,35,115,1,0
4,35,115,2,0
4,35,115,3,0
4,35,115,4,0
4,35,115,5,0
4,35,115,6,0
4,35,115,7,0
4,35,115,8,0
4,35,115,9,0
4,35,115,10,0
4,35,115,11,0
4,35,115,12,0
4,35,115,13,0
4,35,115,14,0
4,35,115,15,0
4,35,115,16,0
4,35,115,17,0
4,35,115,18,0
4,35,115,19,0
4,35,115,20,0
4,35,115,21,0
4,35,115,22,0
4,35,115,23,0
4,35,115,24,0
4,35,115,25,0
4,35,115,26,0
4,35,115,27,0
4,35,115,28,0
4,35,115,29,0
4,35,115,30,0
4,35,115,31,0
4,35,115,32,0
4,35,115,33,0
4,35,115,34,0
4,35,115,35,0
4,35,115,36,0
4,35,115,37,0
4,35,115,38,0
4,35,115,39,0
4,35,115,40,0
4,35,115,41,0
4,35,115,42,0
4,35,115,43,0
4,35,115,44,0
4,35,115,45,0
4,35,115,46,0
4,35,115,47,0
4,35,115,48,0
4,35,115,49,0
4,35,115,50,0
4,35,115,51,0
4,35,115,52,0
4,35,115,53,0
4,35,115,54,0
4,35,115,55,0
4,35,115,56,0
4,35,115,57,0
4,35,115,58,0
4,35,115,59,0
4,35,115,60,0
4,35,115,61,0
4,35,115,62,0
4,35,115,63,0
4,35,115,64,0
4,35,115,65,0
4,35,115,66,0
4,35,115,67,0
4,35,115,68,0
4,35,115,69,0
4,35,115,70,0
4,35,115,71,0
4,35,115,72,0
4,35,115,73,0
4,35,115,74,0
4,35,115,75,0
4,35,115,76,0
4,35,115,77,0
4,35,115,78,0
4,35,115,79,0
4,35,115,80,0
4,35,115,81,0
4,35,115,82,0
4,35,115,83,0
4,35,115,84,0
4,35,115,85,0
4,35,115,86,0
4,35,115,87,0
4,35,115,88,0
4,35,115,89,0
4,35,115,90,0
4,35,115,91,0
4,35,115,92,0
4,35,115,93,0
4,35,115,94,0
4,35,115,95,0
4,35,115,96,0
4,35,115,97,0
4,35,115,98,0
4,35,115,99,0
4,35,115,100,0
4,35,115,101,0
4,35,115,102,0
4,35,115,103,0
4,35,115,104,0
4,35,115,105,0
4,35,115,106,0
4,35,115,107,0
4,35,115,108,0
4,35,115,109,0
4,35,115,110,0
4,35,115,111,0
4,35,115,112,0
4,35,115,113,0
4,35,115,114,0
4,35,115,115,0
4,35,115,116,0
4,35,115,117,0
4,35,115,118,0
4,35,115,119,0
4,35,115,120,0
4,35,115,121,0
4,35,115,122,0
4,35,115,123,0
4,35,115,124,0
4,35,115,125,0
4,35,115,126,0
4,35,115,127,0
4,35,115,128,0
4,35,115,129,0
4,35,115,130,0
4,35,115,131,0
4,35,115,132,0
4,35,115,133,0
4,35,115,134,0
4,35,115,135,0
4,35,115,136,0
4,35,115,137,0
4,35,115,138,0
4,35,115,139,0
4,35,115,140,0
4,35,115,141,2069818002
4,35,115,142,412863873128
4,35,115,143,35368461709740
4,35,115,144,1744760348695180
4,35,115,145,56010174625227464
4,35,115,146,1252797594342618560
4,35,115,147,20407385418306382442
4,35,115,148,249839797878487713148
4,35,115,149,2354857535476180049986
4,35,115,150,17425886026566121891340
4,35,115,151,102948976234194325446682
4,35,115,152,492865580486337518258804
4,35,115,153,1938482143113919085013320
4,35,115,154,6343912683686275304555546
4,35,115,155,17481405144388971631883332
4,35,115,156,41011467544844545003177328
4,35,115,157,82745693258177941181685756
4,35,115,158,144915193408800478857292628
4,35,115,159,222155402083921050716613142
4,35,115,160,300377887328673039432805998
4,35,115,161,360668597143263963703596250
4,35,115,162,386922787809380125671494034
4,35,115,163,372874217804970421077389482
4,35,115,164,324326332061651431285439920
4,35,115,165,255663711544865410824965950
4,35,115,166,183292848421335293674956234
4,35,115,167,119862370653947718643236432
4,35,115,168,71665847268598551063941758
4,35,115,169,39249534189013038462488014
4,35,115,170,19716460916470839033680664
4,35,115,171,9092025820768466183424280
4,35,115,172,3850228290812734818723072
4,35,115,173,1497133197294267431573876
4,35,115,174,534243502047173293393730
4,35,115,175,174779228444816372353224
4,35,115,176,52348169451368485169048
4,35,115,177,14328717007209822377098
4,35,115,178,3577011697105084558940
4,35,115,179,812632128703391108546
4,35,115,180,167654454705209150614
4,35,115,181,31357257106856701594
4,35,115,182,5311958503028726518
4,35,115,183,815207366750432214
4,35,115,184,113526276961579106
4,35,115,185,14388047119222538
4,35,115,186,1665271410246504
4,35,115,187,176520881861818
4,35,115,188,17156511770938
4,35,115,189,1526616246270
4,35,115,190,123754305436
4,35,115,191,9063465188
4,35,115,192,591106440
4,35,115,193,33492726
4,35,115,194,1619530
4,35,115,195,62110
4,35,115,196,1630
4,35,115,197,28
4,35,115,198,0
4,35,115,199,0
4,35,115,200,0
4,35,115,201,0
4,35,115,202,0
4,35,115,203,0
4,35,115,204,0
4,35,115,205,0
4,35,115,206,0
4,35,115,207,0
4,35,115,208,0
4,35,115,209,0
4,35,115,210,0
4,35,115,211,0
4,35,115,212,0
4,35,115,213,0
4,35,115,214,0
4,35,115,215,0
4,35,115,216,0
4,35,115,217,0
4,35,115,218,0
4,35,115,219,0
4,35,115,220,0
4,35,115,221,0
4,35,115,222,0
4,35,115,223,0
4,35,115,224,0
4,35,115,225,0
4,35,115,226,0
4,35,115,227,0
4,35,115,228,0
4,35,115,229,0
4,35,115,230,0
4,35,115,231,0
4,35,115,232,0
4,35,115,233,0
4,35,115,234,0
4,35,115,235,0
4,35,115,236,0
4,35,115,237,0
4,35,115,238,0
4,35,115,239,0
4,35,115,240,0
4,35,115,241,0
4,35,116,0,0
4,35,116,1,0
4,35,116,2,0
4,35,116,3,0
4,35,116,4,0
4,35,116,5,0
4,35,116,6,0
4,35,116,7,0
4,35,116,8,0
4,35,116,9,0
4,35,116,10,0
4,35,116,11,0
4,35,116,12,0
4,35,116,13,0
4,35,116,14,0
4,35,116,15,0
4,35,116,16,0
4,35,116,17,0
4,35,116,18,0
4,35,116,19,0
4,35,116,20,0
4,35,116,21,0
4,35,116,22,0
4,35,116,23,0
4,35,116,24,0
4,35,116,25,0
4,35,116,26,0
4,35,116,27,0
4,35,116,28,0
4,35,116,29,0
4,35,116,30,0
4,35,116,31,0
4,35,116,32,0
4,35,116,33,0
4,35,116,34,0
4,35,116,35,0
4,35,116,36,0
4,35,116,37,0
4,35,116,38,0
4,35,116,39,0
4,35,116,40,0
4,35,116,41,0
4,35,116,42,0
4,35,116,43,0
4,35,116,44,0
4,35,116,45,0
4,35,116,46,0
4,35,116,47,0
4,35,116,48,0
4,35,116,49,0
4,35,116,50,0
4,35,116,51,0
4,35,116,52,0
4,35,116,53,0
4,35,116,54,0
4,35,116,55,0
4,35,116,56,0
4,35,116,57,0
4,35,116,58,0
4,35,116,59,0
4,35,116,60,0
4,35,116,61,0
4,35,116,62,0
4,35,116,63,0
4,35,116,64,0
4,35,116,65,0
4,35,116,66,0
4,35,116,67,0
4,35,116,68,0
4,35,116,69,0
4,35,116,70,0
4,35,116,71,0
4,35,116,72,0
4,35,116,73,0
4,35,116,74,0
4,35,116,75,0
4,35,116,76,0
4,35,116,77,0
4,35,116,78,0
4,35,116,79,0
4,35,116,80,0
4,35,116,81,0
4,35,116,82,0
4,35,116,83,0
4,35,116,84,0
4,35,116,85,0
4,35,116,86,0
4,35,116,87,0
4,35,116,88,0
4,35,116,89,0
4,35,116,90,0
4,35,116,91,0
4,35,116,92,0
4,35,116,93,0
4,35,116,94,0
4,35,116,95,0
4,35,116,96,0
4,35,116,97,0
4,35,116,98,0
4,35,116,99,0
4,35,116,100,0
4,35,116,101,0
4,35,116,102,0
4,35,116,103,0
4,35,116,104,0
4,35,116,105,0
4,35,116,106,0
4,35,116,107,0
4,35,116,108,0
4,35,116,109,0
4,35,116,110,0
4,35,116,111,0
4,35,116,112,0
4,35,116,113,0
4,35,116,114,0
4,35,116,115,0
4,35,116,116,0
4,35,116,117,0
4,35,116,118,0
4,35,116,119,0
4,35,116,120,0
4,35,116,121,0
4,35,116,122,0
4,35,116,123,0
4,35,116,124,0
4,35,116,125,0
4,35,116,126,0
4,35,116,127,0
4,35,116,128,0
4,35,116,129,0
4,35,116,130,0
4,35,116,131,0
4,35,116,132,0
4,35,116,133,0
4,35,116,134,0
4,35,116,135,0
4,35,116,136,0
4,35,116,137,0
4,35,116,138,0
4,35,116,139,0
4,35,116,140,0
4,35,116,141,0
4,35,116,142,0
4,35,116,143,0
4,35,116,144,0
4,35,116,145,8251811680
4,35,116,146,1407375493650
4,35,116,147,103626917705782
4,35,116,148,4409475105127598
4,35,116,149,122376192555072100
4,35,116,150,2369449742931155816
4,35,116,151,33429817568225895110
4,35,116,152,354505849579539259016
4,35,116,153,2893831184171083020006
4,35,116,154,18543049928219565466570
4,35,116,155,94865720290262501226984
4,35,116,156,393461845206474623803792
4,35,116,157,1341860170427399996406628
4,35,116,158,3812891708402568140980514
4,35,116,159,9138369563366386222212120
4,35,116,160,18683178821966327807615092
4,35,116,161,32920622820193150987502793
4,35,116,162,50461668895111718071891499
4,35,116,163,67852354933965643788518904
4,35,116,164,80635530402761649687509108
4,35,116,165,85257238545623090652672425
4,35,116,166,80671506426345763228873890
4,35,116,167,68660450486727703329482220
4,35,116,168,52794987833349041631317440
4,35,116,169,36811538663348837871483429
4,35,116,170,23345562710029249512402590
4,35,116,171,13499242159338999938503351
4,35,116,172,7130145642589562912532113
4,35,116,173,3444488227574240203771992
4,35,116,174,1523014689464376702519177
4,35,116,175,616483962610418028055374
4,35,116,176,228369805659287529207027
4,35,116,177,77356791135587932388836
4,35,116,178,23929737140993181205830
4,35,116,179,6748466452689048757615
4,35,116,180,1731373104049271871324
4,35,116,181,403164670906334849161
4,35,116,182,85006827622482277118
4,35,116,183,16195596007459613327
4,35,116,184,2784221248068594441
4,35,116,185,431787400669124014
4,35,116,186,60485345779810211
4,35,116,187,7674370662353481
4,35,116,188,885133279613651
4,35,116,189,93099103056113
4,35,116,190,8943053006937
4,35,116,191,783527236542
4,35,116,192,62285118010
4,35,116,193,4450149798
4,35,116,194,282097300
4,35,116,195,15382119
4,35,116,196,698628
4,35,116,197,26177
4,35,116,198,570
4,35,116,199,7
4,35,116,200,0
4,35,116,201,0
4,35,116,202,0
4,35,116,203,0
4,35,116,204,0
4,35,116,205,0
4,35,116,206,0
4,35,116,207,0
4,35,116,208,0
4,35,116,209,0
4,35,116,210,0
4,35,116,211,0
4,35,116,212,0
4,35,116,213,0
4,35,116,214,0
4,35,116,215,0
4,35,116,216,0
4,35,116,217,0
4,35,116,218,0
4,35,116,219,0
4,35,116,220,0
4,35,116,221,0
4,35,116,222,0
4,35,116,223,0
4,35,116,224,0
4,35,116,225,0
4,35,116,226,0
4,35,116,227,0
4,35,116,228,0
4,35,116,229,0
4,35,116,230,0
4,35,116,231,0
4,35,116,232,0
4,35,116,233,0
4,35,116,234,0
4,35,116,235,0
4,35,116,236,0
4,35,116,237,0
4,35,116,238,0
4,35,116,239,0
4,35,116,240,0
4,35,116,241,0
4,35,117,0,0
4,35,117,1,0
4,35,117,2,0
4,35,117,3,0
4,35,117,4,0
4,35,117,5,0
4,35,117,6,0
4,35,117,7,0
4,35,117,8,0
4,35,117,9,0
4,35,117,10,0
4,35,117,11,0
4,35,117,12,0
4,35,117,13,0
4,35,117,14,0
4,35,117,15,0
4,35,117,16,0
4,35,117,17,0
4,35,117,18,0
4,35,117,19,0
4,35,117,20,0
4,35,117,21,0
4,35,117,22,0
4,35,117,23,0
4,35,117,24,0
4,35,117,25,0
4,35,117,26,0
4,35,117,27,0
4,35,117,28,0
4,35,117,29,0
4,35,117,30,0
4,35,117,31,0
4,35,117,32,0
4,35,117,33,0
4,35,117,34,0
4,35,117,35,0
4,35,117,36,0
4,35,117,37,0
4,35,117,38,0
4,35,117,39,0
4,35,117,40,0
4,35,117,41,0
4,35,117,42,0
4,35,117,43,0
4,35,117,44,0
4,35,117,45,0
4,35,117,46,0
4,35,117,47,0
4,35,117,48,0
4,35,117,49,0
4,35,117,50,0
4,35,117,51,0
4,35,117,52,0
4,35,117,53,0
4,35,117,54,0
4,35,117,55,0
4,35,117,56,0
4,35,117,57,0
4,35,117,58,0
4,35,117,59,0
4,35,117,60,0
4,35,117,61,0
4,35,117,62,0
4,35,117,63,0
4,35,117,64,0
4,35,117,65,0
4,35,117,66,0
4,35,117,67,0
4,35,117,68,0
4,35,117,69,0
4,35,117,70,0
4,35,117,71,0
4,35,117,72,0
4,35,117,73,0
4,35,117,74,0
4,35,117,75,0
4,35,117,76,0
4,35,117,77,0
4,35,117,78,0
4,35,117,79,0
4,35,117,80,0
4,35,117,81,0
4,35,117,82,0
4,35,117,83,0
4,35,117,84,0
4,35,117,85,0
4,35,117,86,0
4,35,117,87,0
4,35,117,88,0
4,35,117,89,0
4,35,117,90,0
4,35,117,91,0
4,35,117,92,0
4,35,117,93,0
4,35,117,94,0
4,35,117,95,0
4,35,117,96,0
4,35,117,97,0
4,35,117,98,0
4,35,117,99,0
4,35,117,100,0
4,35,117,101,0
4,35,117,102,0
4,35,117,103,0
4,35,117,104,0
4,35,117,105,0
4,35,117,106,0
4,35,117,107,0
4,35,117,108,0
4,35,117,109,0
4,35,117,110,0
4,35,117,111,0
4,35,117,112,0
4,35,117,113,0
4,35,117,114,0
4,35,117,115,0
4,35,117,116,0
4,35,117,117,0
4,35,117,118,0
4,35,117,119,0
4,35,117,120,0
4,35,117,121,0
4,35,117,122,0
4,35,117,123,0
4,35,117,124,0
4,35,117,125,0
4,35,117,126,0
4,35,117,127,0
4,35,117,128,0
4,35,117,129,0
4,35,117,130,0
4,35,117,131,0
4,35,117,132,0
4,35,117,133,0
4,35,117,134,0
4,35,117,135,0
4,35,117,136,0
4,35,117,137,0
4,35,117,138,0
4,35,117,139,0
4,35,117,140,0
4,35,117,141,0
4,35,117,142,0
4,35,117,143,0
4,35,117,144,0
4,35,117,145,0
4,35,117,146,0
4,35,117,147,0
4,35,117,148,0
4,35,117,149,27182654422
4,35,117,150,3986194076280
4,35,117,151,253207548755318
4,35,117,152,9314066600434528
4,35,117,153,223696245879483814
4,35,117,154,3749339856224831996
4,35,117,155,45782573788317551720
4,35,117,156,419993417633518234340
4,35,117,157,2964325667231418552386
4,35,117,158,16418648916388357401808
4,35,117,159,72612842570602406476668
4,35,117,160,260510859667699787540940
4,35,117,161,769407436430681034895962
4,35,117,162,1896443510479891783016354
4,35,117,163,3950461263137428963995930
4,35,117,164,7035036107132733242820736
4,35,117,165,10821671734661100924352876
4,35,117,166,14513084046098904085225260
4,35,117,167,17109770426008164850272796
4,35,117,168,17861153770358661970184634
4,35,117,169,16615797457970359231609046
4,35,117,170,13850644743046943009474306
4,35,117,171,10394222582545701293566322
4,35,117,172,7049979076110049280930794
4,35,117,173,4335513560858259398155170
4,35,117,174,2423440385658136807798770
4,35,117,175,1233555987045574534069778
4,35,117,176,572455001159618163093244
4,35,117,177,242346286924630496022862
4,35,117,178,93593100275576461230940
4,35,117,179,32954488101151672196616
4,35,117,180,10567193911121952514036
4,35,117,181,3080814496983792870448
4,35,117,182,814930711954262799240
4,35,117,183,195102787759123838276
4,35,117,184,42166122555765469090
4,35,117,185,8206387819316703932
4,35,117,186,1435513728602671346
4,35,117,187,225521016410885758
4,35,117,188,31844654318103620
4,35,117,189,4051754395528060
4,35,117,190,466224613607264
4,35,117,191,48689959139162
4,35,117,192,4623553684878
4,35,117,193,398749519270
4,35,117,194,31071617668
4,35,117,195,2163958748
4,35,117,196,132813568
4,35,117,197,7005424
4,35,117,198,297208
4,35,117,199,10148
4,35,117,200,240
4,35,117,201,0
4,35,117,202,0
4,35,117,203,0
4,35,117,204,0
4,35,117,205,0
4,35,117,206,0
4,35,117,207,0
4,35,117,208,0
4,35,117,209,0
4,35,117,210,0
4,35,117,211,0
4,35,117,212,0
4,35,117,213,0
4,35,117,214,0
4,35,117,215,0
4,35,117,216,0
4,35,117,217,0
4,35,117,218,0
4,35,117,219,0
4,35,117,220,0
4,35,117,221,0
4,35,117,222,0
4,35,117,223,0
4,35,117,224,0
4,35,117,225,0
4,35,117,226,0
4,35,117,227,0
4,35,117,228,0
4,35,117,229,0
4,35,117,230,0
4,35,117,231,0
4,35,117,232,0
4,35,117,233,0
4,35,117,234,0
4,35,117,235,0
4,35,117,236,0
4,35,117,237,0
4,35,117,238,0
4,35,117,239,0
4,35,117,240,0
4,35,117,241,0
4,35,118,0,0
4,35,118,1,0
4,35,118,2,0
4,35,118,3,0
4,35,118,4,0
4,35,118,5,0
4,35,118,6,0
4,35,118,7,0
4,35,118,8,0
4,35,118,9,0
4,35,118,10,0
4,35,118,11,0
4,35,118,12,0
4,35,118,13,0
4,35,118,14,0
4,35,118,15,0
4,35,118,16,0
4,35,118,17,0
4,35,118,18,0
4,35,118,19,0
4,35,118,20,0
4,35,118,21,0
4,35,118,22,0
4,35,118,23,0
4,35,118,24,0
4,35,118,25,0
4,35,118,26,0
4,35,118,27,0
4,35,118,28,0
4,35,118,29,0
4,35,118,30,0
4,35,118,31,0
4,35,118,32,0
4,35,118,33,0
4,35,118,34,0
4,35,118,35,0
4,35,118,36,0
4,35,118,37,0
4,35,118,38,0
4,35,118,39,0
4,35,118,40,0
4,35,118,41,0
4,35,118,42,0
4,35,118,43,0
4,35,118,44,0
4,35,118,45,0
4,35,118,46,0
4,35,118,47,0
4,35,118,48,0
4,35,118,49,0
4,35,118,50,0
4,35,118,51,0
4,35,118,52,0
4,35,118,53,0
4,35,118,54,0
4,35,118,55,0
4,35,118,56,0
4,35,118,57,0
4,35,118,58,0
4,35,118,59,0
4,35,118,60,0
4,35,118,61,0
4,35,118,62,0
4,35,118,63,0
4,35,118,64,0
4,35,118,65,0
4,35,118,66,0
4,35,118,67,0
4,35,118,68,0
4,35,118,69,0
4,35,118,70,0
4,35,118,71,0
4,35,118,72,0
4,35,118,73,0
4,35,118,74,0
4,35,118,75,0
4,35,118,76,0
4,35,118,77,0
4,35,118,78,0
4,35,118,79,0
4,35,118,80,0
4,35,118,81,0
4,35,118,82,0
4,35,118,83,0
4,35,118,84,0
4,35,118,85,0
4,35,118,86,0
4,35,118,87,0
4,35,118,88,0
4,35,118,89,0
4,35,118,90,0
4,35,118,91,0
4,35,118,92,0
4,35,118,93,0
4,35,118,94,0
4,35,118,95,0
4,35,118,96,0
4,35,118,97,0
4,35,118,98,0
4,35,118,99,0
4,35,118,100,0
4,35,118,101,0
4,35,118,102,0
4,35,118,103,0
4,35,118,104,0
4,35,118,105,0
4,35,118,106,0
4,35,118,107,0
4,35,118,108,0
4,35,118,109,0
4,35,118,110,0
4,35,118,111,0
4,35,118,112,0
4,35,118,113,0
4,35,118,114,0
4,35,118,115,0
4,35,118,116,0
4,35,118,117,0
4,35,118,118,0
4,35,118,119,0
4,35,118,120,0
4,35,118,121,0
4,35,118,122,0
4,35,118,123,0
4,35,118,124,0
4,35,118,125,0
4,35,118,126,0
4,35,118,127,0
4,35,118,128,0
4,35,118,129,0
4,35,118,130,0
4,35,118,131,0
4,35,118,132,0
4,35,118,133,0
4,35,118,134,0
4,35,118,135,0
4,35,118,136,0
4,35,118,137,0
4,35,118,138,0
4,35,118,139,0
4,35,118,140,0
4,35,118,141,0
4,35,118,142,0
4,35,118,143,0
4,35,118,144,0
4,35,118,145,0
4,35,118,146,0
4,35,118,147,0
4,35,118,148,0
4,35,118,149,0
4,35,118,150,0
4,35,118,151,0
4,35,118,152,0
4,35,118,153,74501171808
4,35,118,154,9428481997422
4,35,118,155,517823905704738
4,35,118,156,16483144277225528
4,35,118,157,342603352819829234
4,35,118,158,4967252757605511176
4,35,118,159,52425809727880032640
4,35,118,160,415327191332145076776
4,35,118,161,2529703110846775165642
4,35,118,162,12087681031333980888982
4,35,118,163,46131037590098587091738
4,35,118,164,142944073410670091980036
4,35,118,165,365169905977949185681220
4,35,118,166,780018915468622530954348
4,35,118,167,1411184207032159032964685
4,35,118,168,2187579102404549021367674
4,35,118,169,2935856266982885942074001
4,35,118,170,3442460049444881251374269
4,35,118,171,3555097167281270653915722
4,35,118,172,3256194393263737816032126
4,35,118,173,2660986119444920479437415
4,35,118,174,1950023782969833223838397
4,35,118,175,1286803049318575362802808
4,35,118,176,767201769078524886949283
4,35,118,177,414327374551524886298220
4,35,118,178,203050161813556645522834
4,35,118,179,90400336013656710562662
4,35,118,180,36578719445800386036404
4,35,118,181,13448574805560633256689
4,35,118,182,4488829793468931017427
4,35,118,183,1358169898077626728588
4,35,118,184,371750533326746172810
4,35,118,185,91819815206029197863
4,35,118,186,20407535797354561975
4,35,118,187,4069956548798152890
4,35,118,188,726593557417299115
4,35,118,189,115954335719451295
4,35,118,190,16544886071667185
4,35,118,191,2115153278379829
4,35,118,192,243162522999767
4,35,118,193,25235275121174
4,35,118,194,2369582339374
4,35,118,195,201138602088
4,35,118,196,15354515761
4,35,118,197,1041696015
4,35,118,198,61775983
4,35,118,199,3129868
4,35,118,200,126704
4,35,118,201,3728
4,35,118,202,84
4,35,118,203,0
4,35,118,204,0
4,35,118,205,0
4,35,118,206,0
4,35,118,207,0
4,35,118,208,0
4,35,118,209,0
4,35,118,210,0
4,35,118,211,0
4,35,118,212,0
4,35,118,213,0
4,35,118,214,0
4,35,118,215,0
4,35,118,216,0
4,35,118,217,0
4,35,118,218,0
4,35,118,219,0
4,35,118,220,0
4,35,118,221,0
4,35,118,222,0
4,35,118,223,0
4,35,118,224,0
4,35,118,225,0
4,35,118,226,0
4,35,118,227,0
4,35,118,228,0
4,35,118,229,0
4,35,118,230,0
4,35,118,231,0
4,35,118,232,0
4,35,118,233,0
4,35,118,234,0
4,35,118,235,0
4,35,118,236,0
4,35,118,237,0
4,35,118,238,0
4,35,118,239,0
4,35,118,240,0
4,35,118,241,0
4,35,119,0,0
4,35,119,1,0
4,35,119,2,0
4,35,119,3,0
4,35,119,4,0
4,35,119,5,0
4,35,119,6,0
4,35,119,7,0
4,35,119,8,0
4,35,119,9,0
4,35,119,10,0
4,35,119,11,0
4,35,119,12,0
4,35,119,13,0
4,35,119,14,0
4,35,119,15,0
4,35,119,16,0
4,35,119,17,0
4,35,119,18,0
4,35,119,19,0
4,35,119,20,0
4,35,119,21,0
4,35,119,22,0
4,35,119,23,0
4,35,119,24,0
4,35,119,25,0
4,35,119,26,0
4,35,119,27,0
4,35,119,28,0
4,35,119,29,0
4,35,119,30,0
4,35,119,31,0
4,35,119,32,0
4,35,119,33,0
4,35,119,34,0
4,35,119,35,0
4,35,119,36,0
4,35,119,37,0
4,35,119,38,0
4,35,119,39,0
4,35,119,40,0
4,35,119,41,0
4,35,119,42,0
4,35,119,43,0
4,35,119,44,0
4,35,119,45,0
4,35,119,46,0
4,35,119,47,0
4,35,119,48,0
4,35,119,49,0
4,35,119,50,0
4,35,119,51,0
4,35,119,52,0
4,35,119,53,0
4,35,119,54,0
4,35,119,55,0
4,35,119,56,0
4,35,119,57,0
4,35,119,58,0
4,35,119,59,0
4,35,119,60,0
4,35,119,61,0
4,35,119,62,0
4,35,119,63,0
4,35,119,64,0
4,35,119,65,0
4,35,119,66,0
4,35,119,67,0
4,35,119,68,0
4,35,119,69,0
4,35,119,70,0
4,35,119,71,0
4,35,119,72,0
4,35,119,73,0
4,35,119,74,0
4,35,119,75,0
4,35,119,76,0
4,35,119,77,0
4,35,119,78,0
4,35,119,79,0
4,35,119,80,0
4,35,119,81,0
4,35,119,82,0
4,35,119,83,0
4,35,119,84,0
4,35,119,85,0
4,35,119,86,0
4,35,119,87,0
4,35,119,88,0
4,35,119,89,0
4,35,119,90,0
4,35,119,91,0
4,35,119,92,0
4,35,119,93,0
4,35,119,94,0
4,35,119,95,0
4,35,119,96,0
4,35,119,97,0
4,35,119,98,0
4,35,119,99,0
4,35,119,100,0
4,35,119,101,0
4,35,119,102,0
4,35,119,103,0
4,35,119,104,0
4,35,119,105,0
4,35,119,106,0
4,35,119,107,0
4,35,119,108,0
4,35,119,109,0
4,35,119,110,0
4,35,119,111,0
4,35,119,112,0
4,35,119,113,0
4,35,119,114,0
4,35,119,115,0
4,35,119,116,0
4,35,119,117,0
4,35,119,118,0
4,35,119,119,0
4,35,119,120,0
4,35,119,121,0
4,35,119,122,0
4,35,119,123,0
4,35,119,124,0
4,35,119,125,0
4,35,119,126,0
4,35,119,127,0
4,35,119,128,0
4,35,119,129,0
4,35,119,130,0
4,35,119,131,0
4,35,119,132,0
4,35,119,133,0
4,35,119,134,0
4,35,119,135,0
4,35,119,136,0
4,35,119,137,0
4,35,119,138,0
4,35,119,139,0
4,35,119,140,0
4,35,119,141,0
4,35,119,142,0
4,35,119,143,0
4,35,119,144,0
4,35,119,145,0
4,35,119,146,0
4,35,119,147,0
4,35,119,148,0
4,35,119,149,0
4,35,119,150,0
4,35,119,151,0
4,35,119,152,0
4,35,119,153,0
4,35,119,154,0
4,35,119,155,0
4,35,119,156,0
4,35,119,157,170763634106
4,35,119,158,18692433377880
4,35,119,159,888574129558864
4,35,119,160,24478647621388660
4,35,119,161,440010950502433062
4,35,119,162,5511043462355570648
4,35,119,163,50183818856622865230
4,35,119,164,342618003938370846976
4,35,119,165,1796997063768691394168
4,35,119,166,7392412365036736372388
4,35,119,167,24300423019407681462996
4,35,119,168,64934917566566144158124
4,35,119,169,143304096416219158896834
4,35,119,170,264996441554492370274954
4,35,119,171,415989909337274340155922
4,35,119,172,560817009572776507931796
4,35,119,173,655977027797347235002908
4,35,119,174,671665014272285523039884
4,35,119,175,606667322958699189324244
4,35,119,176,486543928842044392638580
4,35,119,177,348369918702940191629798
4,35,119,178,223688277469210272947950
4,35,119,179,129257997685758944978504
4,35,119,180,67394755262412929586012
4,35,119,181,31763473734315465813794
4,35,119,182,13545478891663729509798
4,35,119,183,5227838191091225704184
4,35,119,184,1825093154333626886060
4,35,119,185,575633205046506699684
4,35,119,186,163709938117670228170
4,35,119,187,41877896689848544726
4,35,119,188,9607103454577515984
4,35,119,189,1970299220176028504
4,35,119,190,360195994144484196
4,35,119,191,58575207300658516
4,35,119,192,8469116153835322
4,35,119,193,1090432204161718
4,35,119,194,125459180684160
4,35,119,195,12952315919952
4,35,119,196,1203198391158
4,35,119,197,100504439026
4,35,119,198,7512918412
4,35,119,199,496333010
4,35,119,200,28332800
4,35,119,201,1378230
4,35,119,202,52704
4,35,119,203,1380
4,35,119,204,24
4,35,119,205,0
4,35,119,206,0
4,35,119,207,0
4,35,119,208,0
4,35,119,209,0
4,35,119,210,0
4,35,119,211,0
4,35,119,212,0
4,35,119,213,0
4,35,119,214,0
4,35,119,215,0
4,35,119,216,0
4,35,119,217,0
4,35,119,218,0
4,35,119,219,0
4,35,119,220,0
4,35,119,221,0
4,35,119,222,0
4,35,119,223,0
4,35,119,224,0
4,35,119,225,0
4,35,119,226,0
4,35,119,227,0
4,35,119,228,0
4,35,119,229,0
4,35,119,230,0
4,35,119,231,0
4,35,119,232,0
4,35,119,233,0
4,35,119,234,0
4,35,119,235,0
4,35,119,236,0
4,35,119,237,0
4,35,119,238,0
4,35,119,239,0
4,35,119,240,0
4,35,119,241,0
4,35,120,0,0
4,35,120,1,0
4,35,120,2,0
4,35,120,3,0
4,35,120,4,0
4,35,120,5,0
4,35,120,6,0
4,35,120,7,0
4,35,120,8,0
4,35,120,9,0
4,35,120,10,0
4,35,120,11,0
4,35,120,12,0
4,35,120,13,0
4,35,120,14,0
4,35,120,15,0
4,35,120,16,0
4,35,120,17,0
4,35,120,18,0
4,35,120,19,0
4,35,120,20,0
4,35,120,21,0
4,35,120,22,0
4,35,120,23,0
4,35,120,24,0
4,35,120,25,0
4,35,120,26,0
4,35,120,27,0
4,35,120,28,0
4,35,120,29,0
4,35,120,30,0
4,35,120,31,0
4,35,120,32,0
4,35,120,33,0
4,35,120,34,0
4,35,120,35,0
4,35,120,36,0
4,35,120,37,0
4,35,120,38,0
4,35,120,39,0
4,35,120,40,0
4,35,120,41,0
4,35,120,42,0
4,35,120,43,0
4,35,120,44,0
4,35,120,45,0
4,35,120,46,0
4,35,120,47,0
4,35,120,48,0
4,35,120,49,0
4,35,120,50,0
4,35,120,51,0
4,35,120,52,0
4,35,120,53,0
4,35,120,54,0
4,35,120,55,0
4,35,120,56,0
4,35,120,57,0
4,35,120,58,0
4,35,120,59,0
4,35,120,60,0
4,35,120,61,0
4,35,120,62,0
4,35,120,63,0
4,35,120,64,0
4,35,120,65,0
4,35,120,66,0
4,35,120,67,0
4,35,120,68,0
4,35,120,69,0
4,35,120,70,0
4,35,120,71,0
4,35,120,72,0
4,35,120,73,0
4,35,120,74,0
4,35,120,75,0
4,35,120,76,0
4,35,120,77,0
4,35,120,78,0
4,35,120,79,0
4,35,120,80,0
4,35,120,81,0
4,35,120,82,0
4,35,120,83,0
4,35,120,84,0
4,35,120,85,0
4,35,120,86,0
4,35,120,87,0
4,35,120,88,0
4,35,120,89,0
4,35,120,90,0
4,35,120,91,0
4,35,120,92,0
4,35,120,93,0
4,35,120,94,0
4,35,120,95,0
4,35,120,96,0
4,35,120,97,0
4,35,120,98,0
4,35,120,99,0
4,35,120,100,0
4,35,120,101,0
4,35,120,102,0
4,35,120,103,0
4,35,120,104,0
4,35,120,105,0
4,35,120,106,0
4,35,120,107,0
4,35,120,108,0
4,35,120,109,0
4,35,120,110,0
4,35,120,111,0
4,35,120,112,0
4,35,120,113,0
4,35,120,114,0
4,35,120,115,0
4,35,120,116,0
4,35,120,117,0
4,35,120,118,0
4,35,120,119,0
4,35,120,120,0
4,35,120,121,0
4,35,120,122,0
4,35,120,123,0
4,35,120,124,0
4,35,120,125,0
4,35,120,126,0
4,35,120,127,0
4,35,120,128,0
4,35,120,129,0
4,35,120,130,0
4,35,120,131,0
4,35,120,132,0
4,35,120,133,0
4,35,120,134,0
4,35,120,135,0
4,35,120,136,0
4,35,120,137,0
4,35,120,138,0
4,35,120,139,0
4,35,120,140,0
4,35,120,141,0
4,35,120,142,0
4,35,120,143,0
4,35,120,144,0
4,35,120,145,0
4,35,120,146,0
4,35,120,147,0
4,35,120,148,0
4,35,120,149,0
4,35,120,150,0
4,35,120,151,0
4,35,120,152,0
4,35,120,153,0
4,35,120,154,0
4,35,120,155,0
4,35,120,156,0
4,35,120,157,0
4,35,120,158,0
4,35,120,159,0
4,35,120,160,0
4,35,120,161,328578611536
4,35,120,162,31144903414170
4,35,120,163,1281634201200590
4,35,120,164,30535220474733970
4,35,120,165,474044223177133312
4,35,120,166,5119500855386999618
4,35,120,167,40132688390119798592
4,35,120,168,235565046243766198826
4,35,120,169,1061390690736314935758
4,35,120,170,3750782775734531691140
4,35,120,171,10599512706958647043588
4,35,120,172,24385114291735354161344
4,35,120,173,46423489267646352995008
4,35,120,174,74220659145064964297277
4,35,120,175,100964367097785758976771
4,35,120,176,118209222325373048101678
4,35,120,177,120308955848479594161183
4,35,120,178,107352814118521547857286
4,35,120,179,84591319196518529993601
4,35,120,180,59213913051389620620104
4,35,120,181,36999269610851885033555
4,35,120,182,20713367750750477121929
4,35,120,183,10417749323254136629150
4,35,120,184,4715476762622161509612
4,35,120,185,1922533048170236838275
4,35,120,186,706003724275938977419
4,35,120,187,233317728910426239500
4,35,120,188,69273870950182902402
4,35,120,189,18434202572910855137
4,35,120,190,4383252840889436403
4,35,120,191,928113849484750027
4,35,120,192,174404771072533328
4,35,120,193,29004338536608187
4,35,120,194,4263255771227740
4,35,120,195,554339865330627
4,35,120,196,63963962000010
4,35,120,197,6577969072261
4,35,120,198,604929021535
4,35,120,199,49728971492
4,35,120,200,3635730448
4,35,120,201,233961993
4,35,120,202,12861773
4,35,120,203,587846
4,35,120,204,22118
4,35,120,205,475
4,35,120,206,6
4,35,120,207,0
4,35,120,208,0
4,35,120,209,0
4,35,120,210,0
4,35,120,211,0
4,35,120,212,0
4,35,120,213,0
4,35,120,214,0
4,35,120,215,0
4,35,120,216,0
4,35,120,217,0
4,35,120,218,0
4,35,120,219,0
4,35,120,220,0
4,35,120,221,0
4,35,120,222,0
4,35,120,223,0
4,35,120,224,0
4,35,120,225,0
4,35,120,226,0
4,35,120,227,0
4,35,120,228,0
4,35,120,229,0
4,35,120,230,0
4,35,120,231,0
4,35,120,232,0
4,35,120,233,0
4,35,120,234,0
4,35,120,235,0
4,35,120,236,0
4,35,120,237,0
4,35,120,238,0
4,35,120,239,0
4,35,120,240,0
4,35,120,241,0
4,35,121,0,0
4,35,121,1,0
4,35,121,2,0
4,35,121,3,0
4,35,121,4,0
4,35,121,5,0
4,35,121,6,0
4,35,121,7,0
4,35,121,8,0
4,35,121,9,0
4,35,121,10,0
4,35,121,11,0
4,35,121,12,0
4,35,121,13,0
4,35,121,14,0
4,35,121,15,0
4,35,121,16,0
4,35,121,17,0
4,35,121,18,0
4,35,121,19,0
4,35,121,20,0
4,35,121,21,0
4,35,121,22,0
4,35,121,23,0
4,35,121,24,0
4,35,121,25,0
4,35,121,26,0
4,35,121,27,0
4,35,121,28,0
4,35,121,29,0
4,35,121,30,0
4,35,121,31,0
4,35,121,32,0
4,35,121,33,0
4,35,121,34,0
4,35,121,35,0
4,35,121,36,0
4,35,121,37,0
4,35,121,38,0
4,35,121,39,0
4,35,121,40,0
4,35,121,41,0
4,35,121,42,0
4,35,121,43,0
4,35,121,44,0
4,35,121,45,0
4,35,121,46,0
4,35,121,47,0
4,35,121,48,0
4,35,121,49,0
4,35,121,50,0
4,35,121,51,0
4,35,121,52,0
4,35,121,53,0
4,35,121,54,0
4,35,121,55,0
4,35,121,56,0
4,35,121,57,0
4,35,121,58,0
4,35,121,59,0
4,35,121,60,0
4,35,121,61,0
4,35,121,62,0
4,35,121,63,0
4,35,121,64,0
4,35,121,65,0
4,35,121,66,0
4,35,121,67,0
4,35,121,68,0
4,35,121,69,0
4,35,121,70,0
4,35,121,71,0
4,35,121,72,0
4,35,121,73,0
4,35,121,74,0
4,35,121,75,0
4,35,121,76,0
4,35,121,77,0
4,35,121,78,0
4,35,121,79,0
4,35,121,80,0
4,35,121,81,0
4,35,121,82,0
4,35,121,83,0
4,35,121,84,0
4,35,121,85,0
4,35,121,86,0
4,35,121,87,0
4,35,121,88,0
4,35,121,89,0
4,35,121,90,0
4,35,121,91,0
4,35,121,92,0
4,35,121,93,0
4,35,121,94,0
4,35,121,95,0
4,35,121,96,0
4,35,121,97,0
4,35,121,98,0
4,35,121,99,0
4,35,121,100,0
4,35,121,101,0
4,35,121,102,0
4,35,121,103,0
4,35,121,104,0
4,35,121,105,0
4,35,121,106,0
4,35,121,107,0
4,35,121,108,0
4,35,121,109,0
4,35,121,110,0
4,35,121,111,0
4,35,121,112,0
4,35,121,113,0
4,35,121,114,0
4,35,121,115,0
4,35,121,116,0
4,35,121,117,0
4,35,121,118,0
4,35,121,119,0
4,35,121,120,0
4,35,121,121,0
4,35,121,122,0
4,35,121,123,0
4,35,121,124,0
4,35,121,125,0
4,35,121,126,0
4,35,121,127,0
4,35,121,128,0
4,35,121,129,0
4,35,121,130,0
4,35,121,131,0
4,35,121,132,0
4,35,121,133,0
4,35,121,134,0
4,35,121,135,0
4,35,121,136,0
4,35,121,137,0
4,35,121,138,0
4,35,121,139,0
4,35,121,140,0
4,35,121,141,0
4,35,121,142,0
4,35,121,143,0
4,35,121,144,0
4,35,121,145,0
4,35,121,146,0
4,35,121,147,0
4,35,121,148,0
4,35,121,149,0
4,35,121,150,0
4,35,121,151,0
4,35,121,152,0
4,35,121,153,0
4,35,121,154,0
4,35,121,155,0
4,35,121,156,0
4,35,121,157,0
4,35,121,158,0
4,35,121,159,0
4,35,121,160,0
4,35,121,161,0
4,35,121,162,0
4,35,121,163,0
4,35,121,164,0
4,35,121,165,532225891230
4,35,121,166,43692510058760
4,35,121,167,1555469588052746
4,35,121,168,32008648180314264
4,35,121,169,428356274330689660
4,35,121,170,3979639004992650468
4,35,121,171,26787271670378712910
4,35,121,172,134815180933850381884
4,35,121,173,520469706305332690138
4,35,121,174,1576185199214227361548
4,35,121,175,3821054946509215693090
4,35,121,176,7554001758215748521142
4,35,121,177,12384090052683927724484
4,35,121,178,17088439463270698863544
4,35,121,179,20106556566308261302760
4,35,121,180,20400584770607179728092
4,35,121,181,18020467087988689517132
4,35,121,182,13969537514563322674228
4,35,121,183,9566133166496381658826
4,35,121,184,5816900013764732324590
4,35,121,185,3153320554918065658552
4,35,121,186,1528203350880669782124
4,35,121,187,663239246658805791228
4,35,121,188,257942282575926402882
4,35,121,189,89865159484163972190
4,35,121,190,28010004674140238482
4,35,121,191,7793485041415987114
4,35,121,192,1929929019725441742
4,35,121,193,423810662383876344
4,35,121,194,82214098405717880
4,35,121,195,14039371573253094
4,35,121,196,2105743961708016
4,35,121,197,277406734993528
4,35,121,198,32183082500386
4,35,121,199,3302426060858
4,35,121,200,300903462084
4,35,121,201,24352402266
4,35,121,202,1740303730
4,35,121,203,108722286
4,35,121,204,5789984
4,35,121,205,247028
4,35,121,206,8506
4,35,121,207,200
4,35,121,208,0
4,35,121,209,0
4,35,121,210,0
4,35,121,211,0
4,35,121,212,0
4,35,121,213,0
4,35,121,214,0
4,35,121,215,0
4,35,121,216,0
4,35,121,217,0
4,35,121,218,0
4,35,121,219,0
4,35,121,220,0
4,35,121,221,0
4,35,121,222,0
4,35,121,223,0
4,35,121,224,0
4,35,121,225,0
4,35,121,226,0
4,35,121,227,0
4,35,121,228,0
4,35,121,229,0
4,35,121,230,0
4,35,121,231,0
4,35,121,232,0
4,35,121,233,0
4,35,121,234,0
4,35,121,235,0
4,35,121,236,0
4,35,121,237,0
4,35,121,238,0
4,35,121,239,0
4,35,121,240,0
4,35,121,241,0
4,35,122,0,0
4,35,122,1,0
4,35,122,2,0
4,35,122,3,0
4,35,122,4,0
4,35,122,5,0
4,35,122,6,0
4,35,122,7,0
4,35,122,8,0
4,35,122,9,0
4,35,122,10,0
4,35,122,11,0
4,35,122,12,0
4,35,122,13,0
4,35,122,14,0
4,35,122,15,0
4,35,122,16,0
4,35,122,17,0
4,35,122,18,0
4,35,122,19,0
4,35,122,20,0
4,35,122,21,0
4,35,122,22,0
4,35,122,23,0
4,35,122,24,0
4,35,122,25,0
4,35,122,26,0
4,35,122,27,0
4,35,122,28,0
4,35,122,29,0
4,35,122,30,0
4,35,122,31,0
4,35,122,32,0
4,35,122,33,0
4,35,122,34,0
4,35,122,35,0
4,35,122,36,0
4,35,122,37,0
4,35,122,38,0
4,35,122,39,0
4,35,122,40,0
4,35,122,41,0
4,35,122,42,0
4,35,122,43,0
4,35,122,44,0
4,35,122,45,0
4,35,122,46,0
4,35,122,47,0
4,35,122,48,0
4,35,122,49,0
4,35,122,50,0
4,35,122,51,0
4,35,122,52,0
4,35,122,53,0
4,35,122,54,0
4,35,122,55,0
4,35,122,56,0
4,35,122,57,0
4,35,122,58,0
4,35,122,59,0
4,35,122,60,0
4,35,122,61,0
4,35,122,62,0
4,35,122,63,0
4,35,122,64,0
4,35,122,65,0
4,35,122,66,0
4,35,122,67,0
4,35,122,68,0
4,35,122,69,0
4,35,122,70,0
4,35,122,71,0
4,35,122,72,0
4,35,122,73,0
4,35,122,74,0
4,35,122,75,0
4,35,122,76,0
4,35,122,77,0
4,35,122,78,0
4,35,122,79,0
4,35,122,80,0
4,35,122,81,0
4,35,122,82,0
4,35,122,83,0
4,35,122,84,0
4,35,122,85,0
4,35,122,86,0
4,35,122,87,0
4,35,122,88,0
4,35,122,89,0
4,35,122,90,0
4,35,122,91,0
4,35,122,92,0
4,35,122,93,0
4,35,122,94,0
4,35,122,95,0
4,35,122,96,0
4,35,122,97,0
4,35,122,98,0
4,35,122,99,0
4,35,122,100,0
4,35,122,101,0
4,35,122,102,0
4,35,122,103,0
4,35,122,104,0
4,35,122,105,0
4,35,122,106,0
4,35,122,107,0
4,35,122,108,0
4,35,122,109,0
4,35,122,110,0
4,35,122,111,0
4,35,122,112,0
4,35,122,113,0
4,35,122,114,0
4,35,122,115,0
4,35,122,116,0
4,35,122,117,0
4,35,122,118,0
4,35,122,119,0
4,35,122,120,0
4,35,122,121,0
4,35,122,122,0
4,35,122,123,0
4,35,122,124,0
4,35,122,125,0
4,35,122,126,0
4,35,122,127,0
4,35,122,128,0
4,35,122,129,0
4,35,122,130,0
4,35,122,131,0
4,35,122,132,0
4,35,122,133,0
4,35,122,134,0
4,35,122,135,0
4,35,122,136,0
4,35,122,137,0
4,35,122,138,0
4,35,122,139,0
4,35,122,140,0
4,35,122,141,0
4,35,122,142,0
4,35,122,143,0
4,35,122,144,0
4,35,122,145,0
4,35,122,146,0
4,35,122,147,0
4,35,122,148,0
4,35,122,149,0
4,35,122,150,0
4,35,122,151,0
4,35,122,152,0
4,35,122,153,0
4,35,122,154,0
4,35,122,155,0
4,35,122,156,0
4,35,122,157,0
4,35,122,158,0
4,35,122,159,0
4,35,122,160,0
4,35,122,161,0
4,35,122,162,0
4,35,122,163,0
4,35,122,164,0
4,35,122,165,0
4,35,122,166,0
4,35,122,167,0
4,35,122,168,0
4,35,122,169,727126954496
4,35,122,170,51669979401510
4,35,122,171,1589324224289994
4,35,122,172,28194383907589484
4,35,122,173,324471967511889902
4,35,122,174,2586068921499699682
4,35,122,175,14901803652466484962
4,35,122,176,64110175723537983640
4,35,122,177,211449820587439276904
4,35,122,178,547286345839281631587
4,35,122,179,1135373492412667995827
4,35,122,180,1924394854624849330002
4,35,122,181,2710645471220976655082
4,35,122,182,3220504253377783105259
4,35,122,183,3268801634199273869713
4,35,122,184,2865201692023100441318
4,35,122,185,2188356477660689199540
4,35,122,186,1467012992945634478654
4,35,122,187,868114163460029496292
4,35,122,188,455396152492901649807
4,35,122,189,212386857950017109700
4,35,122,190,88205848626549157135
4,35,122,191,32634852230571094951
4,35,122,192,10748880183417105877
4,35,122,193,3145918561427733666
4,35,122,194,815827206745575265
4,35,122,195,186770227055011435
4,35,122,196,37586737429901252
4,35,122,197,6621502087743401
4,35,122,198,1017826422312911
4,35,122,199,136370064111521
4,35,122,200,15955318511569
4,35,122,201,1637092725914
4,35,122,202,147963560936
4,35,122,203,11793714304
4,35,122,204,823606801
4,35,122,205,49848277
4,35,122,206,2558293
4,35,122,207,103977
4,35,122,208,3090
4,35,122,209,70
4,35,122,210,0
4,35,122,211,0
4,35,122,212,0
4,35,122,213,0
4,35,122,214,0
4,35,122,215,0
4,35,122,216,0
4,35,122,217,0
4,35,122,218,0
4,35,122,219,0
4,35,122,220,0
4,35,122,221,0
4,35,122,222,0
4,35,122,223,0
4,35,122,224,0
4,35,122,225,0
4,35,122,226,0
4,35,122,227,0
4,35,122,228,0
4,35,122,229,0
4,35,122,230,0
4,35,122,231,0
4,35,122,232,0
4,35,122,233,0
4,35,122,234,0
4,35,122,235,0
4,35,122,236,0
4,35,122,237,0
4,35,122,238,0
4,35,122,239,0
4,35,122,240,0
4,35,122,241,0
4,35,123,0,0
4,35,123,1,0
4,35,123,2,0
4,35,123,3,0
4,35,123,4,0
4,35,123,5,0
4,35,123,6,0
4,35,123,7,0
4,35,123,8,0
4,35,123,9,0
4,35,123,10,0
4,35,123,11,0
4,35,123,12,0
4,35,123,13,0
4,35,123,14,0
4,35,123,15,0
4,35,123,16,0
4,35,123,17,0
4,35,123,18,0
4,35,123,19,0
4,35,123,20,0
4,35,123,21,0
4,35,123,22,0
4,35,123,23,0
4,35,123,24,0
4,35,123,25,0
4,35,123,26,0
4,35,123,27,0
4,35,123,28,0
4,35,123,29,0
4,35,123,30,0
4,35,123,31,0
4,35,123,32,0
4,35,123,33,0
4,35,123,34,0
4,35,123,35,0
4,35,123,36,0
4,35,123,37,0
4,35,123,38,0
4,35,123,39,0
4,35,123,40,0
4,35,123,41,0
4,35,123,42,0
4,35,123,43,0
4,35,123,44,0
4,35,123,45,0
4,35,123,46,0
4,35,123,47,0
4,35,123,48,0
4,35,123,49,0
4,35,123,50,0
4,35,123,51,0
4,35,123,52,0
4,35,123,53,0
4,35,123,54,0
4,35,123,55,0
4,35,123,56,0
4,35,123,57,0
4,35,123,58,0
4,35,123,59,0
4,35,123,60,0
4,35,123,61,0
4,35,123,62,0
4,35,123,63,0
4,35,123,64,0
4,35,123,65,0
4,35,123,66,0
4,35,123,67,0
4,35,123,68,0
4,35,123,69,0
4,35,123,70,0
4,35,123,71,0
4,35,123,72,0
4,35,123,73,0
4,35,123,74,0
4,35,123,75,0
4,35,123,76,0
4,35,123,77,0
4,35,123,78,0
4,35,123,79,0
4,35,123,80,0
4,35,123,81,0
4,35,123,82,0
4,35,123,83,0
4,35,123,84,0
4,35,123,85,0
4,35,123,86,0
4,35,123,87,0
4,35,123,88,0
4,35,123,89,0
4,35,123,90,0
4,35,123,91,0
4,35,123,92,0
4,35,123,93,0
4,35,123,94,0
4,35,123,95,0
4,35,123,96,0
4,35,123,97,0
4,35,123,98,0
4,35,123,99,0
4,35,123,100,0
4,35,123,101,0
4,35,123,102,0
4,35,123,103,0
4,35,123,104,0
4,35,123,105,0
4,35,123,106,0
4,35,123,107,0
4,35,123,108,0
4,35,123,109,0
4,35,123,110,0
4,35,123,111,0
4,35,123,112,0
4,35,123,113,0
4,35,123,114,0
4,35,123,115,0
4,35,123,116,0
4,35,123,117,0
4,35,123,118,0
4,35,123,119,0
4,35,123,120,0
4,35,123,121,0
4,35,123,122,0
4,35,123,123,0
4,35,123,124,0
4,35,123,125,0
4,35,123,126,0
4,35,123,127,0
4,35,123,128,0
4,35,123,129,0
4,35,123,130,0
4,35,123,131,0
4,35,123,132,0
4,35,123,133,0
4,35,123,134,0
4,35,123,135,0
4,35,123,136,0
4,35,123,137,0
4,35,123,138,0
4,35,123,139,0
4,35,123,140,0
4,35,123,141,0
4,35,123,142,0
4,35,123,143,0
4,35,123,144,0
4,35,123,145,0
4,35,123,146,0
4,35,123,147,0
4,35,123,148,0
4,35,123,149,0
4,35,123,150,0
4,35,123,151,0
4,35,123,152,0
4,35,123,153,0
4,35,123,154,0
4,35,123,155,0
4,35,123,156,0
4,35,123,157,0
4,35,123,158,0
4,35,123,159,0
4,35,123,160,0
4,35,123,161,0
4,35,123,162,0
4,35,123,163,0
4,35,123,164,0
4,35,123,165,0
4,35,123,166,0
4,35,123,167,0
4,35,123,168,0
4,35,123,169,0
4,35,123,170,0
4,35,123,171,0
4,35,123,172,0
4,35,123,173,838944980514
4,35,123,174,51540038501256
4,35,123,175,1367171234853364
4,35,123,176,20857165574151964
4,35,123,177,205816558455700412
4,35,123,178,1402654040009941008
4,35,123,179,6895452710192913434
4,35,123,180,25270873171181314756
4,35,123,181,70969966648202646096
4,35,123,182,156502205263571042190
4,35,123,183,277021554000331760294
4,35,123,184,401395658890943735148
4,35,123,185,484318508074183359544
4,35,123,186,493800272605390016912
4,35,123,187,430710862645677731402
4,35,123,188,324672531128611282746
4,35,123,189,213239697595379781524
4,35,123,190,122795984507839531722
4,35,123,191,62284731248494951898
4,35,123,192,27910058736051865908
4,35,123,193,11065695323335741490
4,35,123,194,3882243316676892286
4,35,123,195,1203755517509520572
4,35,123,196,329049291161738148
4,35,123,197,79008326971688768
4,35,123,198,16588953567912874
4,35,123,199,3031072374763100
4,35,123,200,479905575033244
4,35,123,201,65688248019982
4,35,123,202,7779694155430
4,35,123,203,800290988758
4,35,123,204,71846891432
4,35,123,205,5644066392
4,35,123,206,385397700
4,35,123,207,22494110
4,35,123,208,1113686
4,35,123,209,42790
4,35,123,210,1126
4,35,123,211,20
4,35,123,212,0
4,35,123,213,0
4,35,123,214,0
4,35,123,215,0
4,35,123,216,0
4,35,123,217,0
4,35,123,218,0
4,35,123,219,0
4,35,123,220,0
4,35,123,221,0
4,35,123,222,0
4,35,123,223,0
4,35,123,224,0
4,35,123,225,0
4,35,123,226,0
4,35,123,227,0
4,35,123,228,0
4,35,123,229,0
4,35,123,230,0
4,35,123,231,0
4,35,123,232,0
4,35,123,233,0
4,35,123,234,0
4,35,123,235,0
4,35,123,236,0
4,35,123,237,0
4,35,123,238,0
4,35,123,239,0
4,35,123,240,0
4,35,123,241,0
4,35,124,0,0
4,35,124,1,0
4,35,124,2,0
4,35,124,3,0
4,35,124,4,0
4,35,124,5,0
4,35,124,6,0
4,35,124,7,0
4,35,124,8,0
4,35,124,9,0
4,35,124,10,0
4,35,124,11,0
4,35,124,12,0
4,35,124,13,0
4,35,124,14,0
4,35,124,15,0
4,35,124,16,0
4,35,124,17,0
4,35,124,18,0
4,35,124,19,0
4,35,124,20,0
4,35,124,21,0
4,35,124,22,0
4,35,124,23,0
4,35,124,24,0
4,35,124,25,0
4,35,124,26,0
4,35,124,27,0
4,35,124,28,0
4,35,124,29,0
4,35,124,30,0
4,35,124,31,0
4,35,124,32,0
4,35,124,33,0
4,35,124,34,0
4,35,124,35,0
4,35,124,36,0
4,35,124,37,0
4,35,124,38,0
4,35,124,39,0
4,35,124,40,0
4,35,124,41,0
4,35,124,42,0
4,35,124,43,0
4,35,124,44,0
4,35,124,45,0
4,35,124,46,0
4,35,124,47,0
4,35,124,48,0
4,35,124,49,0
4,35,124,50,0
4,35,124,51,0
4,35,124,52,0
4,35,124,53,0
4,35,124,54,0
4,35,124,55,0
4,35,124,56,0
4,35,124,57,0
4,35,124,58,0
4,35,124,59,0
4,35,124,60,0
4,35,124,61,0
4,35,124,62,0
4,35,124,63,0
4,35,124,64,0
4,35,124,65,0
4,35,124,66,0
4,35,124,67,0
4,35,124,68,0
4,35,124,69,0
4,35,124,70,0
4,35,124,71,0
4,35,124,72,0
4,35,124,73,0
4,35,124,74,0
4,35,124,75,0
4,35,124,76,0
4,35,124,77,0
4,35,124,78,0
4,35,124,79,0
4,35,124,80,0
4,35,124,81,0
4,35,124,82,0
4,35,124,83,0
4,35,124,84,0
4,35,124,85,0
4,35,124,86,0
4,35,124,87,0
4,35,124,88,0
4,35,124,89,0
4,35,124,90,0
4,35,124,91,0
4,35,124,92,0
4,35,124,93,0
4,35,124,94,0
4,35,124,95,0
4,35,124,96,0
4,35,124,97,0
4,35,124,98,0
4,35,124,99,0
4,35,124,100,0
4,35,124,101,0
4,35,124,102,0
4,35,124,103,0
4,35,124,104,0
4,35,124,105,0
4,35,124,106,0
4,35,124,107,0
4,35,124,108,0
4,35,124,109,0
4,35,124,110,0
4,35,124,111,0
4,35,124,112,0
4,35,124,113,0
4,35,124,114,0
4,35,124,115,0
4,35,124,116,0
4,35,124,117,0
4,35,124,118,0
4,35,124,119,0
4,35,124,120,0
4,35,124,121,0
4,35,124,122,0
4,35,124,123,0
4,35,124,124,0
4,35,124,125,0
4,35,124,126,0
4,35,124,127,0
4,35,124,128,0
4,35,124,129,0
4,35,124,130,0
4,35,124,131,0
4,35,124,132,0
4,35,124,133,0
4,35,124,134,0
4,35,124,135,0
4,35,124,136,0
4,35,124,137,0
4,35,124,138,0
4,35,124,139,0
4,35,124,140,0
4,35,124,141,0
4,35,124,142,0
4,35,124,143,0
4,35,124,144,0
4,35,124,145,0
4,35,124,146,0
4,35,124,147,0
4,35,124,148,0
4,35,124,149,0
4,35,124,150,0
4,35,124,151,0
4,35,124,152,0
4,35,124,153,0
4,35,124,154,0
4,35,124,155,0
4,35,124,156,0
4,35,124,157,0
4,35,124,158,0
4,35,124,159,0
4,35,124,160,0
4,35,124,161,0
4,35,124,162,0
4,35,124,163,0
4,35,124,164,0
4,35,124,165,0
4,35,124,166,0
4,35,124,167,0
4,35,124,168,0
4,35,124,169,0
4,35,124,170,0
4,35,124,171,0
4,35,124,172,0
4,35,124,173,0
4,35,124,174,0
4,35,124,175,0
4,35,124,176,0
4,35,124,177,818017823808
4,35,124,178,43367138815970
4,35,124,179,989641903176102
4,35,124,180,12944536581384310
4,35,124,181,109146757528026620
4,35,124,182,633613392464453044
4,35,124,183,2646684778577463906
4,35,124,184,8229527086356898780
4,35,124,185,19602196424610352593
4,35,124,186,36691315698656133778
4,35,124,187,55211797207231885768
4,35,124,188,68132543615337700262
4,35,124,189,70131828727416068582
4,35,124,190,61079085722817657859
4,35,124,191,45534576902929436690
4,35,124,192,29327291970705318747
4,35,124,193,16433556320317811273
4,35,124,194,8051603533044039984
4,35,124,195,3459968512548891886
4,35,124,196,1305835173213867404
4,35,124,197,432712095037598499
4,35,124,198,125657638192794699
4,35,124,199,31871846562042817
4,35,124,200,7028465333616991
4,35,124,201,1340328482912545
4,35,124,202,219869145969210
4,35,124,203,30909816389653
4,35,124,204,3722178202546
4,35,124,205,385191027310
4,35,124,206,34417525088
4,35,124,207,2664699099
4,35,124,208,178205412
4,35,124,209,10039669
4,35,124,210,467856
4,35,124,211,17855
4,35,124,212,380
4,35,124,213,5
4,35,124,214,0
4,35,124,215,0
4,35,124,216,0
4,35,124,217,0
4,35,124,218,0
4,35,124,219,0
4,35,124,220,0
4,35,124,221,0
4,35,124,222,0
4,35,124,223,0
4,35,124,224,0
4,35,124,225,0
4,35,124,226,0
4,35,124,227,0
4,35,124,228,0
4,35,124,229,0
4,35,124,230,0
4,35,124,231,0
4,35,124,232,0
4,35,124,233,0
4,35,124,234,0
4,35,124,235,0
4,35,124,236,0
4,35,124,237,0
4,35,124,238,0
4,35,124,239,0
4,35,124,240,0
4,35,124,241,0
4,35,125,0,0
4,35,125,1,0
4,35,125,2,0
4,35,125,3,0
4,35,125,4,0
4,35,125,5,0
4,35,125,6,0
4,35,125,7,0
4,35,125,8,0
4,35,125,9,0
4,35,125,10,0
4,35,125,11,0
4,35,125,12,0
4,35,125,13,0
4,35,125,14,0
4,35,125,15,0
4,35,125,16,0
4,35,125,17,0
4,35,125,18,0
4,35,125,19,0
4,35,125,20,0
4,35,125,21,0
4,35,125,22,0
4,35,125,23,0
4,35,125,24,0
4,35,125,25,0
4,35,125,26,0
4,35,125,27,0
4,35,125,28,0
4,35,125,29,0
4,35,125,30,0
4,35,125,31,0
4,35,125,32,0
4,35,125,33,0
4,35,125,34,0
4,35,125,35,0
4,35,125,36,0
4,35,125,37,0
4,35,125,38,0
4,35,125,39,0
4,35,125,40,0
4,35,125,41,0
4,35,125,42,0
4,35,125,43,0
4,35,125,44,0
4,35,125,45,0
4,35,125,46,0
4,35,125,47,0
4,35,125,48,0
4,35,125,49,0
4,35,125,50,0
4,35,125,51,0
4,35,125,52,0
4,35,125,53,0
4,35,125,54,0
4,35,125,55,0
4,35,125,56,0
4,35,125,57,0
4,35,125,58,0
4,35,125,59,0
4,35,125,60,0
4,35,125,61,0
4,35,125,62,0
4,35,125,63,0
4,35,125,64,0
4,35,125,65,0
4,35,125,66,0
4,35,125,67,0
4,35,125,68,0
4,35,125,69,0
4,35,125,70,0
4,35,125,71,0
4,35,125,72,0
4,35,125,73,0
4,35,125,74,0
4,35,125,75,0
4,35,125,76,0
4,35,125,77,0
4,35,125,78,0
4,35,125,79,0
4,35,125,80,0
4,35,125,81,0
4,35,125,82,0
4,35,125,83,0
4,35,125,84,0
4,35,125,85,0
4,35,125,86,0
4,35,125,87,0
4,35,125,88,0
4,35,125,89,0
4,35,125,90,0
4,35,125,91,0
4,35,125,92,0
4,35,125,93,0
4,35,125,94,0
4,35,125,95,0
4,35,125,96,0
4,35,125,97,0
4,35,125,98,0
4,35,125,99,0
4,35,125,100,0
4,35,125,101,0
4,35,125,102,0
4,35,125,103,0
4,35,125,104,0
4,35,125,105,0
4,35,125,106,0
4,35,125,107,0
4,35,125,108,0
4,35,125,109,0
4,35,125,110,0
4,35,125,111,0
4,35,125,112,0
4,35,125,113,0
4,35,125,114,0
4,35,125,115,0
4,35,125,116,0
4,35,125,117,0
4,35,125,118,0
4,35,125,119,0
4,35,125,120,0
4,35,125,121,0
4,35,125,122,0
4,35,125,123,0
4,35,125,124,0
4,35,125,125,0
4,35,125,126,0
4,35,125,127,0
4,35,125,128,0
4,35,125,129,0
4,35,125,130,0
4,35,125,131,0
4,35,125,132,0
4,35,125,133,0
4,35,125,134,0
4,35,125,135,0
4,35,125,136,0
4,35,125,137,0
4,35,125,138,0
4,35,125,139,0
4,35,125,140,0
4,35,125,141,0
4,35,125,142,0
4,35,125,143,0
4,35,125,144,0
4,35,125,145,0
4,35,125,146,0
4,35,125,147,0
4,35,125,148,0
4,35,125,149,0
4,35,125,150,0
4,35,125,151,0
4,35,125,152,0
4,35,125,153,0
4,35,125,154,0
4,35,125,155,0
4,35,125,156,0
4,35,125,157,0
4,35,125,158,0
4,35,125,159,0
4,35,125,160,0
4,35,125,161,0
4,35,125,162,0
4,35,125,163,0
4,35,125,164,0
4,35,125,165,0
4,35,125,166,0
4,35,125,167,0
4,35,125,168,0
4,35,125,169,0
4,35,125,170,0
4,35,125,171,0
4,35,125,172,0
4,35,125,173,0
4,35,125,174,0
4,35,125,175,0
4,35,125,176,0
4,35,125,177,0
4,35,125,178,0
4,35,125,179,0
4,35,125,180,0
4,35,125,181,674152795558
4,35,125,182,30767345858520
4,35,125,183,602173973447710
4,35,125,184,6728661348627792
4,35,125,185,48278367654219674
4,35,125,186,237651091688201260
4,35,125,187,839494787221068964
4,35,125,188,2204073089771805860
4,35,125,189,4431921856879675470
4,35,125,190,7009045880226797168
4,35,125,191,8924072149966120054
4,35,125,192,9331901993277839890
4,35,125,193,8148936405044988016
4,35,125,194,6023133103331300150
4,35,125,195,3808393721206760158
4,35,125,196,2076356057710009720
4,35,125,197,981472156398457142
4,35,125,198,403522304889758100
4,35,125,199,144463581621295576
4,35,125,200,44996473592481820
4,35,125,201,12160321646025088
4,35,125,202,2838839210053196
4,35,125,203,569211563707228
4,35,125,204,97414979426194
4,35,125,205,14155000165228
4,35,125,206,1742589479298
4,35,125,207,182166733286
4,35,125,208,16246541460
4,35,125,209,1240537228
4,35,125,210,81096348
4,35,125,211,4442392
4,35,125,212,193272
4,35,125,213,6796
4,35,125,214,160
4,35,125,215,0
4,35,125,216,0
4,35,125,217,0
4,35,125,218,0
4,35,125,219,0
4,35,125,220,0
4,35,125,221,0
4,35,125,222,0
4,35,125,223,0
4,35,125,224,0
4,35,125,225,0
4,35,125,226,0
4,35,125,227,0
4,35,125,228,0
4,35,125,229,0
4,35,125,230,0
4,35,125,231,0
4,35,125,232,0
4,35,125,233,0
4,35,125,234,0
4,35,125,235,0
4,35,125,236,0
4,35,125,237,0
4,35,125,238,0
4,35,125,239,0
4,35,125,240,0
4,35,125,241,0
4,35,126,0,0
4,35,126,1,0
4,35,126,2,0
4,35,126,3,0
4,35,126,4,0
4,35,126,5,0
4,35,126,6,0
4,35,126,7,0
4,35,126,8,0
4,35,126,9,0
4,35,126,10,0
4,35,126,11,0
4,35,126,12,0
4,35,126,13,0
4,35,126,14,0
4,35,126,15,0
4,35,126,16,0
4,35,126,17,0
4,35,126,18,0
4,35,126,19,0
4,35,126,20,0
4,35,126,21,0
4,35,126,22,0
4,35,126,23,0
4,35,126,24,0
4,35,126,25,0
4,35,126,26,0
4,35,126,27,0
4,35,126,28,0
4,35,126,29,0
4,35,126,30,0
4,35,126,31,0
4,35,126,32,0
4,35,126,33,0
4,35,126,34,0
4,35,126,35,0
4,35,126,36,0
4,35,126,37,0
4,35,126,38,0
4,35,126,39,0
4,35,126,40,0
4,35,126,41,0
4,35,126,42,0
4,35,126,43,0
4,35,126,44,0
4,35,126,45,0
4,35,126,46,0
4,35,126,47,0
4,35,126,48,0
4,35,126,49,0
4,35,126,50,0
4,35,126,51,0
4,35,126,52,0
4,35,126,53,0
4,35,126,54,0
4,35,126,55,0
4,35,126,56,0
4,35,126,57,0
4,35,126,58,0
4,35,126,59,0
4,35,126,60,0
4,35,126,61,0
4,35,126,62,0
4,35,126,63,0
4,35,126,64,0
4,35,126,65,0
4,35,126,66,0
4,35,126,67,0
4,35,126,68,0
4,35,126,69,0
4,35,126,70,0
4,35,126,71,0
4,35,126,72,0
4,35,126,73,0
4,35,126,74,0
4,35,126,75,0
4,35,126,76,0
4,35,126,77,0
4,35,126,78,0
4,35,126,79,0
4,35,126,80,0
4,35,126,81,0
4,35,126,82,0
4,35,126,83,0
4,35,126,84,0
4,35,126,85,0
4,35,126,86,0
4,35,126,87,0
4,35,126,88,0
4,35,126,89,0
4,35,126,90,0
4,35,126,91,0
4,35,126,92,0
4,35,126,93,0
4,35,126,94,0
4,35,126,95,0
4,35,126,96,0
4,35,126,97,0
4,35,126,98,0
4,35,126,99,0
4,35,126,100,0
4,35,126,101,0
4,35,126,102,0
4,35,126,103,0
4,35,126,104,0
4,35,126,105,0
4,35,126,106,0
4,35,126,107,0
4,35,126,108,0
4,35,126,109,0
4,35,126,110,0
4,35,126,111,0
4,35,126,112,0
4,35,126,113,0
4,35,126,114,0
4,35,126,115,0
4,35,126,116,0
4,35,126,117,0
4,35,126,118,0
4,35,126,119,0
4,35,126,120,0
4,35,126,121,0
4,35,126,122,0
4,35,126,123,0
4,35,126,124,0
4,35,126,125,0
4,35,126,126,0
4,35,126,127,0
4,35,126,128,0
4,35,126,129,0
4,35,126,130,0
4,35,126,131,0
4,35,126,132,0
4,35,126,133,0
4,35,126,134,0
4,35,126,135,0
4,35,126,136,0
4,35,126,137,0
4,35,126,138,0
4,35,126,139,0
4,35,126,140,0
4,35,126,141,0
4,35,126,142,0
4,35,126,143,0
4,35,126,144,0
4,35,126,145,0
4,35,126,146,0
4,35,126,147,0
4,35,126,148,0
4,35,126,149,0
4,35,126,150,0
4,35,126,151,0
4,35,126,152,0
4,35,126,153,0
4,35,126,154,0
4,35,126,155,0
4,35,126,156,0
4,35,126,157,0
4,35,126,158,0
4,35,126,159,0
4,35,126,160,0
4,35,126,161,0
4,35,126,162,0
4,35,126,163,0
4,35,126,164,0
4,35,126,165,0
4,35,126,166,0
4,35,126,167,0
4,35,126,168,0
4,35,126,169,0
4,35,126,170,0
4,35,126,171,0
4,35,126,172,0
4,35,126,173,0
4,35,126,174,0
4,35,126,175,0
4,35,126,176,0
4,35,126,177,0
4,35,126,178,0
4,35,126,179,0
4,35,126,180,0
4,35,126,181,0
4,35,126,182,0
4,35,126,183,0
4,35,126,184,0
4,35,126,185,469398016480
4,35,126,186,18385853432670
4,35,126,187,307478485576178
4,35,126,188,2922265748012576
4,35,126,189,17753566040771242
4,35,126,190,73703153234474340
4,35,126,191,218919064874285564
4,35,126,192,482516313771066846
4,35,126,193,814346367989465930
4,35,126,194,1081810023340526086
4,35,126,195,1158302218589614163
4,35,126,196,1019468561780177337
4,35,126,197,749399317951054279
4,35,126,198,465814477715260757
4,35,126,199,247070065175566543
4,35,126,200,112505972662983997
4,35,126,201,44129273299285483
4,35,126,202,14921680126613047
4,35,126,203,4342606104476438
4,35,126,204,1083560630832182
4,35,126,205,230468750273397
4,35,126,206,41491521226905
4,35,126,207,6279141738991
4,35,126,208,795463182503
4,35,126,209,84441524067
4,35,126,210,7544907461
4,35,126,211,568986515
4,35,126,212,36312639
4,35,126,213,1929626
4,35,126,214,79910
4,35,126,215,2432
4,35,126,216,56
4,35,126,217,0
4,35,126,218,0
4,35,126,219,0
4,35,126,220,0
4,35,126,221,0
4,35,126,222,0
4,35,126,223,0
4,35,126,224,0
4,35,126,225,0
4,35,126,226,0
4,35,126,227,0
4,35,126,228,0
4,35,126,229,0
4,35,126,230,0
4,35,126,231,0
4,35,126,232,0
4,35,126,233,0
4,35,126,234,0
4,35,126,235,0
4,35,126,236,0
4,35,126,237,0
4,35,126,238,0
4,35,126,239,0
4,35,126,240,0
4,35,126,241,0
4,35,127,0,0
4,35,127,1,0
4,35,127,2,0
4,35,127,3,0
4,35,127,4,0
4,35,127,5,0
4,35,127,6,0
4,35,127,7,0
4,35,127,8,0
4,35,127,9,0
4,35,127,10,0
4,35,127,11,0
4,35,127,12,0
4,35,127,13,0
4,35,127,14,0
4,35,127,15,0
4,35,127,16,0
4,35,127,17,0
4,35,127,18,0
4,35,127,19,0
4,35,127,20,0
4,35,127,21,0
4,35,127,22,0
4,35,127,23,0
4,35,127,24,0
4,35,127,25,0
4,35,127,26,0
4,35,127,27,0
4,35,127,28,0
4,35,127,29,0
4,35,127,30,0
4,35,127,31,0
4,35,127,32,0
4,35,127,33,0
4,35,127,34,0
4,35,127,35,0
4,35,127,36,0
4,35,127,37,0
4,35,127,38,0
4,35,127,39,0
4,35,127,40,0
4,35,127,41,0
4,35,127,42,0
4,35,127,43,0
4,35,127,44,0
4,35,127,45,0
4,35,127,46,0
4,35,127,47,0
4,35,127,48,0
4,35,127,49,0
4,35,127,50,0
4,35,127,51,0
4,35,127,52,0
4,35,127,53,0
4,35,127,54,0
4,35,127,55,0
4,35,127,56,0
4,35,127,57,0
4,35,127,58,0
4,35,127,59,0
4,35,127,60,0
4,35,127,61,0
4,35,127,62,0
4,35,127,63,0
4,35,127,64,0
4,35,127,65,0
4,35,127,66,0
4,35,127,67,0
4,35,127,68,0
4,35,127,69,0
4,35,127,70,0
4,35,127,71,0
4,35,127,72,0
4,35,127,73,0
4,35,127,74,0
4,35,127,75,0
4,35,127,76,0
4,35,127,77,0
4,35,127,78,0
4,35,127,79,0
4,35,127,80,0
4,35,127,81,0
4,35,127,82,0
4,35,127,83,0
4,35,127,84,0
4,35,127,85,0
4,35,127,86,0
4,35,127,87,0
4,35,127,88,0
4,35,127,89,0
4,35,127,90,0
4,35,127,91,0
4,35,127,92,0
4,35,127,93,0
4,35,127,94,0
4,35,127,95,0
4,35,127,96,0
4,35,127,97,0
4,35,127,98,0
4,35,127,99,0
4,35,127,100,0
4,35,127,101,0
4,35,127,102,0
4,35,127,103,0
4,35,127,104,0
4,35,127,105,0
4,35,127,106,0
4,35,127,107,0
4,35,127,108,0
4,35,127,109,0
4,35,127,110,0
4,35,127,111,0
4,35,127,112,0
4,35,127,113,0
4,35,127,114,0
4,35,127,115,0
4,35,127,116,0
4,35,127,117,0
4,35,127,118,0
4,35,127,119,0
4,35,127,120,0
4,35,127,121,0
4,35,127,122,0
4,35,127,123,0
4,35,127,124,0
4,35,127,125,0
4,35,127,126,0
4,35,127,127,0
4,35,127,128,0
4,35,127,129,0
4,35,127,130,0
4,35,127,131,0
4,35,127,132,0
4,35,127,133,0
4,35,127,134,0
4,35,127,135,0
4,35,127,136,0
4,35,127,137,0
4,35,127,138,0
4,35,127,139,0
4,35,127,140,0
4,35,127,141,0
4,35,127,142,0
4,35,127,143,0
4,35,127,144,0
4,35,127,145,0
4,35,127,146,0
4,35,127,147,0
4,35,127,148,0
4,35,127,149,0
4,35,127,150,0
4,35,127,151,0
4,35,127,152,0
4,35,127,153,0
4,35,127,154,0
4,35,127,155,0
4,35,127,156,0
4,35,127,157,0
4,35,127,158,0
4,35,127,159,0
4,35,127,160,0
4,35,127,161,0
4,35,127,162,0
4,35,127,163,0
4,35,127,164,0
4,35,127,165,0
4,35,127,166,0
4,35,127,167,0
4,35,127,168,0
4,35,127,169,0
4,35,127,170,0
4,35,127,171,0
4,35,127,172,0
4,35,127,173,0
4,35,127,174,0
4,35,127,175,0
4,35,127,176,0
4,35,127,177,0
4,35,127,178,0
4,35,127,179,0
4,35,127,180,0
4,35,127,181,0
4,35,127,182,0
4,35,127,183,0
4,35,127,184,0
4,35,127,185,0
4,35,127,186,0
4,35,127,187,0
4,35,127,188,0
4,35,127,189,275848947402
4,35,127,190,9238428036600
4,35,127,191,131421322725784
4,35,127,192,1056741205469956
4,35,127,193,5403313316785642
4,35,127,194,18793254349140072
4,35,127,195,46610820329207518
4,35,127,196,85631837946236016
4,35,127,197,120425224115391270
4,35,127,198,133370049412826376
4,35,127,199,119106081362558280
4,35,127,200,87417908026570238
4,35,127,201,53509275370484792
4,35,127,202,27607392984032826
4,35,127,203,12088350394750388
4,35,127,204,4507647386421610
4,35,127,205,1431882370151592
4,35,127,206,386448204586742
4,35,127,207,88139164167988
4,35,127,208,16860276217456
4,35,127,209,2682316381720
4,35,127,210,352528091656
4,35,127,211,38236318584
4,35,127,212,3439889612
4,35,127,213,257128642
4,35,127,214,15939336
4,35,127,215,825130
4,35,127,216,32368
4,35,127,217,868
4,35,127,218,16
4,35,127,219,0
4,35,127,220,0
4,35,127,221,0
4,35,127,222,0
4,35,127,223,0
4,35,127,224,0
4,35,127,225,0
4,35,127,226,0
4,35,127,227,0
4,35,127,228,0
4,35,127,229,0
4,35,127,230,0
4,35,127,231,0
4,35,127,232,0
4,35,127,233,0
4,35,127,234,0
4,35,127,235,0
4,35,127,236,0
4,35,127,237,0
4,35,127,238,0
4,35,127,239,0
4,35,127,240,0
4,35,127,241,0
4,35,128,0,0
4,35,128,1,0
4,35,128,2,0
4,35,128,3,0
4,35,128,4,0
4,35,128,5,0
4,35,128,6,0
4,35,128,7,0
4,35,128,8,0
4,35,128,9,0
4,35,128,10,0
4,35,128,11,0
4,35,128,12,0
4,35,128,13,0
4,35,128,14,0
4,35,128,15,0
4,35,128,16,0
4,35,128,17,0
4,35,128,18,0
4,35,128,19,0
4,35,128,20,0
4,35,128,21,0
4,35,128,22,0
4,35,128,23,0
4,35,128,24,0
4,35,128,25,0
4,35,128,26,0
4,35,128,27,0
4,35,128,28,0
4,35,128,29,0
4,35,128,30,0
4,35,128,31,0
4,35,128,32,0
4,35,128,33,0
4,35,128,34,0
4,35,128,35,0
4,35,128,36,0
4,35,128,37,0
4,35,128,38,0
4,35,128,39,0
4,35,128,40,0
4,35,128,41,0
4,35,128,42,0
4,35,128,43,0
4,35,128,44,0
4,35,128,45,0
4,35,128,46,0
4,35,128,47,0
4,35,128,48,0
4,35,128,49,0
4,35,128,50,0
4,35,128,51,0
4,35,128,52,0
4,35,128,53,0
4,35,128,54,0
4,35,128,55,0
4,35,128,56,0
4,35,128,57,0
4,35,128,58,0
4,35,128,59,0
4,35,128,60,0
4,35,128,61,0
4,35,128,62,0
4,35,128,63,0
4,35,128,64,0
4,35,128,65,0
4,35,128,66,0
4,35,128,67,0
4,35,128,68,0
4,35,128,69,0
4,35,128,70,0
4,35,128,71,0
4,35,128,72,0
4,35,128,73,0
4,35,128,74,0
4,35,128,75,0
4,35,128,76,0
4,35,128,77,0
4,35,128,78,0
4,35,128,79,0
4,35,128,80,0
4,35,128,81,0
4,35,128,82,0
4,35,128,83,0
4,35,128,84,0
4,35,128,85,0
4,35,128,86,0
4,35,128,87,0
4,35,128,88,0
4,35,128,89,0
4,35,128,90,0
4,35,128,91,0
4,35,128,92,0
4,35,128,93,0
4,35,128,94,0
4,35,128,95,0
4,35,128,96,0
4,35,128,97,0
4,35,128,98,0
4,35,128,99,0
4,35,128,100,0
4,35,128,101,0
4,35,128,102,0
4,35,128,103,0
4,35,128,104,0
4,35,128,105,0
4,35,128,106,0
4,35,128,107,0
4,35,128,108,0
4,35,128,109,0
4,35,128,110,0
4,35,128,111,0
4,35,128,112,0
4,35,128,113,0
4,35,128,114,0
4,35,128,115,0
4,35,128,116,0
4,35,128,117,0
4,35,128,118,0
4,35,128,119,0
4,35,128,120,0
4,35,128,121,0
4,35,128,122,0
4,35,128,123,0
4,35,128,124,0
4,35,128,125,0
4,35,128,126,0
4,35,128,127,0
4,35,128,128,0
4,35,128,129,0
4,35,128,130,0
4,35,128,131,0
4,35,128,132,0
4,35,128,133,0
4,35,128,134,0
4,35,128,135,0
4,35,128,136,0
4,35,128,137,0
4,35,128,138,0
4,35,128,139,0
4,35,128,140,0
4,35,128,141,0
4,35,128,142,0
4,35,128,143,0
4,35,128,144,0
4,35,128,145,0
4,35,128,146,0
4,35,128,147,0
4,35,128,148,0
4,35,128,149,0
4,35,128,150,0
4,35,128,151,0
4,35,128,152,0
4,35,128,153,0
4,35,128,154,0
4,35,128,155,0
4,35,128,156,0
4,35,128,157,0
4,35,128,158,0
4,35,128,159,0
4,35,128,160,0
4,35,128,161,0
4,35,128,162,0
4,35,128,163,0
4,35,128,164,0
4,35,128,165,0
4,35,128,166,0
4,35,128,167,0
4,35,128,168,0
4,35,128,169,0
4,35,128,170,0
4,35,128,171,0
4,35,128,172,0
4,35,128,173,0
4,35,128,174,0
4,35,128,175,0
4,35,128,176,0
4,35,128,177,0
4,35,128,178,0
4,35,128,179,0
4,35,128,180,0
4,35,128,181,0
4,35,128,182,0
4,35,128,183,0
4,35,128,184,0
4,35,128,185,0
4,35,128,186,0
4,35,128,187,0
4,35,128,188,0
4,35,128,189,0
4,35,128,190,0
4,35,128,191,0
4,35,128,192,0
4,35,128,193,136585481648
4,35,128,194,3893382174570
4,35,128,195,46853105446462
4,35,128,196,316682565268314
4,35,128,197,1352765769304344
4,35,128,198,3909790390079774
4,35,128,199,8026991249798256
4,35,128,200,12182110855512196
4,35,128,201,14143208126469368
4,35,128,202,12928533138834425
4,35,128,203,9522913381710827
4,35,128,204,5753104072658506
4,35,128,205,2886911415182496
4,35,128,206,1212777367070385
4,35,128,207,428038544981374
4,35,128,208,126869834026279
4,35,128,209,31450298895958
4,35,128,210,6472077514349
4,35,128,211,1094911001770
4,35,128,212,150843906716
4,35,128,213,16850497764
4,35,128,214,1533838805
4,35,128,215,114350530
4,35,128,216,6901506
4,35,128,217,338406
4,35,128,218,13388
4,35,128,219,285
4,35,128,220,4
4,35,128,221,0
4,35,128,222,0
4,35,128,223,0
4,35,128,224,0
4,35,128,225,0
4,35,128,226,0
4,35,128,227,0
4,35,128,228,0
4,35,128,229,0
4,35,128,230,0
4,35,128,231,0
4,35,128,232,0
4,35,128,233,0
4,35,128,234,0
4,35,128,235,0
4,35,128,236,0
4,35,128,237,0
4,35,128,238,0
4,35,128,239,0
4,35,128,240,0
4,35,128,241,0
4,35,129,0,0
4,35,129,1,0
4,35,129,2,0
4,35,129,3,0
4,35,129,4,0
4,35,129,5,0
4,35,129,6,0
4,35,129,7,0
4,35,129,8,0
4,35,129,9,0
4,35,129,10,0
4,35,129,11,0
4,35,129,12,0
4,35,129,13,0
4,35,129,14,0
4,35,129,15,0
4,35,129,16,0
4,35,129,17,0
4,35,129,18,0
4,35,129,19,0
4,35,129,20,0
4,35,129,21,0
4,35,129,22,0
4,35,129,23,0
4,35,129,24,0
4,35,129,25,0
4,35,129,26,0
4,35,129,27,0
4,35,129,28,0
4,35,129,29,0
4,35,129,30,0
4,35,129,31,0
4,35,129,32,0
4,35,129,33,0
4,35,129,34,0
4,35,129,35,0
4,35,129,36,0
4,35,129,37,0
4,35,129,38,0
4,35,129,39,0
4,35,129,40,0
4,35,129,41,0
4,35,129,42,0
4,35,129,43,0
4,35,129,44,0
4,35,129,45,0
4,35,129,46,0
4,35,129,47,0
4,35,129,48,0
4,35,129,49,0
4,35,129,50,0
4,35,129,51,0
4,35,129,52,0
4,35,129,53,0
4,35,129,54,0
4,35,129,55,0
4,35,129,56,0
4,35,129,57,0
4,35,129,58,0
4,35,129,59,0
4,35,129,60,0
4,35,129,61,0
4,35,129,62,0
4,35,129,63,0
4,35,129,64,0
4,35,129,65,0
4,35,129,66,0
4,35,129,67,0
4,35,129,68,0
4,35,129,69,0
4,35,129,70,0
4,35,129,71,0
4,35,129,72,0
4,35,129,73,0
4,35,129,74,0
4,35,129,75,0
4,35,129,76,0
4,35,129,77,0
4,35,129,78,0
4,35,129,79,0
4,35,129,80,0
4,35,129,81,0
4,35,129,82,0
4,35,129,83,0
4,35,129,84,0
4,35,129,85,0
4,35,129,86,0
4,35,129,87,0
4,35,129,88,0
4,35,129,89,0
4,35,129,90,0
4,35,129,91,0
4,35,129,92,0
4,35,129,93,0
4,35,129,94,0
4,35,129,95,0
4,35,129,96,0
4,35,129,97,0
4,35,129,98,0
4,35,129,99,0
4,35,129,100,0
4,35,129,101,0
4,35,129,102,0
4,35,129,103,0
4,35,129,104,0
4,35,129,105,0
4,35,129,106,0
4,35,129,107,0
4,35,129,108,0
4,35,129,109,0
4,35,129,110,0
4,35,129,111,0
4,35,129,112,0
4,35,129,113,0
4,35,129,114,0
4,35,129,115,0
4,35,129,116,0
4,35,129,117,0
4,35,129,118,0
4,35,129,119,0
4,35,129,120,0
4,35,129,121,0
4,35,129,122,0
4,35,129,123,0
4,35,129,124,0
4,35,129,125,0
4,35,129,126,0
4,35,129,127,0
4,35,129,128,0
4,35,129,129,0
4,35,129,130,0
4,35,129,131,0
4,35,129,132,0
4,35,129,133,0
4,35,129,134,0
4,35,129,135,0
4,35,129,136,0
4,35,129,137,0
4,35,129,138,0
4,35,129,139,0
4,35,129,140,0
4,35,129,141,0
4,35,129,142,0
4,35,129,143,0
4,35,129,144,0
4,35,129,145,0
4,35,129,146,0
4,35,129,147,0
4,35,129,148,0
4,35,129,149,0
4,35,129,150,0
4,35,129,151,0
4,35,129,152,0
4,35,129,153,0
4,35,129,154,0
4,35,129,155,0
4,35,129,156,0
4,35,129,157,0
4,35,129,158,0
4,35,129,159,0
4,35,129,160,0
4,35,129,161,0
4,35,129,162,0
4,35,129,163,0
4,35,129,164,0
4,35,129,165,0
4,35,129,166,0
4,35,129,167,0
4,35,129,168,0
4,35,129,169,0
4,35,129,170,0
4,35,129,171,0
4,35,129,172,0
4,35,129,173,0
4,35,129,174,0
4,35,129,175,0
4,35,129,176,0
4,35,129,177,0
4,35,129,178,0
4,35,129,179,0
4,35,129,180,0
4,35,129,181,0
4,35,129,182,0
4,35,129,183,0
4,35,129,184,0
4,35,129,185,0
4,35,129,186,0
4,35,129,187,0
4,35,129,188,0
4,35,129,189,0
4,35,129,190,0
4,35,129,191,0
4,35,129,192,0
4,35,129,193,0
4,35,129,194,0
4,35,129,195,0
4,35,129,196,0
4,35,129,197,56836459246
4,35,129,198,1371220436712
4,35,129,199,13864845049266
4,35,129,200,78143147516680
4,35,129,201,276292944949344
4,35,129,202,656771763438036
4,35,129,203,1103929751039674
4,35,129,204,1368105162656238
4,35,129,205,1295265366334268
4,35,129,206,964082921118822
4,35,129,207,576581524024510
4,35,129,208,281377040317918
4,35,129,209,113088516093296
4,35,129,210,37567413345902
4,35,129,211,10299382618392
4,35,129,212,2315874607642
4,35,129,213,422700292148
4,35,129,214,61855102104
4,35,129,215,7193700794
4,35,129,216,666766668
4,35,129,217,49755682
4,35,129,218,2957392
4,35,129,219,135868
4,35,129,220,5018
4,35,129,221,120
4,35,129,222,0
4,35,129,223,0
4,35,129,224,0
4,35,129,225,0
4,35,129,226,0
4,35,129,227,0
4,35,129,228,0
4,35,129,229,0
4,35,129,230,0
4,35,129,231,0
4,35,129,232,0
4,35,129,233,0
4,35,129,234,0
4,35,129,235,0
4,35,129,236,0
4,35,129,237,0
4,35,129,238,0
4,35,129,239,0
4,35,129,240,0
4,35,129,241,0
4,35,130,0,0
4,35,130,1,0
4,35,130,2,0
4,35,130,3,0
4,35,130,4,0
4,35,130,5,0
4,35,130,6,0
4,35,130,7,0
4,35,130,8,0
4,35,130,9,0
4,35,130,10,0
4,35,130,11,0
4,35,130,12,0
4,35,130,13,0
4,35,130,14,0
4,35,130,15,0
4,35,130,16,0
4,35,130,17,0
4,35,130,18,0
4,35,130,19,0
4,35,130,20,0
4,35,130,21,0
4,35,130,22,0
4,35,130,23,0
4,35,130,24,0
4,35,130,25,0
4,35,130,26,0
4,35,130,27,0
4,35,130,28,0
4,35,130,29,0
4,35,130,30,0
4,35,130,31,0
4,35,130,32,0
4,35,130,33,0
4,35,130,34,0
4,35,130,35,0
4,35,130,36,0
4,35,130,37,0
4,35,130,38,0
4,35,130,39,0
4,35,130,40,0
4,35,130,41,0
4,35,130,42,0
4,35,130,43,0
4,35,130,44,0
4,35,130,45,0
4,35,130,46,0
4,35,130,47,0
4,35,130,48,0
4,35,130,49,0
4,35,130,50,0
4,35,130,51,0
4,35,130,52,0
4,35,130,53,0
4,35,130,54,0
4,35,130,55,0
4,35,130,56,0
4,35,130,57,0
4,35,130,58,0
4,35,130,59,0
4,35,130,60,0
4,35,130,61,0
4,35,130,62,0
4,35,130,63,0
4,35,130,64,0
4,35,130,65,0
4,35,130,66,0
4,35,130,67,0
4,35,130,68,0
4,35,130,69,0
4,35,130,70,0
4,35,130,71,0
4,35,130,72,0
4,35,130,73,0
4,35,130,74,0
4,35,130,75,0
4,35,130,76,0
4,35,130,77,0
4,35,130,78,0
4,35,130,79,0
4,35,130,80,0
4,35,130,81,0
4,35,130,82,0
4,35,130,83,0
4,35,130,84,0
4,35,130,85,0
4,35,130,86,0
4,35,130,87,0
4,35,130,88,0
4,35,130,89,0
4,35,130,90,0
4,35,130,91,0
4,35,130,92,0
4,35,130,93,0
4,35,130,94,0
4,35,130,95,0
4,35,130,96,0
4,35,130,97,0
4,35,130,98,0
4,35,130,99,0
4,35,130,100,0
4,35,130,101,0
4,35,130,102,0
4,35,130,103,0
4,35,130,104,0
4,35,130,105,0
4,35,130,106,0
4,35,130,107,0
4,35,130,108,0
4,35,130,109,0
4,35,130,110,0
4,35,130,111,0
4,35,130,112,0
4,35,130,113,0
4,35,130,114,0
4,35,130,115,0
4,35,130,116,0
4,35,130,117,0
4,35,130,118,0
4,35,130,119,0
4,35,130,120,0
4,35,130,121,0
4,35,130,122,0
4,35,130,123,0
4,35,130,124,0
4,35,130,125,0
4,35,130,126,0
4,35,130,127,0
4,35,130,128,0
4,35,130,129,0
4,35,130,130,0
4,35,130,131,0
4,35,130,132,0
4,35,130,133,0
4,35,130,134,0
4,35,130,135,0
4,35,130,136,0
4,35,130,137,0
4,35,130,138,0
4,35,130,139,0
4,35,130,140,0
4,35,130,141,0
4,35,130,142,0
4,35,130,143,0
4,35,130,144,0
4,35,130,145,0
4,35,130,146,0
4,35,130,147,0
4,35,130,148,0
4,35,130,149,0
4,35,130,150,0
4,35,130,151,0
4,35,130,152,0
4,35,130,153,0
4,35,130,154,0
4,35,130,155,0
4,35,130,156,0
4,35,130,157,0
4,35,130,158,0
4,35,130,159,0
4,35,130,160,0
4,35,130,161,0
4,35,130,162,0
4,35,130,163,0
4,35,130,164,0
4,35,130,165,0
4,35,130,166,0
4,35,130,167,0
4,35,130,168,0
4,35,130,169,0
4,35,130,170,0
4,35,130,171,0
4,35,130,172,0
4,35,130,173,0
4,35,130,174,0
4,35,130,175,0
4,35,130,176,0
4,35,130,177,0
4,35,130,178,0
4,35,130,179,0
4,35,130,180,0
4,35,130,181,0
4,35,130,182,0
4,35,130,183,0
4,35,130,184,0
4,35,130,185,0
4,35,130,186,0
4,35,130,187,0
4,35,130,188,0
4,35,130,189,0
4,35,130,190,0
4,35,130,191,0
4,35,130,192,0
4,35,130,193,0
4,35,130,194,0
4,35,130,195,0
4,35,130,196,0
4,35,130,197,0
4,35,130,198,0
4,35,130,199,0
4,35,130,200,0
4,35,130,201,19804348032
4,35,130,202,401590696598
4,35,130,203,3383054861850
4,35,130,204,15738603323988
4,35,130,205,45518606876774
4,35,130,206,87819160688465
4,35,130,207,119132343594911
4,35,130,208,118739486834521
4,35,130,209,90155515179229
4,35,130,210,53601497749623
4,35,130,211,25439096872287
4,35,130,212,9746763386959
4,35,130,213,3025560968873
4,35,130,214,758463073673
4,35,130,215,152115949847
4,35,130,216,24059487090
4,35,130,217,2956607938
4,35,130,218,281439895
4,35,130,219,21114687
4,35,130,220,1241851
4,35,130,221,54491
4,35,130,222,1754
4,35,130,223,42
4,35,130,224,0
4,35,130,225,0
4,35,130,226,0
4,35,130,227,0
4,35,130,228,0
4,35,130,229,0
4,35,130,230,0
4,35,130,231,0
4,35,130,232,0
4,35,130,233,0
4,35,130,234,0
4,35,130,235,0
4,35,130,236,0
4,35,130,237,0
4,35,130,238,0
4,35,130,239,0
4,35,130,240,0
4,35,130,241,0
4,35,131,0,0
4,35,131,1,0
4,35,131,2,0
4,35,131,3,0
4,35,131,4,0
4,35,131,5,0
4,35,131,6,0
4,35,131,7,0
4,35,131,8,0
4,35,131,9,0
4,35,131,10,0
4,35,131,11,0
4,35,131,12,0
4,35,131,13,0
4,35,131,14,0
4,35,131,15,0
4,35,131,16,0
4,35,131,17,0
4,35,131,18,0
4,35,131,19,0
4,35,131,20,0
4,35,131,21,0
4,35,131,22,0
4,35,131,23,0
4,35,131,24,0
4,35,131,25,0
4,35,131,26,0
4,35,131,27,0
4,35,131,28,0
4,35,131,29,0
4,35,131,30,0
4,35,131,31,0
4,35,131,32,0
4,35,131,33,0
4,35,131,34,0
4,35,131,35,0
4,35,131,36,0
4,35,131,37,0
4,35,131,38,0
4,35,131,39,0
4,35,131,40,0
4,35,131,41,0
4,35,131,42,0
4,35,131,43,0
4,35,131,44,0
4,35,131,45,0
4,35,131,46,0
4,35,131,47,0
4,35,131,48,0
4,35,131,49,0
4,35,131,50,0
4,35,131,51,0
4,35,131,52,0
4,35,131,53,0
4,35,131,54,0
4,35,131,55,0
4,35,131,56,0
4,35,131,57,0
4,35,131,58,0
4,35,131,59,0
4,35,131,60,0
4,35,131,61,0
4,35,131,62,0
4,35,131,63,0
4,35,131,64,0
4,35,131,65,0
4,35,131,66,0
4,35,131,67,0
4,35,131,68,0
4,35,131,69,0
4,35,131,70,0
4,35,131,71,0
4,35,131,72,0
4,35,131,73,0
4,35,131,74,0
4,35,131,75,0
4,35,131,76,0
4,35,131,77,0
4,35,131,78,0
4,35,131,79,0
4,35,131,80,0
4,35,131,81,0
4,35,131,82,0
4,35,131,83,0
4,35,131,84,0
4,35,131,85,0
4,35,131,86,0
4,35,131,87,0
4,35,131,88,0
4,35,131,89,0
4,35,131,90,0
4,35,131,91,0
4,35,131,92,0
4,35,131,93,0
4,35,131,94,0
4,35,131,95,0
4,35,131,96,0
4,35,131,97,0
4,35,131,98,0
4,35,131,99,0
4,35,131,100,0
4,35,131,101,0
4,35,131,102,0
4,35,131,103,0
4,35,131,104,0
4,35,131,105,0
4,35,131,106,0
4,35,131,107,0
4,35,131,108,0
4,35,131,109,0
4,35,131,110,0
4,35,131,111,0
4,35,131,112,0
4,35,131,113,0
4,35,131,114,0
4,35,131,115,0
4,35,131,116,0
4,35,131,117,0
4,35,131,118,0
4,35,131,119,0
4,35,131,120,0
4,35,131,121,0
4,35,131,122,0
4,35,131,123,0
4,35,131,124,0
4,35,131,125,0
4,35,131,126,0
4,35,131,127,0
4,35,131,128,0
4,35,131,129,0
4,35,131,130,0
4,35,131,131,0
4,35,131,132,0
4,35,131,133,0
4,35,131,134,0
4,35,131,135,0
4,35,131,136,0
4,35,131,137,0
4,35,131,138,0
4,35,131,139,0
4,35,131,140,0
4,35,131,141,0
4,35,131,142,0
4,35,131,143,0
4,35,131,144,0
4,35,131,145,0
4,35,131,146,0
4,35,131,147,0
4,35,131,148,0
4,35,131,149,0
4,35,131,150,0
4,35,131,151,0
4,35,131,152,0
4,35,131,153,0
4,35,131,154,0
4,35,131,155,0
4,35,131,156,0
4,35,131,157,0
4,35,131,158,0
4,35,131,159,0
4,35,131,160,0
4,35,131,161,0
4,35,131,162,0
4,35,131,163,0
4,35,131,164,0
4,35,131,165,0
4,35,131,166,0
4,35,131,167,0
4,35,131,168,0
4,35,131,169,0
4,35,131,170,0
4,35,131,171,0
4,35,131,172,0
4,35,131,173,0
4,35,131,174,0
4,35,131,175,0
4,35,131,176,0
4,35,131,177,0
4,35,131,178,0
4,35,131,179,0
4,35,131,180,0
4,35,131,181,0
4,35,131,182,0
4,35,131,183,0
4,35,131,184,0
4,35,131,185,0
4,35,131,186,0
4,35,131,187,0
4,35,131,188,0
4,35,131,189,0
4,35,131,190,0
4,35,131,191,0
4,35,131,192,0
4,35,131,193,0
4,35,131,194,0
4,35,131,195,0
4,35,131,196,0
4,35,131,197,0
4,35,131,198,0
4,35,131,199,0
4,35,131,200,0
4,35,131,201,0
4,35,131,202,0
4,35,131,203,0
4,35,131,204,0
4,35,131,205,5749494450
4,35,131,206,97144695720
4,35,131,207,674513655356
4,35,131,208,2556506180780
4,35,131,209,5955297906448
4,35,131,210,9163411390622
4,35,131,211,9842604168256
4,35,131,212,7726942516756
4,35,131,213,4594717863302
4,35,131,214,2121156688732
4,35,131,215,771138763460
4,35,131,216,221556903912
4,35,131,217,50000092108
4,35,131,218,8738255318
4,35,131,219,1159334586
4,35,131,220,115057702
4,35,131,221,8663022
4,35,131,222,511794
4,35,131,223,21438
4,35,131,224,606
4,35,131,225,12
4,35,131,226,0
4,35,131,227,0
4,35,131,228,0
4,35,131,229,0
4,35,131,230,0
4,35,131,231,0
4,35,131,232,0
4,35,131,233,0
4,35,131,234,0
4,35,131,235,0
4,35,131,236,0
4,35,131,237,0
4,35,131,238,0
4,35,131,239,0
4,35,131,240,0
4,35,131,241,0
4,35,132,0,0
4,35,132,1,0
4,35,132,2,0
4,35,132,3,0
4,35,132,4,0
4,35,132,5,0
4,35,132,6,0
4,35,132,7,0
4,35,132,8,0
4,35,132,9,0
4,35,132,10,0
4,35,132,11,0
4,35,132,12,0
4,35,132,13,0
4,35,132,14,0
4,35,132,15,0
4,35,132,16,0
4,35,132,17,0
4,35,132,18,0
4,35,132,19,0
4,35,132,20,0
4,35,132,21,0
4,35,132,22,0
4,35,132,23,0
4,35,132,24,0
4,35,132,25,0
4,35,132,26,0
4,35,132,27,0
4,35,132,28,0
4,35,132,29,0
4,35,132,30,0
4,35,132,31,0
4,35,132,32,0
4,35,132,33,0
4,35,132,34,0
4,35,132,35,0
4,35,132,36,0
4,35,132,37,0
4,35,132,38,0
4,35,132,39,0
4,35,132,40,0
4,35,132,41,0
4,35,132,42,0
4,35,132,43,0
4,35,132,44,0
4,35,132,45,0
4,35,132,46,0
4,35,132,47,0
4,35,132,48,0
4,35,132,49,0
4,35,132,50,0
4,35,132,51,0
4,35,132,52,0
4,35,132,53,0
4,35,132,54,0
4,35,132,55,0
4,35,132,56,0
4,35,132,57,0
4,35,132,58,0
4,35,132,59,0
4,35,132,60,0
4,35,132,61,0
4,35,132,62,0
4,35,132,63,0
4,35,132,64,0
4,35,132,65,0
4,35,132,66,0
4,35,132,67,0
4,35,132,68,0
4,35,132,69,0
4,35,132,70,0
4,35,132,71,0
4,35,132,72,0
4,35,132,73,0
4,35,132,74,0
4,35,132,75,0
4,35,132,76,0
4,35,132,77,0
4,35,132,78,0
4,35,132,79,0
4,35,132,80,0
4,35,132,81,0
4,35,132,82,0
4,35,132,83,0
4,35,132,84,0
4,35,132,85,0
4,35,132,86,0
4,35,132,87,0
4,35,132,88,0
4,35,132,89,0
4,35,132,90,0
4,35,132,91,0
4,35,132,92,0
4,35,132,93,0
4,35,132,94,0
4,35,132,95,0
4,35,132,96,0
4,35,132,97,0
4,35,132,98,0
4,35,132,99,0
4,35,132,100,0
4,35,132,101,0
4,35,132,102,0
4,35,132,103,0
4,35,132,104,0
4,35,132,105,0
4,35,132,106,0
4,35,132,107,0
4,35,132,108,0
4,35,132,109,0
4,35,132,110,0
4,35,132,111,0
4,35,132,112,0
4,35,132,113,0
4,35,132,114,0
4,35,132,115,0
4,35,132,116,0
4,35,132,117,0
4,35,132,118,0
4,35,132,119,0
4,35,132,120,0
4,35,132,121,0
4,35,132,122,0
4,35,132,123,0
4,35,132,124,0
4,35,132,125,0
4,35,132,126,0
4,35,132,127,0
4,35,132,128,0
4,35,132,129,0
4,35,132,130,0
4,35,132,131,0
4,35,132,132,0
4,35,132,133,0
4,35,132,134,0
4,35,132,135,0
4,35,132,136,0
4,35,132,137,0
4,35,132,138,0
4,35,132,139,0
4,35,132,140,0
4,35,132,141,0
4,35,132,142,0
4,35,132,143,0
4,35,132,144,0
4,35,132,145,0
4,35,132,146,0
4,35,132,147,0
4,35,132,148,0
4,35,132,149,0
4,35,132,150,0
4,35,132,151,0
4,35,132,152,0
4,35,132,153,0
4,35,132,154,0
4,35,132,155,0
4,35,132,156,0
4,35,132,157,0
4,35,132,158,0
4,35,132,159,0
4,35,132,160,0
4,35,132,161,0
4,35,132,162,0
4,35,132,163,0
4,35,132,164,0
4,35,132,165,0
4,35,132,166,0
4,35,132,167,0
4,35,132,168,0
4,35,132,169,0
4,35,132,170,0
4,35,132,171,0
4,35,132,172,0
4,35,132,173,0
4,35,132,174,0
4,35,132,175,0
4,35,132,176,0
4,35,132,177,0
4,35,132,178,0
4,35,132,179,0
4,35,132,180,0
4,35,132,181,0
4,35,132,182,0
4,35,132,183,0
4,35,132,184,0
4,35,132,185,0
4,35,132,186,0
4,35,132,187,0
4,35,132,188,0
4,35,132,189,0
4,35,132,190,0
4,35,132,191,0
4,35,132,192,0
4,35,132,193,0
4,35,132,194,0
4,35,132,195,0
4,35,132,196,0
4,35,132,197,0
4,35,132,198,0
4,35,132,199,0
4,35,132,200,0
4,35,132,201,0
4,35,132,202,0
4,35,132,203,0
4,35,132,204,0
4,35,132,205,0
4,35,132,206,0
4,35,132,207,0
4,35,132,208,0
4,35,132,209,1381251872
4,35,132,210,19231703730
4,35,132,211,108536035862
4,35,132,212,329389989950
4,35,132,213,605294664481
4,35,132,214,725267727082
4,35,132,215,600684736640
4,35,132,216,360481740315
4,35,132,217,161990586861
4,35,132,218,55527277853
4,35,132,219,14575420102
4,35,132,220,2897128302
4,35,132,221,426535187
4,35,132,222,45319964
4,35,132,223,3457580
4,35,132,224,199244
4,35,132,225,8717
4,35,132,226,190
4,35,132,227,3
4,35,132,228,0
4,35,132,229,0
4,35,132,230,0
4,35,132,231,0
4,35,132,232,0
4,35,132,233,0
4,35,132,234,0
4,35,132,235,0
4,35,132,236,0
4,35,132,237,0
4,35,132,238,0
4,35,132,239,0
4,35,132,240,0
4,35,132,241,0
4,35,133,0,0
4,35,133,1,0
4,35,133,2,0
4,35,133,3,0
4,35,133,4,0
4,35,133,5,0
4,35,133,6,0
4,35,133,7,0
4,35,133,8,0
4,35,133,9,0
4,35,133,10,0
4,35,133,11,0
4,35,133,12,0
4,35,133,13,0
4,35,133,14,0
4,35,133,15,0
4,35,133,16,0
4,35,133,17,0
4,35,133,18,0
4,35,133,19,0
4,35,133,20,0
4,35,133,21,0
4,35,133,22,0
4,35,133,23,0
4,35,133,24,0
4,35,133,25,0
4,35,133,26,0
4,35,133,27,0
4,35,133,28,0
4,35,133,29,0
4,35,133,30,0
4,35,133,31,0
4,35,133,32,0
4,35,133,33,0
4,35,133,34,0
4,35,133,35,0
4,35,133,36,0
4,35,133,37,0
4,35,133,38,0
4,35,133,39,0
4,35,133,40,0
4,35,133,41,0
4,35,133,42,0
4,35,133,43,0
4,35,133,44,0
4,35,133,45,0
4,35,133,46,0
4,35,133,47,0
4,35,133,48,0
4,35,133,49,0
4,35,133,50,0
4,35,133,51,0
4,35,133,52,0
4,35,133,53,0
4,35,133,54,0
4,35,133,55,0
4,35,133,56,0
4,35,133,57,0
4,35,133,58,0
4,35,133,59,0
4,35,133,60,0
4,35,133,61,0
4,35,133,62,0
4,35,133,63,0
4,35,133,64,0
4,35,133,65,0
4,35,133,66,0
4,35,133,67,0
4,35,133,68,0
4,35,133,69,0
4,35,133,70,0
4,35,133,71,0
4,35,133,72,0
4,35,133,73,0
4,35,133,74,0
4,35,133,75,0
4,35,133,76,0
4,35,133,77,0
4,35,133,78,0
4,35,133,79,0
4,35,133,80,0
4,35,133,81,0
4,35,133,82,0
4,35,133,83,0
4,35,133,84,0
4,35,133,85,0
4,35,133,86,0
4,35,133,87,0
4,35,133,88,0
4,35,133,89,0
4,35,133,90,0
4,35,133,91,0
4,35,133,92,0
4,35,133,93,0
4,35,133,94,0
4,35,133,95,0
4,35,133,96,0
4,35,133,97,0
4,35,133,98,0
4,35,133,99,0
4,35,133,100,0
4,35,133,101,0
4,35,133,102,0
4,35,133,103,0
4,35,133,104,0
4,35,133,105,0
4,35,133,106,0
4,35,133,107,0
4,35,133,108,0
4,35,133,109,0
4,35,133,110,0
4,35,133,111,0
4,35,133,112,0
4,35,133,113,0
4,35,133,114,0
4,35,133,115,0
4,35,133,116,0
4,35,133,117,0
4,35,133,118,0
4,35,133,119,0
4,35,133,120,0
4,35,133,121,0
4,35,133,122,0
4,35,133,123,0
4,35,133,124,0
4,35,133,125,0
4,35,133,126,0
4,35,133,127,0
4,35,133,128,0
4,35,133,129,0
4,35,133,130,0
4,35,133,131,0
4,35,133,132,0
4,35,133,133,0
4,35,133,134,0
4,35,133,135,0
4,35,133,136,0
4,35,133,137,0
4,35,133,138,0
4,35,133,139,0
4,35,133,140,0
4,35,133,141,0
4,35,133,142,0
4,35,133,143,0
4,35,133,144,0
4,35,133,145,0
4,35,133,146,0
4,35,133,147,0
4,35,133,148,0
4,35,133,149,0
4,35,133,150,0
4,35,133,151,0
4,35,133,152,0
4,35,133,153,0
4,35,133,154,0
4,35,133,155,0
4,35,133,156,0
4,35,133,157,0
4,35,133,158,0
4,35,133,159,0
4,35,133,160,0
4,35,133,161,0
4,35,133,162,0
4,35,133,163,0
4,35,133,164,0
4,35,133,165,0
4,35,133,166,0
4,35,133,167,0
4,35,133,168,0
4,35,133,169,0
4,35,133,170,0
4,35,133,171,0
4,35,133,172,0
4,35,133,173,0
4,35,133,174,0
4,35,133,175,0
4,35,133,176,0
4,35,133,177,0
4,35,133,178,0
4,35,133,179,0
4,35,133,180,0
4,35,133,181,0
4,35,133,182,0
4,35,133,183,0
4,35,133,184,0
4,35,133,185,0
4,35,133,186,0
4,35,133,187,0
4,35,133,188,0
4,35,133,189,0
4,35,133,190,0
4,35,133,191,0
4,35,133,192,0
4,35,133,193,0
4,35,133,194,0
4,35,133,195,0
4,35,133,196,0
4,35,133,197,0
4,35,133,198,0
4,35,133,199,0
4,35,133,200,0
4,35,133,201,0
4,35,133,202,0
4,35,133,203,0
4,35,133,204,0
4,35,133,205,0
4,35,133,206,0
4,35,133,207,0
4,35,133,208,0
4,35,133,209,0
4,35,133,210,0
4,35,133,211,0
4,35,133,212,0
4,35,133,213,272061558
4,35,133,214,3076832824
4,35,133,215,13853377734
4,35,133,216,32875664192
4,35,133,217,46287878284
4,35,133,218,41741359516
4,35,133,219,25642545340
4,35,133,220,11234692622
4,35,133,221,3599319400
4,35,133,222,847258478
4,35,133,223,143673804
4,35,133,224,16919568
4,35,133,225,1348244
4,35,133,226,74744
4,35,133,227,3172
4,35,133,228,80
4,35,133,229,0
4,35,133,230,0
4,35,133,231,0
4,35,133,232,0
4,35,133,233,0
4,35,133,234,0
4,35,133,235,0
4,35,133,236,0
4,35,133,237,0
4,35,133,238,0
4,35,133,239,0
4,35,133,240,0
4,35,133,241,0
4,35,134,0,0
4,35,134,1,0
4,35,134,2,0
4,35,134,3,0
4,35,134,4,0
4,35,134,5,0
4,35,134,6,0
4,35,134,7,0
4,35,134,8,0
4,35,134,9,0
4,35,134,10,0
4,35,134,11,0
4,35,134,12,0
4,35,134,13,0
4,35,134,14,0
4,35,134,15,0
4,35,134,16,0
4,35,134,17,0
4,35,134,18,0
4,35,134,19,0
4,35,134,20,0
4,35,134,21,0
4,35,134,22,0
4,35,134,23,0
4,35,134,24,0
4,35,134,25,0
4,35,134,26,0
4,35,134,27,0
4,35,134,28,0
4,35,134,29,0
4,35,134,30,0
4,35,134,31,0
4,35,134,32,0
4,35,134,33,0
4,35,134,34,0
4,35,134,35,0
4,35,134,36,0
4,35,134,37,0
4,35,134,38,0
4,35,134,39,0
4,35,134,40,0
4,35,134,41,0
4,35,134,42,0
4,35,134,43,0
4,35,134,44,0
4,35,134,45,0
4,35,134,46,0
4,35,134,47,0
4,35,134,48,0
4,35,134,49,0
4,35,134,50,0
4,35,134,51,0
4,35,134,52,0
4,35,134,53,0
4,35,134,54,0
4,35,134,55,0
4,35,134,56,0
4,35,134,57,0
4,35,134,58,0
4,35,134,59,0
4,35,134,60,0
4,35,134,61,0
4,35,134,62,0
4,35,134,63,0
4,35,134,64,0
4,35,134,65,0
4,35,134,66,0
4,35,134,67,0
4,35,134,68,0
4,35,134,69,0
4,35,134,70,0
4,35,134,71,0
4,35,134,72,0
4,35,134,73,0
4,35,134,74,0
4,35,134,75,0
4,35,134,76,0
4,35,134,77,0
4,35,134,78,0
4,35,134,79,0
4,35,134,80,0
4,35,134,81,0
4,35,134,82,0
4,35,134,83,0
4,35,134,84,0
4,35,134,85,0
4,35,134,86,0
4,35,134,87,0
4,35,134,88,0
4,35,134,89,0
4,35,134,90,0
4,35,134,91,0
4,35,134,92,0
4,35,134,93,0
4,35,134,94,0
4,35,134,95,0
4,35,134,96,0
4,35,134,97,0
4,35,134,98,0
4,35,134,99,0
4,35,134,100,0
4,35,134,101,0
4,35,134,102,0
4,35,134,103,0
4,35,134,104,0
4,35,134,105,0
4,35,134,106,0
4,35,134,107,0
4,35,134,108,0
4,35,134,109,0
4,35,134,110,0
4,35,134,111,0
4,35,134,112,0
4,35,134,113,0
4,35,134,114,0
4,35,134,115,0
4,35,134,116,0
4,35,134,117,0
4,35,134,118,0
4,35,134,119,0
4,35,134,120,0
4,35,134,121,0
4,35,134,122,0
4,35,134,123,0
4,35,134,124,0
4,35,134,125,0
4,35,134,126,0
4,35,134,127,0
4,35,134,128,0
4,35,134,129,0
4,35,134,130,0
4,35,134,131,0
4,35,134,132,0
4,35,134,133,0
4,35,134,134,0
4,35,134,135,0
4,35,134,136,0
4,35,134,137,0
4,35,134,138,0
4,35,134,139,0
4,35,134,140,0
4,35,134,141,0
4,35,134,142,0
4,35,134,143,0
4,35,134,144,0
4,35,134,145,0
4,35,134,146,0
4,35,134,147,0
4,35,134,148,0
4,35,134,149,0
4,35,134,150,0
4,35,134,151,0
4,35,134,152,0
4,35,134,153,0
4,35,134,154,0
4,35,134,155,0
4,35,134,156,0
4,35,134,157,0
4,35,134,158,0
4,35,134,159,0
4,35,134,160,0
4,35,134,161,0
4,35,134,162,0
4,35,134,163,0
4,35,134,164,0
4,35,134,165,0
4,35,134,166,0
4,35,134,167,0
4,35,134,168,0
4,35,134,169,0
4,35,134,170,0
4,35,134,171,0
4,35,134,172,0
4,35,134,173,0
4,35,134,174,0
4,35,134,175,0
4,35,134,176,0
4,35,134,177,0
4,35,134,178,0
4,35,134,179,0
4,35,134,180,0
4,35,134,181,0
4,35,134,182,0
4,35,134,183,0
4,35,134,184,0
4,35,134,185,0
4,35,134,186,0
4,35,134,187,0
4,35,134,188,0
4,35,134,189,0
4,35,134,190,0
4,35,134,191,0
4,35,134,192,0
4,35,134,193,0
4,35,134,194,0
4,35,134,195,0
4,35,134,196,0
4,35,134,197,0
4,35,134,198,0
4,35,134,199,0
4,35,134,200,0
4,35,134,201,0
4,35,134,202,0
4,35,134,203,0
4,35,134,204,0
4,35,134,205,0
4,35,134,206,0
4,35,134,207,0
4,35,134,208,0
4,35,134,209,0
4,35,134,210,0
4,35,134,211,0
4,35,134,212,0
4,35,134,213,0
4,35,134,214,0
4,35,134,215,0
4,35,134,216,0
4,35,134,217,43381856
4,35,134,218,390881358
4,35,134,219,1368312002
4,35,134,220,2454108055
4,35,134,221,2535346238
4,35,134,222,1633716232
4,35,134,223,700087873
4,35,134,224,207032608
4,35,134,225,42470769
4,35,134,226,5852033
4,35,134,227,506564
4,35,134,228,27708
4,35,134,229,1056
4,35,134,230,28
4,35,134,231,0
4,35,134,232,0
4,35,134,233,0
4,35,134,234,0
4,35,134,235,0
4,35,134,236,0
4,35,134,237,0
4,35,134,238,0
4,35,134,239,0
4,35,134,240,0
4,35,134,241,0
4,35,135,0,0
4,35,135,1,0
4,35,135,2,0
4,35,135,3,0
4,35,135,4,0
4,35,135,5,0
4,35,135,6,0
4,35,135,7,0
4,35,135,8,0
4,35,135,9,0
4,35,135,10,0
4,35,135,11,0
4,35,135,12,0
4,35,135,13,0
4,35,135,14,0
4,35,135,15,0
4,35,135,16,0
4,35,135,17,0
4,35,135,18,0
4,35,135,19,0
4,35,135,20,0
4,35,135,21,0
4,35,135,22,0
4,35,135,23,0
4,35,135,24,0
4,35,135,25,0
4,35,135,26,0
4,35,135,27,0
4,35,135,28,0
4,35,135,29,0
4,35,135,30,0
4,35,135,31,0
4,35,135,32,0
4,35,135,33,0
4,35,135,34,0
4,35,135,35,0
4,35,135,36,0
4,35,135,37,0
4,35,135,38,0
4,35,135,39,0
4,35,135,40,0
4,35,135,41,0
4,35,135,42,0
4,35,135,43,0
4,35,135,44,0
4,35,135,45,0
4,35,135,46,0
4,35,135,47,0
4,35,135,48,0
4,35,135,49,0
4,35,135,50,0
4,35,135,51,0
4,35,135,52,0
4,35,135,53,0
4,35,135,54,0
4,35,135,55,0
4,35,135,56,0
4,35,135,57,0
4,35,135,58,0
4,35,135,59,0
4,35,135,60,0
4,35,135,61,0
4,35,135,62,0
4,35,135,63,0
4,35,135,64,0
4,35,135,65,0
4,35,135,66,0
4,35,135,67,0
4,35,135,68,0
4,35,135,69,0
4,35,135,70,0
4,35,135,71,0
4,35,135,72,0
4,35,135,73,0
4,35,135,74,0
4,35,135,75,0
4,35,135,76,0
4,35,135,77,0
4,35,135,78,0
4,35,135,79,0
4,35,135,80,0
4,35,135,81,0
4,35,135,82,0
4,35,135,83,0
4,35,135,84,0
4,35,135,85,0
4,35,135,86,0
4,35,135,87,0
4,35,135,88,0
4,35,135,89,0
4,35,135,90,0
4,35,135,91,0
4,35,135,92,0
4,35,135,93,0
4,35,135,94,0
4,35,135,95,0
4,35,135,96,0
4,35,135,97,0
4,35,135,98,0
4,35,135,99,0
4,35,135,100,0
4,35,135,101,0
4,35,135,102,0
4,35,135,103,0
4,35,135,104,0
4,35,135,105,0
4,35,135,106,0
4,35,135,107,0
4,35,135,108,0
4,35,135,109,0
4,35,135,110,0
4,35,135,111,0
4,35,135,112,0
4,35,135,113,0
4,35,135,114,0
4,35,135,115,0
4,35,135,116,0
4,35,135,117,0
4,35,135,118,0
4,35,135,119,0
4,35,135,120,0
4,35,135,121,0
4,35,135,122,0
4,35,135,123,0
4,35,135,124,0
4,35,135,125,0
4,35,135,126,0
4,35,135,127,0
4,35,135,128,0
4,35,135,129,0
4,35,135,130,0
4,35,135,131,0
4,35,135,132,0
4,35,135,133,0
4,35,135,134,0
4,35,135,135,0
4,35,135,136,0
4,35,135,137,0
4,35,135,138,0
4,35,135,139,0
4,35,135,140,0
4,35,135,141,0
4,35,135,142,0
4,35,135,143,0
4,35,135,144,0
4,35,135,145,0
4,35,135,146,0
4,35,135,147,0
4,35,135,148,0
4,35,135,149,0
4,35,135,150,0
4,35,135,151,0
4,35,135,152,0
4,35,135,153,0
4,35,135,154,0
4,35,135,155,0
4,35,135,156,0
4,35,135,157,0
4,35,135,158,0
4,35,135,159,0
4,35,135,160,0
4,35,135,161,0
4,35,135,162,0
4,35,135,163,0
4,35,135,164,0
4,35,135,165,0
4,35,135,166,0
4,35,135,167,0
4,35,135,168,0
4,35,135,169,0
4,35,135,170,0
4,35,135,171,0
4,35,135,172,0
4,35,135,173,0
4,35,135,174,0
4,35,135,175,0
4,35,135,176,0
4,35,135,177,0
4,35,135,178,0
4,35,135,179,0
4,35,135,180,0
4,35,135,181,0
4,35,135,182,0
4,35,135,183,0
4,35,135,184,0
4,35,135,185,0
4,35,135,186,0
4,35,135,187,0
4,35,135,188,0
4,35,135,189,0
4,35,135,190,0
4,35,135,191,0
4,35,135,192,0
4,35,135,193,0
4,35,135,194,0
4,35,135,195,0
4,35,135,196,0
4,35,135,197,0
4,35,135,198,0
4,35,135,199,0
4,35,135,200,0
4,35,135,201,0
4,35,135,202,0
4,35,135,203,0
4,35,135,204,0
4,35,135,205,0
4,35,135,206,0
4,35,135,207,0
4,35,135,208,0
4,35,135,209,0
4,35,135,210,0
4,35,135,211,0
4,35,135,212,0
4,35,135,213,0
4,35,135,214,0
4,35,135,215,0
4,35,135,216,0
4,35,135,217,0
4,35,135,218,0
4,35,135,219,0
4,35,135,220,0
4,35,135,221,5502170
4,35,135,222,38448792
4,35,135,223,100772320
4,35,135,224,129615860
4,35,135,225,91627904
4,35,135,226,38682496
4,35,135,227,10356760
4,35,135,228,1766176
4,35,135,229,182702
4,35,135,230,10000
4,35,135,231,340
4,35,135,232,8
4,35,135,233,0
4,35,135,234,0
4,35,135,235,0
4,35,135,236,0
4,35,135,237,0
4,35,135,238,0
4,35,135,239,0
4,35,135,240,0
4,35,135,241,0
4,35,136,0,0
4,35,136,1,0
4,35,136,2,0
4,35,136,3,0
4,35,136,4,0
4,35,136,5,0
4,35,136,6,0
4,35,136,7,0
4,35,136,8,0
4,35,136,9,0
4,35,136,10,0
4,35,136,11,0
4,35,136,12,0
4,35,136,13,0
4,35,136,14,0
4,35,136,15,0
4,35,136,16,0
4,35,136,17,0
4,35,136,18,0
4,35,136,19,0
4,35,136,20,0
4,35,136,21,0
4,35,136,22,0
4,35,136,23,0
4,35,136,24,0
4,35,136,25,0
4,35,136,26,0
4,35,136,27,0
4,35,136,28,0
4,35,136,29,0
4,35,136,30,0
4,35,136,31,0
4,35,136,32,0
4,35,136,33,0
4,35,136,34,0
4,35,136,35,0
4,35,136,36,0
4,35,136,37,0
4,35,136,38,0
4,35,136,39,0
4,35,136,40,0
4,35,136,41,0
4,35,136,42,0
4,35,136,43,0
4,35,136,44,0
4,35,136,45,0
4,35,136,46,0
4,35,136,47,0
4,35,136,48,0
4,35,136,49,0
4,35,136,50,0
4,35,136,51,0
4,35,136,52,0
4,35,136,53,0
4,35,136,54,0
4,35,136,55,0
4,35,136,56,0
4,35,136,57,0
4,35,136,58,0
4,35,136,59,0
4,35,136,60,0
4,35,136,61,0
4,35,136,62,0
4,35,136,63,0
4,35,136,64,0
4,35,136,65,0
4,35,136,66,0
4,35,136,67,0
4,35,136,68,0
4,35,136,69,0
4,35,136,70,0
4,35,136,71,0
4,35,136,72,0
4,35,136,73,0
4,35,136,74,0
4,35,136,75,0
4,35,136,76,0
4,35,136,77,0
4,35,136,78,0
4,35,136,79,0
4,35,136,80,0
4,35,136,81,0
4,35,136,82,0
4,35,136,83,0
4,35,136,84,0
4,35,136,85,0
4,35,136,86,0
4,35,136,87,0
4,35,136,88,0
4,35,136,89,0
4,35,136,90,0
4,35,136,91,0
4,35,136,92,0
4,35,136,93,0
4,35,136,94,0
4,35,136,95,0
4,35,136,96,0
4,35,136,97,0
4,35,136,98,0
4,35,136,99,0
4,35,136,100,0
4,35,136,101,0
4,35,136,102,0
4,35,136,103,0
4,35,136,104,0
4,35,136,105,0
4,35,136,106,0
4,35,136,107,0
4,35,136,108,0
4,35,136,109,0
4,35,136,110,0
4,35,136,111,0
4,35,136,112,0
4,35,136,113,0
4,35,136,114,0
4,35,136,115,0
4,35,136,116,0
4,35,136,117,0
4,35,136,118,0
4,35,136,119,0
4,35,136,120,0
4,35,136,121,0
4,35,136,122,0
4,35,136,123,0
4,35,136,124,0
4,35,136,125,0
4,35,136,126,0
4,35,136,127,0
4,35,136,128,0
4,35,136,129,0
4,35,136,130,0
4,35,136,131,0
4,35,136,132,0
4,35,136,133,0
4,35,136,134,0
4,35,136,135,0
4,35,136,136,0
4,35,136,137,0
4,35,136,138,0
4,35,136,139,0
4,35,136,140,0
4,35,136,141,0
4,35,136,142,0
4,35,136,143,0
4,35,136,144,0
4,35,136,145,0
4,35,136,146,0
4,35,136,147,0
4,35,136,148,0
4,35,136,149,0
4,35,136,150,0
4,35,136,151,0
4,35,136,152,0
4,35,136,153,0
4,35,136,154,0
4,35,136,155,0
4,35,136,156,0
4,35,136,157,0
4,35,136,158,0
4,35,136,159,0
4,35,136,160,0
4,35,136,161,0
4,35,136,162,0
4,35,136,163,0
4,35,136,164,0
4,35,136,165,0
4,35,136,166,0
4,35,136,167,0
4,35,136,168,0
4,35,136,169,0
4,35,136,170,0
4,35,136,171,0
4,35,136,172,0
4,35,136,173,0
4,35,136,174,0
4,35,136,175,0
4,35,136,176,0
4,35,136,177,0
4,35,136,178,0
4,35,136,179,0
4,35,136,180,0
4,35,136,181,0
4,35,136,182,0
4,35,136,183,0
4,35,136,184,0
4,35,136,185,0
4,35,136,186,0
4,35,136,187,0
4,35,136,188,0
4,35,136,189,0
4,35,136,190,0
4,35,136,191,0
4,35,136,192,0
4,35,136,193,0
4,35,136,194,0
4,35,136,195,0
4,35,136,196,0
4,35,136,197,0
4,35,136,198,0
4,35,136,199,0
4,35,136,200,0
4,35,136,201,0
4,35,136,202,0
4,35,136,203,0
4,35,136,204,0
4,35,136,205,0
4,35,136,206,0
4,35,136,207,0
4,35,136,208,0
4,35,136,209,0
4,35,136,210,0
4,35,136,211,0
4,35,136,212,0
4,35,136,213,0
4,35,136,214,0
4,35,136,215,0
4,35,136,216,0
4,35,136,217,0
4,35,136,218,0
4,35,136,219,0
4,35,136,220,0
4,35,136,221,0
4,35,136,222,0
4,35,136,223,0
4,35,136,224,0
4,35,136,225,541200
4,35,136,226,2819130
4,35,136,227,5212062
4,35,136,228,4392928
4,35,136,229,1867180
4,35,136,230,436171
4,35,136,231,57005
4,35,136,232,3842
4,35,136,233,95
4,35,136,234,2
4,35,136,235,0
4,35,136,236,0
4,35,136,237,0
4,35,136,238,0
4,35,136,239,0
4,35,136,240,0
4,35,136,241,0
4,35,137,0,0
4,35,137,1,0
4,35,137,2,0
4,35,137,3,0
4,35,137,4,0
4,35,137,5,0
4,35,137,6,0
4,35,137,7,0
4,35,137,8,0
4,35,137,9,0
4,35,137,10,0
4,35,137,11,0
4,35,137,12,0
4,35,137,13,0
4,35,137,14,0
4,35,137,15,0
4,35,137,16,0
4,35,137,17,0
4,35,137,18,0
4,35,137,19,0
4,35,137,20,0
4,35,137,21,0
4,35,137,22,0
4,35,137,23,0
4,35,137,24,0
4,35,137,25,0
4,35,137,26,0
4,35,137,27,0
4,35,137,28,0
4,35,137,29,0
4,35,137,30,0
4,35,137,31,0
4,35,137,32,0
4,35,137,33,0
4,35,137,34,0
4,35,137,35,0
4,35,137,36,0
4,35,137,37,0
4,35,137,38,0
4,35,137,39,0
4,35,137,40,0
4,35,137,41,0
4,35,137,42,0
4,35,137,43,0
4,35,137,44,0
4,35,137,45,0
4,35,137,46,0
4,35,137,47,0
4,35,137,48,0
4,35,137,49,0
4,35,137,50,0
4,35,137,51,0
4,35,137,52,0
4,35,137,53,0
4,35,137,54,0
4,35,137,55,0
4,35,137,56,0
4,35,137,57,0
4,35,137,58,0
4,35,137,59,0
4,35,137,60,0
4,35,137,61,0
4,35,137,62,0
4,35,137,63,0
4,35,137,64,0
4,35,137,65,0
4,35,137,66,0
4,35,137,67,0
4,35,137,68,0
4,35,137,69,0
4,35,137,70,0
4,35,137,71,0
4,35,137,72,0
4,35,137,73,0
4,35,137,74,0
4,35,137,75,0
4,35,137,76,0
4,35,137,77,0
4,35,137,78,0
4,35,137,79,0
4,35,137,80,0
4,35,137,81,0
4,35,137,82,0
4,35,137,83,0
4,35,137,84,0
4,35,137,85,0
4,35,137,86,0
4,35,137,87,0
4,35,137,88,0
4,35,137,89,0
4,35,137,90,0
4,35,137,91,0
4,35,137,92,0
4,35,137,93,0
4,35,137,94,0
4,35,137,95,0
4,35,137,96,0
4,35,137,97,0
4,35,137,98,0
4,35,137,99,0
4,35,137,100,0
4,35,137,101,0
4,35,137,102,0
4,35,137,103,0
4,35,137,104,0
4,35,137,105,0
4,35,137,106,0
4,35,137,107,0
4,35,137,108,0
4,35,137,109,0
4,35,137,110,0
4,35,137,111,0
4,35,137,112,0
4,35,137,113,0
4,35,137,114,0
4,35,137,115,0
4,35,137,116,0
4,35,137,117,0
4,35,137,118,0
4,35,137,119,0
4,35,137,120,0
4,35,137,121,0
4,35,137,122,0
4,35,137,123,0
4,35,137,124,0
4,35,137,125,0
4,35,137,126,0
4,35,137,127,0
4,35,137,128,0
4,35,137,129,0
4,35,137,130,0
4,35,137,131,0
4,35,137,132,0
4,35,137,133,0
4,35,137,134,0
4,35,137,135,0
4,35,137,136,0
4,35,137,137,0
4,35,137,138,0
4,35,137,139,0
4,35,137,140,0
4,35,137,141,0
4,35,137,142,0
4,35,137,143,0
4,35,137,144,0
4,35,137,145,0
4,35,137,146,0
4,35,137,147,0
4,35,137,148,0
4,35,137,149,0
4,35,137,150,0
4,35,137,151,0
4,35,137,152,0
4,35,137,153,0
4,35,137,154,0
4,35,137,155,0
4,35,137,156,0
4,35,137,157,0
4,35,137,158,0
4,35,137,159,0
4,35,137,160,0
4,35,137,161,0
4,35,137,162,0
4,35,137,163,0
4,35,137,164,0
4,35,137,165,0
4,35,137,166,0
4,35,137,167,0
4,35,137,168,0
4,35,137,169,0
4,35,137,170,0
4,35,137,171,0
4,35,137,172,0
4,35,137,173,0
4,35,137,174,0
4,35,137,175,0
4,35,137,176,0
4,35,137,177,0
4,35,137,178,0
4,35,137,179,0
4,35,137,180,0
4,35,137,181,0
4,35,137,182,0
4,35,137,183,0
4,35,137,184,0
4,35,137,185,0
4,35,137,186,0
4,35,137,187,0
4,35,137,188,0
4,35,137,189,0
4,35,137,190,0
4,35,137,191,0
4,35,137,192,0
4,35,137,193,0
4,35,137,194,0
4,35,137,195,0
4,35,137,196,0
4,35,137,197,0
4,35,137,198,0
4,35,137,199,0
4,35,137,200,0
4,35,137,201,0
4,35,137,202,0
4,35,137,203,0
4,35,137,204,0
4,35,137,205,0
4,35,137,206,0
4,35,137,207,0
4,35,137,208,0
4,35,137,209,0
4,35,137,210,0
4,35,137,211,0
4,35,137,212,0
4,35,137,213,0
4,35,137,214,0
4,35,137,215,0
4,35,137,216,0
4,35,137,217,0
4,35,137,218,0
4,35,137,219,0
4,35,137,220,0
4,35,137,221,0
4,35,137,222,0
4,35,137,223,0
4,35,137,224,0
4,35,137,225,0
4,35,137,226,0
4,35,137,227,0
4,35,137,228,0
4,35,137,229,39742
4,35,137,230,144840
4,35,137,231,169658
4,35,137,232,77498
4,35,137,233,14544
4,35,137,234,1258
4,35,137,235,40
4,35,137,236,0
4,35,137,237,0
4,35,137,238,0
4,35,137,239,0
4,35,137,240,0
4,35,137,241,0
4,35,138,0,0
4,35,138,1,0
4,35,138,2,0
4,35,138,3,0
4,35,138,4,0
4,35,138,5,0
4,35,138,6,0
4,35,138,7,0
4,35,138,8,0
4,35,138,9,0
4,35,138,10,0
4,35,138,11,0
4,35,138,12,0
4,35,138,13,0
4,35,138,14,0
4,35,138,15,0
4,35,138,16,0
4,35,138,17,0
4,35,138,18,0
4,35,138,19,0
4,35,138,20,0
4,35,138,21,0
4,35,138,22,0
4,35,138,23,0
4,35,138,24,0
4,35,138,25,0
4,35,138,26,0
4,35,138,27,0
4,35,138,28,0
4,35,138,29,0
4,35,138,30,0
4,35,138,31,0
4,35,138,32,0
4,35,138,33,0
4,35,138,34,0
4,35,138,35,0
4,35,138,36,0
4,35,138,37,0
4,35,138,38,0
4,35,138,39,0
4,35,138,40,0
4,35,138,41,0
4,35,138,42,0
4,35,138,43,0
4,35,138,44,0
4,35,138,45,0
4,35,138,46,0
4,35,138,47,0
4,35,138,48,0
4,35,138,49,0
4,35,138,50,0
4,35,138,51,0
4,35,138,52,0
4,35,138,53,0
4,35,138,54,0
4,35,138,55,0
4,35,138,56,0
4,35,138,57,0
4,35,138,58,0
4,35,138,59,0
4,35,138,60,0
4,35,138,61,0
4,35,138,62,0
4,35,138,63,0
4,35,138,64,0
4,35,138,65,0
4,35,138,66,0
4,35,138,67,0
4,35,138,68,0
4,35,138,69,0
4,35,138,70,0
4,35,138,71,0
4,35,138,72,0
4,35,138,73,0
4,35,138,74,0
4,35,138,75,0
4,35,138,76,0
4,35,138,77,0
4,35,138,78,0
4,35,138,79,0
4,35,138,80,0
4,35,138,81,0
4,35,138,82,0
4,35,138,83,0
4,35,138,84,0
4,35,138,85,0
4,35,138,86,0
4,35,138,87,0
4,35,138,88,0
4,35,138,89,0
4,35,138,90,0
4,35,138,91,0
4,35,138,92,0
4,35,138,93,0
4,35,138,94,0
4,35,138,95,0
4,35,138,96,0
4,35,138,97,0
4,35,138,98,0
4,35,138,99,0
4,35,138,100,0
4,35,138,101,0
4,35,138,102,0
4,35,138,103,0
4,35,138,104,0
4,35,138,105,0
4,35,138,106,0
4,35,138,107,0
4,35,138,108,0
4,35,138,109,0
4,35,138,110,0
4,35,138,111,0
4,35,138,112,0
4,35,138,113,0
4,35,138,114,0
4,35,138,115,0
4,35,138,116,0
4,35,138,117,0
4,35,138,118,0
4,35,138,119,0
4,35,138,120,0
4,35,138,121,0
4,35,138,122,0
4,35,138,123,0
4,35,138,124,0
4,35,138,125,0
4,35,138,126,0
4,35,138,127,0
4,35,138,128,0
4,35,138,129,0
4,35,138,130,0
4,35,138,131,0
4,35,138,132,0
4,35,138,133,0
4,35,138,134,0
4,35,138,135,0
4,35,138,136,0
4,35,138,137,0
4,35,138,138,0
4,35,138,139,0
4,35,138,140,0
4,35,138,141,0
4,35,138,142,0
4,35,138,143,0
4,35,138,144,0
4,35,138,145,0
4,35,138,146,0
4,35,138,147,0
4,35,138,148,0
4,35,138,149,0
4,35,138,150,0
4,35,138,151,0
4,35,138,152,0
4,35,138,153,0
4,35,138,154,0
4,35,138,155,0
4,35,138,156,0
4,35,138,157,0
4,35,138,158,0
4,35,138,159,0
4,35,138,160,0
4,35,138,161,0
4,35,138,162,0
4,35,138,163,0
4,35,138,164,0
4,35,138,165,0
4,35,138,166,0
4,35,138,167,0
4,35,138,168,0
4,35,138,169,0
4,35,138,170,0
4,35,138,171,0
4,35,138,172,0
4,35,138,173,0
4,35,138,174,0
4,35,138,175,0
4,35,138,176,0
4,35,138,177,0
4,35,138,178,0
4,35,138,179,0
4,35,138,180,0
4,35,138,181,0
4,35,138,182,0
4,35,138,183,0
4,35,138,184,0
4,35,138,185,0
4,35,138,186,0
4,35,138,187,0
4,35,138,188,0
4,35,138,189,0
4,35,138,190,0
4,35,138,191,0
4,35,138,192,0
4,35,138,193,0
4,35,138,194,0
4,35,138,195,0
4,35,138,196,0
4,35,138,197,0
4,35,138,198,0
4,35,138,199,0
4,35,138,200,0
4,35,138,201,0
4,35,138,202,0
4,35,138,203,0
4,35,138,204,0
4,35,138,205,0
4,35,138,206,0
4,35,138,207,0
4,35,138,208,0
4,35,138,209,0
4,35,138,210,0
4,35,138,211,0
4,35,138,212,0
4,35,138,213,0
4,35,138,214,0
4,35,138,215,0
4,35,138,216,0
4,35,138,217,0
4,35,138,218,0
4,35,138,219,0
4,35,138,220,0
4,35,138,221,0
4,35,138,222,0
4,35,138,223,0
4,35,138,224,0
4,35,138,225,0
4,35,138,226,0
4,35,138,227,0
4,35,138,228,0
4,35,138,229,0
4,35,138,230,0
4,35,138,231,0
4,35,138,232,0
4,35,138,233,2048
4,35,138,234,4647
4,35,138,235,2683
4,35,138,236,338
4,35,138,237,14
4,35,138,238,0
4,35,138,239,0
4,35,138,240,0
4,35,138,241,0
4,35,139,0,0
4,35,139,1,0
4,35,139,2,0
4,35,139,3,0
4,35,139,4,0
4,35,139,5,0
4,35,139,6,0
4,35,139,7,0
4,35,139,8,0
4,35,139,9,0
4,35,139,10,0
4,35,139,11,0
4,35,139,12,0
4,35,139,13,0
4,35,139,14,0
4,35,139,15,0
4,35,139,16,0
4,35,139,17,0
4,35,139,18,0
4,35,139,19,0
4,35,139,20,0
4,35,139,21,0
4,35,139,22,0
4,35,139,23,0
4,35,139,24,0
4,35,139,25,0
4,35,139,26,0
4,35,139,27,0
4,35,139,28,0
4,35,139,29,0
4,35,139,30,0
4,35,139,31,0
4,35,139,32,0
4,35,139,33,0
4,35,139,34,0
4,35,139,35,0
4,35,139,36,0
4,35,139,37,0
4,35,139,38,0
4,35,139,39,0
4,35,139,40,0
4,35,139,41,0
4,35,139,42,0
4,35,139,43,0
4,35,139,44,0
4,35,139,45,0
4,35,139,46,0
4,35,139,47,0
4,35,139,48,0
4,35,139,49,0
4,35,139,50,0
4,35,139,51,0
4,35,139,52,0
4,35,139,53,0
4,35,139,54,0
4,35,139,55,0
4,35,139,56,0
4,35,139,57,0
4,35,139,58,0
4,35,139,59,0
4,35,139,60,0
4,35,139,61,0
4,35,139,62,0
4,35,139,63,0
4,35,139,64,0
4,35,139,65,0
4,35,139,66,0
4,35,139,67,0
4,35,139,68,0
4,35,139,69,0
4,35,139,70,0
4,35,139,71,0
4,35,139,72,0
4,35,139,73,0
4,35,139,74,0
4,35,139,75,0
4,35,139,76,0
4,35,139,77,0
4,35,139,78,0
4,35,139,79,0
4,35,139,80,0
4,35,139,81,0
4,35,139,82,0
4,35,139,83,0
4,35,139,84,0
4,35,139,85,0
4,35,139,86,0
4,35,139,87,0
4,35,139,88,0
4,35,139,89,0
4,35,139,90,0
4,35,139,91,0
4,35,139,92,0
4,35,139,93,0
4,35,139,94,0
4,35,139,95,0
4,35,139,96,0
4,35,139,97,0
4,35,139,98,0
4,35,139,99,0
4,35,139,100,0
4,35,139,101,0
4,35,139,102,0
4,35,139,103,0
4,35,139,104,0
4,35,139,105,0
4,35,139,106,0
4,35,139,107,0
4,35,139,108,0
4,35,139,109,0
4,35,139,110,0
4,35,139,111,0
4,35,139,112,0
4,35,139,113,0
4,35,139,114,0
4,35,139,115,0
4,35,139,116,0
4,35,139,117,0
4,35,139,118,0
4,35,139,119,0
4,35,139,120,0
4,35,139,121,0
4,35,139,122,0
4,35,139,123,0
4,35,139,124,0
4,35,139,125,0
4,35,139,126,0
4,35,139,127,0
4,35,139,128,0
4,35,139,129,0
4,35,139,130,0
4,35,139,131,0
4,35,139,132,0
4,35,139,133,0
4,35,139,134,0
4,35,139,135,0
4,35,139,136,0
4,35,139,137,0
4,35,139,138,0
4,35,139,139,0
4,35,139,140,0
4,35,139,141,0
4,35,139,142,0
4,35,139,143,0
4,35,139,144,0
4,35,139,145,0
4,35,139,146,0
4,35,139,147,0
4,35,139,148,0
4,35,139,149,0
4,35,139,150,0
4,35,139,151,0
4,35,139,152,0
4,35,139,153,0
4,35,139,154,0
4,35,139,155,0
4,35,139,156,0
4,35,139,157,0
4,35,139,158,0
4,35,139,159,0
4,35,139,160,0
4,35,139,161,0
4,35,139,162,0
4,35,139,163,0
4,35,139,164,0
4,35,139,165,0
4,35,139,166,0
4,35,139,167,0
4,35,139,168,0
4,35,139,169,0
4,35,139,170,0
4,35,139,171,0
4,35,139,172,0
4,35,139,173,0
4,35,139,174,0
4,35,139,175,0
4,35,139,176,0
4,35,139,177,0
4,35,139,178,0
4,35,139,179,0
4,35,139,180,0
4,35,139,181,0
4,35,139,182,0
4,35,139,183,0
4,35,139,184,0
4,35,139,185,0
4,35,139,186,0
4,35,139,187,0
4,35,139,188,0
4,35,139,189,0
4,35,139,190,0
4,35,139,191,0
4,35,139,192,0
4,35,139,193,0
4,35,139,194,0
4,35,139,195,0
4,35,139,196,0
4,35,139,197,0
4,35,139,198,0
4,35,139,199,0
4,35,139,200,0
4,35,139,201,0
4,35,139,202,0
4,35,139,203,0
4,35,139,204,0
4,35,139,205,0
4,35,139,206,0
4,35,139,207,0
4,35,139,208,0
4,35,139,209,0
4,35,139,210,0
4,35,139,211,0
4,35,139,212,0
4,35,139,213,0
4,35,139,214,0
4,35,139,215,0
4,35,139,216,0
4,35,139,217,0
4,35,139,218,0
4,35,139,219,0
4,35,139,220,0
4,35,139,221,0
4,35,139,222,0
4,35,139,223,0
4,35,139,224,0
4,35,139,225,0
4,35,139,226,0
4,35,139,227,0
4,35,139,228,0
4,35,139,229,0
4,35,139,230,0
4,35,139,231,0
4,35,139,232,0
4,35,139,233,0
4,35,139,234,0
4,35,139,235,0
4,35,139,236,0
4,35,139,237,66
4,35,139,238,70
4,35,139,239,4
4,35,139,240,0
4,35,139,241,0
4,35,140,0,0
4,35,140,1,0
4,35,140,2,0
4,35,140,3,0
4,35,140,4,0
4,35,140,5,0
4,35,140,6,0
4,35,140,7,0
4,35,140,8,0
4,35,140,9,0
4,35,140,10,0
4,35,140,11,0
4,35,140,12,0
4,35,140,13,0
4,35,140,14,0
4,35,140,15,0
4,35,140,16,0
4,35,140,17,0
4,35,140,18,0
4,35,140,19,0
4,35,140,20,0
4,35,140,21,0
4,35,140,22,0
4,35,140,23,0
4,35,140,24,0
4,35,140,25,0
4,35,140,26,0
4,35,140,27,0
4,35,140,28,0
4,35,140,29,0
4,35,140,30,0
4,35,140,31,0
4,35,140,32,0
4,35,140,33,0
4,35,140,34,0
4,35,140,35,0
4,35,140,36,0
4,35,140,37,0
4,35,140,38,0
4,35,140,39,0
4,35,140,40,0
4,35,140,41,0
4,35,140,42,0
4,35,140,43,0
4,35,140,44,0
4,35,140,45,0
4,35,140,46,0
4,35,140,47,0
4,35,140,48,0
4,35,140,49,0
4,35,140,50,0
4,35,140,51,0
4,35,140,52,0
4,35,140,53,0
4,35,140,54,0
4,35,140,55,0
4,35,140,56,0
4,35,140,57,0
4,35,140,58,0
4,35,140,59,0
4,35,140,60,0
4,35,140,61,0
4,35,140,62,0
4,35,140,63,0
4,35,140,64,0
4,35,140,65,0
4,35,140,66,0
4,35,140,67,0
4,35,140,68,0
4,35,140,69,0
4,35,140,70,0
4,35,140,71,0
4,35,140,72,0
4,35,140,73,0
4,35,140,74,0
4,35,140,75,0
4,35,140,76,0
4,35,140,77,0
4,35,140,78,0
4,35,140,79,0
4,35,140,80,0
4,35,140,81,0
4,35,140,82,0
4,35,140,83,0
4,35,140,84,0
4,35,140,85,0
4,35,140,86,0
4,35,140,87,0
4,35,140,88,0
4,35,140,89,0
4,35,140,90,0
4,35,140,91,0
4,35,140,92,0
4,35,140,93,0
4,35,140,94,0
4,35,140,95,0
4,35,140,96,0
4,35,140,97,0
4,35,140,98,0
4,35,140,99,0
4,35,140,100,0
4,35,140,101,0
4,35,140,102,0
4,35,140,103,0
4,35,140,104,0
4,35,140,105,0
4,35,140,106,0
4,35,140,107,0
4,35,140,108,0
4,35,140,109,0
4,35,140,110,0
4,35,140,111,0
4,35,140,112,0
4,35,140,113,0
4,35,140,114,0
4,35,140,115,0
4,35,140,116,0
4,35,140,117,0
4,35,140,118,0
4,35,140,119,0
4,35,140,120,0
4,35,140,121,0
4,35,140,122,0
4,35,140,123,0
4,35,140,124,0
4,35,140,125,0
4,35,140,126,0
4,35,140,127,0
4,35,140,128,0
4,35,140,129,0
4,35,140,130,0
4,35,140,131,0
4,35,140,132,0
4,35,140,133,0
4,35,140,134,0
4,35,140,135,0
4,35,140,136,0
4,35,140,137,0
4,35,140,138,0
4,35,140,139,0
4,35,140,140,0
4,35,140,141,0
4,35,140,142,0
4,35,140,143,0
4,35,140,144,0
4,35,140,145,0
4,35,140,146,0
4,35,140,147,0
4,35,140,148,0
4,35,140,149,0
4,35,140,150,0
4,35,140,151,0
4,35,140,152,0
4,35,140,153,0
4,35,140,154,0
4,35,140,155,0
4,35,140,156,0
4,35,140,157,0
4,35,140,158,0
4,35,140,159,0
4,35,140,160,0
4,35,140,161,0
4,35,140,162,0
4,35,140,163,0
4,35,140,164,0
4,35,140,165,0
4,35,140,166,0
4,35,140,167,0
4,35,140,168,0
4,35,140,169,0
4,35,140,170,0
4,35,140,171,0
4,35,140,172,0
4,35,140,173,0
4,35,140,174,0
4,35,140,175,0
4,35,140,176,0
4,35,140,177,0
4,35,140,178,0
4,35,140,179,0
4,35,140,180,0
4,35,140,181,0
4,35,140,182,0
4,35,140,183,0
4,35,140,184,0
4,35,140,185,0
4,35,140,186,0
4,35,140,187,0
4,35,140,188,0
4,35,140,189,0
4,35,140,190,0
4,35,140,191,0
4,35,140,192,0
4,35,140,193,0
4,35,140,194,0
4,35,140,195,0
4,35,140,196,0
4,35,140,197,0
4,35,140,198,0
4,35,140,199,0
4,35,140,200,0
4,35,140,201,0
4,35,140,202,0
4,35,140,203,0
4,35,140,204,0
4,35,140,205,0
4,35,140,206,0
4,35,140,207,0
4,35,140,208,0
4,35,140,209,0
4,35,140,210,0
4,35,140,211,0
4,35,140,212,0
4,35,140,213,0
4,35,140,214,0
4,35,140,215,0
4,35,140,216,0
4,35,140,217,0
4,35,140,218,0
4,35,140,219,0
4,35,140,220,0
4,35,140,221,0
4,35,140,222,0
4,35,140,223,0
4,35,140,224,0
4,35,140,225,0
4,35,140,226,0
4,35,140,227,0
4,35,140,228,0
4,35,140,229,0
4,35,140,230,0
4,35,140,231,0
4,35,140,232,0
4,35,140,233,0
4,35,140,234,0
4,35,140,235,0
4,35,140,236,0
4,35,140,237,0
4,35,140,238,0
4,35,140,239,0
4,35,140,240,0
4,35,140,241,1
.DONE.
