r,c,o,a,count
5,32,0,0,1
5,32,0,1,0
5,32,0,2,0
5,32,0,3,0
5,32,0,4,0
5,32,0,5,0
5,32,0,6,0
5,32,0,7,0
5,32,0,8,0
5,32,0,9,0
5,32,0,10,0
5,32,0,11,0
5,32,0,12,0
5,32,0,13,0
5,32,0,14,0
5,32,0,15,0
5,32,0,16,0
5,32,0,17,0
5,32,0,18,0
5,32,0,19,0
5,32,0,20,0
5,32,0,21,0
5,32,0,22,0
5,32,0,23,0
5,32,0,24,0
5,32,0,25,0
5,32,0,26,0
5,32,0,27,0
5,32,0,28,0
5,32,0,29,0
5,32,0,30,0
5,32,0,31,0
5,32,0,32,0
5,32,0,33,0
5,32,0,34,0
5,32,0,35,0
5,32,0,36,0
5,32,0,37,0
5,32,0,38,0
5,32,0,39,0
5,32,0,40,0
5,32,0,41,0
5,32,0,42,0
5,32,0,43,0
5,32,0,44,0
5,32,0,45,0
5,32,0,46,0
5,32,0,47,0
5,32,0,48,0
5,32,0,49,0
5,32,0,50,0
5,32,0,51,0
5,32,0,52,0
5,32,0,53,0
5,32,0,54,0
5,32,0,55,0
5,32,0,56,0
5,32,0,57,0
5,32,0,58,0
5,32,0,59,0
5,32,0,60,0
5,32,0,61,0
5,32,0,62,0
5,32,0,63,0
5,32,0,64,0
5,32,0,65,0
5,32,0,66,0
5,32,0,67,0
5,32,0,68,0
5,32,0,69,0
5,32,0,70,0
5,32,0,71,0
5,32,0,72,0
5,32,0,73,0
5,32,0,74,0
5,32,0,75,0
5,32,0,76,0
5,32,0,77,0
5,32,0,78,0
5,32,0,79,0
5,32,0,80,0
5,32,0,81,0
5,32,0,82,0
5,32,0,83,0
5,32,0,84,0
5,32,0,85,0
5,32,0,86,0
5,32,0,87,0
5,32,0,88,0
5,32,0,89,0
5,32,0,90,0
5,32,0,91,0
5,32,0,92,0
5,32,0,93,0
5,32,0,94,0
5,32,0,95,0
5,32,0,96,0
5,32,0,97,0
5,32,0,98,0
5,32,0,99,0
5,32,0,100,0
5,32,0,101,0
5,32,0,102,0
5,32,0,103,0
5,32,0,104,0
5,32,0,105,0
5,32,0,106,0
5,32,0,107,0
5,32,0,108,0
5,32,0,109,0
5,32,0,110,0
5,32,0,111,0
5,32,0,112,0
5,32,0,113,0
5,32,0,114,0
5,32,0,115,0
5,32,0,116,0
5,32,0,117,0
5,32,0,118,0
5,32,0,119,0
5,32,0,120,0
5,32,0,121,0
5,32,0,122,0
5,32,0,123,0
5,32,0,124,0
5,32,0,125,0
5,32,0,126,0
5,32,0,127,0
5,32,0,128,0
5,32,0,129,0
5,32,0,130,0
5,32,0,131,0
5,32,0,132,0
5,32,0,133,0
5,32,0,134,0
5,32,0,135,0
5,32,0,136,0
5,32,0,137,0
5,32,0,138,0
5,32,0,139,0
5,32,0,140,0
5,32,0,141,0
5,32,0,142,0
5,32,0,143,0
5,32,0,144,0
5,32,0,145,0
5,32,0,146,0
5,32,0,147,0
5,32,0,148,0
5,32,0,149,0
5,32,0,150,0
5,32,0,151,0
5,32,0,152,0
5,32,0,153,0
5,32,0,154,0
5,32,0,155,0
5,32,0,156,0
5,32,0,157,0
5,32,0,158,0
5,32,0,159,0
5,32,0,160,0
5,32,0,161,0
5,32,0,162,0
5,32,0,163,0
5,32,0,164,0
5,32,0,165,0
5,32,0,166,0
5,32,0,167,0
5,32,0,168,0
5,32,0,169,0
5,32,0,170,0
5,32,0,171,0
5,32,0,172,0
5,32,0,173,0
5,32,0,174,0
5,32,0,175,0
5,32,0,176,0
5,32,0,177,0
5,32,0,178,0
5,32,0,179,0
5,32,0,180,0
5,32,0,181,0
5,32,0,182,0
5,32,0,183,0
5,32,0,184,0
5,32,0,185,0
5,32,0,186,0
5,32,0,187,0
5,32,0,188,0
5,32,0,189,0
5,32,0,190,0
5,32,0,191,0
5,32,0,192,0
5,32,0,193,0
5,32,0,194,0
5,32,0,195,0
5,32,0,196,0
5,32,0,197,0
5,32,0,198,0
5,32,0,199,0
5,32,0,200,0
5,32,0,201,0
5,32,0,202,0
5,32,0,203,0
5,32,0,204,0
5,32,0,205,0
5,32,0,206,0
5,32,0,207,0
5,32,0,208,0
5,32,0,209,0
5,32,0,210,0
5,32,0,211,0
5,32,0,212,0
5,32,0,213,0
5,32,0,214,0
5,32,0,215,0
5,32,0,216,0
5,32,0,217,0
5,32,0,218,0
5,32,0,219,0
5,32,0,220,0
5,32,0,221,0
5,32,0,222,0
5,32,0,223,0
5,32,0,224,0
5,32,0,225,0
5,32,0,226,0
5,32,0,227,0
5,32,0,228,0
5,32,0,229,0
5,32,0,230,0
5,32,0,231,0
5,32,0,232,0
5,32,0,233,0
5,32,0,234,0
5,32,0,235,0
5,32,0,236,0
5,32,0,237,0
5,32,0,238,0
5,32,0,239,0
5,32,0,240,0
5,32,0,241,0
5,32,0,242,0
5,32,0,243,0
5,32,0,244,0
5,32,0,245,0
5,32,0,246,0
5,32,0,247,0
5,32,0,248,0
5,32,0,249,0
5,32,0,250,0
5,32,0,251,0
5,32,0,252,0
5,32,0,253,0
5,32,0,254,0
5,32,0,255,0
5,32,0,256,0
5,32,0,257,0
5,32,0,258,0
5,32,0,259,0
5,32,0,260,0
5,32,0,261,0
5,32,0,262,0
5,32,0,263,0
5,32,0,264,0
5,32,0,265,0
5,32,0,266,0
5,32,0,267,0
5,32,0,268,0
5,32,0,269,0
5,32,0,270,0
5,32,0,271,0
5,32,0,272,0
5,32,0,273,0
5,32,0,274,0
5,32,0,275,0
5,32,0,276,0
5,32,0,277,0
5,32,0,278,0
5,32,0,279,0
5,32,0,280,0
5,32,0,281,0
5,32,0,282,0
5,32,0,283,0
5,32,1,0,160
5,32,1,1,0
5,32,1,2,0
5,32,1,3,0
5,32,1,4,0
5,32,1,5,0
5,32,1,6,0
5,32,1,7,0
5,32,1,8,0
5,32,1,9,0
5,32,1,10,0
5,32,1,11,0
5,32,1,12,0
5,32,1,13,0
5,32,1,14,0
5,32,1,15,0
5,32,1,16,0
5,32,1,17,0
5,32,1,18,0
5,32,1,19,0
5,32,1,20,0
5,32,1,21,0
5,32,1,22,0
5,32,1,23,0
5,32,1,24,0
5,32,1,25,0
5,32,1,26,0
5,32,1,27,0
5,32,1,28,0
5,32,1,29,0
5,32,1,30,0
5,32,1,31,0
5,32,1,32,0
5,32,1,33,0
5,32,1,34,0
5,32,1,35,0
5,32,1,36,0
5,32,1,37,0
5,32,1,38,0
5,32,1,39,0
5,32,1,40,0
5,32,1,41,0
5,32,1,42,0
5,32,1,43,0
5,32,1,44,0
5,32,1,45,0
5,32,1,46,0
5,32,1,47,0
5,32,1,48,0
5,32,1,49,0
5,32,1,50,0
5,32,1,51,0
5,32,1,52,0
5,32,1,53,0
5,32,1,54,0
5,32,1,55,0
5,32,1,56,0
5,32,1,57,0
5,32,1,58,0
5,32,1,59,0
5,32,1,60,0
5,32,1,61,0
5,32,1,62,0
5,32,1,63,0
5,32,1,64,0
5,32,1,65,0
5,32,1,66,0
5,32,1,67,0
5,32,1,68,0
5,32,1,69,0
5,32,1,70,0
5,32,1,71,0
5,32,1,72,0
5,32,1,73,0
5,32,1,74,0
5,32,1,75,0
5,32,1,76,0
5,32,1,77,0
5,32,1,78,0
5,32,1,79,0
5,32,1,80,0
5,32,1,81,0
5,32,1,82,0
5,32,1,83,0
5,32,1,84,0
5,32,1,85,0
5,32,1,86,0
5,32,1,87,0
5,32,1,88,0
5,32,1,89,0
5,32,1,90,0
5,32,1,91,0
5,32,1,92,0
5,32,1,93,0
5,32,1,94,0
5,32,1,95,0
5,32,1,96,0
5,32,1,97,0
5,32,1,98,0
5,32,1,99,0
5,32,1,100,0
5,32,1,101,0
5,32,1,102,0
5,32,1,103,0
5,32,1,104,0
5,32,1,105,0
5,32,1,106,0
5,32,1,107,0
5,32,1,108,0
5,32,1,109,0
5,32,1,110,0
5,32,1,111,0
5,32,1,112,0
5,32,1,113,0
5,32,1,114,0
5,32,1,115,0
5,32,1,116,0
5,32,1,117,0
5,32,1,118,0
5,32,1,119,0
5,32,1,120,0
5,32,1,121,0
5,32,1,122,0
5,32,1,123,0
5,32,1,124,0
5,32,1,125,0
5,32,1,126,0
5,32,1,127,0
5,32,1,128,0
5,32,1,129,0
5,32,1,130,0
5,32,1,131,0
5,32,1,132,0
5,32,1,133,0
5,32,1,134,0
5,32,1,135,0
5,32,1,136,0
5,32,1,137,0
5,32,1,138,0
5,32,1,139,0
5,32,1,140,0
5,32,1,141,0
5,32,1,142,0
5,32,1,143,0
5,32,1,144,0
5,32,1,145,0
5,32,1,146,0
5,32,1,147,0
5,32,1,148,0
5,32,1,149,0
5,32,1,150,0
5,32,1,151,0
5,32,1,152,0
5,32,1,153,0
5,32,1,154,0
5,32,1,155,0
5,32,1,156,0
5,32,1,157,0
5,32,1,158,0
5,32,1,159,0
5,32,1,160,0
5,32,1,161,0
5,32,1,162,0
5,32,1,163,0
5,32,1,164,0
5,32,1,165,0
5,32,1,166,0
5,32,1,167,0
5,32,1,168,0
5,32,1,169,0
5,32,1,170,0
5,32,1,171,0
5,32,1,172,0
5,32,1,173,0
5,32,1,174,0
5,32,1,175,0
5,32,1,176,0
5,32,1,177,0
5,32,1,178,0
5,32,1,179,0
5,32,1,180,0
5,32,1,181,0
5,32,1,182,0
5,32,1,183,0
5,32,1,184,0
5,32,1,185,0
5,32,1,186,0
5,32,1,187,0
5,32,1,188,0
5,32,1,189,0
5,32,1,190,0
5,32,1,191,0
5,32,1,192,0
5,32,1,193,0
5,32,1,194,0
5,32,1,195,0
5,32,1,196,0
5,32,1,197,0
5,32,1,198,0
5,32,1,199,0
5,32,1,200,0
5,32,1,201,0
5,32,1,202,0
5,32,1,203,0
5,32,1,204,0
5,32,1,205,0
5,32,1,206,0
5,32,1,207,0
5,32,1,208,0
5,32,1,209,0
5,32,1,210,0
5,32,1,211,0
5,32,1,212,0
5,32,1,213,0
5,32,1,214,0
5,32,1,215,0
5,32,1,216,0
5,32,1,217,0
5,32,1,218,0
5,32,1,219,0
5,32,1,220,0
5,32,1,221,0
5,32,1,222,0
5,32,1,223,0
5,32,1,224,0
5,32,1,225,0
5,32,1,226,0
5,32,1,227,0
5,32,1,228,0
5,32,1,229,0
5,32,1,230,0
5,32,1,231,0
5,32,1,232,0
5,32,1,233,0
5,32,1,234,0
5,32,1,235,0
5,32,1,236,0
5,32,1,237,0
5,32,1,238,0
5,32,1,239,0
5,32,1,240,0
5,32,1,241,0
5,32,1,242,0
5,32,1,243,0
5,32,1,244,0
5,32,1,245,0
5,32,1,246,0
5,32,1,247,0
5,32,1,248,0
5,32,1,249,0
5,32,1,250,0
5,32,1,251,0
5,32,1,252,0
5,32,1,253,0
5,32,1,254,0
5,32,1,255,0
5,32,1,256,0
5,32,1,257,0
5,32,1,258,0
5,32,1,259,0
5,32,1,260,0
5,32,1,261,0
5,32,1,262,0
5,32,1,263,0
5,32,1,264,0
5,32,1,265,0
5,32,1,266,0
5,32,1,267,0
5,32,1,268,0
5,32,1,269,0
5,32,1,270,0
5,32,1,271,0
5,32,1,272,0
5,32,1,273,0
5,32,1,274,0
5,32,1,275,0
5,32,1,276,0
5,32,1,277,0
5,32,1,278,0
5,32,1,279,0
5,32,1,280,0
5,32,1,281,0
5,32,1,282,0
5,32,1,283,0
5,32,2,0,12437
5,32,2,1,283
5,32,2,2,0
5,32,2,3,0
5,32,2,4,0
5,32,2,5,0
5,32,2,6,0
5,32,2,7,0
5,32,2,8,0
5,32,2,9,0
5,32,2,10,0
5,32,2,11,0
5,32,2,12,0
5,32,2,13,0
5,32,2,14,0
5,32,2,15,0
5,32,2,16,0
5,32,2,17,0
5,32,2,18,0
5,32,2,19,0
5,32,2,20,0
5,32,2,21,0
5,32,2,22,0
5,32,2,23,0
5,32,2,24,0
5,32,2,25,0
5,32,2,26,0
5,32,2,27,0
5,32,2,28,0
5,32,2,29,0
5,32,2,30,0
5,32,2,31,0
5,32,2,32,0
5,32,2,33,0
5,32,2,34,0
5,32,2,35,0
5,32,2,36,0
5,32,2,37,0
5,32,2,38,0
5,32,2,39,0
5,32,2,40,0
5,32,2,41,0
5,32,2,42,0
5,32,2,43,0
5,32,2,44,0
5,32,2,45,0
5,32,2,46,0
5,32,2,47,0
5,32,2,48,0
5,32,2,49,0
5,32,2,50,0
5,32,2,51,0
5,32,2,52,0
5,32,2,53,0
5,32,2,54,0
5,32,2,55,0
5,32,2,56,0
5,32,2,57,0
5,32,2,58,0
5,32,2,59,0
5,32,2,60,0
5,32,2,61,0
5,32,2,62,0
5,32,2,63,0
5,32,2,64,0
5,32,2,65,0
5,32,2,66,0
5,32,2,67,0
5,32,2,68,0
5,32,2,69,0
5,32,2,70,0
5,32,2,71,0
5,32,2,72,0
5,32,2,73,0
5,32,2,74,0
5,32,2,75,0
5,32,2,76,0
5,32,2,77,0
5,32,2,78,0
5,32,2,79,0
5,32,2,80,0
5,32,2,81,0
5,32,2,82,0
5,32,2,83,0
5,32,2,84,0
5,32,2,85,0
5,32,2,86,0
5,32,2,87,0
5,32,2,88,0
5,32,2,89,0
5,32,2,90,0
5,32,2,91,0
5,32,2,92,0
5,32,2,93,0
5,32,2,94,0
5,32,2,95,0
5,32,2,96,0
5,32,2,97,0
5,32,2,98,0
5,32,2,99,0
5,32,2,100,0
5,32,2,101,0
5,32,2,102,0
5,32,2,103,0
5,32,2,104,0
5,32,2,105,0
5,32,2,106,0
5,32,2,107,0
5,32,2,108,0
5,32,2,109,0
5,32,2,110,0
5,32,2,111,0
5,32,2,112,0
5,32,2,113,0
5,32,2,114,0
5,32,2,115,0
5,32,2,116,0
5,32,2,117,0
5,32,2,118,0
5,32,2,119,0
5,32,2,120,0
5,32,2,121,0
5,32,2,122,0
5,32,2,123,0
5,32,2,124,0
5,32,2,125,0
5,32,2,126,0
5,32,2,127,0
5,32,2,128,0
5,32,2,129,0
5,32,2,130,0
5,32,2,131,0
5,32,2,132,0
5,32,2,133,0
5,32,2,134,0
5,32,2,135,0
5,32,2,136,0
5,32,2,137,0
5,32,2,138,0
5,32,2,139,0
5,32,2,140,0
5,32,2,141,0
5,32,2,142,0
5,32,2,143,0
5,32,2,144,0
5,32,2,145,0
5,32,2,146,0
5,32,2,147,0
5,32,2,148,0
5,32,2,149,0
5,32,2,150,0
5,32,2,151,0
5,32,2,152,0
5,32,2,153,0
5,32,2,154,0
5,32,2,155,0
5,32,2,156,0
5,32,2,157,0
5,32,2,158,0
5,32,2,159,0
5,32,2,160,0
5,32,2,161,0
5,32,2,162,0
5,32,2,163,0
5,32,2,164,0
5,32,2,165,0
5,32,2,166,0
5,32,2,167,0
5,32,2,168,0
5,32,2,169,0
5,32,2,170,0
5,32,2,171,0
5,32,2,172,0
5,32,2,173,0
5,32,2,174,0
5,32,2,175,0
5,32,2,176,0
5,32,2,177,0
5,32,2,178,0
5,32,2,179,0
5,32,2,180,0
5,32,2,181,0
5,32,2,182,0
5,32,2,183,0
5,32,2,184,0
5,32,2,185,0
5,32,2,186,0
5,32,2,187,0
5,32,2,188,0
5,32,2,189,0
5,32,2,190,0
5,32,2,191,0
5,32,2,192,0
5,32,2,193,0
5,32,2,194,0
5,32,2,195,0
5,32,2,196,0
5,32,2,197,0
5,32,2,198,0
5,32,2,199,0
5,32,2,200,0
5,32,2,201,0
5,32,2,202,0
5,32,2,203,0
5,32,2,204,0
5,32,2,205,0
5,32,2,206,0
5,32,2,207,0
5,32,2,208,0
5,32,2,209,0
5,32,2,210,0
5,32,2,211,0
5,32,2,212,0
5,32,2,213,0
5,32,2,214,0
5,32,2,215,0
5,32,2,216,0
5,32,2,217,0
5,32,2,218,0
5,32,2,219,0
5,32,2,220,0
5,32,2,221,0
5,32,2,222,0
5,32,2,223,0
5,32,2,224,0
5,32,2,225,0
5,32,2,226,0
5,32,2,227,0
5,32,2,228,0
5,32,2,229,0
5,32,2,230,0
5,32,2,231,0
5,32,2,232,0
5,32,2,233,0
5,32,2,234,0
5,32,2,235,0
5,32,2,236,0
5,32,2,237,0
5,32,2,238,0
5,32,2,239,0
5,32,2,240,0
5,32,2,241,0
5,32,2,242,0
5,32,2,243,0
5,32,2,244,0
5,32,2,245,0
5,32,2,246,0
5,32,2,247,0
5,32,2,248,0
5,32,2,249,0
5,32,2,250,0
5,32,2,251,0
5,32,2,252,0
5,32,2,253,0
5,32,2,254,0
5,32,2,255,0
5,32,2,256,0
5,32,2,257,0
5,32,2,258,0
5,32,2,259,0
5,32,2,260,0
5,32,2,261,0
5,32,2,262,0
5,32,2,263,0
5,32,2,264,0
5,32,2,265,0
5,32,2,266,0
5,32,2,267,0
5,32,2,268,0
5,32,2,269,0
5,32,2,270,0
5,32,2,271,0
5,32,2,272,0
5,32,2,273,0
5,32,2,274,0
5,32,2,275,0
5,32,2,276,0
5,32,2,277,0
5,32,2,278,0
5,32,2,279,0
5,32,2,280,0
5,32,2,281,0
5,32,2,282,0
5,32,2,283,0
5,32,3,0,625948
5,32,3,1,43230
5,32,3,2,742
5,32,3,3,0
5,32,3,4,0
5,32,3,5,0
5,32,3,6,0
5,32,3,7,0
5,32,3,8,0
5,32,3,9,0
5,32,3,10,0
5,32,3,11,0
5,32,3,12,0
5,32,3,13,0
5,32,3,14,0
5,32,3,15,0
5,32,3,16,0
5,32,3,17,0
5,32,3,18,0
5,32,3,19,0
5,32,3,20,0
5,32,3,21,0
5,32,3,22,0
5,32,3,23,0
5,32,3,24,0
5,32,3,25,0
5,32,3,26,0
5,32,3,27,0
5,32,3,28,0
5,32,3,29,0
5,32,3,30,0
5,32,3,31,0
5,32,3,32,0
5,32,3,33,0
5,32,3,34,0
5,32,3,35,0
5,32,3,36,0
5,32,3,37,0
5,32,3,38,0
5,32,3,39,0
5,32,3,40,0
5,32,3,41,0
5,32,3,42,0
5,32,3,43,0
5,32,3,44,0
5,32,3,45,0
5,32,3,46,0
5,32,3,47,0
5,32,3,48,0
5,32,3,49,0
5,32,3,50,0
5,32,3,51,0
5,32,3,52,0
5,32,3,53,0
5,32,3,54,0
5,32,3,55,0
5,32,3,56,0
5,32,3,57,0
5,32,3,58,0
5,32,3,59,0
5,32,3,60,0
5,32,3,61,0
5,32,3,62,0
5,32,3,63,0
5,32,3,64,0
5,32,3,65,0
5,32,3,66,0
5,32,3,67,0
5,32,3,68,0
5,32,3,69,0
5,32,3,70,0
5,32,3,71,0
5,32,3,72,0
5,32,3,73,0
5,32,3,74,0
5,32,3,75,0
5,32,3,76,0
5,32,3,77,0
5,32,3,78,0
5,32,3,79,0
5,32,3,80,0
5,32,3,81,0
5,32,3,82,0
5,32,3,83,0
5,32,3,84,0
5,32,3,85,0
5,32,3,86,0
5,32,3,87,0
5,32,3,88,0
5,32,3,89,0
5,32,3,90,0
5,32,3,91,0
5,32,3,92,0
5,32,3,93,0
5,32,3,94,0
5,32,3,95,0
5,32,3,96,0
5,32,3,97,0
5,32,3,98,0
5,32,3,99,0
5,32,3,100,0
5,32,3,101,0
5,32,3,102,0
5,32,3,103,0
5,32,3,104,0
5,32,3,105,0
5,32,3,106,0
5,32,3,107,0
5,32,3,108,0
5,32,3,109,0
5,32,3,110,0
5,32,3,111,0
5,32,3,112,0
5,32,3,113,0
5,32,3,114,0
5,32,3,115,0
5,32,3,116,0
5,32,3,117,0
5,32,3,118,0
5,32,3,119,0
5,32,3,120,0
5,32,3,121,0
5,32,3,122,0
5,32,3,123,0
5,32,3,124,0
5,32,3,125,0
5,32,3,126,0
5,32,3,127,0
5,32,3,128,0
5,32,3,129,0
5,32,3,130,0
5,32,3,131,0
5,32,3,132,0
5,32,3,133,0
5,32,3,134,0
5,32,3,135,0
5,32,3,136,0
5,32,3,137,0
5,32,3,138,0
5,32,3,139,0
5,32,3,140,0
5,32,3,141,0
5,32,3,142,0
5,32,3,143,0
5,32,3,144,0
5,32,3,145,0
5,32,3,146,0
5,32,3,147,0
5,32,3,148,0
5,32,3,149,0
5,32,3,150,0
5,32,3,151,0
5,32,3,152,0
5,32,3,153,0
5,32,3,154,0
5,32,3,155,0
5,32,3,156,0
5,32,3,157,0
5,32,3,158,0
5,32,3,159,0
5,32,3,160,0
5,32,3,161,0
5,32,3,162,0
5,32,3,163,0
5,32,3,164,0
5,32,3,165,0
5,32,3,166,0
5,32,3,167,0
5,32,3,168,0
5,32,3,169,0
5,32,3,170,0
5,32,3,171,0
5,32,3,172,0
5,32,3,173,0
5,32,3,174,0
5,32,3,175,0
5,32,3,176,0
5,32,3,177,0
5,32,3,178,0
5,32,3,179,0
5,32,3,180,0
5,32,3,181,0
5,32,3,182,0
5,32,3,183,0
5,32,3,184,0
5,32,3,185,0
5,32,3,186,0
5,32,3,187,0
5,32,3,188,0
5,32,3,189,0
5,32,3,190,0
5,32,3,191,0
5,32,3,192,0
5,32,3,193,0
5,32,3,194,0
5,32,3,195,0
5,32,3,196,0
5,32,3,197,0
5,32,3,198,0
5,32,3,199,0
5,32,3,200,0
5,32,3,201,0
5,32,3,202,0
5,32,3,203,0
5,32,3,204,0
5,32,3,205,0
5,32,3,206,0
5,32,3,207,0
5,32,3,208,0
5,32,3,209,0
5,32,3,210,0
5,32,3,211,0
5,32,3,212,0
5,32,3,213,0
5,32,3,214,0
5,32,3,215,0
5,32,3,216,0
5,32,3,217,0
5,32,3,218,0
5,32,3,219,0
5,32,3,220,0
5,32,3,221,0
5,32,3,222,0
5,32,3,223,0
5,32,3,224,0
5,32,3,225,0
5,32,3,226,0
5,32,3,227,0
5,32,3,228,0
5,32,3,229,0
5,32,3,230,0
5,32,3,231,0
5,32,3,232,0
5,32,3,233,0
5,32,3,234,0
5,32,3,235,0
5,32,3,236,0
5,32,3,237,0
5,32,3,238,0
5,32,3,239,0
5,32,3,240,0
5,32,3,241,0
5,32,3,242,0
5,32,3,243,0
5,32,3,244,0
5,32,3,245,0
5,32,3,246,0
5,32,3,247,0
5,32,3,248,0
5,32,3,249,0
5,32,3,250,0
5,32,3,251,0
5,32,3,252,0
5,32,3,253,0
5,32,3,254,0
5,32,3,255,0
5,32,3,256,0
5,32,3,257,0
5,32,3,258,0
5,32,3,259,0
5,32,3,260,0
5,32,3,261,0
5,32,3,262,0
5,32,3,263,0
5,32,3,264,0
5,32,3,265,0
5,32,3,266,0
5,32,3,267,0
5,32,3,268,0
5,32,3,269,0
5,32,3,270,0
5,32,3,271,0
5,32,3,272,0
5,32,3,273,0
5,32,3,274,0
5,32,3,275,0
5,32,3,276,0
5,32,3,277,0
5,32,3,278,0
5,32,3,279,0
5,32,3,280,0
5,32,3,281,0
5,32,3,282,0
5,32,3,283,0
5,32,4,0,22937681
5,32,4,1,3205470
5,32,4,2,149172
5,32,4,3,1913
5,32,4,4,124
5,32,4,5,0
5,32,4,6,0
5,32,4,7,0
5,32,4,8,0
5,32,4,9,0
5,32,4,10,0
5,32,4,11,0
5,32,4,12,0
5,32,4,13,0
5,32,4,14,0
5,32,4,15,0
5,32,4,16,0
5,32,4,17,0
5,32,4,18,0
5,32,4,19,0
5,32,4,20,0
5,32,4,21,0
5,32,4,22,0
5,32,4,23,0
5,32,4,24,0
5,32,4,25,0
5,32,4,26,0
5,32,4,27,0
5,32,4,28,0
5,32,4,29,0
5,32,4,30,0
5,32,4,31,0
5,32,4,32,0
5,32,4,33,0
5,32,4,34,0
5,32,4,35,0
5,32,4,36,0
5,32,4,37,0
5,32,4,38,0
5,32,4,39,0
5,32,4,40,0
5,32,4,41,0
5,32,4,42,0
5,32,4,43,0
5,32,4,44,0
5,32,4,45,0
5,32,4,46,0
5,32,4,47,0
5,32,4,48,0
5,32,4,49,0
5,32,4,50,0
5,32,4,51,0
5,32,4,52,0
5,32,4,53,0
5,32,4,54,0
5,32,4,55,0
5,32,4,56,0
5,32,4,57,0
5,32,4,58,0
5,32,4,59,0
5,32,4,60,0
5,32,4,61,0
5,32,4,62,0
5,32,4,63,0
5,32,4,64,0
5,32,4,65,0
5,32,4,66,0
5,32,4,67,0
5,32,4,68,0
5,32,4,69,0
5,32,4,70,0
5,32,4,71,0
5,32,4,72,0
5,32,4,73,0
5,32,4,74,0
5,32,4,75,0
5,32,4,76,0
5,32,4,77,0
5,32,4,78,0
5,32,4,79,0
5,32,4,80,0
5,32,4,81,0
5,32,4,82,0
5,32,4,83,0
5,32,4,84,0
5,32,4,85,0
5,32,4,86,0
5,32,4,87,0
5,32,4,88,0
5,32,4,89,0
5,32,4,90,0
5,32,4,91,0
5,32,4,92,0
5,32,4,93,0
5,32,4,94,0
5,32,4,95,0
5,32,4,96,0
5,32,4,97,0
5,32,4,98,0
5,32,4,99,0
5,32,4,100,0
5,32,4,101,0
5,32,4,102,0
5,32,4,103,0
5,32,4,104,0
5,32,4,105,0
5,32,4,106,0
5,32,4,107,0
5,32,4,108,0
5,32,4,109,0
5,32,4,110,0
5,32,4,111,0
5,32,4,112,0
5,32,4,113,0
5,32,4,114,0
5,32,4,115,0
5,32,4,116,0
5,32,4,117,0
5,32,4,118,0
5,32,4,119,0
5,32,4,120,0
5,32,4,121,0
5,32,4,122,0
5,32,4,123,0
5,32,4,124,0
5,32,4,125,0
5,32,4,126,0
5,32,4,127,0
5,32,4,128,0
5,32,4,129,0
5,32,4,130,0
5,32,4,131,0
5,32,4,132,0
5,32,4,133,0
5,32,4,134,0
5,32,4,135,0
5,32,4,136,0
5,32,4,137,0
5,32,4,138,0
5,32,4,139,0
5,32,4,140,0
5,32,4,141,0
5,32,4,142,0
5,32,4,143,0
5,32,4,144,0
5,32,4,145,0
5,32,4,146,0
5,32,4,147,0
5,32,4,148,0
5,32,4,149,0
5,32,4,150,0
5,32,4,151,0
5,32,4,152,0
5,32,4,153,0
5,32,4,154,0
5,32,4,155,0
5,32,4,156,0
5,32,4,157,0
5,32,4,158,0
5,32,4,159,0
5,32,4,160,0
5,32,4,161,0
5,32,4,162,0
5,32,4,163,0
5,32,4,164,0
5,32,4,165,0
5,32,4,166,0
5,32,4,167,0
5,32,4,168,0
5,32,4,169,0
5,32,4,170,0
5,32,4,171,0
5,32,4,172,0
5,32,4,173,0
5,32,4,174,0
5,32,4,175,0
5,32,4,176,0
5,32,4,177,0
5,32,4,178,0
5,32,4,179,0
5,32,4,180,0
5,32,4,181,0
5,32,4,182,0
5,32,4,183,0
5,32,4,184,0
5,32,4,185,0
5,32,4,186,0
5,32,4,187,0
5,32,4,188,0
5,32,4,189,0
5,32,4,190,0
5,32,4,191,0
5,32,4,192,0
5,32,4,193,0
5,32,4,194,0
5,32,4,195,0
5,32,4,196,0
5,32,4,197,0
5,32,4,198,0
5,32,4,199,0
5,32,4,200,0
5,32,4,201,0
5,32,4,202,0
5,32,4,203,0
5,32,4,204,0
5,32,4,205,0
5,32,4,206,0
5,32,4,207,0
5,32,4,208,0
5,32,4,209,0
5,32,4,210,0
5,32,4,211,0
5,32,4,212,0
5,32,4,213,0
5,32,4,214,0
5,32,4,215,0
5,32,4,216,0
5,32,4,217,0
5,32,4,218,0
5,32,4,219,0
5,32,4,220,0
5,32,4,221,0
5,32,4,222,0
5,32,4,223,0
5,32,4,224,0
5,32,4,225,0
5,32,4,226,0
5,32,4,227,0
5,32,4,228,0
5,32,4,229,0
5,32,4,230,0
5,32,4,231,0
5,32,4,232,0
5,32,4,233,0
5,32,4,234,0
5,32,4,235,0
5,32,4,236,0
5,32,4,237,0
5,32,4,238,0
5,32,4,239,0
5,32,4,240,0
5,32,4,241,0
5,32,4,242,0
5,32,4,243,0
5,32,4,244,0
5,32,4,245,0
5,32,4,246,0
5,32,4,247,0
5,32,4,248,0
5,32,4,249,0
5,32,4,250,0
5,32,4,251,0
5,32,4,252,0
5,32,4,253,0
5,32,4,254,0
5,32,4,255,0
5,32,4,256,0
5,32,4,257,0
5,32,4,258,0
5,32,4,259,0
5,32,4,260,0
5,32,4,261,0
5,32,4,262,0
5,32,4,263,0
5,32,4,264,0
5,32,4,265,0
5,32,4,266,0
5,32,4,267,0
5,32,4,268,0
5,32,4,269,0
5,32,4,270,0
5,32,4,271,0
5,32,4,272,0
5,32,4,273,0
5,32,4,274,0
5,32,4,275,0
5,32,4,276,0
5,32,4,277,0
5,32,4,278,0
5,32,4,279,0
5,32,4,280,0
5,32,4,281,0
5,32,4,282,0
5,32,4,283,0
5,32,5,0,652504954
5,32,5,1,153761754
5,32,5,2,13616358
5,32,5,3,476638
5,32,5,4,23476
5,32,5,5,852
5,32,5,6,0
5,32,5,7,0
5,32,5,8,0
5,32,5,9,0
5,32,5,10,0
5,32,5,11,0
5,32,5,12,0
5,32,5,13,0
5,32,5,14,0
5,32,5,15,0
5,32,5,16,0
5,32,5,17,0
5,32,5,18,0
5,32,5,19,0
5,32,5,20,0
5,32,5,21,0
5,32,5,22,0
5,32,5,23,0
5,32,5,24,0
5,32,5,25,0
5,32,5,26,0
5,32,5,27,0
5,32,5,28,0
5,32,5,29,0
5,32,5,30,0
5,32,5,31,0
5,32,5,32,0
5,32,5,33,0
5,32,5,34,0
5,32,5,35,0
5,32,5,36,0
5,32,5,37,0
5,32,5,38,0
5,32,5,39,0
5,32,5,40,0
5,32,5,41,0
5,32,5,42,0
5,32,5,43,0
5,32,5,44,0
5,32,5,45,0
5,32,5,46,0
5,32,5,47,0
5,32,5,48,0
5,32,5,49,0
5,32,5,50,0
5,32,5,51,0
5,32,5,52,0
5,32,5,53,0
5,32,5,54,0
5,32,5,55,0
5,32,5,56,0
5,32,5,57,0
5,32,5,58,0
5,32,5,59,0
5,32,5,60,0
5,32,5,61,0
5,32,5,62,0
5,32,5,63,0
5,32,5,64,0
5,32,5,65,0
5,32,5,66,0
5,32,5,67,0
5,32,5,68,0
5,32,5,69,0
5,32,5,70,0
5,32,5,71,0
5,32,5,72,0
5,32,5,73,0
5,32,5,74,0
5,32,5,75,0
5,32,5,76,0
5,32,5,77,0
5,32,5,78,0
5,32,5,79,0
5,32,5,80,0
5,32,5,81,0
5,32,5,82,0
5,32,5,83,0
5,32,5,84,0
5,32,5,85,0
5,32,5,86,0
5,32,5,87,0
5,32,5,88,0
5,32,5,89,0
5,32,5,90,0
5,32,5,91,0
5,32,5,92,0
5,32,5,93,0
5,32,5,94,0
5,32,5,95,0
5,32,5,96,0
5,32,5,97,0
5,32,5,98,0
5,32,5,99,0
5,32,5,100,0
5,32,5,101,0
5,32,5,102,0
5,32,5,103,0
5,32,5,104,0
5,32,5,105,0
5,32,5,106,0
5,32,5,107,0
5,32,5,108,0
5,32,5,109,0
5,32,5,110,0
5,32,5,111,0
5,32,5,112,0
5,32,5,113,0
5,32,5,114,0
5,32,5,115,0
5,32,5,116,0
5,32,5,117,0
5,32,5,118,0
5,32,5,119,0
5,32,5,120,0
5,32,5,121,0
5,32,5,122,0
5,32,5,123,0
5,32,5,124,0
5,32,5,125,0
5,32,5,126,0
5,32,5,127,0
5,32,5,128,0
5,32,5,129,0
5,32,5,130,0
5,32,5,131,0
5,32,5,132,0
5,32,5,133,0
5,32,5,134,0
5,32,5,135,0
5,32,5,136,0
5,32,5,137,0
5,32,5,138,0
5,32,5,139,0
5,32,5,140,0
5,32,5,141,0
5,32,5,142,0
5,32,5,143,0
5,32,5,144,0
5,32,5,145,0
5,32,5,146,0
5,32,5,147,0
5,32,5,148,0
5,32,5,149,0
5,32,5,150,0
5,32,5,151,0
5,32,5,152,0
5,32,5,153,0
5,32,5,154,0
5,32,5,155,0
5,32,5,156,0
5,32,5,157,0
5,32,5,158,0
5,32,5,159,0
5,32,5,160,0
5,32,5,161,0
5,32,5,162,0
5,32,5,163,0
5,32,5,164,0
5,32,5,165,0
5,32,5,166,0
5,32,5,167,0
5,32,5,168,0
5,32,5,169,0
5,32,5,170,0
5,32,5,171,0
5,32,5,172,0
5,32,5,173,0
5,32,5,174,0
5,32,5,175,0
5,32,5,176,0
5,32,5,177,0
5,32,5,178,0
5,32,5,179,0
5,32,5,180,0
5,32,5,181,0
5,32,5,182,0
5,32,5,183,0
5,32,5,184,0
5,32,5,185,0
5,32,5,186,0
5,32,5,187,0
5,32,5,188,0
5,32,5,189,0
5,32,5,190,0
5,32,5,191,0
5,32,5,192,0
5,32,5,193,0
5,32,5,194,0
5,32,5,195,0
5,32,5,196,0
5,32,5,197,0
5,32,5,198,0
5,32,5,199,0
5,32,5,200,0
5,32,5,201,0
5,32,5,202,0
5,32,5,203,0
5,32,5,204,0
5,32,5,205,0
5,32,5,206,0
5,32,5,207,0
5,32,5,208,0
5,32,5,209,0
5,32,5,210,0
5,32,5,211,0
5,32,5,212,0
5,32,5,213,0
5,32,5,214,0
5,32,5,215,0
5,32,5,216,0
5,32,5,217,0
5,32,5,218,0
5,32,5,219,0
5,32,5,220,0
5,32,5,221,0
5,32,5,222,0
5,32,5,223,0
5,32,5,224,0
5,32,5,225,0
5,32,5,226,0
5,32,5,227,0
5,32,5,228,0
5,32,5,229,0
5,32,5,230,0
5,32,5,231,0
5,32,5,232,0
5,32,5,233,0
5,32,5,234,0
5,32,5,235,0
5,32,5,236,0
5,32,5,237,0
5,32,5,238,0
5,32,5,239,0
5,32,5,240,0
5,32,5,241,0
5,32,5,242,0
5,32,5,243,0
5,32,5,244,0
5,32,5,245,0
5,32,5,246,0
5,32,5,247,0
5,32,5,248,0
5,32,5,249,0
5,32,5,250,0
5,32,5,251,0
5,32,5,252,0
5,32,5,253,0
5,32,5,254,0
5,32,5,255,0
5,32,5,256,0
5,32,5,257,0
5,32,5,258,0
5,32,5,259,0
5,32,5,260,0
5,32,5,261,0
5,32,5,262,0
5,32,5,263,0
5,32,5,264,0
5,32,5,265,0
5,32,5,266,0
5,32,5,267,0
5,32,5,268,0
5,32,5,269,0
5,32,5,270,0
5,32,5,271,0
5,32,5,272,0
5,32,5,273,0
5,32,5,274,0
5,32,5,275,0
5,32,5,276,0
5,32,5,277,0
5,32,5,278,0
5,32,5,279,0
5,32,5,280,0
5,32,5,281,0
5,32,5,282,0
5,32,5,283,0
5,32,6,0,15002795509
5,32,6,1,5365468482
5,32,6,2,770844824
5,32,6,3,51169293
5,32,6,4,2801544
5,32,6,5,170711
5,32,6,6,3584
5,32,6,7,213
5,32,6,8,0
5,32,6,9,0
5,32,6,10,0
5,32,6,11,0
5,32,6,12,0
5,32,6,13,0
5,32,6,14,0
5,32,6,15,0
5,32,6,16,0
5,32,6,17,0
5,32,6,18,0
5,32,6,19,0
5,32,6,20,0
5,32,6,21,0
5,32,6,22,0
5,32,6,23,0
5,32,6,24,0
5,32,6,25,0
5,32,6,26,0
5,32,6,27,0
5,32,6,28,0
5,32,6,29,0
5,32,6,30,0
5,32,6,31,0
5,32,6,32,0
5,32,6,33,0
5,32,6,34,0
5,32,6,35,0
5,32,6,36,0
5,32,6,37,0
5,32,6,38,0
5,32,6,39,0
5,32,6,40,0
5,32,6,41,0
5,32,6,42,0
5,32,6,43,0
5,32,6,44,0
5,32,6,45,0
5,32,6,46,0
5,32,6,47,0
5,32,6,48,0
5,32,6,49,0
5,32,6,50,0
5,32,6,51,0
5,32,6,52,0
5,32,6,53,0
5,32,6,54,0
5,32,6,55,0
5,32,6,56,0
5,32,6,57,0
5,32,6,58,0
5,32,6,59,0
5,32,6,60,0
5,32,6,61,0
5,32,6,62,0
5,32,6,63,0
5,32,6,64,0
5,32,6,65,0
5,32,6,66,0
5,32,6,67,0
5,32,6,68,0
5,32,6,69,0
5,32,6,70,0
5,32,6,71,0
5,32,6,72,0
5,32,6,73,0
5,32,6,74,0
5,32,6,75,0
5,32,6,76,0
5,32,6,77,0
5,32,6,78,0
5,32,6,79,0
5,32,6,80,0
5,32,6,81,0
5,32,6,82,0
5,32,6,83,0
5,32,6,84,0
5,32,6,85,0
5,32,6,86,0
5,32,6,87,0
5,32,6,88,0
5,32,6,89,0
5,32,6,90,0
5,32,6,91,0
5,32,6,92,0
5,32,6,93,0
5,32,6,94,0
5,32,6,95,0
5,32,6,96,0
5,32,6,97,0
5,32,6,98,0
5,32,6,99,0
5,32,6,100,0
5,32,6,101,0
5,32,6,102,0
5,32,6,103,0
5,32,6,104,0
5,32,6,105,0
5,32,6,106,0
5,32,6,107,0
5,32,6,108,0
5,32,6,109,0
5,32,6,110,0
5,32,6,111,0
5,32,6,112,0
5,32,6,113,0
5,32,6,114,0
5,32,6,115,0
5,32,6,116,0
5,32,6,117,0
5,32,6,118,0
5,32,6,119,0
5,32,6,120,0
5,32,6,121,0
5,32,6,122,0
5,32,6,123,0
5,32,6,124,0
5,32,6,125,0
5,32,6,126,0
5,32,6,127,0
5,32,6,128,0
5,32,6,129,0
5,32,6,130,0
5,32,6,131,0
5,32,6,132,0
5,32,6,133,0
5,32,6,134,0
5,32,6,135,0
5,32,6,136,0
5,32,6,137,0
5,32,6,138,0
5,32,6,139,0
5,32,6,140,0
5,32,6,141,0
5,32,6,142,0
5,32,6,143,0
5,32,6,144,0
5,32,6,145,0
5,32,6,146,0
5,32,6,147,0
5,32,6,148,0
5,32,6,149,0
5,32,6,150,0
5,32,6,151,0
5,32,6,152,0
5,32,6,153,0
5,32,6,154,0
5,32,6,155,0
5,32,6,156,0
5,32,6,157,0
5,32,6,158,0
5,32,6,159,0
5,32,6,160,0
5,32,6,161,0
5,32,6,162,0
5,32,6,163,0
5,32,6,164,0
5,32,6,165,0
5,32,6,166,0
5,32,6,167,0
5,32,6,168,0
5,32,6,169,0
5,32,6,170,0
5,32,6,171,0
5,32,6,172,0
5,32,6,173,0
5,32,6,174,0
5,32,6,175,0
5,32,6,176,0
5,32,6,177,0
5,32,6,178,0
5,32,6,179,0
5,32,6,180,0
5,32,6,181,0
5,32,6,182,0
5,32,6,183,0
5,32,6,184,0
5,32,6,185,0
5,32,6,186,0
5,32,6,187,0
5,32,6,188,0
5,32,6,189,0
5,32,6,190,0
5,32,6,191,0
5,32,6,192,0
5,32,6,193,0
5,32,6,194,0
5,32,6,195,0
5,32,6,196,0
5,32,6,197,0
5,32,6,198,0
5,32,6,199,0
5,32,6,200,0
5,32,6,201,0
5,32,6,202,0
5,32,6,203,0
5,32,6,204,0
5,32,6,205,0
5,32,6,206,0
5,32,6,207,0
5,32,6,208,0
5,32,6,209,0
5,32,6,210,0
5,32,6,211,0
5,32,6,212,0
5,32,6,213,0
5,32,6,214,0
5,32,6,215,0
5,32,6,216,0
5,32,6,217,0
5,32,6,218,0
5,32,6,219,0
5,32,6,220,0
5,32,6,221,0
5,32,6,222,0
5,32,6,223,0
5,32,6,224,0
5,32,6,225,0
5,32,6,226,0
5,32,6,227,0
5,32,6,228,0
5,32,6,229,0
5,32,6,230,0
5,32,6,231,0
5,32,6,232,0
5,32,6,233,0
5,32,6,234,0
5,32,6,235,0
5,32,6,236,0
5,32,6,237,0
5,32,6,238,0
5,32,6,239,0
5,32,6,240,0
5,32,6,241,0
5,32,6,242,0
5,32,6,243,0
5,32,6,244,0
5,32,6,245,0
5,32,6,246,0
5,32,6,247,0
5,32,6,248,0
5,32,6,249,0
5,32,6,250,0
5,32,6,251,0
5,32,6,252,0
5,32,6,253,0
5,32,6,254,0
5,32,6,255,0
5,32,6,256,0
5,32,6,257,0
5,32,6,258,0
5,32,6,259,0
5,32,6,260,0
5,32,6,261,0
5,32,6,262,0
5,32,6,263,0
5,32,6,264,0
5,32,6,265,0
5,32,6,266,0
5,32,6,267,0
5,32,6,268,0
5,32,6,269,0
5,32,6,270,0
5,32,6,271,0
5,32,6,272,0
5,32,6,273,0
5,32,6,274,0
5,32,6,275,0
5,32,6,276,0
5,32,6,277,0
5,32,6,278,0
5,32,6,279,0
5,32,6,280,0
5,32,6,281,0
5,32,6,282,0
5,32,6,283,0
5,32,7,0,286647333322
5,32,7,1,145209431676
5,32,7,2,30833244132
5,32,7,3,3301344740
5,32,7,4,241428916
5,32,7,5,17908700
5,32,7,6,854496
5,32,7,7,43566
5,32,7,8,1972
5,32,7,9,0
5,32,7,10,0
5,32,7,11,0
5,32,7,12,0
5,32,7,13,0
5,32,7,14,0
5,32,7,15,0
5,32,7,16,0
5,32,7,17,0
5,32,7,18,0
5,32,7,19,0
5,32,7,20,0
5,32,7,21,0
5,32,7,22,0
5,32,7,23,0
5,32,7,24,0
5,32,7,25,0
5,32,7,26,0
5,32,7,27,0
5,32,7,28,0
5,32,7,29,0
5,32,7,30,0
5,32,7,31,0
5,32,7,32,0
5,32,7,33,0
5,32,7,34,0
5,32,7,35,0
5,32,7,36,0
5,32,7,37,0
5,32,7,38,0
5,32,7,39,0
5,32,7,40,0
5,32,7,41,0
5,32,7,42,0
5,32,7,43,0
5,32,7,44,0
5,32,7,45,0
5,32,7,46,0
5,32,7,47,0
5,32,7,48,0
5,32,7,49,0
5,32,7,50,0
5,32,7,51,0
5,32,7,52,0
5,32,7,53,0
5,32,7,54,0
5,32,7,55,0
5,32,7,56,0
5,32,7,57,0
5,32,7,58,0
5,32,7,59,0
5,32,7,60,0
5,32,7,61,0
5,32,7,62,0
5,32,7,63,0
5,32,7,64,0
5,32,7,65,0
5,32,7,66,0
5,32,7,67,0
5,32,7,68,0
5,32,7,69,0
5,32,7,70,0
5,32,7,71,0
5,32,7,72,0
5,32,7,73,0
5,32,7,74,0
5,32,7,75,0
5,32,7,76,0
5,32,7,77,0
5,32,7,78,0
5,32,7,79,0
5,32,7,80,0
5,32,7,81,0
5,32,7,82,0
5,32,7,83,0
5,32,7,84,0
5,32,7,85,0
5,32,7,86,0
5,32,7,87,0
5,32,7,88,0
5,32,7,89,0
5,32,7,90,0
5,32,7,91,0
5,32,7,92,0
5,32,7,93,0
5,32,7,94,0
5,32,7,95,0
5,32,7,96,0
5,32,7,97,0
5,32,7,98,0
5,32,7,99,0
5,32,7,100,0
5,32,7,101,0
5,32,7,102,0
5,32,7,103,0
5,32,7,104,0
5,32,7,105,0
5,32,7,106,0
5,32,7,107,0
5,32,7,108,0
5,32,7,109,0
5,32,7,110,0
5,32,7,111,0
5,32,7,112,0
5,32,7,113,0
5,32,7,114,0
5,32,7,115,0
5,32,7,116,0
5,32,7,117,0
5,32,7,118,0
5,32,7,119,0
5,32,7,120,0
5,32,7,121,0
5,32,7,122,0
5,32,7,123,0
5,32,7,124,0
5,32,7,125,0
5,32,7,126,0
5,32,7,127,0
5,32,7,128,0
5,32,7,129,0
5,32,7,130,0
5,32,7,131,0
5,32,7,132,0
5,32,7,133,0
5,32,7,134,0
5,32,7,135,0
5,32,7,136,0
5,32,7,137,0
5,32,7,138,0
5,32,7,139,0
5,32,7,140,0
5,32,7,141,0
5,32,7,142,0
5,32,7,143,0
5,32,7,144,0
5,32,7,145,0
5,32,7,146,0
5,32,7,147,0
5,32,7,148,0
5,32,7,149,0
5,32,7,150,0
5,32,7,151,0
5,32,7,152,0
5,32,7,153,0
5,32,7,154,0
5,32,7,155,0
5,32,7,156,0
5,32,7,157,0
5,32,7,158,0
5,32,7,159,0
5,32,7,160,0
5,32,7,161,0
5,32,7,162,0
5,32,7,163,0
5,32,7,164,0
5,32,7,165,0
5,32,7,166,0
5,32,7,167,0
5,32,7,168,0
5,32,7,169,0
5,32,7,170,0
5,32,7,171,0
5,32,7,172,0
5,32,7,173,0
5,32,7,174,0
5,32,7,175,0
5,32,7,176,0
5,32,7,177,0
5,32,7,178,0
5,32,7,179,0
5,32,7,180,0
5,32,7,181,0
5,32,7,182,0
5,32,7,183,0
5,32,7,184,0
5,32,7,185,0
5,32,7,186,0
5,32,7,187,0
5,32,7,188,0
5,32,7,189,0
5,32,7,190,0
5,32,7,191,0
5,32,7,192,0
5,32,7,193,0
5,32,7,194,0
5,32,7,195,0
5,32,7,196,0
5,32,7,197,0
5,32,7,198,0
5,32,7,199,0
5,32,7,200,0
5,32,7,201,0
5,32,7,202,0
5,32,7,203,0
5,32,7,204,0
5,32,7,205,0
5,32,7,206,0
5,32,7,207,0
5,32,7,208,0
5,32,7,209,0
5,32,7,210,0
5,32,7,211,0
5,32,7,212,0
5,32,7,213,0
5,32,7,214,0
5,32,7,215,0
5,32,7,216,0
5,32,7,217,0
5,32,7,218,0
5,32,7,219,0
5,32,7,220,0
5,32,7,221,0
5,32,7,222,0
5,32,7,223,0
5,32,7,224,0
5,32,7,225,0
5,32,7,226,0
5,32,7,227,0
5,32,7,228,0
5,32,7,229,0
5,32,7,230,0
5,32,7,231,0
5,32,7,232,0
5,32,7,233,0
5,32,7,234,0
5,32,7,235,0
5,32,7,236,0
5,32,7,237,0
5,32,7,238,0
5,32,7,239,0
5,32,7,240,0
5,32,7,241,0
5,32,7,242,0
5,32,7,243,0
5,32,7,244,0
5,32,7,245,0
5,32,7,246,0
5,32,7,247,0
5,32,7,248,0
5,32,7,249,0
5,32,7,250,0
5,32,7,251,0
5,32,7,252,0
5,32,7,253,0
5,32,7,254,0
5,32,7,255,0
5,32,7,256,0
5,32,7,257,0
5,32,7,258,0
5,32,7,259,0
5,32,7,260,0
5,32,7,261,0
5,32,7,262,0
5,32,7,263,0
5,32,7,264,0
5,32,7,265,0
5,32,7,266,0
5,32,7,267,0
5,32,7,268,0
5,32,7,269,0
5,32,7,270,0
5,32,7,271,0
5,32,7,272,0
5,32,7,273,0
5,32,7,274,0
5,32,7,275,0
5,32,7,276,0
5,32,7,277,0
5,32,7,278,0
5,32,7,279,0
5,32,7,280,0
5,32,7,281,0
5,32,7,282,0
5,32,7,283,0
5,32,8,0,4643668289761
5,32,8,1,3173448000606
5,32,8,2,936273250228
5,32,8,3,147279203187
5,32,8,4,14968005351
5,32,8,5,1323446389
5,32,8,6,95360740
5,32,8,7,5735366
5,32,8,8,385771
5,32,8,9,9883
5,32,8,10,538
5,32,8,11,0
5,32,8,12,0
5,32,8,13,0
5,32,8,14,0
5,32,8,15,0
5,32,8,16,0
5,32,8,17,0
5,32,8,18,0
5,32,8,19,0
5,32,8,20,0
5,32,8,21,0
5,32,8,22,0
5,32,8,23,0
5,32,8,24,0
5,32,8,25,0
5,32,8,26,0
5,32,8,27,0
5,32,8,28,0
5,32,8,29,0
5,32,8,30,0
5,32,8,31,0
5,32,8,32,0
5,32,8,33,0
5,32,8,34,0
5,32,8,35,0
5,32,8,36,0
5,32,8,37,0
5,32,8,38,0
5,32,8,39,0
5,32,8,40,0
5,32,8,41,0
5,32,8,42,0
5,32,8,43,0
5,32,8,44,0
5,32,8,45,0
5,32,8,46,0
5,32,8,47,0
5,32,8,48,0
5,32,8,49,0
5,32,8,50,0
5,32,8,51,0
5,32,8,52,0
5,32,8,53,0
5,32,8,54,0
5,32,8,55,0
5,32,8,56,0
5,32,8,57,0
5,32,8,58,0
5,32,8,59,0
5,32,8,60,0
5,32,8,61,0
5,32,8,62,0
5,32,8,63,0
5,32,8,64,0
5,32,8,65,0
5,32,8,66,0
5,32,8,67,0
5,32,8,68,0
5,32,8,69,0
5,32,8,70,0
5,32,8,71,0
5,32,8,72,0
5,32,8,73,0
5,32,8,74,0
5,32,8,75,0
5,32,8,76,0
5,32,8,77,0
5,32,8,78,0
5,32,8,79,0
5,32,8,80,0
5,32,8,81,0
5,32,8,82,0
5,32,8,83,0
5,32,8,84,0
5,32,8,85,0
5,32,8,86,0
5,32,8,87,0
5,32,8,88,0
5,32,8,89,0
5,32,8,90,0
5,32,8,91,0
5,32,8,92,0
5,32,8,93,0
5,32,8,94,0
5,32,8,95,0
5,32,8,96,0
5,32,8,97,0
5,32,8,98,0
5,32,8,99,0
5,32,8,100,0
5,32,8,101,0
5,32,8,102,0
5,32,8,103,0
5,32,8,104,0
5,32,8,105,0
5,32,8,106,0
5,32,8,107,0
5,32,8,108,0
5,32,8,109,0
5,32,8,110,0
5,32,8,111,0
5,32,8,112,0
5,32,8,113,0
5,32,8,114,0
5,32,8,115,0
5,32,8,116,0
5,32,8,117,0
5,32,8,118,0
5,32,8,119,0
5,32,8,120,0
5,32,8,121,0
5,32,8,122,0
5,32,8,123,0
5,32,8,124,0
5,32,8,125,0
5,32,8,126,0
5,32,8,127,0
5,32,8,128,0
5,32,8,129,0
5,32,8,130,0
5,32,8,131,0
5,32,8,132,0
5,32,8,133,0
5,32,8,134,0
5,32,8,135,0
5,32,8,136,0
5,32,8,137,0
5,32,8,138,0
5,32,8,139,0
5,32,8,140,0
5,32,8,141,0
5,32,8,142,0
5,32,8,143,0
5,32,8,144,0
5,32,8,145,0
5,32,8,146,0
5,32,8,147,0
5,32,8,148,0
5,32,8,149,0
5,32,8,150,0
5,32,8,151,0
5,32,8,152,0
5,32,8,153,0
5,32,8,154,0
5,32,8,155,0
5,32,8,156,0
5,32,8,157,0
5,32,8,158,0
5,32,8,159,0
5,32,8,160,0
5,32,8,161,0
5,32,8,162,0
5,32,8,163,0
5,32,8,164,0
5,32,8,165,0
5,32,8,166,0
5,32,8,167,0
5,32,8,168,0
5,32,8,169,0
5,32,8,170,0
5,32,8,171,0
5,32,8,172,0
5,32,8,173,0
5,32,8,174,0
5,32,8,175,0
5,32,8,176,0
5,32,8,177,0
5,32,8,178,0
5,32,8,179,0
5,32,8,180,0
5,32,8,181,0
5,32,8,182,0
5,32,8,183,0
5,32,8,184,0
5,32,8,185,0
5,32,8,186,0
5,32,8,187,0
5,32,8,188,0
5,32,8,189,0
5,32,8,190,0
5,32,8,191,0
5,32,8,192,0
5,32,8,193,0
5,32,8,194,0
5,32,8,195,0
5,32,8,196,0
5,32,8,197,0
5,32,8,198,0
5,32,8,199,0
5,32,8,200,0
5,32,8,201,0
5,32,8,202,0
5,32,8,203,0
5,32,8,204,0
5,32,8,205,0
5,32,8,206,0
5,32,8,207,0
5,32,8,208,0
5,32,8,209,0
5,32,8,210,0
5,32,8,211,0
5,32,8,212,0
5,32,8,213,0
5,32,8,214,0
5,32,8,215,0
5,32,8,216,0
5,32,8,217,0
5,32,8,218,0
5,32,8,219,0
5,32,8,220,0
5,32,8,221,0
5,32,8,222,0
5,32,8,223,0
5,32,8,224,0
5,32,8,225,0
5,32,8,226,0
5,32,8,227,0
5,32,8,228,0
5,32,8,229,0
5,32,8,230,0
5,32,8,231,0
5,32,8,232,0
5,32,8,233,0
5,32,8,234,0
5,32,8,235,0
5,32,8,236,0
5,32,8,237,0
5,32,8,238,0
5,32,8,239,0
5,32,8,240,0
5,32,8,241,0
5,32,8,242,0
5,32,8,243,0
5,32,8,244,0
5,32,8,245,0
5,32,8,246,0
5,32,8,247,0
5,32,8,248,0
5,32,8,249,0
5,32,8,250,0
5,32,8,251,0
5,32,8,252,0
5,32,8,253,0
5,32,8,254,0
5,32,8,255,0
5,32,8,256,0
5,32,8,257,0
5,32,8,258,0
5,32,8,259,0
5,32,8,260,0
5,32,8,261,0
5,32,8,262,0
5,32,8,263,0
5,32,8,264,0
5,32,8,265,0
5,32,8,266,0
5,32,8,267,0
5,32,8,268,0
5,32,8,269,0
5,32,8,270,0
5,32,8,271,0
5,32,8,272,0
5,32,8,273,0
5,32,8,274,0
5,32,8,275,0
5,32,8,276,0
5,32,8,277,0
5,32,8,278,0
5,32,8,279,0
5,32,8,280,0
5,32,8,281,0
5,32,8,282,0
5,32,8,283,0
5,32,9,0,64765459290476
5,32,9,1,57575922789084
5,32,9,2,22583727049678
5,32,9,3,4908808648980
5,32,9,4,683207688770
5,32,9,5,74605449098
5,32,9,6,6953258014
5,32,9,7,535954592
5,32,9,8,41557360
5,32,9,9,2253410
5,32,9,10,116132
5,32,9,11,5276
5,32,9,12,90
5,32,9,13,0
5,32,9,14,0
5,32,9,15,0
5,32,9,16,0
5,32,9,17,0
5,32,9,18,0
5,32,9,19,0
5,32,9,20,0
5,32,9,21,0
5,32,9,22,0
5,32,9,23,0
5,32,9,24,0
5,32,9,25,0
5,32,9,26,0
5,32,9,27,0
5,32,9,28,0
5,32,9,29,0
5,32,9,30,0
5,32,9,31,0
5,32,9,32,0
5,32,9,33,0
5,32,9,34,0
5,32,9,35,0
5,32,9,36,0
5,32,9,37,0
5,32,9,38,0
5,32,9,39,0
5,32,9,40,0
5,32,9,41,0
5,32,9,42,0
5,32,9,43,0
5,32,9,44,0
5,32,9,45,0
5,32,9,46,0
5,32,9,47,0
5,32,9,48,0
5,32,9,49,0
5,32,9,50,0
5,32,9,51,0
5,32,9,52,0
5,32,9,53,0
5,32,9,54,0
5,32,9,55,0
5,32,9,56,0
5,32,9,57,0
5,32,9,58,0
5,32,9,59,0
5,32,9,60,0
5,32,9,61,0
5,32,9,62,0
5,32,9,63,0
5,32,9,64,0
5,32,9,65,0
5,32,9,66,0
5,32,9,67,0
5,32,9,68,0
5,32,9,69,0
5,32,9,70,0
5,32,9,71,0
5,32,9,72,0
5,32,9,73,0
5,32,9,74,0
5,32,9,75,0
5,32,9,76,0
5,32,9,77,0
5,32,9,78,0
5,32,9,79,0
5,32,9,80,0
5,32,9,81,0
5,32,9,82,0
5,32,9,83,0
5,32,9,84,0
5,32,9,85,0
5,32,9,86,0
5,32,9,87,0
5,32,9,88,0
5,32,9,89,0
5,32,9,90,0
5,32,9,91,0
5,32,9,92,0
5,32,9,93,0
5,32,9,94,0
5,32,9,95,0
5,32,9,96,0
5,32,9,97,0
5,32,9,98,0
5,32,9,99,0
5,32,9,100,0
5,32,9,101,0
5,32,9,102,0
5,32,9,103,0
5,32,9,104,0
5,32,9,105,0
5,32,9,106,0
5,32,9,107,0
5,32,9,108,0
5,32,9,109,0
5,32,9,110,0
5,32,9,111,0
5,32,9,112,0
5,32,9,113,0
5,32,9,114,0
5,32,9,115,0
5,32,9,116,0
5,32,9,117,0
5,32,9,118,0
5,32,9,119,0
5,32,9,120,0
5,32,9,121,0
5,32,9,122,0
5,32,9,123,0
5,32,9,124,0
5,32,9,125,0
5,32,9,126,0
5,32,9,127,0
5,32,9,128,0
5,32,9,129,0
5,32,9,130,0
5,32,9,131,0
5,32,9,132,0
5,32,9,133,0
5,32,9,134,0
5,32,9,135,0
5,32,9,136,0
5,32,9,137,0
5,32,9,138,0
5,32,9,139,0
5,32,9,140,0
5,32,9,141,0
5,32,9,142,0
5,32,9,143,0
5,32,9,144,0
5,32,9,145,0
5,32,9,146,0
5,32,9,147,0
5,32,9,148,0
5,32,9,149,0
5,32,9,150,0
5,32,9,151,0
5,32,9,152,0
5,32,9,153,0
5,32,9,154,0
5,32,9,155,0
5,32,9,156,0
5,32,9,157,0
5,32,9,158,0
5,32,9,159,0
5,32,9,160,0
5,32,9,161,0
5,32,9,162,0
5,32,9,163,0
5,32,9,164,0
5,32,9,165,0
5,32,9,166,0
5,32,9,167,0
5,32,9,168,0
5,32,9,169,0
5,32,9,170,0
5,32,9,171,0
5,32,9,172,0
5,32,9,173,0
5,32,9,174,0
5,32,9,175,0
5,32,9,176,0
5,32,9,177,0
5,32,9,178,0
5,32,9,179,0
5,32,9,180,0
5,32,9,181,0
5,32,9,182,0
5,32,9,183,0
5,32,9,184,0
5,32,9,185,0
5,32,9,186,0
5,32,9,187,0
5,32,9,188,0
5,32,9,189,0
5,32,9,190,0
5,32,9,191,0
5,32,9,192,0
5,32,9,193,0
5,32,9,194,0
5,32,9,195,0
5,32,9,196,0
5,32,9,197,0
5,32,9,198,0
5,32,9,199,0
5,32,9,200,0
5,32,9,201,0
5,32,9,202,0
5,32,9,203,0
5,32,9,204,0
5,32,9,205,0
5,32,9,206,0
5,32,9,207,0
5,32,9,208,0
5,32,9,209,0
5,32,9,210,0
5,32,9,211,0
5,32,9,212,0
5,32,9,213,0
5,32,9,214,0
5,32,9,215,0
5,32,9,216,0
5,32,9,217,0
5,32,9,218,0
5,32,9,219,0
5,32,9,220,0
5,32,9,221,0
5,32,9,222,0
5,32,9,223,0
5,32,9,224,0
5,32,9,225,0
5,32,9,226,0
5,32,9,227,0
5,32,9,228,0
5,32,9,229,0
5,32,9,230,0
5,32,9,231,0
5,32,9,232,0
5,32,9,233,0
5,32,9,234,0
5,32,9,235,0
5,32,9,236,0
5,32,9,237,0
5,32,9,238,0
5,32,9,239,0
5,32,9,240,0
5,32,9,241,0
5,32,9,242,0
5,32,9,243,0
5,32,9,244,0
5,32,9,245,0
5,32,9,246,0
5,32,9,247,0
5,32,9,248,0
5,32,9,249,0
5,32,9,250,0
5,32,9,251,0
5,32,9,252,0
5,32,9,253,0
5,32,9,254,0
5,32,9,255,0
5,32,9,256,0
5,32,9,257,0
5,32,9,258,0
5,32,9,259,0
5,32,9,260,0
5,32,9,261,0
5,32,9,262,0
5,32,9,263,0
5,32,9,264,0
5,32,9,265,0
5,32,9,266,0
5,32,9,267,0
5,32,9,268,0
5,32,9,269,0
5,32,9,270,0
5,32,9,271,0
5,32,9,272,0
5,32,9,273,0
5,32,9,274,0
5,32,9,275,0
5,32,9,276,0
5,32,9,277,0
5,32,9,278,0
5,32,9,279,0
5,32,9,280,0
5,32,9,281,0
5,32,9,282,0
5,32,9,283,0
5,32,10,0,787006544418950
5,32,10,1,884837932030862
5,32,10,2,446363181622121
5,32,10,3,128353214192123
5,32,10,4,23793718665757
5,32,10,5,3277876510197
5,32,10,6,376395377884
5,32,10,7,36499852539
5,32,10,8,3257537782
5,32,10,9,250112853
5,32,10,10,15913333
5,32,10,11,1042944
5,32,10,12,40950
5,32,10,13,2201
5,32,10,14,0
5,32,10,15,0
5,32,10,16,0
5,32,10,17,0
5,32,10,18,0
5,32,10,19,0
5,32,10,20,0
5,32,10,21,0
5,32,10,22,0
5,32,10,23,0
5,32,10,24,0
5,32,10,25,0
5,32,10,26,0
5,32,10,27,0
5,32,10,28,0
5,32,10,29,0
5,32,10,30,0
5,32,10,31,0
5,32,10,32,0
5,32,10,33,0
5,32,10,34,0
5,32,10,35,0
5,32,10,36,0
5,32,10,37,0
5,32,10,38,0
5,32,10,39,0
5,32,10,40,0
5,32,10,41,0
5,32,10,42,0
5,32,10,43,0
5,32,10,44,0
5,32,10,45,0
5,32,10,46,0
5,32,10,47,0
5,32,10,48,0
5,32,10,49,0
5,32,10,50,0
5,32,10,51,0
5,32,10,52,0
5,32,10,53,0
5,32,10,54,0
5,32,10,55,0
5,32,10,56,0
5,32,10,57,0
5,32,10,58,0
5,32,10,59,0
5,32,10,60,0
5,32,10,61,0
5,32,10,62,0
5,32,10,63,0
5,32,10,64,0
5,32,10,65,0
5,32,10,66,0
5,32,10,67,0
5,32,10,68,0
5,32,10,69,0
5,32,10,70,0
5,32,10,71,0
5,32,10,72,0
5,32,10,73,0
5,32,10,74,0
5,32,10,75,0
5,32,10,76,0
5,32,10,77,0
5,32,10,78,0
5,32,10,79,0
5,32,10,80,0
5,32,10,81,0
5,32,10,82,0
5,32,10,83,0
5,32,10,84,0
5,32,10,85,0
5,32,10,86,0
5,32,10,87,0
5,32,10,88,0
5,32,10,89,0
5,32,10,90,0
5,32,10,91,0
5,32,10,92,0
5,32,10,93,0
5,32,10,94,0
5,32,10,95,0
5,32,10,96,0
5,32,10,97,0
5,32,10,98,0
5,32,10,99,0
5,32,10,100,0
5,32,10,101,0
5,32,10,102,0
5,32,10,103,0
5,32,10,104,0
5,32,10,105,0
5,32,10,106,0
5,32,10,107,0
5,32,10,108,0
5,32,10,109,0
5,32,10,110,0
5,32,10,111,0
5,32,10,112,0
5,32,10,113,0
5,32,10,114,0
5,32,10,115,0
5,32,10,116,0
5,32,10,117,0
5,32,10,118,0
5,32,10,119,0
5,32,10,120,0
5,32,10,121,0
5,32,10,122,0
5,32,10,123,0
5,32,10,124,0
5,32,10,125,0
5,32,10,126,0
5,32,10,127,0
5,32,10,128,0
5,32,10,129,0
5,32,10,130,0
5,32,10,131,0
5,32,10,132,0
5,32,10,133,0
5,32,10,134,0
5,32,10,135,0
5,32,10,136,0
5,32,10,137,0
5,32,10,138,0
5,32,10,139,0
5,32,10,140,0
5,32,10,141,0
5,32,10,142,0
5,32,10,143,0
5,32,10,144,0
5,32,10,145,0
5,32,10,146,0
5,32,10,147,0
5,32,10,148,0
5,32,10,149,0
5,32,10,150,0
5,32,10,151,0
5,32,10,152,0
5,32,10,153,0
5,32,10,154,0
5,32,10,155,0
5,32,10,156,0
5,32,10,157,0
5,32,10,158,0
5,32,10,159,0
5,32,10,160,0
5,32,10,161,0
5,32,10,162,0
5,32,10,163,0
5,32,10,164,0
5,32,10,165,0
5,32,10,166,0
5,32,10,167,0
5,32,10,168,0
5,32,10,169,0
5,32,10,170,0
5,32,10,171,0
5,32,10,172,0
5,32,10,173,0
5,32,10,174,0
5,32,10,175,0
5,32,10,176,0
5,32,10,177,0
5,32,10,178,0
5,32,10,179,0
5,32,10,180,0
5,32,10,181,0
5,32,10,182,0
5,32,10,183,0
5,32,10,184,0
5,32,10,185,0
5,32,10,186,0
5,32,10,187,0
5,32,10,188,0
5,32,10,189,0
5,32,10,190,0
5,32,10,191,0
5,32,10,192,0
5,32,10,193,0
5,32,10,194,0
5,32,10,195,0
5,32,10,196,0
5,32,10,197,0
5,32,10,198,0
5,32,10,199,0
5,32,10,200,0
5,32,10,201,0
5,32,10,202,0
5,32,10,203,0
5,32,10,204,0
5,32,10,205,0
5,32,10,206,0
5,32,10,207,0
5,32,10,208,0
5,32,10,209,0
5,32,10,210,0
5,32,10,211,0
5,32,10,212,0
5,32,10,213,0
5,32,10,214,0
5,32,10,215,0
5,32,10,216,0
5,32,10,217,0
5,32,10,218,0
5,32,10,219,0
5,32,10,220,0
5,32,10,221,0
5,32,10,222,0
5,32,10,223,0
5,32,10,224,0
5,32,10,225,0
5,32,10,226,0
5,32,10,227,0
5,32,10,228,0
5,32,10,229,0
5,32,10,230,0
5,32,10,231,0
5,32,10,232,0
5,32,10,233,0
5,32,10,234,0
5,32,10,235,0
5,32,10,236,0
5,32,10,237,0
5,32,10,238,0
5,32,10,239,0
5,32,10,240,0
5,32,10,241,0
5,32,10,242,0
5,32,10,243,0
5,32,10,244,0
5,32,10,245,0
5,32,10,246,0
5,32,10,247,0
5,32,10,248,0
5,32,10,249,0
5,32,10,250,0
5,32,10,251,0
5,32,10,252,0
5,32,10,253,0
5,32,10,254,0
5,32,10,255,0
5,32,10,256,0
5,32,10,257,0
5,32,10,258,0
5,32,10,259,0
5,32,10,260,0
5,32,10,261,0
5,32,10,262,0
5,32,10,263,0
5,32,10,264,0
5,32,10,265,0
5,32,10,266,0
5,32,10,267,0
5,32,10,268,0
5,32,10,269,0
5,32,10,270,0
5,32,10,271,0
5,32,10,272,0
5,32,10,273,0
5,32,10,274,0
5,32,10,275,0
5,32,10,276,0
5,32,10,277,0
5,32,10,278,0
5,32,10,279,0
5,32,10,280,0
5,32,10,281,0
5,32,10,282,0
5,32,10,283,0
5,32,11,0,8412324077374422
5,32,11,1,11695564906461468
5,32,11,2,7393719390064674
5,32,11,3,2722473375608398
5,32,11,4,653731159571236
5,32,11,5,113862337549998
5,32,11,6,15968584121906
5,32,11,7,1894472627154
5,32,11,8,198838739340
5,32,11,9,18771570824
5,32,11,10,1516607262
5,32,11,11,116331696
5,32,11,12,7274282
5,32,11,13,449152
5,32,11,14,18000
5,32,11,15,588
5,32,11,16,0
5,32,11,17,0
5,32,11,18,0
5,32,11,19,0
5,32,11,20,0
5,32,11,21,0
5,32,11,22,0
5,32,11,23,0
5,32,11,24,0
5,32,11,25,0
5,32,11,26,0
5,32,11,27,0
5,32,11,28,0
5,32,11,29,0
5,32,11,30,0
5,32,11,31,0
5,32,11,32,0
5,32,11,33,0
5,32,11,34,0
5,32,11,35,0
5,32,11,36,0
5,32,11,37,0
5,32,11,38,0
5,32,11,39,0
5,32,11,40,0
5,32,11,41,0
5,32,11,42,0
5,32,11,43,0
5,32,11,44,0
5,32,11,45,0
5,32,11,46,0
5,32,11,47,0
5,32,11,48,0
5,32,11,49,0
5,32,11,50,0
5,32,11,51,0
5,32,11,52,0
5,32,11,53,0
5,32,11,54,0
5,32,11,55,0
5,32,11,56,0
5,32,11,57,0
5,32,11,58,0
5,32,11,59,0
5,32,11,60,0
5,32,11,61,0
5,32,11,62,0
5,32,11,63,0
5,32,11,64,0
5,32,11,65,0
5,32,11,66,0
5,32,11,67,0
5,32,11,68,0
5,32,11,69,0
5,32,11,70,0
5,32,11,71,0
5,32,11,72,0
5,32,11,73,0
5,32,11,74,0
5,32,11,75,0
5,32,11,76,0
5,32,11,77,0
5,32,11,78,0
5,32,11,79,0
5,32,11,80,0
5,32,11,81,0
5,32,11,82,0
5,32,11,83,0
5,32,11,84,0
5,32,11,85,0
5,32,11,86,0
5,32,11,87,0
5,32,11,88,0
5,32,11,89,0
5,32,11,90,0
5,32,11,91,0
5,32,11,92,0
5,32,11,93,0
5,32,11,94,0
5,32,11,95,0
5,32,11,96,0
5,32,11,97,0
5,32,11,98,0
5,32,11,99,0
5,32,11,100,0
5,32,11,101,0
5,32,11,102,0
5,32,11,103,0
5,32,11,104,0
5,32,11,105,0
5,32,11,106,0
5,32,11,107,0
5,32,11,108,0
5,32,11,109,0
5,32,11,110,0
5,32,11,111,0
5,32,11,112,0
5,32,11,113,0
5,32,11,114,0
5,32,11,115,0
5,32,11,116,0
5,32,11,117,0
5,32,11,118,0
5,32,11,119,0
5,32,11,120,0
5,32,11,121,0
5,32,11,122,0
5,32,11,123,0
5,32,11,124,0
5,32,11,125,0
5,32,11,126,0
5,32,11,127,0
5,32,11,128,0
5,32,11,129,0
5,32,11,130,0
5,32,11,131,0
5,32,11,132,0
5,32,11,133,0
5,32,11,134,0
5,32,11,135,0
5,32,11,136,0
5,32,11,137,0
5,32,11,138,0
5,32,11,139,0
5,32,11,140,0
5,32,11,141,0
5,32,11,142,0
5,32,11,143,0
5,32,11,144,0
5,32,11,145,0
5,32,11,146,0
5,32,11,147,0
5,32,11,148,0
5,32,11,149,0
5,32,11,150,0
5,32,11,151,0
5,32,11,152,0
5,32,11,153,0
5,32,11,154,0
5,32,11,155,0
5,32,11,156,0
5,32,11,157,0
5,32,11,158,0
5,32,11,159,0
5,32,11,160,0
5,32,11,161,0
5,32,11,162,0
5,32,11,163,0
5,32,11,164,0
5,32,11,165,0
5,32,11,166,0
5,32,11,167,0
5,32,11,168,0
5,32,11,169,0
5,32,11,170,0
5,32,11,171,0
5,32,11,172,0
5,32,11,173,0
5,32,11,174,0
5,32,11,175,0
5,32,11,176,0
5,32,11,177,0
5,32,11,178,0
5,32,11,179,0
5,32,11,180,0
5,32,11,181,0
5,32,11,182,0
5,32,11,183,0
5,32,11,184,0
5,32,11,185,0
5,32,11,186,0
5,32,11,187,0
5,32,11,188,0
5,32,11,189,0
5,32,11,190,0
5,32,11,191,0
5,32,11,192,0
5,32,11,193,0
5,32,11,194,0
5,32,11,195,0
5,32,11,196,0
5,32,11,197,0
5,32,11,198,0
5,32,11,199,0
5,32,11,200,0
5,32,11,201,0
5,32,11,202,0
5,32,11,203,0
5,32,11,204,0
5,32,11,205,0
5,32,11,206,0
5,32,11,207,0
5,32,11,208,0
5,32,11,209,0
5,32,11,210,0
5,32,11,211,0
5,32,11,212,0
5,32,11,213,0
5,32,11,214,0
5,32,11,215,0
5,32,11,216,0
5,32,11,217,0
5,32,11,218,0
5,32,11,219,0
5,32,11,220,0
5,32,11,221,0
5,32,11,222,0
5,32,11,223,0
5,32,11,224,0
5,32,11,225,0
5,32,11,226,0
5,32,11,227,0
5,32,11,228,0
5,32,11,229,0
5,32,11,230,0
5,32,11,231,0
5,32,11,232,0
5,32,11,233,0
5,32,11,234,0
5,32,11,235,0
5,32,11,236,0
5,32,11,237,0
5,32,11,238,0
5,32,11,239,0
5,32,11,240,0
5,32,11,241,0
5,32,11,242,0
5,32,11,243,0
5,32,11,244,0
5,32,11,245,0
5,32,11,246,0
5,32,11,247,0
5,32,11,248,0
5,32,11,249,0
5,32,11,250,0
5,32,11,251,0
5,32,11,252,0
5,32,11,253,0
5,32,11,254,0
5,32,11,255,0
5,32,11,256,0
5,32,11,257,0
5,32,11,258,0
5,32,11,259,0
5,32,11,260,0
5,32,11,261,0
5,32,11,262,0
5,32,11,263,0
5,32,11,264,0
5,32,11,265,0
5,32,11,266,0
5,32,11,267,0
5,32,11,268,0
5,32,11,269,0
5,32,11,270,0
5,32,11,271,0
5,32,11,272,0
5,32,11,273,0
5,32,11,274,0
5,32,11,275,0
5,32,11,276,0
5,32,11,277,0
5,32,11,278,0
5,32,11,279,0
5,32,11,280,0
5,32,11,281,0
5,32,11,282,0
5,32,11,283,0
5,32,12,0,79715469697195813
5,32,12,1,134550940773266019
5,32,12,2,104401486035912211
5,32,12,3,47992297486411593
5,32,12,4,14564787464237648
5,32,12,5,3179757648702386
5,32,12,6,544417150023436
5,32,12,7,77812311896007
5,32,12,8,9663166715317
5,32,12,9,1075051072335
5,32,12,10,105888858145
5,32,12,11,9471856134
5,32,12,12,761120875
5,32,12,13,55704665
5,32,12,14,3609202
5,32,12,15,175181
5,32,12,16,8686
5,32,12,17,147
5,32,12,18,0
5,32,12,19,0
5,32,12,20,0
5,32,12,21,0
5,32,12,22,0
5,32,12,23,0
5,32,12,24,0
5,32,12,25,0
5,32,12,26,0
5,32,12,27,0
5,32,12,28,0
5,32,12,29,0
5,32,12,30,0
5,32,12,31,0
5,32,12,32,0
5,32,12,33,0
5,32,12,34,0
5,32,12,35,0
5,32,12,36,0
5,32,12,37,0
5,32,12,38,0
5,32,12,39,0
5,32,12,40,0
5,32,12,41,0
5,32,12,42,0
5,32,12,43,0
5,32,12,44,0
5,32,12,45,0
5,32,12,46,0
5,32,12,47,0
5,32,12,48,0
5,32,12,49,0
5,32,12,50,0
5,32,12,51,0
5,32,12,52,0
5,32,12,53,0
5,32,12,54,0
5,32,12,55,0
5,32,12,56,0
5,32,12,57,0
5,32,12,58,0
5,32,12,59,0
5,32,12,60,0
5,32,12,61,0
5,32,12,62,0
5,32,12,63,0
5,32,12,64,0
5,32,12,65,0
5,32,12,66,0
5,32,12,67,0
5,32,12,68,0
5,32,12,69,0
5,32,12,70,0
5,32,12,71,0
5,32,12,72,0
5,32,12,73,0
5,32,12,74,0
5,32,12,75,0
5,32,12,76,0
5,32,12,77,0
5,32,12,78,0
5,32,12,79,0
5,32,12,80,0
5,32,12,81,0
5,32,12,82,0
5,32,12,83,0
5,32,12,84,0
5,32,12,85,0
5,32,12,86,0
5,32,12,87,0
5,32,12,88,0
5,32,12,89,0
5,32,12,90,0
5,32,12,91,0
5,32,12,92,0
5,32,12,93,0
5,32,12,94,0
5,32,12,95,0
5,32,12,96,0
5,32,12,97,0
5,32,12,98,0
5,32,12,99,0
5,32,12,100,0
5,32,12,101,0
5,32,12,102,0
5,32,12,103,0
5,32,12,104,0
5,32,12,105,0
5,32,12,106,0
5,32,12,107,0
5,32,12,108,0
5,32,12,109,0
5,32,12,110,0
5,32,12,111,0
5,32,12,112,0
5,32,12,113,0
5,32,12,114,0
5,32,12,115,0
5,32,12,116,0
5,32,12,117,0
5,32,12,118,0
5,32,12,119,0
5,32,12,120,0
5,32,12,121,0
5,32,12,122,0
5,32,12,123,0
5,32,12,124,0
5,32,12,125,0
5,32,12,126,0
5,32,12,127,0
5,32,12,128,0
5,32,12,129,0
5,32,12,130,0
5,32,12,131,0
5,32,12,132,0
5,32,12,133,0
5,32,12,134,0
5,32,12,135,0
5,32,12,136,0
5,32,12,137,0
5,32,12,138,0
5,32,12,139,0
5,32,12,140,0
5,32,12,141,0
5,32,12,142,0
5,32,12,143,0
5,32,12,144,0
5,32,12,145,0
5,32,12,146,0
5,32,12,147,0
5,32,12,148,0
5,32,12,149,0
5,32,12,150,0
5,32,12,151,0
5,32,12,152,0
5,32,12,153,0
5,32,12,154,0
5,32,12,155,0
5,32,12,156,0
5,32,12,157,0
5,32,12,158,0
5,32,12,159,0
5,32,12,160,0
5,32,12,161,0
5,32,12,162,0
5,32,12,163,0
5,32,12,164,0
5,32,12,165,0
5,32,12,166,0
5,32,12,167,0
5,32,12,168,0
5,32,12,169,0
5,32,12,170,0
5,32,12,171,0
5,32,12,172,0
5,32,12,173,0
5,32,12,174,0
5,32,12,175,0
5,32,12,176,0
5,32,12,177,0
5,32,12,178,0
5,32,12,179,0
5,32,12,180,0
5,32,12,181,0
5,32,12,182,0
5,32,12,183,0
5,32,12,184,0
5,32,12,185,0
5,32,12,186,0
5,32,12,187,0
5,32,12,188,0
5,32,12,189,0
5,32,12,190,0
5,32,12,191,0
5,32,12,192,0
5,32,12,193,0
5,32,12,194,0
5,32,12,195,0
5,32,12,196,0
5,32,12,197,0
5,32,12,198,0
5,32,12,199,0
5,32,12,200,0
5,32,12,201,0
5,32,12,202,0
5,32,12,203,0
5,32,12,204,0
5,32,12,205,0
5,32,12,206,0
5,32,12,207,0
5,32,12,208,0
5,32,12,209,0
5,32,12,210,0
5,32,12,211,0
5,32,12,212,0
5,32,12,213,0
5,32,12,214,0
5,32,12,215,0
5,32,12,216,0
5,32,12,217,0
5,32,12,218,0
5,32,12,219,0
5,32,12,220,0
5,32,12,221,0
5,32,12,222,0
5,32,12,223,0
5,32,12,224,0
5,32,12,225,0
5,32,12,226,0
5,32,12,227,0
5,32,12,228,0
5,32,12,229,0
5,32,12,230,0
5,32,12,231,0
5,32,12,232,0
5,32,12,233,0
5,32,12,234,0
5,32,12,235,0
5,32,12,236,0
5,32,12,237,0
5,32,12,238,0
5,32,12,239,0
5,32,12,240,0
5,32,12,241,0
5,32,12,242,0
5,32,12,243,0
5,32,12,244,0
5,32,12,245,0
5,32,12,246,0
5,32,12,247,0
5,32,12,248,0
5,32,12,249,0
5,32,12,250,0
5,32,12,251,0
5,32,12,252,0
5,32,12,253,0
5,32,12,254,0
5,32,12,255,0
5,32,12,256,0
5,32,12,257,0
5,32,12,258,0
5,32,12,259,0
5,32,12,260,0
5,32,12,261,0
5,32,12,262,0
5,32,12,263,0
5,32,12,264,0
5,32,12,265,0
5,32,12,266,0
5,32,12,267,0
5,32,12,268,0
5,32,12,269,0
5,32,12,270,0
5,32,12,271,0
5,32,12,272,0
5,32,12,273,0
5,32,12,274,0
5,32,12,275,0
5,32,12,276,0
5,32,12,277,0
5,32,12,278,0
5,32,12,279,0
5,32,12,280,0
5,32,12,281,0
5,32,12,282,0
5,32,12,283,0
5,32,13,0,674005704883046896
5,32,13,1,1360191518226202344
5,32,13,2,1273420647308319472
5,32,13,3,716091501876983758
5,32,13,4,268963570018114638
5,32,13,5,72656741224036794
5,32,13,6,15149326691713788
5,32,13,7,2592526307157472
5,32,13,8,380245697863472
5,32,13,9,49346714972742
5,32,13,10,5731832124838
5,32,13,11,599674474450
5,32,13,12,57150828008
5,32,13,13,4973317734
5,32,13,14,398317000
5,32,13,15,26955582
5,32,13,16,1742928
5,32,13,17,80968
5,32,13,18,3916
5,32,13,19,0
5,32,13,20,0
5,32,13,21,0
5,32,13,22,0
5,32,13,23,0
5,32,13,24,0
5,32,13,25,0
5,32,13,26,0
5,32,13,27,0
5,32,13,28,0
5,32,13,29,0
5,32,13,30,0
5,32,13,31,0
5,32,13,32,0
5,32,13,33,0
5,32,13,34,0
5,32,13,35,0
5,32,13,36,0
5,32,13,37,0
5,32,13,38,0
5,32,13,39,0
5,32,13,40,0
5,32,13,41,0
5,32,13,42,0
5,32,13,43,0
5,32,13,44,0
5,32,13,45,0
5,32,13,46,0
5,32,13,47,0
5,32,13,48,0
5,32,13,49,0
5,32,13,50,0
5,32,13,51,0
5,32,13,52,0
5,32,13,53,0
5,32,13,54,0
5,32,13,55,0
5,32,13,56,0
5,32,13,57,0
5,32,13,58,0
5,32,13,59,0
5,32,13,60,0
5,32,13,61,0
5,32,13,62,0
5,32,13,63,0
5,32,13,64,0
5,32,13,65,0
5,32,13,66,0
5,32,13,67,0
5,32,13,68,0
5,32,13,69,0
5,32,13,70,0
5,32,13,71,0
5,32,13,72,0
5,32,13,73,0
5,32,13,74,0
5,32,13,75,0
5,32,13,76,0
5,32,13,77,0
5,32,13,78,0
5,32,13,79,0
5,32,13,80,0
5,32,13,81,0
5,32,13,82,0
5,32,13,83,0
5,32,13,84,0
5,32,13,85,0
5,32,13,86,0
5,32,13,87,0
5,32,13,88,0
5,32,13,89,0
5,32,13,90,0
5,32,13,91,0
5,32,13,92,0
5,32,13,93,0
5,32,13,94,0
5,32,13,95,0
5,32,13,96,0
5,32,13,97,0
5,32,13,98,0
5,32,13,99,0
5,32,13,100,0
5,32,13,101,0
5,32,13,102,0
5,32,13,103,0
5,32,13,104,0
5,32,13,105,0
5,32,13,106,0
5,32,13,107,0
5,32,13,108,0
5,32,13,109,0
5,32,13,110,0
5,32,13,111,0
5,32,13,112,0
5,32,13,113,0
5,32,13,114,0
5,32,13,115,0
5,32,13,116,0
5,32,13,117,0
5,32,13,118,0
5,32,13,119,0
5,32,13,120,0
5,32,13,121,0
5,32,13,122,0
5,32,13,123,0
5,32,13,124,0
5,32,13,125,0
5,32,13,126,0
5,32,13,127,0
5,32,13,128,0
5,32,13,129,0
5,32,13,130,0
5,32,13,131,0
5,32,13,132,0
5,32,13,133,0
5,32,13,134,0
5,32,13,135,0
5,32,13,136,0
5,32,13,137,0
5,32,13,138,0
5,32,13,139,0
5,32,13,140,0
5,32,13,141,0
5,32,13,142,0
5,32,13,143,0
5,32,13,144,0
5,32,13,145,0
5,32,13,146,0
5,32,13,147,0
5,32,13,148,0
5,32,13,149,0
5,32,13,150,0
5,32,13,151,0
5,32,13,152,0
5,32,13,153,0
5,32,13,154,0
5,32,13,155,0
5,32,13,156,0
5,32,13,157,0
5,32,13,158,0
5,32,13,159,0
5,32,13,160,0
5,32,13,161,0
5,32,13,162,0
5,32,13,163,0
5,32,13,164,0
5,32,13,165,0
5,32,13,166,0
5,32,13,167,0
5,32,13,168,0
5,32,13,169,0
5,32,13,170,0
5,32,13,171,0
5,32,13,172,0
5,32,13,173,0
5,32,13,174,0
5,32,13,175,0
5,32,13,176,0
5,32,13,177,0
5,32,13,178,0
5,32,13,179,0
5,32,13,180,0
5,32,13,181,0
5,32,13,182,0
5,32,13,183,0
5,32,13,184,0
5,32,13,185,0
5,32,13,186,0
5,32,13,187,0
5,32,13,188,0
5,32,13,189,0
5,32,13,190,0
5,32,13,191,0
5,32,13,192,0
5,32,13,193,0
5,32,13,194,0
5,32,13,195,0
5,32,13,196,0
5,32,13,197,0
5,32,13,198,0
5,32,13,199,0
5,32,13,200,0
5,32,13,201,0
5,32,13,202,0
5,32,13,203,0
5,32,13,204,0
5,32,13,205,0
5,32,13,206,0
5,32,13,207,0
5,32,13,208,0
5,32,13,209,0
5,32,13,210,0
5,32,13,211,0
5,32,13,212,0
5,32,13,213,0
5,32,13,214,0
5,32,13,215,0
5,32,13,216,0
5,32,13,217,0
5,32,13,218,0
5,32,13,219,0
5,32,13,220,0
5,32,13,221,0
5,32,13,222,0
5,32,13,223,0
5,32,13,224,0
5,32,13,225,0
5,32,13,226,0
5,32,13,227,0
5,32,13,228,0
5,32,13,229,0
5,32,13,230,0
5,32,13,231,0
5,32,13,232,0
5,32,13,233,0
5,32,13,234,0
5,32,13,235,0
5,32,13,236,0
5,32,13,237,0
5,32,13,238,0
5,32,13,239,0
5,32,13,240,0
5,32,13,241,0
5,32,13,242,0
5,32,13,243,0
5,32,13,244,0
5,32,13,245,0
5,32,13,246,0
5,32,13,247,0
5,32,13,248,0
5,32,13,249,0
5,32,13,250,0
5,32,13,251,0
5,32,13,252,0
5,32,13,253,0
5,32,13,254,0
5,32,13,255,0
5,32,13,256,0
5,32,13,257,0
5,32,13,258,0
5,32,13,259,0
5,32,13,260,0
5,32,13,261,0
5,32,13,262,0
5,32,13,263,0
5,32,13,264,0
5,32,13,265,0
5,32,13,266,0
5,32,13,267,0
5,32,13,268,0
5,32,13,269,0
5,32,13,270,0
5,32,13,271,0
5,32,13,272,0
5,32,13,273,0
5,32,13,274,0
5,32,13,275,0
5,32,13,276,0
5,32,13,277,0
5,32,13,278,0
5,32,13,279,0
5,32,13,280,0
5,32,13,281,0
5,32,13,282,0
5,32,13,283,0
5,32,14,0,5112486742563032013
5,32,14,1,12176902714398972202
5,32,14,2,13559572720694613742
5,32,14,3,9173342239780377765
5,32,14,4,4189281150829980112
5,32,14,5,1380977092026672293
5,32,14,6,348619040545886105
5,32,14,7,71205312063265857
5,32,14,8,12300416461000738
5,32,14,9,1857171733541289
5,32,14,10,250277690177126
5,32,14,11,30384941025984
5,32,14,12,3353577158791
5,32,14,13,339612799404
5,32,14,14,31754077327
5,32,14,15,2671779325
5,32,14,16,206469529
5,32,14,17,13956575
5,32,14,18,871818
5,32,14,19,37137
5,32,14,20,1268
5,32,14,21,0
5,32,14,22,0
5,32,14,23,0
5,32,14,24,0
5,32,14,25,0
5,32,14,26,0
5,32,14,27,0
5,32,14,28,0
5,32,14,29,0
5,32,14,30,0
5,32,14,31,0
5,32,14,32,0
5,32,14,33,0
5,32,14,34,0
5,32,14,35,0
5,32,14,36,0
5,32,14,37,0
5,32,14,38,0
5,32,14,39,0
5,32,14,40,0
5,32,14,41,0
5,32,14,42,0
5,32,14,43,0
5,32,14,44,0
5,32,14,45,0
5,32,14,46,0
5,32,14,47,0
5,32,14,48,0
5,32,14,49,0
5,32,14,50,0
5,32,14,51,0
5,32,14,52,0
5,32,14,53,0
5,32,14,54,0
5,32,14,55,0
5,32,14,56,0
5,32,14,57,0
5,32,14,58,0
5,32,14,59,0
5,32,14,60,0
5,32,14,61,0
5,32,14,62,0
5,32,14,63,0
5,32,14,64,0
5,32,14,65,0
5,32,14,66,0
5,32,14,67,0
5,32,14,68,0
5,32,14,69,0
5,32,14,70,0
5,32,14,71,0
5,32,14,72,0
5,32,14,73,0
5,32,14,74,0
5,32,14,75,0
5,32,14,76,0
5,32,14,77,0
5,32,14,78,0
5,32,14,79,0
5,32,14,80,0
5,32,14,81,0
5,32,14,82,0
5,32,14,83,0
5,32,14,84,0
5,32,14,85,0
5,32,14,86,0
5,32,14,87,0
5,32,14,88,0
5,32,14,89,0
5,32,14,90,0
5,32,14,91,0
5,32,14,92,0
5,32,14,93,0
5,32,14,94,0
5,32,14,95,0
5,32,14,96,0
5,32,14,97,0
5,32,14,98,0
5,32,14,99,0
5,32,14,100,0
5,32,14,101,0
5,32,14,102,0
5,32,14,103,0
5,32,14,104,0
5,32,14,105,0
5,32,14,106,0
5,32,14,107,0
5,32,14,108,0
5,32,14,109,0
5,32,14,110,0
5,32,14,111,0
5,32,14,112,0
5,32,14,113,0
5,32,14,114,0
5,32,14,115,0
5,32,14,116,0
5,32,14,117,0
5,32,14,118,0
5,32,14,119,0
5,32,14,120,0
5,32,14,121,0
5,32,14,122,0
5,32,14,123,0
5,32,14,124,0
5,32,14,125,0
5,32,14,126,0
5,32,14,127,0
5,32,14,128,0
5,32,14,129,0
5,32,14,130,0
5,32,14,131,0
5,32,14,132,0
5,32,14,133,0
5,32,14,134,0
5,32,14,135,0
5,32,14,136,0
5,32,14,137,0
5,32,14,138,0
5,32,14,139,0
5,32,14,140,0
5,32,14,141,0
5,32,14,142,0
5,32,14,143,0
5,32,14,144,0
5,32,14,145,0
5,32,14,146,0
5,32,14,147,0
5,32,14,148,0
5,32,14,149,0
5,32,14,150,0
5,32,14,151,0
5,32,14,152,0
5,32,14,153,0
5,32,14,154,0
5,32,14,155,0
5,32,14,156,0
5,32,14,157,0
5,32,14,158,0
5,32,14,159,0
5,32,14,160,0
5,32,14,161,0
5,32,14,162,0
5,32,14,163,0
5,32,14,164,0
5,32,14,165,0
5,32,14,166,0
5,32,14,167,0
5,32,14,168,0
5,32,14,169,0
5,32,14,170,0
5,32,14,171,0
5,32,14,172,0
5,32,14,173,0
5,32,14,174,0
5,32,14,175,0
5,32,14,176,0
5,32,14,177,0
5,32,14,178,0
5,32,14,179,0
5,32,14,180,0
5,32,14,181,0
5,32,14,182,0
5,32,14,183,0
5,32,14,184,0
5,32,14,185,0
5,32,14,186,0
5,32,14,187,0
5,32,14,188,0
5,32,14,189,0
5,32,14,190,0
5,32,14,191,0
5,32,14,192,0
5,32,14,193,0
5,32,14,194,0
5,32,14,195,0
5,32,14,196,0
5,32,14,197,0
5,32,14,198,0
5,32,14,199,0
5,32,14,200,0
5,32,14,201,0
5,32,14,202,0
5,32,14,203,0
5,32,14,204,0
5,32,14,205,0
5,32,14,206,0
5,32,14,207,0
5,32,14,208,0
5,32,14,209,0
5,32,14,210,0
5,32,14,211,0
5,32,14,212,0
5,32,14,213,0
5,32,14,214,0
5,32,14,215,0
5,32,14,216,0
5,32,14,217,0
5,32,14,218,0
5,32,14,219,0
5,32,14,220,0
5,32,14,221,0
5,32,14,222,0
5,32,14,223,0
5,32,14,224,0
5,32,14,225,0
5,32,14,226,0
5,32,14,227,0
5,32,14,228,0
5,32,14,229,0
5,32,14,230,0
5,32,14,231,0
5,32,14,232,0
5,32,14,233,0
5,32,14,234,0
5,32,14,235,0
5,32,14,236,0
5,32,14,237,0
5,32,14,238,0
5,32,14,239,0
5,32,14,240,0
5,32,14,241,0
5,32,14,242,0
5,32,14,243,0
5,32,14,244,0
5,32,14,245,0
5,32,14,246,0
5,32,14,247,0
5,32,14,248,0
5,32,14,249,0
5,32,14,250,0
5,32,14,251,0
5,32,14,252,0
5,32,14,253,0
5,32,14,254,0
5,32,14,255,0
5,32,14,256,0
5,32,14,257,0
5,32,14,258,0
5,32,14,259,0
5,32,14,260,0
5,32,14,261,0
5,32,14,262,0
5,32,14,263,0
5,32,14,264,0
5,32,14,265,0
5,32,14,266,0
5,32,14,267,0
5,32,14,268,0
5,32,14,269,0
5,32,14,270,0
5,32,14,271,0
5,32,14,272,0
5,32,14,273,0
5,32,14,274,0
5,32,14,275,0
5,32,14,276,0
5,32,14,277,0
5,32,14,278,0
5,32,14,279,0
5,32,14,280,0
5,32,14,281,0
5,32,14,282,0
5,32,14,283,0
5,32,15,0,34949656112792910092
5,32,15,1,97160954881867191366
5,32,15,2,127132765876674917720
5,32,15,3,102038708335618864140
5,32,15,4,55811146765712266260
5,32,15,5,22153273786527636060
5,32,15,6,6716639082673027980
5,32,15,7,1631554594075422144
5,32,15,8,331203723335448490
5,32,15,9,58098896955233042
5,32,15,10,9025944511207972
5,32,15,11,1260465894261870
5,32,15,12,159655224243796
5,32,15,13,18528570741896
5,32,15,14,1985865688166
5,32,15,15,195627344822
5,32,15,16,17727989808
5,32,15,17,1465412984
5,32,15,18,111827424
5,32,15,19,7397942
5,32,15,20,391264
5,32,15,21,19376
5,32,15,22,346
5,32,15,23,0
5,32,15,24,0
5,32,15,25,0
5,32,15,26,0
5,32,15,27,0
5,32,15,28,0
5,32,15,29,0
5,32,15,30,0
5,32,15,31,0
5,32,15,32,0
5,32,15,33,0
5,32,15,34,0
5,32,15,35,0
5,32,15,36,0
5,32,15,37,0
5,32,15,38,0
5,32,15,39,0
5,32,15,40,0
5,32,15,41,0
5,32,15,42,0
5,32,15,43,0
5,32,15,44,0
5,32,15,45,0
5,32,15,46,0
5,32,15,47,0
5,32,15,48,0
5,32,15,49,0
5,32,15,50,0
5,32,15,51,0
5,32,15,52,0
5,32,15,53,0
5,32,15,54,0
5,32,15,55,0
5,32,15,56,0
5,32,15,57,0
5,32,15,58,0
5,32,15,59,0
5,32,15,60,0
5,32,15,61,0
5,32,15,62,0
5,32,15,63,0
5,32,15,64,0
5,32,15,65,0
5,32,15,66,0
5,32,15,67,0
5,32,15,68,0
5,32,15,69,0
5,32,15,70,0
5,32,15,71,0
5,32,15,72,0
5,32,15,73,0
5,32,15,74,0
5,32,15,75,0
5,32,15,76,0
5,32,15,77,0
5,32,15,78,0
5,32,15,79,0
5,32,15,80,0
5,32,15,81,0
5,32,15,82,0
5,32,15,83,0
5,32,15,84,0
5,32,15,85,0
5,32,15,86,0
5,32,15,87,0
5,32,15,88,0
5,32,15,89,0
5,32,15,90,0
5,32,15,91,0
5,32,15,92,0
5,32,15,93,0
5,32,15,94,0
5,32,15,95,0
5,32,15,96,0
5,32,15,97,0
5,32,15,98,0
5,32,15,99,0
5,32,15,100,0
5,32,15,101,0
5,32,15,102,0
5,32,15,103,0
5,32,15,104,0
5,32,15,105,0
5,32,15,106,0
5,32,15,107,0
5,32,15,108,0
5,32,15,109,0
5,32,15,110,0
5,32,15,111,0
5,32,15,112,0
5,32,15,113,0
5,32,15,114,0
5,32,15,115,0
5,32,15,116,0
5,32,15,117,0
5,32,15,118,0
5,32,15,119,0
5,32,15,120,0
5,32,15,121,0
5,32,15,122,0
5,32,15,123,0
5,32,15,124,0
5,32,15,125,0
5,32,15,126,0
5,32,15,127,0
5,32,15,128,0
5,32,15,129,0
5,32,15,130,0
5,32,15,131,0
5,32,15,132,0
5,32,15,133,0
5,32,15,134,0
5,32,15,135,0
5,32,15,136,0
5,32,15,137,0
5,32,15,138,0
5,32,15,139,0
5,32,15,140,0
5,32,15,141,0
5,32,15,142,0
5,32,15,143,0
5,32,15,144,0
5,32,15,145,0
5,32,15,146,0
5,32,15,147,0
5,32,15,148,0
5,32,15,149,0
5,32,15,150,0
5,32,15,151,0
5,32,15,152,0
5,32,15,153,0
5,32,15,154,0
5,32,15,155,0
5,32,15,156,0
5,32,15,157,0
5,32,15,158,0
5,32,15,159,0
5,32,15,160,0
5,32,15,161,0
5,32,15,162,0
5,32,15,163,0
5,32,15,164,0
5,32,15,165,0
5,32,15,166,0
5,32,15,167,0
5,32,15,168,0
5,32,15,169,0
5,32,15,170,0
5,32,15,171,0
5,32,15,172,0
5,32,15,173,0
5,32,15,174,0
5,32,15,175,0
5,32,15,176,0
5,32,15,177,0
5,32,15,178,0
5,32,15,179,0
5,32,15,180,0
5,32,15,181,0
5,32,15,182,0
5,32,15,183,0
5,32,15,184,0
5,32,15,185,0
5,32,15,186,0
5,32,15,187,0
5,32,15,188,0
5,32,15,189,0
5,32,15,190,0
5,32,15,191,0
5,32,15,192,0
5,32,15,193,0
5,32,15,194,0
5,32,15,195,0
5,32,15,196,0
5,32,15,197,0
5,32,15,198,0
5,32,15,199,0
5,32,15,200,0
5,32,15,201,0
5,32,15,202,0
5,32,15,203,0
5,32,15,204,0
5,32,15,205,0
5,32,15,206,0
5,32,15,207,0
5,32,15,208,0
5,32,15,209,0
5,32,15,210,0
5,32,15,211,0
5,32,15,212,0
5,32,15,213,0
5,32,15,214,0
5,32,15,215,0
5,32,15,216,0
5,32,15,217,0
5,32,15,218,0
5,32,15,219,0
5,32,15,220,0
5,32,15,221,0
5,32,15,222,0
5,32,15,223,0
5,32,15,224,0
5,32,15,225,0
5,32,15,226,0
5,32,15,227,0
5,32,15,228,0
5,32,15,229,0
5,32,15,230,0
5,32,15,231,0
5,32,15,232,0
5,32,15,233,0
5,32,15,234,0
5,32,15,235,0
5,32,15,236,0
5,32,15,237,0
5,32,15,238,0
5,32,15,239,0
5,32,15,240,0
5,32,15,241,0
5,32,15,242,0
5,32,15,243,0
5,32,15,244,0
5,32,15,245,0
5,32,15,246,0
5,32,15,247,0
5,32,15,248,0
5,32,15,249,0
5,32,15,250,0
5,32,15,251,0
5,32,15,252,0
5,32,15,253,0
5,32,15,254,0
5,32,15,255,0
5,32,15,256,0
5,32,15,257,0
5,32,15,258,0
5,32,15,259,0
5,32,15,260,0
5,32,15,261,0
5,32,15,262,0
5,32,15,263,0
5,32,15,264,0
5,32,15,265,0
5,32,15,266,0
5,32,15,267,0
5,32,15,268,0
5,32,15,269,0
5,32,15,270,0
5,32,15,271,0
5,32,15,272,0
5,32,15,273,0
5,32,15,274,0
5,32,15,275,0
5,32,15,276,0
5,32,15,277,0
5,32,15,278,0
5,32,15,279,0
5,32,15,280,0
5,32,15,281,0
5,32,15,282,0
5,32,15,283,0
5,32,16,0,216172483255244094672
5,32,16,1,694716165845312842407
5,32,16,2,1057020830299001816943
5,32,16,3,994651275466733235563
5,32,16,4,643242642302754953167
5,32,16,5,303697561937772924774
5,32,16,6,109593009461345422217
5,32,16,7,31507654990604949098
5,32,16,8,7498415064088417284
5,32,16,9,1526328663849307946
5,32,16,10,272702207237924908
5,32,16,11,43564777279414949
5,32,16,12,6295195521348605
5,32,16,13,830774722852161
5,32,16,14,101053391719545
5,32,16,15,11362443159507
5,32,16,16,1182458534029
5,32,16,17,113567339431
5,32,16,18,10134156683
5,32,16,19,830099729
5,32,16,20,58806064
5,32,16,21,3951613
5,32,16,22,189388
5,32,16,23,9209
5,32,16,24,58
5,32,16,25,0
5,32,16,26,0
5,32,16,27,0
5,32,16,28,0
5,32,16,29,0
5,32,16,30,0
5,32,16,31,0
5,32,16,32,0
5,32,16,33,0
5,32,16,34,0
5,32,16,35,0
5,32,16,36,0
5,32,16,37,0
5,32,16,38,0
5,32,16,39,0
5,32,16,40,0
5,32,16,41,0
5,32,16,42,0
5,32,16,43,0
5,32,16,44,0
5,32,16,45,0
5,32,16,46,0
5,32,16,47,0
5,32,16,48,0
5,32,16,49,0
5,32,16,50,0
5,32,16,51,0
5,32,16,52,0
5,32,16,53,0
5,32,16,54,0
5,32,16,55,0
5,32,16,56,0
5,32,16,57,0
5,32,16,58,0
5,32,16,59,0
5,32,16,60,0
5,32,16,61,0
5,32,16,62,0
5,32,16,63,0
5,32,16,64,0
5,32,16,65,0
5,32,16,66,0
5,32,16,67,0
5,32,16,68,0
5,32,16,69,0
5,32,16,70,0
5,32,16,71,0
5,32,16,72,0
5,32,16,73,0
5,32,16,74,0
5,32,16,75,0
5,32,16,76,0
5,32,16,77,0
5,32,16,78,0
5,32,16,79,0
5,32,16,80,0
5,32,16,81,0
5,32,16,82,0
5,32,16,83,0
5,32,16,84,0
5,32,16,85,0
5,32,16,86,0
5,32,16,87,0
5,32,16,88,0
5,32,16,89,0
5,32,16,90,0
5,32,16,91,0
5,32,16,92,0
5,32,16,93,0
5,32,16,94,0
5,32,16,95,0
5,32,16,96,0
5,32,16,97,0
5,32,16,98,0
5,32,16,99,0
5,32,16,100,0
5,32,16,101,0
5,32,16,102,0
5,32,16,103,0
5,32,16,104,0
5,32,16,105,0
5,32,16,106,0
5,32,16,107,0
5,32,16,108,0
5,32,16,109,0
5,32,16,110,0
5,32,16,111,0
5,32,16,112,0
5,32,16,113,0
5,32,16,114,0
5,32,16,115,0
5,32,16,116,0
5,32,16,117,0
5,32,16,118,0
5,32,16,119,0
5,32,16,120,0
5,32,16,121,0
5,32,16,122,0
5,32,16,123,0
5,32,16,124,0
5,32,16,125,0
5,32,16,126,0
5,32,16,127,0
5,32,16,128,0
5,32,16,129,0
5,32,16,130,0
5,32,16,131,0
5,32,16,132,0
5,32,16,133,0
5,32,16,134,0
5,32,16,135,0
5,32,16,136,0
5,32,16,137,0
5,32,16,138,0
5,32,16,139,0
5,32,16,140,0
5,32,16,141,0
5,32,16,142,0
5,32,16,143,0
5,32,16,144,0
5,32,16,145,0
5,32,16,146,0
5,32,16,147,0
5,32,16,148,0
5,32,16,149,0
5,32,16,150,0
5,32,16,151,0
5,32,16,152,0
5,32,16,153,0
5,32,16,154,0
5,32,16,155,0
5,32,16,156,0
5,32,16,157,0
5,32,16,158,0
5,32,16,159,0
5,32,16,160,0
5,32,16,161,0
5,32,16,162,0
5,32,16,163,0
5,32,16,164,0
5,32,16,165,0
5,32,16,166,0
5,32,16,167,0
5,32,16,168,0
5,32,16,169,0
5,32,16,170,0
5,32,16,171,0
5,32,16,172,0
5,32,16,173,0
5,32,16,174,0
5,32,16,175,0
5,32,16,176,0
5,32,16,177,0
5,32,16,178,0
5,32,16,179,0
5,32,16,180,0
5,32,16,181,0
5,32,16,182,0
5,32,16,183,0
5,32,16,184,0
5,32,16,185,0
5,32,16,186,0
5,32,16,187,0
5,32,16,188,0
5,32,16,189,0
5,32,16,190,0
5,32,16,191,0
5,32,16,192,0
5,32,16,193,0
5,32,16,194,0
5,32,16,195,0
5,32,16,196,0
5,32,16,197,0
5,32,16,198,0
5,32,16,199,0
5,32,16,200,0
5,32,16,201,0
5,32,16,202,0
5,32,16,203,0
5,32,16,204,0
5,32,16,205,0
5,32,16,206,0
5,32,16,207,0
5,32,16,208,0
5,32,16,209,0
5,32,16,210,0
5,32,16,211,0
5,32,16,212,0
5,32,16,213,0
5,32,16,214,0
5,32,16,215,0
5,32,16,216,0
5,32,16,217,0
5,32,16,218,0
5,32,16,219,0
5,32,16,220,0
5,32,16,221,0
5,32,16,222,0
5,32,16,223,0
5,32,16,224,0
5,32,16,225,0
5,32,16,226,0
5,32,16,227,0
5,32,16,228,0
5,32,16,229,0
5,32,16,230,0
5,32,16,231,0
5,32,16,232,0
5,32,16,233,0
5,32,16,234,0
5,32,16,235,0
5,32,16,236,0
5,32,16,237,0
5,32,16,238,0
5,32,16,239,0
5,32,16,240,0
5,32,16,241,0
5,32,16,242,0
5,32,16,243,0
5,32,16,244,0
5,32,16,245,0
5,32,16,246,0
5,32,16,247,0
5,32,16,248,0
5,32,16,249,0
5,32,16,250,0
5,32,16,251,0
5,32,16,252,0
5,32,16,253,0
5,32,16,254,0
5,32,16,255,0
5,32,16,256,0
5,32,16,257,0
5,32,16,258,0
5,32,16,259,0
5,32,16,260,0
5,32,16,261,0
5,32,16,262,0
5,32,16,263,0
5,32,16,264,0
5,32,16,265,0
5,32,16,266,0
5,32,16,267,0
5,32,16,268,0
5,32,16,269,0
5,32,16,270,0
5,32,16,271,0
5,32,16,272,0
5,32,16,273,0
5,32,16,274,0
5,32,16,275,0
5,32,16,276,0
5,32,16,277,0
5,32,16,278,0
5,32,16,279,0
5,32,16,280,0
5,32,16,281,0
5,32,16,282,0
5,32,16,283,0
5,32,17,0,1213869792438967339922
5,32,17,1,4471644687728271871134
5,32,17,2,7839636135295805488554
5,32,17,3,8561190074505552064620
5,32,17,4,6473794962881493131486
5,32,17,5,3595717513056238945178
5,32,17,6,1530285582500714995072
5,32,17,7,517612054356660197484
5,32,17,8,143971759005139013630
5,32,17,9,33956992836326757986
5,32,17,10,6969313098676669810
5,32,17,11,1270194430129463224
5,32,17,12,208528698914631872
5,32,17,13,31156746249369114
5,32,17,14,4276422309274540
5,32,17,15,542634322688170
5,32,17,16,63885626604670
5,32,17,17,6980926740248
5,32,17,18,710225945260
5,32,17,19,67463578512
5,32,17,20,5806364346
5,32,17,21,466506520
5,32,17,22,32285452
5,32,17,23,2072086
5,32,17,24,95786
5,32,17,25,3724
5,32,17,26,0
5,32,17,27,0
5,32,17,28,0
5,32,17,29,0
5,32,17,30,0
5,32,17,31,0
5,32,17,32,0
5,32,17,33,0
5,32,17,34,0
5,32,17,35,0
5,32,17,36,0
5,32,17,37,0
5,32,17,38,0
5,32,17,39,0
5,32,17,40,0
5,32,17,41,0
5,32,17,42,0
5,32,17,43,0
5,32,17,44,0
5,32,17,45,0
5,32,17,46,0
5,32,17,47,0
5,32,17,48,0
5,32,17,49,0
5,32,17,50,0
5,32,17,51,0
5,32,17,52,0
5,32,17,53,0
5,32,17,54,0
5,32,17,55,0
5,32,17,56,0
5,32,17,57,0
5,32,17,58,0
5,32,17,59,0
5,32,17,60,0
5,32,17,61,0
5,32,17,62,0
5,32,17,63,0
5,32,17,64,0
5,32,17,65,0
5,32,17,66,0
5,32,17,67,0
5,32,17,68,0
5,32,17,69,0
5,32,17,70,0
5,32,17,71,0
5,32,17,72,0
5,32,17,73,0
5,32,17,74,0
5,32,17,75,0
5,32,17,76,0
5,32,17,77,0
5,32,17,78,0
5,32,17,79,0
5,32,17,80,0
5,32,17,81,0
5,32,17,82,0
5,32,17,83,0
5,32,17,84,0
5,32,17,85,0
5,32,17,86,0
5,32,17,87,0
5,32,17,88,0
5,32,17,89,0
5,32,17,90,0
5,32,17,91,0
5,32,17,92,0
5,32,17,93,0
5,32,17,94,0
5,32,17,95,0
5,32,17,96,0
5,32,17,97,0
5,32,17,98,0
5,32,17,99,0
5,32,17,100,0
5,32,17,101,0
5,32,17,102,0
5,32,17,103,0
5,32,17,104,0
5,32,17,105,0
5,32,17,106,0
5,32,17,107,0
5,32,17,108,0
5,32,17,109,0
5,32,17,110,0
5,32,17,111,0
5,32,17,112,0
5,32,17,113,0
5,32,17,114,0
5,32,17,115,0
5,32,17,116,0
5,32,17,117,0
5,32,17,118,0
5,32,17,119,0
5,32,17,120,0
5,32,17,121,0
5,32,17,122,0
5,32,17,123,0
5,32,17,124,0
5,32,17,125,0
5,32,17,126,0
5,32,17,127,0
5,32,17,128,0
5,32,17,129,0
5,32,17,130,0
5,32,17,131,0
5,32,17,132,0
5,32,17,133,0
5,32,17,134,0
5,32,17,135,0
5,32,17,136,0
5,32,17,137,0
5,32,17,138,0
5,32,17,139,0
5,32,17,140,0
5,32,17,141,0
5,32,17,142,0
5,32,17,143,0
5,32,17,144,0
5,32,17,145,0
5,32,17,146,0
5,32,17,147,0
5,32,17,148,0
5,32,17,149,0
5,32,17,150,0
5,32,17,151,0
5,32,17,152,0
5,32,17,153,0
5,32,17,154,0
5,32,17,155,0
5,32,17,156,0
5,32,17,157,0
5,32,17,158,0
5,32,17,159,0
5,32,17,160,0
5,32,17,161,0
5,32,17,162,0
5,32,17,163,0
5,32,17,164,0
5,32,17,165,0
5,32,17,166,0
5,32,17,167,0
5,32,17,168,0
5,32,17,169,0
5,32,17,170,0
5,32,17,171,0
5,32,17,172,0
5,32,17,173,0
5,32,17,174,0
5,32,17,175,0
5,32,17,176,0
5,32,17,177,0
5,32,17,178,0
5,32,17,179,0
5,32,17,180,0
5,32,17,181,0
5,32,17,182,0
5,32,17,183,0
5,32,17,184,0
5,32,17,185,0
5,32,17,186,0
5,32,17,187,0
5,32,17,188,0
5,32,17,189,0
5,32,17,190,0
5,32,17,191,0
5,32,17,192,0
5,32,17,193,0
5,32,17,194,0
5,32,17,195,0
5,32,17,196,0
5,32,17,197,0
5,32,17,198,0
5,32,17,199,0
5,32,17,200,0
5,32,17,201,0
5,32,17,202,0
5,32,17,203,0
5,32,17,204,0
5,32,17,205,0
5,32,17,206,0
5,32,17,207,0
5,32,17,208,0
5,32,17,209,0
5,32,17,210,0
5,32,17,211,0
5,32,17,212,0
5,32,17,213,0
5,32,17,214,0
5,32,17,215,0
5,32,17,216,0
5,32,17,217,0
5,32,17,218,0
5,32,17,219,0
5,32,17,220,0
5,32,17,221,0
5,32,17,222,0
5,32,17,223,0
5,32,17,224,0
5,32,17,225,0
5,32,17,226,0
5,32,17,227,0
5,32,17,228,0
5,32,17,229,0
5,32,17,230,0
5,32,17,231,0
5,32,17,232,0
5,32,17,233,0
5,32,17,234,0
5,32,17,235,0
5,32,17,236,0
5,32,17,237,0
5,32,17,238,0
5,32,17,239,0
5,32,17,240,0
5,32,17,241,0
5,32,17,242,0
5,32,17,243,0
5,32,17,244,0
5,32,17,245,0
5,32,17,246,0
5,32,17,247,0
5,32,17,248,0
5,32,17,249,0
5,32,17,250,0
5,32,17,251,0
5,32,17,252,0
5,32,17,253,0
5,32,17,254,0
5,32,17,255,0
5,32,17,256,0
5,32,17,257,0
5,32,17,258,0
5,32,17,259,0
5,32,17,260,0
5,32,17,261,0
5,32,17,262,0
5,32,17,263,0
5,32,17,264,0
5,32,17,265,0
5,32,17,266,0
5,32,17,267,0
5,32,17,268,0
5,32,17,269,0
5,32,17,270,0
5,32,17,271,0
5,32,17,272,0
5,32,17,273,0
5,32,17,274,0
5,32,17,275,0
5,32,17,276,0
5,32,17,277,0
5,32,17,278,0
5,32,17,279,0
5,32,17,280,0
5,32,17,281,0
5,32,17,282,0
5,32,17,283,0
5,32,18,0,6206239896216719114154
5,32,18,1,26011487509149994909753
5,32,18,2,52127426279920949819296
5,32,18,3,65478683343693505925584
5,32,18,4,57338375337320454864376
5,32,18,5,37098291577081055843623
5,32,18,6,18456395736829304616158
5,32,18,7,7296530788037476279383
5,32,18,8,2362593741488867821358
5,32,18,9,644394203810816791067
5,32,18,10,151776258418686412850
5,32,18,11,31518698855046205950
5,32,18,12,5864285704495408977
5,32,18,13,989108189268170676
5,32,18,14,152686119477487451
5,32,18,15,21740127405937122
5,32,18,16,2870919219309471
5,32,18,17,352649907454569
5,32,18,18,40380103587290
5,32,18,19,4331827778855
5,32,18,20,430927489691
5,32,18,21,39936272075
5,32,18,22,3384330229
5,32,18,23,263398727
5,32,18,24,18123176
5,32,18,25,1045850
5,32,18,26,49418
5,32,18,27,1271
5,32,18,28,0
5,32,18,29,0
5,32,18,30,0
5,32,18,31,0
5,32,18,32,0
5,32,18,33,0
5,32,18,34,0
5,32,18,35,0
5,32,18,36,0
5,32,18,37,0
5,32,18,38,0
5,32,18,39,0
5,32,18,40,0
5,32,18,41,0
5,32,18,42,0
5,32,18,43,0
5,32,18,44,0
5,32,18,45,0
5,32,18,46,0
5,32,18,47,0
5,32,18,48,0
5,32,18,49,0
5,32,18,50,0
5,32,18,51,0
5,32,18,52,0
5,32,18,53,0
5,32,18,54,0
5,32,18,55,0
5,32,18,56,0
5,32,18,57,0
5,32,18,58,0
5,32,18,59,0
5,32,18,60,0
5,32,18,61,0
5,32,18,62,0
5,32,18,63,0
5,32,18,64,0
5,32,18,65,0
5,32,18,66,0
5,32,18,67,0
5,32,18,68,0
5,32,18,69,0
5,32,18,70,0
5,32,18,71,0
5,32,18,72,0
5,32,18,73,0
5,32,18,74,0
5,32,18,75,0
5,32,18,76,0
5,32,18,77,0
5,32,18,78,0
5,32,18,79,0
5,32,18,80,0
5,32,18,81,0
5,32,18,82,0
5,32,18,83,0
5,32,18,84,0
5,32,18,85,0
5,32,18,86,0
5,32,18,87,0
5,32,18,88,0
5,32,18,89,0
5,32,18,90,0
5,32,18,91,0
5,32,18,92,0
5,32,18,93,0
5,32,18,94,0
5,32,18,95,0
5,32,18,96,0
5,32,18,97,0
5,32,18,98,0
5,32,18,99,0
5,32,18,100,0
5,32,18,101,0
5,32,18,102,0
5,32,18,103,0
5,32,18,104,0
5,32,18,105,0
5,32,18,106,0
5,32,18,107,0
5,32,18,108,0
5,32,18,109,0
5,32,18,110,0
5,32,18,111,0
5,32,18,112,0
5,32,18,113,0
5,32,18,114,0
5,32,18,115,0
5,32,18,116,0
5,32,18,117,0
5,32,18,118,0
5,32,18,119,0
5,32,18,120,0
5,32,18,121,0
5,32,18,122,0
5,32,18,123,0
5,32,18,124,0
5,32,18,125,0
5,32,18,126,0
5,32,18,127,0
5,32,18,128,0
5,32,18,129,0
5,32,18,130,0
5,32,18,131,0
5,32,18,132,0
5,32,18,133,0
5,32,18,134,0
5,32,18,135,0
5,32,18,136,0
5,32,18,137,0
5,32,18,138,0
5,32,18,139,0
5,32,18,140,0
5,32,18,141,0
5,32,18,142,0
5,32,18,143,0
5,32,18,144,0
5,32,18,145,0
5,32,18,146,0
5,32,18,147,0
5,32,18,148,0
5,32,18,149,0
5,32,18,150,0
5,32,18,151,0
5,32,18,152,0
5,32,18,153,0
5,32,18,154,0
5,32,18,155,0
5,32,18,156,0
5,32,18,157,0
5,32,18,158,0
5,32,18,159,0
5,32,18,160,0
5,32,18,161,0
5,32,18,162,0
5,32,18,163,0
5,32,18,164,0
5,32,18,165,0
5,32,18,166,0
5,32,18,167,0
5,32,18,168,0
5,32,18,169,0
5,32,18,170,0
5,32,18,171,0
5,32,18,172,0
5,32,18,173,0
5,32,18,174,0
5,32,18,175,0
5,32,18,176,0
5,32,18,177,0
5,32,18,178,0
5,32,18,179,0
5,32,18,180,0
5,32,18,181,0
5,32,18,182,0
5,32,18,183,0
5,32,18,184,0
5,32,18,185,0
5,32,18,186,0
5,32,18,187,0
5,32,18,188,0
5,32,18,189,0
5,32,18,190,0
5,32,18,191,0
5,32,18,192,0
5,32,18,193,0
5,32,18,194,0
5,32,18,195,0
5,32,18,196,0
5,32,18,197,0
5,32,18,198,0
5,32,18,199,0
5,32,18,200,0
5,32,18,201,0
5,32,18,202,0
5,32,18,203,0
5,32,18,204,0
5,32,18,205,0
5,32,18,206,0
5,32,18,207,0
5,32,18,208,0
5,32,18,209,0
5,32,18,210,0
5,32,18,211,0
5,32,18,212,0
5,32,18,213,0
5,32,18,214,0
5,32,18,215,0
5,32,18,216,0
5,32,18,217,0
5,32,18,218,0
5,32,18,219,0
5,32,18,220,0
5,32,18,221,0
5,32,18,222,0
5,32,18,223,0
5,32,18,224,0
5,32,18,225,0
5,32,18,226,0
5,32,18,227,0
5,32,18,228,0
5,32,18,229,0
5,32,18,230,0
5,32,18,231,0
5,32,18,232,0
5,32,18,233,0
5,32,18,234,0
5,32,18,235,0
5,32,18,236,0
5,32,18,237,0
5,32,18,238,0
5,32,18,239,0
5,32,18,240,0
5,32,18,241,0
5,32,18,242,0
5,32,18,243,0
5,32,18,244,0
5,32,18,245,0
5,32,18,246,0
5,32,18,247,0
5,32,18,248,0
5,32,18,249,0
5,32,18,250,0
5,32,18,251,0
5,32,18,252,0
5,32,18,253,0
5,32,18,254,0
5,32,18,255,0
5,32,18,256,0
5,32,18,257,0
5,32,18,258,0
5,32,18,259,0
5,32,18,260,0
5,32,18,261,0
5,32,18,262,0
5,32,18,263,0
5,32,18,264,0
5,32,18,265,0
5,32,18,266,0
5,32,18,267,0
5,32,18,268,0
5,32,18,269,0
5,32,18,270,0
5,32,18,271,0
5,32,18,272,0
5,32,18,273,0
5,32,18,274,0
5,32,18,275,0
5,32,18,276,0
5,32,18,277,0
5,32,18,278,0
5,32,18,279,0
5,32,18,280,0
5,32,18,281,0
5,32,18,282,0
5,32,18,283,0
5,32,19,0,28965119443987515116696
5,32,19,1,137201078754122542387052
5,32,19,2,312064512281649130646318
5,32,19,3,447387053331093236182694
5,32,19,4,449846270170359308262882
5,32,19,5,336077099213810193728880
5,32,19,6,193837601750945196055106
5,32,19,7,88959346309558520092618
5,32,19,8,33375990763648415336996
5,32,19,9,10499039898209994716408
5,32,19,10,2834193894006274408316
5,32,19,11,670081477257612710674
5,32,19,12,141110908108248266598
5,32,19,13,26816462056788560122
5,32,19,14,4646053272546758006
5,32,19,15,740063234907050354
5,32,19,16,109109904913482672
5,32,19,17,14959013472517058
5,32,19,18,1912783960238984
5,32,19,19,229066896758204
5,32,19,20,25673656061614
5,32,19,21,2690688939042
5,32,19,22,262873142408
5,32,19,23,23807741512
5,32,19,24,1997050980
5,32,19,25,148476380
5,32,19,26,10113624
5,32,19,27,522880
5,32,19,28,25782
5,32,19,29,340
5,32,19,30,0
5,32,19,31,0
5,32,19,32,0
5,32,19,33,0
5,32,19,34,0
5,32,19,35,0
5,32,19,36,0
5,32,19,37,0
5,32,19,38,0
5,32,19,39,0
5,32,19,40,0
5,32,19,41,0
5,32,19,42,0
5,32,19,43,0
5,32,19,44,0
5,32,19,45,0
5,32,19,46,0
5,32,19,47,0
5,32,19,48,0
5,32,19,49,0
5,32,19,50,0
5,32,19,51,0
5,32,19,52,0
5,32,19,53,0
5,32,19,54,0
5,32,19,55,0
5,32,19,56,0
5,32,19,57,0
5,32,19,58,0
5,32,19,59,0
5,32,19,60,0
5,32,19,61,0
5,32,19,62,0
5,32,19,63,0
5,32,19,64,0
5,32,19,65,0
5,32,19,66,0
5,32,19,67,0
5,32,19,68,0
5,32,19,69,0
5,32,19,70,0
5,32,19,71,0
5,32,19,72,0
5,32,19,73,0
5,32,19,74,0
5,32,19,75,0
5,32,19,76,0
5,32,19,77,0
5,32,19,78,0
5,32,19,79,0
5,32,19,80,0
5,32,19,81,0
5,32,19,82,0
5,32,19,83,0
5,32,19,84,0
5,32,19,85,0
5,32,19,86,0
5,32,19,87,0
5,32,19,88,0
5,32,19,89,0
5,32,19,90,0
5,32,19,91,0
5,32,19,92,0
5,32,19,93,0
5,32,19,94,0
5,32,19,95,0
5,32,19,96,0
5,32,19,97,0
5,32,19,98,0
5,32,19,99,0
5,32,19,100,0
5,32,19,101,0
5,32,19,102,0
5,32,19,103,0
5,32,19,104,0
5,32,19,105,0
5,32,19,106,0
5,32,19,107,0
5,32,19,108,0
5,32,19,109,0
5,32,19,110,0
5,32,19,111,0
5,32,19,112,0
5,32,19,113,0
5,32,19,114,0
5,32,19,115,0
5,32,19,116,0
5,32,19,117,0
5,32,19,118,0
5,32,19,119,0
5,32,19,120,0
5,32,19,121,0
5,32,19,122,0
5,32,19,123,0
5,32,19,124,0
5,32,19,125,0
5,32,19,126,0
5,32,19,127,0
5,32,19,128,0
5,32,19,129,0
5,32,19,130,0
5,32,19,131,0
5,32,19,132,0
5,32,19,133,0
5,32,19,134,0
5,32,19,135,0
5,32,19,136,0
5,32,19,137,0
5,32,19,138,0
5,32,19,139,0
5,32,19,140,0
5,32,19,141,0
5,32,19,142,0
5,32,19,143,0
5,32,19,144,0
5,32,19,145,0
5,32,19,146,0
5,32,19,147,0
5,32,19,148,0
5,32,19,149,0
5,32,19,150,0
5,32,19,151,0
5,32,19,152,0
5,32,19,153,0
5,32,19,154,0
5,32,19,155,0
5,32,19,156,0
5,32,19,157,0
5,32,19,158,0
5,32,19,159,0
5,32,19,160,0
5,32,19,161,0
5,32,19,162,0
5,32,19,163,0
5,32,19,164,0
5,32,19,165,0
5,32,19,166,0
5,32,19,167,0
5,32,19,168,0
5,32,19,169,0
5,32,19,170,0
5,32,19,171,0
5,32,19,172,0
5,32,19,173,0
5,32,19,174,0
5,32,19,175,0
5,32,19,176,0
5,32,19,177,0
5,32,19,178,0
5,32,19,179,0
5,32,19,180,0
5,32,19,181,0
5,32,19,182,0
5,32,19,183,0
5,32,19,184,0
5,32,19,185,0
5,32,19,186,0
5,32,19,187,0
5,32,19,188,0
5,32,19,189,0
5,32,19,190,0
5,32,19,191,0
5,32,19,192,0
5,32,19,193,0
5,32,19,194,0
5,32,19,195,0
5,32,19,196,0
5,32,19,197,0
5,32,19,198,0
5,32,19,199,0
5,32,19,200,0
5,32,19,201,0
5,32,19,202,0
5,32,19,203,0
5,32,19,204,0
5,32,19,205,0
5,32,19,206,0
5,32,19,207,0
5,32,19,208,0
5,32,19,209,0
5,32,19,210,0
5,32,19,211,0
5,32,19,212,0
5,32,19,213,0
5,32,19,214,0
5,32,19,215,0
5,32,19,216,0
5,32,19,217,0
5,32,19,218,0
5,32,19,219,0
5,32,19,220,0
5,32,19,221,0
5,32,19,222,0
5,32,19,223,0
5,32,19,224,0
5,32,19,225,0
5,32,19,226,0
5,32,19,227,0
5,32,19,228,0
5,32,19,229,0
5,32,19,230,0
5,32,19,231,0
5,32,19,232,0
5,32,19,233,0
5,32,19,234,0
5,32,19,235,0
5,32,19,236,0
5,32,19,237,0
5,32,19,238,0
5,32,19,239,0
5,32,19,240,0
5,32,19,241,0
5,32,19,242,0
5,32,19,243,0
5,32,19,244,0
5,32,19,245,0
5,32,19,246,0
5,32,19,247,0
5,32,19,248,0
5,32,19,249,0
5,32,19,250,0
5,32,19,251,0
5,32,19,252,0
5,32,19,253,0
5,32,19,254,0
5,32,19,255,0
5,32,19,256,0
5,32,19,257,0
5,32,19,258,0
5,32,19,259,0
5,32,19,260,0
5,32,19,261,0
5,32,19,262,0
5,32,19,263,0
5,32,19,264,0
5,32,19,265,0
5,32,19,266,0
5,32,19,267,0
5,32,19,268,0
5,32,19,269,0
5,32,19,270,0
5,32,19,271,0
5,32,19,272,0
5,32,19,273,0
5,32,19,274,0
5,32,19,275,0
5,32,19,276,0
5,32,19,277,0
5,32,19,278,0
5,32,19,279,0
5,32,19,280,0
5,32,19,281,0
5,32,19,282,0
5,32,19,283,0
5,32,20,0,123673959169638208083085
5,32,20,1,658118173724080441821027
5,32,20,2,1688172997000018572221026
5,32,20,3,2743178426999115734093195
5,32,20,4,3143479639749518069278359
5,32,20,5,2690563205874519424142430
5,32,20,6,1785348055544061134626065
5,32,20,7,944805123630976748323258
5,32,20,8,408629865292074595405921
5,32,20,9,147760322397765272647141
5,32,20,10,45633100161963731769851
5,32,20,11,12272248111251401433071
5,32,20,12,2922912776053731989845
5,32,20,13,625138069554605248788
5,32,20,14,121392555547509658546
5,32,20,15,21595107190765152864
5,32,20,16,3545521472860669332
5,32,20,17,540363375661731633
5,32,20,18,76763676132121313
5,32,20,19,10202996978696984
5,32,20,20,1272075017613930
5,32,20,21,148819781725101
5,32,20,22,16336318573945
5,32,20,23,1677486577007
5,32,20,24,161399963393
5,32,20,25,14282202209
5,32,20,26,1174670444
5,32,20,27,83885183
5,32,20,28,5618746
5,32,20,29,270357
5,32,20,30,11826
5,32,20,31,85
5,32,20,32,0
5,32,20,33,0
5,32,20,34,0
5,32,20,35,0
5,32,20,36,0
5,32,20,37,0
5,32,20,38,0
5,32,20,39,0
5,32,20,40,0
5,32,20,41,0
5,32,20,42,0
5,32,20,43,0
5,32,20,44,0
5,32,20,45,0
5,32,20,46,0
5,32,20,47,0
5,32,20,48,0
5,32,20,49,0
5,32,20,50,0
5,32,20,51,0
5,32,20,52,0
5,32,20,53,0
5,32,20,54,0
5,32,20,55,0
5,32,20,56,0
5,32,20,57,0
5,32,20,58,0
5,32,20,59,0
5,32,20,60,0
5,32,20,61,0
5,32,20,62,0
5,32,20,63,0
5,32,20,64,0
5,32,20,65,0
5,32,20,66,0
5,32,20,67,0
5,32,20,68,0
5,32,20,69,0
5,32,20,70,0
5,32,20,71,0
5,32,20,72,0
5,32,20,73,0
5,32,20,74,0
5,32,20,75,0
5,32,20,76,0
5,32,20,77,0
5,32,20,78,0
5,32,20,79,0
5,32,20,80,0
5,32,20,81,0
5,32,20,82,0
5,32,20,83,0
5,32,20,84,0
5,32,20,85,0
5,32,20,86,0
5,32,20,87,0
5,32,20,88,0
5,32,20,89,0
5,32,20,90,0
5,32,20,91,0
5,32,20,92,0
5,32,20,93,0
5,32,20,94,0
5,32,20,95,0
5,32,20,96,0
5,32,20,97,0
5,32,20,98,0
5,32,20,99,0
5,32,20,100,0
5,32,20,101,0
5,32,20,102,0
5,32,20,103,0
5,32,20,104,0
5,32,20,105,0
5,32,20,106,0
5,32,20,107,0
5,32,20,108,0
5,32,20,109,0
5,32,20,110,0
5,32,20,111,0
5,32,20,112,0
5,32,20,113,0
5,32,20,114,0
5,32,20,115,0
5,32,20,116,0
5,32,20,117,0
5,32,20,118,0
5,32,20,119,0
5,32,20,120,0
5,32,20,121,0
5,32,20,122,0
5,32,20,123,0
5,32,20,124,0
5,32,20,125,0
5,32,20,126,0
5,32,20,127,0
5,32,20,128,0
5,32,20,129,0
5,32,20,130,0
5,32,20,131,0
5,32,20,132,0
5,32,20,133,0
5,32,20,134,0
5,32,20,135,0
5,32,20,136,0
5,32,20,137,0
5,32,20,138,0
5,32,20,139,0
5,32,20,140,0
5,32,20,141,0
5,32,20,142,0
5,32,20,143,0
5,32,20,144,0
5,32,20,145,0
5,32,20,146,0
5,32,20,147,0
5,32,20,148,0
5,32,20,149,0
5,32,20,150,0
5,32,20,151,0
5,32,20,152,0
5,32,20,153,0
5,32,20,154,0
5,32,20,155,0
5,32,20,156,0
5,32,20,157,0
5,32,20,158,0
5,32,20,159,0
5,32,20,160,0
5,32,20,161,0
5,32,20,162,0
5,32,20,163,0
5,32,20,164,0
5,32,20,165,0
5,32,20,166,0
5,32,20,167,0
5,32,20,168,0
5,32,20,169,0
5,32,20,170,0
5,32,20,171,0
5,32,20,172,0
5,32,20,173,0
5,32,20,174,0
5,32,20,175,0
5,32,20,176,0
5,32,20,177,0
5,32,20,178,0
5,32,20,179,0
5,32,20,180,0
5,32,20,181,0
5,32,20,182,0
5,32,20,183,0
5,32,20,184,0
5,32,20,185,0
5,32,20,186,0
5,32,20,187,0
5,32,20,188,0
5,32,20,189,0
5,32,20,190,0
5,32,20,191,0
5,32,20,192,0
5,32,20,193,0
5,32,20,194,0
5,32,20,195,0
5,32,20,196,0
5,32,20,197,0
5,32,20,198,0
5,32,20,199,0
5,32,20,200,0
5,32,20,201,0
5,32,20,202,0
5,32,20,203,0
5,32,20,204,0
5,32,20,205,0
5,32,20,206,0
5,32,20,207,0
5,32,20,208,0
5,32,20,209,0
5,32,20,210,0
5,32,20,211,0
5,32,20,212,0
5,32,20,213,0
5,32,20,214,0
5,32,20,215,0
5,32,20,216,0
5,32,20,217,0
5,32,20,218,0
5,32,20,219,0
5,32,20,220,0
5,32,20,221,0
5,32,20,222,0
5,32,20,223,0
5,32,20,224,0
5,32,20,225,0
5,32,20,226,0
5,32,20,227,0
5,32,20,228,0
5,32,20,229,0
5,32,20,230,0
5,32,20,231,0
5,32,20,232,0
5,32,20,233,0
5,32,20,234,0
5,32,20,235,0
5,32,20,236,0
5,32,20,237,0
5,32,20,238,0
5,32,20,239,0
5,32,20,240,0
5,32,20,241,0
5,32,20,242,0
5,32,20,243,0
5,32,20,244,0
5,32,20,245,0
5,32,20,246,0
5,32,20,247,0
5,32,20,248,0
5,32,20,249,0
5,32,20,250,0
5,32,20,251,0
5,32,20,252,0
5,32,20,253,0
5,32,20,254,0
5,32,20,255,0
5,32,20,256,0
5,32,20,257,0
5,32,20,258,0
5,32,20,259,0
5,32,20,260,0
5,32,20,261,0
5,32,20,262,0
5,32,20,263,0
5,32,20,264,0
5,32,20,265,0
5,32,20,266,0
5,32,20,267,0
5,32,20,268,0
5,32,20,269,0
5,32,20,270,0
5,32,20,271,0
5,32,20,272,0
5,32,20,273,0
5,32,20,274,0
5,32,20,275,0
5,32,20,276,0
5,32,20,277,0
5,32,20,278,0
5,32,20,279,0
5,32,20,280,0
5,32,20,281,0
5,32,20,282,0
5,32,20,283,0
5,32,21,0,484043109910483025696154
5,32,21,1,2878053331048468939756706
5,32,21,2,8278530229095013581156256
5,32,21,3,15153025934892096259374858
5,32,21,4,19657476598828429799933042
5,32,21,5,19140936563164416084397794
5,32,21,6,14510231292455532537831616
5,32,21,7,8797387889607341477114364
5,32,21,8,4362906593857585136191040
5,32,21,9,1806565293066907759592146
5,32,21,10,636784263049242567261076
5,32,21,11,194555630878420031224668
5,32,21,12,52372300750945024680236
5,32,21,13,12597582366385604423742
5,32,21,14,2739430359708645094504
5,32,21,15,543691838277073588292
5,32,21,16,99264500537464034132
5,32,21,17,16780648145263979836
5,32,21,18,2639932177653652968
5,32,21,19,388073257442759086
5,32,21,20,53489914827300108
5,32,21,21,6927467786514398
5,32,21,22,843921401885716
5,32,21,23,96661769906564
5,32,21,24,10417790271546
5,32,21,25,1050738790310
5,32,21,26,99195053986
5,32,21,27,8579512694
5,32,21,28,688938318
5,32,21,29,48450566
5,32,21,30,2991096
5,32,21,31,143404
5,32,21,32,5178
5,32,21,33,0
5,32,21,34,0
5,32,21,35,0
5,32,21,36,0
5,32,21,37,0
5,32,21,38,0
5,32,21,39,0
5,32,21,40,0
5,32,21,41,0
5,32,21,42,0
5,32,21,43,0
5,32,21,44,0
5,32,21,45,0
5,32,21,46,0
5,32,21,47,0
5,32,21,48,0
5,32,21,49,0
5,32,21,50,0
5,32,21,51,0
5,32,21,52,0
5,32,21,53,0
5,32,21,54,0
5,32,21,55,0
5,32,21,56,0
5,32,21,57,0
5,32,21,58,0
5,32,21,59,0
5,32,21,60,0
5,32,21,61,0
5,32,21,62,0
5,32,21,63,0
5,32,21,64,0
5,32,21,65,0
5,32,21,66,0
5,32,21,67,0
5,32,21,68,0
5,32,21,69,0
5,32,21,70,0
5,32,21,71,0
5,32,21,72,0
5,32,21,73,0
5,32,21,74,0
5,32,21,75,0
5,32,21,76,0
5,32,21,77,0
5,32,21,78,0
5,32,21,79,0
5,32,21,80,0
5,32,21,81,0
5,32,21,82,0
5,32,21,83,0
5,32,21,84,0
5,32,21,85,0
5,32,21,86,0
5,32,21,87,0
5,32,21,88,0
5,32,21,89,0
5,32,21,90,0
5,32,21,91,0
5,32,21,92,0
5,32,21,93,0
5,32,21,94,0
5,32,21,95,0
5,32,21,96,0
5,32,21,97,0
5,32,21,98,0
5,32,21,99,0
5,32,21,100,0
5,32,21,101,0
5,32,21,102,0
5,32,21,103,0
5,32,21,104,0
5,32,21,105,0
5,32,21,106,0
5,32,21,107,0
5,32,21,108,0
5,32,21,109,0
5,32,21,110,0
5,32,21,111,0
5,32,21,112,0
5,32,21,113,0
5,32,21,114,0
5,32,21,115,0
5,32,21,116,0
5,32,21,117,0
5,32,21,118,0
5,32,21,119,0
5,32,21,120,0
5,32,21,121,0
5,32,21,122,0
5,32,21,123,0
5,32,21,124,0
5,32,21,125,0
5,32,21,126,0
5,32,21,127,0
5,32,21,128,0
5,32,21,129,0
5,32,21,130,0
5,32,21,131,0
5,32,21,132,0
5,32,21,133,0
5,32,21,134,0
5,32,21,135,0
5,32,21,136,0
5,32,21,137,0
5,32,21,138,0
5,32,21,139,0
5,32,21,140,0
5,32,21,141,0
5,32,21,142,0
5,32,21,143,0
5,32,21,144,0
5,32,21,145,0
5,32,21,146,0
5,32,21,147,0
5,32,21,148,0
5,32,21,149,0
5,32,21,150,0
5,32,21,151,0
5,32,21,152,0
5,32,21,153,0
5,32,21,154,0
5,32,21,155,0
5,32,21,156,0
5,32,21,157,0
5,32,21,158,0
5,32,21,159,0
5,32,21,160,0
5,32,21,161,0
5,32,21,162,0
5,32,21,163,0
5,32,21,164,0
5,32,21,165,0
5,32,21,166,0
5,32,21,167,0
5,32,21,168,0
5,32,21,169,0
5,32,21,170,0
5,32,21,171,0
5,32,21,172,0
5,32,21,173,0
5,32,21,174,0
5,32,21,175,0
5,32,21,176,0
5,32,21,177,0
5,32,21,178,0
5,32,21,179,0
5,32,21,180,0
5,32,21,181,0
5,32,21,182,0
5,32,21,183,0
5,32,21,184,0
5,32,21,185,0
5,32,21,186,0
5,32,21,187,0
5,32,21,188,0
5,32,21,189,0
5,32,21,190,0
5,32,21,191,0
5,32,21,192,0
5,32,21,193,0
5,32,21,194,0
5,32,21,195,0
5,32,21,196,0
5,32,21,197,0
5,32,21,198,0
5,32,21,199,0
5,32,21,200,0
5,32,21,201,0
5,32,21,202,0
5,32,21,203,0
5,32,21,204,0
5,32,21,205,0
5,32,21,206,0
5,32,21,207,0
5,32,21,208,0
5,32,21,209,0
5,32,21,210,0
5,32,21,211,0
5,32,21,212,0
5,32,21,213,0
5,32,21,214,0
5,32,21,215,0
5,32,21,216,0
5,32,21,217,0
5,32,21,218,0
5,32,21,219,0
5,32,21,220,0
5,32,21,221,0
5,32,21,222,0
5,32,21,223,0
5,32,21,224,0
5,32,21,225,0
5,32,21,226,0
5,32,21,227,0
5,32,21,228,0
5,32,21,229,0
5,32,21,230,0
5,32,21,231,0
5,32,21,232,0
5,32,21,233,0
5,32,21,234,0
5,32,21,235,0
5,32,21,236,0
5,32,21,237,0
5,32,21,238,0
5,32,21,239,0
5,32,21,240,0
5,32,21,241,0
5,32,21,242,0
5,32,21,243,0
5,32,21,244,0
5,32,21,245,0
5,32,21,246,0
5,32,21,247,0
5,32,21,248,0
5,32,21,249,0
5,32,21,250,0
5,32,21,251,0
5,32,21,252,0
5,32,21,253,0
5,32,21,254,0
5,32,21,255,0
5,32,21,256,0
5,32,21,257,0
5,32,21,258,0
5,32,21,259,0
5,32,21,260,0
5,32,21,261,0
5,32,21,262,0
5,32,21,263,0
5,32,21,264,0
5,32,21,265,0
5,32,21,266,0
5,32,21,267,0
5,32,21,268,0
5,32,21,269,0
5,32,21,270,0
5,32,21,271,0
5,32,21,272,0
5,32,21,273,0
5,32,21,274,0
5,32,21,275,0
5,32,21,276,0
5,32,21,277,0
5,32,21,278,0
5,32,21,279,0
5,32,21,280,0
5,32,21,281,0
5,32,21,282,0
5,32,21,283,0
5,32,22,0,1739549853017080494257264
5,32,22,1,11499986462598412534169591
5,32,22,2,36901215356035279063601441
5,32,22,3,75661311450186095857266429
5,32,22,4,110450727317890001920695576
5,32,22,5,121578699338120038939804904
5,32,22,6,104619586814819001116937512
5,32,22,7,72227010082786553458293902
5,32,22,8,40854728317333891190173749
5,32,22,9,19291356138118648006087511
5,32,22,10,7738880928148502020100435
5,32,22,11,2681665255106986657512624
5,32,22,12,815170554643658435634144
5,32,22,13,220407669368757833042905
5,32,22,14,53643959922527939941521
5,32,22,15,11870394550769308100062
5,32,22,16,2408103571466862798081
5,32,22,17,451006695215136307977
5,32,22,18,78428675490529499434
5,32,22,19,12721948523439723658
5,32,22,20,1932398250638949883
5,32,22,21,275697032770384602
5,32,22,22,37022980258355824
5,32,22,23,4684504401446804
5,32,22,24,558972833616059
5,32,22,25,62847271500307
5,32,22,26,6652944023688
5,32,22,27,658630978192
5,32,22,28,60874717577
5,32,22,29,5202060704
5,32,22,30,400951585
5,32,22,31,27810387
5,32,22,32,1605990
5,32,22,33,74602
5,32,22,34,1876
5,32,22,35,0
5,32,22,36,0
5,32,22,37,0
5,32,22,38,0
5,32,22,39,0
5,32,22,40,0
5,32,22,41,0
5,32,22,42,0
5,32,22,43,0
5,32,22,44,0
5,32,22,45,0
5,32,22,46,0
5,32,22,47,0
5,32,22,48,0
5,32,22,49,0
5,32,22,50,0
5,32,22,51,0
5,32,22,52,0
5,32,22,53,0
5,32,22,54,0
5,32,22,55,0
5,32,22,56,0
5,32,22,57,0
5,32,22,58,0
5,32,22,59,0
5,32,22,60,0
5,32,22,61,0
5,32,22,62,0
5,32,22,63,0
5,32,22,64,0
5,32,22,65,0
5,32,22,66,0
5,32,22,67,0
5,32,22,68,0
5,32,22,69,0
5,32,22,70,0
5,32,22,71,0
5,32,22,72,0
5,32,22,73,0
5,32,22,74,0
5,32,22,75,0
5,32,22,76,0
5,32,22,77,0
5,32,22,78,0
5,32,22,79,0
5,32,22,80,0
5,32,22,81,0
5,32,22,82,0
5,32,22,83,0
5,32,22,84,0
5,32,22,85,0
5,32,22,86,0
5,32,22,87,0
5,32,22,88,0
5,32,22,89,0
5,32,22,90,0
5,32,22,91,0
5,32,22,92,0
5,32,22,93,0
5,32,22,94,0
5,32,22,95,0
5,32,22,96,0
5,32,22,97,0
5,32,22,98,0
5,32,22,99,0
5,32,22,100,0
5,32,22,101,0
5,32,22,102,0
5,32,22,103,0
5,32,22,104,0
5,32,22,105,0
5,32,22,106,0
5,32,22,107,0
5,32,22,108,0
5,32,22,109,0
5,32,22,110,0
5,32,22,111,0
5,32,22,112,0
5,32,22,113,0
5,32,22,114,0
5,32,22,115,0
5,32,22,116,0
5,32,22,117,0
5,32,22,118,0
5,32,22,119,0
5,32,22,120,0
5,32,22,121,0
5,32,22,122,0
5,32,22,123,0
5,32,22,124,0
5,32,22,125,0
5,32,22,126,0
5,32,22,127,0
5,32,22,128,0
5,32,22,129,0
5,32,22,130,0
5,32,22,131,0
5,32,22,132,0
5,32,22,133,0
5,32,22,134,0
5,32,22,135,0
5,32,22,136,0
5,32,22,137,0
5,32,22,138,0
5,32,22,139,0
5,32,22,140,0
5,32,22,141,0
5,32,22,142,0
5,32,22,143,0
5,32,22,144,0
5,32,22,145,0
5,32,22,146,0
5,32,22,147,0
5,32,22,148,0
5,32,22,149,0
5,32,22,150,0
5,32,22,151,0
5,32,22,152,0
5,32,22,153,0
5,32,22,154,0
5,32,22,155,0
5,32,22,156,0
5,32,22,157,0
5,32,22,158,0
5,32,22,159,0
5,32,22,160,0
5,32,22,161,0
5,32,22,162,0
5,32,22,163,0
5,32,22,164,0
5,32,22,165,0
5,32,22,166,0
5,32,22,167,0
5,32,22,168,0
5,32,22,169,0
5,32,22,170,0
5,32,22,171,0
5,32,22,172,0
5,32,22,173,0
5,32,22,174,0
5,32,22,175,0
5,32,22,176,0
5,32,22,177,0
5,32,22,178,0
5,32,22,179,0
5,32,22,180,0
5,32,22,181,0
5,32,22,182,0
5,32,22,183,0
5,32,22,184,0
5,32,22,185,0
5,32,22,186,0
5,32,22,187,0
5,32,22,188,0
5,32,22,189,0
5,32,22,190,0
5,32,22,191,0
5,32,22,192,0
5,32,22,193,0
5,32,22,194,0
5,32,22,195,0
5,32,22,196,0
5,32,22,197,0
5,32,22,198,0
5,32,22,199,0
5,32,22,200,0
5,32,22,201,0
5,32,22,202,0
5,32,22,203,0
5,32,22,204,0
5,32,22,205,0
5,32,22,206,0
5,32,22,207,0
5,32,22,208,0
5,32,22,209,0
5,32,22,210,0
5,32,22,211,0
5,32,22,212,0
5,32,22,213,0
5,32,22,214,0
5,32,22,215,0
5,32,22,216,0
5,32,22,217,0
5,32,22,218,0
5,32,22,219,0
5,32,22,220,0
5,32,22,221,0
5,32,22,222,0
5,32,22,223,0
5,32,22,224,0
5,32,22,225,0
5,32,22,226,0
5,32,22,227,0
5,32,22,228,0
5,32,22,229,0
5,32,22,230,0
5,32,22,231,0
5,32,22,232,0
5,32,22,233,0
5,32,22,234,0
5,32,22,235,0
5,32,22,236,0
5,32,22,237,0
5,32,22,238,0
5,32,22,239,0
5,32,22,240,0
5,32,22,241,0
5,32,22,242,0
5,32,22,243,0
5,32,22,244,0
5,32,22,245,0
5,32,22,246,0
5,32,22,247,0
5,32,22,248,0
5,32,22,249,0
5,32,22,250,0
5,32,22,251,0
5,32,22,252,0
5,32,22,253,0
5,32,22,254,0
5,32,22,255,0
5,32,22,256,0
5,32,22,257,0
5,32,22,258,0
5,32,22,259,0
5,32,22,260,0
5,32,22,261,0
5,32,22,262,0
5,32,22,263,0
5,32,22,264,0
5,32,22,265,0
5,32,22,266,0
5,32,22,267,0
5,32,22,268,0
5,32,22,269,0
5,32,22,270,0
5,32,22,271,0
5,32,22,272,0
5,32,22,273,0
5,32,22,274,0
5,32,22,275,0
5,32,22,276,0
5,32,22,277,0
5,32,22,278,0
5,32,22,279,0
5,32,22,280,0
5,32,22,281,0
5,32,22,282,0
5,32,22,283,0
5,32,23,0,5749001632674229902104706
5,32,23,1,42066384369362605252315490
5,32,23,2,149869464880389411588769364
5,32,23,3,342481785358815099196575812
5,32,23,4,559558744227427125133337732
5,32,23,5,692312646890639535612045818
5,32,23,6,672288316805986076471812940
5,32,23,7,525491856933683219909218098
5,32,23,8,337263440915190176069227154
5,32,23,9,180822085491587171899673690
5,32,23,10,82288345552470151657567478
5,32,23,11,32271203107380270105925846
5,32,23,12,11064157409105541763456372
5,32,23,13,3360570160832535481768902
5,32,23,14,915056467198775498973178
5,32,23,15,225667886243695294723528
5,32,23,16,50845015274509353680466
5,32,23,17,10543277773626698109276
5,32,23,18,2024600100403169277646
5,32,23,19,361879404075972407750
5,32,23,20,60464098235785388596
5,32,23,21,9477345814703219210
5,32,23,22,1397517400484864642
5,32,23,23,194251559136059526
5,32,23,24,25487474885261986
5,32,23,25,3158995419206428
5,32,23,26,369935029816330
5,32,23,27,40852573283688
5,32,23,28,4243235241864
5,32,23,29,413923127942
5,32,23,30,37411225996
5,32,23,31,3133297010
5,32,23,32,234812850
5,32,23,33,15910076
5,32,23,34,833982
5,32,23,35,38820
5,32,23,36,608
5,32,23,37,0
5,32,23,38,0
5,32,23,39,0
5,32,23,40,0
5,32,23,41,0
5,32,23,42,0
5,32,23,43,0
5,32,23,44,0
5,32,23,45,0
5,32,23,46,0
5,32,23,47,0
5,32,23,48,0
5,32,23,49,0
5,32,23,50,0
5,32,23,51,0
5,32,23,52,0
5,32,23,53,0
5,32,23,54,0
5,32,23,55,0
5,32,23,56,0
5,32,23,57,0
5,32,23,58,0
5,32,23,59,0
5,32,23,60,0
5,32,23,61,0
5,32,23,62,0
5,32,23,63,0
5,32,23,64,0
5,32,23,65,0
5,32,23,66,0
5,32,23,67,0
5,32,23,68,0
5,32,23,69,0
5,32,23,70,0
5,32,23,71,0
5,32,23,72,0
5,32,23,73,0
5,32,23,74,0
5,32,23,75,0
5,32,23,76,0
5,32,23,77,0
5,32,23,78,0
5,32,23,79,0
5,32,23,80,0
5,32,23,81,0
5,32,23,82,0
5,32,23,83,0
5,32,23,84,0
5,32,23,85,0
5,32,23,86,0
5,32,23,87,0
5,32,23,88,0
5,32,23,89,0
5,32,23,90,0
5,32,23,91,0
5,32,23,92,0
5,32,23,93,0
5,32,23,94,0
5,32,23,95,0
5,32,23,96,0
5,32,23,97,0
5,32,23,98,0
5,32,23,99,0
5,32,23,100,0
5,32,23,101,0
5,32,23,102,0
5,32,23,103,0
5,32,23,104,0
5,32,23,105,0
5,32,23,106,0
5,32,23,107,0
5,32,23,108,0
5,32,23,109,0
5,32,23,110,0
5,32,23,111,0
5,32,23,112,0
5,32,23,113,0
5,32,23,114,0
5,32,23,115,0
5,32,23,116,0
5,32,23,117,0
5,32,23,118,0
5,32,23,119,0
5,32,23,120,0
5,32,23,121,0
5,32,23,122,0
5,32,23,123,0
5,32,23,124,0
5,32,23,125,0
5,32,23,126,0
5,32,23,127,0
5,32,23,128,0
5,32,23,129,0
5,32,23,130,0
5,32,23,131,0
5,32,23,132,0
5,32,23,133,0
5,32,23,134,0
5,32,23,135,0
5,32,23,136,0
5,32,23,137,0
5,32,23,138,0
5,32,23,139,0
5,32,23,140,0
5,32,23,141,0
5,32,23,142,0
5,32,23,143,0
5,32,23,144,0
5,32,23,145,0
5,32,23,146,0
5,32,23,147,0
5,32,23,148,0
5,32,23,149,0
5,32,23,150,0
5,32,23,151,0
5,32,23,152,0
5,32,23,153,0
5,32,23,154,0
5,32,23,155,0
5,32,23,156,0
5,32,23,157,0
5,32,23,158,0
5,32,23,159,0
5,32,23,160,0
5,32,23,161,0
5,32,23,162,0
5,32,23,163,0
5,32,23,164,0
5,32,23,165,0
5,32,23,166,0
5,32,23,167,0
5,32,23,168,0
5,32,23,169,0
5,32,23,170,0
5,32,23,171,0
5,32,23,172,0
5,32,23,173,0
5,32,23,174,0
5,32,23,175,0
5,32,23,176,0
5,32,23,177,0
5,32,23,178,0
5,32,23,179,0
5,32,23,180,0
5,32,23,181,0
5,32,23,182,0
5,32,23,183,0
5,32,23,184,0
5,32,23,185,0
5,32,23,186,0
5,32,23,187,0
5,32,23,188,0
5,32,23,189,0
5,32,23,190,0
5,32,23,191,0
5,32,23,192,0
5,32,23,193,0
5,32,23,194,0
5,32,23,195,0
5,32,23,196,0
5,32,23,197,0
5,32,23,198,0
5,32,23,199,0
5,32,23,200,0
5,32,23,201,0
5,32,23,202,0
5,32,23,203,0
5,32,23,204,0
5,32,23,205,0
5,32,23,206,0
5,32,23,207,0
5,32,23,208,0
5,32,23,209,0
5,32,23,210,0
5,32,23,211,0
5,32,23,212,0
5,32,23,213,0
5,32,23,214,0
5,32,23,215,0
5,32,23,216,0
5,32,23,217,0
5,32,23,218,0
5,32,23,219,0
5,32,23,220,0
5,32,23,221,0
5,32,23,222,0
5,32,23,223,0
5,32,23,224,0
5,32,23,225,0
5,32,23,226,0
5,32,23,227,0
5,32,23,228,0
5,32,23,229,0
5,32,23,230,0
5,32,23,231,0
5,32,23,232,0
5,32,23,233,0
5,32,23,234,0
5,32,23,235,0
5,32,23,236,0
5,32,23,237,0
5,32,23,238,0
5,32,23,239,0
5,32,23,240,0
5,32,23,241,0
5,32,23,242,0
5,32,23,243,0
5,32,23,244,0
5,32,23,245,0
5,32,23,246,0
5,32,23,247,0
5,32,23,248,0
5,32,23,249,0
5,32,23,250,0
5,32,23,251,0
5,32,23,252,0
5,32,23,253,0
5,32,23,254,0
5,32,23,255,0
5,32,23,256,0
5,32,23,257,0
5,32,23,258,0
5,32,23,259,0
5,32,23,260,0
5,32,23,261,0
5,32,23,262,0
5,32,23,263,0
5,32,23,264,0
5,32,23,265,0
5,32,23,266,0
5,32,23,267,0
5,32,23,268,0
5,32,23,269,0
5,32,23,270,0
5,32,23,271,0
5,32,23,272,0
5,32,23,273,0
5,32,23,274,0
5,32,23,275,0
5,32,23,276,0
5,32,23,277,0
5,32,23,278,0
5,32,23,279,0
5,32,23,280,0
5,32,23,281,0
5,32,23,282,0
5,32,23,283,0
5,32,24,0,17495623258796574547893917
5,32,24,1,141106141070834078077241520
5,32,24,2,555742941771661604198441370
5,32,24,3,1408919008202340462544894507
5,32,24,4,2563716874444855752729041421
5,32,24,5,3546794003869066408322541917
5,32,24,6,3865959696872645090640442435
5,32,24,7,3403137479627567604192132348
5,32,24,8,2465880065555617319617219985
5,32,24,9,1494578487552166137866549733
5,32,24,10,768883633028996130961730756
5,32,24,11,340406692427079493041709762
5,32,24,12,131422641209967415871066883
5,32,24,13,44802125693912318910427836
5,32,24,14,13641831704689523471343141
5,32,24,15,3748361323464196073084126
5,32,24,16,937713065091072356399853
5,32,24,17,215216261946331818616900
5,32,24,18,45613290081226206032075
5,32,24,19,8976753523344382145810
5,32,24,20,1648068351841574698900
5,32,24,21,283374822462306566717
5,32,24,22,45782997188204744784
5,32,24,23,6968418248526249497
5,32,24,24,1001187857821592553
5,32,24,25,135978996488540057
5,32,24,26,17475747919791626
5,32,24,27,2125405075411194
5,32,24,28,244330177564161
5,32,24,29,26536771810552
5,32,24,30,2709606750348
5,32,24,31,259423828701
5,32,24,32,23002598636
5,32,24,33,1889615373
5,32,24,34,136470925
5,32,24,35,8966494
5,32,24,36,442016
5,32,24,37,18905
5,32,24,38,166
5,32,24,39,0
5,32,24,40,0
5,32,24,41,0
5,32,24,42,0
5,32,24,43,0
5,32,24,44,0
5,32,24,45,0
5,32,24,46,0
5,32,24,47,0
5,32,24,48,0
5,32,24,49,0
5,32,24,50,0
5,32,24,51,0
5,32,24,52,0
5,32,24,53,0
5,32,24,54,0
5,32,24,55,0
5,32,24,56,0
5,32,24,57,0
5,32,24,58,0
5,32,24,59,0
5,32,24,60,0
5,32,24,61,0
5,32,24,62,0
5,32,24,63,0
5,32,24,64,0
5,32,24,65,0
5,32,24,66,0
5,32,24,67,0
5,32,24,68,0
5,32,24,69,0
5,32,24,70,0
5,32,24,71,0
5,32,24,72,0
5,32,24,73,0
5,32,24,74,0
5,32,24,75,0
5,32,24,76,0
5,32,24,77,0
5,32,24,78,0
5,32,24,79,0
5,32,24,80,0
5,32,24,81,0
5,32,24,82,0
5,32,24,83,0
5,32,24,84,0
5,32,24,85,0
5,32,24,86,0
5,32,24,87,0
5,32,24,88,0
5,32,24,89,0
5,32,24,90,0
5,32,24,91,0
5,32,24,92,0
5,32,24,93,0
5,32,24,94,0
5,32,24,95,0
5,32,24,96,0
5,32,24,97,0
5,32,24,98,0
5,32,24,99,0
5,32,24,100,0
5,32,24,101,0
5,32,24,102,0
5,32,24,103,0
5,32,24,104,0
5,32,24,105,0
5,32,24,106,0
5,32,24,107,0
5,32,24,108,0
5,32,24,109,0
5,32,24,110,0
5,32,24,111,0
5,32,24,112,0
5,32,24,113,0
5,32,24,114,0
5,32,24,115,0
5,32,24,116,0
5,32,24,117,0
5,32,24,118,0
5,32,24,119,0
5,32,24,120,0
5,32,24,121,0
5,32,24,122,0
5,32,24,123,0
5,32,24,124,0
5,32,24,125,0
5,32,24,126,0
5,32,24,127,0
5,32,24,128,0
5,32,24,129,0
5,32,24,130,0
5,32,24,131,0
5,32,24,132,0
5,32,24,133,0
5,32,24,134,0
5,32,24,135,0
5,32,24,136,0
5,32,24,137,0
5,32,24,138,0
5,32,24,139,0
5,32,24,140,0
5,32,24,141,0
5,32,24,142,0
5,32,24,143,0
5,32,24,144,0
5,32,24,145,0
5,32,24,146,0
5,32,24,147,0
5,32,24,148,0
5,32,24,149,0
5,32,24,150,0
5,32,24,151,0
5,32,24,152,0
5,32,24,153,0
5,32,24,154,0
5,32,24,155,0
5,32,24,156,0
5,32,24,157,0
5,32,24,158,0
5,32,24,159,0
5,32,24,160,0
5,32,24,161,0
5,32,24,162,0
5,32,24,163,0
5,32,24,164,0
5,32,24,165,0
5,32,24,166,0
5,32,24,167,0
5,32,24,168,0
5,32,24,169,0
5,32,24,170,0
5,32,24,171,0
5,32,24,172,0
5,32,24,173,0
5,32,24,174,0
5,32,24,175,0
5,32,24,176,0
5,32,24,177,0
5,32,24,178,0
5,32,24,179,0
5,32,24,180,0
5,32,24,181,0
5,32,24,182,0
5,32,24,183,0
5,32,24,184,0
5,32,24,185,0
5,32,24,186,0
5,32,24,187,0
5,32,24,188,0
5,32,24,189,0
5,32,24,190,0
5,32,24,191,0
5,32,24,192,0
5,32,24,193,0
5,32,24,194,0
5,32,24,195,0
5,32,24,196,0
5,32,24,197,0
5,32,24,198,0
5,32,24,199,0
5,32,24,200,0
5,32,24,201,0
5,32,24,202,0
5,32,24,203,0
5,32,24,204,0
5,32,24,205,0
5,32,24,206,0
5,32,24,207,0
5,32,24,208,0
5,32,24,209,0
5,32,24,210,0
5,32,24,211,0
5,32,24,212,0
5,32,24,213,0
5,32,24,214,0
5,32,24,215,0
5,32,24,216,0
5,32,24,217,0
5,32,24,218,0
5,32,24,219,0
5,32,24,220,0
5,32,24,221,0
5,32,24,222,0
5,32,24,223,0
5,32,24,224,0
5,32,24,225,0
5,32,24,226,0
5,32,24,227,0
5,32,24,228,0
5,32,24,229,0
5,32,24,230,0
5,32,24,231,0
5,32,24,232,0
5,32,24,233,0
5,32,24,234,0
5,32,24,235,0
5,32,24,236,0
5,32,24,237,0
5,32,24,238,0
5,32,24,239,0
5,32,24,240,0
5,32,24,241,0
5,32,24,242,0
5,32,24,243,0
5,32,24,244,0
5,32,24,245,0
5,32,24,246,0
5,32,24,247,0
5,32,24,248,0
5,32,24,249,0
5,32,24,250,0
5,32,24,251,0
5,32,24,252,0
5,32,24,253,0
5,32,24,254,0
5,32,24,255,0
5,32,24,256,0
5,32,24,257,0
5,32,24,258,0
5,32,24,259,0
5,32,24,260,0
5,32,24,261,0
5,32,24,262,0
5,32,24,263,0
5,32,24,264,0
5,32,24,265,0
5,32,24,266,0
5,32,24,267,0
5,32,24,268,0
5,32,24,269,0
5,32,24,270,0
5,32,24,271,0
5,32,24,272,0
5,32,24,273,0
5,32,24,274,0
5,32,24,275,0
5,32,24,276,0
5,32,24,277,0
5,32,24,278,0
5,32,24,279,0
5,32,24,280,0
5,32,24,281,0
5,32,24,282,0
5,32,24,283,0
5,32,25,0,49086205538987752788277754
5,32,25,1,434684972745923205256287938
5,32,25,2,1885012863989355239112854890
5,32,25,3,5279293122248545875259024262
5,32,25,4,10650799024951123612865182364
5,32,25,5,16398185303734293670621774896
5,32,25,6,19964061976031648159630921430
5,32,25,7,19694091480291589407184780358
5,32,25,8,16034420432580534671088946018
5,32,25,9,10939377971449420779934870136
5,32,25,10,6338871779189431652224748474
5,32,25,11,3159317036887291295743916236
5,32,25,12,1370850168254321722967804614
5,32,25,13,523884375798871740643425778
5,32,25,14,178266604610714049021172312
5,32,25,15,54556025390219074177778382
5,32,25,16,15150812010340261142086256
5,32,25,17,3848100999973254206838194
5,32,25,18,899948072115888067049484
5,32,25,19,194931445172293313349236
5,32,25,20,39300875645700916567662
5,32,25,21,7406596218043868720046
5,32,25,22,1309484578741552328618
5,32,25,23,217852409403616886352
5,32,25,24,34187879350254918000
5,32,25,25,5070739296802957202
5,32,25,26,711892408577051364
5,32,25,27,94698812230451640
5,32,25,28,11937595026028238
5,32,25,29,1426016688701594
5,32,25,30,161206398561944
5,32,25,31,17212688267656
5,32,25,32,1727656019348
5,32,25,33,162652572192
5,32,25,34,14123444538
5,32,25,35,1129976694
5,32,25,36,79776014
5,32,25,37,4958848
5,32,25,38,235826
5,32,25,39,8560
5,32,25,40,28
5,32,25,41,0
5,32,25,42,0
5,32,25,43,0
5,32,25,44,0
5,32,25,45,0
5,32,25,46,0
5,32,25,47,0
5,32,25,48,0
5,32,25,49,0
5,32,25,50,0
5,32,25,51,0
5,32,25,52,0
5,32,25,53,0
5,32,25,54,0
5,32,25,55,0
5,32,25,56,0
5,32,25,57,0
5,32,25,58,0
5,32,25,59,0
5,32,25,60,0
5,32,25,61,0
5,32,25,62,0
5,32,25,63,0
5,32,25,64,0
5,32,25,65,0
5,32,25,66,0
5,32,25,67,0
5,32,25,68,0
5,32,25,69,0
5,32,25,70,0
5,32,25,71,0
5,32,25,72,0
5,32,25,73,0
5,32,25,74,0
5,32,25,75,0
5,32,25,76,0
5,32,25,77,0
5,32,25,78,0
5,32,25,79,0
5,32,25,80,0
5,32,25,81,0
5,32,25,82,0
5,32,25,83,0
5,32,25,84,0
5,32,25,85,0
5,32,25,86,0
5,32,25,87,0
5,32,25,88,0
5,32,25,89,0
5,32,25,90,0
5,32,25,91,0
5,32,25,92,0
5,32,25,93,0
5,32,25,94,0
5,32,25,95,0
5,32,25,96,0
5,32,25,97,0
5,32,25,98,0
5,32,25,99,0
5,32,25,100,0
5,32,25,101,0
5,32,25,102,0
5,32,25,103,0
5,32,25,104,0
5,32,25,105,0
5,32,25,106,0
5,32,25,107,0
5,32,25,108,0
5,32,25,109,0
5,32,25,110,0
5,32,25,111,0
5,32,25,112,0
5,32,25,113,0
5,32,25,114,0
5,32,25,115,0
5,32,25,116,0
5,32,25,117,0
5,32,25,118,0
5,32,25,119,0
5,32,25,120,0
5,32,25,121,0
5,32,25,122,0
5,32,25,123,0
5,32,25,124,0
5,32,25,125,0
5,32,25,126,0
5,32,25,127,0
5,32,25,128,0
5,32,25,129,0
5,32,25,130,0
5,32,25,131,0
5,32,25,132,0
5,32,25,133,0
5,32,25,134,0
5,32,25,135,0
5,32,25,136,0
5,32,25,137,0
5,32,25,138,0
5,32,25,139,0
5,32,25,140,0
5,32,25,141,0
5,32,25,142,0
5,32,25,143,0
5,32,25,144,0
5,32,25,145,0
5,32,25,146,0
5,32,25,147,0
5,32,25,148,0
5,32,25,149,0
5,32,25,150,0
5,32,25,151,0
5,32,25,152,0
5,32,25,153,0
5,32,25,154,0
5,32,25,155,0
5,32,25,156,0
5,32,25,157,0
5,32,25,158,0
5,32,25,159,0
5,32,25,160,0
5,32,25,161,0
5,32,25,162,0
5,32,25,163,0
5,32,25,164,0
5,32,25,165,0
5,32,25,166,0
5,32,25,167,0
5,32,25,168,0
5,32,25,169,0
5,32,25,170,0
5,32,25,171,0
5,32,25,172,0
5,32,25,173,0
5,32,25,174,0
5,32,25,175,0
5,32,25,176,0
5,32,25,177,0
5,32,25,178,0
5,32,25,179,0
5,32,25,180,0
5,32,25,181,0
5,32,25,182,0
5,32,25,183,0
5,32,25,184,0
5,32,25,185,0
5,32,25,186,0
5,32,25,187,0
5,32,25,188,0
5,32,25,189,0
5,32,25,190,0
5,32,25,191,0
5,32,25,192,0
5,32,25,193,0
5,32,25,194,0
5,32,25,195,0
5,32,25,196,0
5,32,25,197,0
5,32,25,198,0
5,32,25,199,0
5,32,25,200,0
5,32,25,201,0
5,32,25,202,0
5,32,25,203,0
5,32,25,204,0
5,32,25,205,0
5,32,25,206,0
5,32,25,207,0
5,32,25,208,0
5,32,25,209,0
5,32,25,210,0
5,32,25,211,0
5,32,25,212,0
5,32,25,213,0
5,32,25,214,0
5,32,25,215,0
5,32,25,216,0
5,32,25,217,0
5,32,25,218,0
5,32,25,219,0
5,32,25,220,0
5,32,25,221,0
5,32,25,222,0
5,32,25,223,0
5,32,25,224,0
5,32,25,225,0
5,32,25,226,0
5,32,25,227,0
5,32,25,228,0
5,32,25,229,0
5,32,25,230,0
5,32,25,231,0
5,32,25,232,0
5,32,25,233,0
5,32,25,234,0
5,32,25,235,0
5,32,25,236,0
5,32,25,237,0
5,32,25,238,0
5,32,25,239,0
5,32,25,240,0
5,32,25,241,0
5,32,25,242,0
5,32,25,243,0
5,32,25,244,0
5,32,25,245,0
5,32,25,246,0
5,32,25,247,0
5,32,25,248,0
5,32,25,249,0
5,32,25,250,0
5,32,25,251,0
5,32,25,252,0
5,32,25,253,0
5,32,25,254,0
5,32,25,255,0
5,32,25,256,0
5,32,25,257,0
5,32,25,258,0
5,32,25,259,0
5,32,25,260,0
5,32,25,261,0
5,32,25,262,0
5,32,25,263,0
5,32,25,264,0
5,32,25,265,0
5,32,25,266,0
5,32,25,267,0
5,32,25,268,0
5,32,25,269,0
5,32,25,270,0
5,32,25,271,0
5,32,25,272,0
5,32,25,273,0
5,32,25,274,0
5,32,25,275,0
5,32,25,276,0
5,32,25,277,0
5,32,25,278,0
5,32,25,279,0
5,32,25,280,0
5,32,25,281,0
5,32,25,282,0
5,32,25,283,0
5,32,26,0,127097063278031146121555185
5,32,26,1,1231373208285790879836576798
5,32,26,2,5857723917579614492166109723
5,32,26,3,18052753281170966694455980358
5,32,26,4,40214000714991140716511685679
5,32,26,5,68603680501745348416245109638
5,32,26,6,92868310419064823872071997555
5,32,26,7,102194428436020332395179592817
5,32,26,8,93072156565685392139812989185
5,32,26,9,71175843196839265746945703957
5,32,26,10,46284069632139456986719818837
5,32,26,11,25891226497152769612936644892
5,32,26,12,12597957451583387918638038941
5,32,26,13,5389006938027920536174095687
5,32,26,14,2047466344497931719438487264
5,32,26,15,697578238697727778336767629
5,32,26,16,215008988133224804287001141
5,32,26,17,60426456766942944663285671
5,32,26,18,15592548070966454647170672
5,32,26,19,3716690151333725795366832
5,32,26,20,822666089366337753826147
5,32,26,21,169856042848933446518176
5,32,26,22,32840993387718868765131
5,32,26,23,5965907744583903384448
5,32,26,24,1021136033232242448215
5,32,26,25,165062023595581042099
5,32,26,26,25245820089428187877
5,32,26,27,3659054504884253823
5,32,26,28,503044162901962752
5,32,26,29,65634523475787789
5,32,26,30,8127452432265400
5,32,26,31,954530393808633
5,32,26,32,106124183967974
5,32,26,33,11149869826627
5,32,26,34,1100792476671
5,32,26,35,101590775044
5,32,26,36,8665328590
5,32,26,37,672652290
5,32,26,38,46500696
5,32,26,39,2707458
5,32,26,40,123896
5,32,26,41,3563
5,32,26,42,0
5,32,26,43,0
5,32,26,44,0
5,32,26,45,0
5,32,26,46,0
5,32,26,47,0
5,32,26,48,0
5,32,26,49,0
5,32,26,50,0
5,32,26,51,0
5,32,26,52,0
5,32,26,53,0
5,32,26,54,0
5,32,26,55,0
5,32,26,56,0
5,32,26,57,0
5,32,26,58,0
5,32,26,59,0
5,32,26,60,0
5,32,26,61,0
5,32,26,62,0
5,32,26,63,0
5,32,26,64,0
5,32,26,65,0
5,32,26,66,0
5,32,26,67,0
5,32,26,68,0
5,32,26,69,0
5,32,26,70,0
5,32,26,71,0
5,32,26,72,0
5,32,26,73,0
5,32,26,74,0
5,32,26,75,0
5,32,26,76,0
5,32,26,77,0
5,32,26,78,0
5,32,26,79,0
5,32,26,80,0
5,32,26,81,0
5,32,26,82,0
5,32,26,83,0
5,32,26,84,0
5,32,26,85,0
5,32,26,86,0
5,32,26,87,0
5,32,26,88,0
5,32,26,89,0
5,32,26,90,0
5,32,26,91,0
5,32,26,92,0
5,32,26,93,0
5,32,26,94,0
5,32,26,95,0
5,32,26,96,0
5,32,26,97,0
5,32,26,98,0
5,32,26,99,0
5,32,26,100,0
5,32,26,101,0
5,32,26,102,0
5,32,26,103,0
5,32,26,104,0
5,32,26,105,0
5,32,26,106,0
5,32,26,107,0
5,32,26,108,0
5,32,26,109,0
5,32,26,110,0
5,32,26,111,0
5,32,26,112,0
5,32,26,113,0
5,32,26,114,0
5,32,26,115,0
5,32,26,116,0
5,32,26,117,0
5,32,26,118,0
5,32,26,119,0
5,32,26,120,0
5,32,26,121,0
5,32,26,122,0
5,32,26,123,0
5,32,26,124,0
5,32,26,125,0
5,32,26,126,0
5,32,26,127,0
5,32,26,128,0
5,32,26,129,0
5,32,26,130,0
5,32,26,131,0
5,32,26,132,0
5,32,26,133,0
5,32,26,134,0
5,32,26,135,0
5,32,26,136,0
5,32,26,137,0
5,32,26,138,0
5,32,26,139,0
5,32,26,140,0
5,32,26,141,0
5,32,26,142,0
5,32,26,143,0
5,32,26,144,0
5,32,26,145,0
5,32,26,146,0
5,32,26,147,0
5,32,26,148,0
5,32,26,149,0
5,32,26,150,0
5,32,26,151,0
5,32,26,152,0
5,32,26,153,0
5,32,26,154,0
5,32,26,155,0
5,32,26,156,0
5,32,26,157,0
5,32,26,158,0
5,32,26,159,0
5,32,26,160,0
5,32,26,161,0
5,32,26,162,0
5,32,26,163,0
5,32,26,164,0
5,32,26,165,0
5,32,26,166,0
5,32,26,167,0
5,32,26,168,0
5,32,26,169,0
5,32,26,170,0
5,32,26,171,0
5,32,26,172,0
5,32,26,173,0
5,32,26,174,0
5,32,26,175,0
5,32,26,176,0
5,32,26,177,0
5,32,26,178,0
5,32,26,179,0
5,32,26,180,0
5,32,26,181,0
5,32,26,182,0
5,32,26,183,0
5,32,26,184,0
5,32,26,185,0
5,32,26,186,0
5,32,26,187,0
5,32,26,188,0
5,32,26,189,0
5,32,26,190,0
5,32,26,191,0
5,32,26,192,0
5,32,26,193,0
5,32,26,194,0
5,32,26,195,0
5,32,26,196,0
5,32,26,197,0
5,32,26,198,0
5,32,26,199,0
5,32,26,200,0
5,32,26,201,0
5,32,26,202,0
5,32,26,203,0
5,32,26,204,0
5,32,26,205,0
5,32,26,206,0
5,32,26,207,0
5,32,26,208,0
5,32,26,209,0
5,32,26,210,0
5,32,26,211,0
5,32,26,212,0
5,32,26,213,0
5,32,26,214,0
5,32,26,215,0
5,32,26,216,0
5,32,26,217,0
5,32,26,218,0
5,32,26,219,0
5,32,26,220,0
5,32,26,221,0
5,32,26,222,0
5,32,26,223,0
5,32,26,224,0
5,32,26,225,0
5,32,26,226,0
5,32,26,227,0
5,32,26,228,0
5,32,26,229,0
5,32,26,230,0
5,32,26,231,0
5,32,26,232,0
5,32,26,233,0
5,32,26,234,0
5,32,26,235,0
5,32,26,236,0
5,32,26,237,0
5,32,26,238,0
5,32,26,239,0
5,32,26,240,0
5,32,26,241,0
5,32,26,242,0
5,32,26,243,0
5,32,26,244,0
5,32,26,245,0
5,32,26,246,0
5,32,26,247,0
5,32,26,248,0
5,32,26,249,0
5,32,26,250,0
5,32,26,251,0
5,32,26,252,0
5,32,26,253,0
5,32,26,254,0
5,32,26,255,0
5,32,26,256,0
5,32,26,257,0
5,32,26,258,0
5,32,26,259,0
5,32,26,260,0
5,32,26,261,0
5,32,26,262,0
5,32,26,263,0
5,32,26,264,0
5,32,26,265,0
5,32,26,266,0
5,32,26,267,0
5,32,26,268,0
5,32,26,269,0
5,32,26,270,0
5,32,26,271,0
5,32,26,272,0
5,32,26,273,0
5,32,26,274,0
5,32,26,275,0
5,32,26,276,0
5,32,26,277,0
5,32,26,278,0
5,32,26,279,0
5,32,26,280,0
5,32,26,281,0
5,32,26,282,0
5,32,26,283,0
5,32,27,0,303989901040162272622358646
5,32,27,1,3211387218676958723915598768
5,32,27,2,16700467517266708545215386982
5,32,27,3,56431649679230968727933575906
5,32,27,4,138269350956780667863338067028
5,32,27,5,260321169743783539790451263896
5,32,27,6,390196597216338161548564634792
5,32,27,7,476942189062163483021007202656
5,32,27,8,483837106387365231069295351160
5,32,27,9,413081810032886401544441822758
5,32,27,10,300349712598205122554835902634
5,32,27,11,187989465291193058224825992168
5,32,27,12,102319431465571387998672975136
5,32,27,13,48904811355607216658095925722
5,32,27,14,20721779701413177085768635356
5,32,27,15,7854497882893227116427667958
5,32,27,16,2686045044811982265466178080
5,32,27,17,835200682881791554275835438
5,32,27,18,237786766388899779880427860
5,32,27,19,62372892949634871231676820
5,32,27,20,15155859574843831177730486
5,32,27,21,3427714597057358692265158
5,32,27,22,724535112970534286528002
5,32,27,23,143647394252512053880200
5,32,27,24,26795305845566714938242
5,32,27,25,4715013956149435486302
5,32,27,26,784384172010769999078
5,32,27,27,123593776130682504602
5,32,27,28,18472286582777088934
5,32,27,29,2621531544715089580
5,32,27,30,353499211994132898
5,32,27,31,45302410772019780
5,32,27,32,5515029995555368
5,32,27,33,637220671991018
5,32,27,34,69740229093904
5,32,27,35,7205950516382
5,32,27,36,699847775158
5,32,27,37,63319563390
5,32,27,38,5299525222
5,32,27,39,399469452
5,32,27,40,26818650
5,32,27,41,1456256
5,32,27,42,64806
5,32,27,43,1288
5,32,27,44,0
5,32,27,45,0
5,32,27,46,0
5,32,27,47,0
5,32,27,48,0
5,32,27,49,0
5,32,27,50,0
5,32,27,51,0
5,32,27,52,0
5,32,27,53,0
5,32,27,54,0
5,32,27,55,0
5,32,27,56,0
5,32,27,57,0
5,32,27,58,0
5,32,27,59,0
5,32,27,60,0
5,32,27,61,0
5,32,27,62,0
5,32,27,63,0
5,32,27,64,0
5,32,27,65,0
5,32,27,66,0
5,32,27,67,0
5,32,27,68,0
5,32,27,69,0
5,32,27,70,0
5,32,27,71,0
5,32,27,72,0
5,32,27,73,0
5,32,27,74,0
5,32,27,75,0
5,32,27,76,0
5,32,27,77,0
5,32,27,78,0
5,32,27,79,0
5,32,27,80,0
5,32,27,81,0
5,32,27,82,0
5,32,27,83,0
5,32,27,84,0
5,32,27,85,0
5,32,27,86,0
5,32,27,87,0
5,32,27,88,0
5,32,27,89,0
5,32,27,90,0
5,32,27,91,0
5,32,27,92,0
5,32,27,93,0
5,32,27,94,0
5,32,27,95,0
5,32,27,96,0
5,32,27,97,0
5,32,27,98,0
5,32,27,99,0
5,32,27,100,0
5,32,27,101,0
5,32,27,102,0
5,32,27,103,0
5,32,27,104,0
5,32,27,105,0
5,32,27,106,0
5,32,27,107,0
5,32,27,108,0
5,32,27,109,0
5,32,27,110,0
5,32,27,111,0
5,32,27,112,0
5,32,27,113,0
5,32,27,114,0
5,32,27,115,0
5,32,27,116,0
5,32,27,117,0
5,32,27,118,0
5,32,27,119,0
5,32,27,120,0
5,32,27,121,0
5,32,27,122,0
5,32,27,123,0
5,32,27,124,0
5,32,27,125,0
5,32,27,126,0
5,32,27,127,0
5,32,27,128,0
5,32,27,129,0
5,32,27,130,0
5,32,27,131,0
5,32,27,132,0
5,32,27,133,0
5,32,27,134,0
5,32,27,135,0
5,32,27,136,0
5,32,27,137,0
5,32,27,138,0
5,32,27,139,0
5,32,27,140,0
5,32,27,141,0
5,32,27,142,0
5,32,27,143,0
5,32,27,144,0
5,32,27,145,0
5,32,27,146,0
5,32,27,147,0
5,32,27,148,0
5,32,27,149,0
5,32,27,150,0
5,32,27,151,0
5,32,27,152,0
5,32,27,153,0
5,32,27,154,0
5,32,27,155,0
5,32,27,156,0
5,32,27,157,0
5,32,27,158,0
5,32,27,159,0
5,32,27,160,0
5,32,27,161,0
5,32,27,162,0
5,32,27,163,0
5,32,27,164,0
5,32,27,165,0
5,32,27,166,0
5,32,27,167,0
5,32,27,168,0
5,32,27,169,0
5,32,27,170,0
5,32,27,171,0
5,32,27,172,0
5,32,27,173,0
5,32,27,174,0
5,32,27,175,0
5,32,27,176,0
5,32,27,177,0
5,32,27,178,0
5,32,27,179,0
5,32,27,180,0
5,32,27,181,0
5,32,27,182,0
5,32,27,183,0
5,32,27,184,0
5,32,27,185,0
5,32,27,186,0
5,32,27,187,0
5,32,27,188,0
5,32,27,189,0
5,32,27,190,0
5,32,27,191,0
5,32,27,192,0
5,32,27,193,0
5,32,27,194,0
5,32,27,195,0
5,32,27,196,0
5,32,27,197,0
5,32,27,198,0
5,32,27,199,0
5,32,27,200,0
5,32,27,201,0
5,32,27,202,0
5,32,27,203,0
5,32,27,204,0
5,32,27,205,0
5,32,27,206,0
5,32,27,207,0
5,32,27,208,0
5,32,27,209,0
5,32,27,210,0
5,32,27,211,0
5,32,27,212,0
5,32,27,213,0
5,32,27,214,0
5,32,27,215,0
5,32,27,216,0
5,32,27,217,0
5,32,27,218,0
5,32,27,219,0
5,32,27,220,0
5,32,27,221,0
5,32,27,222,0
5,32,27,223,0
5,32,27,224,0
5,32,27,225,0
5,32,27,226,0
5,32,27,227,0
5,32,27,228,0
5,32,27,229,0
5,32,27,230,0
5,32,27,231,0
5,32,27,232,0
5,32,27,233,0
5,32,27,234,0
5,32,27,235,0
5,32,27,236,0
5,32,27,237,0
5,32,27,238,0
5,32,27,239,0
5,32,27,240,0
5,32,27,241,0
5,32,27,242,0
5,32,27,243,0
5,32,27,244,0
5,32,27,245,0
5,32,27,246,0
5,32,27,247,0
5,32,27,248,0
5,32,27,249,0
5,32,27,250,0
5,32,27,251,0
5,32,27,252,0
5,32,27,253,0
5,32,27,254,0
5,32,27,255,0
5,32,27,256,0
5,32,27,257,0
5,32,27,258,0
5,32,27,259,0
5,32,27,260,0
5,32,27,261,0
5,32,27,262,0
5,32,27,263,0
5,32,27,264,0
5,32,27,265,0
5,32,27,266,0
5,32,27,267,0
5,32,27,268,0
5,32,27,269,0
5,32,27,270,0
5,32,27,271,0
5,32,27,272,0
5,32,27,273,0
5,32,27,274,0
5,32,27,275,0
5,32,27,276,0
5,32,27,277,0
5,32,27,278,0
5,32,27,279,0
5,32,27,280,0
5,32,27,281,0
5,32,27,282,0
5,32,27,283,0
5,32,28,0,672182118461280141359618526
5,32,28,1,7718390068821435555668465340
5,32,28,2,43737262045069120248044378497
5,32,28,3,161494650316502592921604524005
5,32,28,4,433701752966480520977644447830
5,32,28,5,897788245608348499846776224247
5,32,28,6,1484302291345154309041475682119
5,32,28,7,2007272729670040551165874304818
5,32,28,8,2259216174675208573672125607503
5,32,28,9,2145101309823233564611267616922
5,32,28,10,1737704894809966153690539549613
5,32,28,11,1213087833196217838481987768263
5,32,28,12,736632401955101151852135383664
5,32,28,13,392597339740071939879858575427
5,32,28,14,185254698631279013402247242350
5,32,28,15,78052254816448091609429858347
5,32,28,16,29600583690226935153862942359
5,32,28,17,10181108508576410940949080029
5,32,28,18,3198016053789838911501558722
5,32,28,19,923152502960321479748996305
5,32,28,20,246260626840682537731272717
5,32,28,21,61007739555546842497547531
5,32,28,22,14096841411827834946389240
5,32,28,23,3049641101544397392101310
5,32,28,24,619725334761371267417024
5,32,28,25,118636175387235778211033
5,32,28,26,21447237462647003586496
5,32,28,27,3669223684595967025878
5,32,28,28,595105869472088420345
5,32,28,29,91632981995983431914
5,32,28,30,13409716855633763858
5,32,28,31,1866505009278434521
5,32,28,32,247185824354578501
5,32,28,33,31142968461007992
5,32,28,34,3730584758249623
5,32,28,35,424271049446595
5,32,28,36,45712300152953
5,32,28,37,4646661304580
5,32,28,38,443751659793
5,32,28,39,39395865774
5,32,28,40,3226445307
5,32,28,41,235567183
5,32,28,42,15362395
5,32,28,43,775613
5,32,28,44,32628
5,32,28,45,430
5,32,28,46,0
5,32,28,47,0
5,32,28,48,0
5,32,28,49,0
5,32,28,50,0
5,32,28,51,0
5,32,28,52,0
5,32,28,53,0
5,32,28,54,0
5,32,28,55,0
5,32,28,56,0
5,32,28,57,0
5,32,28,58,0
5,32,28,59,0
5,32,28,60,0
5,32,28,61,0
5,32,28,62,0
5,32,28,63,0
5,32,28,64,0
5,32,28,65,0
5,32,28,66,0
5,32,28,67,0
5,32,28,68,0
5,32,28,69,0
5,32,28,70,0
5,32,28,71,0
5,32,28,72,0
5,32,28,73,0
5,32,28,74,0
5,32,28,75,0
5,32,28,76,0
5,32,28,77,0
5,32,28,78,0
5,32,28,79,0
5,32,28,80,0
5,32,28,81,0
5,32,28,82,0
5,32,28,83,0
5,32,28,84,0
5,32,28,85,0
5,32,28,86,0
5,32,28,87,0
5,32,28,88,0
5,32,28,89,0
5,32,28,90,0
5,32,28,91,0
5,32,28,92,0
5,32,28,93,0
5,32,28,94,0
5,32,28,95,0
5,32,28,96,0
5,32,28,97,0
5,32,28,98,0
5,32,28,99,0
5,32,28,100,0
5,32,28,101,0
5,32,28,102,0
5,32,28,103,0
5,32,28,104,0
5,32,28,105,0
5,32,28,106,0
5,32,28,107,0
5,32,28,108,0
5,32,28,109,0
5,32,28,110,0
5,32,28,111,0
5,32,28,112,0
5,32,28,113,0
5,32,28,114,0
5,32,28,115,0
5,32,28,116,0
5,32,28,117,0
5,32,28,118,0
5,32,28,119,0
5,32,28,120,0
5,32,28,121,0
5,32,28,122,0
5,32,28,123,0
5,32,28,124,0
5,32,28,125,0
5,32,28,126,0
5,32,28,127,0
5,32,28,128,0
5,32,28,129,0
5,32,28,130,0
5,32,28,131,0
5,32,28,132,0
5,32,28,133,0
5,32,28,134,0
5,32,28,135,0
5,32,28,136,0
5,32,28,137,0
5,32,28,138,0
5,32,28,139,0
5,32,28,140,0
5,32,28,141,0
5,32,28,142,0
5,32,28,143,0
5,32,28,144,0
5,32,28,145,0
5,32,28,146,0
5,32,28,147,0
5,32,28,148,0
5,32,28,149,0
5,32,28,150,0
5,32,28,151,0
5,32,28,152,0
5,32,28,153,0
5,32,28,154,0
5,32,28,155,0
5,32,28,156,0
5,32,28,157,0
5,32,28,158,0
5,32,28,159,0
5,32,28,160,0
5,32,28,161,0
5,32,28,162,0
5,32,28,163,0
5,32,28,164,0
5,32,28,165,0
5,32,28,166,0
5,32,28,167,0
5,32,28,168,0
5,32,28,169,0
5,32,28,170,0
5,32,28,171,0
5,32,28,172,0
5,32,28,173,0
5,32,28,174,0
5,32,28,175,0
5,32,28,176,0
5,32,28,177,0
5,32,28,178,0
5,32,28,179,0
5,32,28,180,0
5,32,28,181,0
5,32,28,182,0
5,32,28,183,0
5,32,28,184,0
5,32,28,185,0
5,32,28,186,0
5,32,28,187,0
5,32,28,188,0
5,32,28,189,0
5,32,28,190,0
5,32,28,191,0
5,32,28,192,0
5,32,28,193,0
5,32,28,194,0
5,32,28,195,0
5,32,28,196,0
5,32,28,197,0
5,32,28,198,0
5,32,28,199,0
5,32,28,200,0
5,32,28,201,0
5,32,28,202,0
5,32,28,203,0
5,32,28,204,0
5,32,28,205,0
5,32,28,206,0
5,32,28,207,0
5,32,28,208,0
5,32,28,209,0
5,32,28,210,0
5,32,28,211,0
5,32,28,212,0
5,32,28,213,0
5,32,28,214,0
5,32,28,215,0
5,32,28,216,0
5,32,28,217,0
5,32,28,218,0
5,32,28,219,0
5,32,28,220,0
5,32,28,221,0
5,32,28,222,0
5,32,28,223,0
5,32,28,224,0
5,32,28,225,0
5,32,28,226,0
5,32,28,227,0
5,32,28,228,0
5,32,28,229,0
5,32,28,230,0
5,32,28,231,0
5,32,28,232,0
5,32,28,233,0
5,32,28,234,0
5,32,28,235,0
5,32,28,236,0
5,32,28,237,0
5,32,28,238,0
5,32,28,239,0
5,32,28,240,0
5,32,28,241,0
5,32,28,242,0
5,32,28,243,0
5,32,28,244,0
5,32,28,245,0
5,32,28,246,0
5,32,28,247,0
5,32,28,248,0
5,32,28,249,0
5,32,28,250,0
5,32,28,251,0
5,32,28,252,0
5,32,28,253,0
5,32,28,254,0
5,32,28,255,0
5,32,28,256,0
5,32,28,257,0
5,32,28,258,0
5,32,28,259,0
5,32,28,260,0
5,32,28,261,0
5,32,28,262,0
5,32,28,263,0
5,32,28,264,0
5,32,28,265,0
5,32,28,266,0
5,32,28,267,0
5,32,28,268,0
5,32,28,269,0
5,32,28,270,0
5,32,28,271,0
5,32,28,272,0
5,32,28,273,0
5,32,28,274,0
5,32,28,275,0
5,32,28,276,0
5,32,28,277,0
5,32,28,278,0
5,32,28,279,0
5,32,28,280,0
5,32,28,281,0
5,32,28,282,0
5,32,28,283,0
5,32,29,0,1375105830626436217439284786
5,32,29,1,17111338936714836437749032392
5,32,29,2,105334905778831185964117334400
5,32,29,3,423659040738177308458151282064
5,32,29,4,1242919112316181801469219428354
5,32,29,5,2819180273435395910206976602528
5,32,29,6,5122526078658044421523336954186
5,32,29,7,7635995256363065851721100637620
5,32,29,8,9499862604760262246260013572960
5,32,29,9,9994734710375302881603845744578
5,32,29,10,8989337955586528092984286384772
5,32,29,11,6977200257687108741288282268866
5,32,29,12,4713985747397101055144111655974
5,32,29,13,2795286483359227099398178372500
5,32,29,14,1466465429169949365372164754018
5,32,29,15,685991224610164981501576589614
5,32,29,16,288306597284311392480804203546
5,32,29,17,109652068793897042723658815956
5,32,29,18,37996378651440970792247555062
5,32,29,19,12070652455817392317287766280
5,32,29,20,3535315245366577144272062782
5,32,29,21,959456540209784426546720888
5,32,29,22,242364332729572186488015304
5,32,29,23,57210753369251458681682196
5,32,29,24,12663844715117014596141272
5,32,29,25,2636698289537293801248336
5,32,29,26,517751616066077972591508
5,32,29,27,96106821311127186158656
5,32,29,28,16897637785035896761104
5,32,29,29,2818862934218717427340
5,32,29,30,446792101116840750276
5,32,29,31,67360358480411957096
5,32,29,32,9667655256946597108
5,32,29,33,1321470370832667010
5,32,29,34,172052327481423196
5,32,29,35,21328992410163936
5,32,29,36,2515345077389558
5,32,29,37,281682252449392
5,32,29,38,29880903219286
5,32,29,39,2989314724352
5,32,29,40,280663570940
5,32,29,41,24405317146
5,32,29,42,1954891384
5,32,29,43,138538566
5,32,29,44,8642194
5,32,29,45,413776
5,32,29,46,15794
5,32,29,47,108
5,32,29,48,0
5,32,29,49,0
5,32,29,50,0
5,32,29,51,0
5,32,29,52,0
5,32,29,53,0
5,32,29,54,0
5,32,29,55,0
5,32,29,56,0
5,32,29,57,0
5,32,29,58,0
5,32,29,59,0
5,32,29,60,0
5,32,29,61,0
5,32,29,62,0
5,32,29,63,0
5,32,29,64,0
5,32,29,65,0
5,32,29,66,0
5,32,29,67,0
5,32,29,68,0
5,32,29,69,0
5,32,29,70,0
5,32,29,71,0
5,32,29,72,0
5,32,29,73,0
5,32,29,74,0
5,32,29,75,0
5,32,29,76,0
5,32,29,77,0
5,32,29,78,0
5,32,29,79,0
5,32,29,80,0
5,32,29,81,0
5,32,29,82,0
5,32,29,83,0
5,32,29,84,0
5,32,29,85,0
5,32,29,86,0
5,32,29,87,0
5,32,29,88,0
5,32,29,89,0
5,32,29,90,0
5,32,29,91,0
5,32,29,92,0
5,32,29,93,0
5,32,29,94,0
5,32,29,95,0
5,32,29,96,0
5,32,29,97,0
5,32,29,98,0
5,32,29,99,0
5,32,29,100,0
5,32,29,101,0
5,32,29,102,0
5,32,29,103,0
5,32,29,104,0
5,32,29,105,0
5,32,29,106,0
5,32,29,107,0
5,32,29,108,0
5,32,29,109,0
5,32,29,110,0
5,32,29,111,0
5,32,29,112,0
5,32,29,113,0
5,32,29,114,0
5,32,29,115,0
5,32,29,116,0
5,32,29,117,0
5,32,29,118,0
5,32,29,119,0
5,32,29,120,0
5,32,29,121,0
5,32,29,122,0
5,32,29,123,0
5,32,29,124,0
5,32,29,125,0
5,32,29,126,0
5,32,29,127,0
5,32,29,128,0
5,32,29,129,0
5,32,29,130,0
5,32,29,131,0
5,32,29,132,0
5,32,29,133,0
5,32,29,134,0
5,32,29,135,0
5,32,29,136,0
5,32,29,137,0
5,32,29,138,0
5,32,29,139,0
5,32,29,140,0
5,32,29,141,0
5,32,29,142,0
5,32,29,143,0
5,32,29,144,0
5,32,29,145,0
5,32,29,146,0
5,32,29,147,0
5,32,29,148,0
5,32,29,149,0
5,32,29,150,0
5,32,29,151,0
5,32,29,152,0
5,32,29,153,0
5,32,29,154,0
5,32,29,155,0
5,32,29,156,0
5,32,29,157,0
5,32,29,158,0
5,32,29,159,0
5,32,29,160,0
5,32,29,161,0
5,32,29,162,0
5,32,29,163,0
5,32,29,164,0
5,32,29,165,0
5,32,29,166,0
5,32,29,167,0
5,32,29,168,0
5,32,29,169,0
5,32,29,170,0
5,32,29,171,0
5,32,29,172,0
5,32,29,173,0
5,32,29,174,0
5,32,29,175,0
5,32,29,176,0
5,32,29,177,0
5,32,29,178,0
5,32,29,179,0
5,32,29,180,0
5,32,29,181,0
5,32,29,182,0
5,32,29,183,0
5,32,29,184,0
5,32,29,185,0
5,32,29,186,0
5,32,29,187,0
5,32,29,188,0
5,32,29,189,0
5,32,29,190,0
5,32,29,191,0
5,32,29,192,0
5,32,29,193,0
5,32,29,194,0
5,32,29,195,0
5,32,29,196,0
5,32,29,197,0
5,32,29,198,0
5,32,29,199,0
5,32,29,200,0
5,32,29,201,0
5,32,29,202,0
5,32,29,203,0
5,32,29,204,0
5,32,29,205,0
5,32,29,206,0
5,32,29,207,0
5,32,29,208,0
5,32,29,209,0
5,32,29,210,0
5,32,29,211,0
5,32,29,212,0
5,32,29,213,0
5,32,29,214,0
5,32,29,215,0
5,32,29,216,0
5,32,29,217,0
5,32,29,218,0
5,32,29,219,0
5,32,29,220,0
5,32,29,221,0
5,32,29,222,0
5,32,29,223,0
5,32,29,224,0
5,32,29,225,0
5,32,29,226,0
5,32,29,227,0
5,32,29,228,0
5,32,29,229,0
5,32,29,230,0
5,32,29,231,0
5,32,29,232,0
5,32,29,233,0
5,32,29,234,0
5,32,29,235,0
5,32,29,236,0
5,32,29,237,0
5,32,29,238,0
5,32,29,239,0
5,32,29,240,0
5,32,29,241,0
5,32,29,242,0
5,32,29,243,0
5,32,29,244,0
5,32,29,245,0
5,32,29,246,0
5,32,29,247,0
5,32,29,248,0
5,32,29,249,0
5,32,29,250,0
5,32,29,251,0
5,32,29,252,0
5,32,29,253,0
5,32,29,254,0
5,32,29,255,0
5,32,29,256,0
5,32,29,257,0
5,32,29,258,0
5,32,29,259,0
5,32,29,260,0
5,32,29,261,0
5,32,29,262,0
5,32,29,263,0
5,32,29,264,0
5,32,29,265,0
5,32,29,266,0
5,32,29,267,0
5,32,29,268,0
5,32,29,269,0
5,32,29,270,0
5,32,29,271,0
5,32,29,272,0
5,32,29,273,0
5,32,29,274,0
5,32,29,275,0
5,32,29,276,0
5,32,29,277,0
5,32,29,278,0
5,32,29,279,0
5,32,29,280,0
5,32,29,281,0
5,32,29,282,0
5,32,29,283,0
5,32,30,0,2604291259964681244050089870
5,32,30,1,35019669226364328378010985860
5,32,30,2,233512296383043856065592061606
5,32,30,3,1019992309887514563024132487894
5,32,30,4,3258889667162403357246600123694
5,32,30,5,8073149089917663827940109083900
5,32,30,6,16067909844669667740832237605267
5,32,30,7,26311066043058924103561783632953
5,32,30,8,36055400864939869704914274400671
5,32,30,9,41887097946555293162446456132770
5,32,30,10,41687969289538935823779087922996
5,32,30,11,35863141324121271957285655515570
5,32,30,12,26884300965920778726749464236739
5,32,30,13,17695395257521010458137075247404
5,32,30,14,10302024601490723496738579243954
5,32,30,15,5343289146244774380540626058672
5,32,30,16,2486418374660156205725854787566
5,32,30,17,1045150444835211236587532565103
5,32,30,18,399433274230011140707763222200
5,32,30,19,139641237871144108457243955954
5,32,30,20,44907908292154278637396245263
5,32,30,21,13353226640524373000799769098
5,32,30,22,3688049646789179953731476350
5,32,30,23,950022839372154626771985426
5,32,30,24,229075577422013850907676532
5,32,30,25,51871658621214176644990717
5,32,30,26,11061712407071291924059786
5,32,30,27,2227099258277852300067115
5,32,30,28,424257767990957170349639
5,32,30,29,76615642322649314700395
5,32,30,30,13137408539082543121974
5,32,30,31,2141910338535277757111
5,32,30,32,332411919741842792060
5,32,30,33,49147691991413317064
5,32,30,34,6926687592862581006
5,32,30,35,930786762313755440
5,32,30,36,119240297385047530
5,32,30,37,14553651328694171
5,32,30,38,1690410203355077
5,32,30,39,186462194599053
5,32,30,40,19482589366241
5,32,30,41,1917237020755
5,32,30,42,176833679926
5,32,30,43,15082812413
5,32,30,44,1176078356
5,32,30,45,81010453
5,32,30,46,4814256
5,32,30,47,219375
5,32,30,48,6940
5,32,30,49,27
5,32,30,50,0
5,32,30,51,0
5,32,30,52,0
5,32,30,53,0
5,32,30,54,0
5,32,30,55,0
5,32,30,56,0
5,32,30,57,0
5,32,30,58,0
5,32,30,59,0
5,32,30,60,0
5,32,30,61,0
5,32,30,62,0
5,32,30,63,0
5,32,30,64,0
5,32,30,65,0
5,32,30,66,0
5,32,30,67,0
5,32,30,68,0
5,32,30,69,0
5,32,30,70,0
5,32,30,71,0
5,32,30,72,0
5,32,30,73,0
5,32,30,74,0
5,32,30,75,0
5,32,30,76,0
5,32,30,77,0
5,32,30,78,0
5,32,30,79,0
5,32,30,80,0
5,32,30,81,0
5,32,30,82,0
5,32,30,83,0
5,32,30,84,0
5,32,30,85,0
5,32,30,86,0
5,32,30,87,0
5,32,30,88,0
5,32,30,89,0
5,32,30,90,0
5,32,30,91,0
5,32,30,92,0
5,32,30,93,0
5,32,30,94,0
5,32,30,95,0
5,32,30,96,0
5,32,30,97,0
5,32,30,98,0
5,32,30,99,0
5,32,30,100,0
5,32,30,101,0
5,32,30,102,0
5,32,30,103,0
5,32,30,104,0
5,32,30,105,0
5,32,30,106,0
5,32,30,107,0
5,32,30,108,0
5,32,30,109,0
5,32,30,110,0
5,32,30,111,0
5,32,30,112,0
5,32,30,113,0
5,32,30,114,0
5,32,30,115,0
5,32,30,116,0
5,32,30,117,0
5,32,30,118,0
5,32,30,119,0
5,32,30,120,0
5,32,30,121,0
5,32,30,122,0
5,32,30,123,0
5,32,30,124,0
5,32,30,125,0
5,32,30,126,0
5,32,30,127,0
5,32,30,128,0
5,32,30,129,0
5,32,30,130,0
5,32,30,131,0
5,32,30,132,0
5,32,30,133,0
5,32,30,134,0
5,32,30,135,0
5,32,30,136,0
5,32,30,137,0
5,32,30,138,0
5,32,30,139,0
5,32,30,140,0
5,32,30,141,0
5,32,30,142,0
5,32,30,143,0
5,32,30,144,0
5,32,30,145,0
5,32,30,146,0
5,32,30,147,0
5,32,30,148,0
5,32,30,149,0
5,32,30,150,0
5,32,30,151,0
5,32,30,152,0
5,32,30,153,0
5,32,30,154,0
5,32,30,155,0
5,32,30,156,0
5,32,30,157,0
5,32,30,158,0
5,32,30,159,0
5,32,30,160,0
5,32,30,161,0
5,32,30,162,0
5,32,30,163,0
5,32,30,164,0
5,32,30,165,0
5,32,30,166,0
5,32,30,167,0
5,32,30,168,0
5,32,30,169,0
5,32,30,170,0
5,32,30,171,0
5,32,30,172,0
5,32,30,173,0
5,32,30,174,0
5,32,30,175,0
5,32,30,176,0
5,32,30,177,0
5,32,30,178,0
5,32,30,179,0
5,32,30,180,0
5,32,30,181,0
5,32,30,182,0
5,32,30,183,0
5,32,30,184,0
5,32,30,185,0
5,32,30,186,0
5,32,30,187,0
5,32,30,188,0
5,32,30,189,0
5,32,30,190,0
5,32,30,191,0
5,32,30,192,0
5,32,30,193,0
5,32,30,194,0
5,32,30,195,0
5,32,30,196,0
5,32,30,197,0
5,32,30,198,0
5,32,30,199,0
5,32,30,200,0
5,32,30,201,0
5,32,30,202,0
5,32,30,203,0
5,32,30,204,0
5,32,30,205,0
5,32,30,206,0
5,32,30,207,0
5,32,30,208,0
5,32,30,209,0
5,32,30,210,0
5,32,30,211,0
5,32,30,212,0
5,32,30,213,0
5,32,30,214,0
5,32,30,215,0
5,32,30,216,0
5,32,30,217,0
5,32,30,218,0
5,32,30,219,0
5,32,30,220,0
5,32,30,221,0
5,32,30,222,0
5,32,30,223,0
5,32,30,224,0
5,32,30,225,0
5,32,30,226,0
5,32,30,227,0
5,32,30,228,0
5,32,30,229,0
5,32,30,230,0
5,32,30,231,0
5,32,30,232,0
5,32,30,233,0
5,32,30,234,0
5,32,30,235,0
5,32,30,236,0
5,32,30,237,0
5,32,30,238,0
5,32,30,239,0
5,32,30,240,0
5,32,30,241,0
5,32,30,242,0
5,32,30,243,0
5,32,30,244,0
5,32,30,245,0
5,32,30,246,0
5,32,30,247,0
5,32,30,248,0
5,32,30,249,0
5,32,30,250,0
5,32,30,251,0
5,32,30,252,0
5,32,30,253,0
5,32,30,254,0
5,32,30,255,0
5,32,30,256,0
5,32,30,257,0
5,32,30,258,0
5,32,30,259,0
5,32,30,260,0
5,32,30,261,0
5,32,30,262,0
5,32,30,263,0
5,32,30,264,0
5,32,30,265,0
5,32,30,266,0
5,32,30,267,0
5,32,30,268,0
5,32,30,269,0
5,32,30,270,0
5,32,30,271,0
5,32,30,272,0
5,32,30,273,0
5,32,30,274,0
5,32,30,275,0
5,32,30,276,0
5,32,30,277,0
5,32,30,278,0
5,32,30,279,0
5,32,30,280,0
5,32,30,281,0
5,32,30,282,0
5,32,30,283,0
5,32,31,0,4568781434129797098104402550
5,32,31,1,66209378543810481768092933182
5,32,31,2,476907695060931793889258233370
5,32,31,3,2256001327049366201920813401720
5,32,31,4,7826892362520467677139399825112
5,32,31,5,21112403221806553966737232669018
5,32,31,6,45882032730423953783192476752148
5,32,31,7,82264545467122427981571063070790
5,32,31,8,123763988832850011742107603913364
5,32,31,9,158245253329303205795114198062448
5,32,31,10,173715960668772704792833484030430
5,32,31,11,165135088858297838958512605321966
5,32,31,12,136970187685732999886240651391086
5,32,31,13,99829098029720535636908462654716
5,32,31,14,64367170654470946759117876375688
5,32,31,15,36958506191599273224099286971694
5,32,31,16,19020744413851439914144395774044
5,32,31,17,8830121489217496933038406344316
5,32,31,18,3720550352469847758015150376302
5,32,31,19,1431196355983529779451239959024
5,32,31,20,505398615675343565222760240248
5,32,31,21,164672343907836371217415553166
5,32,31,22,49736447401263088013591406594
5,32,31,23,13983567102544327099936363348
5,32,31,24,3673539672361773921562174416
5,32,31,25,904761643749258002546055178
5,32,31,26,209538734165192732136782444
5,32,31,27,45753676309916253007239736
5,32,31,28,9441392373011314340310970
5,32,31,29,1844972209647001664181474
5,32,31,30,342035618680938201295348
5,32,31,31,60250398526019521079666
5,32,31,32,10097999399475382747644
5,32,31,33,1612050957817149246664
5,32,31,34,245341035501521429806
5,32,31,35,35619083362443749424
5,32,31,36,4934837079636291716
5,32,31,37,652462095390449616
5,32,31,38,82296883682524590
5,32,31,39,9894203639033944
5,32,31,40,1132398131178158
5,32,31,41,123065744969946
5,32,31,42,12660322241310
5,32,31,43,1226199776610
5,32,31,44,111012829684
5,32,31,45,9275239082
5,32,31,46,703929328
5,32,31,47,47201080
5,32,31,48,2617794
5,32,31,49,115278
5,32,31,50,2930
5,32,31,51,0
5,32,31,52,0
5,32,31,53,0
5,32,31,54,0
5,32,31,55,0
5,32,31,56,0
5,32,31,57,0
5,32,31,58,0
5,32,31,59,0
5,32,31,60,0
5,32,31,61,0
5,32,31,62,0
5,32,31,63,0
5,32,31,64,0
5,32,31,65,0
5,32,31,66,0
5,32,31,67,0
5,32,31,68,0
5,32,31,69,0
5,32,31,70,0
5,32,31,71,0
5,32,31,72,0
5,32,31,73,0
5,32,31,74,0
5,32,31,75,0
5,32,31,76,0
5,32,31,77,0
5,32,31,78,0
5,32,31,79,0
5,32,31,80,0
5,32,31,81,0
5,32,31,82,0
5,32,31,83,0
5,32,31,84,0
5,32,31,85,0
5,32,31,86,0
5,32,31,87,0
5,32,31,88,0
5,32,31,89,0
5,32,31,90,0
5,32,31,91,0
5,32,31,92,0
5,32,31,93,0
5,32,31,94,0
5,32,31,95,0
5,32,31,96,0
5,32,31,97,0
5,32,31,98,0
5,32,31,99,0
5,32,31,100,0
5,32,31,101,0
5,32,31,102,0
5,32,31,103,0
5,32,31,104,0
5,32,31,105,0
5,32,31,106,0
5,32,31,107,0
5,32,31,108,0
5,32,31,109,0
5,32,31,110,0
5,32,31,111,0
5,32,31,112,0
5,32,31,113,0
5,32,31,114,0
5,32,31,115,0
5,32,31,116,0
5,32,31,117,0
5,32,31,118,0
5,32,31,119,0
5,32,31,120,0
5,32,31,121,0
5,32,31,122,0
5,32,31,123,0
5,32,31,124,0
5,32,31,125,0
5,32,31,126,0
5,32,31,127,0
5,32,31,128,0
5,32,31,129,0
5,32,31,130,0
5,32,31,131,0
5,32,31,132,0
5,32,31,133,0
5,32,31,134,0
5,32,31,135,0
5,32,31,136,0
5,32,31,137,0
5,32,31,138,0
5,32,31,139,0
5,32,31,140,0
5,32,31,141,0
5,32,31,142,0
5,32,31,143,0
5,32,31,144,0
5,32,31,145,0
5,32,31,146,0
5,32,31,147,0
5,32,31,148,0
5,32,31,149,0
5,32,31,150,0
5,32,31,151,0
5,32,31,152,0
5,32,31,153,0
5,32,31,154,0
5,32,31,155,0
5,32,31,156,0
5,32,31,157,0
5,32,31,158,0
5,32,31,159,0
5,32,31,160,0
5,32,31,161,0
5,32,31,162,0
5,32,31,163,0
5,32,31,164,0
5,32,31,165,0
5,32,31,166,0
5,32,31,167,0
5,32,31,168,0
5,32,31,169,0
5,32,31,170,0
5,32,31,171,0
5,32,31,172,0
5,32,31,173,0
5,32,31,174,0
5,32,31,175,0
5,32,31,176,0
5,32,31,177,0
5,32,31,178,0
5,32,31,179,0
5,32,31,180,0
5,32,31,181,0
5,32,31,182,0
5,32,31,183,0
5,32,31,184,0
5,32,31,185,0
5,32,31,186,0
5,32,31,187,0
5,32,31,188,0
5,32,31,189,0
5,32,31,190,0
5,32,31,191,0
5,32,31,192,0
5,32,31,193,0
5,32,31,194,0
5,32,31,195,0
5,32,31,196,0
5,32,31,197,0
5,32,31,198,0
5,32,31,199,0
5,32,31,200,0
5,32,31,201,0
5,32,31,202,0
5,32,31,203,0
5,32,31,204,0
5,32,31,205,0
5,32,31,206,0
5,32,31,207,0
5,32,31,208,0
5,32,31,209,0
5,32,31,210,0
5,32,31,211,0
5,32,31,212,0
5,32,31,213,0
5,32,31,214,0
5,32,31,215,0
5,32,31,216,0
5,32,31,217,0
5,32,31,218,0
5,32,31,219,0
5,32,31,220,0
5,32,31,221,0
5,32,31,222,0
5,32,31,223,0
5,32,31,224,0
5,32,31,225,0
5,32,31,226,0
5,32,31,227,0
5,32,31,228,0
5,32,31,229,0
5,32,31,230,0
5,32,31,231,0
5,32,31,232,0
5,32,31,233,0
5,32,31,234,0
5,32,31,235,0
5,32,31,236,0
5,32,31,237,0
5,32,31,238,0
5,32,31,239,0
5,32,31,240,0
5,32,31,241,0
5,32,31,242,0
5,32,31,243,0
5,32,31,244,0
5,32,31,245,0
5,32,31,246,0
5,32,31,247,0
5,32,31,248,0
5,32,31,249,0
5,32,31,250,0
5,32,31,251,0
5,32,31,252,0
5,32,31,253,0
5,32,31,254,0
5,32,31,255,0
5,32,31,256,0
5,32,31,257,0
5,32,31,258,0
5,32,31,259,0
5,32,31,260,0
5,32,31,261,0
5,32,31,262,0
5,32,31,263,0
5,32,31,264,0
5,32,31,265,0
5,32,31,266,0
5,32,31,267,0
5,32,31,268,0
5,32,31,269,0
5,32,31,270,0
5,32,31,271,0
5,32,31,272,0
5,32,31,273,0
5,32,31,274,0
5,32,31,275,0
5,32,31,276,0
5,32,31,277,0
5,32,31,278,0
5,32,31,279,0
5,32,31,280,0
5,32,31,281,0
5,32,31,282,0
5,32,31,283,0
5,32,32,0,7428415216181076323118642275
5,32,32,1,115712761008403766584903883235
5,32,32,2,897995245959883585322077490776
5,32,32,3,4588091065548940069869104891033
5,32,32,4,17236846252495068389920650542136
5,32,32,5,50482103301981816368433354372195
5,32,32,6,119438595570013405114570129819008
5,32,32,7,233766418931283650672885231974990
5,32,32,8,384914579674709483375600178974629
5,32,32,9,539972576198804110569769815384358
5,32,32,10,651813833797722955762502343324543
5,32,32,11,682655545070220334032650090713961
5,32,32,12,624782481456875306321299724968988
5,32,32,13,502987447146205200344924319293997
5,32,32,14,358418648449728895404297629096599
5,32,32,15,227436212773482691580565903300361
5,32,32,16,129287413559809125555880883447769
5,32,32,17,66227605178329776172462558781924
5,32,32,18,30747947941225648984759646739809
5,32,32,19,13011147133850400020853197007316
5,32,32,20,5044899890833701120271312541746
5,32,32,21,1801361469679259050826476949534
5,32,32,22,595077855107639922617835058132
5,32,32,23,182647884185836713557969981928
5,32,32,24,52287272940915773497910083606
5,32,32,25,14009580579220090270057356054
5,32,32,26,3524146125406669688474489320
5,32,32,27,834623100087898781080322434
5,32,32,28,186556716939305768582697670
5,32,32,29,39443143783156251431678125
5,32,32,30,7903495255753343032236361
5,32,32,31,1503489462821626843644260
5,32,32,32,271936700679829465276098
5,32,32,33,46825779953399616018602
5,32,32,34,7684715766695224125851
5,32,32,35,1203048293684400243881
5,32,32,36,179781509557819708780
5,32,32,37,25656962444322568573
5,32,32,38,3497359196100157122
5,32,32,39,455279307127144738
5,32,32,40,56572521753737251
5,32,32,41,6702964310301270
5,32,32,42,756022645220095
5,32,32,43,80965746645608
5,32,32,44,8202241628814
5,32,32,45,781366640824
5,32,32,46,69400716378
5,32,32,47,5688124243
5,32,32,48,417886944
5,32,32,49,27148813
5,32,32,50,1422806
5,32,32,51,58792
5,32,32,52,1090
5,32,32,53,0
5,32,32,54,0
5,32,32,55,0
5,32,32,56,0
5,32,32,57,0
5,32,32,58,0
5,32,32,59,0
5,32,32,60,0
5,32,32,61,0
5,32,32,62,0
5,32,32,63,0
5,32,32,64,0
5,32,32,65,0
5,32,32,66,0
5,32,32,67,0
5,32,32,68,0
5,32,32,69,0
5,32,32,70,0
5,32,32,71,0
5,32,32,72,0
5,32,32,73,0
5,32,32,74,0
5,32,32,75,0
5,32,32,76,0
5,32,32,77,0
5,32,32,78,0
5,32,32,79,0
5,32,32,80,0
5,32,32,81,0
5,32,32,82,0
5,32,32,83,0
5,32,32,84,0
5,32,32,85,0
5,32,32,86,0
5,32,32,87,0
5,32,32,88,0
5,32,32,89,0
5,32,32,90,0
5,32,32,91,0
5,32,32,92,0
5,32,32,93,0
5,32,32,94,0
5,32,32,95,0
5,32,32,96,0
5,32,32,97,0
5,32,32,98,0
5,32,32,99,0
5,32,32,100,0
5,32,32,101,0
5,32,32,102,0
5,32,32,103,0
5,32,32,104,0
5,32,32,105,0
5,32,32,106,0
5,32,32,107,0
5,32,32,108,0
5,32,32,109,0
5,32,32,110,0
5,32,32,111,0
5,32,32,112,0
5,32,32,113,0
5,32,32,114,0
5,32,32,115,0
5,32,32,116,0
5,32,32,117,0
5,32,32,118,0
5,32,32,119,0
5,32,32,120,0
5,32,32,121,0
5,32,32,122,0
5,32,32,123,0
5,32,32,124,0
5,32,32,125,0
5,32,32,126,0
5,32,32,127,0
5,32,32,128,0
5,32,32,129,0
5,32,32,130,0
5,32,32,131,0
5,32,32,132,0
5,32,32,133,0
5,32,32,134,0
5,32,32,135,0
5,32,32,136,0
5,32,32,137,0
5,32,32,138,0
5,32,32,139,0
5,32,32,140,0
5,32,32,141,0
5,32,32,142,0
5,32,32,143,0
5,32,32,144,0
5,32,32,145,0
5,32,32,146,0
5,32,32,147,0
5,32,32,148,0
5,32,32,149,0
5,32,32,150,0
5,32,32,151,0
5,32,32,152,0
5,32,32,153,0
5,32,32,154,0
5,32,32,155,0
5,32,32,156,0
5,32,32,157,0
5,32,32,158,0
5,32,32,159,0
5,32,32,160,0
5,32,32,161,0
5,32,32,162,0
5,32,32,163,0
5,32,32,164,0
5,32,32,165,0
5,32,32,166,0
5,32,32,167,0
5,32,32,168,0
5,32,32,169,0
5,32,32,170,0
5,32,32,171,0
5,32,32,172,0
5,32,32,173,0
5,32,32,174,0
5,32,32,175,0
5,32,32,176,0
5,32,32,177,0
5,32,32,178,0
5,32,32,179,0
5,32,32,180,0
5,32,32,181,0
5,32,32,182,0
5,32,32,183,0
5,32,32,184,0
5,32,32,185,0
5,32,32,186,0
5,32,32,187,0
5,32,32,188,0
5,32,32,189,0
5,32,32,190,0
5,32,32,191,0
5,32,32,192,0
5,32,32,193,0
5,32,32,194,0
5,32,32,195,0
5,32,32,196,0
5,32,32,197,0
5,32,32,198,0
5,32,32,199,0
5,32,32,200,0
5,32,32,201,0
5,32,32,202,0
5,32,32,203,0
5,32,32,204,0
5,32,32,205,0
5,32,32,206,0
5,32,32,207,0
5,32,32,208,0
5,32,32,209,0
5,32,32,210,0
5,32,32,211,0
5,32,32,212,0
5,32,32,213,0
5,32,32,214,0
5,32,32,215,0
5,32,32,216,0
5,32,32,217,0
5,32,32,218,0
5,32,32,219,0
5,32,32,220,0
5,32,32,221,0
5,32,32,222,0
5,32,32,223,0
5,32,32,224,0
5,32,32,225,0
5,32,32,226,0
5,32,32,227,0
5,32,32,228,0
5,32,32,229,0
5,32,32,230,0
5,32,32,231,0
5,32,32,232,0
5,32,32,233,0
5,32,32,234,0
5,32,32,235,0
5,32,32,236,0
5,32,32,237,0
5,32,32,238,0
5,32,32,239,0
5,32,32,240,0
5,32,32,241,0
5,32,32,242,0
5,32,32,243,0
5,32,32,244,0
5,32,32,245,0
5,32,32,246,0
5,32,32,247,0
5,32,32,248,0
5,32,32,249,0
5,32,32,250,0
5,32,32,251,0
5,32,32,252,0
5,32,32,253,0
5,32,32,254,0
5,32,32,255,0
5,32,32,256,0
5,32,32,257,0
5,32,32,258,0
5,32,32,259,0
5,32,32,260,0
5,32,32,261,0
5,32,32,262,0
5,32,32,263,0
5,32,32,264,0
5,32,32,265,0
5,32,32,266,0
5,32,32,267,0
5,32,32,268,0
5,32,32,269,0
5,32,32,270,0
5,32,32,271,0
5,32,32,272,0
5,32,32,273,0
5,32,32,274,0
5,32,32,275,0
5,32,32,276,0
5,32,32,277,0
5,32,32,278,0
5,32,32,279,0
5,32,32,280,0
5,32,32,281,0
5,32,32,282,0
5,32,32,283,0
5,32,33,0,11199090970217521543777084834
5,32,33,1,187043635598224925860937347660
5,32,33,2,1559983336010343860289290862434
5,32,33,3,8586533809425220644431160977484
5,32,33,4,34839873261613810138876316860300
5,32,33,5,110486420277174628750048682085256
5,32,33,6,283793536646234855118978675483728
5,32,33,7,604584913389274791209183967902996
5,32,33,8,1086337141577554957297772702531812
5,32,33,9,1667079466198937667112851872999182
5,32,33,10,2206347759874979406488536601846924
5,32,33,11,2538570415043825717501082245822370
5,32,33,12,2556712864892805752616889524025878
5,32,33,13,2267933860844863453029637070279972
5,32,33,14,1782133992977090656663394681143098
5,32,33,15,1247467954042718678160781741278158
5,32,33,16,782122308942683949174809088772874
5,32,33,17,441602745129105991136928093104910
5,32,33,18,225751597924047787992358989480888
5,32,33,19,105040566906384427046477309536764
5,32,33,20,44711867051854093739178213263826
5,32,33,21,17496002377671509704525241583764
5,32,33,22,6322519705525626306391073047166
5,32,33,23,2118946460422321471183302148254
5,32,33,24,661182322879173230563176132292
5,32,33,25,192768422974995250729959795008
5,32,33,26,52681636661497290982065752758
5,32,33,27,13534679683221573692483434088
5,32,33,28,3277403216990733762088288446
5,32,33,29,749746142787873868407880198
5,32,33,30,162368638171042287248019052
5,32,33,31,33350008084303766420546704
5,32,33,32,6507395546975200055866632
5,32,33,33,1207989114622510431964338
5,32,33,34,213604424913498656150796
5,32,33,35,36017818484031871596824
5,32,33,36,5796615502735488298672
5,32,33,37,891024410487208119460
5,32,33,38,130882966708379544098
5,32,33,39,18376903277777287610
5,32,33,40,2466395812527768180
5,32,33,41,316318188055647358
5,32,33,42,38738494436812198
5,32,33,43,4524700313991742
5,32,33,44,503087804305424
5,32,33,45,53094323131562
5,32,33,46,5294603393678
5,32,33,47,496400204102
5,32,33,48,43219597936
5,32,33,49,3461155656
5,32,33,50,247224674
5,32,33,51,15455560
5,32,33,52,758990
5,32,33,53,29388
5,32,33,54,364
5,32,33,55,0
5,32,33,56,0
5,32,33,57,0
5,32,33,58,0
5,32,33,59,0
5,32,33,60,0
5,32,33,61,0
5,32,33,62,0
5,32,33,63,0
5,32,33,64,0
5,32,33,65,0
5,32,33,66,0
5,32,33,67,0
5,32,33,68,0
5,32,33,69,0
5,32,33,70,0
5,32,33,71,0
5,32,33,72,0
5,32,33,73,0
5,32,33,74,0
5,32,33,75,0
5,32,33,76,0
5,32,33,77,0
5,32,33,78,0
5,32,33,79,0
5,32,33,80,0
5,32,33,81,0
5,32,33,82,0
5,32,33,83,0
5,32,33,84,0
5,32,33,85,0
5,32,33,86,0
5,32,33,87,0
5,32,33,88,0
5,32,33,89,0
5,32,33,90,0
5,32,33,91,0
5,32,33,92,0
5,32,33,93,0
5,32,33,94,0
5,32,33,95,0
5,32,33,96,0
5,32,33,97,0
5,32,33,98,0
5,32,33,99,0
5,32,33,100,0
5,32,33,101,0
5,32,33,102,0
5,32,33,103,0
5,32,33,104,0
5,32,33,105,0
5,32,33,106,0
5,32,33,107,0
5,32,33,108,0
5,32,33,109,0
5,32,33,110,0
5,32,33,111,0
5,32,33,112,0
5,32,33,113,0
5,32,33,114,0
5,32,33,115,0
5,32,33,116,0
5,32,33,117,0
5,32,33,118,0
5,32,33,119,0
5,32,33,120,0
5,32,33,121,0
5,32,33,122,0
5,32,33,123,0
5,32,33,124,0
5,32,33,125,0
5,32,33,126,0
5,32,33,127,0
5,32,33,128,0
5,32,33,129,0
5,32,33,130,0
5,32,33,131,0
5,32,33,132,0
5,32,33,133,0
5,32,33,134,0
5,32,33,135,0
5,32,33,136,0
5,32,33,137,0
5,32,33,138,0
5,32,33,139,0
5,32,33,140,0
5,32,33,141,0
5,32,33,142,0
5,32,33,143,0
5,32,33,144,0
5,32,33,145,0
5,32,33,146,0
5,32,33,147,0
5,32,33,148,0
5,32,33,149,0
5,32,33,150,0
5,32,33,151,0
5,32,33,152,0
5,32,33,153,0
5,32,33,154,0
5,32,33,155,0
5,32,33,156,0
5,32,33,157,0
5,32,33,158,0
5,32,33,159,0
5,32,33,160,0
5,32,33,161,0
5,32,33,162,0
5,32,33,163,0
5,32,33,164,0
5,32,33,165,0
5,32,33,166,0
5,32,33,167,0
5,32,33,168,0
5,32,33,169,0
5,32,33,170,0
5,32,33,171,0
5,32,33,172,0
5,32,33,173,0
5,32,33,174,0
5,32,33,175,0
5,32,33,176,0
5,32,33,177,0
5,32,33,178,0
5,32,33,179,0
5,32,33,180,0
5,32,33,181,0
5,32,33,182,0
5,32,33,183,0
5,32,33,184,0
5,32,33,185,0
5,32,33,186,0
5,32,33,187,0
5,32,33,188,0
5,32,33,189,0
5,32,33,190,0
5,32,33,191,0
5,32,33,192,0
5,32,33,193,0
5,32,33,194,0
5,32,33,195,0
5,32,33,196,0
5,32,33,197,0
5,32,33,198,0
5,32,33,199,0
5,32,33,200,0
5,32,33,201,0
5,32,33,202,0
5,32,33,203,0
5,32,33,204,0
5,32,33,205,0
5,32,33,206,0
5,32,33,207,0
5,32,33,208,0
5,32,33,209,0
5,32,33,210,0
5,32,33,211,0
5,32,33,212,0
5,32,33,213,0
5,32,33,214,0
5,32,33,215,0
5,32,33,216,0
5,32,33,217,0
5,32,33,218,0
5,32,33,219,0
5,32,33,220,0
5,32,33,221,0
5,32,33,222,0
5,32,33,223,0
5,32,33,224,0
5,32,33,225,0
5,32,33,226,0
5,32,33,227,0
5,32,33,228,0
5,32,33,229,0
5,32,33,230,0
5,32,33,231,0
5,32,33,232,0
5,32,33,233,0
5,32,33,234,0
5,32,33,235,0
5,32,33,236,0
5,32,33,237,0
5,32,33,238,0
5,32,33,239,0
5,32,33,240,0
5,32,33,241,0
5,32,33,242,0
5,32,33,243,0
5,32,33,244,0
5,32,33,245,0
5,32,33,246,0
5,32,33,247,0
5,32,33,248,0
5,32,33,249,0
5,32,33,250,0
5,32,33,251,0
5,32,33,252,0
5,32,33,253,0
5,32,33,254,0
5,32,33,255,0
5,32,33,256,0
5,32,33,257,0
5,32,33,258,0
5,32,33,259,0
5,32,33,260,0
5,32,33,261,0
5,32,33,262,0
5,32,33,263,0
5,32,33,264,0
5,32,33,265,0
5,32,33,266,0
5,32,33,267,0
5,32,33,268,0
5,32,33,269,0
5,32,33,270,0
5,32,33,271,0
5,32,33,272,0
5,32,33,273,0
5,32,33,274,0
5,32,33,275,0
5,32,33,276,0
5,32,33,277,0
5,32,33,278,0
5,32,33,279,0
5,32,33,280,0
5,32,33,281,0
5,32,33,282,0
5,32,33,283,0
5,32,34,0,15662026641942486045708614173
5,32,34,1,279785532166859333966883475471
5,32,34,2,2501676791584870909790997283496
5,32,34,3,14797911361675470081127542265507
5,32,34,4,64684426332204108956682225138336
5,32,34,5,221545363300554383736721052983129
5,32,34,6,616152600348578279011343885826089
5,32,34,7,1424870831871412827038772171605096
5,32,34,8,2786110352160217581204662803994634
5,32,34,9,4663919403744508106296610093157626
5,32,34,10,6748599740287858533243509081998172
5,32,34,11,8506853656302946286315024714555932
5,32,34,12,9403274286955603370283064442240063
5,32,34,13,9168036164724873186090235613087310
5,32,34,14,7926760126305859347442798132247152
5,32,34,15,6108941273009653935281539263520525
5,32,34,16,4217611708032282773904939678613779
5,32,34,17,2621550917964348943446328145239147
5,32,34,18,1474316607106514639796879136019606
5,32,34,19,753865173672556251430869113470088
5,32,34,20,352173293939638458464052506803496
5,32,34,21,151008830866623501163717061830008
5,32,34,22,59698524760726689594656135032613
5,32,34,23,21850451292724560741873181588216
5,32,34,24,7433392597027754102747972303202
5,32,34,25,2358874091225680191563261742075
5,32,34,26,700551991962146921591027291565
5,32,34,27,195294483201548208313650877694
5,32,34,28,51241920234976678693008555666
5,32,34,29,12685351054065503370902705258
5,32,34,30,2969409688291916911542781827
5,32,34,31,658535495580714817016314330
5,32,34,32,138608870793377584935839505
5,32,34,33,27732219930473648956209284
5,32,34,34,5281563547046418156142753
5,32,34,35,958638121850308691679459
5,32,34,36,166004952749258559207775
5,32,34,37,27450567267483294042476
5,32,34,38,4337738983796557637696
5,32,34,39,655386056185659948540
5,32,34,40,94712254182172872304
5,32,34,41,13093283365845690051
5,32,34,42,1731268473220926915
5,32,34,43,218852278126793538
5,32,34,44,26425881827128817
5,32,34,45,3043641984789806
5,32,34,46,333604949348925
5,32,34,47,34701759293257
5,32,34,48,3407240208151
5,32,34,49,313889169406
5,32,34,50,26803206517
5,32,34,51,2095790470
5,32,34,52,144987663
5,32,34,53,8693717
5,32,34,54,402562
5,32,34,55,13988
5,32,34,56,104
5,32,34,57,0
5,32,34,58,0
5,32,34,59,0
5,32,34,60,0
5,32,34,61,0
5,32,34,62,0
5,32,34,63,0
5,32,34,64,0
5,32,34,65,0
5,32,34,66,0
5,32,34,67,0
5,32,34,68,0
5,32,34,69,0
5,32,34,70,0
5,32,34,71,0
5,32,34,72,0
5,32,34,73,0
5,32,34,74,0
5,32,34,75,0
5,32,34,76,0
5,32,34,77,0
5,32,34,78,0
5,32,34,79,0
5,32,34,80,0
5,32,34,81,0
5,32,34,82,0
5,32,34,83,0
5,32,34,84,0
5,32,34,85,0
5,32,34,86,0
5,32,34,87,0
5,32,34,88,0
5,32,34,89,0
5,32,34,90,0
5,32,34,91,0
5,32,34,92,0
5,32,34,93,0
5,32,34,94,0
5,32,34,95,0
5,32,34,96,0
5,32,34,97,0
5,32,34,98,0
5,32,34,99,0
5,32,34,100,0
5,32,34,101,0
5,32,34,102,0
5,32,34,103,0
5,32,34,104,0
5,32,34,105,0
5,32,34,106,0
5,32,34,107,0
5,32,34,108,0
5,32,34,109,0
5,32,34,110,0
5,32,34,111,0
5,32,34,112,0
5,32,34,113,0
5,32,34,114,0
5,32,34,115,0
5,32,34,116,0
5,32,34,117,0
5,32,34,118,0
5,32,34,119,0
5,32,34,120,0
5,32,34,121,0
5,32,34,122,0
5,32,34,123,0
5,32,34,124,0
5,32,34,125,0
5,32,34,126,0
5,32,34,127,0
5,32,34,128,0
5,32,34,129,0
5,32,34,130,0
5,32,34,131,0
5,32,34,132,0
5,32,34,133,0
5,32,34,134,0
5,32,34,135,0
5,32,34,136,0
5,32,34,137,0
5,32,34,138,0
5,32,34,139,0
5,32,34,140,0
5,32,34,141,0
5,32,34,142,0
5,32,34,143,0
5,32,34,144,0
5,32,34,145,0
5,32,34,146,0
5,32,34,147,0
5,32,34,148,0
5,32,34,149,0
5,32,34,150,0
5,32,34,151,0
5,32,34,152,0
5,32,34,153,0
5,32,34,154,0
5,32,34,155,0
5,32,34,156,0
5,32,34,157,0
5,32,34,158,0
5,32,34,159,0
5,32,34,160,0
5,32,34,161,0
5,32,34,162,0
5,32,34,163,0
5,32,34,164,0
5,32,34,165,0
5,32,34,166,0
5,32,34,167,0
5,32,34,168,0
5,32,34,169,0
5,32,34,170,0
5,32,34,171,0
5,32,34,172,0
5,32,34,173,0
5,32,34,174,0
5,32,34,175,0
5,32,34,176,0
5,32,34,177,0
5,32,34,178,0
5,32,34,179,0
5,32,34,180,0
5,32,34,181,0
5,32,34,182,0
5,32,34,183,0
5,32,34,184,0
5,32,34,185,0
5,32,34,186,0
5,32,34,187,0
5,32,34,188,0
5,32,34,189,0
5,32,34,190,0
5,32,34,191,0
5,32,34,192,0
5,32,34,193,0
5,32,34,194,0
5,32,34,195,0
5,32,34,196,0
5,32,34,197,0
5,32,34,198,0
5,32,34,199,0
5,32,34,200,0
5,32,34,201,0
5,32,34,202,0
5,32,34,203,0
5,32,34,204,0
5,32,34,205,0
5,32,34,206,0
5,32,34,207,0
5,32,34,208,0
5,32,34,209,0
5,32,34,210,0
5,32,34,211,0
5,32,34,212,0
5,32,34,213,0
5,32,34,214,0
5,32,34,215,0
5,32,34,216,0
5,32,34,217,0
5,32,34,218,0
5,32,34,219,0
5,32,34,220,0
5,32,34,221,0
5,32,34,222,0
5,32,34,223,0
5,32,34,224,0
5,32,34,225,0
5,32,34,226,0
5,32,34,227,0
5,32,34,228,0
5,32,34,229,0
5,32,34,230,0
5,32,34,231,0
5,32,34,232,0
5,32,34,233,0
5,32,34,234,0
5,32,34,235,0
5,32,34,236,0
5,32,34,237,0
5,32,34,238,0
5,32,34,239,0
5,32,34,240,0
5,32,34,241,0
5,32,34,242,0
5,32,34,243,0
5,32,34,244,0
5,32,34,245,0
5,32,34,246,0
5,32,34,247,0
5,32,34,248,0
5,32,34,249,0
5,32,34,250,0
5,32,34,251,0
5,32,34,252,0
5,32,34,253,0
5,32,34,254,0
5,32,34,255,0
5,32,34,256,0
5,32,34,257,0
5,32,34,258,0
5,32,34,259,0
5,32,34,260,0
5,32,34,261,0
5,32,34,262,0
5,32,34,263,0
5,32,34,264,0
5,32,34,265,0
5,32,34,266,0
5,32,34,267,0
5,32,34,268,0
5,32,34,269,0
5,32,34,270,0
5,32,34,271,0
5,32,34,272,0
5,32,34,273,0
5,32,34,274,0
5,32,34,275,0
5,32,34,276,0
5,32,34,277,0
5,32,34,278,0
5,32,34,279,0
5,32,34,280,0
5,32,34,281,0
5,32,34,282,0
5,32,34,283,0
5,32,35,0,20326605296207017804615312350
5,32,35,1,387460893399830807957009410480
5,32,35,2,3705436578953074760910187187092
5,32,35,3,23498974057110137321149772687368
5,32,35,4,110392593893335322282389369652826
5,32,35,5,407342987410817397506503798734406
5,32,35,6,1223537443951438401035981916229482
5,32,35,7,3063438656819627320532843702254860
5,32,35,8,6501248638836526000570282766318218
5,32,35,9,11839815422766714715059967024380088
5,32,35,10,18680332240496449498546277287201586
5,32,35,11,25729223532180021614664594538513006
5,32,35,12,31134124417069730013537069544656440
5,32,35,13,33283163682719505925597355478075568
5,32,35,14,31592187123734072868329512529894222
5,32,35,15,26752540466721110871412385155643556
5,32,35,16,20304005722471154410878003876135548
5,32,35,17,13874198177878035088904415281620926
5,32,35,18,8574654265610827840934943161426134
5,32,35,19,4814784657220588468689325970884804
5,32,35,20,2467411144893478563531009194213368
5,32,35,21,1159116950876526242416988090786842
5,32,35,22,501292475716300828559138671144466
5,32,35,23,200405036053233238415333623515418
5,32,35,24,74345575039612191695766253809458
5,32,35,25,25685860655017208718005990904754
5,32,35,26,8292214463336908107589745086910
5,32,35,27,2509050098235081504392617716754
5,32,35,28,713539945383582781978451439006
5,32,35,29,191202385857028901841876857024
5,32,35,30,48386641663052519745256585608
5,32,35,31,11588011412581852925760397734
5,32,35,32,2631168527823692922483097442
5,32,35,33,567372435749114542939102548
5,32,35,34,116363332063847699689658712
5,32,35,35,22728530883387869335600458
5,32,35,36,4232989678181857758275680
5,32,35,37,752477832835122683334082
5,32,35,38,127790420500693045601066
5,32,35,39,20748384984541063620576
5,32,35,40,3222601190027282696406
5,32,35,41,479011659693231800386
5,32,35,42,68155413332162800534
5,32,35,43,9282568408466384488
5,32,35,44,1209846431164864242
5,32,35,45,150809709331480072
5,32,35,46,17959219304855610
5,32,35,47,2040060441897962
5,32,35,48,220499567489132
5,32,35,49,22599749356426
5,32,35,50,2184348999094
5,32,35,51,197739266930
5,32,35,52,16540844550
5,32,35,53,1260202934
5,32,35,54,84526922
5,32,35,55,4814742
5,32,35,56,212342
5,32,35,57,6192
5,32,35,58,26
5,32,35,59,0
5,32,35,60,0
5,32,35,61,0
5,32,35,62,0
5,32,35,63,0
5,32,35,64,0
5,32,35,65,0
5,32,35,66,0
5,32,35,67,0
5,32,35,68,0
5,32,35,69,0
5,32,35,70,0
5,32,35,71,0
5,32,35,72,0
5,32,35,73,0
5,32,35,74,0
5,32,35,75,0
5,32,35,76,0
5,32,35,77,0
5,32,35,78,0
5,32,35,79,0
5,32,35,80,0
5,32,35,81,0
5,32,35,82,0
5,32,35,83,0
5,32,35,84,0
5,32,35,85,0
5,32,35,86,0
5,32,35,87,0
5,32,35,88,0
5,32,35,89,0
5,32,35,90,0
5,32,35,91,0
5,32,35,92,0
5,32,35,93,0
5,32,35,94,0
5,32,35,95,0
5,32,35,96,0
5,32,35,97,0
5,32,35,98,0
5,32,35,99,0
5,32,35,100,0
5,32,35,101,0
5,32,35,102,0
5,32,35,103,0
5,32,35,104,0
5,32,35,105,0
5,32,35,106,0
5,32,35,107,0
5,32,35,108,0
5,32,35,109,0
5,32,35,110,0
5,32,35,111,0
5,32,35,112,0
5,32,35,113,0
5,32,35,114,0
5,32,35,115,0
5,32,35,116,0
5,32,35,117,0
5,32,35,118,0
5,32,35,119,0
5,32,35,120,0
5,32,35,121,0
5,32,35,122,0
5,32,35,123,0
5,32,35,124,0
5,32,35,125,0
5,32,35,126,0
5,32,35,127,0
5,32,35,128,0
5,32,35,129,0
5,32,35,130,0
5,32,35,131,0
5,32,35,132,0
5,32,35,133,0
5,32,35,134,0
5,32,35,135,0
5,32,35,136,0
5,32,35,137,0
5,32,35,138,0
5,32,35,139,0
5,32,35,140,0
5,32,35,141,0
5,32,35,142,0
5,32,35,143,0
5,32,35,144,0
5,32,35,145,0
5,32,35,146,0
5,32,35,147,0
5,32,35,148,0
5,32,35,149,0
5,32,35,150,0
5,32,35,151,0
5,32,35,152,0
5,32,35,153,0
5,32,35,154,0
5,32,35,155,0
5,32,35,156,0
5,32,35,157,0
5,32,35,158,0
5,32,35,159,0
5,32,35,160,0
5,32,35,161,0
5,32,35,162,0
5,32,35,163,0
5,32,35,164,0
5,32,35,165,0
5,32,35,166,0
5,32,35,167,0
5,32,35,168,0
5,32,35,169,0
5,32,35,170,0
5,32,35,171,0
5,32,35,172,0
5,32,35,173,0
5,32,35,174,0
5,32,35,175,0
5,32,35,176,0
5,32,35,177,0
5,32,35,178,0
5,32,35,179,0
5,32,35,180,0
5,32,35,181,0
5,32,35,182,0
5,32,35,183,0
5,32,35,184,0
5,32,35,185,0
5,32,35,186,0
5,32,35,187,0
5,32,35,188,0
5,32,35,189,0
5,32,35,190,0
5,32,35,191,0
5,32,35,192,0
5,32,35,193,0
5,32,35,194,0
5,32,35,195,0
5,32,35,196,0
5,32,35,197,0
5,32,35,198,0
5,32,35,199,0
5,32,35,200,0
5,32,35,201,0
5,32,35,202,0
5,32,35,203,0
5,32,35,204,0
5,32,35,205,0
5,32,35,206,0
5,32,35,207,0
5,32,35,208,0
5,32,35,209,0
5,32,35,210,0
5,32,35,211,0
5,32,35,212,0
5,32,35,213,0
5,32,35,214,0
5,32,35,215,0
5,32,35,216,0
5,32,35,217,0
5,32,35,218,0
5,32,35,219,0
5,32,35,220,0
5,32,35,221,0
5,32,35,222,0
5,32,35,223,0
5,32,35,224,0
5,32,35,225,0
5,32,35,226,0
5,32,35,227,0
5,32,35,228,0
5,32,35,229,0
5,32,35,230,0
5,32,35,231,0
5,32,35,232,0
5,32,35,233,0
5,32,35,234,0
5,32,35,235,0
5,32,35,236,0
5,32,35,237,0
5,32,35,238,0
5,32,35,239,0
5,32,35,240,0
5,32,35,241,0
5,32,35,242,0
5,32,35,243,0
5,32,35,244,0
5,32,35,245,0
5,32,35,246,0
5,32,35,247,0
5,32,35,248,0
5,32,35,249,0
5,32,35,250,0
5,32,35,251,0
5,32,35,252,0
5,32,35,253,0
5,32,35,254,0
5,32,35,255,0
5,32,35,256,0
5,32,35,257,0
5,32,35,258,0
5,32,35,259,0
5,32,35,260,0
5,32,35,261,0
5,32,35,262,0
5,32,35,263,0
5,32,35,264,0
5,32,35,265,0
5,32,35,266,0
5,32,35,267,0
5,32,35,268,0
5,32,35,269,0
5,32,35,270,0
5,32,35,271,0
5,32,35,272,0
5,32,35,273,0
5,32,35,274,0
5,32,35,275,0
5,32,35,276,0
5,32,35,277,0
5,32,35,278,0
5,32,35,279,0
5,32,35,280,0
5,32,35,281,0
5,32,35,282,0
5,32,35,283,0
5,32,36,0,24490363323357246648418775152
5,32,36,1,496973345433366011392778729347
5,32,36,2,5071691161115128880831205147992
5,32,36,3,34403533919794245940931851540203
5,32,36,4,173290103992306614615550602837236
5,32,36,5,687258644432490318284099193102141
5,32,36,6,2224101479388513718794532502273184
5,32,36,7,6014142712886360799168106835282691
5,32,36,8,13817439988371075097822401492716475
5,32,36,9,27305970880400782694092579735771419
5,32,36,10,46854941579567108217959578203450991
5,32,36,11,70335335688601552403562012233071649
5,32,36,12,92939021344697965892604663087001724
5,32,36,13,108676870649224034460407289273413210
5,32,36,14,112994109395768845835435027061797210
5,32,36,15,104923667923856373754935356739194816
5,32,36,16,87384065777478101010115966091670747
5,32,36,17,65545461580440694555294897529533518
5,32,36,18,44464096331690287345209237100936659
5,32,36,19,27393132012854422125305377693391634
5,32,36,20,15390352741890769981994224876492246
5,32,36,21,7918197682777656891486003154040747
5,32,36,22,3745750410008314641326567785520538
5,32,36,23,1635672421281250278796812538047526
5,32,36,24,661813813423618616240849981459460
5,32,36,25,249003359201705957846215758729997
5,32,36,26,87408224797821197071406317660671
5,32,36,27,28715670093433110418568036817036
5,32,36,28,8853999688948114570855793281160
5,32,36,29,2568873579915697364095151511805
5,32,36,30,703001646381733010086946794546
5,32,36,31,181849843941132249463277169644
5,32,36,32,44550934699358635895224988518
5,32,36,33,10355022807079599201637198301
5,32,36,34,2287094790966145466041573779
5,32,36,35,480702213165271191957723361
5,32,36,36,96268323938763013403192829
5,32,36,37,18390892463125815595538073
5,32,36,38,3354855496491184631043184
5,32,36,39,584897363184071913647023
5,32,36,40,97531794831828901188373
5,32,36,41,15564646050994265842268
5,32,36,42,2378262949260388228146
5,32,36,43,348046109737515720772
5,32,36,44,48788175730796519306
5,32,36,45,6550017903022531335
5,32,36,46,841863063758656240
5,32,36,47,103511477625102168
5,32,36,48,12160774183830907
5,32,36,49,1362622686481572
5,32,36,50,145225865887174
5,32,36,51,14666585186236
5,32,36,52,1395206032115
5,32,36,53,123997537697
5,32,36,54,10160328058
5,32,36,55,751979468
5,32,36,56,48951788
5,32,36,57,2627906
5,32,36,58,109356
5,32,36,59,2673
5,32,36,60,0
5,32,36,61,0
5,32,36,62,0
5,32,36,63,0
5,32,36,64,0
5,32,36,65,0
5,32,36,66,0
5,32,36,67,0
5,32,36,68,0
5,32,36,69,0
5,32,36,70,0
5,32,36,71,0
5,32,36,72,0
5,32,36,73,0
5,32,36,74,0
5,32,36,75,0
5,32,36,76,0
5,32,36,77,0
5,32,36,78,0
5,32,36,79,0
5,32,36,80,0
5,32,36,81,0
5,32,36,82,0
5,32,36,83,0
5,32,36,84,0
5,32,36,85,0
5,32,36,86,0
5,32,36,87,0
5,32,36,88,0
5,32,36,89,0
5,32,36,90,0
5,32,36,91,0
5,32,36,92,0
5,32,36,93,0
5,32,36,94,0
5,32,36,95,0
5,32,36,96,0
5,32,36,97,0
5,32,36,98,0
5,32,36,99,0
5,32,36,100,0
5,32,36,101,0
5,32,36,102,0
5,32,36,103,0
5,32,36,104,0
5,32,36,105,0
5,32,36,106,0
5,32,36,107,0
5,32,36,108,0
5,32,36,109,0
5,32,36,110,0
5,32,36,111,0
5,32,36,112,0
5,32,36,113,0
5,32,36,114,0
5,32,36,115,0
5,32,36,116,0
5,32,36,117,0
5,32,36,118,0
5,32,36,119,0
5,32,36,120,0
5,32,36,121,0
5,32,36,122,0
5,32,36,123,0
5,32,36,124,0
5,32,36,125,0
5,32,36,126,0
5,32,36,127,0
5,32,36,128,0
5,32,36,129,0
5,32,36,130,0
5,32,36,131,0
5,32,36,132,0
5,32,36,133,0
5,32,36,134,0
5,32,36,135,0
5,32,36,136,0
5,32,36,137,0
5,32,36,138,0
5,32,36,139,0
5,32,36,140,0
5,32,36,141,0
5,32,36,142,0
5,32,36,143,0
5,32,36,144,0
5,32,36,145,0
5,32,36,146,0
5,32,36,147,0
5,32,36,148,0
5,32,36,149,0
5,32,36,150,0
5,32,36,151,0
5,32,36,152,0
5,32,36,153,0
5,32,36,154,0
5,32,36,155,0
5,32,36,156,0
5,32,36,157,0
5,32,36,158,0
5,32,36,159,0
5,32,36,160,0
5,32,36,161,0
5,32,36,162,0
5,32,36,163,0
5,32,36,164,0
5,32,36,165,0
5,32,36,166,0
5,32,36,167,0
5,32,36,168,0
5,32,36,169,0
5,32,36,170,0
5,32,36,171,0
5,32,36,172,0
5,32,36,173,0
5,32,36,174,0
5,32,36,175,0
5,32,36,176,0
5,32,36,177,0
5,32,36,178,0
5,32,36,179,0
5,32,36,180,0
5,32,36,181,0
5,32,36,182,0
5,32,36,183,0
5,32,36,184,0
5,32,36,185,0
5,32,36,186,0
5,32,36,187,0
5,32,36,188,0
5,32,36,189,0
5,32,36,190,0
5,32,36,191,0
5,32,36,192,0
5,32,36,193,0
5,32,36,194,0
5,32,36,195,0
5,32,36,196,0
5,32,36,197,0
5,32,36,198,0
5,32,36,199,0
5,32,36,200,0
5,32,36,201,0
5,32,36,202,0
5,32,36,203,0
5,32,36,204,0
5,32,36,205,0
5,32,36,206,0
5,32,36,207,0
5,32,36,208,0
5,32,36,209,0
5,32,36,210,0
5,32,36,211,0
5,32,36,212,0
5,32,36,213,0
5,32,36,214,0
5,32,36,215,0
5,32,36,216,0
5,32,36,217,0
5,32,36,218,0
5,32,36,219,0
5,32,36,220,0
5,32,36,221,0
5,32,36,222,0
5,32,36,223,0
5,32,36,224,0
5,32,36,225,0
5,32,36,226,0
5,32,36,227,0
5,32,36,228,0
5,32,36,229,0
5,32,36,230,0
5,32,36,231,0
5,32,36,232,0
5,32,36,233,0
5,32,36,234,0
5,32,36,235,0
5,32,36,236,0
5,32,36,237,0
5,32,36,238,0
5,32,36,239,0
5,32,36,240,0
5,32,36,241,0
5,32,36,242,0
5,32,36,243,0
5,32,36,244,0
5,32,36,245,0
5,32,36,246,0
5,32,36,247,0
5,32,36,248,0
5,32,36,249,0
5,32,36,250,0
5,32,36,251,0
5,32,36,252,0
5,32,36,253,0
5,32,36,254,0
5,32,36,255,0
5,32,36,256,0
5,32,36,257,0
5,32,36,258,0
5,32,36,259,0
5,32,36,260,0
5,32,36,261,0
5,32,36,262,0
5,32,36,263,0
5,32,36,264,0
5,32,36,265,0
5,32,36,266,0
5,32,36,267,0
5,32,36,268,0
5,32,36,269,0
5,32,36,270,0
5,32,36,271,0
5,32,36,272,0
5,32,36,273,0
5,32,36,274,0
5,32,36,275,0
5,32,36,276,0
5,32,36,277,0
5,32,36,278,0
5,32,36,279,0
5,32,36,280,0
5,32,36,281,0
5,32,36,282,0
5,32,36,283,0
5,32,37,0,27402656795609665686088190998
5,32,37,1,590621573529347202364701840808
5,32,37,2,6417416647808779792649549877514
5,32,37,3,46459807039869047318677088574440
5,32,37,4,250349423411892706979235029462794
5,32,37,5,1064691299374741368683470922491778
5,32,37,6,3703578567978628401929725480912254
5,32,37,7,10790314510076911339550400175731996
5,32,37,8,26773292054069795274992829860012000
5,32,37,9,57272581618689284773428749254644126
5,32,37,10,106617531927456277950157412659055970
5,32,37,11,174001296237041087131849202818359966
5,32,37,12,250460282564280181948565655941075790
5,32,37,13,319603047649692886570056488101135756
5,32,37,14,363185720561322775810255086113805126
5,32,37,15,369052189058711145475693701158927608
5,32,37,16,336658822590541506641746766197423950
5,32,37,17,276754226731566188126974944573828722
5,32,37,18,205801505318596022911736679837076770
5,32,37,19,138965465899954397785912800971284800
5,32,37,20,85532919030807060000226952642998820
5,32,37,21,48172059907785963179866346026270980
5,32,37,22,24920086535218126226372771342125316
5,32,37,23,11885689232154288138677381359830310
5,32,37,24,5245655354281048996598290729592698
5,32,37,25,2149760876374832750350472012747436
5,32,37,26,820786713665648290833152644559758
5,32,37,27,292863618262033330515760525785984
5,32,37,28,97936721638836906406677737782386
5,32,37,29,30776841108673870394180380260252
5,32,37,30,9110847805290540317623368709668
5,32,37,31,2546337715731163621244073322764
5,32,37,32,673248278985427534929551100852
5,32,37,33,168707911954405793038421214674
5,32,37,34,40134797295588710891905417294
5,32,37,35,9077958975002967178214589530
5,32,37,36,1954924980703806292111830366
5,32,37,37,401311634868605408913224922
5,32,37,38,78618308141372531639676956
5,32,37,39,14712430328595252119082662
5,32,37,40,2632337240661831234911368
5,32,37,41,450631228983577105728854
5,32,37,42,73857858282813191904012
5,32,37,43,11595351295577759533334
5,32,37,44,1744358461455328464850
5,32,37,45,251497840650356883728
5,32,37,46,34751793721809619266
5,32,37,47,4601090285953129200
5,32,37,48,583390527630420996
5,32,37,49,70776501481583184
5,32,37,50,8204523236074746
5,32,37,51,906925026073482
5,32,37,52,95317319138660
5,32,37,53,9483145732512
5,32,37,54,887741570518
5,32,37,55,77385727556
5,32,37,56,6207607802
5,32,37,57,446052732
5,32,37,58,27948616
5,32,37,59,1425496
5,32,37,60,55294
5,32,37,61,1000
5,32,37,62,0
5,32,37,63,0
5,32,37,64,0
5,32,37,65,0
5,32,37,66,0
5,32,37,67,0
5,32,37,68,0
5,32,37,69,0
5,32,37,70,0
5,32,37,71,0
5,32,37,72,0
5,32,37,73,0
5,32,37,74,0
5,32,37,75,0
5,32,37,76,0
5,32,37,77,0
5,32,37,78,0
5,32,37,79,0
5,32,37,80,0
5,32,37,81,0
5,32,37,82,0
5,32,37,83,0
5,32,37,84,0
5,32,37,85,0
5,32,37,86,0
5,32,37,87,0
5,32,37,88,0
5,32,37,89,0
5,32,37,90,0
5,32,37,91,0
5,32,37,92,0
5,32,37,93,0
5,32,37,94,0
5,32,37,95,0
5,32,37,96,0
5,32,37,97,0
5,32,37,98,0
5,32,37,99,0
5,32,37,100,0
5,32,37,101,0
5,32,37,102,0
5,32,37,103,0
5,32,37,104,0
5,32,37,105,0
5,32,37,106,0
5,32,37,107,0
5,32,37,108,0
5,32,37,109,0
5,32,37,110,0
5,32,37,111,0
5,32,37,112,0
5,32,37,113,0
5,32,37,114,0
5,32,37,115,0
5,32,37,116,0
5,32,37,117,0
5,32,37,118,0
5,32,37,119,0
5,32,37,120,0
5,32,37,121,0
5,32,37,122,0
5,32,37,123,0
5,32,37,124,0
5,32,37,125,0
5,32,37,126,0
5,32,37,127,0
5,32,37,128,0
5,32,37,129,0
5,32,37,130,0
5,32,37,131,0
5,32,37,132,0
5,32,37,133,0
5,32,37,134,0
5,32,37,135,0
5,32,37,136,0
5,32,37,137,0
5,32,37,138,0
5,32,37,139,0
5,32,37,140,0
5,32,37,141,0
5,32,37,142,0
5,32,37,143,0
5,32,37,144,0
5,32,37,145,0
5,32,37,146,0
5,32,37,147,0
5,32,37,148,0
5,32,37,149,0
5,32,37,150,0
5,32,37,151,0
5,32,37,152,0
5,32,37,153,0
5,32,37,154,0
5,32,37,155,0
5,32,37,156,0
5,32,37,157,0
5,32,37,158,0
5,32,37,159,0
5,32,37,160,0
5,32,37,161,0
5,32,37,162,0
5,32,37,163,0
5,32,37,164,0
5,32,37,165,0
5,32,37,166,0
5,32,37,167,0
5,32,37,168,0
5,32,37,169,0
5,32,37,170,0
5,32,37,171,0
5,32,37,172,0
5,32,37,173,0
5,32,37,174,0
5,32,37,175,0
5,32,37,176,0
5,32,37,177,0
5,32,37,178,0
5,32,37,179,0
5,32,37,180,0
5,32,37,181,0
5,32,37,182,0
5,32,37,183,0
5,32,37,184,0
5,32,37,185,0
5,32,37,186,0
5,32,37,187,0
5,32,37,188,0
5,32,37,189,0
5,32,37,190,0
5,32,37,191,0
5,32,37,192,0
5,32,37,193,0
5,32,37,194,0
5,32,37,195,0
5,32,37,196,0
5,32,37,197,0
5,32,37,198,0
5,32,37,199,0
5,32,37,200,0
5,32,37,201,0
5,32,37,202,0
5,32,37,203,0
5,32,37,204,0
5,32,37,205,0
5,32,37,206,0
5,32,37,207,0
5,32,37,208,0
5,32,37,209,0
5,32,37,210,0
5,32,37,211,0
5,32,37,212,0
5,32,37,213,0
5,32,37,214,0
5,32,37,215,0
5,32,37,216,0
5,32,37,217,0
5,32,37,218,0
5,32,37,219,0
5,32,37,220,0
5,32,37,221,0
5,32,37,222,0
5,32,37,223,0
5,32,37,224,0
5,32,37,225,0
5,32,37,226,0
5,32,37,227,0
5,32,37,228,0
5,32,37,229,0
5,32,37,230,0
5,32,37,231,0
5,32,37,232,0
5,32,37,233,0
5,32,37,234,0
5,32,37,235,0
5,32,37,236,0
5,32,37,237,0
5,32,37,238,0
5,32,37,239,0
5,32,37,240,0
5,32,37,241,0
5,32,37,242,0
5,32,37,243,0
5,32,37,244,0
5,32,37,245,0
5,32,37,246,0
5,32,37,247,0
5,32,37,248,0
5,32,37,249,0
5,32,37,250,0
5,32,37,251,0
5,32,37,252,0
5,32,37,253,0
5,32,37,254,0
5,32,37,255,0
5,32,37,256,0
5,32,37,257,0
5,32,37,258,0
5,32,37,259,0
5,32,37,260,0
5,32,37,261,0
5,32,37,262,0
5,32,37,263,0
5,32,37,264,0
5,32,37,265,0
5,32,37,266,0
5,32,37,267,0
5,32,37,268,0
5,32,37,269,0
5,32,37,270,0
5,32,37,271,0
5,32,37,272,0
5,32,37,273,0
5,32,37,274,0
5,32,37,275,0
5,32,37,276,0
5,32,37,277,0
5,32,37,278,0
5,32,37,279,0
5,32,37,280,0
5,32,37,281,0
5,32,37,282,0
5,32,37,283,0
5,32,38,0,28484309356515021873811404287
5,32,38,1,650600359728223378390494655107
5,32,38,2,7509907740947998715351748222278
5,32,38,3,57898223917809517532445553843043
5,32,38,4,333025205307647009405305302375171
5,32,38,5,1515372557073264241909464291794977
5,32,38,6,5653287671900546930653566886372315
5,32,38,7,17705614851046737393985591099984267
5,32,38,8,47334777516848306052487598686332852
5,32,38,9,109348983282554974247704969820338053
5,32,38,10,220316652588651893795632697222646106
5,32,38,11,389981555208641064020793853088360437
5,32,38,12,610058408050915131005524874714089908
5,32,38,13,847581797912995805804917696203550544
5,32,38,14,1050379236469094820468304029607675532
5,32,38,15,1165611809314384286616764142309280078
5,32,38,16,1162477627469451745646490692298172619
5,32,38,17,1045590132087203693604608787621100406
5,32,38,18,851115694420866716894421058778938468
5,32,38,19,629177894593339364866312671401900461
5,32,38,20,423874622137680207526601605665672369
5,32,38,21,261165461512832414992976602029110801
5,32,38,22,147689401805154760902460679755721595
5,32,38,23,76925565381861272932875005799278683
5,32,38,24,37032831206818509572414617112376566
5,32,38,25,16533398964630970392694796370369772
5,32,38,26,6867550060048709939857683162149306
5,32,38,27,2662195919723204583305236513142889
5,32,38,28,965895926042412242819280221295114
5,32,38,29,328882565029216722599031300315643
5,32,38,30,105354280229761348675367789107886
5,32,38,31,31824268873790236861504659938280
5,32,38,32,9083854129598789804332379658313
5,32,38,33,2454814626928162660900214103320
5,32,38,34,629160542052279313786458238763
5,32,38,35,153174840264193806629440416992
5,32,38,36,35475013797772083575049342825
5,32,38,37,7825912465482686203465352691
5,32,38,38,1646414814734073296483767638
5,32,38,39,330673983181682202771052741
5,32,38,40,63465019981560190613453406
5,32,38,41,11649665077788828892268281
5,32,38,42,2046736475606016178834574
5,32,38,43,344395361404329652444154
5,32,38,44,55529851019289318977167
5,32,38,45,8583048292212761607340
5,32,38,46,1272075148209994624974
5,32,38,47,180791641109313685480
5,32,38,48,24637248743989658649
5,32,38,49,3218146767685732117
5,32,38,50,402663833026719525
5,32,38,51,48211944620232712
5,32,38,52,5515481609403173
5,32,38,53,601501851763575
5,32,38,54,62339329375594
5,32,38,55,6108725369341
5,32,38,56,562443455800
5,32,38,57,48101071760
5,32,38,58,3765080260
5,32,38,59,262663092
5,32,38,60,15849721
5,32,38,61,756593
5,32,38,62,27266
5,32,38,63,350
5,32,38,64,0
5,32,38,65,0
5,32,38,66,0
5,32,38,67,0
5,32,38,68,0
5,32,38,69,0
5,32,38,70,0
5,32,38,71,0
5,32,38,72,0
5,32,38,73,0
5,32,38,74,0
5,32,38,75,0
5,32,38,76,0
5,32,38,77,0
5,32,38,78,0
5,32,38,79,0
5,32,38,80,0
5,32,38,81,0
5,32,38,82,0
5,32,38,83,0
5,32,38,84,0
5,32,38,85,0
5,32,38,86,0
5,32,38,87,0
5,32,38,88,0
5,32,38,89,0
5,32,38,90,0
5,32,38,91,0
5,32,38,92,0
5,32,38,93,0
5,32,38,94,0
5,32,38,95,0
5,32,38,96,0
5,32,38,97,0
5,32,38,98,0
5,32,38,99,0
5,32,38,100,0
5,32,38,101,0
5,32,38,102,0
5,32,38,103,0
5,32,38,104,0
5,32,38,105,0
5,32,38,106,0
5,32,38,107,0
5,32,38,108,0
5,32,38,109,0
5,32,38,110,0
5,32,38,111,0
5,32,38,112,0
5,32,38,113,0
5,32,38,114,0
5,32,38,115,0
5,32,38,116,0
5,32,38,117,0
5,32,38,118,0
5,32,38,119,0
5,32,38,120,0
5,32,38,121,0
5,32,38,122,0
5,32,38,123,0
5,32,38,124,0
5,32,38,125,0
5,32,38,126,0
5,32,38,127,0
5,32,38,128,0
5,32,38,129,0
5,32,38,130,0
5,32,38,131,0
5,32,38,132,0
5,32,38,133,0
5,32,38,134,0
5,32,38,135,0
5,32,38,136,0
5,32,38,137,0
5,32,38,138,0
5,32,38,139,0
5,32,38,140,0
5,32,38,141,0
5,32,38,142,0
5,32,38,143,0
5,32,38,144,0
5,32,38,145,0
5,32,38,146,0
5,32,38,147,0
5,32,38,148,0
5,32,38,149,0
5,32,38,150,0
5,32,38,151,0
5,32,38,152,0
5,32,38,153,0
5,32,38,154,0
5,32,38,155,0
5,32,38,156,0
5,32,38,157,0
5,32,38,158,0
5,32,38,159,0
5,32,38,160,0
5,32,38,161,0
5,32,38,162,0
5,32,38,163,0
5,32,38,164,0
5,32,38,165,0
5,32,38,166,0
5,32,38,167,0
5,32,38,168,0
5,32,38,169,0
5,32,38,170,0
5,32,38,171,0
5,32,38,172,0
5,32,38,173,0
5,32,38,174,0
5,32,38,175,0
5,32,38,176,0
5,32,38,177,0
5,32,38,178,0
5,32,38,179,0
5,32,38,180,0
5,32,38,181,0
5,32,38,182,0
5,32,38,183,0
5,32,38,184,0
5,32,38,185,0
5,32,38,186,0
5,32,38,187,0
5,32,38,188,0
5,32,38,189,0
5,32,38,190,0
5,32,38,191,0
5,32,38,192,0
5,32,38,193,0
5,32,38,194,0
5,32,38,195,0
5,32,38,196,0
5,32,38,197,0
5,32,38,198,0
5,32,38,199,0
5,32,38,200,0
5,32,38,201,0
5,32,38,202,0
5,32,38,203,0
5,32,38,204,0
5,32,38,205,0
5,32,38,206,0
5,32,38,207,0
5,32,38,208,0
5,32,38,209,0
5,32,38,210,0
5,32,38,211,0
5,32,38,212,0
5,32,38,213,0
5,32,38,214,0
5,32,38,215,0
5,32,38,216,0
5,32,38,217,0
5,32,38,218,0
5,32,38,219,0
5,32,38,220,0
5,32,38,221,0
5,32,38,222,0
5,32,38,223,0
5,32,38,224,0
5,32,38,225,0
5,32,38,226,0
5,32,38,227,0
5,32,38,228,0
5,32,38,229,0
5,32,38,230,0
5,32,38,231,0
5,32,38,232,0
5,32,38,233,0
5,32,38,234,0
5,32,38,235,0
5,32,38,236,0
5,32,38,237,0
5,32,38,238,0
5,32,38,239,0
5,32,38,240,0
5,32,38,241,0
5,32,38,242,0
5,32,38,243,0
5,32,38,244,0
5,32,38,245,0
5,32,38,246,0
5,32,38,247,0
5,32,38,248,0
5,32,38,249,0
5,32,38,250,0
5,32,38,251,0
5,32,38,252,0
5,32,38,253,0
5,32,38,254,0
5,32,38,255,0
5,32,38,256,0
5,32,38,257,0
5,32,38,258,0
5,32,38,259,0
5,32,38,260,0
5,32,38,261,0
5,32,38,262,0
5,32,38,263,0
5,32,38,264,0
5,32,38,265,0
5,32,38,266,0
5,32,38,267,0
5,32,38,268,0
5,32,38,269,0
5,32,38,270,0
5,32,38,271,0
5,32,38,272,0
5,32,38,273,0
5,32,38,274,0
5,32,38,275,0
5,32,38,276,0
5,32,38,277,0
5,32,38,278,0
5,32,38,279,0
5,32,38,280,0
5,32,38,281,0
5,32,38,282,0
5,32,38,283,0
5,32,39,0,27515712062003900903979916530
5,32,39,1,664505302574852059282119123466
5,32,39,2,8130857076688917143350158128986
5,32,39,3,66610452203914335002515206267992
5,32,39,4,408095062688235134936128321622060
5,32,39,5,1982568244942614581480297754752550
5,32,39,6,7914851709152566711688311523822222
5,32,39,7,26588043024847149489604125571757962
5,32,39,8,76415268758674451200648630932545142
5,32,39,9,190201920375466804857548928862903108
5,32,39,10,413810227402450820165105111126695984
5,32,39,11,792633671957894915579362441357225410
5,32,39,12,1344467342507125619649190566125873076
5,32,39,13,2029212040565095466520383770488414994
5,32,39,14,2736532621284193259235418486110623138
5,32,39,15,3309542231400919202116455299167121656
5,32,39,16,3601658126138466739345019654179497954
5,32,39,17,3538406328236425799284703148332327696
5,32,39,18,3148163683871266581676753444206923190
5,32,39,19,2544617688848633235907367512752878354
5,32,39,20,1874510997841834383605086835552664946
5,32,39,21,1262575561993827345642729282133822352
5,32,39,22,780101179263565039867990161463950402
5,32,39,23,443604738165503053707673992685111942
5,32,39,24,232923987429575039408198441123556502
5,32,39,25,113293210014043672445213501580861608
5,32,39,26,51206580739685709703013667682393260
5,32,39,27,21571879415631658860157861124181816
5,32,39,28,8494435578610557937740126723602826
5,32,39,29,3134996882173132601045892377089876
5,32,39,30,1087151755901279976922116680236264
5,32,39,31,355065828994275519387471433327634
5,32,39,32,109453500408876210306422749293524
5,32,39,33,31908953373399623942284041406196
5,32,39,34,8813430994337410493588346809730
5,32,39,35,2310182738629820586382418429538
5,32,39,36,575536311664039110054897329724
5,32,39,37,136465290671766125203533607740
5,32,39,38,30834666686081392806271165382
5,32,39,39,6646897793287020205251211866
5,32,39,40,1368392095060369673990873816
5,32,39,41,269289592786008215669344422
5,32,39,42,50700199912880895327347094
5,32,39,43,9139087745671273640107808
5,32,39,44,1578260070447033894170060
5,32,39,45,261259195188187354967468
5,32,39,46,41473276427258116675666
5,32,39,47,6315407360593696251920
5,32,39,48,922659542042543229698
5,32,39,49,129326546238477754974
5,32,39,50,17388153172444551738
5,32,39,51,2241530676888677724
5,32,39,52,276844061173799022
5,32,39,53,32720305605641214
5,32,39,54,3694577527626522
5,32,39,55,397536231191294
5,32,39,56,40620372675936
5,32,39,57,3920868519790
5,32,39,58,354780240226
5,32,39,59,29731425742
5,32,39,60,2272003758
5,32,39,61,153370830
5,32,39,62,8859172
5,32,39,63,398390
5,32,39,64,13018
5,32,39,65,100
5,32,39,66,0
5,32,39,67,0
5,32,39,68,0
5,32,39,69,0
5,32,39,70,0
5,32,39,71,0
5,32,39,72,0
5,32,39,73,0
5,32,39,74,0
5,32,39,75,0
5,32,39,76,0
5,32,39,77,0
5,32,39,78,0
5,32,39,79,0
5,32,39,80,0
5,32,39,81,0
5,32,39,82,0
5,32,39,83,0
5,32,39,84,0
5,32,39,85,0
5,32,39,86,0
5,32,39,87,0
5,32,39,88,0
5,32,39,89,0
5,32,39,90,0
5,32,39,91,0
5,32,39,92,0
5,32,39,93,0
5,32,39,94,0
5,32,39,95,0
5,32,39,96,0
5,32,39,97,0
5,32,39,98,0
5,32,39,99,0
5,32,39,100,0
5,32,39,101,0
5,32,39,102,0
5,32,39,103,0
5,32,39,104,0
5,32,39,105,0
5,32,39,106,0
5,32,39,107,0
5,32,39,108,0
5,32,39,109,0
5,32,39,110,0
5,32,39,111,0
5,32,39,112,0
5,32,39,113,0
5,32,39,114,0
5,32,39,115,0
5,32,39,116,0
5,32,39,117,0
5,32,39,118,0
5,32,39,119,0
5,32,39,120,0
5,32,39,121,0
5,32,39,122,0
5,32,39,123,0
5,32,39,124,0
5,32,39,125,0
5,32,39,126,0
5,32,39,127,0
5,32,39,128,0
5,32,39,129,0
5,32,39,130,0
5,32,39,131,0
5,32,39,132,0
5,32,39,133,0
5,32,39,134,0
5,32,39,135,0
5,32,39,136,0
5,32,39,137,0
5,32,39,138,0
5,32,39,139,0
5,32,39,140,0
5,32,39,141,0
5,32,39,142,0
5,32,39,143,0
5,32,39,144,0
5,32,39,145,0
5,32,39,146,0
5,32,39,147,0
5,32,39,148,0
5,32,39,149,0
5,32,39,150,0
5,32,39,151,0
5,32,39,152,0
5,32,39,153,0
5,32,39,154,0
5,32,39,155,0
5,32,39,156,0
5,32,39,157,0
5,32,39,158,0
5,32,39,159,0
5,32,39,160,0
5,32,39,161,0
5,32,39,162,0
5,32,39,163,0
5,32,39,164,0
5,32,39,165,0
5,32,39,166,0
5,32,39,167,0
5,32,39,168,0
5,32,39,169,0
5,32,39,170,0
5,32,39,171,0
5,32,39,172,0
5,32,39,173,0
5,32,39,174,0
5,32,39,175,0
5,32,39,176,0
5,32,39,177,0
5,32,39,178,0
5,32,39,179,0
5,32,39,180,0
5,32,39,181,0
5,32,39,182,0
5,32,39,183,0
5,32,39,184,0
5,32,39,185,0
5,32,39,186,0
5,32,39,187,0
5,32,39,188,0
5,32,39,189,0
5,32,39,190,0
5,32,39,191,0
5,32,39,192,0
5,32,39,193,0
5,32,39,194,0
5,32,39,195,0
5,32,39,196,0
5,32,39,197,0
5,32,39,198,0
5,32,39,199,0
5,32,39,200,0
5,32,39,201,0
5,32,39,202,0
5,32,39,203,0
5,32,39,204,0
5,32,39,205,0
5,32,39,206,0
5,32,39,207,0
5,32,39,208,0
5,32,39,209,0
5,32,39,210,0
5,32,39,211,0
5,32,39,212,0
5,32,39,213,0
5,32,39,214,0
5,32,39,215,0
5,32,39,216,0
5,32,39,217,0
5,32,39,218,0
5,32,39,219,0
5,32,39,220,0
5,32,39,221,0
5,32,39,222,0
5,32,39,223,0
5,32,39,224,0
5,32,39,225,0
5,32,39,226,0
5,32,39,227,0
5,32,39,228,0
5,32,39,229,0
5,32,39,230,0
5,32,39,231,0
5,32,39,232,0
5,32,39,233,0
5,32,39,234,0
5,32,39,235,0
5,32,39,236,0
5,32,39,237,0
5,32,39,238,0
5,32,39,239,0
5,32,39,240,0
5,32,39,241,0
5,32,39,242,0
5,32,39,243,0
5,32,39,244,0
5,32,39,245,0
5,32,39,246,0
5,32,39,247,0
5,32,39,248,0
5,32,39,249,0
5,32,39,250,0
5,32,39,251,0
5,32,39,252,0
5,32,39,253,0
5,32,39,254,0
5,32,39,255,0
5,32,39,256,0
5,32,39,257,0
5,32,39,258,0
5,32,39,259,0
5,32,39,260,0
5,32,39,261,0
5,32,39,262,0
5,32,39,263,0
5,32,39,264,0
5,32,39,265,0
5,32,39,266,0
5,32,39,267,0
5,32,39,268,0
5,32,39,269,0
5,32,39,270,0
5,32,39,271,0
5,32,39,272,0
5,32,39,273,0
5,32,39,274,0
5,32,39,275,0
5,32,39,276,0
5,32,39,277,0
5,32,39,278,0
5,32,39,279,0
5,32,39,280,0
5,32,39,281,0
5,32,39,282,0
5,32,39,283,0
5,32,40,0,24709573456909256989488270504
5,32,40,1,629517472249519978317400912999
5,32,40,2,8147354609380907400060516265575
5,32,40,3,70773493925351372249728753536596
5,32,40,4,460867998595451008909802792400804
5,32,40,5,2385321773626465900110342288305015
5,32,40,6,10168749266160124664234571115817660
5,32,40,7,36560178459722711753089297774312924
5,32,40,8,112714367116494753600093746907273593
5,32,40,9,301617840579045313904907882633177696
5,32,40,10,707021123281348159655546150313788963
5,32,40,11,1462214604066695819690517618815379809
5,32,40,12,2683347661140193951817041823353174708
5,32,40,13,4390087077390312804460797570117094566
5,32,40,14,6428846614733464758631249434094490491
5,32,40,15,8456238583652254186342720935539336928
5,32,40,16,10022747820951312283685337806999424502
5,32,40,17,10736426793349558272574212273677168336
5,32,40,18,10424448671998140986498332490170948759
5,32,40,19,9200537175569946587991044915537948618
5,32,40,20,7402797592896461109864425282820919774
5,32,40,21,5445994110851835615413330801192056513
5,32,40,22,3674140295128108486091356777905067543
5,32,40,23,2280071923158388327420986760570116993
5,32,40,24,1305512910096247531769296011133859324
5,32,40,25,691790521079768461810501685505705757
5,32,40,26,340275377605074387744344879102513653
5,32,40,27,155817658315870007289916207267050876
5,32,40,28,66612211120152548420007155870355318
5,32,40,29,26656635243882602589275025363704370
5,32,40,30,10010809296282591386118124845301563
5,32,40,31,3536499036298478787844103739475528
5,32,40,32,1177807884065688606446124287007678
5,32,40,33,370557894655508691291484230454974
5,32,40,34,110339878286276923064939861345619
5,32,40,35,31149494252899988414901102885615
5,32,40,36,8350181990910433366220547114518
5,32,40,37,2128595972168183597246688559945
5,32,40,38,516671900879909196419929615256
5,32,40,39,119559221458523660515959112135
5,32,40,40,26404290442828043524397070951
5,32,40,41,5570872111869174449074256088
5,32,40,42,1123888517489214682671481674
5,32,40,43,216985320539262092892259351
5,32,40,44,40120146447972983892674979
5,32,40,45,7108851470853947549070291
5,32,40,46,1207761183756936101987150
5,32,40,47,196836034224243988080954
5,32,40,48,30783646368285958141804
5,32,40,49,4620873400426235872995
5,32,40,50,665812341452847539611
5,32,40,51,92080050383728881938
5,32,40,52,12219094014089133458
5,32,40,53,1555017297338202005
5,32,40,54,189617748190980387
5,32,40,55,22126166193978926
5,32,40,56,2466009672291724
5,32,40,57,261809837924129
5,32,40,58,26373724747644
5,32,40,59,2506130729128
5,32,40,60,222813273933
5,32,40,61,18288419987
5,32,40,62,1360358750
5,32,40,63,88807516
5,32,40,64,4900504
5,32,40,65,207094
5,32,40,66,5806
5,32,40,67,25
5,32,40,68,0
5,32,40,69,0
5,32,40,70,0
5,32,40,71,0
5,32,40,72,0
5,32,40,73,0
5,32,40,74,0
5,32,40,75,0
5,32,40,76,0
5,32,40,77,0
5,32,40,78,0
5,32,40,79,0
5,32,40,80,0
5,32,40,81,0
5,32,40,82,0
5,32,40,83,0
5,32,40,84,0
5,32,40,85,0
5,32,40,86,0
5,32,40,87,0
5,32,40,88,0
5,32,40,89,0
5,32,40,90,0
5,32,40,91,0
5,32,40,92,0
5,32,40,93,0
5,32,40,94,0
5,32,40,95,0
5,32,40,96,0
5,32,40,97,0
5,32,40,98,0
5,32,40,99,0
5,32,40,100,0
5,32,40,101,0
5,32,40,102,0
5,32,40,103,0
5,32,40,104,0
5,32,40,105,0
5,32,40,106,0
5,32,40,107,0
5,32,40,108,0
5,32,40,109,0
5,32,40,110,0
5,32,40,111,0
5,32,40,112,0
5,32,40,113,0
5,32,40,114,0
5,32,40,115,0
5,32,40,116,0
5,32,40,117,0
5,32,40,118,0
5,32,40,119,0
5,32,40,120,0
5,32,40,121,0
5,32,40,122,0
5,32,40,123,0
5,32,40,124,0
5,32,40,125,0
5,32,40,126,0
5,32,40,127,0
5,32,40,128,0
5,32,40,129,0
5,32,40,130,0
5,32,40,131,0
5,32,40,132,0
5,32,40,133,0
5,32,40,134,0
5,32,40,135,0
5,32,40,136,0
5,32,40,137,0
5,32,40,138,0
5,32,40,139,0
5,32,40,140,0
5,32,40,141,0
5,32,40,142,0
5,32,40,143,0
5,32,40,144,0
5,32,40,145,0
5,32,40,146,0
5,32,40,147,0
5,32,40,148,0
5,32,40,149,0
5,32,40,150,0
5,32,40,151,0
5,32,40,152,0
5,32,40,153,0
5,32,40,154,0
5,32,40,155,0
5,32,40,156,0
5,32,40,157,0
5,32,40,158,0
5,32,40,159,0
5,32,40,160,0
5,32,40,161,0
5,32,40,162,0
5,32,40,163,0
5,32,40,164,0
5,32,40,165,0
5,32,40,166,0
5,32,40,167,0
5,32,40,168,0
5,32,40,169,0
5,32,40,170,0
5,32,40,171,0
5,32,40,172,0
5,32,40,173,0
5,32,40,174,0
5,32,40,175,0
5,32,40,176,0
5,32,40,177,0
5,32,40,178,0
5,32,40,179,0
5,32,40,180,0
5,32,40,181,0
5,32,40,182,0
5,32,40,183,0
5,32,40,184,0
5,32,40,185,0
5,32,40,186,0
5,32,40,187,0
5,32,40,188,0
5,32,40,189,0
5,32,40,190,0
5,32,40,191,0
5,32,40,192,0
5,32,40,193,0
5,32,40,194,0
5,32,40,195,0
5,32,40,196,0
5,32,40,197,0
5,32,40,198,0
5,32,40,199,0
5,32,40,200,0
5,32,40,201,0
5,32,40,202,0
5,32,40,203,0
5,32,40,204,0
5,32,40,205,0
5,32,40,206,0
5,32,40,207,0
5,32,40,208,0
5,32,40,209,0
5,32,40,210,0
5,32,40,211,0
5,32,40,212,0
5,32,40,213,0
5,32,40,214,0
5,32,40,215,0
5,32,40,216,0
5,32,40,217,0
5,32,40,218,0
5,32,40,219,0
5,32,40,220,0
5,32,40,221,0
5,32,40,222,0
5,32,40,223,0
5,32,40,224,0
5,32,40,225,0
5,32,40,226,0
5,32,40,227,0
5,32,40,228,0
5,32,40,229,0
5,32,40,230,0
5,32,40,231,0
5,32,40,232,0
5,32,40,233,0
5,32,40,234,0
5,32,40,235,0
5,32,40,236,0
5,32,40,237,0
5,32,40,238,0
5,32,40,239,0
5,32,40,240,0
5,32,40,241,0
5,32,40,242,0
5,32,40,243,0
5,32,40,244,0
5,32,40,245,0
5,32,40,246,0
5,32,40,247,0
5,32,40,248,0
5,32,40,249,0
5,32,40,250,0
5,32,40,251,0
5,32,40,252,0
5,32,40,253,0
5,32,40,254,0
5,32,40,255,0
5,32,40,256,0
5,32,40,257,0
5,32,40,258,0
5,32,40,259,0
5,32,40,260,0
5,32,40,261,0
5,32,40,262,0
5,32,40,263,0
5,32,40,264,0
5,32,40,265,0
5,32,40,266,0
5,32,40,267,0
5,32,40,268,0
5,32,40,269,0
5,32,40,270,0
5,32,40,271,0
5,32,40,272,0
5,32,40,273,0
5,32,40,274,0
5,32,40,275,0
5,32,40,276,0
5,32,40,277,0
5,32,40,278,0
5,32,40,279,0
5,32,40,280,0
5,32,40,281,0
5,32,40,282,0
5,32,40,283,0
5,32,41,0,20635282245978188198668371364
5,32,41,1,553333493307365312093872105770
5,32,41,2,7558237998811548661627695873916
5,32,41,3,69470613053089582500373350691764
5,32,41,4,479827086454425526385671094398924
5,32,41,5,2640299233820179043745550628270778
5,32,41,6,11994212339090901905561611366441364
5,32,41,7,46057007727799176161720265623811806
5,32,41,8,151992425361405155113504538950676860
5,32,41,9,436327538816196500761015240575447802
5,32,41,10,1099614690450260258193650871002198620
5,32,41,11,2450120300471619829996759826045171810
5,32,41,12,4854057538713394158073371514369563908
5,32,41,13,8590023091823531350321088031889484446
5,32,41,14,13631244538035562854919439434954560634
5,32,41,15,19461790851288884807784523602208100674
5,32,41,16,25074836225731506712930434133856139010
5,32,41,17,29235281431453143662379451630060217932
5,32,41,18,30927411348674016437521845226878645690
5,32,41,19,29763243743732458897462213606776229662
5,32,41,20,26124853156110805082804305412766471212
5,32,41,21,20970982342825365136441029663822235228
5,32,41,22,15436694109011124269561432879152600264
5,32,41,23,10448760190413828982369874160196726216
5,32,41,24,6521898469176626241533144045890046400
5,32,41,25,3764572815475487268037438153257303896
5,32,41,26,2015210921008588497927060183525742124
5,32,41,27,1003234898282125655381272168739688266
5,32,41,28,465742933956177434800915348949950990
5,32,41,29,202159291865210453178012179571692362
5,32,41,30,82249923962057434489383754447776904
5,32,41,31,31441507064500980992727853634055178
5,32,41,32,11317889668141477120878040817918394
5,32,41,33,3844362305019264989094637274270146
5,32,41,34,1234572355803503288927558641851334
5,32,41,35,375503842382427724459588739966814
5,32,41,36,108349843601545579744069223575452
5,32,41,37,29703693965293546425849209722520
5,32,41,38,7747450195477279784064350247802
5,32,41,39,1924956677193088081779066829976
5,32,41,40,456140274637280346754223426108
5,32,41,41,103192961331662559399064675974
5,32,41,42,22309787245817030508711968440
5,32,41,43,4613357070977312014158079328
5,32,41,44,913192620072959283405163476
5,32,41,45,173158744938042584253581148
5,32,41,46,31473260081412689392520886
5,32,41,47,5486523483303774570418086
5,32,41,48,917732300453753000531990
5,32,41,49,147353896522324840721156
5,32,41,50,22717011970716997386798
5,32,41,51,3363169732885500998388
5,32,41,52,478141134907510523076
5,32,41,53,65268001532777521850
5,32,41,54,8551009735166256398
5,32,41,55,1074558787306589374
5,32,41,56,129392395665212728
5,32,41,57,14908471363052256
5,32,41,58,1640244566893616
5,32,41,59,171805233119956
5,32,41,60,17058623966650
5,32,41,61,1595688367356
5,32,41,62,139275603756
5,32,41,63,11180973282
5,32,41,64,809009770
5,32,41,65,51046660
5,32,41,66,2665182
5,32,41,67,105580
5,32,41,68,2520
5,32,41,69,0
5,32,41,70,0
5,32,41,71,0
5,32,41,72,0
5,32,41,73,0
5,32,41,74,0
5,32,41,75,0
5,32,41,76,0
5,32,41,77,0
5,32,41,78,0
5,32,41,79,0
5,32,41,80,0
5,32,41,81,0
5,32,41,82,0
5,32,41,83,0
5,32,41,84,0
5,32,41,85,0
5,32,41,86,0
5,32,41,87,0
5,32,41,88,0
5,32,41,89,0
5,32,41,90,0
5,32,41,91,0
5,32,41,92,0
5,32,41,93,0
5,32,41,94,0
5,32,41,95,0
5,32,41,96,0
5,32,41,97,0
5,32,41,98,0
5,32,41,99,0
5,32,41,100,0
5,32,41,101,0
5,32,41,102,0
5,32,41,103,0
5,32,41,104,0
5,32,41,105,0
5,32,41,106,0
5,32,41,107,0
5,32,41,108,0
5,32,41,109,0
5,32,41,110,0
5,32,41,111,0
5,32,41,112,0
5,32,41,113,0
5,32,41,114,0
5,32,41,115,0
5,32,41,116,0
5,32,41,117,0
5,32,41,118,0
5,32,41,119,0
5,32,41,120,0
5,32,41,121,0
5,32,41,122,0
5,32,41,123,0
5,32,41,124,0
5,32,41,125,0
5,32,41,126,0
5,32,41,127,0
5,32,41,128,0
5,32,41,129,0
5,32,41,130,0
5,32,41,131,0
5,32,41,132,0
5,32,41,133,0
5,32,41,134,0
5,32,41,135,0
5,32,41,136,0
5,32,41,137,0
5,32,41,138,0
5,32,41,139,0
5,32,41,140,0
5,32,41,141,0
5,32,41,142,0
5,32,41,143,0
5,32,41,144,0
5,32,41,145,0
5,32,41,146,0
5,32,41,147,0
5,32,41,148,0
5,32,41,149,0
5,32,41,150,0
5,32,41,151,0
5,32,41,152,0
5,32,41,153,0
5,32,41,154,0
5,32,41,155,0
5,32,41,156,0
5,32,41,157,0
5,32,41,158,0
5,32,41,159,0
5,32,41,160,0
5,32,41,161,0
5,32,41,162,0
5,32,41,163,0
5,32,41,164,0
5,32,41,165,0
5,32,41,166,0
5,32,41,167,0
5,32,41,168,0
5,32,41,169,0
5,32,41,170,0
5,32,41,171,0
5,32,41,172,0
5,32,41,173,0
5,32,41,174,0
5,32,41,175,0
5,32,41,176,0
5,32,41,177,0
5,32,41,178,0
5,32,41,179,0
5,32,41,180,0
5,32,41,181,0
5,32,41,182,0
5,32,41,183,0
5,32,41,184,0
5,32,41,185,0
5,32,41,186,0
5,32,41,187,0
5,32,41,188,0
5,32,41,189,0
5,32,41,190,0
5,32,41,191,0
5,32,41,192,0
5,32,41,193,0
5,32,41,194,0
5,32,41,195,0
5,32,41,196,0
5,32,41,197,0
5,32,41,198,0
5,32,41,199,0
5,32,41,200,0
5,32,41,201,0
5,32,41,202,0
5,32,41,203,0
5,32,41,204,0
5,32,41,205,0
5,32,41,206,0
5,32,41,207,0
5,32,41,208,0
5,32,41,209,0
5,32,41,210,0
5,32,41,211,0
5,32,41,212,0
5,32,41,213,0
5,32,41,214,0
5,32,41,215,0
5,32,41,216,0
5,32,41,217,0
5,32,41,218,0
5,32,41,219,0
5,32,41,220,0
5,32,41,221,0
5,32,41,222,0
5,32,41,223,0
5,32,41,224,0
5,32,41,225,0
5,32,41,226,0
5,32,41,227,0
5,32,41,228,0
5,32,41,229,0
5,32,41,230,0
5,32,41,231,0
5,32,41,232,0
5,32,41,233,0
5,32,41,234,0
5,32,41,235,0
5,32,41,236,0
5,32,41,237,0
5,32,41,238,0
5,32,41,239,0
5,32,41,240,0
5,32,41,241,0
5,32,41,242,0
5,32,41,243,0
5,32,41,244,0
5,32,41,245,0
5,32,41,246,0
5,32,41,247,0
5,32,41,248,0
5,32,41,249,0
5,32,41,250,0
5,32,41,251,0
5,32,41,252,0
5,32,41,253,0
5,32,41,254,0
5,32,41,255,0
5,32,41,256,0
5,32,41,257,0
5,32,41,258,0
5,32,41,259,0
5,32,41,260,0
5,32,41,261,0
5,32,41,262,0
5,32,41,263,0
5,32,41,264,0
5,32,41,265,0
5,32,41,266,0
5,32,41,267,0
5,32,41,268,0
5,32,41,269,0
5,32,41,270,0
5,32,41,271,0
5,32,41,272,0
5,32,41,273,0
5,32,41,274,0
5,32,41,275,0
5,32,41,276,0
5,32,41,277,0
5,32,41,278,0
5,32,41,279,0
5,32,41,280,0
5,32,41,281,0
5,32,41,282,0
5,32,41,283,0
5,32,42,0,16031501434513211503569751883
5,32,42,1,451421352539462926432338540967
5,32,42,2,6493668215202913846621342396390
5,32,42,3,63019861620321097860600857578966
5,32,42,4,460718979697704599320461171644108
5,32,42,5,2689723948994604565922006509418498
5,32,42,6,12993649312267806456062833260300507
5,32,42,7,53179286176440014621104353028603245
5,32,42,8,187466202425467927001709872340969471
5,32,42,9,576128801462952307619151148253023763
5,32,42,10,1557714488976178638928562863777994131
5,32,42,11,3731539703932047574888184333630669771
5,32,42,12,7964236718905994898880129988460976500
5,32,42,13,15213235915222412489877050563695967636
5,32,42,14,26106867382904138553591724030353310704
5,32,42,15,40377697386483246722434307289273480795
5,32,42,16,56443722228876065415813064353188457741
5,32,42,17,71499458767865765797497986812100874582
5,32,42,18,82274372060388625906668015107376256278
5,32,42,19,86205080214311490958668355718524288841
5,32,42,20,82439407956436723951317126236242496394
5,32,42,21,72129197061458981411666007571446452150
5,32,42,22,57879661433327607612599469323130126532
5,32,42,23,42704344330255834770349859708472674781
5,32,42,24,29044807643558552903285721139159501427
5,32,42,25,18258072940393394915199492885944944182
5,32,42,26,10636082175364972874584925932106186803
5,32,42,27,5757021589805869315725937116437684544
5,32,42,28,2902943616203601187928277547978287981
5,32,42,29,1367139071771154523121785416935106474
5,32,42,30,602825372686731500691061940273156541
5,32,42,31,249459466537850508042404850000751016
5,32,42,32,97097875929106691201175698549958238
5,32,42,33,35623340450536928038334162518852159
5,32,42,34,12343222817650217689827365320193200
5,32,42,35,4046549487472093738388135494857372
5,32,42,36,1257295666755711799483215264125689
5,32,42,37,370819849729992855314079525814261
5,32,42,38,103964262150396897631011847616666
5,32,42,39,27744228271159545883730834422538
5,32,42,40,7055921243799390409033563672400
5,32,42,41,1712021216947417454024949474986
5,32,42,42,396717182735371386067454150074
5,32,42,43,87876904140098575381862284996
5,32,42,44,18623511009162108212113375218
5,32,42,45,3779029096219587751155793286
5,32,42,46,734747591467310269763986138
5,32,42,47,136965612024618071512957757
5,32,42,48,24493145769939397853897046
5,32,42,49,4203855137740289631028281
5,32,42,50,692779430478955290217038
5,32,42,51,109652766242566851510751
5,32,42,52,16672807169596978201683
5,32,42,53,2435544184966079448323
5,32,42,54,341783914526488473949
5,32,42,55,46064874675938073002
5,32,42,56,5960048864809164786
5,32,42,57,739725978766647557
5,32,42,58,87974834463497638
5,32,42,59,10009824509945351
5,32,42,60,1087119563039871
5,32,42,61,112339051654702
5,32,42,62,10993041380787
5,32,42,63,1011548155134
5,32,42,64,86623568680
5,32,42,65,6799602647
5,32,42,66,477402968
5,32,42,67,28981900
5,32,42,68,1437600
5,32,42,69,52766
5,32,42,70,960
5,32,42,71,0
5,32,42,72,0
5,32,42,73,0
5,32,42,74,0
5,32,42,75,0
5,32,42,76,0
5,32,42,77,0
5,32,42,78,0
5,32,42,79,0
5,32,42,80,0
5,32,42,81,0
5,32,42,82,0
5,32,42,83,0
5,32,42,84,0
5,32,42,85,0
5,32,42,86,0
5,32,42,87,0
5,32,42,88,0
5,32,42,89,0
5,32,42,90,0
5,32,42,91,0
5,32,42,92,0
5,32,42,93,0
5,32,42,94,0
5,32,42,95,0
5,32,42,96,0
5,32,42,97,0
5,32,42,98,0
5,32,42,99,0
5,32,42,100,0
5,32,42,101,0
5,32,42,102,0
5,32,42,103,0
5,32,42,104,0
5,32,42,105,0
5,32,42,106,0
5,32,42,107,0
5,32,42,108,0
5,32,42,109,0
5,32,42,110,0
5,32,42,111,0
5,32,42,112,0
5,32,42,113,0
5,32,42,114,0
5,32,42,115,0
5,32,42,116,0
5,32,42,117,0
5,32,42,118,0
5,32,42,119,0
5,32,42,120,0
5,32,42,121,0
5,32,42,122,0
5,32,42,123,0
5,32,42,124,0
5,32,42,125,0
5,32,42,126,0
5,32,42,127,0
5,32,42,128,0
5,32,42,129,0
5,32,42,130,0
5,32,42,131,0
5,32,42,132,0
5,32,42,133,0
5,32,42,134,0
5,32,42,135,0
5,32,42,136,0
5,32,42,137,0
5,32,42,138,0
5,32,42,139,0
5,32,42,140,0
5,32,42,141,0
5,32,42,142,0
5,32,42,143,0
5,32,42,144,0
5,32,42,145,0
5,32,42,146,0
5,32,42,147,0
5,32,42,148,0
5,32,42,149,0
5,32,42,150,0
5,32,42,151,0
5,32,42,152,0
5,32,42,153,0
5,32,42,154,0
5,32,42,155,0
5,32,42,156,0
5,32,42,157,0
5,32,42,158,0
5,32,42,159,0
5,32,42,160,0
5,32,42,161,0
5,32,42,162,0
5,32,42,163,0
5,32,42,164,0
5,32,42,165,0
5,32,42,166,0
5,32,42,167,0
5,32,42,168,0
5,32,42,169,0
5,32,42,170,0
5,32,42,171,0
5,32,42,172,0
5,32,42,173,0
5,32,42,174,0
5,32,42,175,0
5,32,42,176,0
5,32,42,177,0
5,32,42,178,0
5,32,42,179,0
5,32,42,180,0
5,32,42,181,0
5,32,42,182,0
5,32,42,183,0
5,32,42,184,0
5,32,42,185,0
5,32,42,186,0
5,32,42,187,0
5,32,42,188,0
5,32,42,189,0
5,32,42,190,0
5,32,42,191,0
5,32,42,192,0
5,32,42,193,0
5,32,42,194,0
5,32,42,195,0
5,32,42,196,0
5,32,42,197,0
5,32,42,198,0
5,32,42,199,0
5,32,42,200,0
5,32,42,201,0
5,32,42,202,0
5,32,42,203,0
5,32,42,204,0
5,32,42,205,0
5,32,42,206,0
5,32,42,207,0
5,32,42,208,0
5,32,42,209,0
5,32,42,210,0
5,32,42,211,0
5,32,42,212,0
5,32,42,213,0
5,32,42,214,0
5,32,42,215,0
5,32,42,216,0
5,32,42,217,0
5,32,42,218,0
5,32,42,219,0
5,32,42,220,0
5,32,42,221,0
5,32,42,222,0
5,32,42,223,0
5,32,42,224,0
5,32,42,225,0
5,32,42,226,0
5,32,42,227,0
5,32,42,228,0
5,32,42,229,0
5,32,42,230,0
5,32,42,231,0
5,32,42,232,0
5,32,42,233,0
5,32,42,234,0
5,32,42,235,0
5,32,42,236,0
5,32,42,237,0
5,32,42,238,0
5,32,42,239,0
5,32,42,240,0
5,32,42,241,0
5,32,42,242,0
5,32,42,243,0
5,32,42,244,0
5,32,42,245,0
5,32,42,246,0
5,32,42,247,0
5,32,42,248,0
5,32,42,249,0
5,32,42,250,0
5,32,42,251,0
5,32,42,252,0
5,32,42,253,0
5,32,42,254,0
5,32,42,255,0
5,32,42,256,0
5,32,42,257,0
5,32,42,258,0
5,32,42,259,0
5,32,42,260,0
5,32,42,261,0
5,32,42,262,0
5,32,42,263,0
5,32,42,264,0
5,32,42,265,0
5,32,42,266,0
5,32,42,267,0
5,32,42,268,0
5,32,42,269,0
5,32,42,270,0
5,32,42,271,0
5,32,42,272,0
5,32,42,273,0
5,32,42,274,0
5,32,42,275,0
5,32,42,276,0
5,32,42,277,0
5,32,42,278,0
5,32,42,279,0
5,32,42,280,0
5,32,42,281,0
5,32,42,282,0
5,32,42,283,0
5,32,43,0,11591082789377249236246141382
5,32,43,1,341935018602870302173882822330
5,32,43,2,5168527582301835592372311342748
5,32,43,3,52849219966263057841290001012142
5,32,43,4,408105084344672224365233433931318
5,32,43,5,2522660740541026353171308429002780
5,32,43,6,12933157613256749350360817720031038
5,32,43,7,56301691520405223452470292195938326
5,32,43,8,211578725385894109821837854654412756
5,32,43,9,694682875621740988548926864591645648
5,32,43,10,2010960824056979608856079112495682216
5,32,43,11,5168487412716651533611768493345445840
5,32,43,12,11859479072974812075937047643641953000
5,32,43,13,24403078096084706343527339260558909832
5,32,43,14,45195573067112634769794500024138131810
5,32,43,15,75573420455870755571544140286427012744
5,32,43,16,114403466031740634992578386159908562966
5,32,43,17,157167359483601733648430123046636050554
5,32,43,18,196390251271647709138617817776023923690
5,32,43,19,223693409165316393435072350158820884052
5,32,43,20,232750378092746483592946406040095495974
5,32,43,21,221700541042470491791678946851962397666
5,32,43,22,193748349957504508447221975727733798122
5,32,43,23,155699814518300845862803360161435891266
5,32,43,24,115327071445900626915645579725745596802
5,32,43,25,78924073503885940036720331459463437974
5,32,43,26,50024859819067118040398818001120305236
5,32,43,27,29439819904016938501817568908214742904
5,32,43,28,16126211983553735982733307034409720424
5,32,43,29,8242160027874773863465855613840840816
5,32,43,30,3940049370955537855589648744910942020
5,32,43,31,1765718285591229468351679266578036666
5,32,43,32,743473840158218546628386878079999542
5,32,43,33,294748533098011729693684564021806434
5,32,43,34,110241177431494609321067111035457520
5,32,43,35,38971919231001735999675114207145256
5,32,43,36,13044556711638895683104572371364362
5,32,43,37,4140714424915477316033430422493694
5,32,43,38,1248347100844972939006328075449868
5,32,43,39,357935485304373978830783222908468
5,32,43,40,97730770271944239239033267017510
5,32,43,41,25440108202121024469453616225648
5,32,43,42,6320203223873639281605972258392
5,32,43,43,1500008558888382914039122280966
5,32,43,44,340407309843841994166474160302
5,32,43,45,73927574464408639441063844842
5,32,43,46,15376110403703120717667623280
5,32,43,47,3064927335647723528416719598
5,32,43,48,585868804073894384858777428
5,32,43,49,107456109944032819916180306
5,32,43,50,18920227997680547722576734
5,32,43,51,3199394001889853376228952
5,32,43,52,519757925630495257282244
5,32,43,53,81139485254292795304578
5,32,43,54,12173640069663753115904
5,32,43,55,1755379383460182829080
5,32,43,56,243234088498428168564
5,32,43,57,32377415111355254578
5,32,43,58,4137975880211857084
5,32,43,59,507343082788748590
5,32,43,60,59600698295505818
5,32,43,61,6697080838299346
5,32,43,62,718022545370882
5,32,43,63,73189178845864
5,32,43,64,7056004715650
5,32,43,65,638547274256
5,32,43,66,53615292924
5,32,43,67,4105428330
5,32,43,68,279629718
5,32,43,69,16321814
5,32,43,70,758364
5,32,43,71,25932
5,32,43,72,336
5,32,43,73,0
5,32,43,74,0
5,32,43,75,0
5,32,43,76,0
5,32,43,77,0
5,32,43,78,0
5,32,43,79,0
5,32,43,80,0
5,32,43,81,0
5,32,43,82,0
5,32,43,83,0
5,32,43,84,0
5,32,43,85,0
5,32,43,86,0
5,32,43,87,0
5,32,43,88,0
5,32,43,89,0
5,32,43,90,0
5,32,43,91,0
5,32,43,92,0
5,32,43,93,0
5,32,43,94,0
5,32,43,95,0
5,32,43,96,0
5,32,43,97,0
5,32,43,98,0
5,32,43,99,0
5,32,43,100,0
5,32,43,101,0
5,32,43,102,0
5,32,43,103,0
5,32,43,104,0
5,32,43,105,0
5,32,43,106,0
5,32,43,107,0
5,32,43,108,0
5,32,43,109,0
5,32,43,110,0
5,32,43,111,0
5,32,43,112,0
5,32,43,113,0
5,32,43,114,0
5,32,43,115,0
5,32,43,116,0
5,32,43,117,0
5,32,43,118,0
5,32,43,119,0
5,32,43,120,0
5,32,43,121,0
5,32,43,122,0
5,32,43,123,0
5,32,43,124,0
5,32,43,125,0
5,32,43,126,0
5,32,43,127,0
5,32,43,128,0
5,32,43,129,0
5,32,43,130,0
5,32,43,131,0
5,32,43,132,0
5,32,43,133,0
5,32,43,134,0
5,32,43,135,0
5,32,43,136,0
5,32,43,137,0
5,32,43,138,0
5,32,43,139,0
5,32,43,140,0
5,32,43,141,0
5,32,43,142,0
5,32,43,143,0
5,32,43,144,0
5,32,43,145,0
5,32,43,146,0
5,32,43,147,0
5,32,43,148,0
5,32,43,149,0
5,32,43,150,0
5,32,43,151,0
5,32,43,152,0
5,32,43,153,0
5,32,43,154,0
5,32,43,155,0
5,32,43,156,0
5,32,43,157,0
5,32,43,158,0
5,32,43,159,0
5,32,43,160,0
5,32,43,161,0
5,32,43,162,0
5,32,43,163,0
5,32,43,164,0
5,32,43,165,0
5,32,43,166,0
5,32,43,167,0
5,32,43,168,0
5,32,43,169,0
5,32,43,170,0
5,32,43,171,0
5,32,43,172,0
5,32,43,173,0
5,32,43,174,0
5,32,43,175,0
5,32,43,176,0
5,32,43,177,0
5,32,43,178,0
5,32,43,179,0
5,32,43,180,0
5,32,43,181,0
5,32,43,182,0
5,32,43,183,0
5,32,43,184,0
5,32,43,185,0
5,32,43,186,0
5,32,43,187,0
5,32,43,188,0
5,32,43,189,0
5,32,43,190,0
5,32,43,191,0
5,32,43,192,0
5,32,43,193,0
5,32,43,194,0
5,32,43,195,0
5,32,43,196,0
5,32,43,197,0
5,32,43,198,0
5,32,43,199,0
5,32,43,200,0
5,32,43,201,0
5,32,43,202,0
5,32,43,203,0
5,32,43,204,0
5,32,43,205,0
5,32,43,206,0
5,32,43,207,0
5,32,43,208,0
5,32,43,209,0
5,32,43,210,0
5,32,43,211,0
5,32,43,212,0
5,32,43,213,0
5,32,43,214,0
5,32,43,215,0
5,32,43,216,0
5,32,43,217,0
5,32,43,218,0
5,32,43,219,0
5,32,43,220,0
5,32,43,221,0
5,32,43,222,0
5,32,43,223,0
5,32,43,224,0
5,32,43,225,0
5,32,43,226,0
5,32,43,227,0
5,32,43,228,0
5,32,43,229,0
5,32,43,230,0
5,32,43,231,0
5,32,43,232,0
5,32,43,233,0
5,32,43,234,0
5,32,43,235,0
5,32,43,236,0
5,32,43,237,0
5,32,43,238,0
5,32,43,239,0
5,32,43,240,0
5,32,43,241,0
5,32,43,242,0
5,32,43,243,0
5,32,43,244,0
5,32,43,245,0
5,32,43,246,0
5,32,43,247,0
5,32,43,248,0
5,32,43,249,0
5,32,43,250,0
5,32,43,251,0
5,32,43,252,0
5,32,43,253,0
5,32,43,254,0
5,32,43,255,0
5,32,43,256,0
5,32,43,257,0
5,32,43,258,0
5,32,43,259,0
5,32,43,260,0
5,32,43,261,0
5,32,43,262,0
5,32,43,263,0
5,32,43,264,0
5,32,43,265,0
5,32,43,266,0
5,32,43,267,0
5,32,43,268,0
5,32,43,269,0
5,32,43,270,0
5,32,43,271,0
5,32,43,272,0
5,32,43,273,0
5,32,43,274,0
5,32,43,275,0
5,32,43,276,0
5,32,43,277,0
5,32,43,278,0
5,32,43,279,0
5,32,43,280,0
5,32,43,281,0
5,32,43,282,0
5,32,43,283,0
5,32,44,0,7802599338231053739533875087
5,32,44,1,240562886483143333262671075559
5,32,44,2,3812367743149060237588812330578
5,32,44,3,40984701944094853458452168397759
5,32,44,4,333601613854742180298896300339240
5,32,44,5,2178939091339308741130787910948180
5,32,44,6,11831430094161205060557731732995133
5,32,44,7,54674878271616230738371016795733740
5,32,44,8,218593490643813134392002784791506397
5,32,44,9,765239121606157205472330722996690270
5,32,44,10,2366945575646046661799328966592504241
5,32,44,11,6513762814560385388619145400897909646
5,32,44,12,16036345987660619980220396267109880661
5,32,44,13,35474486175235800410702469129091777574
5,32,44,14,70766193517074100927740466098727593797
5,32,44,15,127685820791657033788245699717808226540
5,32,44,16,208925354493537454914545252566381850034
5,32,44,17,310718531053906908480937257194115641815
5,32,44,18,420902702594036939582516646737808838165
5,32,44,19,520350570022530680904083852501124943062
5,32,44,20,588233007604272711037325174035941450887
5,32,44,21,609229183457471098290580289710312276432
5,32,44,22,579221038009002521797608280233776636321
5,32,44,23,506547872562727208519949757081663780773
5,32,44,24,408338756622199146772338141519139800586
5,32,44,25,304080029548703229630331974337705944114
5,32,44,26,209649619252390610302533364644345613798
5,32,44,27,134132035247869065249886191573934572740
5,32,44,28,79819511528512509507184455312333542593
5,32,44,29,44282427734993361225499116984076741685
5,32,44,30,22956094017700101948279822887508607922
5,32,44,31,11145183284534550670816887558403017200
5,32,44,32,5078646164813196599198618565064468237
5,32,44,33,2176664697681674624596858157441311391
5,32,44,34,879195667623310235089332183635969438
5,32,44,35,335312356138277828607271751911805662
5,32,44,36,120963032528391580424869308699525724
5,32,44,37,41344003347784996028631627409799189
5,32,44,38,13408982061913808233130543725593463
5,32,44,39,4132564835149096438824513251266493
5,32,44,40,1211864476054870944602807980418891
5,32,44,41,338551272597747058088206498456210
5,32,44,42,90201766412826659466581555659043
5,32,44,43,22944144756403421201418793854374
5,32,44,44,5577068041697331981110399682859
5,32,44,45,1296570188138166050428304819917
5,32,44,46,288530110560756977416348868392
5,32,44,47,61505282890078607689319900617
5,32,44,48,12567661509138064559118666323
5,32,44,49,2463122533545165594565722504
5,32,44,50,463286610811239728823208949
5,32,44,51,83668395849803721473217170
5,32,44,52,14514703208354433632324085
5,32,44,53,2419610992030718823512684
5,32,44,54,387698433132263163142184
5,32,44,55,59721936553120385191851
5,32,44,56,8845016310137253498662
5,32,44,57,1259408385420058257664
5,32,44,58,172365134459036364046
5,32,44,59,22666173403549683124
5,32,44,60,2862072937841112003
5,32,44,61,346697704607017418
5,32,44,62,40235845453178849
5,32,44,63,4465173947842125
5,32,44,64,472555940806225
5,32,44,65,47507916959893
5,32,44,66,4511612942462
5,32,44,67,401211244579
5,32,44,68,33000234016
5,32,44,69,2464460037
5,32,44,70,162231563
5,32,44,71,9087885
5,32,44,72,394782
5,32,44,73,12392
5,32,44,74,96
5,32,44,75,0
5,32,44,76,0
5,32,44,77,0
5,32,44,78,0
5,32,44,79,0
5,32,44,80,0
5,32,44,81,0
5,32,44,82,0
5,32,44,83,0
5,32,44,84,0
5,32,44,85,0
5,32,44,86,0
5,32,44,87,0
5,32,44,88,0
5,32,44,89,0
5,32,44,90,0
5,32,44,91,0
5,32,44,92,0
5,32,44,93,0
5,32,44,94,0
5,32,44,95,0
5,32,44,96,0
5,32,44,97,0
5,32,44,98,0
5,32,44,99,0
5,32,44,100,0
5,32,44,101,0
5,32,44,102,0
5,32,44,103,0
5,32,44,104,0
5,32,44,105,0
5,32,44,106,0
5,32,44,107,0
5,32,44,108,0
5,32,44,109,0
5,32,44,110,0
5,32,44,111,0
5,32,44,112,0
5,32,44,113,0
5,32,44,114,0
5,32,44,115,0
5,32,44,116,0
5,32,44,117,0
5,32,44,118,0
5,32,44,119,0
5,32,44,120,0
5,32,44,121,0
5,32,44,122,0
5,32,44,123,0
5,32,44,124,0
5,32,44,125,0
5,32,44,126,0
5,32,44,127,0
5,32,44,128,0
5,32,44,129,0
5,32,44,130,0
5,32,44,131,0
5,32,44,132,0
5,32,44,133,0
5,32,44,134,0
5,32,44,135,0
5,32,44,136,0
5,32,44,137,0
5,32,44,138,0
5,32,44,139,0
5,32,44,140,0
5,32,44,141,0
5,32,44,142,0
5,32,44,143,0
5,32,44,144,0
5,32,44,145,0
5,32,44,146,0
5,32,44,147,0
5,32,44,148,0
5,32,44,149,0
5,32,44,150,0
5,32,44,151,0
5,32,44,152,0
5,32,44,153,0
5,32,44,154,0
5,32,44,155,0
5,32,44,156,0
5,32,44,157,0
5,32,44,158,0
5,32,44,159,0
5,32,44,160,0
5,32,44,161,0
5,32,44,162,0
5,32,44,163,0
5,32,44,164,0
5,32,44,165,0
5,32,44,166,0
5,32,44,167,0
5,32,44,168,0
5,32,44,169,0
5,32,44,170,0
5,32,44,171,0
5,32,44,172,0
5,32,44,173,0
5,32,44,174,0
5,32,44,175,0
5,32,44,176,0
5,32,44,177,0
5,32,44,178,0
5,32,44,179,0
5,32,44,180,0
5,32,44,181,0
5,32,44,182,0
5,32,44,183,0
5,32,44,184,0
5,32,44,185,0
5,32,44,186,0
5,32,44,187,0
5,32,44,188,0
5,32,44,189,0
5,32,44,190,0
5,32,44,191,0
5,32,44,192,0
5,32,44,193,0
5,32,44,194,0
5,32,44,195,0
5,32,44,196,0
5,32,44,197,0
5,32,44,198,0
5,32,44,199,0
5,32,44,200,0
5,32,44,201,0
5,32,44,202,0
5,32,44,203,0
5,32,44,204,0
5,32,44,205,0
5,32,44,206,0
5,32,44,207,0
5,32,44,208,0
5,32,44,209,0
5,32,44,210,0
5,32,44,211,0
5,32,44,212,0
5,32,44,213,0
5,32,44,214,0
5,32,44,215,0
5,32,44,216,0
5,32,44,217,0
5,32,44,218,0
5,32,44,219,0
5,32,44,220,0
5,32,44,221,0
5,32,44,222,0
5,32,44,223,0
5,32,44,224,0
5,32,44,225,0
5,32,44,226,0
5,32,44,227,0
5,32,44,228,0
5,32,44,229,0
5,32,44,230,0
5,32,44,231,0
5,32,44,232,0
5,32,44,233,0
5,32,44,234,0
5,32,44,235,0
5,32,44,236,0
5,32,44,237,0
5,32,44,238,0
5,32,44,239,0
5,32,44,240,0
5,32,44,241,0
5,32,44,242,0
5,32,44,243,0
5,32,44,244,0
5,32,44,245,0
5,32,44,246,0
5,32,44,247,0
5,32,44,248,0
5,32,44,249,0
5,32,44,250,0
5,32,44,251,0
5,32,44,252,0
5,32,44,253,0
5,32,44,254,0
5,32,44,255,0
5,32,44,256,0
5,32,44,257,0
5,32,44,258,0
5,32,44,259,0
5,32,44,260,0
5,32,44,261,0
5,32,44,262,0
5,32,44,263,0
5,32,44,264,0
5,32,44,265,0
5,32,44,266,0
5,32,44,267,0
5,32,44,268,0
5,32,44,269,0
5,32,44,270,0
5,32,44,271,0
5,32,44,272,0
5,32,44,273,0
5,32,44,274,0
5,32,44,275,0
5,32,44,276,0
5,32,44,277,0
5,32,44,278,0
5,32,44,279,0
5,32,44,280,0
5,32,44,281,0
5,32,44,282,0
5,32,44,283,0
5,32,45,0,4892310313680262068396354376
5,32,45,1,157254723193887979683027334454
5,32,45,2,2606890579871572860571598506780
5,32,45,3,29401206156554103020194420636882
5,32,45,4,251731306565997813351697809017710
5,32,45,5,1733797009145190678132374851414646
5,32,45,6,9950936385473552755642015096822004
5,32,45,7,48717254535607824670265597778917302
5,32,45,8,206808841766944195454396898339134352
5,32,45,9,770394945310642836502754246776920062
5,32,45,10,2541075062683664307952019529509271090
5,32,45,11,7472807927932414435791737138978471674
5,32,45,12,19700120991266559878502295964498124818
5,32,45,13,46757986285323723853585441033913777342
5,32,45,14,100271359904663100436705435917561259848
5,32,45,15,194851774458724719383204298919742698590
5,32,45,16,343968833665902414452121332227130158146
5,32,45,17,552795871322712341872685684331573397500
5,32,45,18,810384531295889981116441715003124294890
5,32,45,19,1085647350428285514517513809537677565636
5,32,45,20,1331427597535497091716547069601233320380
5,32,45,21,1497370065900933642687997683851483707950
5,32,45,22,1546979066416245724502552383676040220184
5,32,45,23,1470842179985724294657768250690350701226
5,32,45,24,1289396312348965642936338202503815307474
5,32,45,25,1044217902781718204567275390437195173750
5,32,45,26,782814273806903143643516589997932448160
5,32,45,27,544373153151328222477527179790149821266
5,32,45,28,351912470590574212939841187339418877472
5,32,45,29,211941281606937031288869555918651555678
5,32,45,30,119175120637802949443361394204442598706
5,32,45,31,62702353443140807670040815012975024930
5,32,45,32,30933722004715529514250493362929298042
5,32,45,33,14339247377554889701673459226786334986
5,32,45,34,6257896903781402788405917337905853722
5,32,45,35,2576088031971766267970059090081710146
5,32,45,36,1002078547524232883149284997341220366
5,32,45,37,368963729274721961790877459713876204
5,32,45,38,128792612787638922557613190035104026
5,32,45,39,42683568002281504187556134246750302
5,32,45,40,13448809300140770111832784763728410
5,32,45,41,4033730592168822576499352097724002
5,32,45,42,1153014166565549291742167049699068
5,32,45,43,314436444997428746089573571569288
5,32,45,44,81890088027386595736883161192408
5,32,45,45,20385748320179423761107994968334
5,32,45,46,4854953652363569532097165553294
5,32,45,47,1106993068884494469279657720662
5,32,45,48,241834559853670471889049090294
5,32,45,49,50651600778640998985331621822
5,32,45,50,10177316759252984943280363342
5,32,45,51,1962813714949639438057329406
5,32,45,52,363535435768704038102767318
5,32,45,53,64688481970552714251277902
5,32,45,54,11063248032624712518698474
5,32,45,55,1819055236609248521094614
5,32,45,56,287616453190658399685828
5,32,45,57,43736375041062495943778
5,32,45,58,6396496260457153159416
5,32,45,59,899631291191612031796
5,32,45,60,121645065856359710958
5,32,45,61,15806325108209750270
5,32,45,62,1972272814765954968
5,32,45,63,236077872015562634
5,32,45,64,27068261987787338
5,32,45,65,2966730261053962
5,32,45,66,309916787478290
5,32,45,67,30723964047570
5,32,45,68,2872639142762
5,32,45,69,250948406922
5,32,45,70,20196271776
5,32,45,71,1468888452
5,32,45,72,93281740
5,32,45,73,4999628
5,32,45,74,203458
5,32,45,75,5520
5,32,45,76,24
5,32,45,77,0
5,32,45,78,0
5,32,45,79,0
5,32,45,80,0
5,32,45,81,0
5,32,45,82,0
5,32,45,83,0
5,32,45,84,0
5,32,45,85,0
5,32,45,86,0
5,32,45,87,0
5,32,45,88,0
5,32,45,89,0
5,32,45,90,0
5,32,45,91,0
5,32,45,92,0
5,32,45,93,0
5,32,45,94,0
5,32,45,95,0
5,32,45,96,0
5,32,45,97,0
5,32,45,98,0
5,32,45,99,0
5,32,45,100,0
5,32,45,101,0
5,32,45,102,0
5,32,45,103,0
5,32,45,104,0
5,32,45,105,0
5,32,45,106,0
5,32,45,107,0
5,32,45,108,0
5,32,45,109,0
5,32,45,110,0
5,32,45,111,0
5,32,45,112,0
5,32,45,113,0
5,32,45,114,0
5,32,45,115,0
5,32,45,116,0
5,32,45,117,0
5,32,45,118,0
5,32,45,119,0
5,32,45,120,0
5,32,45,121,0
5,32,45,122,0
5,32,45,123,0
5,32,45,124,0
5,32,45,125,0
5,32,45,126,0
5,32,45,127,0
5,32,45,128,0
5,32,45,129,0
5,32,45,130,0
5,32,45,131,0
5,32,45,132,0
5,32,45,133,0
5,32,45,134,0
5,32,45,135,0
5,32,45,136,0
5,32,45,137,0
5,32,45,138,0
5,32,45,139,0
5,32,45,140,0
5,32,45,141,0
5,32,45,142,0
5,32,45,143,0
5,32,45,144,0
5,32,45,145,0
5,32,45,146,0
5,32,45,147,0
5,32,45,148,0
5,32,45,149,0
5,32,45,150,0
5,32,45,151,0
5,32,45,152,0
5,32,45,153,0
5,32,45,154,0
5,32,45,155,0
5,32,45,156,0
5,32,45,157,0
5,32,45,158,0
5,32,45,159,0
5,32,45,160,0
5,32,45,161,0
5,32,45,162,0
5,32,45,163,0
5,32,45,164,0
5,32,45,165,0
5,32,45,166,0
5,32,45,167,0
5,32,45,168,0
5,32,45,169,0
5,32,45,170,0
5,32,45,171,0
5,32,45,172,0
5,32,45,173,0
5,32,45,174,0
5,32,45,175,0
5,32,45,176,0
5,32,45,177,0
5,32,45,178,0
5,32,45,179,0
5,32,45,180,0
5,32,45,181,0
5,32,45,182,0
5,32,45,183,0
5,32,45,184,0
5,32,45,185,0
5,32,45,186,0
5,32,45,187,0
5,32,45,188,0
5,32,45,189,0
5,32,45,190,0
5,32,45,191,0
5,32,45,192,0
5,32,45,193,0
5,32,45,194,0
5,32,45,195,0
5,32,45,196,0
5,32,45,197,0
5,32,45,198,0
5,32,45,199,0
5,32,45,200,0
5,32,45,201,0
5,32,45,202,0
5,32,45,203,0
5,32,45,204,0
5,32,45,205,0
5,32,45,206,0
5,32,45,207,0
5,32,45,208,0
5,32,45,209,0
5,32,45,210,0
5,32,45,211,0
5,32,45,212,0
5,32,45,213,0
5,32,45,214,0
5,32,45,215,0
5,32,45,216,0
5,32,45,217,0
5,32,45,218,0
5,32,45,219,0
5,32,45,220,0
5,32,45,221,0
5,32,45,222,0
5,32,45,223,0
5,32,45,224,0
5,32,45,225,0
5,32,45,226,0
5,32,45,227,0
5,32,45,228,0
5,32,45,229,0
5,32,45,230,0
5,32,45,231,0
5,32,45,232,0
5,32,45,233,0
5,32,45,234,0
5,32,45,235,0
5,32,45,236,0
5,32,45,237,0
5,32,45,238,0
5,32,45,239,0
5,32,45,240,0
5,32,45,241,0
5,32,45,242,0
5,32,45,243,0
5,32,45,244,0
5,32,45,245,0
5,32,45,246,0
5,32,45,247,0
5,32,45,248,0
5,32,45,249,0
5,32,45,250,0
5,32,45,251,0
5,32,45,252,0
5,32,45,253,0
5,32,45,254,0
5,32,45,255,0
5,32,45,256,0
5,32,45,257,0
5,32,45,258,0
5,32,45,259,0
5,32,45,260,0
5,32,45,261,0
5,32,45,262,0
5,32,45,263,0
5,32,45,264,0
5,32,45,265,0
5,32,45,266,0
5,32,45,267,0
5,32,45,268,0
5,32,45,269,0
5,32,45,270,0
5,32,45,271,0
5,32,45,272,0
5,32,45,273,0
5,32,45,274,0
5,32,45,275,0
5,32,45,276,0
5,32,45,277,0
5,32,45,278,0
5,32,45,279,0
5,32,45,280,0
5,32,45,281,0
5,32,45,282,0
5,32,45,283,0
5,32,46,0,2858633425861496654113961025
5,32,46,1,95553507059117946517324013523
5,32,46,2,1653129517609562817697151789262
5,32,46,3,19516864935673288181066204016580
5,32,46,4,175400806409418423272801010047605
5,32,46,5,1271294505768987519527211547841057
5,32,46,6,7696831608305777664782394355083111
5,32,46,7,39841577976053276239852851691387613
5,32,46,8,179227056839277448819209179763123940
5,32,46,9,709054463458819534483273745849990669
5,32,46,10,2489119404037836627150691561368989896
5,32,46,11,7807017270821234055293684053737454876
5,32,46,12,21995523759283614206555401038593667617
5,32,46,13,55905427648857160035902529952627018547
5,32,46,14,128632382350662678786233576798311164558
5,32,46,15,268697772832144974967506430132269792951
5,32,46,16,510785200856411275281501872114118736075
5,32,46,17,885465112589029054900468190313221332914
5,32,46,18,1402360791649290129265028311410729013099
5,32,46,19,2032506153129421667126502173637432890228
5,32,46,20,2700083263300218410587205473105307846257
5,32,46,21,3292826474438334773977921507332282938474
5,32,46,22,3692176567533372529045306072754745716387
5,32,46,23,3812501201449839899384905506139225691939
5,32,46,24,3631364770519649380281677805570242324408
5,32,46,25,3196046397176953878308176699178855122095
5,32,46,26,2603906030074970515240528560400057177905
5,32,46,27,1967550311245301084611478920771464009926
5,32,46,28,1381539392067319350255225660184052974958
5,32,46,29,903251651564457404433235439350748393241
5,32,46,30,550994953658201469152573907646118404942
5,32,46,31,314246007831686603781303401513374215612
5,32,46,32,167903590970490791443566110122348425185
5,32,46,33,84214815675590856004257115920959651614
5,32,46,34,39728533375965412485891724124202525670
5,32,46,35,17661153214125444152910273418024370233
5,32,46,36,7411721935335190128572643604664644377
5,32,46,37,2941329267745361256563523950929537615
5,32,46,38,1105581603671889445831690203884917308
5,32,46,39,394198256236897701060225780982118792
5,32,46,40,133513526007239273743025088275735261
5,32,46,41,43011951177416235495427868192902687
5,32,46,42,13195666128728897019244431912818258
5,32,46,43,3859555688372615079580415374202645
5,32,46,44,1077347332318782730517317235300097
5,32,46,45,287277131421776917289315467297203
5,32,46,46,73241342128153140356006213911086
5,32,46,47,17867990385175731444058907940114
5,32,46,48,4174333534840303354644927041314
5,32,46,49,934531708055260099221790502083
5,32,46,50,200621265883105182916863779531
5,32,46,51,41323265015563100688472561217
5,32,46,52,8171170114119642045928208118
5,32,46,53,1551891299692363502205884615
5,32,46,54,283216447867598760548799709
5,32,46,55,49684847075645370524846207
5,32,46,56,8381443906469002037363795
5,32,46,57,1359920861572383205568685
5,32,46,58,212267593395709382962901
5,32,46,59,31875970147007092941938
5,32,46,60,4605098404193448258454
5,32,46,61,639938363853572225482
5,32,46,62,85510271503933732878
5,32,46,63,10981166775833372157
5,32,46,64,1354209022407432489
5,32,46,65,160190269269266748
5,32,46,66,18147212188421150
5,32,46,67,1964369345734200
5,32,46,68,202527294572065
5,32,46,69,19794616366371
5,32,46,70,1821399294437
5,32,46,71,156204523519
5,32,46,72,12286115588
5,32,46,73,868580518
5,32,46,74,53276592
5,32,46,75,2704853
5,32,46,76,102536
5,32,46,77,2415
5,32,46,78,0
5,32,46,79,0
5,32,46,80,0
5,32,46,81,0
5,32,46,82,0
5,32,46,83,0
5,32,46,84,0
5,32,46,85,0
5,32,46,86,0
5,32,46,87,0
5,32,46,88,0
5,32,46,89,0
5,32,46,90,0
5,32,46,91,0
5,32,46,92,0
5,32,46,93,0
5,32,46,94,0
5,32,46,95,0
5,32,46,96,0
5,32,46,97,0
5,32,46,98,0
5,32,46,99,0
5,32,46,100,0
5,32,46,101,0
5,32,46,102,0
5,32,46,103,0
5,32,46,104,0
5,32,46,105,0
5,32,46,106,0
5,32,46,107,0
5,32,46,108,0
5,32,46,109,0
5,32,46,110,0
5,32,46,111,0
5,32,46,112,0
5,32,46,113,0
5,32,46,114,0
5,32,46,115,0
5,32,46,116,0
5,32,46,117,0
5,32,46,118,0
5,32,46,119,0
5,32,46,120,0
5,32,46,121,0
5,32,46,122,0
5,32,46,123,0
5,32,46,124,0
5,32,46,125,0
5,32,46,126,0
5,32,46,127,0
5,32,46,128,0
5,32,46,129,0
5,32,46,130,0
5,32,46,131,0
5,32,46,132,0
5,32,46,133,0
5,32,46,134,0
5,32,46,135,0
5,32,46,136,0
5,32,46,137,0
5,32,46,138,0
5,32,46,139,0
5,32,46,140,0
5,32,46,141,0
5,32,46,142,0
5,32,46,143,0
5,32,46,144,0
5,32,46,145,0
5,32,46,146,0
5,32,46,147,0
5,32,46,148,0
5,32,46,149,0
5,32,46,150,0
5,32,46,151,0
5,32,46,152,0
5,32,46,153,0
5,32,46,154,0
5,32,46,155,0
5,32,46,156,0
5,32,46,157,0
5,32,46,158,0
5,32,46,159,0
5,32,46,160,0
5,32,46,161,0
5,32,46,162,0
5,32,46,163,0
5,32,46,164,0
5,32,46,165,0
5,32,46,166,0
5,32,46,167,0
5,32,46,168,0
5,32,46,169,0
5,32,46,170,0
5,32,46,171,0
5,32,46,172,0
5,32,46,173,0
5,32,46,174,0
5,32,46,175,0
5,32,46,176,0
5,32,46,177,0
5,32,46,178,0
5,32,46,179,0
5,32,46,180,0
5,32,46,181,0
5,32,46,182,0
5,32,46,183,0
5,32,46,184,0
5,32,46,185,0
5,32,46,186,0
5,32,46,187,0
5,32,46,188,0
5,32,46,189,0
5,32,46,190,0
5,32,46,191,0
5,32,46,192,0
5,32,46,193,0
5,32,46,194,0
5,32,46,195,0
5,32,46,196,0
5,32,46,197,0
5,32,46,198,0
5,32,46,199,0
5,32,46,200,0
5,32,46,201,0
5,32,46,202,0
5,32,46,203,0
5,32,46,204,0
5,32,46,205,0
5,32,46,206,0
5,32,46,207,0
5,32,46,208,0
5,32,46,209,0
5,32,46,210,0
5,32,46,211,0
5,32,46,212,0
5,32,46,213,0
5,32,46,214,0
5,32,46,215,0
5,32,46,216,0
5,32,46,217,0
5,32,46,218,0
5,32,46,219,0
5,32,46,220,0
5,32,46,221,0
5,32,46,222,0
5,32,46,223,0
5,32,46,224,0
5,32,46,225,0
5,32,46,226,0
5,32,46,227,0
5,32,46,228,0
5,32,46,229,0
5,32,46,230,0
5,32,46,231,0
5,32,46,232,0
5,32,46,233,0
5,32,46,234,0
5,32,46,235,0
5,32,46,236,0
5,32,46,237,0
5,32,46,238,0
5,32,46,239,0
5,32,46,240,0
5,32,46,241,0
5,32,46,242,0
5,32,46,243,0
5,32,46,244,0
5,32,46,245,0
5,32,46,246,0
5,32,46,247,0
5,32,46,248,0
5,32,46,249,0
5,32,46,250,0
5,32,46,251,0
5,32,46,252,0
5,32,46,253,0
5,32,46,254,0
5,32,46,255,0
5,32,46,256,0
5,32,46,257,0
5,32,46,258,0
5,32,46,259,0
5,32,46,260,0
5,32,46,261,0
5,32,46,262,0
5,32,46,263,0
5,32,46,264,0
5,32,46,265,0
5,32,46,266,0
5,32,46,267,0
5,32,46,268,0
5,32,46,269,0
5,32,46,270,0
5,32,46,271,0
5,32,46,272,0
5,32,46,273,0
5,32,46,274,0
5,32,46,275,0
5,32,46,276,0
5,32,46,277,0
5,32,46,278,0
5,32,46,279,0
5,32,46,280,0
5,32,46,281,0
5,32,46,282,0
5,32,46,283,0
5,32,47,0,1557403691859063099729732436
5,32,47,1,53994357056546232113701823498
5,32,47,2,972550331467082059341166488926
5,32,47,3,11992322338892801360975038813044
5,32,47,4,112887395895414973165853384918832
5,32,47,5,859241472231454580707443978678198
5,32,47,6,5476509248373302654346851757541916
5,32,47,7,29913760342556639624430265051115226
5,32,47,8,142319743711064355443902583869052658
5,32,47,9,596795070599045051545654217646427014
5,32,47,10,2225407883259257186412102583885133060
5,32,47,11,7429868918164724392728338334080497422
5,32,47,12,22328338965923574027467086617150163122
5,32,47,13,60656182252005715583362146972930924072
5,32,47,14,149458120398067664189702458573558697100
5,32,47,15,334967497587552814915593963861556516994
5,32,47,16,684438635298576411443842829490270194648
5,32,47,17,1277538749046538399666205113499721953820
5,32,47,18,2182081888525001441683006544001267136564
5,32,47,19,3415857490366167004339510867304178293786
5,32,47,20,4907804712841227608790513578651330777830
5,32,47,21,6480921500979255671777339655947238848226
5,32,47,22,7876738949541083180026007248585264601484
5,32,47,23,8823176207495239870898935576601165581276
5,32,47,24,9122267597808245363485632909293021027048
5,32,47,25,8718474943004591393625973770430033992516
5,32,47,26,7714950160124963711188961662801545883372
5,32,47,27,6331570058093993845006129507416304941428
5,32,47,28,4827699281389826681865110773141144961394
5,32,47,29,3426209342044374019613920261860820931586
5,32,47,30,2267513471612952089729911263517533375250
5,32,47,31,1402104792158875219205224259543344072794
5,32,47,32,811603574328287001006012195226040225438
5,32,47,33,440631266129942695593831909648791843604
5,32,47,34,224800587092507488035952512376961015154
5,32,47,35,107972482146437400476976275605296973826
5,32,47,36,48910032965373090926321254485299884388
5,32,47,37,20931251571322385794796651985261588178
5,32,47,38,8476396605644302488940109581464906210
5,32,47,39,3253218256399132116787225581504145262
5,32,47,40,1185023971339076083592806219218573350
5,32,47,41,410239984693348784068790988088042628
5,32,47,42,135141907389307255174740017333731536
5,32,47,43,42411958181460992652526116931363934
5,32,47,44,12694058536725041076300422714889976
5,32,47,45,3627097142204648133088004041423656
5,32,47,46,990294821981853830139746983621214
5,32,47,47,258575071847133066101487043864568
5,32,47,48,64620219258956163199689818991448
5,32,47,49,15467765246894912399073832275238
5,32,47,50,3548614347618370470671449039116
5,32,47,51,780792152299184601517298787886
5,32,47,52,164858196404020980360718912962
5,32,47,53,33420852858453180584539735042
5,32,47,54,6508338533851390313026260186
5,32,47,55,1218040617804675496098740002
5,32,47,56,219161436540429734609727040
5,32,47,57,37924959332065064016186598
5,32,47,58,6313437336371677707378708
5,32,47,59,1011292878516934689235948
5,32,47,60,155888279728036132106476
5,32,47,61,23125380751475510773042
5,32,47,62,3301163974495573356614
5,32,47,63,453369289292767435940
5,32,47,64,59879032276258552406
5,32,47,65,7601042885092049360
5,32,47,66,926547129424832288
5,32,47,67,108322700420127490
5,32,47,68,12124832677362056
5,32,47,69,1296185464596508
5,32,47,70,131874032772800
5,32,47,71,12704467777826
5,32,47,72,1149878631856
5,32,47,73,96705067612
5,32,47,74,7432029436
5,32,47,75,509794580
5,32,47,76,30036612
5,32,47,77,1449604
5,32,47,78,50938
5,32,47,79,920
5,32,47,80,0
5,32,47,81,0
5,32,47,82,0
5,32,47,83,0
5,32,47,84,0
5,32,47,85,0
5,32,47,86,0
5,32,47,87,0
5,32,47,88,0
5,32,47,89,0
5,32,47,90,0
5,32,47,91,0
5,32,47,92,0
5,32,47,93,0
5,32,47,94,0
5,32,47,95,0
5,32,47,96,0
5,32,47,97,0
5,32,47,98,0
5,32,47,99,0
5,32,47,100,0
5,32,47,101,0
5,32,47,102,0
5,32,47,103,0
5,32,47,104,0
5,32,47,105,0
5,32,47,106,0
5,32,47,107,0
5,32,47,108,0
5,32,47,109,0
5,32,47,110,0
5,32,47,111,0
5,32,47,112,0
5,32,47,113,0
5,32,47,114,0
5,32,47,115,0
5,32,47,116,0
5,32,47,117,0
5,32,47,118,0
5,32,47,119,0
5,32,47,120,0
5,32,47,121,0
5,32,47,122,0
5,32,47,123,0
5,32,47,124,0
5,32,47,125,0
5,32,47,126,0
5,32,47,127,0
5,32,47,128,0
5,32,47,129,0
5,32,47,130,0
5,32,47,131,0
5,32,47,132,0
5,32,47,133,0
5,32,47,134,0
5,32,47,135,0
5,32,47,136,0
5,32,47,137,0
5,32,47,138,0
5,32,47,139,0
5,32,47,140,0
5,32,47,141,0
5,32,47,142,0
5,32,47,143,0
5,32,47,144,0
5,32,47,145,0
5,32,47,146,0
5,32,47,147,0
5,32,47,148,0
5,32,47,149,0
5,32,47,150,0
5,32,47,151,0
5,32,47,152,0
5,32,47,153,0
5,32,47,154,0
5,32,47,155,0
5,32,47,156,0
5,32,47,157,0
5,32,47,158,0
5,32,47,159,0
5,32,47,160,0
5,32,47,161,0
5,32,47,162,0
5,32,47,163,0
5,32,47,164,0
5,32,47,165,0
5,32,47,166,0
5,32,47,167,0
5,32,47,168,0
5,32,47,169,0
5,32,47,170,0
5,32,47,171,0
5,32,47,172,0
5,32,47,173,0
5,32,47,174,0
5,32,47,175,0
5,32,47,176,0
5,32,47,177,0
5,32,47,178,0
5,32,47,179,0
5,32,47,180,0
5,32,47,181,0
5,32,47,182,0
5,32,47,183,0
5,32,47,184,0
5,32,47,185,0
5,32,47,186,0
5,32,47,187,0
5,32,47,188,0
5,32,47,189,0
5,32,47,190,0
5,32,47,191,0
5,32,47,192,0
5,32,47,193,0
5,32,47,194,0
5,32,47,195,0
5,32,47,196,0
5,32,47,197,0
5,32,47,198,0
5,32,47,199,0
5,32,47,200,0
5,32,47,201,0
5,32,47,202,0
5,32,47,203,0
5,32,47,204,0
5,32,47,205,0
5,32,47,206,0
5,32,47,207,0
5,32,47,208,0
5,32,47,209,0
5,32,47,210,0
5,32,47,211,0
5,32,47,212,0
5,32,47,213,0
5,32,47,214,0
5,32,47,215,0
5,32,47,216,0
5,32,47,217,0
5,32,47,218,0
5,32,47,219,0
5,32,47,220,0
5,32,47,221,0
5,32,47,222,0
5,32,47,223,0
5,32,47,224,0
5,32,47,225,0
5,32,47,226,0
5,32,47,227,0
5,32,47,228,0
5,32,47,229,0
5,32,47,230,0
5,32,47,231,0
5,32,47,232,0
5,32,47,233,0
5,32,47,234,0
5,32,47,235,0
5,32,47,236,0
5,32,47,237,0
5,32,47,238,0
5,32,47,239,0
5,32,47,240,0
5,32,47,241,0
5,32,47,242,0
5,32,47,243,0
5,32,47,244,0
5,32,47,245,0
5,32,47,246,0
5,32,47,247,0
5,32,47,248,0
5,32,47,249,0
5,32,47,250,0
5,32,47,251,0
5,32,47,252,0
5,32,47,253,0
5,32,47,254,0
5,32,47,255,0
5,32,47,256,0
5,32,47,257,0
5,32,47,258,0
5,32,47,259,0
5,32,47,260,0
5,32,47,261,0
5,32,47,262,0
5,32,47,263,0
5,32,47,264,0
5,32,47,265,0
5,32,47,266,0
5,32,47,267,0
5,32,47,268,0
5,32,47,269,0
5,32,47,270,0
5,32,47,271,0
5,32,47,272,0
5,32,47,273,0
5,32,47,274,0
5,32,47,275,0
5,32,47,276,0
5,32,47,277,0
5,32,47,278,0
5,32,47,279,0
5,32,47,280,0
5,32,47,281,0
5,32,47,282,0
5,32,47,283,0
5,32,48,0,791570755352192151347887377
5,32,48,1,28386655173760152760923535606
5,32,48,2,531023919278507841928966222760
5,32,48,3,6823368589751124810292332212094
5,32,48,4,67130057381781323645530876664871
5,32,48,5,535466818980372680522730729034729
5,32,48,6,3585581144298550332916262555262968
5,32,48,7,20625416605548460359922865303956221
5,32,48,8,103578525922331959957034332496305778
5,32,48,9,459481650606104315098341033132448811
5,32,48,10,1816482094064212453025749603359092140
5,32,48,11,6443169510096947186517240995250290717
5,32,48,12,20614356091908966368197421655201257301
5,32,48,13,59739415265418418184945401266440512052
5,32,48,14,157337936162793724137670946798276262433
5,32,48,15,377637479057403778610317911072126958937
5,32,48,16,827878594224121620272393600556864961003
5,32,48,17,1660858696083152830941229336820574340501
5,32,48,18,3054092694255334505780926090756734315463
5,32,48,19,5155158787386096033181161413130807869046
5,32,48,20,7998055614239094424327280383646743278993
5,32,48,21,11419580746073666814752854813118765238543
5,32,48,22,15023393116162101643571044281580022368247
5,32,48,23,18233526008018366456981179599351515796044
5,32,48,24,20441239505972193408395857996802854843981
5,32,48,25,21195955983097730174713250603661257287553
5,32,48,26,20357096441256623094747150306852259908364
5,32,48,27,18135915698525699191822887450499879091189
5,32,48,28,15010813381737838591872642510382887272759
5,32,48,29,11561777344642165335426285903495450176852
5,32,48,30,8301278310126918786315681184358740838425
5,32,48,31,5565870883874851221665564278106251827821
5,32,48,32,3491182451040453030648417137092925729657
5,32,48,33,2052361820726610315703743183095840705490
5,32,48,34,1132834570671416141687297933798515176876
5,32,48,35,588152060903801992623994128118805743766
5,32,48,36,287730040396988963750909466099052809410
5,32,48,37,132859021278319772867192781569119984585
5,32,48,38,57998329242349323111931708690805030440
5,32,48,39,23973601514600613342142062282749504258
5,32,48,40,9396861958496892396731359609517116708
5,32,48,41,3497555269211193182617186782961013730
5,32,48,42,1237771162820375707287454221914327369
5,32,48,43,416997868480983504515707570504957592
5,32,48,44,133884891022086289134318602315523290
5,32,48,45,41009519413886852731864557258601679
5,32,48,46,11995294367364074281985509059801209
5,32,48,47,3353489550539842078045389272503248
5,32,48,48,896810969824543090434369294710236
5,32,48,49,229590904634634840729599871002290
5,32,48,50,56307502795821972214054028565315
5,32,48,51,13237983284684523596330832399286
5,32,48,52,2985295773427878424179000250042
5,32,48,53,646115283526783770588162429865
5,32,48,54,134282316242905677918513221441
5,32,48,55,26811739731897002007150400824
5,32,48,56,5145427976012847287614119593
5,32,48,57,949471827265650038394068541
5,32,48,58,168523132368354052068182639
5,32,48,59,28779498886857230354208192
5,32,48,60,4729943763828837411058694
5,32,48,61,748255287501260800419357
5,32,48,62,113946428483553735793498
5,32,48,63,16703295747170860455585
5,32,48,64,2356658803572554740853
5,32,48,65,319937365231754802405
5,32,48,66,41774488494248448516
5,32,48,67,5242551569292646194
5,32,48,68,631745995833972132
5,32,48,69,73000268237212648
5,32,48,70,8073534092997398
5,32,48,71,852337462280917
5,32,48,72,85560900141714
5,32,48,73,8121021093647
5,32,48,74,722677559958
5,32,48,75,59575279120
5,32,48,76,4463202388
5,32,48,77,296691258
5,32,48,78,16821709
5,32,48,79,758625
5,32,48,80,24912
5,32,48,81,322
5,32,48,82,0
5,32,48,83,0
5,32,48,84,0
5,32,48,85,0
5,32,48,86,0
5,32,48,87,0
5,32,48,88,0
5,32,48,89,0
5,32,48,90,0
5,32,48,91,0
5,32,48,92,0
5,32,48,93,0
5,32,48,94,0
5,32,48,95,0
5,32,48,96,0
5,32,48,97,0
5,32,48,98,0
5,32,48,99,0
5,32,48,100,0
5,32,48,101,0
5,32,48,102,0
5,32,48,103,0
5,32,48,104,0
5,32,48,105,0
5,32,48,106,0
5,32,48,107,0
5,32,48,108,0
5,32,48,109,0
5,32,48,110,0
5,32,48,111,0
5,32,48,112,0
5,32,48,113,0
5,32,48,114,0
5,32,48,115,0
5,32,48,116,0
5,32,48,117,0
5,32,48,118,0
5,32,48,119,0
5,32,48,120,0
5,32,48,121,0
5,32,48,122,0
5,32,48,123,0
5,32,48,124,0
5,32,48,125,0
5,32,48,126,0
5,32,48,127,0
5,32,48,128,0
5,32,48,129,0
5,32,48,130,0
5,32,48,131,0
5,32,48,132,0
5,32,48,133,0
5,32,48,134,0
5,32,48,135,0
5,32,48,136,0
5,32,48,137,0
5,32,48,138,0
5,32,48,139,0
5,32,48,140,0
5,32,48,141,0
5,32,48,142,0
5,32,48,143,0
5,32,48,144,0
5,32,48,145,0
5,32,48,146,0
5,32,48,147,0
5,32,48,148,0
5,32,48,149,0
5,32,48,150,0
5,32,48,151,0
5,32,48,152,0
5,32,48,153,0
5,32,48,154,0
5,32,48,155,0
5,32,48,156,0
5,32,48,157,0
5,32,48,158,0
5,32,48,159,0
5,32,48,160,0
5,32,48,161,0
5,32,48,162,0
5,32,48,163,0
5,32,48,164,0
5,32,48,165,0
5,32,48,166,0
5,32,48,167,0
5,32,48,168,0
5,32,48,169,0
5,32,48,170,0
5,32,48,171,0
5,32,48,172,0
5,32,48,173,0
5,32,48,174,0
5,32,48,175,0
5,32,48,176,0
5,32,48,177,0
5,32,48,178,0
5,32,48,179,0
5,32,48,180,0
5,32,48,181,0
5,32,48,182,0
5,32,48,183,0
5,32,48,184,0
5,32,48,185,0
5,32,48,186,0
5,32,48,187,0
5,32,48,188,0
5,32,48,189,0
5,32,48,190,0
5,32,48,191,0
5,32,48,192,0
5,32,48,193,0
5,32,48,194,0
5,32,48,195,0
5,32,48,196,0
5,32,48,197,0
5,32,48,198,0
5,32,48,199,0
5,32,48,200,0
5,32,48,201,0
5,32,48,202,0
5,32,48,203,0
5,32,48,204,0
5,32,48,205,0
5,32,48,206,0
5,32,48,207,0
5,32,48,208,0
5,32,48,209,0
5,32,48,210,0
5,32,48,211,0
5,32,48,212,0
5,32,48,213,0
5,32,48,214,0
5,32,48,215,0
5,32,48,216,0
5,32,48,217,0
5,32,48,218,0
5,32,48,219,0
5,32,48,220,0
5,32,48,221,0
5,32,48,222,0
5,32,48,223,0
5,32,48,224,0
5,32,48,225,0
5,32,48,226,0
5,32,48,227,0
5,32,48,228,0
5,32,48,229,0
5,32,48,230,0
5,32,48,231,0
5,32,48,232,0
5,32,48,233,0
5,32,48,234,0
5,32,48,235,0
5,32,48,236,0
5,32,48,237,0
5,32,48,238,0
5,32,48,239,0
5,32,48,240,0
5,32,48,241,0
5,32,48,242,0
5,32,48,243,0
5,32,48,244,0
5,32,48,245,0
5,32,48,246,0
5,32,48,247,0
5,32,48,248,0
5,32,48,249,0
5,32,48,250,0
5,32,48,251,0
5,32,48,252,0
5,32,48,253,0
5,32,48,254,0
5,32,48,255,0
5,32,48,256,0
5,32,48,257,0
5,32,48,258,0
5,32,48,259,0
5,32,48,260,0
5,32,48,261,0
5,32,48,262,0
5,32,48,263,0
5,32,48,264,0
5,32,48,265,0
5,32,48,266,0
5,32,48,267,0
5,32,48,268,0
5,32,48,269,0
5,32,48,270,0
5,32,48,271,0
5,32,48,272,0
5,32,48,273,0
5,32,48,274,0
5,32,48,275,0
5,32,48,276,0
5,32,48,277,0
5,32,48,278,0
5,32,48,279,0
5,32,48,280,0
5,32,48,281,0
5,32,48,282,0
5,32,48,283,0
5,32,49,0,375569993736609167348512542
5,32,49,1,13891987044068444571168208098
5,32,49,2,269215526909659037330540635754
5,32,49,3,3596326899419744492422289510820
5,32,49,4,36896911591449384501366106902640
5,32,49,5,307771171477735211539645158732892
5,32,49,6,2160722400609595101985911316174712
5,32,49,7,13063061529847794883100640815124006
5,32,49,8,69107798809894987396030012283257878
5,32,49,9,323681053226743039504977269395627286
5,32,49,10,1354005236087719532452278402870665056
5,32,49,11,5092763335266715581484911150894173436
5,32,49,12,17313776417382043518805215603821453346
5,32,49,13,53423714288180892093428425779493610600
5,32,49,14,150113445288899332290241252957136488838
5,32,49,15,385135204759486267345545555308970419634
5,32,49,16,904210533736011159426559356849710638802
5,32,49,17,1946178892901660525637985781338614403810
5,32,49,18,3846150022083230758406176977893893191804
5,32,49,19,6988518680556098496935540008817772329266
5,32,49,20,11689165465891875890464387563592309693830
5,32,49,21,18018018517428453893456935355811754832582
5,32,49,22,25622551215396518437367287553421776347620
5,32,49,23,33650649516419693376435422706989844558044
5,32,49,24,40859670416129754706160735339525795529106
5,32,49,25,45922180663538607541428678642880822729564
5,32,49,26,47830127847465004756378093976582956879426
5,32,49,27,46226561471293182560774938266072009494912
5,32,49,28,41513489233375056952366489038025818910966
5,32,49,29,34691892978821453531198366643633345088804
5,32,49,30,27019411240809940762900329355191477733746
5,32,49,31,19644044100540695695704542496548296416932
5,32,49,32,13354108678224873191701146897568482399566
5,32,49,33,8502883554541081927314900928994447558854
5,32,49,34,5079624972244975878417115003917667539752
5,32,49,35,2852056698606613191794266632725019319838
5,32,49,36,1507596155182389810380379302594736241408
5,32,49,37,751513024937508309122074553726016980772
5,32,49,38,353847005611515241034450660593542404952
5,32,49,39,157615287999351481046492541637367005816
5,32,49,40,66516678545864161118692050314439768440
5,32,49,41,26633252198294665964175799170938225798
5,32,49,42,10131085456203017594410006346873209546
5,32,49,43,3665780822675983886364891109490325380
5,32,49,44,1263165875543522709986627619741507928
5,32,49,45,414960874431825568645672389810123058
5,32,49,46,130089599911957980222837175985748412
5,32,49,47,38955661487981434919899070668679422
5,32,49,48,11152322999425351396513454672636888
5,32,49,49,3054735141661505711037748347736472
5,32,49,50,801155505372474160456091213633218
5,32,49,51,201323180502920559618660109648666
5,32,49,52,48504523640117229712016061341158
5,32,49,53,11210910981744478219764455524108
5,32,49,54,2487200309966497821293269599828
5,32,49,55,529927036434640905624510374198
5,32,49,56,108483781435591994740469294536
5,32,49,57,21347575277538052445341563668
5,32,49,58,4039631783891451918572161094
5,32,49,59,735360938272467351047048232
5,32,49,60,128813240168481495818887212
5,32,49,61,21718712434038220613372828
5,32,49,62,3525388843689239609090032
5,32,49,63,550977622921208564094008
5,32,49,64,82914940279977527859148
5,32,49,65,12013727589641668303734
5,32,49,66,1675678248813378922934
5,32,49,67,224920393225761036606
5,32,49,68,29038235916570988208
5,32,49,69,3603226665813929370
5,32,49,70,429274154807594492
5,32,49,71,49030392797764132
5,32,49,72,5357838266003532
5,32,49,73,558528885321512
5,32,49,74,55306255782918
5,32,49,75,5170733149808
5,32,49,76,452075522168
5,32,49,77,36479895242
5,32,49,78,2664846792
5,32,49,79,171036896
5,32,49,80,9308938
5,32,49,81,391780
5,32,49,82,11858
5,32,49,83,92
5,32,49,84,0
5,32,49,85,0
5,32,49,86,0
5,32,49,87,0
5,32,49,88,0
5,32,49,89,0
5,32,49,90,0
5,32,49,91,0
5,32,49,92,0
5,32,49,93,0
5,32,49,94,0
5,32,49,95,0
5,32,49,96,0
5,32,49,97,0
5,32,49,98,0
5,32,49,99,0
5,32,49,100,0
5,32,49,101,0
5,32,49,102,0
5,32,49,103,0
5,32,49,104,0
5,32,49,105,0
5,32,49,106,0
5,32,49,107,0
5,32,49,108,0
5,32,49,109,0
5,32,49,110,0
5,32,49,111,0
5,32,49,112,0
5,32,49,113,0
5,32,49,114,0
5,32,49,115,0
5,32,49,116,0
5,32,49,117,0
5,32,49,118,0
5,32,49,119,0
5,32,49,120,0
5,32,49,121,0
5,32,49,122,0
5,32,49,123,0
5,32,49,124,0
5,32,49,125,0
5,32,49,126,0
5,32,49,127,0
5,32,49,128,0
5,32,49,129,0
5,32,49,130,0
5,32,49,131,0
5,32,49,132,0
5,32,49,133,0
5,32,49,134,0
5,32,49,135,0
5,32,49,136,0
5,32,49,137,0
5,32,49,138,0
5,32,49,139,0
5,32,49,140,0
5,32,49,141,0
5,32,49,142,0
5,32,49,143,0
5,32,49,144,0
5,32,49,145,0
5,32,49,146,0
5,32,49,147,0
5,32,49,148,0
5,32,49,149,0
5,32,49,150,0
5,32,49,151,0
5,32,49,152,0
5,32,49,153,0
5,32,49,154,0
5,32,49,155,0
5,32,49,156,0
5,32,49,157,0
5,32,49,158,0
5,32,49,159,0
5,32,49,160,0
5,32,49,161,0
5,32,49,162,0
5,32,49,163,0
5,32,49,164,0
5,32,49,165,0
5,32,49,166,0
5,32,49,167,0
5,32,49,168,0
5,32,49,169,0
5,32,49,170,0
5,32,49,171,0
5,32,49,172,0
5,32,49,173,0
5,32,49,174,0
5,32,49,175,0
5,32,49,176,0
5,32,49,177,0
5,32,49,178,0
5,32,49,179,0
5,32,49,180,0
5,32,49,181,0
5,32,49,182,0
5,32,49,183,0
5,32,49,184,0
5,32,49,185,0
5,32,49,186,0
5,32,49,187,0
5,32,49,188,0
5,32,49,189,0
5,32,49,190,0
5,32,49,191,0
5,32,49,192,0
5,32,49,193,0
5,32,49,194,0
5,32,49,195,0
5,32,49,196,0
5,32,49,197,0
5,32,49,198,0
5,32,49,199,0
5,32,49,200,0
5,32,49,201,0
5,32,49,202,0
5,32,49,203,0
5,32,49,204,0
5,32,49,205,0
5,32,49,206,0
5,32,49,207,0
5,32,49,208,0
5,32,49,209,0
5,32,49,210,0
5,32,49,211,0
5,32,49,212,0
5,32,49,213,0
5,32,49,214,0
5,32,49,215,0
5,32,49,216,0
5,32,49,217,0
5,32,49,218,0
5,32,49,219,0
5,32,49,220,0
5,32,49,221,0
5,32,49,222,0
5,32,49,223,0
5,32,49,224,0
5,32,49,225,0
5,32,49,226,0
5,32,49,227,0
5,32,49,228,0
5,32,49,229,0
5,32,49,230,0
5,32,49,231,0
5,32,49,232,0
5,32,49,233,0
5,32,49,234,0
5,32,49,235,0
5,32,49,236,0
5,32,49,237,0
5,32,49,238,0
5,32,49,239,0
5,32,49,240,0
5,32,49,241,0
5,32,49,242,0
5,32,49,243,0
5,32,49,244,0
5,32,49,245,0
5,32,49,246,0
5,32,49,247,0
5,32,49,248,0
5,32,49,249,0
5,32,49,250,0
5,32,49,251,0
5,32,49,252,0
5,32,49,253,0
5,32,49,254,0
5,32,49,255,0
5,32,49,256,0
5,32,49,257,0
5,32,49,258,0
5,32,49,259,0
5,32,49,260,0
5,32,49,261,0
5,32,49,262,0
5,32,49,263,0
5,32,49,264,0
5,32,49,265,0
5,32,49,266,0
5,32,49,267,0
5,32,49,268,0
5,32,49,269,0
5,32,49,270,0
5,32,49,271,0
5,32,49,272,0
5,32,49,273,0
5,32,49,274,0
5,32,49,275,0
5,32,49,276,0
5,32,49,277,0
5,32,49,278,0
5,32,49,279,0
5,32,49,280,0
5,32,49,281,0
5,32,49,282,0
5,32,49,283,0
5,32,50,0,166452320923008257344979352
5,32,50,1,6331893289521718102727514019
5,32,50,2,126785384861105631704373286524
5,32,50,3,1756531782171143082549765983877
5,32,50,4,18750586798861131429511165102991
5,32,50,5,163205652816813812351205620114318
5,32,50,6,1198790584547192902459673896040275
5,32,50,7,7601683626327527333236567974498976
5,32,50,8,42280780924296968472313939306834825
5,32,50,9,208677093712935245751127742725351937
5,32,50,10,921887943480067871894878707081897932
5,32,50,11,3669815643652802758977287746754802801
5,32,50,12,13232003988059894939191850069256905494
5,32,50,13,43391058852252883338601232995612951461
5,32,50,14,129833525861161477025866572262276978508
5,32,50,15,355409246156658094706015991978205194491
5,32,50,16,891983167445639802627985399200603807588
5,32,50,17,2056069004357534784400733537037222873251
5,32,50,18,4359270538348105673797742682938563235658
5,32,50,19,8512041282588236184283958767463342033945
5,32,50,20,15324243574448272017876426583709520907279
5,32,50,21,25461665679790594083092138423137818074367
5,32,50,22,39081252217212344691555485679292536538265
5,32,50,23,55465922053246021915555915976036792013600
5,32,50,24,72856262301926966699964014726857934087433
5,32,50,25,88657027557758307729549535099142628241128
5,32,50,26,100049014695124644442350979416853293356144
5,32,50,27,104820253212345635084097977838692750681124
5,32,50,28,102076447968614184557520875448517713422929
5,32,50,29,92513848648360006164058244593207757706425
5,32,50,30,78140991278593190015682127361235190653855
5,32,50,31,61598026366989619675840552798180839482374
5,32,50,32,45386357442835576566132329627575670216565
5,32,50,33,31306441897208357076207696713506939232486
5,32,50,34,20248292232406387622775829849235772456811
5,32,50,35,12299727379018060078912950490170246233443
5,32,50,36,7028503956727892295787834029911042905827
5,32,50,37,3784363380023707263586378833086475625694
5,32,50,38,1922980183004200940364372709313773519278
5,32,50,39,923590591071881136109849036255290978381
5,32,50,40,419907476990480459995135145344869426766
5,32,50,41,180973845690497947495988964054764432126
5,32,50,42,74037855693722956223195771803093967737
5,32,50,43,28788728928358747194452951474328399344
5,32,50,44,10652285478131852129622492061245948267
5,32,50,45,3754929842752255018987019276665649548
5,32,50,46,1262273113656327123149913958990638327
5,32,50,47,405059591354468393370782626701856640
5,32,50,48,124190874104578900288667903198348215
5,32,50,49,36410625102919946610014172406956553
5,32,50,50,10215751854738929957578359433758720
5,32,50,51,2744909928346509595988588013614641
5,32,50,52,706791244073432654607198956570370
5,32,50,53,174513577288262868200787465196067
5,32,50,54,41342215758322140470372598455743
5,32,50,55,9401983551297337225179692018307
5,32,50,56,2053645891399608678981630325873
5,32,50,57,431038574215877434408148886300
5,32,50,58,86972223771810585974841942518
5,32,50,59,16876912976269367522755276488
5,32,50,60,3150731296240345875866440843
5,32,50,61,566077266497129201628898349
5,32,50,62,97905251318736643424796771
5,32,50,63,16304180390157880528833607
5,32,50,64,2614715864343748581031219
5,32,50,65,403850595031592717535751
5,32,50,66,60074233789334350571685
5,32,50,67,8605630455426685370438
5,32,50,68,1186875984982861737471
5,32,50,69,157540058835888048913
5,32,50,70,20113635269616452323
5,32,50,71,2468019422292325252
5,32,50,72,290715082496784483
5,32,50,73,32821561302103665
5,32,50,74,3543602476973401
5,32,50,75,364723676971627
5,32,50,76,35618613200489
5,32,50,77,3278055244227
5,32,50,78,281460716919
5,32,50,79,22210729780
5,32,50,80,1579184709
5,32,50,81,97725188
5,32,50,82,5089566
5,32,50,83,200080
5,32,50,84,5280
5,32,50,85,23
5,32,50,86,0
5,32,50,87,0
5,32,50,88,0
5,32,50,89,0
5,32,50,90,0
5,32,50,91,0
5,32,50,92,0
5,32,50,93,0
5,32,50,94,0
5,32,50,95,0
5,32,50,96,0
5,32,50,97,0
5,32,50,98,0
5,32,50,99,0
5,32,50,100,0
5,32,50,101,0
5,32,50,102,0
5,32,50,103,0
5,32,50,104,0
5,32,50,105,0
5,32,50,106,0
5,32,50,107,0
5,32,50,108,0
5,32,50,109,0
5,32,50,110,0
5,32,50,111,0
5,32,50,112,0
5,32,50,113,0
5,32,50,114,0
5,32,50,115,0
5,32,50,116,0
5,32,50,117,0
5,32,50,118,0
5,32,50,119,0
5,32,50,120,0
5,32,50,121,0
5,32,50,122,0
5,32,50,123,0
5,32,50,124,0
5,32,50,125,0
5,32,50,126,0
5,32,50,127,0
5,32,50,128,0
5,32,50,129,0
5,32,50,130,0
5,32,50,131,0
5,32,50,132,0
5,32,50,133,0
5,32,50,134,0
5,32,50,135,0
5,32,50,136,0
5,32,50,137,0
5,32,50,138,0
5,32,50,139,0
5,32,50,140,0
5,32,50,141,0
5,32,50,142,0
5,32,50,143,0
5,32,50,144,0
5,32,50,145,0
5,32,50,146,0
5,32,50,147,0
5,32,50,148,0
5,32,50,149,0
5,32,50,150,0
5,32,50,151,0
5,32,50,152,0
5,32,50,153,0
5,32,50,154,0
5,32,50,155,0
5,32,50,156,0
5,32,50,157,0
5,32,50,158,0
5,32,50,159,0
5,32,50,160,0
5,32,50,161,0
5,32,50,162,0
5,32,50,163,0
5,32,50,164,0
5,32,50,165,0
5,32,50,166,0
5,32,50,167,0
5,32,50,168,0
5,32,50,169,0
5,32,50,170,0
5,32,50,171,0
5,32,50,172,0
5,32,50,173,0
5,32,50,174,0
5,32,50,175,0
5,32,50,176,0
5,32,50,177,0
5,32,50,178,0
5,32,50,179,0
5,32,50,180,0
5,32,50,181,0
5,32,50,182,0
5,32,50,183,0
5,32,50,184,0
5,32,50,185,0
5,32,50,186,0
5,32,50,187,0
5,32,50,188,0
5,32,50,189,0
5,32,50,190,0
5,32,50,191,0
5,32,50,192,0
5,32,50,193,0
5,32,50,194,0
5,32,50,195,0
5,32,50,196,0
5,32,50,197,0
5,32,50,198,0
5,32,50,199,0
5,32,50,200,0
5,32,50,201,0
5,32,50,202,0
5,32,50,203,0
5,32,50,204,0
5,32,50,205,0
5,32,50,206,0
5,32,50,207,0
5,32,50,208,0
5,32,50,209,0
5,32,50,210,0
5,32,50,211,0
5,32,50,212,0
5,32,50,213,0
5,32,50,214,0
5,32,50,215,0
5,32,50,216,0
5,32,50,217,0
5,32,50,218,0
5,32,50,219,0
5,32,50,220,0
5,32,50,221,0
5,32,50,222,0
5,32,50,223,0
5,32,50,224,0
5,32,50,225,0
5,32,50,226,0
5,32,50,227,0
5,32,50,228,0
5,32,50,229,0
5,32,50,230,0
5,32,50,231,0
5,32,50,232,0
5,32,50,233,0
5,32,50,234,0
5,32,50,235,0
5,32,50,236,0
5,32,50,237,0
5,32,50,238,0
5,32,50,239,0
5,32,50,240,0
5,32,50,241,0
5,32,50,242,0
5,32,50,243,0
5,32,50,244,0
5,32,50,245,0
5,32,50,246,0
5,32,50,247,0
5,32,50,248,0
5,32,50,249,0
5,32,50,250,0
5,32,50,251,0
5,32,50,252,0
5,32,50,253,0
5,32,50,254,0
5,32,50,255,0
5,32,50,256,0
5,32,50,257,0
5,32,50,258,0
5,32,50,259,0
5,32,50,260,0
5,32,50,261,0
5,32,50,262,0
5,32,50,263,0
5,32,50,264,0
5,32,50,265,0
5,32,50,266,0
5,32,50,267,0
5,32,50,268,0
5,32,50,269,0
5,32,50,270,0
5,32,50,271,0
5,32,50,272,0
5,32,50,273,0
5,32,50,274,0
5,32,50,275,0
5,32,50,276,0
5,32,50,277,0
5,32,50,278,0
5,32,50,279,0
5,32,50,280,0
5,32,50,281,0
5,32,50,282,0
5,32,50,283,0
5,32,51,0,68958568515357445150974290
5,32,51,1,2689489237075027694027229938
5,32,51,2,55492149113890196948253221428
5,32,51,3,795372038878490556857392387222
5,32,51,4,8813514759345945510941283749748
5,32,51,5,79871744462404352499184009489746
5,32,51,6,612514729242898365742229017849270
5,32,51,7,4065458729495459392053527090542764
5,32,51,8,23725822561088413923297764219770904
5,32,51,9,123151111138831122442183706708682854
5,32,51,10,573453629452239813020756980708151884
5,32,51,11,2411368855202784258283021516154446090
5,32,51,12,9203702305555513906989924724274511356
5,32,51,13,32014841738203910399400508912579252502
5,32,51,14,101818855416860520608837313600243643094
5,32,51,15,296835387197448234863779386675371476022
5,32,51,16,794918244731230079785688028967458908762
5,32,51,17,1958804535939223575118460991504199096600
5,32,51,18,4447702100759145900230653460966589129198
5,32,51,19,9316927044861622063611145665993160682086
5,32,51,20,18023807515295427071640719175228664876178
5,32,51,21,32229336811371685059537286060645695104382
5,32,51,22,53315037762268539769174594692852433989980
5,32,51,23,81656112144512724807715250870876259261618
5,32,51,24,115881441109721395535493382021165580426980
5,32,51,25,152503987239592674280019240740825691348954
5,32,51,26,186280179654853550702660996557258693763516
5,32,51,27,211384953745101982989448453891313707063796
5,32,51,28,223069767266919596800757923948254993619648
5,32,51,29,219149597480493205547387674431209187372590
5,32,51,30,200671740975003651590461672570585904147576
5,32,51,31,171485337264093419183933306838355011697838
5,32,51,32,136945377665121793580954093886766465671026
5,32,51,33,102343943078734322138019033152511931686874
5,32,51,34,71682106632863639414768360069076238041112
5,32,51,35,47124930185848681058780710744162889396156
5,32,51,36,29123952493255920917614768846447802979570
5,32,51,37,16946546805793514264978569636085962991476
5,32,51,38,9298465229468247751840329047789392686916
5,32,51,39,4818344031746199394058952171955533983712
5,32,51,40,2361465862106627509728776785579306197276
5,32,51,41,1096180870306068058232042740346938177282
5,32,51,42,482606596851233831269234702483915237822
5,32,51,43,201780884927974749377261666304682006130
5,32,51,44,80218986265257780346470032384152505190
5,32,51,45,30359010730852823693106631130180014140
5,32,51,46,10949196257826589847848545285440031486
5,32,51,47,3767040275628605388842042121972756694
5,32,51,48,1237514237416346599705567674795355964
5,32,51,49,388518132102495221961195701117095796
5,32,51,50,116663557982089261827191476058101266
5,32,51,51,33531123200562257591603908404962078
5,32,51,52,9231081475566162352909473698209166
5,32,51,53,2435734370304319889649429212255092
5,32,51,54,616370743758801968793492993885300
5,32,51,55,149669474643641440582557133335580
5,32,51,56,34892494200126096976246898672624
5,32,51,57,7813616816999864555032132146968
5,32,51,58,1681486654251749014915747706960
5,32,51,59,347890366832019157391020547222
5,32,51,60,69226422181954963643290712822
5,32,51,61,13253800383884194807434395958
5,32,51,62,2442254957398640660614811714
5,32,51,63,433260527017741795256429742
5,32,51,64,74015092940243264058178544
5,32,51,65,12178300858567976198639092
5,32,51,66,1930203963620019181141012
5,32,51,67,294708242770802685341572
5,32,51,68,43344880508475067379700
5,32,51,69,6140126904255609827702
5,32,51,70,837513995915318574920
5,32,51,71,109949610234616179186
5,32,51,72,13883730689010232448
5,32,51,73,1684775056823427274
5,32,51,74,196227099126581170
5,32,51,75,21898324495624746
5,32,51,76,2335850163848240
5,32,51,77,237327139487810
5,32,51,78,22851150815322
5,32,51,79,2069357740396
5,32,51,80,174355424942
5,32,51,81,13439487208
5,32,51,82,928472480
5,32,51,83,55426934
5,32,51,84,2737454
5,32,51,85,100010
5,32,51,86,2310
5,32,51,87,0
5,32,51,88,0
5,32,51,89,0
5,32,51,90,0
5,32,51,91,0
5,32,51,92,0
5,32,51,93,0
5,32,51,94,0
5,32,51,95,0
5,32,51,96,0
5,32,51,97,0
5,32,51,98,0
5,32,51,99,0
5,32,51,100,0
5,32,51,101,0
5,32,51,102,0
5,32,51,103,0
5,32,51,104,0
5,32,51,105,0
5,32,51,106,0
5,32,51,107,0
5,32,51,108,0
5,32,51,109,0
5,32,51,110,0
5,32,51,111,0
5,32,51,112,0
5,32,51,113,0
5,32,51,114,0
5,32,51,115,0
5,32,51,116,0
5,32,51,117,0
5,32,51,118,0
5,32,51,119,0
5,32,51,120,0
5,32,51,121,0
5,32,51,122,0
5,32,51,123,0
5,32,51,124,0
5,32,51,125,0
5,32,51,126,0
5,32,51,127,0
5,32,51,128,0
5,32,51,129,0
5,32,51,130,0
5,32,51,131,0
5,32,51,132,0
5,32,51,133,0
5,32,51,134,0
5,32,51,135,0
5,32,51,136,0
5,32,51,137,0
5,32,51,138,0
5,32,51,139,0
5,32,51,140,0
5,32,51,141,0
5,32,51,142,0
5,32,51,143,0
5,32,51,144,0
5,32,51,145,0
5,32,51,146,0
5,32,51,147,0
5,32,51,148,0
5,32,51,149,0
5,32,51,150,0
5,32,51,151,0
5,32,51,152,0
5,32,51,153,0
5,32,51,154,0
5,32,51,155,0
5,32,51,156,0
5,32,51,157,0
5,32,51,158,0
5,32,51,159,0
5,32,51,160,0
5,32,51,161,0
5,32,51,162,0
5,32,51,163,0
5,32,51,164,0
5,32,51,165,0
5,32,51,166,0
5,32,51,167,0
5,32,51,168,0
5,32,51,169,0
5,32,51,170,0
5,32,51,171,0
5,32,51,172,0
5,32,51,173,0
5,32,51,174,0
5,32,51,175,0
5,32,51,176,0
5,32,51,177,0
5,32,51,178,0
5,32,51,179,0
5,32,51,180,0
5,32,51,181,0
5,32,51,182,0
5,32,51,183,0
5,32,51,184,0
5,32,51,185,0
5,32,51,186,0
5,32,51,187,0
5,32,51,188,0
5,32,51,189,0
5,32,51,190,0
5,32,51,191,0
5,32,51,192,0
5,32,51,193,0
5,32,51,194,0
5,32,51,195,0
5,32,51,196,0
5,32,51,197,0
5,32,51,198,0
5,32,51,199,0
5,32,51,200,0
5,32,51,201,0
5,32,51,202,0
5,32,51,203,0
5,32,51,204,0
5,32,51,205,0
5,32,51,206,0
5,32,51,207,0
5,32,51,208,0
5,32,51,209,0
5,32,51,210,0
5,32,51,211,0
5,32,51,212,0
5,32,51,213,0
5,32,51,214,0
5,32,51,215,0
5,32,51,216,0
5,32,51,217,0
5,32,51,218,0
5,32,51,219,0
5,32,51,220,0
5,32,51,221,0
5,32,51,222,0
5,32,51,223,0
5,32,51,224,0
5,32,51,225,0
5,32,51,226,0
5,32,51,227,0
5,32,51,228,0
5,32,51,229,0
5,32,51,230,0
5,32,51,231,0
5,32,51,232,0
5,32,51,233,0
5,32,51,234,0
5,32,51,235,0
5,32,51,236,0
5,32,51,237,0
5,32,51,238,0
5,32,51,239,0
5,32,51,240,0
5,32,51,241,0
5,32,51,242,0
5,32,51,243,0
5,32,51,244,0
5,32,51,245,0
5,32,51,246,0
5,32,51,247,0
5,32,51,248,0
5,32,51,249,0
5,32,51,250,0
5,32,51,251,0
5,32,51,252,0
5,32,51,253,0
5,32,51,254,0
5,32,51,255,0
5,32,51,256,0
5,32,51,257,0
5,32,51,258,0
5,32,51,259,0
5,32,51,260,0
5,32,51,261,0
5,32,51,262,0
5,32,51,263,0
5,32,51,264,0
5,32,51,265,0
5,32,51,266,0
5,32,51,267,0
5,32,51,268,0
5,32,51,269,0
5,32,51,270,0
5,32,51,271,0
5,32,51,272,0
5,32,51,273,0
5,32,51,274,0
5,32,51,275,0
5,32,51,276,0
5,32,51,277,0
5,32,51,278,0
5,32,51,279,0
5,32,51,280,0
5,32,51,281,0
5,32,51,282,0
5,32,51,283,0
5,32,52,0,26723943710581945814674925
5,32,52,1,1065200623855912705587618862
5,32,52,2,22584303100038168369216855574
5,32,52,3,334034421258713132854994415166
5,32,52,4,3833162480488158443853368653466
5,32,52,5,36086592293452422118792721264534
5,32,52,6,288300834213444492316028459372325
5,32,52,7,1998747772507899717500314253043909
5,32,52,8,12214195346057669487059618700109427
5,32,52,9,66543041427718037315150791728946800
5,32,52,10,325963883517393365744687780637150425
5,32,52,11,1445094083627408850071053500243000513
5,32,52,12,5827528295494785757915123741691401571
5,32,52,13,21461875428038912339293662186160890179
5,32,52,14,72414099931211708592207523520017729925
5,32,52,15,224415563576438763335133128483317076411
5,32,52,16,640095793009530783578914521098649650410
5,32,52,17,1683135713138094847537960872099728526580
5,32,52,18,4085681162046087532451994718587929715743
5,32,52,19,9165768435712871514255495522327010808711
5,32,52,20,19021465209295540651532830121176343546724
5,32,52,21,36546527125740370113749544920221420304215
5,32,52,22,65057092918939781852660880045132766683457
5,32,52,23,107371172911318328344936388173671392598524
5,32,52,24,164405359903894024080322744033054288374457
5,32,52,25,233708667883743770418214876841278732533747
5,32,52,26,308655801739906779046563273340983826770728
5,32,52,27,379008005183702611651154670744437353875997
5,32,52,28,433072043635639529765891921736612995461333
5,32,52,29,460901365923293398972865340185705835523689
5,32,52,30,457327942852925097078143439328613261144892
5,32,52,31,423539246958800218948212702037222224925756
5,32,52,32,366536767818575458482802664554000956625076
5,32,52,33,296787757969589831877628105371232991340569
5,32,52,34,225141809845493490912367367770598193707925
5,32,52,35,160232417508924391369475572706196560888391
5,32,52,36,107139548925809051526641862451634607911532
5,32,52,37,67404283407585427732187228661507134579305
5,32,52,38,39957780702537875326132891037368973103250
5,32,52,39,22352561829005302088879175974802303773475
5,32,52,40,11816606254678453934150467972508194192777
5,32,52,41,5911680089101034391352656515798624516215
5,32,52,42,2802694611248810709505007053036210777294
5,32,52,43,1260834547439698013480953646107006691226
5,32,52,44,538892766082781080018512427771589129810
5,32,52,45,219090998136948249171934069942928460259
5,32,52,46,84822460935923107521359359133526981532
5,32,52,47,31305259167713967530611318322538857523
5,32,52,48,11024773378523062151282054912821676674
5,32,52,49,3708210923525199752748764549082144482
5,32,52,50,1192256961909620075749088809767064358
5,32,52,51,366714150857954740437184216746374463
5,32,52,52,107982834862669544538506928943830409
5,32,52,53,30461065916806473852588574385795601
5,32,52,54,8237056364594013286504847647297962
5,32,52,55,2136436450676740657653633826546664
5,32,52,56,531785372582405108837961182741818
5,32,52,57,127096450053514094960962880534548
5,32,52,58,29180269254339478059416501464625
5,32,52,59,6438716430706457066902071276010
5,32,52,60,1365986420290295118241180287327
5,32,52,61,278741270835575635880345002756
5,32,52,62,54729576954986267216645444027
5,32,52,63,10343162922702503169833279740
5,32,52,64,1882021266498965332706013492
5,32,52,65,329797790730121298453924543
5,32,52,66,55669217913504142357242954
5,32,52,67,9053055860931328648799991
5,32,52,68,1418497652094618114270523
5,32,52,69,214152341376988736833179
5,32,52,70,31149101728236630860296
5,32,52,71,4364318970726163557830
5,32,52,72,588839300505216011133
5,32,52,73,76467222751830505352
5,32,52,74,9550993710748291644
5,32,52,75,1146286765008328612
5,32,52,76,132015722604540137
5,32,52,77,14562449741915711
5,32,52,78,1534519721674748
5,32,52,79,153879262374814
5,32,52,80,14603576189095
5,32,52,81,1300514082614
5,32,52,82,107419374066
5,32,52,83,8084012740
5,32,52,84,541652984
5,32,52,85,31059100
5,32,52,86,1456410
5,32,52,87,49354
5,32,52,88,880
5,32,52,89,0
5,32,52,90,0
5,32,52,91,0
5,32,52,92,0
5,32,52,93,0
5,32,52,94,0
5,32,52,95,0
5,32,52,96,0
5,32,52,97,0
5,32,52,98,0
5,32,52,99,0
5,32,52,100,0
5,32,52,101,0
5,32,52,102,0
5,32,52,103,0
5,32,52,104,0
5,32,52,105,0
5,32,52,106,0
5,32,52,107,0
5,32,52,108,0
5,32,52,109,0
5,32,52,110,0
5,32,52,111,0
5,32,52,112,0
5,32,52,113,0
5,32,52,114,0
5,32,52,115,0
5,32,52,116,0
5,32,52,117,0
5,32,52,118,0
5,32,52,119,0
5,32,52,120,0
5,32,52,121,0
5,32,52,122,0
5,32,52,123,0
5,32,52,124,0
5,32,52,125,0
5,32,52,126,0
5,32,52,127,0
5,32,52,128,0
5,32,52,129,0
5,32,52,130,0
5,32,52,131,0
5,32,52,132,0
5,32,52,133,0
5,32,52,134,0
5,32,52,135,0
5,32,52,136,0
5,32,52,137,0
5,32,52,138,0
5,32,52,139,0
5,32,52,140,0
5,32,52,141,0
5,32,52,142,0
5,32,52,143,0
5,32,52,144,0
5,32,52,145,0
5,32,52,146,0
5,32,52,147,0
5,32,52,148,0
5,32,52,149,0
5,32,52,150,0
5,32,52,151,0
5,32,52,152,0
5,32,52,153,0
5,32,52,154,0
5,32,52,155,0
5,32,52,156,0
5,32,52,157,0
5,32,52,158,0
5,32,52,159,0
5,32,52,160,0
5,32,52,161,0
5,32,52,162,0
5,32,52,163,0
5,32,52,164,0
5,32,52,165,0
5,32,52,166,0
5,32,52,167,0
5,32,52,168,0
5,32,52,169,0
5,32,52,170,0
5,32,52,171,0
5,32,52,172,0
5,32,52,173,0
5,32,52,174,0
5,32,52,175,0
5,32,52,176,0
5,32,52,177,0
5,32,52,178,0
5,32,52,179,0
5,32,52,180,0
5,32,52,181,0
5,32,52,182,0
5,32,52,183,0
5,32,52,184,0
5,32,52,185,0
5,32,52,186,0
5,32,52,187,0
5,32,52,188,0
5,32,52,189,0
5,32,52,190,0
5,32,52,191,0
5,32,52,192,0
5,32,52,193,0
5,32,52,194,0
5,32,52,195,0
5,32,52,196,0
5,32,52,197,0
5,32,52,198,0
5,32,52,199,0
5,32,52,200,0
5,32,52,201,0
5,32,52,202,0
5,32,52,203,0
5,32,52,204,0
5,32,52,205,0
5,32,52,206,0
5,32,52,207,0
5,32,52,208,0
5,32,52,209,0
5,32,52,210,0
5,32,52,211,0
5,32,52,212,0
5,32,52,213,0
5,32,52,214,0
5,32,52,215,0
5,32,52,216,0
5,32,52,217,0
5,32,52,218,0
5,32,52,219,0
5,32,52,220,0
5,32,52,221,0
5,32,52,222,0
5,32,52,223,0
5,32,52,224,0
5,32,52,225,0
5,32,52,226,0
5,32,52,227,0
5,32,52,228,0
5,32,52,229,0
5,32,52,230,0
5,32,52,231,0
5,32,52,232,0
5,32,52,233,0
5,32,52,234,0
5,32,52,235,0
5,32,52,236,0
5,32,52,237,0
5,32,52,238,0
5,32,52,239,0
5,32,52,240,0
5,32,52,241,0
5,32,52,242,0
5,32,52,243,0
5,32,52,244,0
5,32,52,245,0
5,32,52,246,0
5,32,52,247,0
5,32,52,248,0
5,32,52,249,0
5,32,52,250,0
5,32,52,251,0
5,32,52,252,0
5,32,52,253,0
5,32,52,254,0
5,32,52,255,0
5,32,52,256,0
5,32,52,257,0
5,32,52,258,0
5,32,52,259,0
5,32,52,260,0
5,32,52,261,0
5,32,52,262,0
5,32,52,263,0
5,32,52,264,0
5,32,52,265,0
5,32,52,266,0
5,32,52,267,0
5,32,52,268,0
5,32,52,269,0
5,32,52,270,0
5,32,52,271,0
5,32,52,272,0
5,32,52,273,0
5,32,52,274,0
5,32,52,275,0
5,32,52,276,0
5,32,52,277,0
5,32,52,278,0
5,32,52,279,0
5,32,52,280,0
5,32,52,281,0
5,32,52,282,0
5,32,52,283,0
5,32,53,0,9695031224483978389410962
5,32,53,1,393625238734614094066766882
5,32,53,2,8551067771163954502321296392
5,32,53,3,130170890039237812076799130894
5,32,53,4,1543153051086705397422086547730
5,32,53,5,15057117771701110719920451345908
5,32,53,6,125043738429457497843432684465860
5,32,53,7,903588196791973236833536080228418
5,32,53,8,5770012123507129531895238128183650
5,32,53,9,32927637453511627479162525787055920
5,32,53,10,169346609312179093347289919179289406
5,32,53,11,789987707769867460862219880806145420
5,32,53,12,3359426433115543725943960718170405124
5,32,53,13,13074340578539511027196868343917315728
5,32,53,14,46713205503616266394979053848073349754
5,32,53,15,153605401677150340031852922504119468174
5,32,53,16,465787464975194783351137879458065171940
5,32,53,17,1304615418367311342214217077511155963236
5,32,53,18,3379533416151559468655853856660059824348
5,32,53,19,8105369777318192519386395473632563390828
5,32,53,20,18014130275952099788280343976912955931818
5,32,53,21,37127972283461989445926806782806079223992
5,32,53,22,71009727251980457446418811111370624294700
5,32,53,23,126100807199661785295260255420343180590300
5,32,53,24,208038207364815738216461112118040017979156
5,32,53,25,319032111706049924700116353831838352241782
5,32,53,26,455032156580345066790240727139592444335896
5,32,53,27,603997229834304312806570249525246336866050
5,32,53,28,746633691502081315259441373126243848030580
5,32,53,29,860173835284721207600688230870731060185618
5,32,53,30,924342278470963894742050200618911422251640
5,32,53,31,927357829885724262731055917598486382335682
5,32,53,32,869497720748444988215105377292058747736940
5,32,53,33,762732634802777447426162757164009723243746
5,32,53,34,626714957879173540580596089275901716427818
5,32,53,35,482951511715046202975279024012961617301232
5,32,53,36,349494414464238889620200685517419681274226
5,32,53,37,237830346404410861413959015443852877528586
5,32,53,38,152399916280555754116893589190040529324128
5,32,53,39,92087150199403102299852775452986882450116
5,32,53,40,52543172646860712776716587604201582051430
5,32,53,41,28348892379389158483760581564190133823346
5,32,53,42,14482578404743480313620672094602631886742
5,32,53,43,7014813194294952789659610222458738974146
5,32,53,44,3225493432853729950794073540049148884038
5,32,53,45,1409649878020609606668790593541000627150
5,32,53,46,586219342637885265065795161524684850710
5,32,53,47,232227495599154812784321132519132133128
5,32,53,48,87723091307059547608081519270021286782
5,32,53,49,31628203502837100286185746509874668388
5,32,53,50,10893835227098323168371494751009879334
5,32,53,51,3587492443149534626114504265001775048
5,32,53,52,1130414123273428423605314935549968454
5,32,53,53,341058521134951561022228253422009804
5,32,53,54,98594133317739445699506757447642790
5,32,53,55,27325607791557266705715893802883484
5,32,53,56,7264948174935815440499545119939556
5,32,53,57,1853830185163544310697230660470664
5,32,53,58,454253296522031646151859683327112
5,32,53,59,106934918342078289141593311139610
5,32,53,60,24194949339257811235115993848576
5,32,53,61,5263717858577132552978128246232
5,32,53,62,1101516808634701733396736347640
5,32,53,63,221807914568456271470999955444
5,32,53,64,42992751475266470193544567272
5,32,53,65,8023754013662009561545737124
5,32,53,66,1442252145333770919490423388
5,32,53,67,249738708654970536113927852
5,32,53,68,41666904290952957880371856
5,32,53,69,6699045897286454749084820
5,32,53,70,1037953979833612296449258
5,32,53,71,154981414127867049117022
5,32,53,72,22298178561203217427872
5,32,53,73,3090648350585018769288
5,32,53,74,412535688952910689372
5,32,53,75,52999321132973774698
5,32,53,76,6548537972864339498
5,32,53,77,777365458979886784
5,32,53,78,88528024969893532
5,32,53,79,9652237456153728
5,32,53,80,1004683960119724
5,32,53,81,99414040245876
5,32,53,82,9294834117668
5,32,53,83,813585482422
5,32,53,84,65832419428
5,32,53,85,4828341762
5,32,53,86,313266676
5,32,53,87,17277880
5,32,53,88,757540
5,32,53,89,23964
5,32,53,90,308
5,32,53,91,0
5,32,53,92,0
5,32,53,93,0
5,32,53,94,0
5,32,53,95,0
5,32,53,96,0
5,32,53,97,0
5,32,53,98,0
5,32,53,99,0
5,32,53,100,0
5,32,53,101,0
5,32,53,102,0
5,32,53,103,0
5,32,53,104,0
5,32,53,105,0
5,32,53,106,0
5,32,53,107,0
5,32,53,108,0
5,32,53,109,0
5,32,53,110,0
5,32,53,111,0
5,32,53,112,0
5,32,53,113,0
5,32,53,114,0
5,32,53,115,0
5,32,53,116,0
5,32,53,117,0
5,32,53,118,0
5,32,53,119,0
5,32,53,120,0
5,32,53,121,0
5,32,53,122,0
5,32,53,123,0
5,32,53,124,0
5,32,53,125,0
5,32,53,126,0
5,32,53,127,0
5,32,53,128,0
5,32,53,129,0
5,32,53,130,0
5,32,53,131,0
5,32,53,132,0
5,32,53,133,0
5,32,53,134,0
5,32,53,135,0
5,32,53,136,0
5,32,53,137,0
5,32,53,138,0
5,32,53,139,0
5,32,53,140,0
5,32,53,141,0
5,32,53,142,0
5,32,53,143,0
5,32,53,144,0
5,32,53,145,0
5,32,53,146,0
5,32,53,147,0
5,32,53,148,0
5,32,53,149,0
5,32,53,150,0
5,32,53,151,0
5,32,53,152,0
5,32,53,153,0
5,32,53,154,0
5,32,53,155,0
5,32,53,156,0
5,32,53,157,0
5,32,53,158,0
5,32,53,159,0
5,32,53,160,0
5,32,53,161,0
5,32,53,162,0
5,32,53,163,0
5,32,53,164,0
5,32,53,165,0
5,32,53,166,0
5,32,53,167,0
5,32,53,168,0
5,32,53,169,0
5,32,53,170,0
5,32,53,171,0
5,32,53,172,0
5,32,53,173,0
5,32,53,174,0
5,32,53,175,0
5,32,53,176,0
5,32,53,177,0
5,32,53,178,0
5,32,53,179,0
5,32,53,180,0
5,32,53,181,0
5,32,53,182,0
5,32,53,183,0
5,32,53,184,0
5,32,53,185,0
5,32,53,186,0
5,32,53,187,0
5,32,53,188,0
5,32,53,189,0
5,32,53,190,0
5,32,53,191,0
5,32,53,192,0
5,32,53,193,0
5,32,53,194,0
5,32,53,195,0
5,32,53,196,0
5,32,53,197,0
5,32,53,198,0
5,32,53,199,0
5,32,53,200,0
5,32,53,201,0
5,32,53,202,0
5,32,53,203,0
5,32,53,204,0
5,32,53,205,0
5,32,53,206,0
5,32,53,207,0
5,32,53,208,0
5,32,53,209,0
5,32,53,210,0
5,32,53,211,0
5,32,53,212,0
5,32,53,213,0
5,32,53,214,0
5,32,53,215,0
5,32,53,216,0
5,32,53,217,0
5,32,53,218,0
5,32,53,219,0
5,32,53,220,0
5,32,53,221,0
5,32,53,222,0
5,32,53,223,0
5,32,53,224,0
5,32,53,225,0
5,32,53,226,0
5,32,53,227,0
5,32,53,228,0
5,32,53,229,0
5,32,53,230,0
5,32,53,231,0
5,32,53,232,0
5,32,53,233,0
5,32,53,234,0
5,32,53,235,0
5,32,53,236,0
5,32,53,237,0
5,32,53,238,0
5,32,53,239,0
5,32,53,240,0
5,32,53,241,0
5,32,53,242,0
5,32,53,243,0
5,32,53,244,0
5,32,53,245,0
5,32,53,246,0
5,32,53,247,0
5,32,53,248,0
5,32,53,249,0
5,32,53,250,0
5,32,53,251,0
5,32,53,252,0
5,32,53,253,0
5,32,53,254,0
5,32,53,255,0
5,32,53,256,0
5,32,53,257,0
5,32,53,258,0
5,32,53,259,0
5,32,53,260,0
5,32,53,261,0
5,32,53,262,0
5,32,53,263,0
5,32,53,264,0
5,32,53,265,0
5,32,53,266,0
5,32,53,267,0
5,32,53,268,0
5,32,53,269,0
5,32,53,270,0
5,32,53,271,0
5,32,53,272,0
5,32,53,273,0
5,32,53,274,0
5,32,53,275,0
5,32,53,276,0
5,32,53,277,0
5,32,53,278,0
5,32,53,279,0
5,32,53,280,0
5,32,53,281,0
5,32,53,282,0
5,32,53,283,0
5,32,54,0,3295018931375111062993100
5,32,54,1,135796670683913337781378117
5,32,54,2,3013697289383554119575244349
5,32,54,3,47090774790504007989437623044
5,32,54,4,575277222678172849891697016287
5,32,54,5,5804066887709254461681164714156
5,32,54,6,49991647111362289248748278364062
5,32,54,7,375719697890256245991700220677951
5,32,54,8,2501842186599371135281782203190940
5,32,54,9,14924630582823781988099543553807616
5,32,54,10,80426884882696786821601802717405471
5,32,54,11,394012766337573992149634210722942758
5,32,54,12,1763487790792479392202260126811797376
5,32,54,13,7238861626148842539769328995989435391
5,32,54,14,27336074314529135674685218936310770270
5,32,54,15,95198671838261832491565431916101744887
5,32,54,16,306338826538156719083225614188610677042
5,32,54,17,912280482077287568829733954207642866575
5,32,54,18,2517414996602897372863144442145974648235
5,32,54,19,6443480010985631160859460436177843362044
5,32,54,20,15310239258552075469706847790419445619199
5,32,54,21,33793480022569993212238734874241499735924
5,32,54,22,69329951093175908266257296469763793456014
5,32,54,23,132270289760690054844484538759553190726165
5,32,54,24,234776991106402217094768255378190960840807
5,32,54,25,387875806059066681755911332418972532529240
5,32,54,26,596719288812981578563490788944591787893486
5,32,54,27,855258395126044233211903988916739609575234
5,32,54,28,1142629426270321088304568567733728921088496
5,32,54,29,1423812919029786682140864057548704705664545
5,32,54,30,1655889863907872710225731785569774836746386
5,32,54,31,1798742054634078087265860345633115976140922
5,32,54,32,1826549949384543674618970239127978131949082
5,32,54,33,1735499497061285556040821227313988944822353
5,32,54,34,1544508603605331323712818534461913753768947
5,32,54,35,1288862686896112607576966132121830985016090
5,32,54,36,1009676106068559173204726517212180500163449
5,32,54,37,743449271482605089092731756321349690516540
5,32,54,38,515192476876522976864405766578650199804251
5,32,54,39,336438581164226428426713841305996836818077
5,32,54,40,207318027774067835575411722354898614604391
5,32,54,41,120709535052749714584208914915139013301093
5,32,54,42,66495597619941886379564223522180944329048
5,32,54,43,34701995911575201760498045741340474439770
5,32,54,44,17178085381486191361855461638502681046314
5,32,54,45,8075758685104654790310240908507900143619
5,32,54,46,3609836530792853636157164487318495688785
5,32,54,47,1535925471312479200278269333109156103513
5,32,54,48,622712731079694305163009144926911475211
5,32,54,49,240807415220350829578385499865745535681
5,32,54,50,88903462611030999831449514293724779847
5,32,54,51,31362409220185934237011588655005173860
5,32,54,52,10580132530176753765274560783023057866
5,32,54,53,3415763426068971272705074144320927497
5,32,54,54,1056087686932970892327545667774908354
5,32,54,55,312900622025178970924880608231617646
5,32,54,56,88892657918556475702964446000601563
5,32,54,57,24228083096329977077156597733703523
5,32,54,58,6338556351797646147686909758832941
5,32,54,59,1592537761671260899149829763537620
5,32,54,60,384427284056228004082402860308074
5,32,54,61,89196763803611699543596009063072
5,32,54,62,19900733618876452739589611225769
5,32,54,63,4271090013628365353068707250352
5,32,54,64,882089366596615921277555929821
5,32,54,65,175361766432542982794589979919
5,32,54,66,33569024109182431290464043490
5,32,54,67,6189340344867265783399188112
5,32,54,68,1099404631521146426998389611
5,32,54,69,188177087081047524915937887
5,32,54,70,31041293135493329904842217
5,32,54,71,4935374915234164712236028
5,32,54,72,756348296997716055071144
5,32,54,73,111718138623996032860993
5,32,54,74,15902379499195081025110
5,32,54,75,2180829993516528177046
5,32,54,76,288020819648501534322
5,32,54,77,36610847512163034665
5,32,54,78,4475268184788691440
5,32,54,79,525477418713479870
5,32,54,80,59174416642643768
5,32,54,81,6376759270946541
5,32,54,82,655535869382786
5,32,54,83,63989418247326
5,32,54,84,5891871633886
5,32,54,85,506548936244
5,32,54,86,40102966972
5,32,54,87,2865755545
5,32,54,88,179509279
5,32,54,89,9500549
5,32,54,90,388090
5,32,54,91,11364
5,32,54,92,88
5,32,54,93,0
5,32,54,94,0
5,32,54,95,0
5,32,54,96,0
5,32,54,97,0
5,32,54,98,0
5,32,54,99,0
5,32,54,100,0
5,32,54,101,0
5,32,54,102,0
5,32,54,103,0
5,32,54,104,0
5,32,54,105,0
5,32,54,106,0
5,32,54,107,0
5,32,54,108,0
5,32,54,109,0
5,32,54,110,0
5,32,54,111,0
5,32,54,112,0
5,32,54,113,0
5,32,54,114,0
5,32,54,115,0
5,32,54,116,0
5,32,54,117,0
5,32,54,118,0
5,32,54,119,0
5,32,54,120,0
5,32,54,121,0
5,32,54,122,0
5,32,54,123,0
5,32,54,124,0
5,32,54,125,0
5,32,54,126,0
5,32,54,127,0
5,32,54,128,0
5,32,54,129,0
5,32,54,130,0
5,32,54,131,0
5,32,54,132,0
5,32,54,133,0
5,32,54,134,0
5,32,54,135,0
5,32,54,136,0
5,32,54,137,0
5,32,54,138,0
5,32,54,139,0
5,32,54,140,0
5,32,54,141,0
5,32,54,142,0
5,32,54,143,0
5,32,54,144,0
5,32,54,145,0
5,32,54,146,0
5,32,54,147,0
5,32,54,148,0
5,32,54,149,0
5,32,54,150,0
5,32,54,151,0
5,32,54,152,0
5,32,54,153,0
5,32,54,154,0
5,32,54,155,0
5,32,54,156,0
5,32,54,157,0
5,32,54,158,0
5,32,54,159,0
5,32,54,160,0
5,32,54,161,0
5,32,54,162,0
5,32,54,163,0
5,32,54,164,0
5,32,54,165,0
5,32,54,166,0
5,32,54,167,0
5,32,54,168,0
5,32,54,169,0
5,32,54,170,0
5,32,54,171,0
5,32,54,172,0
5,32,54,173,0
5,32,54,174,0
5,32,54,175,0
5,32,54,176,0
5,32,54,177,0
5,32,54,178,0
5,32,54,179,0
5,32,54,180,0
5,32,54,181,0
5,32,54,182,0
5,32,54,183,0
5,32,54,184,0
5,32,54,185,0
5,32,54,186,0
5,32,54,187,0
5,32,54,188,0
5,32,54,189,0
5,32,54,190,0
5,32,54,191,0
5,32,54,192,0
5,32,54,193,0
5,32,54,194,0
5,32,54,195,0
5,32,54,196,0
5,32,54,197,0
5,32,54,198,0
5,32,54,199,0
5,32,54,200,0
5,32,54,201,0
5,32,54,202,0
5,32,54,203,0
5,32,54,204,0
5,32,54,205,0
5,32,54,206,0
5,32,54,207,0
5,32,54,208,0
5,32,54,209,0
5,32,54,210,0
5,32,54,211,0
5,32,54,212,0
5,32,54,213,0
5,32,54,214,0
5,32,54,215,0
5,32,54,216,0
5,32,54,217,0
5,32,54,218,0
5,32,54,219,0
5,32,54,220,0
5,32,54,221,0
5,32,54,222,0
5,32,54,223,0
5,32,54,224,0
5,32,54,225,0
5,32,54,226,0
5,32,54,227,0
5,32,54,228,0
5,32,54,229,0
5,32,54,230,0
5,32,54,231,0
5,32,54,232,0
5,32,54,233,0
5,32,54,234,0
5,32,54,235,0
5,32,54,236,0
5,32,54,237,0
5,32,54,238,0
5,32,54,239,0
5,32,54,240,0
5,32,54,241,0
5,32,54,242,0
5,32,54,243,0
5,32,54,244,0
5,32,54,245,0
5,32,54,246,0
5,32,54,247,0
5,32,54,248,0
5,32,54,249,0
5,32,54,250,0
5,32,54,251,0
5,32,54,252,0
5,32,54,253,0
5,32,54,254,0
5,32,54,255,0
5,32,54,256,0
5,32,54,257,0
5,32,54,258,0
5,32,54,259,0
5,32,54,260,0
5,32,54,261,0
5,32,54,262,0
5,32,54,263,0
5,32,54,264,0
5,32,54,265,0
5,32,54,266,0
5,32,54,267,0
5,32,54,268,0
5,32,54,269,0
5,32,54,270,0
5,32,54,271,0
5,32,54,272,0
5,32,54,273,0
5,32,54,274,0
5,32,54,275,0
5,32,54,276,0
5,32,54,277,0
5,32,54,278,0
5,32,54,279,0
5,32,54,280,0
5,32,54,281,0
5,32,54,282,0
5,32,54,283,0
5,32,55,0,1049888833547054312769808
5,32,55,1,43762998229012735014014586
5,32,55,2,989159935103558563438287760
5,32,55,3,15821651158202989657536525162
5,32,55,4,198670437604145617928488282342
5,32,55,5,2067609764628443217398921399106
5,32,55,6,18428295598482236427168009670468
5,32,55,7,143732443126609574265320377472960
5,32,55,8,995902199385034597662744914949710
5,32,55,9,6197570888617540777618432766384866
5,32,55,10,34923901472572213252228911350965654
5,32,55,11,179322949757598419502243587583547198
5,32,55,12,843079378663440673435408152763313130
5,32,55,13,3643129886601048843647221070394188284
5,32,55,14,14513176392215891161948397172695903912
5,32,55,15,53428264406330089086449915718762653610
5,32,55,16,182107502707622271336322637061832267830
5,32,55,17,575561776333603536392156028477287820622
5,32,55,18,1688839048923101672431419127245349984024
5,32,55,19,4605053020406064438760309490192393348304
5,32,55,20,11677886803893824823147900959635470174918
5,32,55,21,27557800671214920235133371162262204458526
5,32,55,22,60547104748392683660988376931361361851850
5,32,55,23,123906277829082768852259215837538363161474
5,32,55,24,236267677910090895736477085794362828708700
5,32,55,25,419928316225618653846448527945548485869008
5,32,55,26,695911013395163721473230948426845375793912
5,32,55,27,1075712237005589854730611261988439435204678
5,32,55,28,1551582738030797564335115154064696439014880
5,32,55,29,2089229864680645524440643891155557189797168
5,32,55,30,2627575734711300079191176815712118110770348
5,32,55,31,3088453188831802267174374400413716929500522
5,32,55,32,3394997656027772314674745013079761237839670
5,32,55,33,3492891392241742602198035446165704014169814
5,32,55,34,3366286596619291594651625911998287422836974
5,32,55,35,3041923788894589009896726483137057177217696
5,32,55,36,2580017633402791837041592117130693923755832
5,32,55,37,2056133446331226810861383799963609014435880
5,32,55,38,1541480251263340397937848432177767950967824
5,32,55,39,1088447715724605100369418956805854750493874
5,32,55,40,724769993514908525795729835943538374826616
5,32,55,41,455685269038644013564200154796667190263654
5,32,55,42,270865689579888558156888513445013285409016
5,32,55,43,152411038156374279333338421561062674558430
5,32,55,44,81281785126494345960900510537946008351244
5,32,55,45,41135088852412238357911669540795628447184
5,32,55,46,19778122254067979936310834559475145391652
5,32,55,47,9044859737401746484658147513381440245050
5,32,55,48,3938499175482122834726116021732685769788
5,32,55,49,1634614223094716376701854209998261824970
5,32,55,50,647251750122445252696806226181181772094
5,32,55,51,244735215423684617431140181117972758056
5,32,55,52,88440440686112941832464304706412091578
5,32,55,53,30568714111400095149551440696037399806
5,32,55,54,10113270844687634273197844057113782696
5,32,55,55,3204702351233199895880774950352507876
5,32,55,56,973279001416073918546044882980603278
5,32,55,57,283460749623752854160945352120799324
5,32,55,58,79211620788447478503512186855450280
5,32,55,59,21249253825311510557014922429116122
5,32,55,60,5474713850374461935022233914266218
5,32,55,61,1355294238852155219115861940320870
5,32,55,62,322507929311122864316734211221868
5,32,55,63,73799243815493794909659069044194
5,32,55,64,16245341760502660213788056023584
5,32,55,65,3441303269364159526003908200512
5,32,55,66,701741008132923733255972818768
5,32,55,67,137791869553424030141097258712
5,32,55,68,26060660351807533532571193962
5,32,55,69,4748672092482796878549919840
5,32,55,70,833833063236016147286964438
5,32,55,71,141118506705216555810351198
5,32,55,72,23022028940717617403201546
5,32,55,73,3620676055614764507740652
5,32,55,74,548938468144075761195478
5,32,55,75,80225172470529180157198
5,32,55,76,11299823777991428554490
5,32,55,77,1533465218361712789558
5,32,55,78,200409535001193007934
5,32,55,79,25207038381830921720
5,32,55,80,3048550975617080756
5,32,55,81,354075936876398944
5,32,55,82,39427009385832568
5,32,55,83,4198968405442566
5,32,55,84,426247014847232
5,32,55,85,41034484176306
5,32,55,86,3718664998700
5,32,55,87,313830825802
5,32,55,88,24285617746
5,32,55,89,1688502392
5,32,55,90,101904944
5,32,55,91,5160326
5,32,55,92,196798
5,32,55,93,5040
5,32,55,94,22
5,32,55,95,0
5,32,55,96,0
5,32,55,97,0
5,32,55,98,0
5,32,55,99,0
5,32,55,100,0
5,32,55,101,0
5,32,55,102,0
5,32,55,103,0
5,32,55,104,0
5,32,55,105,0
5,32,55,106,0
5,32,55,107,0
5,32,55,108,0
5,32,55,109,0
5,32,55,110,0
5,32,55,111,0
5,32,55,112,0
5,32,55,113,0
5,32,55,114,0
5,32,55,115,0
5,32,55,116,0
5,32,55,117,0
5,32,55,118,0
5,32,55,119,0
5,32,55,120,0
5,32,55,121,0
5,32,55,122,0
5,32,55,123,0
5,32,55,124,0
5,32,55,125,0
5,32,55,126,0
5,32,55,127,0
5,32,55,128,0
5,32,55,129,0
5,32,55,130,0
5,32,55,131,0
5,32,55,132,0
5,32,55,133,0
5,32,55,134,0
5,32,55,135,0
5,32,55,136,0
5,32,55,137,0
5,32,55,138,0
5,32,55,139,0
5,32,55,140,0
5,32,55,141,0
5,32,55,142,0
5,32,55,143,0
5,32,55,144,0
5,32,55,145,0
5,32,55,146,0
5,32,55,147,0
5,32,55,148,0
5,32,55,149,0
5,32,55,150,0
5,32,55,151,0
5,32,55,152,0
5,32,55,153,0
5,32,55,154,0
5,32,55,155,0
5,32,55,156,0
5,32,55,157,0
5,32,55,158,0
5,32,55,159,0
5,32,55,160,0
5,32,55,161,0
5,32,55,162,0
5,32,55,163,0
5,32,55,164,0
5,32,55,165,0
5,32,55,166,0
5,32,55,167,0
5,32,55,168,0
5,32,55,169,0
5,32,55,170,0
5,32,55,171,0
5,32,55,172,0
5,32,55,173,0
5,32,55,174,0
5,32,55,175,0
5,32,55,176,0
5,32,55,177,0
5,32,55,178,0
5,32,55,179,0
5,32,55,180,0
5,32,55,181,0
5,32,55,182,0
5,32,55,183,0
5,32,55,184,0
5,32,55,185,0
5,32,55,186,0
5,32,55,187,0
5,32,55,188,0
5,32,55,189,0
5,32,55,190,0
5,32,55,191,0
5,32,55,192,0
5,32,55,193,0
5,32,55,194,0
5,32,55,195,0
5,32,55,196,0
5,32,55,197,0
5,32,55,198,0
5,32,55,199,0
5,32,55,200,0
5,32,55,201,0
5,32,55,202,0
5,32,55,203,0
5,32,55,204,0
5,32,55,205,0
5,32,55,206,0
5,32,55,207,0
5,32,55,208,0
5,32,55,209,0
5,32,55,210,0
5,32,55,211,0
5,32,55,212,0
5,32,55,213,0
5,32,55,214,0
5,32,55,215,0
5,32,55,216,0
5,32,55,217,0
5,32,55,218,0
5,32,55,219,0
5,32,55,220,0
5,32,55,221,0
5,32,55,222,0
5,32,55,223,0
5,32,55,224,0
5,32,55,225,0
5,32,55,226,0
5,32,55,227,0
5,32,55,228,0
5,32,55,229,0
5,32,55,230,0
5,32,55,231,0
5,32,55,232,0
5,32,55,233,0
5,32,55,234,0
5,32,55,235,0
5,32,55,236,0
5,32,55,237,0
5,32,55,238,0
5,32,55,239,0
5,32,55,240,0
5,32,55,241,0
5,32,55,242,0
5,32,55,243,0
5,32,55,244,0
5,32,55,245,0
5,32,55,246,0
5,32,55,247,0
5,32,55,248,0
5,32,55,249,0
5,32,55,250,0
5,32,55,251,0
5,32,55,252,0
5,32,55,253,0
5,32,55,254,0
5,32,55,255,0
5,32,55,256,0
5,32,55,257,0
5,32,55,258,0
5,32,55,259,0
5,32,55,260,0
5,32,55,261,0
5,32,55,262,0
5,32,55,263,0
5,32,55,264,0
5,32,55,265,0
5,32,55,266,0
5,32,55,267,0
5,32,55,268,0
5,32,55,269,0
5,32,55,270,0
5,32,55,271,0
5,32,55,272,0
5,32,55,273,0
5,32,55,274,0
5,32,55,275,0
5,32,55,276,0
5,32,55,277,0
5,32,55,278,0
5,32,55,279,0
5,32,55,280,0
5,32,55,281,0
5,32,55,282,0
5,32,55,283,0
5,32,56,0,313837793786908514122509
5,32,56,1,13181854277206166050933149
5,32,56,2,302502805579715880979127421
5,32,56,3,4939084916265393175809304755
5,32,56,4,63583090350900999099496564898
5,32,56,5,680920504794341724960658300887
5,32,56,6,6265479513652071153152540511344
5,32,56,7,50600728614513547353271973838656
5,32,56,8,364037925464803139308871415306513
5,32,56,9,2358311343471853422484173304435803
5,32,56,10,13868085294945206385465510635496248
5,32,56,11,74483922116982227252646450340492542
5,32,56,12,367121522525308628765084792746394676
5,32,56,13,1666793998267531616653678020247451608
5,32,56,14,6991346867351238193977671048142752861
5,32,56,15,27155828900280163668542138259187384943
5,32,56,16,97857790144736877619599405762528178860
5,32,56,17,327640488723406462652104458714828395680
5,32,56,18,1020411079700899740757486605271979800675
5,32,56,19,2958871778671186743431010102686644309108
5,32,56,20,7993967319867687792907185325010495412773
5,32,56,21,20133892075239304812426541465518196206750
5,32,56,22,47294837474767044590648437649115356782181
5,32,56,23,103650898443300927242336645244267914965789
5,32,56,24,211998015904285446564311216336837304537242
5,32,56,25,404762533708171970186612034411350534828950
5,32,56,26,721578029017922934897205962141843721862442
5,32,56,27,1201403432570277690970162024721217247659564
5,32,56,28,1868687457668439167999744488494918082865410
5,32,56,29,2716221764421121833209788744208308528518049
5,32,56,30,3690950272909110293601638169994525123764546
5,32,56,31,4690829028568693786358330735066359998095140
5,32,56,32,5578634192385577245960383405428497307192417
5,32,56,33,6212103056284378979721090173490656479783793
5,32,56,34,6481658910038815310182271832696045072934887
5,32,56,35,6341813745065750056565809627237483712405677
5,32,56,36,5823729382732760971794178325847580029104375
5,32,56,37,5024177980788948454524680815833097705556734
5,32,56,38,4076169979764778158349585233079598837340269
5,32,56,39,3113417853570076927756163710103380772397086
5,32,56,40,2241386313834035049997804005805866566280524
5,32,56,41,1522659404631962859660832783511966052078541
5,32,56,42,977278854815839950571289087710279188389741
5,32,56,43,593323203504312077975663593845099926638538
5,32,56,44,341151689947965217329021687449706060450814
5,32,56,45,185997439498832151999150101188369403761017
5,32,56,46,96267227851038578774680563336911195752513
5,32,56,47,47353899379285198890986390082501311780287
5,32,56,48,22162262740197009564585239486674732530203
5,32,56,49,9878881431218665196446461577154749174918
5,32,56,50,4198247853025491756496801445596937846981
5,32,56,51,1702558853669100675546007113710370813346
5,32,56,52,659465810904222012205270894657304656485
5,32,56,53,244172081740905567578779962092813994509
5,32,56,54,86486103047058827546323335242287634598
5,32,56,55,29325988897554538247177271900850453427
5,32,56,56,9525811083701039866516421603984936185
5,32,56,57,2965924723109994132155370967177655676
5,32,56,58,885673406786185015611763691290745588
5,32,56,59,253788039559380877674264182327380453
5,32,56,60,69817704975483378057518144279879859
5,32,56,61,18448262912728998336820765361008312
5,32,56,62,4684108875135477314809732931773145
5,32,56,63,1143286691985303018390872822038501
5,32,56,64,268352283793771490191557118488775
5,32,56,65,60594602574641129516846310085430
5,32,56,66,13167077914431094778525688348771
5,32,56,67,2754304732541552728002558719608
5,32,56,68,554796462925373895600840150673
5,32,56,69,107640917055016074858552338854
5,32,56,70,20121279336635028494064413535
5,32,56,71,3624670174633791429781687149
5,32,56,72,629363562889492714146003694
5,32,56,73,105347113640236076924575501
5,32,56,74,17001135885589350779865007
5,32,56,75,2645379153505002018996462
5,32,56,76,396864122466168402648787
5,32,56,77,57397264245088952829579
5,32,56,78,8000953986208548676901
5,32,56,79,1074591229900657584314
5,32,56,80,138987553965798989044
5,32,56,81,17299415530877065812
5,32,56,82,2070081202763141467
5,32,56,83,237828726156764438
5,32,56,84,26185640637302838
5,32,56,85,2755847049426772
5,32,56,86,276188530972359
5,32,56,87,26212481975023
5,32,56,88,2336749163626
5,32,56,89,193444836391
5,32,56,90,14614852836
5,32,56,91,986743913
5,32,56,92,57431496
5,32,56,93,2758205
5,32,56,94,97564
5,32,56,95,2205
5,32,56,96,0
5,32,56,97,0
5,32,56,98,0
5,32,56,99,0
5,32,56,100,0
5,32,56,101,0
5,32,56,102,0
5,32,56,103,0
5,32,56,104,0
5,32,56,105,0
5,32,56,106,0
5,32,56,107,0
5,32,56,108,0
5,32,56,109,0
5,32,56,110,0
5,32,56,111,0
5,32,56,112,0
5,32,56,113,0
5,32,56,114,0
5,32,56,115,0
5,32,56,116,0
5,32,56,117,0
5,32,56,118,0
5,32,56,119,0
5,32,56,120,0
5,32,56,121,0
5,32,56,122,0
5,32,56,123,0
5,32,56,124,0
5,32,56,125,0
5,32,56,126,0
5,32,56,127,0
5,32,56,128,0
5,32,56,129,0
5,32,56,130,0
5,32,56,131,0
5,32,56,132,0
5,32,56,133,0
5,32,56,134,0
5,32,56,135,0
5,32,56,136,0
5,32,56,137,0
5,32,56,138,0
5,32,56,139,0
5,32,56,140,0
5,32,56,141,0
5,32,56,142,0
5,32,56,143,0
5,32,56,144,0
5,32,56,145,0
5,32,56,146,0
5,32,56,147,0
5,32,56,148,0
5,32,56,149,0
5,32,56,150,0
5,32,56,151,0
5,32,56,152,0
5,32,56,153,0
5,32,56,154,0
5,32,56,155,0
5,32,56,156,0
5,32,56,157,0
5,32,56,158,0
5,32,56,159,0
5,32,56,160,0
5,32,56,161,0
5,32,56,162,0
5,32,56,163,0
5,32,56,164,0
5,32,56,165,0
5,32,56,166,0
5,32,56,167,0
5,32,56,168,0
5,32,56,169,0
5,32,56,170,0
5,32,56,171,0
5,32,56,172,0
5,32,56,173,0
5,32,56,174,0
5,32,56,175,0
5,32,56,176,0
5,32,56,177,0
5,32,56,178,0
5,32,56,179,0
5,32,56,180,0
5,32,56,181,0
5,32,56,182,0
5,32,56,183,0
5,32,56,184,0
5,32,56,185,0
5,32,56,186,0
5,32,56,187,0
5,32,56,188,0
5,32,56,189,0
5,32,56,190,0
5,32,56,191,0
5,32,56,192,0
5,32,56,193,0
5,32,56,194,0
5,32,56,195,0
5,32,56,196,0
5,32,56,197,0
5,32,56,198,0
5,32,56,199,0
5,32,56,200,0
5,32,56,201,0
5,32,56,202,0
5,32,56,203,0
5,32,56,204,0
5,32,56,205,0
5,32,56,206,0
5,32,56,207,0
5,32,56,208,0
5,32,56,209,0
5,32,56,210,0
5,32,56,211,0
5,32,56,212,0
5,32,56,213,0
5,32,56,214,0
5,32,56,215,0
5,32,56,216,0
5,32,56,217,0
5,32,56,218,0
5,32,56,219,0
5,32,56,220,0
5,32,56,221,0
5,32,56,222,0
5,32,56,223,0
5,32,56,224,0
5,32,56,225,0
5,32,56,226,0
5,32,56,227,0
5,32,56,228,0
5,32,56,229,0
5,32,56,230,0
5,32,56,231,0
5,32,56,232,0
5,32,56,233,0
5,32,56,234,0
5,32,56,235,0
5,32,56,236,0
5,32,56,237,0
5,32,56,238,0
5,32,56,239,0
5,32,56,240,0
5,32,56,241,0
5,32,56,242,0
5,32,56,243,0
5,32,56,244,0
5,32,56,245,0
5,32,56,246,0
5,32,56,247,0
5,32,56,248,0
5,32,56,249,0
5,32,56,250,0
5,32,56,251,0
5,32,56,252,0
5,32,56,253,0
5,32,56,254,0
5,32,56,255,0
5,32,56,256,0
5,32,56,257,0
5,32,56,258,0
5,32,56,259,0
5,32,56,260,0
5,32,56,261,0
5,32,56,262,0
5,32,56,263,0
5,32,56,264,0
5,32,56,265,0
5,32,56,266,0
5,32,56,267,0
5,32,56,268,0
5,32,56,269,0
5,32,56,270,0
5,32,56,271,0
5,32,56,272,0
5,32,56,273,0
5,32,56,274,0
5,32,56,275,0
5,32,56,276,0
5,32,56,277,0
5,32,56,278,0
5,32,56,279,0
5,32,56,280,0
5,32,56,281,0
5,32,56,282,0
5,32,56,283,0
5,32,57,0,88067465717822649588798
5,32,57,1,3712856806400352431248126
5,32,57,2,86232829429845565807196676
5,32,57,3,1433129685786743511841810476
5,32,57,4,18864787026724340559955783994
5,32,57,5,207372211105481303919441381974
5,32,57,6,1965283443001946350523864481414
5,32,57,7,16397454734526828037428329611430
5,32,57,8,122220284673253385156691457821256
5,32,57,9,822477202456079709432053165704218
5,32,57,10,5036775622604249914698244396392078
5,32,57,11,28239051976653225654017780776858296
5,32,57,12,145628749981296247992749178807358532
5,32,57,13,693320796630481473702007943837292170
5,32,57,14,3056087597788397707429649551866834680
5,32,57,15,12500701790212473673014972204179677984
5,32,57,16,47536324998025370632602189023176989086
5,32,57,17,168290467604888306715896693473911354924
5,32,57,18,555293906455004086714027729543718477390
5,32,57,19,1709207552140290948660656644967136326524
5,32,57,20,4910970438409827513423177373563150005094
5,32,57,21,13178411137352314608929860562448672836398
5,32,57,22,33040752713953738329089451993601143660958
5,32,57,23,77420186701558226968355086865090373572610
5,32,57,24,169578989697374568821940902322679472478998
5,32,57,25,347280126310459856266231280126362739776636
5,32,57,26,665034740438814191952538171294240980993776
5,32,57,27,1191051283569942423415749225669680642147572
5,32,57,28,1995309945790260834590074806413305768044820
5,32,57,29,3127305355498695946885235173082703170525156
5,32,57,30,4586878262194582116189456565122499474515146
5,32,57,31,6297737839381131433186913703784004135475650
5,32,57,32,8097239630930820820303568230075994401112342
5,32,57,33,9753801453651476042563322376463646198931426
5,32,57,34,11013672255069206986613890414812037359676198
5,32,57,35,11665065438158451847482845598398496420893496
5,32,57,36,11597201373413901126769772981199050558416352
5,32,57,37,10831334210544906827605619380929529619442954
5,32,57,38,9511750286446116525611300749651844710194058
5,32,57,39,7861537767543531138289184853096472211284688
5,32,57,40,6121666013511898284997524274248222781083302
5,32,57,41,4495893250345306606777494924946785699075758
5,32,57,42,3117690829025742509810203365527875693652538
5,32,57,43,2043708301711989138277880350676270632543886
5,32,57,44,1267878646752496208068303262683425460607858
5,32,57,45,745270624265064143086321279660616919320532
5,32,57,46,415554389666080743174177945012413409840638
5,32,57,47,220044281493048475818147389388803959150826
5,32,57,48,110774081184331128115422240189699524068708
5,32,57,49,53072915117017396818405448574558385692396
5,32,57,50,24224562058298746283973376590349641477856
5,32,57,51,10544044042933107011545311073153940080238
5,32,57,52,4380503646008502525666068294792235641456
5,32,57,53,1738521667966713150290929083661633838214
5,32,57,54,659667680652079235384820539602134077848
5,32,57,55,239488972902149574741871495621609132088
5,32,57,56,83246164915327434789316546935078045728
5,32,57,57,27723146762420381234702142433391588056
5,32,57,58,8850765269214274684809977407831228704
5,32,57,59,2710318349511922165318389250702378822
5,32,57,60,796497678626986402771670641200530094
5,32,57,61,224740363091504342131039734439922086
5,32,57,62,60912082000142722946475145149592314
5,32,57,63,15864725604976881486755063467885892
5,32,57,64,3972267326544711462680978896735582
5,32,57,65,956492652190079513116859338511590
5,32,57,66,221571626230217287048934253825650
5,32,57,67,49394711330881414480307705557964
5,32,57,68,10600292219277421162880120467592
5,32,57,69,2190566254322763488967784597082
5,32,57,70,436032171757719696419109524690
5,32,57,71,83621511111233664942561453010
5,32,57,72,15454622084531983746207433494
5,32,57,73,2753156998060203362588074542
5,32,57,74,472837802534741394391693608
5,32,57,75,78299738159988934781134982
5,32,57,76,12502923893062130483557120
5,32,57,77,1925198784674869834059476
5,32,57,78,285844303327116414527462
5,32,57,79,40917738130031989974976
5,32,57,80,5645629028756666310926
5,32,57,81,750522406430850983810
5,32,57,82,96078154187086542134
5,32,57,83,11834809544158665038
5,32,57,84,1401254041539745768
5,32,57,85,159245585402997818
5,32,57,86,17335935128612940
5,32,57,87,1802704849219754
5,32,57,88,178318786236526
5,32,57,89,16678660294438
5,32,57,90,1461764282952
5,32,57,91,118569624722
5,32,57,92,8741621880
5,32,57,93,572228260
5,32,57,94,31971956
5,32,57,95,1458244
5,32,57,96,47782
5,32,57,97,840
5,32,57,98,0
5,32,57,99,0
5,32,57,100,0
5,32,57,101,0
5,32,57,102,0
5,32,57,103,0
5,32,57,104,0
5,32,57,105,0
5,32,57,106,0
5,32,57,107,0
5,32,57,108,0
5,32,57,109,0
5,32,57,110,0
5,32,57,111,0
5,32,57,112,0
5,32,57,113,0
5,32,57,114,0
5,32,57,115,0
5,32,57,116,0
5,32,57,117,0
5,32,57,118,0
5,32,57,119,0
5,32,57,120,0
5,32,57,121,0
5,32,57,122,0
5,32,57,123,0
5,32,57,124,0
5,32,57,125,0
5,32,57,126,0
5,32,57,127,0
5,32,57,128,0
5,32,57,129,0
5,32,57,130,0
5,32,57,131,0
5,32,57,132,0
5,32,57,133,0
5,32,57,134,0
5,32,57,135,0
5,32,57,136,0
5,32,57,137,0
5,32,57,138,0
5,32,57,139,0
5,32,57,140,0
5,32,57,141,0
5,32,57,142,0
5,32,57,143,0
5,32,57,144,0
5,32,57,145,0
5,32,57,146,0
5,32,57,147,0
5,32,57,148,0
5,32,57,149,0
5,32,57,150,0
5,32,57,151,0
5,32,57,152,0
5,32,57,153,0
5,32,57,154,0
5,32,57,155,0
5,32,57,156,0
5,32,57,157,0
5,32,57,158,0
5,32,57,159,0
5,32,57,160,0
5,32,57,161,0
5,32,57,162,0
5,32,57,163,0
5,32,57,164,0
5,32,57,165,0
5,32,57,166,0
5,32,57,167,0
5,32,57,168,0
5,32,57,169,0
5,32,57,170,0
5,32,57,171,0
5,32,57,172,0
5,32,57,173,0
5,32,57,174,0
5,32,57,175,0
5,32,57,176,0
5,32,57,177,0
5,32,57,178,0
5,32,57,179,0
5,32,57,180,0
5,32,57,181,0
5,32,57,182,0
5,32,57,183,0
5,32,57,184,0
5,32,57,185,0
5,32,57,186,0
5,32,57,187,0
5,32,57,188,0
5,32,57,189,0
5,32,57,190,0
5,32,57,191,0
5,32,57,192,0
5,32,57,193,0
5,32,57,194,0
5,32,57,195,0
5,32,57,196,0
5,32,57,197,0
5,32,57,198,0
5,32,57,199,0
5,32,57,200,0
5,32,57,201,0
5,32,57,202,0
5,32,57,203,0
5,32,57,204,0
5,32,57,205,0
5,32,57,206,0
5,32,57,207,0
5,32,57,208,0
5,32,57,209,0
5,32,57,210,0
5,32,57,211,0
5,32,57,212,0
5,32,57,213,0
5,32,57,214,0
5,32,57,215,0
5,32,57,216,0
5,32,57,217,0
5,32,57,218,0
5,32,57,219,0
5,32,57,220,0
5,32,57,221,0
5,32,57,222,0
5,32,57,223,0
5,32,57,224,0
5,32,57,225,0
5,32,57,226,0
5,32,57,227,0
5,32,57,228,0
5,32,57,229,0
5,32,57,230,0
5,32,57,231,0
5,32,57,232,0
5,32,57,233,0
5,32,57,234,0
5,32,57,235,0
5,32,57,236,0
5,32,57,237,0
5,32,57,238,0
5,32,57,239,0
5,32,57,240,0
5,32,57,241,0
5,32,57,242,0
5,32,57,243,0
5,32,57,244,0
5,32,57,245,0
5,32,57,246,0
5,32,57,247,0
5,32,57,248,0
5,32,57,249,0
5,32,57,250,0
5,32,57,251,0
5,32,57,252,0
5,32,57,253,0
5,32,57,254,0
5,32,57,255,0
5,32,57,256,0
5,32,57,257,0
5,32,57,258,0
5,32,57,259,0
5,32,57,260,0
5,32,57,261,0
5,32,57,262,0
5,32,57,263,0
5,32,57,264,0
5,32,57,265,0
5,32,57,266,0
5,32,57,267,0
5,32,57,268,0
5,32,57,269,0
5,32,57,270,0
5,32,57,271,0
5,32,57,272,0
5,32,57,273,0
5,32,57,274,0
5,32,57,275,0
5,32,57,276,0
5,32,57,277,0
5,32,57,278,0
5,32,57,279,0
5,32,57,280,0
5,32,57,281,0
5,32,57,282,0
5,32,57,283,0
5,32,58,0,23211625792096113481627
5,32,58,1,978296646203585426338491
5,32,58,2,22921555104234748631675342
5,32,58,3,386637565008789223207331736
5,32,58,4,5190257480445127153448455224
5,32,58,5,58417863975453259201330905313
5,32,58,6,568855570080218424361118290319
5,32,58,7,4892234624686777285701711469286
5,32,58,8,37695481609452220011193069737188
5,32,58,9,262943007801599811707122654534189
5,32,58,10,1673372632925364491323327698484603
5,32,58,11,9773506218982452732373694539195235
5,32,58,12,52628729117445087105557451297634548
5,32,58,13,262219853202734309784698804364082956
5,32,58,14,1212281161148700006240202854036667792
5,32,58,15,5211990322385565304658358394249184189
5,32,58,16,20875159146160367161500096507416736477
5,32,58,17,77997747044376346539985256112156520635
5,32,58,18,272162595264445155667290823718356251250
5,32,58,19,887625335408611962054863571244592363879
5,32,58,20,2707443314018965224800172107855398330179
5,32,58,21,7727171088442206776012542379458955163743
5,32,58,22,20642384879782748689225787257215596580862
5,32,58,23,51627385907107436521255105701444413380794
5,32,58,24,120906889459315730986187811725052064650153
5,32,58,25,265166871353759787929856299147137759903039
5,32,58,26,544649973817886724912115497231902203422384
5,32,58,27,1047786777970929000393419781849232678465583
5,32,58,28,1888056919917072886450750997296335547353356
5,32,58,29,3187007862692716299216031490135454669354141
5,32,58,30,5040022300915789467259180040826012578071582
5,32,58,31,7468625046615994093671873697902086186832440
5,32,58,32,10373199991623770317466534947318423842937310
5,32,58,33,13507827613034366600651507749282924559821370
5,32,58,34,16497981568790500383982309262889910366710802
5,32,58,35,18908538769116155652548955893361604088185706
5,32,58,36,20347679389291544724801499510095263740253804
5,32,58,37,20572550040031526588572925053629819867756368
5,32,58,38,19556980135934861046561194684561968815893142
5,32,58,39,17495056175019446314068082279000678708242442
5,32,58,40,14740777692225682099235961575442864131010330
5,32,58,41,11709456785996684235376834888582273942687931
5,32,58,42,8778244220798590115091597001634345196339523
5,32,58,43,6217198298454297899384724969222525807832086
5,32,58,44,4164591788378950003270416825081609591525261
5,32,58,45,2641330750809069737429025085218451027326604
5,32,58,46,1587924611075486677387806178067082671321594
5,32,58,47,905888933359187234749619132919420253479764
5,32,58,48,490943818393171397893585811393745030655973
5,32,58,49,253024569899388124234501317860246516180226
5,32,58,50,124140932842958946477125434531460186062779
5,32,58,51,58038787440974654945143488201653954296297
5,32,58,52,25881078024872721651551192264069212995543
5,32,58,53,11017810940347024852007619577576359428500
5,32,58,54,4481495487967813176973268298047196948329
5,32,58,55,1743043365426973044147094083818881445066
5,32,58,56,648740546495141330191177376130046089513
5,32,58,57,231211358020303798081857185828340066961
5,32,58,58,78958453309021938883398482784790027897
5,32,58,59,25852053933004384354335039590955551424
5,32,58,60,8119605217353158865357405149236609796
5,32,58,61,2447581178679246945496800514833671116
5,32,58,62,708442423934161062740080677643466084
5,32,58,63,196981733295821615983113850044721816
5,32,58,64,52635335096675998529462452971532029
5,32,58,65,13521473619683193349028873517919597
5,32,58,66,3340577350806782778525421034271224
5,32,58,67,793994308668653940208504195052360
5,32,58,68,181615063124232773529263817426309
5,32,58,69,39990670040505300935725983186267
5,32,58,70,8479402689286512923386595964888
5,32,58,71,1731779329447810977173046041188
5,32,58,72,340764500870088604349492359293
5,32,58,73,64618384121716166563482292515
5,32,58,74,11811177179919903255193686799
5,32,58,75,2081367069035427987292805882
5,32,58,76,353663690098588870558508051
5,32,58,77,57951924542143828670128059
5,32,58,78,9158143117333459853498828
5,32,58,79,1395751600775922222864198
5,32,58,80,205132975668723574808191
5,32,58,81,29067942259757902516626
5,32,58,82,3970267360575425396455
5,32,58,83,522475479318550932090
5,32,58,84,66204881002450052787
5,32,58,85,8071064777622780907
5,32,58,86,945576383017138678
5,32,58,87,106295390723948042
5,32,58,88,11440387075935791
5,32,58,89,1175271559206689
5,32,58,90,114716170825296
5,32,58,91,10568713768056
5,32,58,92,910101862354
5,32,58,93,72287743410
5,32,58,94,5191307110
5,32,58,95,328962971
5,32,58,96,17666773
5,32,58,97,753863
5,32,58,98,23038
5,32,58,99,294
5,32,58,100,0
5,32,58,101,0
5,32,58,102,0
5,32,58,103,0
5,32,58,104,0
5,32,58,105,0
5,32,58,106,0
5,32,58,107,0
5,32,58,108,0
5,32,58,109,0
5,32,58,110,0
5,32,58,111,0
5,32,58,112,0
5,32,58,113,0
5,32,58,114,0
5,32,58,115,0
5,32,58,116,0
5,32,58,117,0
5,32,58,118,0
5,32,58,119,0
5,32,58,120,0
5,32,58,121,0
5,32,58,122,0
5,32,58,123,0
5,32,58,124,0
5,32,58,125,0
5,32,58,126,0
5,32,58,127,0
5,32,58,128,0
5,32,58,129,0
5,32,58,130,0
5,32,58,131,0
5,32,58,132,0
5,32,58,133,0
5,32,58,134,0
5,32,58,135,0
5,32,58,136,0
5,32,58,137,0
5,32,58,138,0
5,32,58,139,0
5,32,58,140,0
5,32,58,141,0
5,32,58,142,0
5,32,58,143,0
5,32,58,144,0
5,32,58,145,0
5,32,58,146,0
5,32,58,147,0
5,32,58,148,0
5,32,58,149,0
5,32,58,150,0
5,32,58,151,0
5,32,58,152,0
5,32,58,153,0
5,32,58,154,0
5,32,58,155,0
5,32,58,156,0
5,32,58,157,0
5,32,58,158,0
5,32,58,159,0
5,32,58,160,0
5,32,58,161,0
5,32,58,162,0
5,32,58,163,0
5,32,58,164,0
5,32,58,165,0
5,32,58,166,0
5,32,58,167,0
5,32,58,168,0
5,32,58,169,0
5,32,58,170,0
5,32,58,171,0
5,32,58,172,0
5,32,58,173,0
5,32,58,174,0
5,32,58,175,0
5,32,58,176,0
5,32,58,177,0
5,32,58,178,0
5,32,58,179,0
5,32,58,180,0
5,32,58,181,0
5,32,58,182,0
5,32,58,183,0
5,32,58,184,0
5,32,58,185,0
5,32,58,186,0
5,32,58,187,0
5,32,58,188,0
5,32,58,189,0
5,32,58,190,0
5,32,58,191,0
5,32,58,192,0
5,32,58,193,0
5,32,58,194,0
5,32,58,195,0
5,32,58,196,0
5,32,58,197,0
5,32,58,198,0
5,32,58,199,0
5,32,58,200,0
5,32,58,201,0
5,32,58,202,0
5,32,58,203,0
5,32,58,204,0
5,32,58,205,0
5,32,58,206,0
5,32,58,207,0
5,32,58,208,0
5,32,58,209,0
5,32,58,210,0
5,32,58,211,0
5,32,58,212,0
5,32,58,213,0
5,32,58,214,0
5,32,58,215,0
5,32,58,216,0
5,32,58,217,0
5,32,58,218,0
5,32,58,219,0
5,32,58,220,0
5,32,58,221,0
5,32,58,222,0
5,32,58,223,0
5,32,58,224,0
5,32,58,225,0
5,32,58,226,0
5,32,58,227,0
5,32,58,228,0
5,32,58,229,0
5,32,58,230,0
5,32,58,231,0
5,32,58,232,0
5,32,58,233,0
5,32,58,234,0
5,32,58,235,0
5,32,58,236,0
5,32,58,237,0
5,32,58,238,0
5,32,58,239,0
5,32,58,240,0
5,32,58,241,0
5,32,58,242,0
5,32,58,243,0
5,32,58,244,0
5,32,58,245,0
5,32,58,246,0
5,32,58,247,0
5,32,58,248,0
5,32,58,249,0
5,32,58,250,0
5,32,58,251,0
5,32,58,252,0
5,32,58,253,0
5,32,58,254,0
5,32,58,255,0
5,32,58,256,0
5,32,58,257,0
5,32,58,258,0
5,32,58,259,0
5,32,58,260,0
5,32,58,261,0
5,32,58,262,0
5,32,58,263,0
5,32,58,264,0
5,32,58,265,0
5,32,58,266,0
5,32,58,267,0
5,32,58,268,0
5,32,58,269,0
5,32,58,270,0
5,32,58,271,0
5,32,58,272,0
5,32,58,273,0
5,32,58,274,0
5,32,58,275,0
5,32,58,276,0
5,32,58,277,0
5,32,58,278,0
5,32,58,279,0
5,32,58,280,0
5,32,58,281,0
5,32,58,282,0
5,32,58,283,0
5,32,59,0,5748483220218065250740
5,32,59,1,241198520643692292555868
5,32,59,2,5682518318027855326501508
5,32,59,3,97004914286966859668384188
5,32,59,4,1324465328867779978743843034
5,32,59,5,15225292816492513294845614696
5,32,59,6,151971947383616845875073851566
5,32,59,7,1344068789175524641086109303406
5,32,59,8,10681923404328658693513516349580
5,32,59,9,77067482083285337686270946429526
5,32,59,10,508610171642656557466980925190434
5,32,59,11,3088184778294714030572252772611938
5,32,59,12,17328807865970923237052970305231198
5,32,59,13,90177755942106614551595373256561558
5,32,59,14,436404483465060038996957318392737310
5,32,59,15,1968243627858964765122079180251826068
5,32,59,16,8287219362077455116566954005342021978
5,32,59,17,32618107512132279112180289254344929092
5,32,59,18,120137295798648296765726262753881093208
5,32,59,19,414389704315764130042479110305505685866
5,32,59,20,1339392676437462757662715500615646269862
5,32,59,21,4058444366198181004786683614038559581122
5,32,59,22,11531648346651240953500162492320924636238
5,32,59,23,30731585933655370517852055506843744353752
5,32,59,24,76822187414138211869746118017712107988848
5,32,59,25,180142767811665863089300638647269175459636
5,32,59,26,396258380228227189703173617810684797080212
5,32,59,27,817645819159221847020352802604327735918990
5,32,59,28,1582591958259434725251102881444962878767340
5,32,59,29,2873338071620460357763270067016680417444130
5,32,59,30,4893587974375335049803745580331875714380838
5,32,59,31,7818396480491097495209561447083913665994436
5,32,59,32,11719461018036078785686993509379938369506456
5,32,59,33,16484485649545898540680168130333814840038370
5,32,59,34,21763625845101377141258098820870016071777776
5,32,59,35,26978680647064750846395995083647039386411450
5,32,59,36,31414249066990425781546929992170282005482668
5,32,59,37,34377207854787315972033652217687390558871288
5,32,59,38,35376302162287468744977474397476514668209014
5,32,59,39,34257028508902148908654560858154687965647940
5,32,59,40,31240310636540997497901471602334263332550494
5,32,59,41,26851890849727338195023582274335058994073794
5,32,59,42,21773209694621658138655718517894502437055486
5,32,59,43,16671571109283122128795211425883808531646348
5,32,59,44,12066321366392649481931232282361108023914470
5,32,59,45,8263603943736052119023035589072467500954910
5,32,59,46,5360696428213575154794826285610074160159080
5,32,59,47,3297574719951025713494822539493223876269734
5,32,59,48,1925542898098881613168671862832907848399072
5,32,59,49,1068450898731267973935708738901553047921816
5,32,59,50,563957901742654573125532260795021629616144
5,32,59,51,283442013162942533849655948782731986442730
5,32,59,52,135776840289985419601867953422958435314646
5,32,59,53,62048482796028032123586390330418226812080
5,32,59,54,27074505048536094285257943837858724640762
5,32,59,55,11289439097420094738697343052166420467890
5,32,59,56,4501977765487538744987720247644070551900
5,32,59,57,1718177613484666460290240086890043932786
5,32,59,58,627999480643031363008405401192203533936
5,32,59,59,219962505857048142133360500766779525912
5,32,59,60,73873316253460448636351336990954773798
5,32,59,61,23801729009906832096199828794462731926
5,32,59,62,7360820079694777423893247337434206906
5,32,59,63,2185946084318274848238321747732781830
5,32,59,64,623638031164085207631557924332139242
5,32,59,65,170992577970842519009309603349253154
5,32,59,66,45074817840271341358413498742162890
5,32,59,67,11427566112436972231807771841924404
5,32,59,68,2787272227620670041584128496672262
5,32,59,69,654254577798045840793335923844426
5,32,59,70,147837846250337768514070020132334
5,32,59,71,32167705725444153270168710431822
5,32,59,72,6741689827623620317421760593852
5,32,59,73,1361270426032531724157979586230
5,32,59,74,264882348823796774144356281990
5,32,59,75,49681247069308326495488612004
5,32,59,76,8983605786990157983841829910
5,32,59,77,1566401144466510065118849728
5,32,59,78,263396056646214590931032612
5,32,59,79,42717932470870038236024798
5,32,59,80,6682255737170741518819048
5,32,59,81,1008176326858035312641314
5,32,59,82,146691273299080224080086
5,32,59,83,20579649720301074829336
5,32,59,84,2782898313455810016822
5,32,59,85,362558388770919521132
5,32,59,86,45477297592738509926
5,32,59,87,5487294091089248774
5,32,59,88,636118677718129022
5,32,59,89,70730705285667076
5,32,59,90,7525657583419990
5,32,59,91,763620867904268
5,32,59,92,73524292480636
5,32,59,93,6669310520368
5,32,59,94,563882834158
5,32,59,95,43802406902
5,32,59,96,3063147328
5,32,59,97,187365386
5,32,59,98,9651044
5,32,59,99,383598
5,32,59,100,10866
5,32,59,101,84
5,32,59,102,0
5,32,59,103,0
5,32,59,104,0
5,32,59,105,0
5,32,59,106,0
5,32,59,107,0
5,32,59,108,0
5,32,59,109,0
5,32,59,110,0
5,32,59,111,0
5,32,59,112,0
5,32,59,113,0
5,32,59,114,0
5,32,59,115,0
5,32,59,116,0
5,32,59,117,0
5,32,59,118,0
5,32,59,119,0
5,32,59,120,0
5,32,59,121,0
5,32,59,122,0
5,32,59,123,0
5,32,59,124,0
5,32,59,125,0
5,32,59,126,0
5,32,59,127,0
5,32,59,128,0
5,32,59,129,0
5,32,59,130,0
5,32,59,131,0
5,32,59,132,0
5,32,59,133,0
5,32,59,134,0
5,32,59,135,0
5,32,59,136,0
5,32,59,137,0
5,32,59,138,0
5,32,59,139,0
5,32,59,140,0
5,32,59,141,0
5,32,59,142,0
5,32,59,143,0
5,32,59,144,0
5,32,59,145,0
5,32,59,146,0
5,32,59,147,0
5,32,59,148,0
5,32,59,149,0
5,32,59,150,0
5,32,59,151,0
5,32,59,152,0
5,32,59,153,0
5,32,59,154,0
5,32,59,155,0
5,32,59,156,0
5,32,59,157,0
5,32,59,158,0
5,32,59,159,0
5,32,59,160,0
5,32,59,161,0
5,32,59,162,0
5,32,59,163,0
5,32,59,164,0
5,32,59,165,0
5,32,59,166,0
5,32,59,167,0
5,32,59,168,0
5,32,59,169,0
5,32,59,170,0
5,32,59,171,0
5,32,59,172,0
5,32,59,173,0
5,32,59,174,0
5,32,59,175,0
5,32,59,176,0
5,32,59,177,0
5,32,59,178,0
5,32,59,179,0
5,32,59,180,0
5,32,59,181,0
5,32,59,182,0
5,32,59,183,0
5,32,59,184,0
5,32,59,185,0
5,32,59,186,0
5,32,59,187,0
5,32,59,188,0
5,32,59,189,0
5,32,59,190,0
5,32,59,191,0
5,32,59,192,0
5,32,59,193,0
5,32,59,194,0
5,32,59,195,0
5,32,59,196,0
5,32,59,197,0
5,32,59,198,0
5,32,59,199,0
5,32,59,200,0
5,32,59,201,0
5,32,59,202,0
5,32,59,203,0
5,32,59,204,0
5,32,59,205,0
5,32,59,206,0
5,32,59,207,0
5,32,59,208,0
5,32,59,209,0
5,32,59,210,0
5,32,59,211,0
5,32,59,212,0
5,32,59,213,0
5,32,59,214,0
5,32,59,215,0
5,32,59,216,0
5,32,59,217,0
5,32,59,218,0
5,32,59,219,0
5,32,59,220,0
5,32,59,221,0
5,32,59,222,0
5,32,59,223,0
5,32,59,224,0
5,32,59,225,0
5,32,59,226,0
5,32,59,227,0
5,32,59,228,0
5,32,59,229,0
5,32,59,230,0
5,32,59,231,0
5,32,59,232,0
5,32,59,233,0
5,32,59,234,0
5,32,59,235,0
5,32,59,236,0
5,32,59,237,0
5,32,59,238,0
5,32,59,239,0
5,32,59,240,0
5,32,59,241,0
5,32,59,242,0
5,32,59,243,0
5,32,59,244,0
5,32,59,245,0
5,32,59,246,0
5,32,59,247,0
5,32,59,248,0
5,32,59,249,0
5,32,59,250,0
5,32,59,251,0
5,32,59,252,0
5,32,59,253,0
5,32,59,254,0
5,32,59,255,0
5,32,59,256,0
5,32,59,257,0
5,32,59,258,0
5,32,59,259,0
5,32,59,260,0
5,32,59,261,0
5,32,59,262,0
5,32,59,263,0
5,32,59,264,0
5,32,59,265,0
5,32,59,266,0
5,32,59,267,0
5,32,59,268,0
5,32,59,269,0
5,32,59,270,0
5,32,59,271,0
5,32,59,272,0
5,32,59,273,0
5,32,59,274,0
5,32,59,275,0
5,32,59,276,0
5,32,59,277,0
5,32,59,278,0
5,32,59,279,0
5,32,59,280,0
5,32,59,281,0
5,32,59,282,0
5,32,59,283,0
5,32,60,0,1338038432097761653556
5,32,60,1,55649019929553014186668
5,32,60,2,1313993519594144838745386
5,32,60,3,22635345243190707456704394
5,32,60,4,313504468247513416166377215
5,32,60,5,3671558721753596447305691929
5,32,60,6,37475782900898232185283334007
5,32,60,7,340063177909904505837776590504
5,32,60,8,2781388515407865112132721697842
5,32,60,9,20710292142874211397477012720785
5,32,60,10,141435418709465586795111395839831
5,32,60,11,890904471358563560473724286755356
5,32,60,12,5198767110252460541397993966010434
5,32,60,13,28199722019771179899809026837265167
5,32,60,14,142569127074827256334910042524582661
5,32,60,15,673217493335548700090982434382184352
5,32,60,16,2974068863702162512668387178336834536
5,32,60,17,12307529284640900535407600006147792811
5,32,60,18,47757888629623706024194117836149773040
5,32,60,19,173899696571865286697152008758586778185
5,32,60,20,594525798978622571760137727588773588417
5,32,60,21,1909099060974122742354698091550299601627
5,32,60,22,5759459334728079508875485119262144710752
5,32,60,23,16326500795219173067923908040624570514493
5,32,60,24,43489873506986043630794868721738235184622
5,32,60,25,108858903305231340119250420401090302099809
5,32,60,26,256033885408352995117919480121879868096009
5,32,60,27,565786819746041452188628171889732544639134
5,32,60,28,1174596523916359576573114051735541296850920
5,32,60,29,2290682348004699481115313402384011563335943
5,32,60,30,4196126687755310824379958999930152866703016
5,32,60,31,7219725609956411677957746771371650625239777
5,32,60,32,11667587548304114487125885492638411978463989
5,32,60,33,17711435188316658891488092796541061111288601
5,32,60,34,25257558524165894440110311745310482086553962
5,32,60,35,33843779027823252970054990223624471647632160
5,32,60,36,42622252763621190286271710937613936338406633
5,32,60,37,50468629018387888159302302902575234814311693
5,32,60,38,56212128543765206616434338823598743273282643
5,32,60,39,58924549502774282733327887649584868601750115
5,32,60,40,58169059121088025194003323442067968170354505
5,32,60,41,54115884376468308204454231629778509969190255
5,32,60,42,47482620821934378009901631270839169473550930
5,32,60,43,39327044274244256443189868234963219106719389
5,32,60,44,30774371166232809482924275544230099539759407
5,32,60,45,22774206207901673505250794962711921857311123
5,32,60,46,15954522868627693613120388602095896140572734
5,32,60,47,10591355737155640074683309211850996402561497
5,32,60,48,6669486451885643043761734376958829374307466
5,32,60,49,3987977993025774258478939930359323436227837
5,32,60,50,2266600752295308716629558588305143023437849
5,32,60,51,1225726441094083359519740091153477857094049
5,32,60,52,631293123736242245964841127656165623529722
5,32,60,53,309952877683192873611877272246358925453984
5,32,60,54,145203977388050248447790744953094170214731
5,32,60,55,64960868801126664910648620682297776016343
5,32,60,56,27775870356972124183764983780991711648870
5,32,60,57,11359446199622885635612668500270130580923
5,32,60,58,4446620415139533556435586112639515969589
5,32,60,59,1667151027759621943619371528993504020323
5,32,60,60,599045269978762526657189302585709943163
5,32,60,61,206410608752581810111259265057637634559
5,32,60,62,68237170867444471058290887556985232831
5,32,60,63,21653991530038579437160350365152970767
5,32,60,64,6598998215838374981338605124779991314
5,32,60,65,1932064825718746082229740255092157597
5,32,60,66,543671509444438040150413628532067752
5,32,60,67,147088558134024882222981554259314572
5,32,60,68,38273233219465202572410094617192731
5,32,60,69,9581282087452445448414343598293113
5,32,60,70,2308318054081086426538259729249930
5,32,60,71,535348601921776846266098569021498
5,32,60,72,119554801568965148528180157597903
5,32,60,73,25715931253625311879167507747653
5,32,60,74,5329090572444257932162748906291
5,32,60,75,1064204091788667433854884936775
5,32,60,76,204840904728260252146098870192
5,32,60,77,38011882218028772951446915352
5,32,60,78,6801644230040749188959397663
5,32,60,79,1173730771967499123538158004
5,32,60,80,195359871143114011001415241
5,32,60,81,31365122326479474826030528
5,32,60,82,4857485505216992189658735
5,32,60,83,725616900780301641007482
5,32,60,84,104538653376358158929920
5,32,60,85,14521725752959275014332
5,32,60,86,1944354221494805018401
5,32,60,87,250798662114357374680
5,32,60,88,31142914922286998324
5,32,60,89,3719273312548171977
5,32,60,90,426629743103728934
5,32,60,91,46919411478713783
5,32,60,92,4934522173787252
5,32,60,93,494448243121638
5,32,60,94,46946194776519
5,32,60,95,4190164255565
5,32,60,96,347612610224
5,32,60,97,26382610200
5,32,60,98,1794121508
5,32,60,99,105723426
5,32,60,100,5206998
5,32,60,101,193192
5,32,60,102,4800
5,32,60,103,21
5,32,60,104,0
5,32,60,105,0
5,32,60,106,0
5,32,60,107,0
5,32,60,108,0
5,32,60,109,0
5,32,60,110,0
5,32,60,111,0
5,32,60,112,0
5,32,60,113,0
5,32,60,114,0
5,32,60,115,0
5,32,60,116,0
5,32,60,117,0
5,32,60,118,0
5,32,60,119,0
5,32,60,120,0
5,32,60,121,0
5,32,60,122,0
5,32,60,123,0
5,32,60,124,0
5,32,60,125,0
5,32,60,126,0
5,32,60,127,0
5,32,60,128,0
5,32,60,129,0
5,32,60,130,0
5,32,60,131,0
5,32,60,132,0
5,32,60,133,0
5,32,60,134,0
5,32,60,135,0
5,32,60,136,0
5,32,60,137,0
5,32,60,138,0
5,32,60,139,0
5,32,60,140,0
5,32,60,141,0
5,32,60,142,0
5,32,60,143,0
5,32,60,144,0
5,32,60,145,0
5,32,60,146,0
5,32,60,147,0
5,32,60,148,0
5,32,60,149,0
5,32,60,150,0
5,32,60,151,0
5,32,60,152,0
5,32,60,153,0
5,32,60,154,0
5,32,60,155,0
5,32,60,156,0
5,32,60,157,0
5,32,60,158,0
5,32,60,159,0
5,32,60,160,0
5,32,60,161,0
5,32,60,162,0
5,32,60,163,0
5,32,60,164,0
5,32,60,165,0
5,32,60,166,0
5,32,60,167,0
5,32,60,168,0
5,32,60,169,0
5,32,60,170,0
5,32,60,171,0
5,32,60,172,0
5,32,60,173,0
5,32,60,174,0
5,32,60,175,0
5,32,60,176,0
5,32,60,177,0
5,32,60,178,0
5,32,60,179,0
5,32,60,180,0
5,32,60,181,0
5,32,60,182,0
5,32,60,183,0
5,32,60,184,0
5,32,60,185,0
5,32,60,186,0
5,32,60,187,0
5,32,60,188,0
5,32,60,189,0
5,32,60,190,0
5,32,60,191,0
5,32,60,192,0
5,32,60,193,0
5,32,60,194,0
5,32,60,195,0
5,32,60,196,0
5,32,60,197,0
5,32,60,198,0
5,32,60,199,0
5,32,60,200,0
5,32,60,201,0
5,32,60,202,0
5,32,60,203,0
5,32,60,204,0
5,32,60,205,0
5,32,60,206,0
5,32,60,207,0
5,32,60,208,0
5,32,60,209,0
5,32,60,210,0
5,32,60,211,0
5,32,60,212,0
5,32,60,213,0
5,32,60,214,0
5,32,60,215,0
5,32,60,216,0
5,32,60,217,0
5,32,60,218,0
5,32,60,219,0
5,32,60,220,0
5,32,60,221,0
5,32,60,222,0
5,32,60,223,0
5,32,60,224,0
5,32,60,225,0
5,32,60,226,0
5,32,60,227,0
5,32,60,228,0
5,32,60,229,0
5,32,60,230,0
5,32,60,231,0
5,32,60,232,0
5,32,60,233,0
5,32,60,234,0
5,32,60,235,0
5,32,60,236,0
5,32,60,237,0
5,32,60,238,0
5,32,60,239,0
5,32,60,240,0
5,32,60,241,0
5,32,60,242,0
5,32,60,243,0
5,32,60,244,0
5,32,60,245,0
5,32,60,246,0
5,32,60,247,0
5,32,60,248,0
5,32,60,249,0
5,32,60,250,0
5,32,60,251,0
5,32,60,252,0
5,32,60,253,0
5,32,60,254,0
5,32,60,255,0
5,32,60,256,0
5,32,60,257,0
5,32,60,258,0
5,32,60,259,0
5,32,60,260,0
5,32,60,261,0
5,32,60,262,0
5,32,60,263,0
5,32,60,264,0
5,32,60,265,0
5,32,60,266,0
5,32,60,267,0
5,32,60,268,0
5,32,60,269,0
5,32,60,270,0
5,32,60,271,0
5,32,60,272,0
5,32,60,273,0
5,32,60,274,0
5,32,60,275,0
5,32,60,276,0
5,32,60,277,0
5,32,60,278,0
5,32,60,279,0
5,32,60,280,0
5,32,60,281,0
5,32,60,282,0
5,32,60,283,0
5,32,61,0,292737364207413504278
5,32,61,1,12013353562283462554822
5,32,61,2,283365497963029823154014
5,32,61,3,4911797655470007647813982
5,32,61,4,68828339807030353793044074
5,32,61,5,819182431788138639414881348
5,32,61,6,8530085735521440958474150166
5,32,61,7,79235056350105149599178429378
5,32,61,8,665464919528026453855584533858
5,32,61,9,5102784093752212632307119728334
5,32,61,10,35984180154718891012664243359728
5,32,61,11,234655675987515034104593298158488
5,32,61,12,1421056557460055161573613524554552
5,32,61,13,8018455597105784587762709621820698
5,32,61,14,42266476693492428797799007469775812
5,32,61,15,208550620497547531004298880350342068
5,32,61,16,964780937928159473038807359236732002
5,32,61,17,4189715490758052470226254458253447400
5,32,61,18,17095811500469757397439379620603357758
5,32,61,19,65592111812047641832668921674444994850
5,32,61,20,236751184856108795867562860528829830122
5,32,61,21,804197439441722235417947104291038080404
5,32,61,22,2571320563434865243881728753905408528814
5,32,61,23,7739592128136185179696651573778136666042
5,32,61,24,21930829195421373319478247559833445692350
5,32,61,25,58498369603559358570795697024070015230760
5,32,61,26,146871717972224017103401691740352354823212
5,32,61,27,347037724514735035752659042382082068644050
5,32,61,28,771593901715696265271776171662116764334312
5,32,61,29,1613992118765279498532723262294539054458400
5,32,61,30,3175740631565749275825092647724774988853684
5,32,61,31,5877050844599557794230376877153058756897146
5,32,61,32,10228203101786553836194057117613391159105376
5,32,61,33,16739380262096586186457027357845099582036732
5,32,61,34,25761960274580020772403561223231410489074258
5,32,61,35,37286031337737770446653164434011422784683404
5,32,61,36,50757677973629545407101405835851208975273736
5,32,61,37,65004203603244163164974973111849028933196862
5,32,61,38,78342631119804570501738368982241518437670966
5,32,61,39,88887967228488307642321237572160671584641364
5,32,61,40,94991624508838691809221715453141925106170908
5,32,61,41,95669185485170184163242484392022214926609130
5,32,61,42,90862757964140755558504247867428239533965640
5,32,61,43,81440915227590659974758556131899998756233718
5,32,61,44,68942637779600502633447818978430584201105648
5,32,61,45,55168748149275733886527433814995711490361136
5,32,61,46,41768723037418629683675721826885177754016808
5,32,61,47,29948258951148763253586628215043917746090590
5,32,61,48,20355204573571143442809037579022721058051198
5,32,61,49,13127768227718489983087839878738716868097002
5,32,61,50,8041702366388655027005636888294663029756060
5,32,61,51,4683543357531298498493620321914441042777368
5,32,61,52,2595923858573273277784984244315125853810484
5,32,61,53,1370602861862156405938649853935891664841988
5,32,61,54,689972803826248394264004595978276292457038
5,32,61,55,331463532180479327209977540811853006794150
5,32,61,56,152085631007039799425542628692555606500574
5,32,61,57,66701471636087595463164876348375747562746
5,32,61,58,27983599624617240400181287623263691354714
5,32,61,59,11238239109361848674939389342413156490508
5,32,61,60,4323191369044774478004229378794854411200
5,32,61,61,1593994427332215238239928526593722438732
5,32,61,62,563624954568449647811043054191761878926
5,32,61,63,191223306240241337063487501101862321026
5,32,61,64,62279781002639432993182136170823516216
5,32,61,65,19480544419600036869980767567487779508
5,32,61,66,5854369430988762900551482735939040932
5,32,61,67,1691017770209143448338813722298372562
5,32,61,68,469631889771324561375138292324590152
5,32,61,69,125444226079800749643359110466418666
5,32,61,70,32237497713511685787142702350391314
5,32,61,71,7972900455052741089307920324064618
5,32,61,72,1898177096299991432998854581459754
5,32,61,73,435149635111162898991993948376960
5,32,61,74,96080206057048710965458651816840
5,32,61,75,20437629601477794682096533935022
5,32,61,76,4189209483552215442342135067680
5,32,61,77,827632074201378342186669809770
5,32,61,78,157629972749597522357548617372
5,32,61,79,28948176260615380608244474174
5,32,61,80,5126949167809903781709640318
5,32,61,81,875817567261886270046960128
5,32,61,82,144321197755162733772743350
5,32,61,83,22942087823086049269832154
5,32,61,84,3518206784381761588829134
5,32,61,85,520431761436511004828276
5,32,61,86,74249060161047493161936
5,32,61,87,10213805112352146819928
5,32,61,88,1354196461795198150556
5,32,61,89,172954010622751278450
5,32,61,90,21261883209752042922
5,32,61,91,2513298618656174846
5,32,61,92,285261182608928664
5,32,61,93,31027348844386496
5,32,61,94,3225043093775006
5,32,61,95,319038613005892
5,32,61,96,29858484403008
5,32,61,97,2620818274276
5,32,61,98,213172473492
5,32,61,99,15790236376
5,32,61,100,1042248602
5,32,61,101,59197464
5,32,61,102,2767214
5,32,61,103,94976
5,32,61,104,2100
5,32,61,105,0
5,32,61,106,0
5,32,61,107,0
5,32,61,108,0
5,32,61,109,0
5,32,61,110,0
5,32,61,111,0
5,32,61,112,0
5,32,61,113,0
5,32,61,114,0
5,32,61,115,0
5,32,61,116,0
5,32,61,117,0
5,32,61,118,0
5,32,61,119,0
5,32,61,120,0
5,32,61,121,0
5,32,61,122,0
5,32,61,123,0
5,32,61,124,0
5,32,61,125,0
5,32,61,126,0
5,32,61,127,0
5,32,61,128,0
5,32,61,129,0
5,32,61,130,0
5,32,61,131,0
5,32,61,132,0
5,32,61,133,0
5,32,61,134,0
5,32,61,135,0
5,32,61,136,0
5,32,61,137,0
5,32,61,138,0
5,32,61,139,0
5,32,61,140,0
5,32,61,141,0
5,32,61,142,0
5,32,61,143,0
5,32,61,144,0
5,32,61,145,0
5,32,61,146,0
5,32,61,147,0
5,32,61,148,0
5,32,61,149,0
5,32,61,150,0
5,32,61,151,0
5,32,61,152,0
5,32,61,153,0
5,32,61,154,0
5,32,61,155,0
5,32,61,156,0
5,32,61,157,0
5,32,61,158,0
5,32,61,159,0
5,32,61,160,0
5,32,61,161,0
5,32,61,162,0
5,32,61,163,0
5,32,61,164,0
5,32,61,165,0
5,32,61,166,0
5,32,61,167,0
5,32,61,168,0
5,32,61,169,0
5,32,61,170,0
5,32,61,171,0
5,32,61,172,0
5,32,61,173,0
5,32,61,174,0
5,32,61,175,0
5,32,61,176,0
5,32,61,177,0
5,32,61,178,0
5,32,61,179,0
5,32,61,180,0
5,32,61,181,0
5,32,61,182,0
5,32,61,183,0
5,32,61,184,0
5,32,61,185,0
5,32,61,186,0
5,32,61,187,0
5,32,61,188,0
5,32,61,189,0
5,32,61,190,0
5,32,61,191,0
5,32,61,192,0
5,32,61,193,0
5,32,61,194,0
5,32,61,195,0
5,32,61,196,0
5,32,61,197,0
5,32,61,198,0
5,32,61,199,0
5,32,61,200,0
5,32,61,201,0
5,32,61,202,0
5,32,61,203,0
5,32,61,204,0
5,32,61,205,0
5,32,61,206,0
5,32,61,207,0
5,32,61,208,0
5,32,61,209,0
5,32,61,210,0
5,32,61,211,0
5,32,61,212,0
5,32,61,213,0
5,32,61,214,0
5,32,61,215,0
5,32,61,216,0
5,32,61,217,0
5,32,61,218,0
5,32,61,219,0
5,32,61,220,0
5,32,61,221,0
5,32,61,222,0
5,32,61,223,0
5,32,61,224,0
5,32,61,225,0
5,32,61,226,0
5,32,61,227,0
5,32,61,228,0
5,32,61,229,0
5,32,61,230,0
5,32,61,231,0
5,32,61,232,0
5,32,61,233,0
5,32,61,234,0
5,32,61,235,0
5,32,61,236,0
5,32,61,237,0
5,32,61,238,0
5,32,61,239,0
5,32,61,240,0
5,32,61,241,0
5,32,61,242,0
5,32,61,243,0
5,32,61,244,0
5,32,61,245,0
5,32,61,246,0
5,32,61,247,0
5,32,61,248,0
5,32,61,249,0
5,32,61,250,0
5,32,61,251,0
5,32,61,252,0
5,32,61,253,0
5,32,61,254,0
5,32,61,255,0
5,32,61,256,0
5,32,61,257,0
5,32,61,258,0
5,32,61,259,0
5,32,61,260,0
5,32,61,261,0
5,32,61,262,0
5,32,61,263,0
5,32,61,264,0
5,32,61,265,0
5,32,61,266,0
5,32,61,267,0
5,32,61,268,0
5,32,61,269,0
5,32,61,270,0
5,32,61,271,0
5,32,61,272,0
5,32,61,273,0
5,32,61,274,0
5,32,61,275,0
5,32,61,276,0
5,32,61,277,0
5,32,61,278,0
5,32,61,279,0
5,32,61,280,0
5,32,61,281,0
5,32,61,282,0
5,32,61,283,0
5,32,62,0,60187719264294037971
5,32,62,1,2425649824732777812007
5,32,62,2,56969698487471458905336
5,32,62,3,990865155246329554607815
5,32,62,4,14011793139239957087562065
5,32,62,5,169067094322272826724497760
5,32,62,6,1791811142186465800875881275
5,32,62,7,16999258545258372669400327414
5,32,62,8,146280421352583022291345574881
5,32,62,9,1152625170595778880490592116511
5,32,62,10,8375376215586727988353981612509
5,32,62,11,56424092122812407794471480135581
5,32,62,12,353886310686931707844301805541781
5,32,62,13,2072994555529567162482701284598365
5,32,62,14,11369977749164661483932629960910278
5,32,62,15,58506296434867538229655309849064929
5,32,62,16,282874194456655949734105555012262207
5,32,62,17,1286608465426110533642588097457594989
5,32,62,18,5510017294018889079382602034898020950
5,32,62,19,22233230071695609601493985968992752632
5,32,62,20,84566946784185667388288914431439642315
5,32,62,21,303307226639706438630531914028220228321
5,32,62,22,1025950229008094383584118504529465774172
5,32,62,23,3273109778679828341723420111138079601143
5,32,62,24,9848623563375346684587953453757998581423
5,32,62,25,27946635259872552460163662775683083533794
5,32,62,26,74774984610466226421837108457123466781575
5,32,62,27,188613065988849300085632467480058307485880
5,32,62,28,448414765830050945792280908599268067616516
5,32,62,29,1004567078738865777850113456093219351619123
5,32,62,30,2120151990660849291824906529446289427305471
5,32,62,31,4214515037932466490593205025385663488502792
5,32,62,32,7889238343581180102850158002616887229268102
5,32,62,33,13904633811792143425119130772860410443936396
5,32,62,34,23071287988390331255344567183992724638786936
5,32,62,35,36036928931129211510509552251414428889483350
5,32,62,36,52989786890424921929001421099881937320292707
5,32,62,37,73357104500145062359229333778826034890321137
5,32,62,38,95624666688244890512886294666875164954961853
5,32,62,39,117404427268835739477206466245186723380158729
5,32,62,40,135810334224609345236971509811671421344550478
5,32,62,41,148081277918476620996650365700983257131977507
5,32,62,42,152268174041269891782989111704425333498383908
5,32,62,43,147746884150301473204094487300259209434681290
5,32,62,44,135369174620571854602482443272075066528064858
5,32,62,45,117202240970705310803543820105852848733881374
5,32,62,46,95965644431533782307177183200803852450147005
5,32,62,47,74375659502292525192864722174216987634222561
5,32,62,48,54609768166038372209042070030616139819658371
5,32,62,49,38022150531428802185284269655044888850324399
5,32,62,50,25126997360523725261917859150636139445925288
5,32,62,51,15775986634052254384916294020552789373483586
5,32,62,52,9419291732803189052419529186551053326490613
5,32,62,53,5353216202283446467624021114000494328214997
5,32,62,54,2898590159232127800108682431804574670585481
5,32,62,55,1496661208401894762704511368445501756175898
5,32,62,56,737564247186253120997003092602936116642516
5,32,62,57,347195899827162805185037326162460976119875
5,32,62,58,156238653625325655467013705049417700906464
5,32,62,59,67260994805736698048383921391645431056771
5,32,62,60,27720494038153572208461980148909027423072
5,32,62,61,10944186765224370983481520860525150286868
5,32,62,62,4141645684187865265297180519530246879629
5,32,62,63,1503183223175127889962010301245147700429
5,32,62,64,523509218057208204370333054234477951811
5,32,62,65,175031564707378769759306698041099632241
5,32,62,66,56205360439801799441834501093472315882
5,32,62,67,17341353415384498963892351035569017286
5,32,62,68,5142722462829531279295946234173531827
5,32,62,69,1466415233881894290133533109369429784
5,32,62,70,402173217695575617806050649563876560
5,32,62,71,106118561548970449607969897114539106
5,32,62,72,26947222923017204776398420235838581
5,32,62,73,6587151044575259901839190043835373
5,32,62,74,1550436140340602093737641478140701
5,32,62,75,351471875407960996722315141222538
5,32,62,76,76755952564005309238241335125022
5,32,62,77,16151742001356391556819091287916
5,32,62,78,3275742891431211251236323231467
5,32,62,79,640436569360170482683794384147
5,32,62,80,120727186959146769786651809600
5,32,62,81,21947019205450331386308912352
5,32,62,82,3848185395962967526775217774
5,32,62,83,650880826751173454234677234
5,32,62,84,106206248232445921779094506
5,32,62,85,16719317551252028286941385
5,32,62,86,2539203274810320294555197
5,32,62,87,372001974533914833929321
5,32,62,88,52563105842151627471841
5,32,62,89,7161035775793456653264
5,32,62,90,940245717191884211751
5,32,62,91,118909048074808924230
5,32,62,92,14472328801321136133
5,32,62,93,1693271670593127654
5,32,62,94,190158996104898046
5,32,62,95,20454245684700868
5,32,62,96,2100858663082782
5,32,62,97,205120632961830
5,32,62,98,18914636197742
5,32,62,99,1631699066775
5,32,62,100,129990190549
5,32,62,101,9390750432
5,32,62,102,600888662
5,32,62,103,32744767
5,32,62,104,1453860
5,32,62,105,46174
5,32,62,106,800
5,32,62,107,0
5,32,62,108,0
5,32,62,109,0
5,32,62,110,0
5,32,62,111,0
5,32,62,112,0
5,32,62,113,0
5,32,62,114,0
5,32,62,115,0
5,32,62,116,0
5,32,62,117,0
5,32,62,118,0
5,32,62,119,0
5,32,62,120,0
5,32,62,121,0
5,32,62,122,0
5,32,62,123,0
5,32,62,124,0
5,32,62,125,0
5,32,62,126,0
5,32,62,127,0
5,32,62,128,0
5,32,62,129,0
5,32,62,130,0
5,32,62,131,0
5,32,62,132,0
5,32,62,133,0
5,32,62,134,0
5,32,62,135,0
5,32,62,136,0
5,32,62,137,0
5,32,62,138,0
5,32,62,139,0
5,32,62,140,0
5,32,62,141,0
5,32,62,142,0
5,32,62,143,0
5,32,62,144,0
5,32,62,145,0
5,32,62,146,0
5,32,62,147,0
5,32,62,148,0
5,32,62,149,0
5,32,62,150,0
5,32,62,151,0
5,32,62,152,0
5,32,62,153,0
5,32,62,154,0
5,32,62,155,0
5,32,62,156,0
5,32,62,157,0
5,32,62,158,0
5,32,62,159,0
5,32,62,160,0
5,32,62,161,0
5,32,62,162,0
5,32,62,163,0
5,32,62,164,0
5,32,62,165,0
5,32,62,166,0
5,32,62,167,0
5,32,62,168,0
5,32,62,169,0
5,32,62,170,0
5,32,62,171,0
5,32,62,172,0
5,32,62,173,0
5,32,62,174,0
5,32,62,175,0
5,32,62,176,0
5,32,62,177,0
5,32,62,178,0
5,32,62,179,0
5,32,62,180,0
5,32,62,181,0
5,32,62,182,0
5,32,62,183,0
5,32,62,184,0
5,32,62,185,0
5,32,62,186,0
5,32,62,187,0
5,32,62,188,0
5,32,62,189,0
5,32,62,190,0
5,32,62,191,0
5,32,62,192,0
5,32,62,193,0
5,32,62,194,0
5,32,62,195,0
5,32,62,196,0
5,32,62,197,0
5,32,62,198,0
5,32,62,199,0
5,32,62,200,0
5,32,62,201,0
5,32,62,202,0
5,32,62,203,0
5,32,62,204,0
5,32,62,205,0
5,32,62,206,0
5,32,62,207,0
5,32,62,208,0
5,32,62,209,0
5,32,62,210,0
5,32,62,211,0
5,32,62,212,0
5,32,62,213,0
5,32,62,214,0
5,32,62,215,0
5,32,62,216,0
5,32,62,217,0
5,32,62,218,0
5,32,62,219,0
5,32,62,220,0
5,32,62,221,0
5,32,62,222,0
5,32,62,223,0
5,32,62,224,0
5,32,62,225,0
5,32,62,226,0
5,32,62,227,0
5,32,62,228,0
5,32,62,229,0
5,32,62,230,0
5,32,62,231,0
5,32,62,232,0
5,32,62,233,0
5,32,62,234,0
5,32,62,235,0
5,32,62,236,0
5,32,62,237,0
5,32,62,238,0
5,32,62,239,0
5,32,62,240,0
5,32,62,241,0
5,32,62,242,0
5,32,62,243,0
5,32,62,244,0
5,32,62,245,0
5,32,62,246,0
5,32,62,247,0
5,32,62,248,0
5,32,62,249,0
5,32,62,250,0
5,32,62,251,0
5,32,62,252,0
5,32,62,253,0
5,32,62,254,0
5,32,62,255,0
5,32,62,256,0
5,32,62,257,0
5,32,62,258,0
5,32,62,259,0
5,32,62,260,0
5,32,62,261,0
5,32,62,262,0
5,32,62,263,0
5,32,62,264,0
5,32,62,265,0
5,32,62,266,0
5,32,62,267,0
5,32,62,268,0
5,32,62,269,0
5,32,62,270,0
5,32,62,271,0
5,32,62,272,0
5,32,62,273,0
5,32,62,274,0
5,32,62,275,0
5,32,62,276,0
5,32,62,277,0
5,32,62,278,0
5,32,62,279,0
5,32,62,280,0
5,32,62,281,0
5,32,62,282,0
5,32,62,283,0
5,32,63,0,11624174418532059376
5,32,63,1,457771440716787153204
5,32,63,2,10670893064244073239426
5,32,63,3,185717820305666791804194
5,32,63,4,2643613839792475936294436
5,32,63,5,32261970430528493351061344
5,32,63,6,347215828453850235309293694
5,32,63,7,3357015713843125853652325616
5,32,63,8,29533875886193347103217352126
5,32,63,9,238627497672704843897869864630
5,32,63,10,1782953837572570982923707610596
5,32,63,11,12383529871704984932111052313032
5,32,63,12,80274293478708368053508811583228
5,32,63,13,487180416375399344866665175695900
5,32,63,14,2774857420408458135638019122725960
5,32,63,15,14861183044857531983363243375301052
5,32,63,16,74949423986727796879739846480496584
5,32,63,17,356350678333091604326647497587708876
5,32,63,18,1598647063677887265451004742307164060
5,32,63,19,6771191825738849635913375980174329918
5,32,63,20,27089708372787978771486141341929560882
5,32,63,21,102397758304840267729332857379970415884
5,32,63,22,365751438191097614366809892068665490392
5,32,63,23,1234541139637294595310034587863127809738
5,32,63,24,3937527569671031436763521140236933473614
5,32,63,25,11865393902638711791163338835233903361136
5,32,63,26,33775144621598247262299424660906833262618
5,32,63,27,90795611522250400731888767674577906577938
5,32,63,28,230444841230688703582277550944290374225156
5,32,63,29,552048010994068142713423234017763788378236
5,32,63,30,1247855575092026323489563114366710167930880
5,32,63,31,2660732085794929554519052075123051332745340
5,32,63,32,5350150079382903889863945627756508211923248
5,32,63,33,10142599073183704023194439481248279694370692
5,32,63,34,18124168088727539230361454806081317125550844
5,32,63,35,30522531073177830504459780695411308958854630
5,32,63,36,48438420611006017085021353073946739379308216
5,32,63,37,72435029438265278492864584311418710523761510
5,32,63,38,102073021510709890504200390743503817298955242
5,32,63,39,135558305885883192697898052785983001447605316
5,32,63,40,169699249980219589985027212263367088949790140
5,32,63,41,200306880857547051321160604609508694355838134
5,32,63,42,223015734246954403780396087614298382263642324
5,32,63,43,234313767615638755853147638064148125746078694
5,32,63,44,232443704068540078784847639767414144373329070
5,32,63,45,217853377064696715731447730526413603887072072
5,32,63,46,193035469283965046038126812399673148798514646
5,32,63,47,161831639017338637527553264193458008585776778
5,32,63,48,128467665017173616769509866936311596294292728
5,32,63,49,96649125601638632412547150621731069518795922
5,32,63,50,68969935924610659825168075120180961668958816
5,32,63,51,46727598126784861177317855232760157568661986
5,32,63,52,30084174192640916761220615186824760968099418
5,32,63,53,18422728673413742577383548665737332381069342
5,32,63,54,10740343869864287439371292044944890080400894
5,32,63,55,5966521152796722617193576897404254684014876
5,32,63,56,3161137428961321981147435321208826667971690
5,32,63,57,1598646571802721400676944026764189691447200
5,32,63,58,772326858167957885831319557141989163074856
5,32,63,59,356718256358254800955395558048131578249146
5,32,63,60,157631461565089288435574608449111872980822
5,32,63,61,66688775057782061061076293500730493750546
5,32,63,62,27029273322632422505547877217293634626200
5,32,63,63,10501415950349360976290272280568418805572
5,32,63,64,3913218610939435477845130310961976586246
5,32,63,65,1399314791261266790043239042353027443336
5,32,63,66,480392663451535414899955304474548926710
5,32,63,67,158403519839195262555772343720805223160
5,32,63,68,50187238438035514085690801940961004266
5,32,63,69,15284114617532418336305674579097158926
5,32,63,70,4475605891350435107462706173989070094
5,32,63,71,1260558893955335681384101302736049862
5,32,63,72,341586059718102680964761545080231882
5,32,63,73,89080181948051509057121280057023468
5,32,63,74,22362382675632151405180995228274776
5,32,63,75,5405280620047676944092410806867778
5,32,63,76,1258302180298796518269902656262224
5,32,63,77,282174954063481613893602699857830
5,32,63,78,60970027176999129269420100403254
5,32,63,79,12696195626997110711804778069156
5,32,63,80,2548483030548788270054248708686
5,32,63,81,493205777705008641139722237944
5,32,63,82,92043753128821398332181053684
5,32,63,83,16567376680503288183025479944
5,32,63,84,2876532684878219489218363532
5,32,63,85,481825788315283009099369508
5,32,63,86,77865898418167483315327176
5,32,63,87,12140885291202992111675252
5,32,63,88,1826338034759505754055654
5,32,63,89,265025813183564612066530
5,32,63,90,37091880131787098461918
5,32,63,91,5005071855152804574192
5,32,63,92,650844816425867727040
5,32,63,93,81507326656372702528
5,32,63,94,9821615517039464128
5,32,63,95,1137404296803221118
5,32,63,96,126379494425114988
5,32,63,97,13441849591892298
5,32,63,98,1363987363664004
5,32,63,99,131399687557120
5,32,63,100,11932137521830
5,32,63,101,1010975398918
5,32,63,102,78831933808
5,32,63,103,5545319852
5,32,63,104,343380150
5,32,63,105,17972710
5,32,63,106,747512
5,32,63,107,22092
5,32,63,108,280
5,32,63,109,0
5,32,63,110,0
5,32,63,111,0
5,32,63,112,0
5,32,63,113,0
5,32,63,114,0
5,32,63,115,0
5,32,63,116,0
5,32,63,117,0
5,32,63,118,0
5,32,63,119,0
5,32,63,120,0
5,32,63,121,0
5,32,63,122,0
5,32,63,123,0
5,32,63,124,0
5,32,63,125,0
5,32,63,126,0
5,32,63,127,0
5,32,63,128,0
5,32,63,129,0
5,32,63,130,0
5,32,63,131,0
5,32,63,132,0
5,32,63,133,0
5,32,63,134,0
5,32,63,135,0
5,32,63,136,0
5,32,63,137,0
5,32,63,138,0
5,32,63,139,0
5,32,63,140,0
5,32,63,141,0
5,32,63,142,0
5,32,63,143,0
5,32,63,144,0
5,32,63,145,0
5,32,63,146,0
5,32,63,147,0
5,32,63,148,0
5,32,63,149,0
5,32,63,150,0
5,32,63,151,0
5,32,63,152,0
5,32,63,153,0
5,32,63,154,0
5,32,63,155,0
5,32,63,156,0
5,32,63,157,0
5,32,63,158,0
5,32,63,159,0
5,32,63,160,0
5,32,63,161,0
5,32,63,162,0
5,32,63,163,0
5,32,63,164,0
5,32,63,165,0
5,32,63,166,0
5,32,63,167,0
5,32,63,168,0
5,32,63,169,0
5,32,63,170,0
5,32,63,171,0
5,32,63,172,0
5,32,63,173,0
5,32,63,174,0
5,32,63,175,0
5,32,63,176,0
5,32,63,177,0
5,32,63,178,0
5,32,63,179,0
5,32,63,180,0
5,32,63,181,0
5,32,63,182,0
5,32,63,183,0
5,32,63,184,0
5,32,63,185,0
5,32,63,186,0
5,32,63,187,0
5,32,63,188,0
5,32,63,189,0
5,32,63,190,0
5,32,63,191,0
5,32,63,192,0
5,32,63,193,0
5,32,63,194,0
5,32,63,195,0
5,32,63,196,0
5,32,63,197,0
5,32,63,198,0
5,32,63,199,0
5,32,63,200,0
5,32,63,201,0
5,32,63,202,0
5,32,63,203,0
5,32,63,204,0
5,32,63,205,0
5,32,63,206,0
5,32,63,207,0
5,32,63,208,0
5,32,63,209,0
5,32,63,210,0
5,32,63,211,0
5,32,63,212,0
5,32,63,213,0
5,32,63,214,0
5,32,63,215,0
5,32,63,216,0
5,32,63,217,0
5,32,63,218,0
5,32,63,219,0
5,32,63,220,0
5,32,63,221,0
5,32,63,222,0
5,32,63,223,0
5,32,63,224,0
5,32,63,225,0
5,32,63,226,0
5,32,63,227,0
5,32,63,228,0
5,32,63,229,0
5,32,63,230,0
5,32,63,231,0
5,32,63,232,0
5,32,63,233,0
5,32,63,234,0
5,32,63,235,0
5,32,63,236,0
5,32,63,237,0
5,32,63,238,0
5,32,63,239,0
5,32,63,240,0
5,32,63,241,0
5,32,63,242,0
5,32,63,243,0
5,32,63,244,0
5,32,63,245,0
5,32,63,246,0
5,32,63,247,0
5,32,63,248,0
5,32,63,249,0
5,32,63,250,0
5,32,63,251,0
5,32,63,252,0
5,32,63,253,0
5,32,63,254,0
5,32,63,255,0
5,32,63,256,0
5,32,63,257,0
5,32,63,258,0
5,32,63,259,0
5,32,63,260,0
5,32,63,261,0
5,32,63,262,0
5,32,63,263,0
5,32,63,264,0
5,32,63,265,0
5,32,63,266,0
5,32,63,267,0
5,32,63,268,0
5,32,63,269,0
5,32,63,270,0
5,32,63,271,0
5,32,63,272,0
5,32,63,273,0
5,32,63,274,0
5,32,63,275,0
5,32,63,276,0
5,32,63,277,0
5,32,63,278,0
5,32,63,279,0
5,32,63,280,0
5,32,63,281,0
5,32,63,282,0
5,32,63,283,0
5,32,64,0,2107157009505362371
5,32,64,1,80661718592886765856
5,32,64,2,1860311106903332823618
5,32,64,3,32311845562412032760361
5,32,64,4,461875080969042184414838
5,32,64,5,5688007183429168341908739
5,32,64,6,62029258315589932820082836
5,32,64,7,609877393584946543935921263
5,32,64,8,5474095444261775925120345397
5,32,64,9,45259942181914560290468069530
5,32,64,10,347015998645155324136300601175
5,32,64,11,2479808717679873900167300991410
5,32,64,12,16580985285917473127639453014099
5,32,64,13,104048679361591658781861510708548
5,32,64,14,614210686877432635027623235865836
5,32,64,15,3417014847180612050580394686472974
5,32,64,16,17940707051014377771169620983714680
5,32,64,17,88994912323219050033480795166044222
5,32,64,18,417422033098600494299778376301350215
5,32,64,19,1852355499719709116868221147164880240
5,32,64,20,7780101807345153201020378254062754132
5,32,64,21,30935957889825282346218298714343543273
5,32,64,22,116468269139609614769917496548211662765
5,32,64,23,415162392446877171908447018687794507359
5,32,64,24,1401055168663958177685928535434326839034
5,32,64,25,4475552119187487650439036404239789429773
5,32,64,26,13529831586456907627006163231856310506949
5,32,64,27,38696471163758515360547210402636244009004
5,32,64,28,104675781197515927435771458076384355329820
5,32,64,29,267712432179964527832314185272525748352238
5,32,64,30,647118460016281321920337210072588264449591
5,32,64,31,1477869357444331787890198418644702971240670
5,32,64,32,3187665749439941190370058329217350279642116
5,32,64,33,6491566384625223040147816960217245189426594
5,32,64,34,12477694906405699669686456138835604485204290
5,32,64,35,22631458522340825729296538078800483186740592
5,32,64,36,38724918444057253684288448318785540360160324
5,32,64,37,62502868991676785627846415941571124479651033
5,32,64,38,95148367667060901706636742991497958369296994
5,32,64,39,136611432043602866308056818260398936875715051
5,32,64,40,185005160409903723790685630303352432251646685
5,32,64,41,236349572582607779201819055805077911886401920
5,32,64,42,284905291185848899703985264047061867088211966
5,32,64,43,324159895682688379269285864058174735177472885
5,32,64,44,348262638107920074830769763505653346691374177
5,32,64,45,353472185797493309281625392501468734498104640
5,32,64,46,339117706039361800891874257345950705252581601
5,32,64,47,307730209339653283254439902285174167599178472
5,32,64,48,264313907165000040396354167683337387496826901
5,32,64,49,215045456441087365464066557189545374148829769
5,32,64,50,165863676094610601661767053249825325762035153
5,32,64,51,121380600151105368768973473618190733518679565
5,32,64,52,84353250073405531301861233037969377653305726
5,32,64,53,55717724628900822909150328002376099470285640
5,32,64,54,35011523461603634502305916743397605644777418
5,32,64,55,20947893984215793669851642801968065268825517
5,32,64,56,11944334475359282160873444531926525063506934
5,32,64,57,6496027503826364882371491788939795886581813
5,32,64,58,3372553568526427097207729204617693253070465
5,32,64,59,1672792505809433886511127748918196284122871
5,32,64,60,793284581202338835826184099148203429486641
5,32,64,61,359943306608372380830660462756669831269996
5,32,64,62,156370080983571461545230685609793081201312
5,32,64,63,65082658253018931023497430992811963465949
5,32,64,64,25967347648373960361081650010185726779712
5,32,64,65,9937573407351561486381502170298685424785
5,32,64,66,3649596642795593030979676858972608812463
5,32,64,67,1286840451013968237677836160391325877117
5,32,64,68,435819430086185027604081788892960626519
5,32,64,69,141827865924196139373957875059155352941
5,32,64,70,44365595929704520150966169018378087882
5,32,64,71,13344570425153841739789716140374589683
5,32,64,72,3860724279650479181757198046816903546
5,32,64,73,1074636279272225838654360509662420222
5,32,64,74,287870510527800793178068352359677088
5,32,64,75,74230717690608390914399403562457681
5,32,64,76,18429926301962109771595951486108870
5,32,64,77,4406722736366477280381843374314993
5,32,64,78,1014976166966492807313466117122646
5,32,64,79,225235837929472447518504412370078
5,32,64,80,48167291304713616504898691797682
5,32,64,81,9928632099639398723656497097570
5,32,64,82,1973038721844382360258153812417
5,32,64,83,378070918686310221932321728103
5,32,64,84,69868124187991517677219882690
5,32,64,85,12454365646628671458528390787
5,32,64,86,2141699224563507609754724361
5,32,64,87,355330880216591591983901278
5,32,64,88,56881355996218323489132478
5,32,64,89,8785598364983325299157434
5,32,64,90,1309213851155118452867874
5,32,64,91,188202826888595424465576
5,32,64,92,26092376023467340896715
5,32,64,93,3487514253211665426583
5,32,64,94,449169935043612847288
5,32,64,95,55704761182765953697
5,32,64,96,6645804728082302930
5,32,64,97,761754537937021170
5,32,64,98,83737525450488798
5,32,64,99,8805696388040188
5,32,64,100,882577963483971
5,32,64,101,83857897007985
5,32,64,102,7495350229230
5,32,64,103,623292731121
5,32,64,104,47514513700
5,32,64,105,3252720078
5,32,64,106,194440873
5,32,64,107,9754275
5,32,64,108,377902
5,32,64,109,10364
5,32,64,110,80
5,32,64,111,0
5,32,64,112,0
5,32,64,113,0
5,32,64,114,0
5,32,64,115,0
5,32,64,116,0
5,32,64,117,0
5,32,64,118,0
5,32,64,119,0
5,32,64,120,0
5,32,64,121,0
5,32,64,122,0
5,32,64,123,0
5,32,64,124,0
5,32,64,125,0
5,32,64,126,0
5,32,64,127,0
5,32,64,128,0
5,32,64,129,0
5,32,64,130,0
5,32,64,131,0
5,32,64,132,0
5,32,64,133,0
5,32,64,134,0
5,32,64,135,0
5,32,64,136,0
5,32,64,137,0
5,32,64,138,0
5,32,64,139,0
5,32,64,140,0
5,32,64,141,0
5,32,64,142,0
5,32,64,143,0
5,32,64,144,0
5,32,64,145,0
5,32,64,146,0
5,32,64,147,0
5,32,64,148,0
5,32,64,149,0
5,32,64,150,0
5,32,64,151,0
5,32,64,152,0
5,32,64,153,0
5,32,64,154,0
5,32,64,155,0
5,32,64,156,0
5,32,64,157,0
5,32,64,158,0
5,32,64,159,0
5,32,64,160,0
5,32,64,161,0
5,32,64,162,0
5,32,64,163,0
5,32,64,164,0
5,32,64,165,0
5,32,64,166,0
5,32,64,167,0
5,32,64,168,0
5,32,64,169,0
5,32,64,170,0
5,32,64,171,0
5,32,64,172,0
5,32,64,173,0
5,32,64,174,0
5,32,64,175,0
5,32,64,176,0
5,32,64,177,0
5,32,64,178,0
5,32,64,179,0
5,32,64,180,0
5,32,64,181,0
5,32,64,182,0
5,32,64,183,0
5,32,64,184,0
5,32,64,185,0
5,32,64,186,0
5,32,64,187,0
5,32,64,188,0
5,32,64,189,0
5,32,64,190,0
5,32,64,191,0
5,32,64,192,0
5,32,64,193,0
5,32,64,194,0
5,32,64,195,0
5,32,64,196,0
5,32,64,197,0
5,32,64,198,0
5,32,64,199,0
5,32,64,200,0
5,32,64,201,0
5,32,64,202,0
5,32,64,203,0
5,32,64,204,0
5,32,64,205,0
5,32,64,206,0
5,32,64,207,0
5,32,64,208,0
5,32,64,209,0
5,32,64,210,0
5,32,64,211,0
5,32,64,212,0
5,32,64,213,0
5,32,64,214,0
5,32,64,215,0
5,32,64,216,0
5,32,64,217,0
5,32,64,218,0
5,32,64,219,0
5,32,64,220,0
5,32,64,221,0
5,32,64,222,0
5,32,64,223,0
5,32,64,224,0
5,32,64,225,0
5,32,64,226,0
5,32,64,227,0
5,32,64,228,0
5,32,64,229,0
5,32,64,230,0
5,32,64,231,0
5,32,64,232,0
5,32,64,233,0
5,32,64,234,0
5,32,64,235,0
5,32,64,236,0
5,32,64,237,0
5,32,64,238,0
5,32,64,239,0
5,32,64,240,0
5,32,64,241,0
5,32,64,242,0
5,32,64,243,0
5,32,64,244,0
5,32,64,245,0
5,32,64,246,0
5,32,64,247,0
5,32,64,248,0
5,32,64,249,0
5,32,64,250,0
5,32,64,251,0
5,32,64,252,0
5,32,64,253,0
5,32,64,254,0
5,32,64,255,0
5,32,64,256,0
5,32,64,257,0
5,32,64,258,0
5,32,64,259,0
5,32,64,260,0
5,32,64,261,0
5,32,64,262,0
5,32,64,263,0
5,32,64,264,0
5,32,64,265,0
5,32,64,266,0
5,32,64,267,0
5,32,64,268,0
5,32,64,269,0
5,32,64,270,0
5,32,64,271,0
5,32,64,272,0
5,32,64,273,0
5,32,64,274,0
5,32,64,275,0
5,32,64,276,0
5,32,64,277,0
5,32,64,278,0
5,32,64,279,0
5,32,64,280,0
5,32,64,281,0
5,32,64,282,0
5,32,64,283,0
5,32,65,0,358082994011078932
5,32,65,1,13250705830383559144
5,32,65,2,301433387432728628932
5,32,65,3,5211673547914711572776
5,32,65,4,74638162806600675947612
5,32,65,5,925559213999376174694824
5,32,65,6,10206301610565180977565086
5,32,65,7,101841922446291751484529586
5,32,65,8,930745948303266695034683838
5,32,65,9,7859109912656806795887368966
5,32,65,10,61711792566404491568507442768
5,32,65,11,452843074532669223066360318524
5,32,65,12,3117089346180614851322048656964
5,32,65,13,20185539364655136826050892441466
5,32,65,14,123255419793548653111550556764156
5,32,65,15,710903350205688727458484039787104
5,32,65,16,3878314257793144810559251152978978
5,32,65,17,20033233178723289740732641672604338
5,32,65,18,98054384282662705090354385262239154
5,32,65,19,455017336553742963411882940120043814
5,32,65,20,2002587476681394747104071360920124312
5,32,65,21,8360817864082558484216912867074603864
5,32,65,22,33115759133182724530615184782992894222
5,32,65,23,124433387652021135277481530311861578208
5,32,65,24,443509555507525230082941587888167224464
5,32,65,25,1499156394487066163815689807030781398006
5,32,65,26,4804576022941703309892521359018279648412
5,32,65,27,14594561976835157349344027872885101686148
5,32,65,28,42004994989138584685725004129479709757974
5,32,65,29,114503205093616059688825393698572454795544
5,32,65,30,295505509585532320152373678779895799375164
5,32,65,31,721713797566853973456525077200067434365626
5,32,65,32,1667386950167777040993149302824599865792462
5,32,65,33,3642543966643000942223668529905151367148214
5,32,65,34,7521494829198029629164958134837852819932640
5,32,65,35,14675116879212682143568123886957879893180274
5,32,65,36,27045900093407084659675559881094025249652798
5,32,65,37,47070575698023453498021449500758597005920728
5,32,65,38,77345776443171570964588499140480034954937806
5,32,65,39,119978123173057011932309332148790824738093832
5,32,65,40,175677753183336875567228859450179111724940532
5,32,65,41,242820653266240320682971490508854517210132790
5,32,65,42,316846895040252650937822948499335834746708450
5,32,65,43,390378803636558278217631503976552113834027880
5,32,65,44,454267350111296552430295326090383380866493882
5,32,65,45,499434175838197130528022609644128701201458900
5,32,65,46,519009894383532906262502255291029821180015508
5,32,65,47,510067171193342365681841590297635087179664674
5,32,65,48,474339402200981417837740043158658170643491238
5,32,65,49,417682054822184353539835244116069488531763058
5,32,65,50,348503609276999986924258226352216903219471054
5,32,65,51,275743359673318658204438427179390054366320766
5,32,65,52,207055999832062593718512207716176718322212426
5,32,65,53,147678420933287542861467555473745269780980702
5,32,65,54,100129649281903699538828797358640596054831140
5,32,65,55,64595014069801401244684697154580911861799824
5,32,65,56,39682623441597456879071499681707990951667496
5,32,65,57,23234736480522903885652122331937434560264778
5,32,65,58,12977025900591474098304367196335423178529322
5,32,65,59,6919374862461846998394587372784003728984400
5,32,65,60,3524964080021936243832362829162513957366290
5,32,65,61,1716983602032787154718444588659024606525614
5,32,65,62,800225967340309342759457943708463878670830
5,32,65,63,357098773533839020328306088893537176301304
5,32,65,64,152675535911173048579906108457058481250956
5,32,65,65,62576839311292795904056829146272224628432
5,32,65,66,24601412980335762247071393131223336271168
5,32,65,67,9281745293382145833087267168252926204028
5,32,65,68,3362215743727348339360748618403142284564
5,32,65,69,1169860440573216343285467009181485176244
5,32,65,70,391133791716906663717955006446106086320
5,32,65,71,125705687156713504862565049670842856446
5,32,65,72,38847664852393160628155673585116620204
5,32,65,73,11547434011252636139112864125907349420
5,32,65,74,3302451568334943218357571466159027590
5,32,65,75,908926766407020792478297347802540728
5,32,65,76,240805675384017669030343895633664142
5,32,65,77,61425435203524766519837087484568240
5,32,65,78,15089246815577526939244422591669574
5,32,65,79,3570390896628383061707123123141466
5,32,65,80,813920254608407582497068968949650
5,32,65,81,178794156781451547879146046343102
5,32,65,82,37854394067223969478333965263418
5,32,65,83,7726009812373567763245276492076
5,32,65,84,1520380027721594572086869128006
5,32,65,85,288526089024979130622658219082
5,32,65,86,52811236846031875058893388720
5,32,65,87,9324808136378510663403385190
5,32,65,88,1588467981537404723025925356
5,32,65,89,261083712992411651918614076
5,32,65,90,41405925144451233127036644
5,32,65,91,6336088664548224280299768
5,32,65,92,935450841593088230696034
5,32,65,93,133226335179003740776172
5,32,65,94,18298360573504178163738
5,32,65,95,2422789099336400470198
5,32,65,96,309072124921971248184
5,32,65,97,37959163000287229748
5,32,65,98,4483756342454632842
5,32,65,99,508664517287373314
5,32,65,100,55315301584827398
5,32,65,101,5750180982716776
5,32,65,102,569107563447230
5,32,65,103,53312550980590
5,32,65,104,4687442243562
5,32,65,105,382291135864
5,32,65,106,28463786278
5,32,65,107,1894044000
5,32,65,108,109053774
5,32,65,109,5229140
5,32,65,110,189050
5,32,65,111,4560
5,32,65,112,20
5,32,65,113,0
5,32,65,114,0
5,32,65,115,0
5,32,65,116,0
5,32,65,117,0
5,32,65,118,0
5,32,65,119,0
5,32,65,120,0
5,32,65,121,0
5,32,65,122,0
5,32,65,123,0
5,32,65,124,0
5,32,65,125,0
5,32,65,126,0
5,32,65,127,0
5,32,65,128,0
5,32,65,129,0
5,32,65,130,0
5,32,65,131,0
5,32,65,132,0
5,32,65,133,0
5,32,65,134,0
5,32,65,135,0
5,32,65,136,0
5,32,65,137,0
5,32,65,138,0
5,32,65,139,0
5,32,65,140,0
5,32,65,141,0
5,32,65,142,0
5,32,65,143,0
5,32,65,144,0
5,32,65,145,0
5,32,65,146,0
5,32,65,147,0
5,32,65,148,0
5,32,65,149,0
5,32,65,150,0
5,32,65,151,0
5,32,65,152,0
5,32,65,153,0
5,32,65,154,0
5,32,65,155,0
5,32,65,156,0
5,32,65,157,0
5,32,65,158,0
5,32,65,159,0
5,32,65,160,0
5,32,65,161,0
5,32,65,162,0
5,32,65,163,0
5,32,65,164,0
5,32,65,165,0
5,32,65,166,0
5,32,65,167,0
5,32,65,168,0
5,32,65,169,0
5,32,65,170,0
5,32,65,171,0
5,32,65,172,0
5,32,65,173,0
5,32,65,174,0
5,32,65,175,0
5,32,65,176,0
5,32,65,177,0
5,32,65,178,0
5,32,65,179,0
5,32,65,180,0
5,32,65,181,0
5,32,65,182,0
5,32,65,183,0
5,32,65,184,0
5,32,65,185,0
5,32,65,186,0
5,32,65,187,0
5,32,65,188,0
5,32,65,189,0
5,32,65,190,0
5,32,65,191,0
5,32,65,192,0
5,32,65,193,0
5,32,65,194,0
5,32,65,195,0
5,32,65,196,0
5,32,65,197,0
5,32,65,198,0
5,32,65,199,0
5,32,65,200,0
5,32,65,201,0
5,32,65,202,0
5,32,65,203,0
5,32,65,204,0
5,32,65,205,0
5,32,65,206,0
5,32,65,207,0
5,32,65,208,0
5,32,65,209,0
5,32,65,210,0
5,32,65,211,0
5,32,65,212,0
5,32,65,213,0
5,32,65,214,0
5,32,65,215,0
5,32,65,216,0
5,32,65,217,0
5,32,65,218,0
5,32,65,219,0
5,32,65,220,0
5,32,65,221,0
5,32,65,222,0
5,32,65,223,0
5,32,65,224,0
5,32,65,225,0
5,32,65,226,0
5,32,65,227,0
5,32,65,228,0
5,32,65,229,0
5,32,65,230,0
5,32,65,231,0
5,32,65,232,0
5,32,65,233,0
5,32,65,234,0
5,32,65,235,0
5,32,65,236,0
5,32,65,237,0
5,32,65,238,0
5,32,65,239,0
5,32,65,240,0
5,32,65,241,0
5,32,65,242,0
5,32,65,243,0
5,32,65,244,0
5,32,65,245,0
5,32,65,246,0
5,32,65,247,0
5,32,65,248,0
5,32,65,249,0
5,32,65,250,0
5,32,65,251,0
5,32,65,252,0
5,32,65,253,0
5,32,65,254,0
5,32,65,255,0
5,32,65,256,0
5,32,65,257,0
5,32,65,258,0
5,32,65,259,0
5,32,65,260,0
5,32,65,261,0
5,32,65,262,0
5,32,65,263,0
5,32,65,264,0
5,32,65,265,0
5,32,65,266,0
5,32,65,267,0
5,32,65,268,0
5,32,65,269,0
5,32,65,270,0
5,32,65,271,0
5,32,65,272,0
5,32,65,273,0
5,32,65,274,0
5,32,65,275,0
5,32,65,276,0
5,32,65,277,0
5,32,65,278,0
5,32,65,279,0
5,32,65,280,0
5,32,65,281,0
5,32,65,282,0
5,32,65,283,0
5,32,66,0,56945451257756428
5,32,66,1,2025330747001991055
5,32,66,2,45311195385779773813
5,32,66,3,777932319192326986697
5,32,66,4,11138039790079201143541
5,32,66,5,138798421805209513517376
5,32,66,6,1544666082544607581897008
5,32,66,7,15612784884171963830311947
5,32,66,8,145011671082679149731343291
5,32,66,9,1248163746449167143689529464
5,32,66,10,10018693434688654996884084936
5,32,66,11,75350335222314873289491823562
5,32,66,12,532939053905809084886352899759
5,32,66,13,3554782395317282190140143944229
5,32,66,14,22409988948696897030510971266425
5,32,66,15,133751487670863285530156318567265
5,32,66,16,756742845735871852340530117484781
5,32,66,17,4062723098834301465151306161375072
5,32,66,18,20711858319936418714981555944654450
5,32,66,19,100316976370535070901977363001707480
5,32,66,20,461770502278267756199860256856520990
5,32,66,21,2020467493177649486901554700667278142
5,32,66,22,8403763167454645247547150296965251268
5,32,66,23,33225192018288676192459251779885107602
5,32,66,24,124844297583719071341201163155807000756
5,32,66,25,445737899525174564873659173090644863656
5,32,66,26,1511728968860273800869254753663284294596
5,32,66,27,4868580177044921720564336140821465161252
5,32,66,28,14883200807383459452201168038107267458788
5,32,66,29,43169094811297568640342101000072907873181
5,32,66,30,118751346626489593295986408409742413420123
5,32,66,31,309665645788721491487069544714077652000770
5,32,66,32,765127370662390136525144294940611912133610
5,32,66,33,1790438757758069426084413639255952775871828
5,32,66,34,3966198824106917101613332920519477417838224
5,32,66,35,8313664700180700827800697400771631979145348
5,32,66,36,16483170421529500102213510120668511739419346
5,32,66,37,30900380593878219258562641738987849684902325
5,32,66,38,54755478098960749331696084245361733563735971
5,32,66,39,91690142078455011310910362758755401268251022
5,32,66,40,145066737706463182408920569537925811837178607
5,32,66,41,216826855887649420977984427736056471815675196
5,32,66,42,306155313082628519839642185532017374643688764
5,32,66,43,408388020102106076273370227066600993620987101
5,32,66,44,514709751772921421812971081232581599572818187
5,32,66,45,613060216167032925980920362128795281200112311
5,32,66,46,690280468038467578023777729464910073369112344
5,32,66,47,735015538720598654111297948489861621717462945
5,32,66,48,740487148357188000252598429673082424744599507
5,32,66,49,706191924070804335887567581072109577413595455
5,32,66,50,637934425749403900002519644034494543702903775
5,32,66,51,546220004748283888165510552569244329687838588
5,32,66,52,443619072573816772225247222707011460704967171
5,32,66,53,342007133195402445219590276652202543839930737
5,32,66,54,250488666339912903071063749051356616303076547
5,32,66,55,174431386981158715277550332176255057022693977
5,32,66,56,115586304980627575840923527349652802576437165
5,32,66,57,72945204874843730330983893040978192980728922
5,32,66,58,43879057464744778605908991507189742325957041
5,32,66,59,25179335350663311089968217817852807675833565
5,32,66,60,13794487773735155712061396005897709937152912
5,32,66,61,7220681330374524038676679242091985677751968
5,32,66,62,3613980586869674083987360677008418037507247
5,32,66,63,1730761686283325700164771825293282027479552
5,32,66,64,793642655142920444267203315911972727415603
5,32,66,65,348677684022094034929553234745289864258719
5,32,66,66,146856099276518056181531473500905337484463
5,32,66,67,59329083508384833798780533869632988696652
5,32,66,68,23002348687898365419482407749993924425002
5,32,66,69,8562666055869563796738915717460707472938
5,32,66,70,3061712751311530469813974838351903522503
5,32,66,71,1051982761733301916706767130993713408754
5,32,66,72,347453387021600875902965256488777572810
5,32,66,73,110349237544054509863403074194603381680
5,32,66,74,33709755743918350378635330256016722943
5,32,66,75,9907703253300441969887525874931574851
5,32,66,76,2802397410509233602068639662552870406
5,32,66,77,763003008052127757174891038951175482
5,32,66,78,200012359035186012147493285379661144
5,32,66,79,50490661660882758251085713776000565
5,32,66,80,12276518920613390134756716316129038
5,32,66,81,2875633359236580146677723669547143
5,32,66,82,649035952183886500304166801963060
5,32,66,83,141176698495586119184945443307906
5,32,66,84,29600402136015305669333724245132
5,32,66,85,5983462945774395705503133475120
5,32,66,86,1166288210108074670982696515244
5,32,66,87,219245951857293876673019388115
5,32,66,88,39755569530888863142860417733
5,32,66,89,6954482718990974314579400635
5,32,66,90,1173762293414979219681726122
5,32,66,91,191150930265236905709822969
5,32,66,92,30037663236536678290788990
5,32,66,93,4554459121459454624355179
5,32,66,94,666261689443341401297887
5,32,66,95,94017455839178218731356
5,32,66,96,12793786064520159429371
5,32,66,97,1678146796522283441727
5,32,66,98,212051713566465401035
5,32,66,99,25791828753012792565
5,32,66,100,3016298711170547912
5,32,66,101,338661856176674068
5,32,66,102,36428750160157019
5,32,66,103,3742792497544855
5,32,66,104,365685126395882
5,32,66,105,33758883379935
5,32,66,106,2918028442394
5,32,66,107,233236513000
5,32,66,108,16942255552
5,32,66,109,1093868328
5,32,66,110,60677990
5,32,66,111,2763067
5,32,66,112,92200
5,32,66,113,1995
5,32,66,114,0
5,32,66,115,0
5,32,66,116,0
5,32,66,117,0
5,32,66,118,0
5,32,66,119,0
5,32,66,120,0
5,32,66,121,0
5,32,66,122,0
5,32,66,123,0
5,32,66,124,0
5,32,66,125,0
5,32,66,126,0
5,32,66,127,0
5,32,66,128,0
5,32,66,129,0
5,32,66,130,0
5,32,66,131,0
5,32,66,132,0
5,32,66,133,0
5,32,66,134,0
5,32,66,135,0
5,32,66,136,0
5,32,66,137,0
5,32,66,138,0
5,32,66,139,0
5,32,66,140,0
5,32,66,141,0
5,32,66,142,0
5,32,66,143,0
5,32,66,144,0
5,32,66,145,0
5,32,66,146,0
5,32,66,147,0
5,32,66,148,0
5,32,66,149,0
5,32,66,150,0
5,32,66,151,0
5,32,66,152,0
5,32,66,153,0
5,32,66,154,0
5,32,66,155,0
5,32,66,156,0
5,32,66,157,0
5,32,66,158,0
5,32,66,159,0
5,32,66,160,0
5,32,66,161,0
5,32,66,162,0
5,32,66,163,0
5,32,66,164,0
5,32,66,165,0
5,32,66,166,0
5,32,66,167,0
5,32,66,168,0
5,32,66,169,0
5,32,66,170,0
5,32,66,171,0
5,32,66,172,0
5,32,66,173,0
5,32,66,174,0
5,32,66,175,0
5,32,66,176,0
5,32,66,177,0
5,32,66,178,0
5,32,66,179,0
5,32,66,180,0
5,32,66,181,0
5,32,66,182,0
5,32,66,183,0
5,32,66,184,0
5,32,66,185,0
5,32,66,186,0
5,32,66,187,0
5,32,66,188,0
5,32,66,189,0
5,32,66,190,0
5,32,66,191,0
5,32,66,192,0
5,32,66,193,0
5,32,66,194,0
5,32,66,195,0
5,32,66,196,0
5,32,66,197,0
5,32,66,198,0
5,32,66,199,0
5,32,66,200,0
5,32,66,201,0
5,32,66,202,0
5,32,66,203,0
5,32,66,204,0
5,32,66,205,0
5,32,66,206,0
5,32,66,207,0
5,32,66,208,0
5,32,66,209,0
5,32,66,210,0
5,32,66,211,0
5,32,66,212,0
5,32,66,213,0
5,32,66,214,0
5,32,66,215,0
5,32,66,216,0
5,32,66,217,0
5,32,66,218,0
5,32,66,219,0
5,32,66,220,0
5,32,66,221,0
5,32,66,222,0
5,32,66,223,0
5,32,66,224,0
5,32,66,225,0
5,32,66,226,0
5,32,66,227,0
5,32,66,228,0
5,32,66,229,0
5,32,66,230,0
5,32,66,231,0
5,32,66,232,0
5,32,66,233,0
5,32,66,234,0
5,32,66,235,0
5,32,66,236,0
5,32,66,237,0
5,32,66,238,0
5,32,66,239,0
5,32,66,240,0
5,32,66,241,0
5,32,66,242,0
5,32,66,243,0
5,32,66,244,0
5,32,66,245,0
5,32,66,246,0
5,32,66,247,0
5,32,66,248,0
5,32,66,249,0
5,32,66,250,0
5,32,66,251,0
5,32,66,252,0
5,32,66,253,0
5,32,66,254,0
5,32,66,255,0
5,32,66,256,0
5,32,66,257,0
5,32,66,258,0
5,32,66,259,0
5,32,66,260,0
5,32,66,261,0
5,32,66,262,0
5,32,66,263,0
5,32,66,264,0
5,32,66,265,0
5,32,66,266,0
5,32,66,267,0
5,32,66,268,0
5,32,66,269,0
5,32,66,270,0
5,32,66,271,0
5,32,66,272,0
5,32,66,273,0
5,32,66,274,0
5,32,66,275,0
5,32,66,276,0
5,32,66,277,0
5,32,66,278,0
5,32,66,279,0
5,32,66,280,0
5,32,66,281,0
5,32,66,282,0
5,32,66,283,0
5,32,67,0,8453868044630712
5,32,67,1,287278741656568618
5,32,67,2,6303383000744367142
5,32,67,3,107217549666932864666
5,32,67,4,1531613280226301971858
5,32,67,5,19144888375435457673248
5,32,67,6,214642868696912861273528
5,32,67,7,2193773711026996816093028
5,32,67,8,20671827293490734562953808
5,32,67,9,181058367403622375040674268
5,32,67,10,1483004384638283455211938206
5,32,67,11,11411528365722671136605213962
5,32,67,12,82785137021758375129271532358
5,32,67,13,567741214479687078425752727200
5,32,67,14,3688533841409793522371274449204
5,32,67,15,22738904066097979742697393608472
5,32,67,16,133179852382352429879165425877908
5,32,67,17,741766431439583372669414119608356
5,32,67,18,3931441349973057591216127019560062
5,32,67,19,19837988221884306328668979273589304
5,32,67,20,95330913734819041575885930992448832
5,32,67,21,436340159586276295409292649936493758
5,32,67,22,1902315796385186811941317990981227482
5,32,67,23,7898971023482044105990815236485437006
5,32,67,24,31233019665386747571511921699806672436
5,32,67,25,117572149232515271765765976608099416870
5,32,67,26,421216087743048690634631307670958008602
5,32,67,27,1435669526212621803522983405700916060962
5,32,67,28,4653420384349576304389592300305843200820
5,32,67,29,14337112832498387065760021522669133117890
5,32,67,30,41967576748963712291850975980803049563144
5,32,67,31,116657186186546274530257453777862027057054
5,32,67,32,307774219921494571029483612782680387350910
5,32,67,33,770286986745161725811347619214038116989416
5,32,67,34,1827895165626097767118101059010044691266210
5,32,67,35,4110676742703098506223529843698389686212752
5,32,67,36,8756558374065010655270118047538359998630480
5,32,67,37,17661192125068926120841588260995034257584204
5,32,67,38,33713103258339327508793961450344501247657820
5,32,67,39,60885835382635815408418390050258705846606342
5,32,67,40,104002494069400228652174700804413175445280938
5,32,67,41,167988669435471558821632381070213414851106698
5,32,67,42,256539567913221039888006835365066645360836500
5,32,67,43,370364447739165225645700336921426313190842126
5,32,67,44,505477963265909617428445995701403864803296544
5,32,67,45,652239340653650925941422891683255921922251190
5,32,67,46,795819381057396835455071648602633146524491682
5,32,67,47,918402089641077538345589036438592429261509178
5,32,67,48,1002782136161241642256892125098526502646294340
5,32,67,49,1036371198974727706644642330299966354335922222
5,32,67,50,1014312612968929101239909221595912115568667572
5,32,67,51,940630877325754370661330224861584357908742562
5,32,67,52,827042867638067246269469745371112305285786066
5,32,67,53,689909935915482535094369705787870201703574308
5,32,67,54,546419801361678300393965312473555287084344340
5,32,67,55,411206487248381878113235680788995477501027244
5,32,67,56,294262196198531923940397073136981287346682004
5,32,67,57,200400583588454798684565169179393130296572248
5,32,67,58,129988830299515835012476214657288903552806786
5,32,67,59,80372588714524433731958983190341819795050558
5,32,67,60,47408189356946828058860263198543048179272934
5,32,67,61,26698328232829146338993457905279240370163360
5,32,67,62,14365881346309556575926065632906299605335862
5,32,67,63,7391256794563876693323796872048632293436662
5,32,67,64,3638719386936687881639068814312973049988246
5,32,67,65,1715197610119361422878009993828228428011902
5,32,67,66,774621661103613972239799788019248202444916
5,32,67,67,335376215424314538461434681831060246357290
5,32,67,68,139277706738113894614178444427826159075948
5,32,67,69,55508497127253070259645943866897669248938
5,32,67,70,21240759699567106044349540104007472024608
5,32,67,71,7807291927632208947661332159079312860080
5,32,67,72,2757536447046462831701306303263942607110
5,32,67,73,936241240539088541792846546972696291570
5,32,67,74,305661522909662853192316740404210987694
5,32,67,75,95986032838528012011674341229279384712
5,32,67,76,29000514348897000431070675135708463608
5,32,67,77,8432177957517001341480850015789357452
5,32,67,78,2359976862487644075128741117306653152
5,32,67,79,635916779783613357831715929464262584
5,32,67,80,165007143964127164942010664281816304
5,32,67,81,41237917983188991901350886172219282
5,32,67,82,9927991799027602369792397786424364
5,32,67,83,2302897687297086488850621648760556
5,32,67,84,514770630695552154897610539812908
5,32,67,85,110906232524637463887686233285658
5,32,67,86,23034468658309148263905464196858
5,32,67,87,4612715612662965561322759215790
5,32,67,88,890770102932550811148460819796
5,32,67,89,165911172056540807700329530136
5,32,67,90,29809267320474338375982203536
5,32,67,91,5167118963754362118713488878
5,32,67,92,864192909693059341164328628
5,32,67,93,139465049980907735766189350
5,32,67,94,21717961366198968391985534
5,32,67,95,3263262822981410361456530
5,32,67,96,473055685376005764515972
5,32,67,97,66146615673012011804416
5,32,67,98,8918604063356730434272
5,32,67,99,1158984972037062307270
5,32,67,100,145067951600848233996
5,32,67,101,17474303142598512774
5,32,67,102,2023254265385246196
5,32,67,103,224811333180736314
5,32,67,104,23917151009503452
5,32,67,105,2428203982575934
5,32,67,106,234124896499108
5,32,67,107,21290158944170
5,32,67,108,1808014798716
5,32,67,109,141486689422
5,32,67,110,10019128446
5,32,67,111,626985508
5,32,67,112,33352888
5,32,67,113,1443156
5,32,67,114,44490
5,32,67,115,760
5,32,67,116,0
5,32,67,117,0
5,32,67,118,0
5,32,67,119,0
5,32,67,120,0
5,32,67,121,0
5,32,67,122,0
5,32,67,123,0
5,32,67,124,0
5,32,67,125,0
5,32,67,126,0
5,32,67,127,0
5,32,67,128,0
5,32,67,129,0
5,32,67,130,0
5,32,67,131,0
5,32,67,132,0
5,32,67,133,0
5,32,67,134,0
5,32,67,135,0
5,32,67,136,0
5,32,67,137,0
5,32,67,138,0
5,32,67,139,0
5,32,67,140,0
5,32,67,141,0
5,32,67,142,0
5,32,67,143,0
5,32,67,144,0
5,32,67,145,0
5,32,67,146,0
5,32,67,147,0
5,32,67,148,0
5,32,67,149,0
5,32,67,150,0
5,32,67,151,0
5,32,67,152,0
5,32,67,153,0
5,32,67,154,0
5,32,67,155,0
5,32,67,156,0
5,32,67,157,0
5,32,67,158,0
5,32,67,159,0
5,32,67,160,0
5,32,67,161,0
5,32,67,162,0
5,32,67,163,0
5,32,67,164,0
5,32,67,165,0
5,32,67,166,0
5,32,67,167,0
5,32,67,168,0
5,32,67,169,0
5,32,67,170,0
5,32,67,171,0
5,32,67,172,0
5,32,67,173,0
5,32,67,174,0
5,32,67,175,0
5,32,67,176,0
5,32,67,177,0
5,32,67,178,0
5,32,67,179,0
5,32,67,180,0
5,32,67,181,0
5,32,67,182,0
5,32,67,183,0
5,32,67,184,0
5,32,67,185,0
5,32,67,186,0
5,32,67,187,0
5,32,67,188,0
5,32,67,189,0
5,32,67,190,0
5,32,67,191,0
5,32,67,192,0
5,32,67,193,0
5,32,67,194,0
5,32,67,195,0
5,32,67,196,0
5,32,67,197,0
5,32,67,198,0
5,32,67,199,0
5,32,67,200,0
5,32,67,201,0
5,32,67,202,0
5,32,67,203,0
5,32,67,204,0
5,32,67,205,0
5,32,67,206,0
5,32,67,207,0
5,32,67,208,0
5,32,67,209,0
5,32,67,210,0
5,32,67,211,0
5,32,67,212,0
5,32,67,213,0
5,32,67,214,0
5,32,67,215,0
5,32,67,216,0
5,32,67,217,0
5,32,67,218,0
5,32,67,219,0
5,32,67,220,0
5,32,67,221,0
5,32,67,222,0
5,32,67,223,0
5,32,67,224,0
5,32,67,225,0
5,32,67,226,0
5,32,67,227,0
5,32,67,228,0
5,32,67,229,0
5,32,67,230,0
5,32,67,231,0
5,32,67,232,0
5,32,67,233,0
5,32,67,234,0
5,32,67,235,0
5,32,67,236,0
5,32,67,237,0
5,32,67,238,0
5,32,67,239,0
5,32,67,240,0
5,32,67,241,0
5,32,67,242,0
5,32,67,243,0
5,32,67,244,0
5,32,67,245,0
5,32,67,246,0
5,32,67,247,0
5,32,67,248,0
5,32,67,249,0
5,32,67,250,0
5,32,67,251,0
5,32,67,252,0
5,32,67,253,0
5,32,67,254,0
5,32,67,255,0
5,32,67,256,0
5,32,67,257,0
5,32,67,258,0
5,32,67,259,0
5,32,67,260,0
5,32,67,261,0
5,32,67,262,0
5,32,67,263,0
5,32,67,264,0
5,32,67,265,0
5,32,67,266,0
5,32,67,267,0
5,32,67,268,0
5,32,67,269,0
5,32,67,270,0
5,32,67,271,0
5,32,67,272,0
5,32,67,273,0
5,32,67,274,0
5,32,67,275,0
5,32,67,276,0
5,32,67,277,0
5,32,67,278,0
5,32,67,279,0
5,32,67,280,0
5,32,67,281,0
5,32,67,282,0
5,32,67,283,0
5,32,68,0,1167645420114918
5,32,68,1,37687454408132453
5,32,68,2,809012238569073731
5,32,68,3,13604563900406984122
5,32,68,4,193553885475462034922
5,32,68,5,2422765028959920288140
5,32,68,6,27321084762801324869866
5,32,68,7,281918754207958087152391
5,32,68,8,2690901113415746036658005
5,32,68,9,23945569367596226171281260
5,32,68,10,199820566685976335912010326
5,32,68,11,1570593760852380247396919586
5,32,68,12,11667315581442083676226607775
5,32,68,13,82129892606822808044589472746
5,32,68,14,548955421786851984125272205109
5,32,68,15,3489462501481589026376404132527
5,32,68,16,21119531926172568554508915917484
5,32,68,17,121815386857034538050590241123105
5,32,68,18,670027362456376653708979173717368
5,32,68,19,3515983233475002774880700882860248
5,32,68,20,17606850147457665258251682074089940
5,32,68,21,84149388716313414902217856946399848
5,32,68,22,383844253466526356801245415969981415
5,32,68,23,1670892978182975612889244323040822405
5,32,68,24,6939807270122415060409495826970674686
5,32,68,25,27493723854442020967774164133820614533
5,32,68,26,103862953356356668809891570361978009407
5,32,68,27,373988225123679713843433144891974703964
5,32,68,28,1283021972036534870169852283637311827005
5,32,68,29,4191611532489182633276238967972428809445
5,32,68,30,13033981978646957686641815723323313555200
5,32,68,31,38555876256774650017608647764807852187637
5,32,68,32,108438303166753923732432109968488751290918
5,32,68,33,289808541799249136506423867728809712330922
5,32,68,34,735585763960182460178164689635543873458578
5,32,68,35,1772186815238928782587102447577956428574947
5,32,68,36,4050481296486287041829452366331457687990622
5,32,68,37,8778122131959452278751473599354256678655078
5,32,68,38,18029552611243172718740174232795948599544246
5,32,68,39,35080375175135841669890504039328332089167198
5,32,68,40,64634987428557946244347514159395176731020480
5,32,68,41,112732061302087752232957966105798640814117883
5,32,68,42,186072789910030323390031421078266775279388016
5,32,68,43,290591706779284642345906508750297983082730710
5,32,68,44,429329006449276266747599928764548257500165098
5,32,68,45,600039901947783074799505819104242396572348203
5,32,68,46,793350441290518691146642150183016328680363840
5,32,68,47,992416519106509233975089787793896096306719132
5,32,68,48,1174769929010709452581188515881953874403210904
5,32,68,49,1316327742208789247797109902131546038958169882
5,32,68,50,1396643122386979370571769708298197752275007248
5,32,68,51,1403810372274557356861258542909354770597058137
5,32,68,52,1337382345940550256112413432092596773681555537
5,32,68,53,1208308010161504881872172183349680101906782077
5,32,68,54,1035977487113596115393013350161098538930824796
5,32,68,55,843471511217672908329115018596359009073549783
5,32,68,56,652607489695747285818668000844273768372380318
5,32,68,57,480200420746029183796043108824700544959033845
5,32,68,58,336293405044361210118188701365638863172567660
5,32,68,59,224326819591446059052188212374365989161676521
5,32,68,60,142644236773401936383503358353938985110405949
5,32,68,61,86532353459671521404924539695394179145488593
5,32,68,62,50117551913884721313683736692472769457727952
5,32,68,63,27734215526218727337447264898844503041513805
5,32,68,64,14674850150931650084210530352668887668667081
5,32,68,65,7429636644833706734504297133868311380793629
5,32,68,66,3601534392111468020918454852163863315756267
5,32,68,67,1672661085244125624253192165967350715676087
5,32,68,68,744708692023787340814175951639084846226894
5,32,68,69,318026610452911243641361599467360430301724
5,32,68,70,130335307966552464164232937199461682099147
5,32,68,71,51284705849282390162406313154257884631525
5,32,68,72,19383369286597048589082533455441262042618
5,32,68,73,7039764986184886459929026551861890745927
5,32,68,74,2457709939519673633932617334511511322465
5,32,68,75,825064581034056682886280304311793348075
5,32,68,76,266414439829033909685450546014779015576
5,32,68,77,82766657322879058356713345394345240951
5,32,68,78,24744883256508893174876856539170156297
5,32,68,79,7121032366004381916515312092987343806
5,32,68,80,1972947977016267923834703515442821208
5,32,68,81,526362557684989330391653912582744578
5,32,68,82,135247166458819393640591817975099134
5,32,68,83,33474911567328821267053822197198694
5,32,68,84,7982362353947405829527956709883366
5,32,68,85,1834156171496069327347671358588235
5,32,68,86,406168642101307581016977658388953
5,32,68,87,86699083884953830041609085869446
5,32,68,88,17841600268603776779609348736542
5,32,68,89,3540275031992755240353919258803
5,32,68,90,677477845504091731742885985108
5,32,68,91,125047632355792919207060042272
5,32,68,92,22265857127195869512373312550
5,32,68,93,3825067286717651223452517939
5,32,68,94,634035894026563764058455672
5,32,68,95,101411251957196942211943370
5,32,68,96,15651523195904946406566649
5,32,68,97,2330764934930014398918244
5,32,68,98,334850549036557805336605
5,32,68,99,46399322920477358746334
5,32,68,100,6199064403082469256051
5,32,68,101,798134680468530398314
5,32,68,102,98960581105659720421
5,32,68,103,11805342912884230400
5,32,68,104,1353237759105498223
5,32,68,105,148793914869642539
5,32,68,106,15654024969727558
5,32,68,107,1570085996939146
5,32,68,108,149343409387365
5,32,68,109,13369974948697
5,32,68,110,1114730692878
5,32,68,111,85350089383
5,32,68,112,5882909028
5,32,68,113,356216337
5,32,68,114,18185961
5,32,68,115,738091
5,32,68,116,21126
5,32,68,117,266
5,32,68,118,0
5,32,68,119,0
5,32,68,120,0
5,32,68,121,0
5,32,68,122,0
5,32,68,123,0
5,32,68,124,0
5,32,68,125,0
5,32,68,126,0
5,32,68,127,0
5,32,68,128,0
5,32,68,129,0
5,32,68,130,0
5,32,68,131,0
5,32,68,132,0
5,32,68,133,0
5,32,68,134,0
5,32,68,135,0
5,32,68,136,0
5,32,68,137,0
5,32,68,138,0
5,32,68,139,0
5,32,68,140,0
5,32,68,141,0
5,32,68,142,0
5,32,68,143,0
5,32,68,144,0
5,32,68,145,0
5,32,68,146,0
5,32,68,147,0
5,32,68,148,0
5,32,68,149,0
5,32,68,150,0
5,32,68,151,0
5,32,68,152,0
5,32,68,153,0
5,32,68,154,0
5,32,68,155,0
5,32,68,156,0
5,32,68,157,0
5,32,68,158,0
5,32,68,159,0
5,32,68,160,0
5,32,68,161,0
5,32,68,162,0
5,32,68,163,0
5,32,68,164,0
5,32,68,165,0
5,32,68,166,0
5,32,68,167,0
5,32,68,168,0
5,32,68,169,0
5,32,68,170,0
5,32,68,171,0
5,32,68,172,0
5,32,68,173,0
5,32,68,174,0
5,32,68,175,0
5,32,68,176,0
5,32,68,177,0
5,32,68,178,0
5,32,68,179,0
5,32,68,180,0
5,32,68,181,0
5,32,68,182,0
5,32,68,183,0
5,32,68,184,0
5,32,68,185,0
5,32,68,186,0
5,32,68,187,0
5,32,68,188,0
5,32,68,189,0
5,32,68,190,0
5,32,68,191,0
5,32,68,192,0
5,32,68,193,0
5,32,68,194,0
5,32,68,195,0
5,32,68,196,0
5,32,68,197,0
5,32,68,198,0
5,32,68,199,0
5,32,68,200,0
5,32,68,201,0
5,32,68,202,0
5,32,68,203,0
5,32,68,204,0
5,32,68,205,0
5,32,68,206,0
5,32,68,207,0
5,32,68,208,0
5,32,68,209,0
5,32,68,210,0
5,32,68,211,0
5,32,68,212,0
5,32,68,213,0
5,32,68,214,0
5,32,68,215,0
5,32,68,216,0
5,32,68,217,0
5,32,68,218,0
5,32,68,219,0
5,32,68,220,0
5,32,68,221,0
5,32,68,222,0
5,32,68,223,0
5,32,68,224,0
5,32,68,225,0
5,32,68,226,0
5,32,68,227,0
5,32,68,228,0
5,32,68,229,0
5,32,68,230,0
5,32,68,231,0
5,32,68,232,0
5,32,68,233,0
5,32,68,234,0
5,32,68,235,0
5,32,68,236,0
5,32,68,237,0
5,32,68,238,0
5,32,68,239,0
5,32,68,240,0
5,32,68,241,0
5,32,68,242,0
5,32,68,243,0
5,32,68,244,0
5,32,68,245,0
5,32,68,246,0
5,32,68,247,0
5,32,68,248,0
5,32,68,249,0
5,32,68,250,0
5,32,68,251,0
5,32,68,252,0
5,32,68,253,0
5,32,68,254,0
5,32,68,255,0
5,32,68,256,0
5,32,68,257,0
5,32,68,258,0
5,32,68,259,0
5,32,68,260,0
5,32,68,261,0
5,32,68,262,0
5,32,68,263,0
5,32,68,264,0
5,32,68,265,0
5,32,68,266,0
5,32,68,267,0
5,32,68,268,0
5,32,68,269,0
5,32,68,270,0
5,32,68,271,0
5,32,68,272,0
5,32,68,273,0
5,32,68,274,0
5,32,68,275,0
5,32,68,276,0
5,32,68,277,0
5,32,68,278,0
5,32,68,279,0
5,32,68,280,0
5,32,68,281,0
5,32,68,282,0
5,32,68,283,0
5,32,69,0,149368085886254
5,32,69,1,4552933638133200
5,32,69,2,95425683822354266
5,32,69,3,1583444113478864472
5,32,69,4,22401419782886960968
5,32,69,5,280390845030754997198
5,32,69,6,3175989304671031289004
5,32,69,7,33042252959730991529372
5,32,69,8,319037843677389744378908
5,32,69,9,2880446945673960455525938
5,32,69,10,24454261028519758716434740
5,32,69,11,196052451696718136645777718
5,32,69,12,1489126589029398052503384202
5,32,69,13,10743101676320656360593714082
5,32,69,14,73759123648615769007835543132
5,32,69,15,482662985115079490012120470150
5,32,69,16,3013785554949111078440982154910
5,32,69,17,17971804417138908858338896612148
5,32,69,18,102411397519381621481661850513676
5,32,69,19,557906512572666330571080765495416
5,32,69,20,2906278797689379645944668624875124
5,32,69,21,14478385953871068946079485464979354
5,32,69,22,68976589015316614097117355406457152
5,32,69,23,314216167911466904049127207965561468
5,32,69,24,1368385303205965162415889561406616604
5,32,69,25,5695289176114609967710036031796529418
5,32,69,26,22646254784398100315665045295813909114
5,32,69,27,85994624619258329107885169742811544142
5,32,69,28,311702730267102729986236257008495329916
5,32,69,29,1077920454464415046604802152113538685268
5,32,69,30,3554491810394833574881410271416719761554
5,32,69,31,11170417074543739145884908929161231723446
5,32,69,32,33435676295082363351079416084004438627318
5,32,69,33,95266855245069964758973535428956827832110
5,32,69,34,258228406042712591959001717004779609588374
5,32,69,35,665482310220520599686378656342022528064360
5,32,69,36,1629606266148671786184794086387844135091574
5,32,69,37,3789593307393301750597433491730050914796740
5,32,69,38,8364237973597989184263497025141986811296276
5,32,69,39,17512877667278502971963764763966143698225902
5,32,69,40,34767725615824796668893684092364737302081692
5,32,69,41,65417371413749521248898706157373420104122938
5,32,69,42,116611593980053929042279963327858578961158710
5,32,69,43,196871331750997574429163598807911789067994312
5,32,69,44,314705919462327197108032612899806605288851970
5,32,69,45,476244984131307902807082546659691934643962992
5,32,69,46,682203973534131178993754986725055881171198720
5,32,69,47,925011422412008218230577861101558767629343518
5,32,69,48,1187288036213573406192140800680271476311627766
5,32,69,49,1442796765133661621677365982482705533465647080
5,32,69,50,1660331295038512620475498329208203236518433406
5,32,69,51,1809926420529386537708141827268657212421435662
5,32,69,52,1869707738535137458223337872326895738087162676
5,32,69,53,1831197105207245382760757390387516245754351696
5,32,69,54,1701281175210400286842694958173867692121903570
5,32,69,55,1500216049900532478920485636371916432045121776
5,32,69,56,1256457437311241771107517982658893408013061486
5,32,69,57,1000129616829462422700766169080138949575784264
5,32,69,58,757168244397086682717067005265640068466836906
5,32,69,59,545607060142807445775129839891395567365874970
5,32,69,60,374498309516001387009365100909730935709989488
5,32,69,61,245039430193774289103063892525252194400036782
5,32,69,62,152957875078071195192400535057220429150075912
5,32,69,63,91156426320340149594577782013251470789315112
5,32,69,64,51904557848498394016151518233342345929593936
5,32,69,65,28257932413365729575424180766061826670906348
5,32,69,66,14719545580452619069798670622667557315739988
5,32,69,67,7341024871536930957817966233447939530106586
5,32,69,68,3507531774168885858069600773709343169024434
5,32,69,69,1606525495199390817726469077001318222234004
5,32,69,70,705759175995346062691177681447018267208634
5,32,69,71,297531583016913261001082665787493962227008
5,32,69,72,120427242112872660422120018908853042157466
5,32,69,73,46818980479977496099880596489547287468330
5,32,69,74,17490347370141666966081473676194649026710
5,32,69,75,6280755075706712512375433921697647242794
5,32,69,76,2168725961679183757771360115298978202140
5,32,69,77,720286343739388270873932293390563982312
5,32,69,78,230159387518580582704112201543600047914
5,32,69,79,70774849618225056981759998746631493938
5,32,69,80,20948340074710035782443274581410338172
5,32,69,81,5969333246113674572215837056950700820
5,32,69,82,1637894353703831127380955257938596278
5,32,69,83,432815610737093454229508075544298312
5,32,69,84,110165715849714861577788772035661862
5,32,69,85,27013694554944205344104029097686630
5,32,69,86,6382372932867679267036145235150402
5,32,69,87,1453141709246261659720727833394094
5,32,69,88,318881400071152197441098419597926
5,32,69,89,67455097419334431563410465951566
5,32,69,90,13757339838926191803535146837794
5,32,69,91,2705564762375515849401515708280
5,32,69,92,513160610103962653692230760824
5,32,69,93,93882603858179481162027718510
5,32,69,94,16569584666713491218607884186
5,32,69,95,2821509553690453533236174898
5,32,69,96,463585894945967981451808434
5,32,69,97,73497964422321539761429404
5,32,69,98,11243761275334587354990988
5,32,69,99,1659606942999025649075360
5,32,69,100,236312517618852208668028
5,32,69,101,32452093448363732768242
5,32,69,102,4296409402633369990916
5,32,69,103,548075437263173192636
5,32,69,104,67317105194513880922
5,32,69,105,7952903845220126822
5,32,69,106,902499517638789614
5,32,69,107,98188380460403972
5,32,69,108,10213625193946340
5,32,69,109,1011773239824934
5,32,69,110,94899898134866
5,32,69,111,8359860288206
5,32,69,112,683827235978
5,32,69,113,51169892202
5,32,69,114,3430725264
5,32,69,115,200538512
5,32,69,116,9808158
5,32,69,117,370800
5,32,69,118,9858
5,32,69,119,76
5,32,69,120,0
5,32,69,121,0
5,32,69,122,0
5,32,69,123,0
5,32,69,124,0
5,32,69,125,0
5,32,69,126,0
5,32,69,127,0
5,32,69,128,0
5,32,69,129,0
5,32,69,130,0
5,32,69,131,0
5,32,69,132,0
5,32,69,133,0
5,32,69,134,0
5,32,69,135,0
5,32,69,136,0
5,32,69,137,0
5,32,69,138,0
5,32,69,139,0
5,32,69,140,0
5,32,69,141,0
5,32,69,142,0
5,32,69,143,0
5,32,69,144,0
5,32,69,145,0
5,32,69,146,0
5,32,69,147,0
5,32,69,148,0
5,32,69,149,0
5,32,69,150,0
5,32,69,151,0
5,32,69,152,0
5,32,69,153,0
5,32,69,154,0
5,32,69,155,0
5,32,69,156,0
5,32,69,157,0
5,32,69,158,0
5,32,69,159,0
5,32,69,160,0
5,32,69,161,0
5,32,69,162,0
5,32,69,163,0
5,32,69,164,0
5,32,69,165,0
5,32,69,166,0
5,32,69,167,0
5,32,69,168,0
5,32,69,169,0
5,32,69,170,0
5,32,69,171,0
5,32,69,172,0
5,32,69,173,0
5,32,69,174,0
5,32,69,175,0
5,32,69,176,0
5,32,69,177,0
5,32,69,178,0
5,32,69,179,0
5,32,69,180,0
5,32,69,181,0
5,32,69,182,0
5,32,69,183,0
5,32,69,184,0
5,32,69,185,0
5,32,69,186,0
5,32,69,187,0
5,32,69,188,0
5,32,69,189,0
5,32,69,190,0
5,32,69,191,0
5,32,69,192,0
5,32,69,193,0
5,32,69,194,0
5,32,69,195,0
5,32,69,196,0
5,32,69,197,0
5,32,69,198,0
5,32,69,199,0
5,32,69,200,0
5,32,69,201,0
5,32,69,202,0
5,32,69,203,0
5,32,69,204,0
5,32,69,205,0
5,32,69,206,0
5,32,69,207,0
5,32,69,208,0
5,32,69,209,0
5,32,69,210,0
5,32,69,211,0
5,32,69,212,0
5,32,69,213,0
5,32,69,214,0
5,32,69,215,0
5,32,69,216,0
5,32,69,217,0
5,32,69,218,0
5,32,69,219,0
5,32,69,220,0
5,32,69,221,0
5,32,69,222,0
5,32,69,223,0
5,32,69,224,0
5,32,69,225,0
5,32,69,226,0
5,32,69,227,0
5,32,69,228,0
5,32,69,229,0
5,32,69,230,0
5,32,69,231,0
5,32,69,232,0
5,32,69,233,0
5,32,69,234,0
5,32,69,235,0
5,32,69,236,0
5,32,69,237,0
5,32,69,238,0
5,32,69,239,0
5,32,69,240,0
5,32,69,241,0
5,32,69,242,0
5,32,69,243,0
5,32,69,244,0
5,32,69,245,0
5,32,69,246,0
5,32,69,247,0
5,32,69,248,0
5,32,69,249,0
5,32,69,250,0
5,32,69,251,0
5,32,69,252,0
5,32,69,253,0
5,32,69,254,0
5,32,69,255,0
5,32,69,256,0
5,32,69,257,0
5,32,69,258,0
5,32,69,259,0
5,32,69,260,0
5,32,69,261,0
5,32,69,262,0
5,32,69,263,0
5,32,69,264,0
5,32,69,265,0
5,32,69,266,0
5,32,69,267,0
5,32,69,268,0
5,32,69,269,0
5,32,69,270,0
5,32,69,271,0
5,32,69,272,0
5,32,69,273,0
5,32,69,274,0
5,32,69,275,0
5,32,69,276,0
5,32,69,277,0
5,32,69,278,0
5,32,69,279,0
5,32,69,280,0
5,32,69,281,0
5,32,69,282,0
5,32,69,283,0
5,32,70,0,17591205148343
5,32,70,1,503675973165532
5,32,70,2,10294368103187829
5,32,70,3,168275064000479666
5,32,70,4,2364304290593532211
5,32,70,5,29556633967649148138
5,32,70,6,335906041916033757322
5,32,70,7,3519622901435780479838
5,32,70,8,34338818849907681298286
5,32,70,9,314193981548713296524674
5,32,70,10,2710555003527516403314307
5,32,70,11,22137805211449885762620733
5,32,70,12,171706779542051091731329684
5,32,70,13,1267858100969987867167931796
5,32,70,14,8928955066868542339540356105
5,32,70,15,60062931075910051354559078132
5,32,70,16,386337468142727997871985021664
5,32,70,17,2378138800017354231478651160258
5,32,70,18,14017536743517359431467594510703
5,32,70,19,79147930312654208748320302716248
5,32,70,20,428191912304833764255467682630461
5,32,70,21,2219756350272842335226478673810455
5,32,70,22,11026179613444825695724444419961957
5,32,70,23,52473259633510135110455154427392591
5,32,70,24,239191671629598407303968266601782843
5,32,70,25,1044041092976948638408644333177516461
5,32,70,26,4362066945802613457534085209850768546
5,32,70,27,17437531250340407638127543263792783104
5,32,70,28,66663620903289978720637708175610053447
5,32,70,29,243600965425678061442702431404605035488
5,32,70,30,850383633458971306364568568632758340221
5,32,70,31,2834284835446359077174719373362773878561
5,32,70,32,9013672188832428787562018034910254882092
5,32,70,33,27335014821228021644076308256559460915958
5,32,70,34,78998911455143973227549461037521841374296
5,32,70,35,217435344744828222467625158854750926664745
5,32,70,36,569600384690420312735962999036885034949762
5,32,70,37,1419283407742231920164310941358571782804383
5,32,70,38,3361716565133404328337944097179185474932169
5,32,70,39,7564678365290330939402988194544872894985807
5,32,70,40,16162726160751834158096267775333749651507279
5,32,70,41,32772322738470852343811518747476931080835646
5,32,70,42,63032063817051453838439397374362328076663058
5,32,70,43,114945898132141024326090333075348473505167243
5,32,70,44,198675709784281144918074077032110673832714171
5,32,70,45,325376117620709261993843017423134916354287534
5,32,70,46,504797870972682056679355581588175602029663366
5,32,70,47,741779531309735270588542815360208366341427186
5,32,70,48,1032350300964992484112134588432698471234662263
5,32,70,49,1360754193226947870747959746381627466721140898
5,32,70,50,1698926613948191257834176916954400007011491305
5,32,70,51,2009510996838274992750707566591702842289124000
5,32,70,52,2252377826135991770196751387772295154459528675
5,32,70,53,2393182876531649933838106501206614512952434115
5,32,70,54,2411434805864347557321967425996142388162342618
5,32,70,55,2305427143890869897149686369052457998331987862
5,32,70,56,2092386255407835624085605739668580542196221749
5,32,70,57,1803885669116414838725671195227746669458502140
5,32,70,58,1478206577727117063920900476878081708855466558
5,32,70,59,1152176130370036074258646141419574453875464454
5,32,70,60,854813510047629844692753084607342040457750157
5,32,70,61,604104964141570962113374108525584478913218076
5,32,70,62,406973916158086948381502310535446214395822204
5,32,70,63,261553045108311429364397362403085100584199103
5,32,70,64,160478124282464733146424485925785975401048809
5,32,70,65,94070499742404961106630906548039977054499523
5,32,70,66,52720980571413262345557170255577310590140955
5,32,70,67,28268749042378257267053379047838067870331139
5,32,70,68,14511464984832828319676375757128938665075941
5,32,70,69,7136284112014003017275499005563028357607781
5,32,70,70,3363944031953770340932990717806230240348681
5,32,70,71,1520843986499772389527715433142226204100691
5,32,70,72,659791502804943114745886808266932081539230
5,32,70,73,274805137946827294461664350871481328480938
5,32,70,74,109933994100563552532474456560984797186340
5,32,70,75,42257558713817942915590248455406779621555
5,32,70,76,15613561552436281210026277895812722493866
5,32,70,77,5547139718902871271525921947194619090797
5,32,70,78,1895551014719739706001309287073654652416
5,32,70,79,623185315400784332171185989820789636831
5,32,70,80,197159676579188383878651607197846913054
5,32,70,81,60038662252409244805010440178437779873
5,32,70,82,17601084490047287380824528786951707462
5,32,70,83,4968428976942738237042579351527512094
5,32,70,84,1350640064349917917661369896073638719
5,32,70,85,353644006802646055395945786241361730
5,32,70,86,89199328534736942214308355220725026
5,32,70,87,21676375972122904618408696440157777
5,32,70,88,5075779850552897764063360227647354
5,32,70,89,1145439312823512264030327287791984
5,32,70,90,249148552789703357985828450099942
5,32,70,91,52242878807604346177710474462119
5,32,70,92,10561972250737468715354086256609
5,32,70,93,2059108029710813343521351337738
5,32,70,94,387164071143844409282488839651
5,32,70,95,70219017584365122393557513374
5,32,70,96,12286090607130462456890941228
5,32,70,97,2074041623967801967382559696
5,32,70,98,337829487819827486886521665
5,32,70,99,53096623344212776041533235
5,32,70,100,8052199393848024036076668
5,32,70,101,1178146648288915280316722
5,32,70,102,166281161430064355448251
5,32,70,103,22631910218300508538180
5,32,70,104,2969288653969213982555
5,32,70,105,375304551248151347084
5,32,70,106,45663686199049455503
5,32,70,107,5342521715135044316
5,32,70,108,600161627419535480
5,32,70,109,64600432652252227
5,32,70,110,6642784921536367
5,32,70,111,649723714116673
5,32,70,112,60069019188737
5,32,70,113,5203623943496
5,32,70,114,417289528027
5,32,70,115,30487377707
5,32,70,116,1986168413
5,32,70,117,111813478
5,32,70,118,5224750
5,32,70,119,184328
5,32,70,120,4320
5,32,70,121,19
5,32,70,122,0
5,32,70,123,0
5,32,70,124,0
5,32,70,125,0
5,32,70,126,0
5,32,70,127,0
5,32,70,128,0
5,32,70,129,0
5,32,70,130,0
5,32,70,131,0
5,32,70,132,0
5,32,70,133,0
5,32,70,134,0
5,32,70,135,0
5,32,70,136,0
5,32,70,137,0
5,32,70,138,0
5,32,70,139,0
5,32,70,140,0
5,32,70,141,0
5,32,70,142,0
5,32,70,143,0
5,32,70,144,0
5,32,70,145,0
5,32,70,146,0
5,32,70,147,0
5,32,70,148,0
5,32,70,149,0
5,32,70,150,0
5,32,70,151,0
5,32,70,152,0
5,32,70,153,0
5,32,70,154,0
5,32,70,155,0
5,32,70,156,0
5,32,70,157,0
5,32,70,158,0
5,32,70,159,0
5,32,70,160,0
5,32,70,161,0
5,32,70,162,0
5,32,70,163,0
5,32,70,164,0
5,32,70,165,0
5,32,70,166,0
5,32,70,167,0
5,32,70,168,0
5,32,70,169,0
5,32,70,170,0
5,32,70,171,0
5,32,70,172,0
5,32,70,173,0
5,32,70,174,0
5,32,70,175,0
5,32,70,176,0
5,32,70,177,0
5,32,70,178,0
5,32,70,179,0
5,32,70,180,0
5,32,70,181,0
5,32,70,182,0
5,32,70,183,0
5,32,70,184,0
5,32,70,185,0
5,32,70,186,0
5,32,70,187,0
5,32,70,188,0
5,32,70,189,0
5,32,70,190,0
5,32,70,191,0
5,32,70,192,0
5,32,70,193,0
5,32,70,194,0
5,32,70,195,0
5,32,70,196,0
5,32,70,197,0
5,32,70,198,0
5,32,70,199,0
5,32,70,200,0
5,32,70,201,0
5,32,70,202,0
5,32,70,203,0
5,32,70,204,0
5,32,70,205,0
5,32,70,206,0
5,32,70,207,0
5,32,70,208,0
5,32,70,209,0
5,32,70,210,0
5,32,70,211,0
5,32,70,212,0
5,32,70,213,0
5,32,70,214,0
5,32,70,215,0
5,32,70,216,0
5,32,70,217,0
5,32,70,218,0
5,32,70,219,0
5,32,70,220,0
5,32,70,221,0
5,32,70,222,0
5,32,70,223,0
5,32,70,224,0
5,32,70,225,0
5,32,70,226,0
5,32,70,227,0
5,32,70,228,0
5,32,70,229,0
5,32,70,230,0
5,32,70,231,0
5,32,70,232,0
5,32,70,233,0
5,32,70,234,0
5,32,70,235,0
5,32,70,236,0
5,32,70,237,0
5,32,70,238,0
5,32,70,239,0
5,32,70,240,0
5,32,70,241,0
5,32,70,242,0
5,32,70,243,0
5,32,70,244,0
5,32,70,245,0
5,32,70,246,0
5,32,70,247,0
5,32,70,248,0
5,32,70,249,0
5,32,70,250,0
5,32,70,251,0
5,32,70,252,0
5,32,70,253,0
5,32,70,254,0
5,32,70,255,0
5,32,70,256,0
5,32,70,257,0
5,32,70,258,0
5,32,70,259,0
5,32,70,260,0
5,32,70,261,0
5,32,70,262,0
5,32,70,263,0
5,32,70,264,0
5,32,70,265,0
5,32,70,266,0
5,32,70,267,0
5,32,70,268,0
5,32,70,269,0
5,32,70,270,0
5,32,70,271,0
5,32,70,272,0
5,32,70,273,0
5,32,70,274,0
5,32,70,275,0
5,32,70,276,0
5,32,70,277,0
5,32,70,278,0
5,32,70,279,0
5,32,70,280,0
5,32,70,281,0
5,32,70,282,0
5,32,70,283,0
5,32,71,0,1892585742676
5,32,71,1,50652029910042
5,32,71,2,1009550174412992
5,32,71,3,16233959215683150
5,32,71,4,226338809679489750
5,32,71,5,2823516481329354542
5,32,71,6,32170384069107922138
5,32,71,7,339215044430995641256
5,32,71,8,3341366908943549838430
5,32,71,9,30956889339126546781944
5,32,71,10,271135078936907268606916
5,32,71,11,2253702040581273948851200
5,32,71,12,17831590156960333899509178
5,32,71,13,134609562050848391315753340
5,32,71,14,971264485186825712020365736
5,32,71,15,6707790199941645664983925744
5,32,71,16,44387640988356675289987507070
5,32,71,17,281661363218179149055779751222
5,32,71,18,1714821373761596848092835352266
5,32,71,19,10020703972370263034720429059594
5,32,71,20,56215592183201365961391183274928
5,32,71,21,302779452302664506587817001743882
5,32,71,22,1565624688777202525588429945301468
5,32,71,23,7771000520574818648783057785253358
5,32,71,24,37016235177971688766600370876261738
5,32,71,25,169160232771508923997728724969689990
5,32,71,26,741362660079955745293097164736046190
5,32,71,27,3114583625368083212443657689196035618
5,32,71,28,12537030341953348900800140092431977612
5,32,71,29,48326392278637913382609709017813917154
5,32,71,30,178288174011006127376389750000930311398
5,32,71,31,629142460053371846340372304988531552850
5,32,71,32,2122229857009629879977258471925102168518
5,32,71,33,6838686696994549948371922760246132763818
5,32,71,34,21037948058618916748046723933787672238080
5,32,71,35,61743891995797314392908265307277763597886
5,32,71,36,172763778516238883062607439257410880526432
5,32,71,37,460562651819841510787395297178988262841630
5,32,71,38,1169001813750292140192877162028976000891198
5,32,71,39,2823266609440785016709610319320908414986202
5,32,71,40,6483779709878202157224250390015311630156274
5,32,71,41,14150973912646217841900960560488335914713616
5,32,71,42,29334855295794889311133626370497371344841984
5,32,71,43,57729500947654191034921188474609509296222462
5,32,71,44,107801930194629711420880945515628732283079004
5,32,71,45,190938600650004359372527176194496320283619792
5,32,71,46,320664379601990303009150851224028916402992618
5,32,71,47,510480421814948840045635004959603729128000374
5,32,71,48,770181219040183218619595508344261639656125314
5,32,71,49,1101134953108178706120035782665090721279574738
5,32,71,50,1491783581151475692291091501977670014058783108
5,32,71,51,1915176763733317832409424287245426866314578242
5,32,71,52,2330269648489354211573014604703337320804546970
5,32,71,53,2687758108030907950897782000752594485866819728
5,32,71,54,2939599014265608791178635663417412073365044548
5,32,71,55,3049722044156058485288260626349389786665244320
5,32,71,56,3002602944332008465661059790044725143330878560
5,32,71,57,2806857911316386223126400638417769895336108226
5,32,71,58,2492712901448986859922790302567603937111312490
5,32,71,59,2104357120719095127683294494050831330136962088
5,32,71,60,1689841442667982804189087404907745553562038010
5,32,71,61,1291665150364681503859198217077865873739318840
5,32,71,62,940459057156180021237937387016278926246686256
5,32,71,63,652725989857776007181979573379891769075371732
5,32,71,64,432156520586590427716253059719913135197798292
5,32,71,65,273141742941551805096338528949983441670221440
5,32,71,66,164924842000263294191306023735148416326124318
5,32,71,67,95201295829308575364733389938105203779408048
5,32,71,68,52572345752382286770101916062584311017004908
5,32,71,69,27791852052714289554337946956598414591285880
5,32,71,70,14073379232428242694577832228340956263842784
5,32,71,71,6830632992950632535850789850514075454105962
5,32,71,72,3179440640082058665255506594309381010064108
5,32,71,73,1420028710449091610377993317755817259240904
5,32,71,74,608853751899893990220389117091662073898232
5,32,71,75,250723089932862799494080069657070367375954
5,32,71,76,99202006621531511353234677815394822164576
5,32,71,77,37727171464085333605260417465030880885666
5,32,71,78,13795667146822951217431225332203229185038
5,32,71,79,4851965802989081799523288168900724787564
5,32,71,80,1641712245929001639227152265965464834170
5,32,71,81,534546279094794978919725663611502477950
5,32,71,82,167523407288794885556635770596628319226
5,32,71,83,50541747569999381732546917770541101050
5,32,71,84,14681942396120825052589230392524476466
5,32,71,85,4107165053446496032588713175006213988
5,32,71,86,1106592441714394157606900342436913124
5,32,71,87,287195764219318992278753469238661108
5,32,71,88,71807372344038300744978517364571998
5,32,71,89,17298804937186766497671829542755568
5,32,71,90,4015830652017235877884960985942028
5,32,71,91,898472477002199624510411883059280
5,32,71,92,193760116623111490225653319751718
5,32,71,93,40282518321992753934595242700220
5,32,71,94,8074684763163243197045788470962
5,32,71,95,1560831260603285679454580802214
5,32,71,96,290985383445211342809996421446
5,32,71,97,52327617654271942395814563946
5,32,71,98,9077960342937548332095156518
5,32,71,99,1519447376101900309794336334
5,32,71,100,245386671504315932695403018
5,32,71,101,38237767255248802344866154
5,32,71,102,5749016590569708224769828
5,32,71,103,833884274754507360024844
5,32,71,104,116665317973304190537674
5,32,71,105,15738586162630557971994
5,32,71,106,2046358921744464434434
5,32,71,107,256282308928210958926
5,32,71,108,30889207970815839542
5,32,71,109,3578851660656474060
5,32,71,110,397956058809103592
5,32,71,111,42373892399408514
5,32,71,112,4306398662890298
5,32,71,113,415744939828580
5,32,71,114,37868711801208
5,32,71,115,3223909094064
5,32,71,116,253272963464
5,32,71,117,18047767596
5,32,71,118,1140438400
5,32,71,119,61829834
5,32,71,120,2745470
5,32,71,121,89198
5,32,71,122,1890
5,32,71,123,0
5,32,71,124,0
5,32,71,125,0
5,32,71,126,0
5,32,71,127,0
5,32,71,128,0
5,32,71,129,0
5,32,71,130,0
5,32,71,131,0
5,32,71,132,0
5,32,71,133,0
5,32,71,134,0
5,32,71,135,0
5,32,71,136,0
5,32,71,137,0
5,32,71,138,0
5,32,71,139,0
5,32,71,140,0
5,32,71,141,0
5,32,71,142,0
5,32,71,143,0
5,32,71,144,0
5,32,71,145,0
5,32,71,146,0
5,32,71,147,0
5,32,71,148,0
5,32,71,149,0
5,32,71,150,0
5,32,71,151,0
5,32,71,152,0
5,32,71,153,0
5,32,71,154,0
5,32,71,155,0
5,32,71,156,0
5,32,71,157,0
5,32,71,158,0
5,32,71,159,0
5,32,71,160,0
5,32,71,161,0
5,32,71,162,0
5,32,71,163,0
5,32,71,164,0
5,32,71,165,0
5,32,71,166,0
5,32,71,167,0
5,32,71,168,0
5,32,71,169,0
5,32,71,170,0
5,32,71,171,0
5,32,71,172,0
5,32,71,173,0
5,32,71,174,0
5,32,71,175,0
5,32,71,176,0
5,32,71,177,0
5,32,71,178,0
5,32,71,179,0
5,32,71,180,0
5,32,71,181,0
5,32,71,182,0
5,32,71,183,0
5,32,71,184,0
5,32,71,185,0
5,32,71,186,0
5,32,71,187,0
5,32,71,188,0
5,32,71,189,0
5,32,71,190,0
5,32,71,191,0
5,32,71,192,0
5,32,71,193,0
5,32,71,194,0
5,32,71,195,0
5,32,71,196,0
5,32,71,197,0
5,32,71,198,0
5,32,71,199,0
5,32,71,200,0
5,32,71,201,0
5,32,71,202,0
5,32,71,203,0
5,32,71,204,0
5,32,71,205,0
5,32,71,206,0
5,32,71,207,0
5,32,71,208,0
5,32,71,209,0
5,32,71,210,0
5,32,71,211,0
5,32,71,212,0
5,32,71,213,0
5,32,71,214,0
5,32,71,215,0
5,32,71,216,0
5,32,71,217,0
5,32,71,218,0
5,32,71,219,0
5,32,71,220,0
5,32,71,221,0
5,32,71,222,0
5,32,71,223,0
5,32,71,224,0
5,32,71,225,0
5,32,71,226,0
5,32,71,227,0
5,32,71,228,0
5,32,71,229,0
5,32,71,230,0
5,32,71,231,0
5,32,71,232,0
5,32,71,233,0
5,32,71,234,0
5,32,71,235,0
5,32,71,236,0
5,32,71,237,0
5,32,71,238,0
5,32,71,239,0
5,32,71,240,0
5,32,71,241,0
5,32,71,242,0
5,32,71,243,0
5,32,71,244,0
5,32,71,245,0
5,32,71,246,0
5,32,71,247,0
5,32,71,248,0
5,32,71,249,0
5,32,71,250,0
5,32,71,251,0
5,32,71,252,0
5,32,71,253,0
5,32,71,254,0
5,32,71,255,0
5,32,71,256,0
5,32,71,257,0
5,32,71,258,0
5,32,71,259,0
5,32,71,260,0
5,32,71,261,0
5,32,71,262,0
5,32,71,263,0
5,32,71,264,0
5,32,71,265,0
5,32,71,266,0
5,32,71,267,0
5,32,71,268,0
5,32,71,269,0
5,32,71,270,0
5,32,71,271,0
5,32,71,272,0
5,32,71,273,0
5,32,71,274,0
5,32,71,275,0
5,32,71,276,0
5,32,71,277,0
5,32,71,278,0
5,32,71,279,0
5,32,71,280,0
5,32,71,281,0
5,32,71,282,0
5,32,71,283,0
5,32,72,0,184186005232
5,32,72,1,4585894607551
5,32,72,2,89319218252464
5,32,72,3,1411361799798788
5,32,72,4,19522651484227652
5,32,72,5,242900909812735875
5,32,72,6,2773458481159000926
5,32,72,7,29416543536476041305
5,32,72,8,292410978710215273176
5,32,72,9,2741692983860308558118
5,32,72,10,24364462402308046808190
5,32,72,11,205973587540866330853069
5,32,72,12,1661194820737732640620023
5,32,72,13,12809964784752172048556428
5,32,72,14,94611467404028758747496422
5,32,72,15,670175372544350172023955729
5,32,72,16,4557481274746261779033203534
5,32,72,17,29777126572290420335319766987
5,32,72,18,187024044344284261740844627573
5,32,72,19,1129599392174134363682491870236
5,32,72,20,6562230067904010644424256311795
5,32,72,21,36669732490943664055490088964651
5,32,72,22,197093436282760935383395545663652
5,32,72,23,1018778403110456002915985004808377
5,32,72,24,5063225271344057665350139724803651
5,32,72,25,24186783329500534243885841016255546
5,32,72,26,111011112896959595410856803462056867
5,32,72,27,489328812688993775591821060485887798
5,32,72,28,2070461732615811760416470590242804611
5,32,72,29,8404894622580563760056587975188645610
5,32,72,30,32714901303008143327896171865173343525
5,32,72,31,122023184656267662961692552015237097592
5,32,72,32,435858370383641366668025845476401637788
5,32,72,33,1489935914503306769637387470809489486481
5,32,72,34,4870953218952898453540561948587930911507
5,32,72,35,15218919792697793496442501718449902891279
5,32,72,36,45412255425491767815451203478422596301245
5,32,72,37,129323192350338063130467945445996573866524
5,32,72,38,351228583831316395416013392741113949792137
5,32,72,39,909103152370861750311776225109225574992347
5,32,72,40,2241055360150444391613094987298221742934488
5,32,72,41,5258036333965702200537771683391581649339612
5,32,72,42,11734206992857792523650345272305056746141678
5,32,72,43,24893487884242342661520365885544433288296111
5,32,72,44,50174191856744016442808540345234870114692057
5,32,72,45,96032790224898993803803576165211902659807063
5,32,72,46,174465346150190323368187652343717355014051945
5,32,72,47,300733667354834482346007014218954364743694315
5,32,72,48,491700161328986128967547354985999519741261701
5,32,72,49,762356186307560833557894030336492450692505257
5,32,72,50,1120681462280482511790815551678620394351950405
5,32,72,51,1561836293947987100965076269810586992944305658
5,32,72,52,2063555551001407553956462689510701900030516280
5,32,72,53,2584988676264235347101724022861592887888134112
5,32,72,54,3070671951823306161738994680122956034099972450
5,32,72,55,3459760907060593723030277477579370492829995441
5,32,72,56,3698587620991419381606985450042673894916685306
5,32,72,57,3752959309363796069708581131166441573907633769
5,32,72,58,3616263580722299571359194281373813937598625686
5,32,72,59,3310709076595797861974983357075515650287818872
5,32,72,60,2881417214019852305161687663999027892779756622
5,32,72,61,2385527530424361845696639550391334640402358189
5,32,72,62,1879925717986889760773995867401075686825569772
5,32,72,63,1411145579454629356757980911007508302899713314
5,32,72,64,1009678488378412963371520815404517412125280309
5,32,72,65,689103694050780350634778550048171380745572746
5,32,72,66,448939268114575144995410798871058388560838843
5,32,72,67,279384047989233851834670484468328239289485908
5,32,72,68,166200082202249244518535410139241782190292313
5,32,72,69,94574411833644307378262875377216191705050016
5,32,72,70,51512932592680999823974321377791736095988872
5,32,72,71,26874156528002019549788253524524470494606082
5,32,72,72,13436674056810112925461197275024229501338330
5,32,72,73,6442211054509928072204828246485132378436471
5,32,72,74,2963443601289094772965510952003723145906131
5,32,72,75,1308558312017714236679755990383508470669984
5,32,72,76,554911585270923634145084173211055239403760
5,32,72,77,226085005641558220186195781572564720082115
5,32,72,78,88532647802400229651836987173529549486264
5,32,72,79,33332603136013849363248871827023161476175
5,32,72,80,12069907695335566051726415107280091885871
5,32,72,81,4204629723338787396152144726958095525179
5,32,72,82,1409441641262000732066165948546141854444
5,32,72,83,454732390363016108302448609804430178849
5,32,72,84,141233217701981103860419106936811264943
5,32,72,85,42234077045142451740804903593042156260
5,32,72,86,12161839672883732968027786403301386220
5,32,72,87,3372905521225147997108627808508085383
5,32,72,88,901014104553643846128150304140889339
5,32,72,89,231863548646618698820808356092749699
5,32,72,90,57485268385649658127259022920834580
5,32,72,91,13732633466087196792398419736840652
5,32,72,92,3161373307485164766614911133850526
5,32,72,93,701417129318512582508877318918670
5,32,72,94,150007312952896568972178525123482
5,32,72,95,30927417484869689571085728736522
5,32,72,96,6147972121487025786706958527577
5,32,72,97,1178527763651711270300604075291
5,32,72,98,217885828568317899168834328880
5,32,72,99,38855914760755146334396459259
5,32,72,100,6684592824960371683061419500
5,32,72,101,1109486899993067711236651121
5,32,72,102,177673685163436213912453983
5,32,72,103,27452477542758399472720577
5,32,72,104,4092370373212620011494964
5,32,72,105,588501573735930808265293
5,32,72,106,81621187657271580377712
5,32,72,107,10914232364401599313972
5,32,72,108,1406395902213016972363
5,32,72,109,174523940876644490939
5,32,72,110,20837196894462266912
5,32,72,111,2390667506089343855
5,32,72,112,263112535538875534
5,32,72,113,27709909151048510
5,32,72,114,2782570203598870
5,32,72,115,265052258867573
5,32,72,116,23774231356720
5,32,72,117,1987837619665
5,32,72,118,152841621414
5,32,72,119,10613040614
5,32,72,120,649937472
5,32,72,121,33777984
5,32,72,122,1425694
5,32,72,123,42730
5,32,72,124,720
5,32,72,125,0
5,32,72,126,0
5,32,72,127,0
5,32,72,128,0
5,32,72,129,0
5,32,72,130,0
5,32,72,131,0
5,32,72,132,0
5,32,72,133,0
5,32,72,134,0
5,32,72,135,0
5,32,72,136,0
5,32,72,137,0
5,32,72,138,0
5,32,72,139,0
5,32,72,140,0
5,32,72,141,0
5,32,72,142,0
5,32,72,143,0
5,32,72,144,0
5,32,72,145,0
5,32,72,146,0
5,32,72,147,0
5,32,72,148,0
5,32,72,149,0
5,32,72,150,0
5,32,72,151,0
5,32,72,152,0
5,32,72,153,0
5,32,72,154,0
5,32,72,155,0
5,32,72,156,0
5,32,72,157,0
5,32,72,158,0
5,32,72,159,0
5,32,72,160,0
5,32,72,161,0
5,32,72,162,0
5,32,72,163,0
5,32,72,164,0
5,32,72,165,0
5,32,72,166,0
5,32,72,167,0
5,32,72,168,0
5,32,72,169,0
5,32,72,170,0
5,32,72,171,0
5,32,72,172,0
5,32,72,173,0
5,32,72,174,0
5,32,72,175,0
5,32,72,176,0
5,32,72,177,0
5,32,72,178,0
5,32,72,179,0
5,32,72,180,0
5,32,72,181,0
5,32,72,182,0
5,32,72,183,0
5,32,72,184,0
5,32,72,185,0
5,32,72,186,0
5,32,72,187,0
5,32,72,188,0
5,32,72,189,0
5,32,72,190,0
5,32,72,191,0
5,32,72,192,0
5,32,72,193,0
5,32,72,194,0
5,32,72,195,0
5,32,72,196,0
5,32,72,197,0
5,32,72,198,0
5,32,72,199,0
5,32,72,200,0
5,32,72,201,0
5,32,72,202,0
5,32,72,203,0
5,32,72,204,0
5,32,72,205,0
5,32,72,206,0
5,32,72,207,0
5,32,72,208,0
5,32,72,209,0
5,32,72,210,0
5,32,72,211,0
5,32,72,212,0
5,32,72,213,0
5,32,72,214,0
5,32,72,215,0
5,32,72,216,0
5,32,72,217,0
5,32,72,218,0
5,32,72,219,0
5,32,72,220,0
5,32,72,221,0
5,32,72,222,0
5,32,72,223,0
5,32,72,224,0
5,32,72,225,0
5,32,72,226,0
5,32,72,227,0
5,32,72,228,0
5,32,72,229,0
5,32,72,230,0
5,32,72,231,0
5,32,72,232,0
5,32,72,233,0
5,32,72,234,0
5,32,72,235,0
5,32,72,236,0
5,32,72,237,0
5,32,72,238,0
5,32,72,239,0
5,32,72,240,0
5,32,72,241,0
5,32,72,242,0
5,32,72,243,0
5,32,72,244,0
5,32,72,245,0
5,32,72,246,0
5,32,72,247,0
5,32,72,248,0
5,32,72,249,0
5,32,72,250,0
5,32,72,251,0
5,32,72,252,0
5,32,72,253,0
5,32,72,254,0
5,32,72,255,0
5,32,72,256,0
5,32,72,257,0
5,32,72,258,0
5,32,72,259,0
5,32,72,260,0
5,32,72,261,0
5,32,72,262,0
5,32,72,263,0
5,32,72,264,0
5,32,72,265,0
5,32,72,266,0
5,32,72,267,0
5,32,72,268,0
5,32,72,269,0
5,32,72,270,0
5,32,72,271,0
5,32,72,272,0
5,32,72,273,0
5,32,72,274,0
5,32,72,275,0
5,32,72,276,0
5,32,72,277,0
5,32,72,278,0
5,32,72,279,0
5,32,72,280,0
5,32,72,281,0
5,32,72,282,0
5,32,72,283,0
5,32,73,0,16015323954
5,32,73,1,368973252966
5,32,73,2,7060901247656
5,32,73,3,109541330113732
5,32,73,4,1504485051617444
5,32,73,5,18669516885654336
5,32,73,6,213643787349331364
5,32,73,7,2279406774853264456
5,32,73,8,22864023206329643236
5,32,73,9,216929862294222954572
5,32,73,10,1955589096141315894332
5,32,73,11,16809224314095575146592
5,32,73,12,138134331700902170238286
5,32,73,13,1087569055797890491667062
5,32,73,14,8217310533240122783608740
5,32,73,15,59659066380478438964332896
5,32,73,16,416603926525394759292386358
5,32,73,17,2800200231096214550763459204
5,32,73,18,18126005606923965228723212220
5,32,73,19,113035355583903257731594560816
5,32,73,20,679222157208006089668364226506
5,32,73,21,3933001107846054915512533640690
5,32,73,22,21944759504106381974138909089650
5,32,73,23,117969204115049621758478727915738
5,32,73,24,610852027689524251193784725374148
5,32,73,25,3045775575694246096204350660190114
5,32,73,26,14618058244687302794851909297980654
5,32,73,27,67502630531300591794041990370500736
5,32,73,28,299762458999493091504041092375248132
5,32,73,29,1279456165198348830854256056139254476
5,32,73,30,5245822314461655766345623858869680440
5,32,73,31,20647843850719155674526526823651748716
5,32,73,32,77970179126626080603664554255282175052
5,32,73,33,282282264055119268345436590087523224888
5,32,73,34,979127482311273933825126364659467864524
5,32,73,35,3251528926620510452844293676398316490210
5,32,73,36,10330365135501089963850546395980205003534
5,32,73,37,31376693423313410900857132550698793104350
5,32,73,38,91042651298715868277590860108038987315308
5,32,73,39,252181276991721199262366705566350406082588
5,32,73,40,666344175970103830374398310499096091339830
5,32,73,41,1678401673477843992408108951005372000128240
5,32,73,42,4027236904557254245981668809925852059066406
5,32,73,43,9199121725999566361455631573946184012438862
5,32,73,44,19991332677276179779319294464191777902083360
5,32,73,45,41308445858157174838546043802966384490941446
5,32,73,46,81115419098346372993192273447872115430043790
5,32,73,47,151294877938530453057431765841754653016550322
5,32,73,48,267926663171341569852462762653749775432421044
5,32,73,49,450320429856812353738769561408754904017263562
5,32,73,50,718150153622092946157814089803256435120815702
5,32,73,51,1086434177400414215967367008580374211895375016
5,32,73,52,1558931895674109067370157666836175998763041788
5,32,73,53,2121596893575888626818359192411938426054638614
5,32,73,54,2738564878776291014118979936256254915248527994
5,32,73,55,3353173560548333919917782766000557485935208188
5,32,73,56,3895342352262656652184799176925905551177438384
5,32,73,57,4294472012675525839968555230364454016619266846
5,32,73,58,4494680712112966873425800639002234549655119054
5,32,73,59,4467796768635889858574903779577076948248816094
5,32,73,60,4219893837844245334672338232106886791626419506
5,32,73,61,3789271054191943448147750012682680909101448264
5,32,73,62,3236751775490739669137422384699283140284698392
5,32,73,63,2631684053015823854641987293139322081475726964
5,32,73,64,2038044402910226892998282228924304236891644482
5,32,73,65,1504333595784430071112722622316198315994392522
5,32,73,66,1059075510851698025666446384411945143227916664
5,32,73,67,711650359420511734835270942572270326834267802
5,32,73,68,456738805200379423712729409812127155947677994
5,32,73,69,280176640661734778064220263669486639560628192
5,32,73,70,164381907385307815778226163781639740906542524
5,32,73,71,92304119501635932330342656811491332029210388
5,32,73,72,49637455947440613386541226820046004077089222
5,32,73,73,25578991017527105809799152711761495320335996
5,32,73,74,12638430429071169273613337211485810477238262
5,32,73,75,5990653947772713713374288551468217576447674
5,32,73,76,2725502139244433894987349629662637165983586
5,32,73,77,1190730994809176392781578570028201157892768
5,32,73,78,499761486252589188662580257573031568395512
5,32,73,79,201587951946982473581406130822587292464108
5,32,73,80,78175995812309459961067811025462689507698
5,32,73,81,29155997709554214738212699691019061644208
5,32,73,82,10460475626891395060674636011439715864962
5,32,73,83,3611212772132940116083144236954457750406
5,32,73,84,1199854668061814624993748010270287015306
5,32,73,85,383761912384081995391806014038949242882
5,32,73,86,118175051198141229234553812460742399220
5,32,73,87,35041631983910476979590243502579450648
5,32,73,88,10006767921115086482458690222334384496
5,32,73,89,2752358024097908079655927382078118666
5,32,73,90,729229546797756804594364943003077944
5,32,73,91,186129948704205928736311348464112592
5,32,73,92,45772523399846177358695694319933186
5,32,73,93,10846134636227833732775369098906230
5,32,73,94,2476702676843248506843191559534044
5,32,73,95,545069473317266962145603699209616
5,32,73,96,115627959845334063114458411495504
5,32,73,97,23646354080889757922967199003920
5,32,73,98,4662466621471087014828382719308
5,32,73,99,886499542013803651935884421318
5,32,73,100,162559545012366311184805722576
5,32,73,101,28752369828807387815810664852
5,32,73,102,4905809159049994941426703738
5,32,73,103,807533581858840309237711018
5,32,73,104,128246155333953369500468724
5,32,73,105,19649940836628092549146068
5,32,73,106,2904577060690020454270364
5,32,73,107,414139066828747317481690
5,32,73,108,56943590052121237910184
5,32,73,109,7547776070207360617470
5,32,73,110,963922213726811830050
5,32,73,111,118522763585151216966
5,32,73,112,14017577740459723260
5,32,73,113,1592471877282660658
5,32,73,114,173452277655504920
5,32,73,115,18064526314588868
5,32,73,116,1791902028279912
5,32,73,117,168347112825088
5,32,73,118,14861561500922
5,32,73,119,1219535869644
5,32,73,120,91710889928
5,32,73,121,6196807174
5,32,73,122,367129472
5,32,73,123,18300472
5,32,73,124,725396
5,32,73,125,20140
5,32,73,126,252
5,32,73,127,0
5,32,73,128,0
5,32,73,129,0
5,32,73,130,0
5,32,73,131,0
5,32,73,132,0
5,32,73,133,0
5,32,73,134,0
5,32,73,135,0
5,32,73,136,0
5,32,73,137,0
5,32,73,138,0
5,32,73,139,0
5,32,73,140,0
5,32,73,141,0
5,32,73,142,0
5,32,73,143,0
5,32,73,144,0
5,32,73,145,0
5,32,73,146,0
5,32,73,147,0
5,32,73,148,0
5,32,73,149,0
5,32,73,150,0
5,32,73,151,0
5,32,73,152,0
5,32,73,153,0
5,32,73,154,0
5,32,73,155,0
5,32,73,156,0
5,32,73,157,0
5,32,73,158,0
5,32,73,159,0
5,32,73,160,0
5,32,73,161,0
5,32,73,162,0
5,32,73,163,0
5,32,73,164,0
5,32,73,165,0
5,32,73,166,0
5,32,73,167,0
5,32,73,168,0
5,32,73,169,0
5,32,73,170,0
5,32,73,171,0
5,32,73,172,0
5,32,73,173,0
5,32,73,174,0
5,32,73,175,0
5,32,73,176,0
5,32,73,177,0
5,32,73,178,0
5,32,73,179,0
5,32,73,180,0
5,32,73,181,0
5,32,73,182,0
5,32,73,183,0
5,32,73,184,0
5,32,73,185,0
5,32,73,186,0
5,32,73,187,0
5,32,73,188,0
5,32,73,189,0
5,32,73,190,0
5,32,73,191,0
5,32,73,192,0
5,32,73,193,0
5,32,73,194,0
5,32,73,195,0
5,32,73,196,0
5,32,73,197,0
5,32,73,198,0
5,32,73,199,0
5,32,73,200,0
5,32,73,201,0
5,32,73,202,0
5,32,73,203,0
5,32,73,204,0
5,32,73,205,0
5,32,73,206,0
5,32,73,207,0
5,32,73,208,0
5,32,73,209,0
5,32,73,210,0
5,32,73,211,0
5,32,73,212,0
5,32,73,213,0
5,32,73,214,0
5,32,73,215,0
5,32,73,216,0
5,32,73,217,0
5,32,73,218,0
5,32,73,219,0
5,32,73,220,0
5,32,73,221,0
5,32,73,222,0
5,32,73,223,0
5,32,73,224,0
5,32,73,225,0
5,32,73,226,0
5,32,73,227,0
5,32,73,228,0
5,32,73,229,0
5,32,73,230,0
5,32,73,231,0
5,32,73,232,0
5,32,73,233,0
5,32,73,234,0
5,32,73,235,0
5,32,73,236,0
5,32,73,237,0
5,32,73,238,0
5,32,73,239,0
5,32,73,240,0
5,32,73,241,0
5,32,73,242,0
5,32,73,243,0
5,32,73,244,0
5,32,73,245,0
5,32,73,246,0
5,32,73,247,0
5,32,73,248,0
5,32,73,249,0
5,32,73,250,0
5,32,73,251,0
5,32,73,252,0
5,32,73,253,0
5,32,73,254,0
5,32,73,255,0
5,32,73,256,0
5,32,73,257,0
5,32,73,258,0
5,32,73,259,0
5,32,73,260,0
5,32,73,261,0
5,32,73,262,0
5,32,73,263,0
5,32,73,264,0
5,32,73,265,0
5,32,73,266,0
5,32,73,267,0
5,32,73,268,0
5,32,73,269,0
5,32,73,270,0
5,32,73,271,0
5,32,73,272,0
5,32,73,273,0
5,32,73,274,0
5,32,73,275,0
5,32,73,276,0
5,32,73,277,0
5,32,73,278,0
5,32,73,279,0
5,32,73,280,0
5,32,73,281,0
5,32,73,282,0
5,32,73,283,0
5,32,74,0,1225178781
5,32,74,1,25919308934
5,32,74,2,492599327969
5,32,74,3,7497057173255
5,32,74,4,102477608068834
5,32,74,5,1269241544620001
5,32,74,6,14567575485995297
5,32,74,7,156445059690120130
5,32,74,8,1584257873054854370
5,32,74,9,15216271364978553317
5,32,74,10,139189739445607392255
5,32,74,11,1216645461676703002111
5,32,74,12,10187854455819001631973
5,32,74,13,81890392337084957226574
5,32,74,14,632845189261269560774087
5,32,74,15,4707698705243101988980481
5,32,74,16,33742473560189258093641470
5,32,74,17,233190610586995930058882418
5,32,74,18,1554656097298135667605827893
5,32,74,19,10002231125580073210442099527
5,32,74,20,62113460601097537778956552055
5,32,74,21,372334135145522374068466875614
5,32,74,22,2154378321028893585839381589646
5,32,74,23,12030790058776080759783204469489
5,32,74,24,64826515530949055153015295580531
5,32,74,25,336951411042890271229194630754531
5,32,74,26,1688798341297200462421489800266406
5,32,74,27,8158258682568723854218830133677577
5,32,74,28,37967841753153071870956773583034703
5,32,74,29,170138151512591769710154685184803887
5,32,74,30,733676976817168904277804855699094099
5,32,74,31,3042699913293412982104133445425349703
5,32,74,32,12127849301524765078599034556346455237
5,32,74,33,46428640077105787028921482009265267603
5,32,74,34,170593409855276285933908783058877304659
5,32,74,35,601174639378568590677582142199054548445
5,32,74,36,2030403609984025449080376582105065811558
5,32,74,37,6567252247818277183771479909276074415241
5,32,74,38,20327213899189480372784962936107205630296
5,32,74,39,60164049862570549194559817190224007662598
5,32,74,40,170151031839745508579273537304302399219583
5,32,74,41,459459246096962570159092053496919373636511
5,32,74,42,1183740494330808618115590913948422926871654
5,32,74,43,2907725995038403573579755221245325523524812
5,32,74,44,6805171252766038441491579569821956409318373
5,32,74,45,15164492957186084645744360535993883733784966
5,32,74,46,32155181243671144063685165475053365947641861
5,32,74,47,64842302085669429931233173522117000561832881
5,32,74,48,124286075204798229010797906392516876313935152
5,32,74,49,226328942297354214707310485480845481348448401
5,32,74,50,391413398805132654767877995469776306807196863
5,32,74,51,642633666886938803862411835579554885212629649
5,32,74,52,1001404588576413818299678183917000835269683268
5,32,74,53,1480790942190326094241145992357453305192750394
5,32,74,54,2077641626632286339094997633702191285561585294
5,32,74,55,2765862281928532784366859819953528928211861459
5,32,74,56,3493813180848446879049351625103274615271988769
5,32,74,57,4188318842882652373317637056140897025409869807
5,32,74,58,4765923227066261862232337721075893675240220455
5,32,74,59,5149333741530447688825493614404362332543518459
5,32,74,60,5284602107634100354723729379095183731948267328
5,32,74,61,5153710484755440446331259119250756719984740629
5,32,74,62,4778473894585332373622692285220165523150628082
5,32,74,63,4214611043674080562095292041700509299741825999
5,32,74,64,3538194146506554591604654544115661644882780777
5,32,74,65,2829007552422446365351560790470251987696707721
5,32,74,66,2155754249641518943281523589361341407779015402
5,32,74,67,1566642468874469353569049356009889089421003880
5,32,74,68,1086535038464695168121201124095809136570789512
5,32,74,69,719647833387138098641277610761388078886500980
5,32,74,70,455508448817310660733276460232631458352968176
5,32,74,71,275718709159198218089524454214707996819268091
5,32,74,72,159703960676086071981931763596872979805556642
5,32,74,73,88577171027642660667130962226523726059659825
5,32,74,74,47070675504679752251920681140254284866292560
5,32,74,75,23980299721747058539043243707782643390672211
5,32,74,76,11718534089737492616681758688319697093193978
5,32,74,77,5495792687963327420938270079622231818750055
5,32,74,78,2474764320623052783821782775609287455927045
5,32,74,79,1070472832365624152169715252726144756595019
5,32,74,80,444970475298541535133296574587449274536386
5,32,74,81,177811390350571344199386141258452880526073
5,32,74,82,68328805124020187640787778317205515888865
5,32,74,83,25257560546591212755001140496240130425057
5,32,74,84,8983279262277489587326847620002848637064
5,32,74,85,3074913747952266727039989443782853038946
5,32,74,86,1013144139467431339809191241694841344796
5,32,74,87,321383722452403732934374749214359688214
5,32,74,88,98164558998351054848977767779527016526
5,32,74,89,28874799571767555132348423714465043065
5,32,74,90,8180218632436773703416385113638471338
5,32,74,91,2232212893143472064441000995506458759
5,32,74,92,586773975523384261395367325821860144
5,32,74,93,148596594034543664260110558731314457
5,32,74,94,36256686228900167695952357312091711
5,32,74,95,8524105566648727829391584924641386
5,32,74,96,1931230954146598704681279431343770
5,32,74,97,421688129833626989264692143278663
5,32,74,98,88750661638020336000943233055712
5,32,74,99,18006534025367140302013799057980
5,32,74,100,3522290859322164189382539352509
5,32,74,101,664379919439438225660339280325
5,32,74,102,120854437304690981888651084692
5,32,74,103,21204014234189956873369192780
5,32,74,104,3588638647071596673628392918
5,32,74,105,585911699464260769507181636
5,32,74,106,92287517487113712843073568
5,32,74,107,14023517803653303281653223
5,32,74,108,2055606357088799288556312
5,32,74,109,290617083389790539917821
5,32,74,110,39617252379664583459315
5,32,74,111,5205434747062158417629
5,32,74,112,658863897637088413595
5,32,74,113,80272346005840485075
5,32,74,114,9403956615029792201
5,32,74,115,1057787671749206419
5,32,74,116,114008923456603164
5,32,74,117,11739570597288187
5,32,74,118,1149971610644289
5,32,74,119,106510818717555
5,32,74,120,9249082312237
5,32,74,121,744359438358
5,32,74,122,54690338684
5,32,74,123,3593093718
5,32,74,124,205502107
5,32,74,125,9809023
5,32,74,126,362250
5,32,74,127,9348
5,32,74,128,72
5,32,74,129,0
5,32,74,130,0
5,32,74,131,0
5,32,74,132,0
5,32,74,133,0
5,32,74,134,0
5,32,74,135,0
5,32,74,136,0
5,32,74,137,0
5,32,74,138,0
5,32,74,139,0
5,32,74,140,0
5,32,74,141,0
5,32,74,142,0
5,32,74,143,0
5,32,74,144,0
5,32,74,145,0
5,32,74,146,0
5,32,74,147,0
5,32,74,148,0
5,32,74,149,0
5,32,74,150,0
5,32,74,151,0
5,32,74,152,0
5,32,74,153,0
5,32,74,154,0
5,32,74,155,0
5,32,74,156,0
5,32,74,157,0
5,32,74,158,0
5,32,74,159,0
5,32,74,160,0
5,32,74,161,0
5,32,74,162,0
5,32,74,163,0
5,32,74,164,0
5,32,74,165,0
5,32,74,166,0
5,32,74,167,0
5,32,74,168,0
5,32,74,169,0
5,32,74,170,0
5,32,74,171,0
5,32,74,172,0
5,32,74,173,0
5,32,74,174,0
5,32,74,175,0
5,32,74,176,0
5,32,74,177,0
5,32,74,178,0
5,32,74,179,0
5,32,74,180,0
5,32,74,181,0
5,32,74,182,0
5,32,74,183,0
5,32,74,184,0
5,32,74,185,0
5,32,74,186,0
5,32,74,187,0
5,32,74,188,0
5,32,74,189,0
5,32,74,190,0
5,32,74,191,0
5,32,74,192,0
5,32,74,193,0
5,32,74,194,0
5,32,74,195,0
5,32,74,196,0
5,32,74,197,0
5,32,74,198,0
5,32,74,199,0
5,32,74,200,0
5,32,74,201,0
5,32,74,202,0
5,32,74,203,0
5,32,74,204,0
5,32,74,205,0
5,32,74,206,0
5,32,74,207,0
5,32,74,208,0
5,32,74,209,0
5,32,74,210,0
5,32,74,211,0
5,32,74,212,0
5,32,74,213,0
5,32,74,214,0
5,32,74,215,0
5,32,74,216,0
5,32,74,217,0
5,32,74,218,0
5,32,74,219,0
5,32,74,220,0
5,32,74,221,0
5,32,74,222,0
5,32,74,223,0
5,32,74,224,0
5,32,74,225,0
5,32,74,226,0
5,32,74,227,0
5,32,74,228,0
5,32,74,229,0
5,32,74,230,0
5,32,74,231,0
5,32,74,232,0
5,32,74,233,0
5,32,74,234,0
5,32,74,235,0
5,32,74,236,0
5,32,74,237,0
5,32,74,238,0
5,32,74,239,0
5,32,74,240,0
5,32,74,241,0
5,32,74,242,0
5,32,74,243,0
5,32,74,244,0
5,32,74,245,0
5,32,74,246,0
5,32,74,247,0
5,32,74,248,0
5,32,74,249,0
5,32,74,250,0
5,32,74,251,0
5,32,74,252,0
5,32,74,253,0
5,32,74,254,0
5,32,74,255,0
5,32,74,256,0
5,32,74,257,0
5,32,74,258,0
5,32,74,259,0
5,32,74,260,0
5,32,74,261,0
5,32,74,262,0
5,32,74,263,0
5,32,74,264,0
5,32,74,265,0
5,32,74,266,0
5,32,74,267,0
5,32,74,268,0
5,32,74,269,0
5,32,74,270,0
5,32,74,271,0
5,32,74,272,0
5,32,74,273,0
5,32,74,274,0
5,32,74,275,0
5,32,74,276,0
5,32,74,277,0
5,32,74,278,0
5,32,74,279,0
5,32,74,280,0
5,32,74,281,0
5,32,74,282,0
5,32,74,283,0
5,32,75,0,80868010
5,32,75,1,1550950762
5,32,75,2,29841325254
5,32,75,3,445044469690
5,32,75,4,6082968293706
5,32,75,5,75343948651064
5,32,75,6,868713519297980
5,32,75,7,9405398917764658
5,32,75,8,96266935621935774
5,32,75,9,937009777904196540
5,32,75,10,8705096001706058378
5,32,75,11,77435750343159889736
5,32,75,12,661126452047401137188
5,32,75,13,5427790072108889331170
5,32,75,14,42914889188033064612828
5,32,75,15,327151140351346722413202
5,32,75,16,2406801905814035768433398
5,32,75,17,17099531860160585881251148
5,32,75,18,117381562131612071953323538
5,32,75,19,778821370610484551989162316
5,32,75,20,4995608414421094971249118700
5,32,75,21,30980526923689646484240724298
5,32,75,22,185750324865458621892682642304
5,32,75,23,1076612697752523616469316174408
5,32,75,24,6031008983011848106381398445892
5,32,75,25,32643666670842198722238543571702
5,32,75,26,170660955208336411520888708088500
5,32,75,27,861422866651103016317159853027570
5,32,75,28,4196062735417616554080468463964712
5,32,75,29,19714484946690461944132013023348264
5,32,75,30,89289787894730660367733103224763086
5,32,75,31,389608712489624685551913567197209610
5,32,75,32,1636772309103032493963872306762401368
5,32,75,33,6615906129496130599076796449526966072
5,32,75,34,25711585314998105996441160447833885452
5,32,75,35,96004998310565931207536588471878313974
5,32,75,36,344162093037201860809821606938629527084
5,32,75,37,1183609864209098026322440636570232735130
5,32,75,38,3902094377435068102537934874222101033172
5,32,75,39,12322387115721968174458439773432634998608
5,32,75,40,37244560182530790924022831673319130112332
5,32,75,41,107662779302128292304662552411417431057466
5,32,75,42,297419707625955774100220926809323490574574
5,32,75,43,784597828866734798384780859657076293977484
5,32,75,44,1975044670851262923070900767394111133461010
5,32,75,45,4740765108325182292312799550592067939596312
5,32,75,46,10843350150994430214379959108144908545070244
5,32,75,47,23617787766691751208033793232351277041321522
5,32,75,48,48956561348041328118058597166857082518811102
5,32,75,49,96523869770787223470000581079462196156562418
5,32,75,50,180921634489074058373802000017789011968473468
5,32,75,51,322243649171027827803743564685807039841427958
5,32,75,52,545194169132929831527915790625045841837997998
5,32,75,53,875904675868191049992503860212336194706425836
5,32,75,54,1335979946294605554777453754064339962763772246
5,32,75,55,1934253488524672390129197675941822963762486342
5,32,75,56,2658063376737993105470122854374487777340301604
5,32,75,57,3467045961357300911902967742999016474901665796
5,32,75,58,4292750239587042040994210097459168792454506076
5,32,75,59,5046238481707757107675450521077540796665766034
5,32,75,60,5633316491694381355508487799928323103377220760
5,32,75,61,5973994975572426135102423569141997964602785934
5,32,75,62,6020599380977433028928516711012957524968979206
5,32,75,63,5768803563322599680097407689840096620918836594
5,32,75,64,5258041422560510794681205128222223393765268272
5,32,75,65,4561381759377165996205168058324363217242456638
5,32,75,66,3768446336560221560316933793258371154230505768
5,32,75,67,2966845381204507072330576269236778353760728208
5,32,75,68,2227294236154369410405022821149217024642155458
5,32,75,69,1595513805635177561010692778333291701620749396
5,32,75,70,1091333267376645478355311547337065284399007348
5,32,75,71,713250044128798806885155858936945898584057240
5,32,75,72,445702161959008936121814858594751580907659978
5,32,75,73,266472034590875329010055373456792768813367144
5,32,75,74,152524654053527763960648023817716802227155936
5,32,75,75,83632973160830897354936538588834695374188936
5,32,75,76,43956175421381360876733256263583111527569216
5,32,75,77,22156935571429350648216004234858739231964322
5,32,75,78,10717045752749347852926440477881614855616718
5,32,75,79,4976556541851921884143714424257998759274198
5,32,75,80,2219566980517709520295555982175418189195942
5,32,75,81,951204230522751461119961665339896953626842
5,32,75,82,391841025212893864921792046448929858176156
5,32,75,83,155211835775134243104729399662805867421074
5,32,75,84,59135853870823350900623623225340306014532
5,32,75,85,21677289507654968311674826402048462153496
5,32,75,86,7646972320803530033361878751251981303220
5,32,75,87,2596529084703367109870869594343793980320
5,32,75,88,848774154964262670282459827504060871832
5,32,75,89,267147600869822138683051988460768821036
5,32,75,90,80970288970657063362210499377661020818
5,32,75,91,23635364660341172796193962999038825430
5,32,75,92,6645101657394036855694857057297497164
5,32,75,93,1799614815376377806860099401829862244
5,32,75,94,469493189462298116793466888366816918
5,32,75,95,118000323052418006241832904810356516
5,32,75,96,28574230233981178474437119456351398
5,32,75,97,6667132703655268781297653228890492
5,32,75,98,1499050958387776177423120950684740
5,32,75,99,324825808788550774167449318962884
5,32,75,100,67840721456351527002107763556506
5,32,75,101,13658080112248810167775210551198
5,32,75,102,2650971347253028633600193609918
5,32,75,103,496129580824726870496167409912
5,32,75,104,89540083790393950188128159922
5,32,75,105,15585670442114444043128664974
5,32,75,106,2616761994871914535736410664
5,32,75,107,423804953230681628660707290
5,32,75,108,66213298346366956842408860
5,32,75,109,9979119634134247743402666
5,32,75,110,1450664085419542614403796
5,32,75,111,203371688951951251104544
5,32,75,112,27487593152162521258052
5,32,75,113,3580301180428382321436
5,32,75,114,449136074994488098218
5,32,75,115,54219202353250208592
5,32,75,116,6291482546436566664
5,32,75,117,700637993428778510
5,32,75,118,74714494132123688
5,32,75,119,7604792230042340
5,32,75,120,735401130052914
5,32,75,121,67120167581654
5,32,75,122,5729810801306
5,32,75,123,451905681276
5,32,75,124,32408891438
5,32,75,125,2068274996
5,32,75,126,113920988
5,32,75,127,5192918
5,32,75,128,178990
5,32,75,129,4080
5,32,75,130,18
5,32,75,131,0
5,32,75,132,0
5,32,75,133,0
5,32,75,134,0
5,32,75,135,0
5,32,75,136,0
5,32,75,137,0
5,32,75,138,0
5,32,75,139,0
5,32,75,140,0
5,32,75,141,0
5,32,75,142,0
5,32,75,143,0
5,32,75,144,0
5,32,75,145,0
5,32,75,146,0
5,32,75,147,0
5,32,75,148,0
5,32,75,149,0
5,32,75,150,0
5,32,75,151,0
5,32,75,152,0
5,32,75,153,0
5,32,75,154,0
5,32,75,155,0
5,32,75,156,0
5,32,75,157,0
5,32,75,158,0
5,32,75,159,0
5,32,75,160,0
5,32,75,161,0
5,32,75,162,0
5,32,75,163,0
5,32,75,164,0
5,32,75,165,0
5,32,75,166,0
5,32,75,167,0
5,32,75,168,0
5,32,75,169,0
5,32,75,170,0
5,32,75,171,0
5,32,75,172,0
5,32,75,173,0
5,32,75,174,0
5,32,75,175,0
5,32,75,176,0
5,32,75,177,0
5,32,75,178,0
5,32,75,179,0
5,32,75,180,0
5,32,75,181,0
5,32,75,182,0
5,32,75,183,0
5,32,75,184,0
5,32,75,185,0
5,32,75,186,0
5,32,75,187,0
5,32,75,188,0
5,32,75,189,0
5,32,75,190,0
5,32,75,191,0
5,32,75,192,0
5,32,75,193,0
5,32,75,194,0
5,32,75,195,0
5,32,75,196,0
5,32,75,197,0
5,32,75,198,0
5,32,75,199,0
5,32,75,200,0
5,32,75,201,0
5,32,75,202,0
5,32,75,203,0
5,32,75,204,0
5,32,75,205,0
5,32,75,206,0
5,32,75,207,0
5,32,75,208,0
5,32,75,209,0
5,32,75,210,0
5,32,75,211,0
5,32,75,212,0
5,32,75,213,0
5,32,75,214,0
5,32,75,215,0
5,32,75,216,0
5,32,75,217,0
5,32,75,218,0
5,32,75,219,0
5,32,75,220,0
5,32,75,221,0
5,32,75,222,0
5,32,75,223,0
5,32,75,224,0
5,32,75,225,0
5,32,75,226,0
5,32,75,227,0
5,32,75,228,0
5,32,75,229,0
5,32,75,230,0
5,32,75,231,0
5,32,75,232,0
5,32,75,233,0
5,32,75,234,0
5,32,75,235,0
5,32,75,236,0
5,32,75,237,0
5,32,75,238,0
5,32,75,239,0
5,32,75,240,0
5,32,75,241,0
5,32,75,242,0
5,32,75,243,0
5,32,75,244,0
5,32,75,245,0
5,32,75,246,0
5,32,75,247,0
5,32,75,248,0
5,32,75,249,0
5,32,75,250,0
5,32,75,251,0
5,32,75,252,0
5,32,75,253,0
5,32,75,254,0
5,32,75,255,0
5,32,75,256,0
5,32,75,257,0
5,32,75,258,0
5,32,75,259,0
5,32,75,260,0
5,32,75,261,0
5,32,75,262,0
5,32,75,263,0
5,32,75,264,0
5,32,75,265,0
5,32,75,266,0
5,32,75,267,0
5,32,75,268,0
5,32,75,269,0
5,32,75,270,0
5,32,75,271,0
5,32,75,272,0
5,32,75,273,0
5,32,75,274,0
5,32,75,275,0
5,32,75,276,0
5,32,75,277,0
5,32,75,278,0
5,32,75,279,0
5,32,75,280,0
5,32,75,281,0
5,32,75,282,0
5,32,75,283,0
5,32,76,0,4488581
5,32,76,1,76291658
5,32,76,2,1535979883
5,32,76,3,22402755167
5,32,76,4,308643870679
5,32,76,5,3839279759310
5,32,76,6,44591373154384
5,32,76,7,488215502711152
5,32,76,8,5061350741985674
5,32,76,9,50025755805485635
5,32,76,10,472832481474818475
5,32,76,11,4286881880674669808
5,32,76,12,37366337072879145314
5,32,76,13,313683095975359378640
5,32,76,14,2539792885144292382218
5,32,76,15,19855897357566821470612
5,32,76,16,150019882624539923233955
5,32,76,17,1096152629533128181213813
5,32,76,18,7749524877227025487074331
5,32,76,19,53029136056966508118801173
5,32,76,20,351306131709062133166857087
5,32,76,21,2253379049371235147593701631
5,32,76,22,13994602346466443453856521210
5,32,76,23,84144257890892092124308479023
5,32,76,24,489721460317416776678195071672
5,32,76,25,2758191044007495184991217535175
5,32,76,26,15028293915154128443073929445559
5,32,76,27,79183956682646165883851095139088
5,32,76,28,403286740686994753337521699224503
5,32,76,29,1984377358004696025800595548711978
5,32,76,30,9428269156771387968756604996305321
5,32,76,31,43229715406540831511094773138557094
5,32,76,32,191163151870512731715180284029585223
5,32,76,33,814725500296516182567624028829765437
5,32,76,34,3344295305433885898823667371849663582
5,32,76,35,13212152570196910979264049480489827207
5,32,76,36,50199326507066596804834350699778978207
5,32,76,37,183294349766209413156262951513727872658
5,32,76,38,642676027591477335035628212923830635208
5,32,76,39,2162155781923924522403372924104902684876
5,32,76,40,6974137218635426209885163911240424529576
5,32,76,41,21550527085749262153705651990126077262099
5,32,76,42,63744813197674059585817515345961447380912
5,32,76,43,180347178013502730519204232594955058300019
5,32,76,44,487656309242438430078253406712771682870598
5,32,76,45,1259295090174943211205649584347397761202070
5,32,76,46,3103334644065705808467271824018658531592547
5,32,76,47,7293013854484034734708811667259627053885082
5,32,76,48,16333036785813806358063656878393593944657175
5,32,76,49,34836091104896359346613207728899041968991458
5,32,76,50,70718864806689356897280965321207854146084648
5,32,76,51,136567631674510490697127751459999313369411799
5,32,76,52,250758263687893625739313755804374110821519004
5,32,76,53,437596317657898390673832273841550651886120328
5,32,76,54,725519079939573109893181059295901651418849191
5,32,76,55,1142506097605603664246507898167849061365034745
5,32,76,56,1708496016476967681013610681852795416627934801
5,32,76,57,2425834206090291583954719078249963943069378649
5,32,76,58,3270252633599835663186866951838382961031264553
5,32,76,59,4185924996256935044433329036782321385183725573
5,32,76,60,5087959180838765572285677467533845058556013971
5,32,76,61,5873867781800572445170363080604389328796336513
5,32,76,62,6442466912878534139052078644347242810933225615
5,32,76,63,6715488762691684942104315072211791719314172423
5,32,76,64,6655470548386052310892797215759991376747013484
5,32,76,65,6274216786648876022449521036364613788467469367
5,32,76,66,5629194963394399568239232470678197099989347225
5,32,76,67,4809330741163350949742589734474454427816073233
5,32,76,68,3915036837508677164388911941321650606173991668
5,32,76,69,3038598762634423830473281759218432174200723825
5,32,76,70,2249983137816845981237606687675969348128958330
5,32,76,71,1590526558354153074359983928611448772161546626
5,32,76,72,1074107311589785261141678534478003110566797790
5,32,76,73,693406249398514305730981269524356315330956945
5,32,76,74,428198855991601596103809081371914197816478742
5,32,76,75,253103890660157551922684401555452416189655622
5,32,76,76,143290337265052874736119713865018370071012736
5,32,76,77,77742465564964878999192100941293970182069183
5,32,76,78,40445416215492406077878961949433677560286497
5,32,76,79,20187500472577388791580067603153072488792336
5,32,76,80,9671993644118583654230519729350793650716638
5,32,76,81,4450124707180932249527173754389192582452272
5,32,76,82,1967150687037584647794420115442940423976028
5,32,76,83,835762038720992160026416188981218719201343
5,32,76,84,341398200407446415945357396090919249111372
5,32,76,85,134125479167321270160374666234319867522142
5,32,76,86,50693816644078576707187586537382613923671
5,32,76,87,18437386767989434073705659750473091787327
5,32,76,88,6454120670271195408675156934806091404007
5,32,76,89,2174940617245899148112981461433221963926
5,32,76,90,705663026722344570940378460856893378841
5,32,76,91,220466740274072277812365526715580614350
5,32,76,92,66333250450410957279911437580578673386
5,32,76,93,19222104910891957213747953360404253588
5,32,76,94,5365190159508004429029270263596413767
5,32,76,95,1442489991535450150466989977903339891
5,32,76,96,373603476530805868815643090278183265
5,32,76,97,93219364012124407909944225106620074
5,32,76,98,22409224811371288971343478853283560
5,32,76,99,5190444776222376561223648946353336
5,32,76,100,1158445015097500915588103895759206
5,32,76,101,249161394024013061186434563475389
5,32,76,102,51649658399845083477366547801895
5,32,76,103,10320185510008886112753491129082
5,32,76,104,1987910113767152832459234548672
5,32,76,105,369192503811234491852878427947
5,32,76,106,66116929758365683677730920409
5,32,76,107,11419010845164199793018326415
5,32,76,108,1902146506998676355541849126
5,32,76,109,305625276541870813627243566
5,32,76,110,47366965258322265628527673
5,32,76,111,7080905858972835351609123
5,32,76,112,1020899055701689764142605
5,32,76,113,141928889812989964362032
5,32,76,114,19020229020985802363331
5,32,76,115,2455939128796461022399
5,32,76,116,305348930255471166545
5,32,76,117,36523049080566895907
5,32,76,118,4197579140545388591
5,32,76,119,462753587193062149
5,32,76,120,48815830002399024
5,32,76,121,4910249181146032
5,32,76,122,468585934613767
5,32,76,123,42123553938221
5,32,76,124,3532763191736
5,32,76,125,272860229522
5,32,76,126,19080752142
5,32,76,127,1180808987
5,32,76,128,62616234
5,32,76,129,2713775
5,32,76,130,85970
5,32,76,131,1785
5,32,76,132,0
5,32,76,133,0
5,32,76,134,0
5,32,76,135,0
5,32,76,136,0
5,32,76,137,0
5,32,76,138,0
5,32,76,139,0
5,32,76,140,0
5,32,76,141,0
5,32,76,142,0
5,32,76,143,0
5,32,76,144,0
5,32,76,145,0
5,32,76,146,0
5,32,76,147,0
5,32,76,148,0
5,32,76,149,0
5,32,76,150,0
5,32,76,151,0
5,32,76,152,0
5,32,76,153,0
5,32,76,154,0
5,32,76,155,0
5,32,76,156,0
5,32,76,157,0
5,32,76,158,0
5,32,76,159,0
5,32,76,160,0
5,32,76,161,0
5,32,76,162,0
5,32,76,163,0
5,32,76,164,0
5,32,76,165,0
5,32,76,166,0
5,32,76,167,0
5,32,76,168,0
5,32,76,169,0
5,32,76,170,0
5,32,76,171,0
5,32,76,172,0
5,32,76,173,0
5,32,76,174,0
5,32,76,175,0
5,32,76,176,0
5,32,76,177,0
5,32,76,178,0
5,32,76,179,0
5,32,76,180,0
5,32,76,181,0
5,32,76,182,0
5,32,76,183,0
5,32,76,184,0
5,32,76,185,0
5,32,76,186,0
5,32,76,187,0
5,32,76,188,0
5,32,76,189,0
5,32,76,190,0
5,32,76,191,0
5,32,76,192,0
5,32,76,193,0
5,32,76,194,0
5,32,76,195,0
5,32,76,196,0
5,32,76,197,0
5,32,76,198,0
5,32,76,199,0
5,32,76,200,0
5,32,76,201,0
5,32,76,202,0
5,32,76,203,0
5,32,76,204,0
5,32,76,205,0
5,32,76,206,0
5,32,76,207,0
5,32,76,208,0
5,32,76,209,0
5,32,76,210,0
5,32,76,211,0
5,32,76,212,0
5,32,76,213,0
5,32,76,214,0
5,32,76,215,0
5,32,76,216,0
5,32,76,217,0
5,32,76,218,0
5,32,76,219,0
5,32,76,220,0
5,32,76,221,0
5,32,76,222,0
5,32,76,223,0
5,32,76,224,0
5,32,76,225,0
5,32,76,226,0
5,32,76,227,0
5,32,76,228,0
5,32,76,229,0
5,32,76,230,0
5,32,76,231,0
5,32,76,232,0
5,32,76,233,0
5,32,76,234,0
5,32,76,235,0
5,32,76,236,0
5,32,76,237,0
5,32,76,238,0
5,32,76,239,0
5,32,76,240,0
5,32,76,241,0
5,32,76,242,0
5,32,76,243,0
5,32,76,244,0
5,32,76,245,0
5,32,76,246,0
5,32,76,247,0
5,32,76,248,0
5,32,76,249,0
5,32,76,250,0
5,32,76,251,0
5,32,76,252,0
5,32,76,253,0
5,32,76,254,0
5,32,76,255,0
5,32,76,256,0
5,32,76,257,0
5,32,76,258,0
5,32,76,259,0
5,32,76,260,0
5,32,76,261,0
5,32,76,262,0
5,32,76,263,0
5,32,76,264,0
5,32,76,265,0
5,32,76,266,0
5,32,76,267,0
5,32,76,268,0
5,32,76,269,0
5,32,76,270,0
5,32,76,271,0
5,32,76,272,0
5,32,76,273,0
5,32,76,274,0
5,32,76,275,0
5,32,76,276,0
5,32,76,277,0
5,32,76,278,0
5,32,76,279,0
5,32,76,280,0
5,32,76,281,0
5,32,76,282,0
5,32,76,283,0
5,32,77,0,202002
5,32,77,1,2922570
5,32,77,2,65136226
5,32,77,3,926686724
5,32,77,4,13019885156
5,32,77,5,164107584522
5,32,77,6,1927790542236
5,32,77,7,21464907708750
5,32,77,8,226205607005694
5,32,77,9,2278014254703264
5,32,77,10,21970469122965848
5,32,77,11,203538847593599732
5,32,77,12,1815423398858686752
5,32,77,13,15614628497482234494
5,32,77,14,129694740104009783148
5,32,77,15,1041407767020603457194
5,32,77,16,8091024024246333700496
5,32,77,17,60864577168571921885458
5,32,77,18,443533358314560211183920
5,32,77,19,3132198547308755205717824
5,32,77,20,21440741408369800250285134
5,32,77,21,142283849917640003035276128
5,32,77,22,915400084990717800967472342
5,32,77,23,5709270196237314184314801758
5,32,77,24,34514640356589721454170125524
5,32,77,25,202201816974241539534645995430
5,32,77,26,1147628324326853733604180430366
5,32,77,27,6308115921798027215657724415738
5,32,77,28,33566213227672175862090479158412
5,32,77,29,172825508370246695695821625935240
5,32,77,30,860583693961870347763269014927084
5,32,77,31,4142050908456924718089821186242692
5,32,77,32,19258132883392696242358208092805796
5,32,77,33,86439562708444570516969148612179658
5,32,77,34,374299528720880793752130958866781966
5,32,77,35,1562536394182354458291409919665964530
5,32,77,36,6283905136172756484545349099391168652
5,32,77,37,24327215232084276425319662239669577148
5,32,77,38,90590964630477401024374157316671269468
5,32,77,39,324240116571113417806019636722740613744
5,32,77,40,1114531795306700849918339297823962495518
5,32,77,41,3676316724051955484684134048231632076108
5,32,77,42,11627252213237320719395275540676965689830
5,32,77,43,35231716889154168690164194385031729204000
5,32,77,44,102195934059774778285040788381151442314160
5,32,77,45,283550757147438090717396933206888083281238
5,32,77,46,751944094511045112234307021817355535200270
5,32,77,47,1904435038069959023684599975443706234068562
5,32,77,48,4603111937974943965279558873592121447066724
5,32,77,49,10610446906903076195164282944525628141093140
5,32,77,50,23308822332733800714748645200250172208547488
5,32,77,51,48768307510851148801846851617591570074316228
5,32,77,52,97125453111157286672114467587774151419180352
5,32,77,53,184025320988476310155072395385570235834012262
5,32,77,54,331565055483303018092686640153904131904735668
5,32,77,55,567848903930862998168968238823831857702314114
5,32,77,56,924116628378949623085607463862261219083898468
5,32,77,57,1428698091457217887105829661041596123072400870
5,32,77,58,2097961939899741963184664459728902691856113384
5,32,77,59,2925883021118001154295086434891631155488108044
5,32,77,60,3875365653599312239721946859442048252630594260
5,32,77,61,4875220386223749018405464062214806913402672904
5,32,77,62,5825936980611017822430078460997355366002611674
5,32,77,63,6614924121580310921393137490958219895793249408
5,32,77,64,7138399819141170964069113291225991506778391296
5,32,77,65,7324074561196119370522351087830305216791391622
5,32,77,66,7147703482460746286758246238826763407909698798
5,32,77,67,6638229944195654940254865330186608302898674820
5,32,77,68,5870040442266814205763186236985417927162715210
5,32,77,69,4945173650199430168912607771958240923918636788
5,32,77,70,3971333620280767655005810436317197539949069824
5,32,77,71,3042137999813575834064420553438887116587468752
5,32,77,72,2224281157637516582835805517598110977141198860
5,32,77,73,1553291864335531676512528800717513884829853414
5,32,77,74,1036702516562261653758767899365555051889275464
5,32,77,75,661722347937396069761777931755886359662119908
5,32,77,76,404199689214522180506715859876210309499037246
5,32,77,77,236420606313896982686644102578771262921777048
5,32,77,78,132496710363633779022555637884950275151627184
5,32,77,79,71187754466678026831632096888998464257001118
5,32,77,80,36687928356903664765088509351250637142372100
5,32,77,81,18146048973916756950979272412141285616738290
5,32,77,82,8617679446402652524372013107837662425690198
5,32,77,83,3931341057698258435198322626831723126040964
5,32,77,84,1723494683847928626828072556249316841277500
5,32,77,85,726370945883372091398926341121088473172980
5,32,77,86,294395031346290960813763852416046757374794
5,32,77,87,114776813845029852975057879024490945666308
5,32,77,88,43056836296305329267396283134781394359744
5,32,77,89,15545043338022012360815286663696508750290
5,32,77,90,5402404178080928735971670805326168974824
5,32,77,91,1807581153635588856692774217533067852770
5,32,77,92,582347807380682237472743603257509961364
5,32,77,93,180671107840912891247561282768036386612
5,32,77,94,53982782113822377011942751996836704222
5,32,77,95,15535078404524230508665510616727411518
5,32,77,96,4306149734640918584481376002012508592
5,32,77,97,1149753219376558255198418277995014264
5,32,77,98,295720064065751995347880222035152846
5,32,77,99,73272141399418608942091880673732096
5,32,77,100,17490512149312720849700808433880914
5,32,77,101,4022530077086553379977360110477414
5,32,77,102,891378252083392311775583032491810
5,32,77,103,190339794450967267458126603895266
5,32,77,104,39169413203108038507376901368306
5,32,77,105,7769001001360600270776082983538
5,32,77,106,1485384763981935373035154420186
5,32,77,107,273795034178859129495405044978
5,32,77,108,48661021247070451399804746224
5,32,77,109,8339835338995046783768181712
5,32,77,110,1378468146112660340095362384
5,32,77,111,219749102649956096669920122
5,32,77,112,33787547194438248798845396
5,32,77,113,5010336776356770367421522
5,32,77,114,716482248035159280831750
5,32,77,115,98781849131952750361566
5,32,77,116,13126043722379944218704
5,32,77,117,1680198631152148182298
5,32,77,118,207041418845486853706
5,32,77,119,24536341532533040116
5,32,77,120,2792834021001889562
5,32,77,121,304758533130778046
5,32,77,122,31797066284981654
5,32,77,123,3159883236299338
5,32,77,124,297462815452078
5,32,77,125,26324319006196
5,32,77,126,2167568037026
5,32,77,127,163801063910
5,32,77,128,11158257234
5,32,77,129,669106536
5,32,77,130,34004992
5,32,77,131,1401220
5,32,77,132,40894
5,32,77,133,680
5,32,77,134,0
5,32,77,135,0
5,32,77,136,0
5,32,77,137,0
5,32,77,138,0
5,32,77,139,0
5,32,77,140,0
5,32,77,141,0
5,32,77,142,0
5,32,77,143,0
5,32,77,144,0
5,32,77,145,0
5,32,77,146,0
5,32,77,147,0
5,32,77,148,0
5,32,77,149,0
5,32,77,150,0
5,32,77,151,0
5,32,77,152,0
5,32,77,153,0
5,32,77,154,0
5,32,77,155,0
5,32,77,156,0
5,32,77,157,0
5,32,77,158,0
5,32,77,159,0
5,32,77,160,0
5,32,77,161,0
5,32,77,162,0
5,32,77,163,0
5,32,77,164,0
5,32,77,165,0
5,32,77,166,0
5,32,77,167,0
5,32,77,168,0
5,32,77,169,0
5,32,77,170,0
5,32,77,171,0
5,32,77,172,0
5,32,77,173,0
5,32,77,174,0
5,32,77,175,0
5,32,77,176,0
5,32,77,177,0
5,32,77,178,0
5,32,77,179,0
5,32,77,180,0
5,32,77,181,0
5,32,77,182,0
5,32,77,183,0
5,32,77,184,0
5,32,77,185,0
5,32,77,186,0
5,32,77,187,0
5,32,77,188,0
5,32,77,189,0
5,32,77,190,0
5,32,77,191,0
5,32,77,192,0
5,32,77,193,0
5,32,77,194,0
5,32,77,195,0
5,32,77,196,0
5,32,77,197,0
5,32,77,198,0
5,32,77,199,0
5,32,77,200,0
5,32,77,201,0
5,32,77,202,0
5,32,77,203,0
5,32,77,204,0
5,32,77,205,0
5,32,77,206,0
5,32,77,207,0
5,32,77,208,0
5,32,77,209,0
5,32,77,210,0
5,32,77,211,0
5,32,77,212,0
5,32,77,213,0
5,32,77,214,0
5,32,77,215,0
5,32,77,216,0
5,32,77,217,0
5,32,77,218,0
5,32,77,219,0
5,32,77,220,0
5,32,77,221,0
5,32,77,222,0
5,32,77,223,0
5,32,77,224,0
5,32,77,225,0
5,32,77,226,0
5,32,77,227,0
5,32,77,228,0
5,32,77,229,0
5,32,77,230,0
5,32,77,231,0
5,32,77,232,0
5,32,77,233,0
5,32,77,234,0
5,32,77,235,0
5,32,77,236,0
5,32,77,237,0
5,32,77,238,0
5,32,77,239,0
5,32,77,240,0
5,32,77,241,0
5,32,77,242,0
5,32,77,243,0
5,32,77,244,0
5,32,77,245,0
5,32,77,246,0
5,32,77,247,0
5,32,77,248,0
5,32,77,249,0
5,32,77,250,0
5,32,77,251,0
5,32,77,252,0
5,32,77,253,0
5,32,77,254,0
5,32,77,255,0
5,32,77,256,0
5,32,77,257,0
5,32,77,258,0
5,32,77,259,0
5,32,77,260,0
5,32,77,261,0
5,32,77,262,0
5,32,77,263,0
5,32,77,264,0
5,32,77,265,0
5,32,77,266,0
5,32,77,267,0
5,32,77,268,0
5,32,77,269,0
5,32,77,270,0
5,32,77,271,0
5,32,77,272,0
5,32,77,273,0
5,32,77,274,0
5,32,77,275,0
5,32,77,276,0
5,32,77,277,0
5,32,77,278,0
5,32,77,279,0
5,32,77,280,0
5,32,77,281,0
5,32,77,282,0
5,32,77,283,0
5,32,78,0,6954
5,32,78,1,79694
5,32,78,2,2169969
5,32,78,3,30133898
5,32,78,4,437635190
5,32,78,5,5696196005
5,32,78,6,68043560548
5,32,78,7,778240258396
5,32,78,8,8389308471249
5,32,78,9,86548358875664
5,32,78,10,855952250281517
5,32,78,11,8135806909876188
5,32,78,12,74529324595322698
5,32,78,13,658929069140900256
5,32,78,14,5630758876706399315
5,32,78,15,46556801437147261259
5,32,78,16,372788822833552662455
5,32,78,17,2892744547505629509182
5,32,78,18,21764927488824678202639
5,32,78,19,158847015252179054426635
5,32,78,20,1124858695644426059762006
5,32,78,21,7730178682302771758578326
5,32,78,22,51556939553208739257117754
5,32,78,23,333722575881963775849398287
5,32,78,24,2096256140799429179239796748
5,32,78,25,12775860591571398926136236037
5,32,78,26,75529997836613690638687009637
5,32,78,27,433012595209914220774526187935
5,32,78,28,2406441880070670758131846392437
5,32,78,29,12958707556294001098817154658992
5,32,78,30,67585654791780870902990177032748
5,32,78,31,341214935703960304102733384625810
5,32,78,32,1666621927304942741862404581409357
5,32,78,33,7870800936864047511566034865751409
5,32,78,34,35916556826019479015964640504682805
5,32,78,35,158259946529539487765305978770778797
5,32,78,36,672886000599240990089159891292180589
5,32,78,37,2758596733888756781317186573814526822
5,32,78,38,10896404812008214007517301764869263607
5,32,78,39,41437160599608686779238021143165491328
5,32,78,40,151588009479131466056512408005030964272
5,32,78,41,533038478091880505953727077900285199994
5,32,78,42,1800187724322498201490660983274506604776
5,32,78,43,5834273286816255030377328553292923887245
5,32,78,44,18130463637820885560826138237295123061560
5,32,78,45,53979476102496528234860970759858610703422
5,32,78,46,153848546764202041860349272406372351988942
5,32,78,47,419426085168066603492202932386754060958725
5,32,78,48,1092884459407671936408887925042317137282790
5,32,78,49,2719686015433589213238099975860293538262476
5,32,78,50,6459067509632178451274001519383479380509219
5,32,78,51,14629271848448894202586853568519771441044126
5,32,78,52,31578377610298509069879052768191093732873266
5,32,78,53,64923703637691717982616085571121104275370845
5,32,78,54,127062591948518544388224772053082049923107579
5,32,78,55,236598879997560930204676502725587457241026606
5,32,78,56,418981915940030324514511831966351404037054300
5,32,78,57,705346098855434259961839509093340623702211549
5,32,78,58,1128501370331663833140973025231669187650412249
5,32,78,59,1715522554840033389824052959899676452646391699
5,32,78,60,2477544158591068723192757858854773262350111056
5,32,78,61,3398977063354412461407166830654069350049085013
5,32,78,62,4429793171734746082877438104448061335988800982
5,32,78,63,5484897560811000409973071089421823784245498232
5,32,78,64,6453257136127899462924896973312146055866282052
5,32,78,65,7216439212900418266904328254791841254421593494
5,32,78,66,7672543883499594414018059375245580808989758966
5,32,78,67,7758817562354294455497174370178890309099623896
5,32,78,68,7465938812638808632969426589287405828687788865
5,32,78,69,6839458366180695804041088076507967093042391796
5,32,78,70,5968188135218463459984076456529165308723037243
5,32,78,71,4963613811987844848363738811351394680070578850
5,32,78,72,3936877804667388902042427624894610007095420640
5,32,78,73,2979732767795324565877286656619595737823252427
5,32,78,74,2153539789253308176938136460970483838039257493
5,32,78,75,1487168033102681826855751460854093488207889612
5,32,78,76,981928004199256565499368255400021990161988420
5,32,78,77,620282258689796949656508681922867305208764502
5,32,78,78,375112053398740144083176188545749225573653795
5,32,78,79,217299327803905655266279750707463481312266585
5,32,78,80,120652172088890084971553248538712580251726445
5,32,78,81,64244099617802533263910946722707248423752751
5,32,78,82,32823241786038544013580086126200035872033592
5,32,78,83,16098830130423699322156791456215309421532112
5,32,78,84,7583525218887909796315532228082812782000362
5,32,78,85,3432381218340039791550643448422433580838860
5,32,78,86,1493258250465699860200642339302528615632056
5,32,78,87,624655446847224160196643390047296894493249
5,32,78,88,251331716887215924358747282525294118707438
5,32,78,89,97291348232858392219366778004744514054133
5,32,78,90,36243055500365681159044892314184246580717
5,32,78,91,12995341672983389793704546630756771567213
5,32,78,92,4485775908451233254194085096367675148256
5,32,78,93,1490857421642748247400082640923650631473
5,32,78,94,477126202992820357907656731351590556143
5,32,78,95,147051233486001270092862954966115043430
5,32,78,96,43648892100029034151655494679843881406
5,32,78,97,12478743840727972810344198958060803608
5,32,78,98,3436216377603223864269856319085976452
5,32,78,99,911418835484577618029705616113350177
5,32,78,100,232861817573323459653369954534539458
5,32,78,101,57310920021637925128726410268779319
5,32,78,102,13587962718741775181903468401353174
5,32,78,103,3103651493094592804272167128489836
5,32,78,104,683003560902254669690585151865504
5,32,78,105,144824147011524017316299211528627
5,32,78,106,29591737703666037046213715334518
5,32,78,107,5827216788052251011535911846817
5,32,78,108,1106031711756571721038627594876
5,32,78,109,202370176915617154096418754505
5,32,78,110,35698823809501622579428104636
5,32,78,111,6072125881691335597856470520
5,32,78,112,995974902627056736973093009
5,32,78,113,157544407651916782469333332
5,32,78,114,24033087879237532092287806
5,32,78,115,3535453716924712405795892
5,32,78,116,501476922785749916007793
5,32,78,117,68568274760591560297530
5,32,78,118,9034456818382957722443
5,32,78,119,1146454225243946980530
5,32,78,120,140011952799190492933
5,32,78,121,16439238633663658697
5,32,78,122,1853045474833923993
5,32,78,123,200124123979006129
5,32,78,124,20647167863284645
5,32,78,125,2026534565580309
5,32,78,126,188110784030845
5,32,78,127,16379009608699
5,32,78,128,1323165896904
5,32,78,129,97764150594
5,32,78,130,6479031768
5,32,78,131,375810849
5,32,78,132,18308589
5,32,78,133,709375
5,32,78,134,19134
5,32,78,135,238
5,32,78,136,0
5,32,78,137,0
5,32,78,138,0
5,32,78,139,0
5,32,78,140,0
5,32,78,141,0
5,32,78,142,0
5,32,78,143,0
5,32,78,144,0
5,32,78,145,0
5,32,78,146,0
5,32,78,147,0
5,32,78,148,0
5,32,78,149,0
5,32,78,150,0
5,32,78,151,0
5,32,78,152,0
5,32,78,153,0
5,32,78,154,0
5,32,78,155,0
5,32,78,156,0
5,32,78,157,0
5,32,78,158,0
5,32,78,159,0
5,32,78,160,0
5,32,78,161,0
5,32,78,162,0
5,32,78,163,0
5,32,78,164,0
5,32,78,165,0
5,32,78,166,0
5,32,78,167,0
5,32,78,168,0
5,32,78,169,0
5,32,78,170,0
5,32,78,171,0
5,32,78,172,0
5,32,78,173,0
5,32,78,174,0
5,32,78,175,0
5,32,78,176,0
5,32,78,177,0
5,32,78,178,0
5,32,78,179,0
5,32,78,180,0
5,32,78,181,0
5,32,78,182,0
5,32,78,183,0
5,32,78,184,0
5,32,78,185,0
5,32,78,186,0
5,32,78,187,0
5,32,78,188,0
5,32,78,189,0
5,32,78,190,0
5,32,78,191,0
5,32,78,192,0
5,32,78,193,0
5,32,78,194,0
5,32,78,195,0
5,32,78,196,0
5,32,78,197,0
5,32,78,198,0
5,32,78,199,0
5,32,78,200,0
5,32,78,201,0
5,32,78,202,0
5,32,78,203,0
5,32,78,204,0
5,32,78,205,0
5,32,78,206,0
5,32,78,207,0
5,32,78,208,0
5,32,78,209,0
5,32,78,210,0
5,32,78,211,0
5,32,78,212,0
5,32,78,213,0
5,32,78,214,0
5,32,78,215,0
5,32,78,216,0
5,32,78,217,0
5,32,78,218,0
5,32,78,219,0
5,32,78,220,0
5,32,78,221,0
5,32,78,222,0
5,32,78,223,0
5,32,78,224,0
5,32,78,225,0
5,32,78,226,0
5,32,78,227,0
5,32,78,228,0
5,32,78,229,0
5,32,78,230,0
5,32,78,231,0
5,32,78,232,0
5,32,78,233,0
5,32,78,234,0
5,32,78,235,0
5,32,78,236,0
5,32,78,237,0
5,32,78,238,0
5,32,78,239,0
5,32,78,240,0
5,32,78,241,0
5,32,78,242,0
5,32,78,243,0
5,32,78,244,0
5,32,78,245,0
5,32,78,246,0
5,32,78,247,0
5,32,78,248,0
5,32,78,249,0
5,32,78,250,0
5,32,78,251,0
5,32,78,252,0
5,32,78,253,0
5,32,78,254,0
5,32,78,255,0
5,32,78,256,0
5,32,78,257,0
5,32,78,258,0
5,32,78,259,0
5,32,78,260,0
5,32,78,261,0
5,32,78,262,0
5,32,78,263,0
5,32,78,264,0
5,32,78,265,0
5,32,78,266,0
5,32,78,267,0
5,32,78,268,0
5,32,78,269,0
5,32,78,270,0
5,32,78,271,0
5,32,78,272,0
5,32,78,273,0
5,32,78,274,0
5,32,78,275,0
5,32,78,276,0
5,32,78,277,0
5,32,78,278,0
5,32,78,279,0
5,32,78,280,0
5,32,78,281,0
5,32,78,282,0
5,32,78,283,0
5,32,79,0,164
5,32,79,1,1300
5,32,79,2,52224
5,32,79,3,722704
5,32,79,4,10923500
5,32,79,5,152934578
5,32,79,6,1871261246
5,32,79,7,22360580944
5,32,79,8,249483226876
5,32,79,9,2659421175814
5,32,79,10,27196785882208
5,32,79,11,266965092896150
5,32,79,12,2526481061791358
5,32,79,13,23079192462237330
5,32,79,14,203823303012649840
5,32,79,15,1742386929135608870
5,32,79,16,14430421294939022908
5,32,79,17,115875553756209719488
5,32,79,18,902692942843569267506
5,32,79,19,6825339324609954145304
5,32,79,20,50106484410112754284740
5,32,79,21,357233191446735106372696
5,32,79,22,2473767149723185423332960
5,32,79,23,16639392658485662788855518
5,32,79,24,108711339328099016380006222
5,32,79,25,689803154935356045416587304
5,32,79,26,4250226061205995675565868298
5,32,79,27,25423203396350616003372756068
5,32,79,28,147586907235836613265300852032
5,32,79,29,831203475425487238452096290130
5,32,79,30,4539706183401501814967907675682
5,32,79,31,24032875154636385042567866336624
5,32,79,32,123258620459490948453529594342264
5,32,79,33,612095548101793440808656095508214
5,32,79,34,2941375506670117279716411714172404
5,32,79,35,13668905249373354801464142128818136
5,32,79,36,61387059306520242059988636601158708
5,32,79,37,266240536257571246471861825779213110
5,32,79,38,1114315664429112667041994506967680704
5,32,79,39,4497290255983887123464646887426762340
5,32,79,40,17489002719606739571654935409727705578
5,32,79,41,65479563599798101449510782450996954972
5,32,79,42,235842500067867785619120206227779075956
5,32,79,43,816503748353747823287288985977749259410
5,32,79,44,2714908645653610215807133951613676627276
5,32,79,45,8662689802659775069757030718013128447344
5,32,79,46,26502728242774988816946936204358009722340
5,32,79,47,77680224703370597699125277386379968182124
5,32,79,48,217950664333689578493776542331746852588322
5,32,79,49,584905327993073876415687719250195164535710
5,32,79,50,1500212282766354195586281739394388502752686
5,32,79,51,3674771623142886397683995371200142974708708
5,32,79,52,8590181465033919959014156416324570955933390
5,32,79,53,19149974500585854241441696555663891756221528
5,32,79,54,40686073940646933231692075872797981403203068
5,32,79,55,82332992334365675075218288840981017565249254
5,32,79,56,158604291919733217370112920477211926525261150
5,32,79,57,290708259229118257621196484519695735601194266
5,32,79,58,506778428487895329593813099343457545067389382
5,32,79,59,839932982730169898347014914141264776285428962
5,32,79,60,1323173170675384735814071751611262087419411774
5,32,79,61,1980832544892201363005056549215729357665930686
5,32,79,62,2817643424645761527789473372079145927815029918
5,32,79,63,3808156639826170783442762290794245475017576638
5,32,79,64,4890491163687539954721607518196115613328117228
5,32,79,65,5968318059331072679349570487558664719911219964
5,32,79,66,6923082999489334566251167787626044606212914442
5,32,79,67,7635074556864953135025761260256082726068721284
5,32,79,68,8008311447125113058946315900516392056855269042
5,32,79,69,7992037880119180457046531845655832147701845814
5,32,79,70,7592108215212800363167233172388977556224237472
5,32,79,71,6868726086233562025108226198116026844365926782
5,32,79,72,5921580801856986747247122128889133898959048532
5,32,79,73,4867434517368846383463928520582515818765506610
5,32,79,74,3817052478885154222126642954352273918065499134
5,32,79,75,2857551666595602582264763430300327421874864568
5,32,79,76,2043501392417509860635939901469326922803085390
5,32,79,77,1396847601211965510386667811277223818415503650
5,32,79,78,913257404256351528805433303534620769345967708
5,32,79,79,571452462547243043821746560561855854011389216
5,32,79,80,342433117148050541555588398149450603523272718
5,32,79,81,196624388574545821757709823154419370548560020
5,32,79,82,108245928218802261854275626597162495488084714
5,32,79,83,57165322990542330878501456208291724373779440
5,32,79,84,28974868799586457191770960812014263510183482
5,32,79,85,14102115224921977922258812480966621951859214
5,32,79,86,6593437393389016756799298419260447385364936
5,32,79,87,2962643150775628068907273444031910660470084
5,32,79,88,1279809694207268535476147208411508415137264
5,32,79,89,531682647938795728757787487287298219502462
5,32,79,90,212484300022317483169372874409407756349340
5,32,79,91,81710672496854627168661561892956451286872
5,32,79,92,30241489999484990384116060185168091066290
5,32,79,93,10774079734139165883757723935577319452010
5,32,79,94,3695524203585503447276377873434589957188
5,32,79,95,1220518147841417404155486397138599937966
5,32,79,96,388174202198569597856006318877582119362
5,32,79,97,118892690956467626233481620701794831162
5,32,79,98,35071398344908327931233061547476110360
5,32,79,99,9964079924404775788919602445131037562
5,32,79,100,2726588716321297180685942936585712278
5,32,79,101,718637609280936888549872814259309416
5,32,79,102,182438839293612374098732427744720056
5,32,79,103,44612094309150250196728070651050634
5,32,79,104,10508252644380177921574418558124776
5,32,79,105,2384355892950173649456517131862730
5,32,79,106,521196183952577714785629540619270
5,32,79,107,109762859882789569666586458049836
5,32,79,108,22272847313232390540784327697050
5,32,79,109,4355230813174670023054280672704
5,32,79,110,820759457773099539732714651636
5,32,79,111,149089367735722857080453731820
5,32,79,112,26107145219985931591487605132
5,32,79,113,4407625563835797949083736336
5,32,79,114,717501792665819892750515298
5,32,79,115,112626004317978089445395076
5,32,79,116,17047227759655658892813152
5,32,79,117,2487944555014352000739114
5,32,79,118,350053281828815586128146
5,32,79,119,47470230348240679854778
5,32,79,120,6201974938844784632868
5,32,79,121,780211857004060809618
5,32,79,122,94432833341617619156
5,32,79,123,10984521453638884306
5,32,79,124,1226066829635272194
5,32,79,125,131028012824915562
5,32,79,126,13364583196853328
5,32,79,127,1295140463307298
5,32,79,128,118488789900382
5,32,79,129,10145107524714
5,32,79,130,803515580542
5,32,79,131,57989218222
5,32,79,132,3735475944
5,32,79,133,209172258
5,32,79,134,9754260
5,32,79,135,352218
5,32,79,136,8834
5,32,79,137,68
5,32,79,138,0
5,32,79,139,0
5,32,79,140,0
5,32,79,141,0
5,32,79,142,0
5,32,79,143,0
5,32,79,144,0
5,32,79,145,0
5,32,79,146,0
5,32,79,147,0
5,32,79,148,0
5,32,79,149,0
5,32,79,150,0
5,32,79,151,0
5,32,79,152,0
5,32,79,153,0
5,32,79,154,0
5,32,79,155,0
5,32,79,156,0
5,32,79,157,0
5,32,79,158,0
5,32,79,159,0
5,32,79,160,0
5,32,79,161,0
5,32,79,162,0
5,32,79,163,0
5,32,79,164,0
5,32,79,165,0
5,32,79,166,0
5,32,79,167,0
5,32,79,168,0
5,32,79,169,0
5,32,79,170,0
5,32,79,171,0
5,32,79,172,0
5,32,79,173,0
5,32,79,174,0
5,32,79,175,0
5,32,79,176,0
5,32,79,177,0
5,32,79,178,0
5,32,79,179,0
5,32,79,180,0
5,32,79,181,0
5,32,79,182,0
5,32,79,183,0
5,32,79,184,0
5,32,79,185,0
5,32,79,186,0
5,32,79,187,0
5,32,79,188,0
5,32,79,189,0
5,32,79,190,0
5,32,79,191,0
5,32,79,192,0
5,32,79,193,0
5,32,79,194,0
5,32,79,195,0
5,32,79,196,0
5,32,79,197,0
5,32,79,198,0
5,32,79,199,0
5,32,79,200,0
5,32,79,201,0
5,32,79,202,0
5,32,79,203,0
5,32,79,204,0
5,32,79,205,0
5,32,79,206,0
5,32,79,207,0
5,32,79,208,0
5,32,79,209,0
5,32,79,210,0
5,32,79,211,0
5,32,79,212,0
5,32,79,213,0
5,32,79,214,0
5,32,79,215,0
5,32,79,216,0
5,32,79,217,0
5,32,79,218,0
5,32,79,219,0
5,32,79,220,0
5,32,79,221,0
5,32,79,222,0
5,32,79,223,0
5,32,79,224,0
5,32,79,225,0
5,32,79,226,0
5,32,79,227,0
5,32,79,228,0
5,32,79,229,0
5,32,79,230,0
5,32,79,231,0
5,32,79,232,0
5,32,79,233,0
5,32,79,234,0
5,32,79,235,0
5,32,79,236,0
5,32,79,237,0
5,32,79,238,0
5,32,79,239,0
5,32,79,240,0
5,32,79,241,0
5,32,79,242,0
5,32,79,243,0
5,32,79,244,0
5,32,79,245,0
5,32,79,246,0
5,32,79,247,0
5,32,79,248,0
5,32,79,249,0
5,32,79,250,0
5,32,79,251,0
5,32,79,252,0
5,32,79,253,0
5,32,79,254,0
5,32,79,255,0
5,32,79,256,0
5,32,79,257,0
5,32,79,258,0
5,32,79,259,0
5,32,79,260,0
5,32,79,261,0
5,32,79,262,0
5,32,79,263,0
5,32,79,264,0
5,32,79,265,0
5,32,79,266,0
5,32,79,267,0
5,32,79,268,0
5,32,79,269,0
5,32,79,270,0
5,32,79,271,0
5,32,79,272,0
5,32,79,273,0
5,32,79,274,0
5,32,79,275,0
5,32,79,276,0
5,32,79,277,0
5,32,79,278,0
5,32,79,279,0
5,32,79,280,0
5,32,79,281,0
5,32,79,282,0
5,32,79,283,0
5,32,80,0,2
5,32,80,1,8
5,32,80,2,761
5,32,80,3,11563
5,32,80,4,177748
5,32,80,5,2926988
5,32,80,6,37229047
5,32,80,7,477205871
5,32,80,8,5646823908
5,32,80,9,63072734242
5,32,80,10,676823465538
5,32,80,11,6938047510297
5,32,80,12,68474658545660
5,32,80,13,651663307059634
5,32,80,14,5990293732965155
5,32,80,15,53278384581442482
5,32,80,16,458947468462880713
5,32,80,17,3832584814268542913
5,32,80,18,31049272863973028398
5,32,80,19,244168770621513867886
5,32,80,20,1864681852973789928592
5,32,80,21,13833806283377299415953
5,32,80,22,99724960746187621131341
5,32,80,23,698641000386595281077633
5,32,80,24,4756834882218806961741360
5,32,80,25,31476578399053594788943843
5,32,80,26,202405394548541726797148027
5,32,80,27,1264595236911360771418044937
5,32,80,28,7674984104243536489849658222
5,32,80,29,45235033262938968098175043371
5,32,80,30,258817545980210731786472839973
5,32,80,31,1437010893611149463854017296725
5,32,80,32,7738874039242033110269130988664
5,32,80,33,40404497159235245945383213615012
5,32,80,34,204399134404648224597468854390515
5,32,80,35,1001315087513349916003332136678130
5,32,80,36,4747149313584094411042534203419029
5,32,80,37,21765969819560792298778956618783628
5,32,80,38,96450535122499897930064398855929844
5,32,80,39,412760909619474338138143453514206373
5,32,80,40,1704646488562436603072762986744596092
5,32,80,41,6788544100007555828055381466593006289
5,32,80,42,26048444037613971052465277655068707635
5,32,80,43,96227468403050597406493850274156622918
5,32,80,44,341957605362929722266640733518155111765
5,32,80,45,1167995656111474947490083911262392346850
5,32,80,46,3831275324734835370957700400430166977382
5,32,80,47,12059112758985115362534739688098074925613
5,32,80,48,36391077607241051504417855220788779922060
5,32,80,49,105201673736195716769257211868864260006946
5,32,80,50,291101245296605690143838436678944099286319
5,32,80,51,770391885591028073240016397827460785539891
5,32,80,52,1948441648620244959223514791840210416353712
5,32,80,53,4705921945488181231109209010719048793525397
5,32,80,54,10846044692608342645325074015413958830691539
5,32,80,55,23838116878582999577259767652775799316554657
5,32,80,56,49931007593259405621182733585806886123242782
5,32,80,57,99612199688660467630675730481145298001065267
5,32,80,58,189177348127137424813835644375046651670799697
5,32,80,59,341851714197981390117914051367405884351455735
5,32,80,60,587550651603166814451843531604664046165013211
5,32,80,61,960173940790207819768425807428277697386683443
5,32,80,62,1491566282978771531570308066576872124302360480
5,32,80,63,2202157096471167721748088713460786984657337017
5,32,80,64,3089776136838316614593596608544947877998954852
5,32,80,65,4119776593091824183752997252850951277147088064
5,32,80,66,5220571049138400962445902629085031555026062764
5,32,80,67,6288163338173133638959657048909124994857824986
5,32,80,68,7200912484043944483615849896329362426865550455
5,32,80,69,7842174799044032739136500706195121648300263337
5,32,80,70,8125063932606456648339569676971799358100275980
5,32,80,71,8011990236555024098177810693237816349391027024
5,32,80,72,7522853533119540767247555053465361563507231099
5,32,80,73,6729434663437036182139148602448248791750227318
5,32,80,74,5738128040870538545814618250735755674324378648
5,32,80,75,4666731089691509387762309709435384540503696554
5,32,80,76,3622190871556093610605888415104462990774941972
5,32,80,77,2684835104567514350805859199127068127036684251
5,32,80,78,1901633117344086475395401638103004255976144549
5,32,80,79,1287876201218304630567175939365445291477701919
5,32,80,80,834512290889191689560932827119441101446789785
5,32,80,81,517690852382287464346433095178489715916062068
5,32,80,82,307643610110344323857894108317105989997801698
5,32,80,83,175233066044184428924967889122384963942708946
5,32,80,84,95722688487847682739795960521475835156553140
5,32,80,85,50173179985272020471319366544479894709987866
5,32,80,86,25246410396026791519900417286943848525629865
5,32,80,87,12201056306621925776938379903534619850367221
5,32,80,88,5665626774016062355277649608590685866270385
5,32,80,89,2528821280292629355297923501250546638546227
5,32,80,90,1085321873122362399038669018412921324010027
5,32,80,91,448026230783912517575929668178371425813636
5,32,80,92,177938852404810107110540005791190424474310
5,32,80,93,68008417753757606867183161677442134144266
5,32,80,94,25018760749209015942360083390061873719663
5,32,80,95,8860376351874540473777165750598194488155
5,32,80,96,3021203848969693509869806593541814495934
5,32,80,97,991961735723252821273250227521953164834
5,32,80,98,313639674808707425064169648847260414123
5,32,80,99,95502010303996994476764098361116320126
5,32,80,100,28006287047644032012686842364325469993
5,32,80,101,7909878385847918887684195079202620504
5,32,80,102,2151596368260510219484110245327800073
5,32,80,103,563679067383229271832976126546678606
5,32,80,104,142228504668943091105945693393761377
5,32,80,105,34564548622983496946839947473454693
5,32,80,106,8090492345525554744991571646238992
5,32,80,107,1824044240242467312276033162367407
5,32,80,108,396128672982511233787964834474566
5,32,80,109,82872454219076591296603664948488
5,32,80,110,16703136652197629236444926305469
5,32,80,111,3243756170782136203030958717610
5,32,80,112,607036499487324184285857650715
5,32,80,113,109485046696577348671382887412
5,32,80,114,19033746075382180430005139149
5,32,80,115,3189875518219745164915394883
5,32,80,116,515398147294022645169017235
5,32,80,117,80288683461294886251475788
5,32,80,118,12058886820952862563049247
5,32,80,119,1746100747333747150082669
5,32,80,120,243707267979514452565233
5,32,80,121,32778003807261170007931
5,32,80,122,4246450210321252441642
5,32,80,123,529582093181822206087
5,32,80,124,63523202176379696472
5,32,80,125,7319890128295752041
5,32,80,126,808944998991201229
5,32,80,127,85532614597037077
5,32,80,128,8622696954641651
5,32,80,129,824739564353385
5,32,80,130,74331967475223
5,32,80,131,6254614319239
5,32,80,132,485312069166
5,32,80,133,34178107131
5,32,80,134,2138062016
5,32,80,135,115300752
5,32,80,136,5132366
5,32,80,137,173036
5,32,80,138,3840
5,32,80,139,17
5,32,80,140,0
5,32,80,141,0
5,32,80,142,0
5,32,80,143,0
5,32,80,144,0
5,32,80,145,0
5,32,80,146,0
5,32,80,147,0
5,32,80,148,0
5,32,80,149,0
5,32,80,150,0
5,32,80,151,0
5,32,80,152,0
5,32,80,153,0
5,32,80,154,0
5,32,80,155,0
5,32,80,156,0
5,32,80,157,0
5,32,80,158,0
5,32,80,159,0
5,32,80,160,0
5,32,80,161,0
5,32,80,162,0
5,32,80,163,0
5,32,80,164,0
5,32,80,165,0
5,32,80,166,0
5,32,80,167,0
5,32,80,168,0
5,32,80,169,0
5,32,80,170,0
5,32,80,171,0
5,32,80,172,0
5,32,80,173,0
5,32,80,174,0
5,32,80,175,0
5,32,80,176,0
5,32,80,177,0
5,32,80,178,0
5,32,80,179,0
5,32,80,180,0
5,32,80,181,0
5,32,80,182,0
5,32,80,183,0
5,32,80,184,0
5,32,80,185,0
5,32,80,186,0
5,32,80,187,0
5,32,80,188,0
5,32,80,189,0
5,32,80,190,0
5,32,80,191,0
5,32,80,192,0
5,32,80,193,0
5,32,80,194,0
5,32,80,195,0
5,32,80,196,0
5,32,80,197,0
5,32,80,198,0
5,32,80,199,0
5,32,80,200,0
5,32,80,201,0
5,32,80,202,0
5,32,80,203,0
5,32,80,204,0
5,32,80,205,0
5,32,80,206,0
5,32,80,207,0
5,32,80,208,0
5,32,80,209,0
5,32,80,210,0
5,32,80,211,0
5,32,80,212,0
5,32,80,213,0
5,32,80,214,0
5,32,80,215,0
5,32,80,216,0
5,32,80,217,0
5,32,80,218,0
5,32,80,219,0
5,32,80,220,0
5,32,80,221,0
5,32,80,222,0
5,32,80,223,0
5,32,80,224,0
5,32,80,225,0
5,32,80,226,0
5,32,80,227,0
5,32,80,228,0
5,32,80,229,0
5,32,80,230,0
5,32,80,231,0
5,32,80,232,0
5,32,80,233,0
5,32,80,234,0
5,32,80,235,0
5,32,80,236,0
5,32,80,237,0
5,32,80,238,0
5,32,80,239,0
5,32,80,240,0
5,32,80,241,0
5,32,80,242,0
5,32,80,243,0
5,32,80,244,0
5,32,80,245,0
5,32,80,246,0
5,32,80,247,0
5,32,80,248,0
5,32,80,249,0
5,32,80,250,0
5,32,80,251,0
5,32,80,252,0
5,32,80,253,0
5,32,80,254,0
5,32,80,255,0
5,32,80,256,0
5,32,80,257,0
5,32,80,258,0
5,32,80,259,0
5,32,80,260,0
5,32,80,261,0
5,32,80,262,0
5,32,80,263,0
5,32,80,264,0
5,32,80,265,0
5,32,80,266,0
5,32,80,267,0
5,32,80,268,0
5,32,80,269,0
5,32,80,270,0
5,32,80,271,0
5,32,80,272,0
5,32,80,273,0
5,32,80,274,0
5,32,80,275,0
5,32,80,276,0
5,32,80,277,0
5,32,80,278,0
5,32,80,279,0
5,32,80,280,0
5,32,80,281,0
5,32,80,282,0
5,32,80,283,0
5,32,81,0,0
5,32,81,1,0
5,32,81,2,4
5,32,81,3,98
5,32,81,4,1412
5,32,81,5,33734
5,32,81,6,471138
5,32,81,7,6715814
5,32,81,8,89075400
5,32,81,9,1069918718
5,32,81,10,12367850512
5,32,81,11,135205021106
5,32,81,12,1414228708936
5,32,81,13,14219486335400
5,32,81,14,137644783693202
5,32,81,15,1286586383032080
5,32,81,16,11628924378768250
5,32,81,17,101772490607675996
5,32,81,18,863299520615702022
5,32,81,19,7103575312212792868
5,32,81,20,56736348369393343262
5,32,81,21,440084998075209651440
5,32,81,22,3316452063072441204426
5,32,81,23,24288367411504612681966
5,32,81,24,172899596580017299274826
5,32,81,25,1196482119382824232846456
5,32,81,26,8049061407814791241234186
5,32,81,27,52636676189822505467594132
5,32,81,28,334566557531033884452581700
5,32,81,29,2066546598313256901112125848
5,32,81,30,12401292015825802368453135992
5,32,81,31,72279035253724904974697772900
5,32,81,32,408998411075619422888835871064
5,32,81,33,2246010682615600640352761963056
5,32,81,34,11964049264316005890747906445748
5,32,81,35,61786771570514699122446701160238
5,32,81,36,309185652150589750652487584727850
5,32,81,37,1498260843401383959497745673395318
5,32,81,38,7026209252819449950889455490629614
5,32,81,39,31865921750128038610390090293114102
5,32,81,40,139667760134793732016995527773025258
5,32,81,41,591167272415429403607396316424920832
5,32,81,42,2414562989998505873752772272209555766
5,32,81,43,9509126786793573322309114404769517936
5,32,81,44,36080181903590485495117180675359556852
5,32,81,45,131785714204932954689575535909675288632
5,32,81,46,462999009931367274229011865122208505220
5,32,81,47,1563295435080815074085499884071730261658
5,32,81,48,5068584524800844768091061184547151260750
5,32,81,49,15767115523517217066421267587676672977282
5,32,81,50,47019147270031492074153407121726191052428
5,32,81,51,134305832083167677371348464956849008392002
5,32,81,52,367163091958700966746567152626648597920020
5,32,81,53,959890053098764386715809040847049867970006
5,32,81,54,2397986931865521956154368256220640001336850
5,32,81,55,5720212393653111808554673150403324165495842
5,32,81,56,13019966776293457149686401724645363993697690
5,32,81,57,28258565624534415929920962991126344727691500
5,32,81,58,58447159356383766582425896992377053989055320
5,32,81,59,115133922394947608951874313262979155536522448
5,32,81,60,215898109215140965074726969688339530649519642
5,32,81,61,385218322774292252327492813232167738670082962
5,32,81,62,653754205490858975781869681482696271429297212
5,32,81,63,1054970322890672755635874012228127039965172778
5,32,81,64,1618401181115056257426965277776500460489546814
5,32,81,65,2359873138689016458849583721610268395567888466
5,32,81,66,3270535471316490631390067263006503648312557062
5,32,81,67,4308071973361191998059431483393125857064939708
5,32,81,68,5394131388590362533094677112989929199204410300
5,32,81,69,6421088365810496430764731538842985273936242242
5,32,81,70,7268593383768437478156310163617618729529142248
5,32,81,71,7826773555366068526609248683432849892168285674
5,32,81,72,8019910975725409509351832126272614553332499718
5,32,81,73,7823468989002301763576591362334398378551233638
5,32,81,74,7269136523085701384268204238668664444717035336
5,32,81,75,6436492747771444804854779129320410081130663994
5,32,81,76,5434299036374144401515574557859617775008176018
5,32,81,77,4377462420920186499626977613453285895542532950
5,32,81,78,3366290032534647679335163503231336591940066940
5,32,81,79,2472873232857872963588154608497844551961707504
5,32,81,80,1736387730010616515865782789139406002712893858
5,32,81,81,1166161684191573555026517653247293222162890986
5,32,81,82,749561611248821395903290714822205280963232706
5,32,81,83,461376919970264207209571936356566588342501168
5,32,81,84,272119549068639493445738150198931981660843662
5,32,81,85,153873681545962335325150667144118204861526438
5,32,81,86,83464802793728960795562671943612687993592264
5,32,81,87,43450766968716508022670606671458982479530980
5,32,81,88,21719657846601733301448276115132243969700142
5,32,81,89,10429446828126018464477232309645178690447994
5,32,81,90,4812800684067783587063333563652971607559722
5,32,81,91,2135119254156578446629293073731145496461928
5,32,81,92,910913188127118817790191262919848051137746
5,32,81,93,373842717504129314439242819909848706034060
5,32,81,94,147627802653497267850168082668660937752334
5,32,81,95,56105956663001609399845501041447115309338
5,32,81,96,20525336315637493142848889884710616495376
5,32,81,97,7228968646157592577342444223814712957846
5,32,81,98,2451419721634508964119108007089616420018
5,32,81,99,800483170457608751192921105596741203730
5,32,81,100,251713537921442783881529524338506282114
5,32,81,101,76225044186083146272644750272349129164
5,32,81,102,22229743529541403810802539010367985572
5,32,81,103,6243379661882764691544274069260069584
5,32,81,104,1688700031381649550508894683212828580
5,32,81,105,439875762287835212528223202350825092
5,32,81,106,110344388585158784851976934868353256
5,32,81,107,26657172704259669177819943481800632
5,32,81,108,6201940298040201426059020664710604
5,32,81,109,1389644784136229846833902072275046
5,32,81,110,299891557071256229976209259761716
5,32,81,111,62336095118838367115077392054098
5,32,81,112,12481585084059486556459023939254
5,32,81,113,2407702134583602400321467985262
5,32,81,114,447499861855140089809283191424
5,32,81,115,80148902889478763070446420786
5,32,81,116,13834812291108184000552870148
5,32,81,117,2301816031676011177615416934
5,32,81,118,369171941079797766382409056
5,32,81,119,57077984023259104966106074
5,32,81,120,8507197211864359880701240
5,32,81,121,1222208655202326934838618
5,32,81,122,169225600848006764770580
5,32,81,123,22574409049666363495380
5,32,81,124,2899993867753352271354
5,32,81,125,358527686227340772166
5,32,81,126,42617977240977164796
5,32,81,127,4864590398354779628
5,32,81,128,532216428830918742
5,32,81,129,55664784316849562
5,32,81,130,5544863696827088
5,32,81,131,523255091100634
5,32,81,132,46435780690188
5,32,81,133,3837444859860
5,32,81,134,291501910652
5,32,81,135,20013211028
5,32,81,136,1213735822
5,32,81,137,63003152
5,32,81,138,2667510
5,32,81,139,82516
5,32,81,140,1680
5,32,81,141,0
5,32,81,142,0
5,32,81,143,0
5,32,81,144,0
5,32,81,145,0
5,32,81,146,0
5,32,81,147,0
5,32,81,148,0
5,32,81,149,0
5,32,81,150,0
5,32,81,151,0
5,32,81,152,0
5,32,81,153,0
5,32,81,154,0
5,32,81,155,0
5,32,81,156,0
5,32,81,157,0
5,32,81,158,0
5,32,81,159,0
5,32,81,160,0
5,32,81,161,0
5,32,81,162,0
5,32,81,163,0
5,32,81,164,0
5,32,81,165,0
5,32,81,166,0
5,32,81,167,0
5,32,81,168,0
5,32,81,169,0
5,32,81,170,0
5,32,81,171,0
5,32,81,172,0
5,32,81,173,0
5,32,81,174,0
5,32,81,175,0
5,32,81,176,0
5,32,81,177,0
5,32,81,178,0
5,32,81,179,0
5,32,81,180,0
5,32,81,181,0
5,32,81,182,0
5,32,81,183,0
5,32,81,184,0
5,32,81,185,0
5,32,81,186,0
5,32,81,187,0
5,32,81,188,0
5,32,81,189,0
5,32,81,190,0
5,32,81,191,0
5,32,81,192,0
5,32,81,193,0
5,32,81,194,0
5,32,81,195,0
5,32,81,196,0
5,32,81,197,0
5,32,81,198,0
5,32,81,199,0
5,32,81,200,0
5,32,81,201,0
5,32,81,202,0
5,32,81,203,0
5,32,81,204,0
5,32,81,205,0
5,32,81,206,0
5,32,81,207,0
5,32,81,208,0
5,32,81,209,0
5,32,81,210,0
5,32,81,211,0
5,32,81,212,0
5,32,81,213,0
5,32,81,214,0
5,32,81,215,0
5,32,81,216,0
5,32,81,217,0
5,32,81,218,0
5,32,81,219,0
5,32,81,220,0
5,32,81,221,0
5,32,81,222,0
5,32,81,223,0
5,32,81,224,0
5,32,81,225,0
5,32,81,226,0
5,32,81,227,0
5,32,81,228,0
5,32,81,229,0
5,32,81,230,0
5,32,81,231,0
5,32,81,232,0
5,32,81,233,0
5,32,81,234,0
5,32,81,235,0
5,32,81,236,0
5,32,81,237,0
5,32,81,238,0
5,32,81,239,0
5,32,81,240,0
5,32,81,241,0
5,32,81,242,0
5,32,81,243,0
5,32,81,244,0
5,32,81,245,0
5,32,81,246,0
5,32,81,247,0
5,32,81,248,0
5,32,81,249,0
5,32,81,250,0
5,32,81,251,0
5,32,81,252,0
5,32,81,253,0
5,32,81,254,0
5,32,81,255,0
5,32,81,256,0
5,32,81,257,0
5,32,81,258,0
5,32,81,259,0
5,32,81,260,0
5,32,81,261,0
5,32,81,262,0
5,32,81,263,0
5,32,81,264,0
5,32,81,265,0
5,32,81,266,0
5,32,81,267,0
5,32,81,268,0
5,32,81,269,0
5,32,81,270,0
5,32,81,271,0
5,32,81,272,0
5,32,81,273,0
5,32,81,274,0
5,32,81,275,0
5,32,81,276,0
5,32,81,277,0
5,32,81,278,0
5,32,81,279,0
5,32,81,280,0
5,32,81,281,0
5,32,81,282,0
5,32,81,283,0
5,32,82,0,0
5,32,82,1,0
5,32,82,2,0
5,32,82,3,0
5,32,82,4,2
5,32,82,5,140
5,32,82,6,2856
5,32,82,7,47834
5,32,82,8,818282
5,32,82,9,11288698
5,32,82,10,147639177
5,32,82,11,1799794812
5,32,82,12,20585206851
5,32,82,13,224315341823
5,32,82,14,2334839463903
5,32,82,15,23331745277234
5,32,82,16,224501709992183
5,32,82,17,2084821247023443
5,32,82,18,18717719899383413
5,32,82,19,162684111112052281
5,32,82,20,1370283306865620858
5,32,82,21,11194701249614853835
5,32,82,22,88765651966845003163
5,32,82,23,683500172197778976954
5,32,82,24,5112935825167724618539
5,32,82,25,37168008770096619897373
5,32,82,26,262616112858672763534114
5,32,82,27,1803736517650196560489102
5,32,82,28,12043003182908079530192978
5,32,82,29,78159761560282092300504146
5,32,82,30,493019161671306189364189660
5,32,82,31,3021986750304159558053844143
5,32,82,32,17995248478500679292787947059
5,32,82,33,104069121254354304126611920476
5,32,82,34,584281577547261779095188017424
5,32,82,35,3183266306299141573312552120417
5,32,82,36,16821568121634917349834927242468
5,32,82,37,86173625387688867722101672494391
5,32,82,38,427709646587741361412373493642298
5,32,82,39,2055535984758590091044047182373347
5,32,82,40,9559178982621784215799437716932863
5,32,82,41,42987150827912847713628707703617632
5,32,82,42,186796524609819149875397846820584359
5,32,82,43,783769499735227796653401451989687859
5,32,82,44,3172956163460814627486091480304404677
5,32,82,45,12383786462049200412857507607793452292
5,32,82,46,46559289115456069887287783136480880501
5,32,82,47,168486999519941595490398108154275965212
5,32,82,48,586371265619436006590173412677654842099
5,32,82,49,1960926233570620758396997376573808891693
5,32,82,50,6296031303677806130479555282424070984250
5,32,82,51,19392096196526081635274956413130633754535
5,32,82,52,57249596707280758443192935959605524951230
5,32,82,53,161864556303399098167197371050364049855683
5,32,82,54,437936389450711768024121662627890870556083
5,32,82,55,1132940774296722430123037139199828675169100
5,32,82,56,2800323941667288252715632405297643844028988
5,32,82,57,6608390950345223994763846196939445565692586
5,32,82,58,14878773319963441444552478717255012596916552
5,32,82,59,31940278502295496569841019893317378921423045
5,32,82,60,65335309526414017567121524237145193081502772
5,32,82,61,127278852784692580842161536243845978845313703
5,32,82,62,236021336353130293211213475666453950975787838
5,32,82,63,416436935414511110189857036965245629964001557
5,32,82,64,698871030132346654234838347383137448075347461
5,32,82,65,1115254068055083460748906728205377944481213950
5,32,82,66,1691968817425900717714670373704582648801412608
5,32,82,67,2440056711480781265536250105423343225463144386
5,32,82,68,3344865387651019154047870847868321397545952034
5,32,82,69,4358583722907093235031487529416728530378805619
5,32,82,70,5399469679426821926710852591596516568204419337
5,32,82,71,6360329816458226121886443215034531919820662359
5,32,82,72,7126004389983942082874523115922709345528697578
5,32,82,73,7596170646203763661671471219547733908950896631
5,32,82,74,7707196800322176260558012720068595501151933610
5,32,82,75,7446395384858775876065674568208897355208442377
5,32,82,76,6854239184078327022394232652163695361431695915
5,32,82,77,6014079080933772369307950012215673843115016570
5,32,82,78,5032956592954315693507441643859664859586316442
5,32,82,79,4019571571922770301974476758018884926922921269
5,32,82,80,3065524763220562081781053346458335866718321418
5,32,82,81,2233925579730441691928343129050408819787730115
5,32,82,82,1556478150710938367148390819619057538696048911
5,32,82,83,1037523417331000251650427354875274919786002587
5,32,82,84,662062893029299205716003496946776165548612846
5,32,82,85,404675005667866763691807500878581704153191555
5,32,82,86,237066367166560095941139473871909588079278683
5,32,82,87,133177242817210516680605121180166582650202965
5,32,82,88,71781834351369065286243317428331696064074098
5,32,82,89,37139669255581329213617017215601656846248551
5,32,82,90,18454420798570067508298532344558938628022441
5,32,82,91,8810211181557086679497091872606726315666033
5,32,82,92,4042633529943918904467049156438714405983857
5,32,82,93,1783556523021561425685928296575664457956919
5,32,82,94,756814739836705036889011827869250110829570
5,32,82,95,308952493742957489391792726230563341201658
5,32,82,96,121365743062562833038209924675928838814915
5,32,82,97,45887006542011674364794574171720898051371
5,32,82,98,16701059462706783569395971725347954722144
5,32,82,99,5852155228078477333627687392850508401074
5,32,82,100,1974459772358785641101032850574422653530
5,32,82,101,641463474715532007541643840626907504538
5,32,82,102,200680934318457582316790101802783766287
5,32,82,103,60458944784778692425267020920221635195
5,32,82,104,17540306788940522853362348516810474040
5,32,82,105,4900406178966680904047478353402803115
5,32,82,106,1318371282063344264150846644188505920
5,32,82,107,341542994493411176940030165784126687
5,32,82,108,85201535084905203583357025996829447
5,32,82,109,20466323074625245741369156383062427
5,32,82,110,4733958260037834366346366102955054
5,32,82,111,1054413241377316474313951410193436
5,32,82,112,226161161575243853292925881949392
5,32,82,113,46717000135412556708313721450337
5,32,82,114,9294384154282806554352919449310
5,32,82,115,1781160111574222320769478936395
5,32,82,116,328833928949649467407815637921
5,32,82,117,58492431392061618745608582764
5,32,82,118,10026036219224049604201301027
5,32,82,119,1656213649342067314701669528
5,32,82,120,263693627609853882238517835
5,32,82,121,40466788974452669133182062
5,32,82,122,5985587657506984149406163
5,32,82,123,853261103884963128904672
5,32,82,124,117202733160514403445047
5,32,82,125,15507128613621199679028
5,32,82,126,1975371194286222911658
5,32,82,127,242093385137897342131
5,32,82,128,28516896998635801195
5,32,82,129,3224026445716333171
5,32,82,130,349145560275827628
5,32,82,131,36114894392380131
5,32,82,132,3553573788765511
5,32,82,133,330717283550557
5,32,82,134,28883669106844
5,32,82,135,2342791787134
5,32,82,136,174072032769
5,32,82,137,11639064854
5,32,82,138,683870556
5,32,82,139,34017215
5,32,82,140,1369624
5,32,82,141,38982
5,32,82,142,640
5,32,82,143,0
5,32,82,144,0
5,32,82,145,0
5,32,82,146,0
5,32,82,147,0
5,32,82,148,0
5,32,82,149,0
5,32,82,150,0
5,32,82,151,0
5,32,82,152,0
5,32,82,153,0
5,32,82,154,0
5,32,82,155,0
5,32,82,156,0
5,32,82,157,0
5,32,82,158,0
5,32,82,159,0
5,32,82,160,0
5,32,82,161,0
5,32,82,162,0
5,32,82,163,0
5,32,82,164,0
5,32,82,165,0
5,32,82,166,0
5,32,82,167,0
5,32,82,168,0
5,32,82,169,0
5,32,82,170,0
5,32,82,171,0
5,32,82,172,0
5,32,82,173,0
5,32,82,174,0
5,32,82,175,0
5,32,82,176,0
5,32,82,177,0
5,32,82,178,0
5,32,82,179,0
5,32,82,180,0
5,32,82,181,0
5,32,82,182,0
5,32,82,183,0
5,32,82,184,0
5,32,82,185,0
5,32,82,186,0
5,32,82,187,0
5,32,82,188,0
5,32,82,189,0
5,32,82,190,0
5,32,82,191,0
5,32,82,192,0
5,32,82,193,0
5,32,82,194,0
5,32,82,195,0
5,32,82,196,0
5,32,82,197,0
5,32,82,198,0
5,32,82,199,0
5,32,82,200,0
5,32,82,201,0
5,32,82,202,0
5,32,82,203,0
5,32,82,204,0
5,32,82,205,0
5,32,82,206,0
5,32,82,207,0
5,32,82,208,0
5,32,82,209,0
5,32,82,210,0
5,32,82,211,0
5,32,82,212,0
5,32,82,213,0
5,32,82,214,0
5,32,82,215,0
5,32,82,216,0
5,32,82,217,0
5,32,82,218,0
5,32,82,219,0
5,32,82,220,0
5,32,82,221,0
5,32,82,222,0
5,32,82,223,0
5,32,82,224,0
5,32,82,225,0
5,32,82,226,0
5,32,82,227,0
5,32,82,228,0
5,32,82,229,0
5,32,82,230,0
5,32,82,231,0
5,32,82,232,0
5,32,82,233,0
5,32,82,234,0
5,32,82,235,0
5,32,82,236,0
5,32,82,237,0
5,32,82,238,0
5,32,82,239,0
5,32,82,240,0
5,32,82,241,0
5,32,82,242,0
5,32,82,243,0
5,32,82,244,0
5,32,82,245,0
5,32,82,246,0
5,32,82,247,0
5,32,82,248,0
5,32,82,249,0
5,32,82,250,0
5,32,82,251,0
5,32,82,252,0
5,32,82,253,0
5,32,82,254,0
5,32,82,255,0
5,32,82,256,0
5,32,82,257,0
5,32,82,258,0
5,32,82,259,0
5,32,82,260,0
5,32,82,261,0
5,32,82,262,0
5,32,82,263,0
5,32,82,264,0
5,32,82,265,0
5,32,82,266,0
5,32,82,267,0
5,32,82,268,0
5,32,82,269,0
5,32,82,270,0
5,32,82,271,0
5,32,82,272,0
5,32,82,273,0
5,32,82,274,0
5,32,82,275,0
5,32,82,276,0
5,32,82,277,0
5,32,82,278,0
5,32,82,279,0
5,32,82,280,0
5,32,82,281,0
5,32,82,282,0
5,32,82,283,0
5,32,83,0,0
5,32,83,1,0
5,32,83,2,0
5,32,83,3,0
5,32,83,4,0
5,32,83,5,0
5,32,83,6,0
5,32,83,7,66
5,32,83,8,2536
5,32,83,9,53386
5,32,83,10,888926
5,32,83,11,13500246
5,32,83,12,182485526
5,32,83,13,2270264102
5,32,83,14,26515728076
5,32,83,15,292874511254
5,32,83,16,3079139251624
5,32,83,17,31007861270770
5,32,83,18,300047763795644
5,32,83,19,2797358330473304
5,32,83,20,25181585802115298
5,32,83,21,219202982684045878
5,32,83,22,1847496325163362672
5,32,83,23,15091244186221583990
5,32,83,24,119566972483130016520
5,32,83,25,919419978238003785278
5,32,83,26,6865024278782093534178
5,32,83,27,49790987982855394357256
5,32,83,28,350870629284612736239754
5,32,83,29,2402672565194193085877652
5,32,83,30,15988871052106433914599608
5,32,83,31,103396254927971075413176098
5,32,83,32,649696172321767894124968106
5,32,83,33,3966046654696707373342022800
5,32,83,34,23514821308943685991035336752
5,32,83,35,135372001542563659279379081842
5,32,83,36,756415670659219699100276170496
5,32,83,37,4100659199558659658571621199566
5,32,83,38,21557709445935779680980316020386
5,32,83,39,109845022397092406675294901304422
5,32,83,40,542175978678529960015723249051334
5,32,83,41,2590701023291361833626374936321854
5,32,83,42,11976493367033394215497860240829410
5,32,83,43,53527918669863341935155043114426304
5,32,83,44,231131164378313430635908944852038670
5,32,83,45,963476362577211429646544861274819210
5,32,83,46,3874309050976978671069553363117697592
5,32,83,47,15016723125704088751589696689564296446
5,32,83,48,56057442934859178875530351982964712664
5,32,83,49,201378020706734238152586506936555665884
5,32,83,50,695585665997299202703413830696809456988
5,32,83,51,2308263304381780932326297703583499539042
5,32,83,52,7352781874981310682520149872652558263210
5,32,83,53,22463941301156092086912769741929701351004
5,32,83,54,65769919809508812798336067537825468002466
5,32,83,55,184382529338030618094147126851553389618544
5,32,83,56,494554754415208234768856208132925611165570
5,32,83,57,1268152687572665361412804358691003174595318
5,32,83,58,3106443120587817964799710016119079393072044
5,32,83,59,7264008765072324193149824395376712409799318
5,32,83,60,16203679548558261317901717834736659068434876
5,32,83,61,34458626346732542632401802315233524422966064
5,32,83,62,69819070682599264255897943309056766314348292
5,32,83,63,134713560353701185058259562795487614990100908
5,32,83,64,247403633601944540505879919456434732457909988
5,32,83,65,432298675931248185853063263366766917811711652
5,32,83,66,718458183126106317216719665755222982823457380
5,32,83,67,1135398282566654928066290053764669298739386034
5,32,83,68,1705875676050119658558879067749314172986876240
5,32,83,69,2436445874702651158049346342616452370547497152
5,32,83,70,3308026983354317951634181400305195339413965144
5,32,83,71,4269837333058078991922776433022078811252428316
5,32,83,72,5240158490276706030863825747262551538411947734
5,32,83,73,6115915186710894196505984086643001993761077376
5,32,83,74,6790255227176501146293625715865775519758884390
5,32,83,75,7174148256271726422394782060558168452786756112
5,32,83,76,7215923553503923902908435366385886959357165452
5,32,83,77,6912758738216850131811934010480184480921122026
5,32,83,78,6310577317258210934798456307005224235336465462
5,32,83,79,5492648477409282080066596641564286717088911204
5,32,83,80,4560784018799240341644125211473026128529085258
5,32,83,81,3614947433595624734284847710897317302888195782
5,32,83,82,2736752929081716468956106093648788794300251850
5,32,83,83,1980204587769206008713710707264848458487118242
5,32,83,84,1370236532845815528613859889772293370674214730
5,32,83,85,907318548364886618450526512396231342230146744
5,32,83,86,575261909970971346876886150643361613702041362
5,32,83,87,349436769555258528231103037982493567479854236
5,32,83,88,203476858348384500982977301716137312128173084
5,32,83,89,113642325396608321747966556689802615297155194
5,32,83,90,60906904394087936860859144561594464844099258
5,32,83,91,31340297044120413716598708439381893717709276
5,32,83,92,15489730652701224198351582624371057359350730
5,32,83,93,7356431616519842182087624581189508749021788
5,32,83,94,3358422673089483429853690779715364032201284
5,32,83,95,1474327732364838535935021794094220182321926
5,32,83,96,622547199562064508406438392971906379686828
5,32,83,97,252919600372182004413790575454146588342294
5,32,83,98,98882762475973623916804277451138145700886
5,32,83,99,37210584715695678279927756441088870760404
5,32,83,100,13479836534126103416733931092240673377182
5,32,83,101,4701372977327489430000585275907757919178
5,32,83,102,1578784011978853822189404638920293251528
5,32,83,103,510507446423820209314971785214214993104
5,32,83,104,158955308922855635183093735939834677722
5,32,83,105,47658930050736538823824288788684406896
5,32,83,106,13759569387647553356350452524395502434
5,32,83,107,3825129127138219678754420168562270288
5,32,83,108,1023891966782710546533241749893245884
5,32,83,109,263884658254381311190762220347114556
5,32,83,110,65480648160286744861755138863280760
5,32,83,111,15643778305793796419317125801809512
5,32,83,112,3598303483248329576627606052587534
5,32,83,113,796870231063271480622617574142492
5,32,83,114,169913345026787643284039956254426
5,32,83,115,34885490559328498646978830680750
5,32,83,116,6897280712161883269857170042596
5,32,83,117,1313332340233283092265791699130
5,32,83,118,240874206463731911368433261266
5,32,83,119,42558260418048202156998084004
5,32,83,120,7244583318025004831557101510
5,32,83,121,1188311827765870034639007768
5,32,83,122,187833633758755464879607232
5,32,83,123,28612809055205360041248044
5,32,83,124,4200315960380200638896170
5,32,83,125,594142847565204496154508
5,32,83,126,80964207842476769794322
5,32,83,127,10625137753316355356568
5,32,83,128,1342100711789231949606
5,32,83,129,163047665885579612374
5,32,83,130,19030783696962168582
5,32,83,131,2130842517949903058
5,32,83,132,228379098889192640
5,32,83,133,23357261913284304
5,32,83,134,2269485737675716
5,32,83,135,208210428835270
5,32,83,136,17886127923582
5,32,83,137,1422911422334
5,32,83,138,103340041488
5,32,83,139,6720971992
5,32,83,140,381940250
5,32,83,141,18203682
5,32,83,142,689984
5,32,83,143,18108
5,32,83,144,224
5,32,83,145,0
5,32,83,146,0
5,32,83,147,0
5,32,83,148,0
5,32,83,149,0
5,32,83,150,0
5,32,83,151,0
5,32,83,152,0
5,32,83,153,0
5,32,83,154,0
5,32,83,155,0
5,32,83,156,0
5,32,83,157,0
5,32,83,158,0
5,32,83,159,0
5,32,83,160,0
5,32,83,161,0
5,32,83,162,0
5,32,83,163,0
5,32,83,164,0
5,32,83,165,0
5,32,83,166,0
5,32,83,167,0
5,32,83,168,0
5,32,83,169,0
5,32,83,170,0
5,32,83,171,0
5,32,83,172,0
5,32,83,173,0
5,32,83,174,0
5,32,83,175,0
5,32,83,176,0
5,32,83,177,0
5,32,83,178,0
5,32,83,179,0
5,32,83,180,0
5,32,83,181,0
5,32,83,182,0
5,32,83,183,0
5,32,83,184,0
5,32,83,185,0
5,32,83,186,0
5,32,83,187,0
5,32,83,188,0
5,32,83,189,0
5,32,83,190,0
5,32,83,191,0
5,32,83,192,0
5,32,83,193,0
5,32,83,194,0
5,32,83,195,0
5,32,83,196,0
5,32,83,197,0
5,32,83,198,0
5,32,83,199,0
5,32,83,200,0
5,32,83,201,0
5,32,83,202,0
5,32,83,203,0
5,32,83,204,0
5,32,83,205,0
5,32,83,206,0
5,32,83,207,0
5,32,83,208,0
5,32,83,209,0
5,32,83,210,0
5,32,83,211,0
5,32,83,212,0
5,32,83,213,0
5,32,83,214,0
5,32,83,215,0
5,32,83,216,0
5,32,83,217,0
5,32,83,218,0
5,32,83,219,0
5,32,83,220,0
5,32,83,221,0
5,32,83,222,0
5,32,83,223,0
5,32,83,224,0
5,32,83,225,0
5,32,83,226,0
5,32,83,227,0
5,32,83,228,0
5,32,83,229,0
5,32,83,230,0
5,32,83,231,0
5,32,83,232,0
5,32,83,233,0
5,32,83,234,0
5,32,83,235,0
5,32,83,236,0
5,32,83,237,0
5,32,83,238,0
5,32,83,239,0
5,32,83,240,0
5,32,83,241,0
5,32,83,242,0
5,32,83,243,0
5,32,83,244,0
5,32,83,245,0
5,32,83,246,0
5,32,83,247,0
5,32,83,248,0
5,32,83,249,0
5,32,83,250,0
5,32,83,251,0
5,32,83,252,0
5,32,83,253,0
5,32,83,254,0
5,32,83,255,0
5,32,83,256,0
5,32,83,257,0
5,32,83,258,0
5,32,83,259,0
5,32,83,260,0
5,32,83,261,0
5,32,83,262,0
5,32,83,263,0
5,32,83,264,0
5,32,83,265,0
5,32,83,266,0
5,32,83,267,0
5,32,83,268,0
5,32,83,269,0
5,32,83,270,0
5,32,83,271,0
5,32,83,272,0
5,32,83,273,0
5,32,83,274,0
5,32,83,275,0
5,32,83,276,0
5,32,83,277,0
5,32,83,278,0
5,32,83,279,0
5,32,83,280,0
5,32,83,281,0
5,32,83,282,0
5,32,83,283,0
5,32,84,0,0
5,32,84,1,0
5,32,84,2,0
5,32,84,3,0
5,32,84,4,0
5,32,84,5,0
5,32,84,6,0
5,32,84,7,0
5,32,84,8,0
5,32,84,9,0
5,32,84,10,1056
5,32,84,11,31277
5,32,84,12,690351
5,32,84,13,11325240
5,32,84,14,164598938
5,32,84,15,2184074339
5,32,84,16,26494305369
5,32,84,17,302161978674
5,32,84,18,3262943564440
5,32,84,19,33538791813236
5,32,84,20,330172368482583
5,32,84,21,3122348710254831
5,32,84,22,28438185227621790
5,32,84,23,249980051515895083
5,32,84,24,2123979847292819753
5,32,84,25,17465601402893748894
5,32,84,26,139135190960404442469
5,32,84,27,1074613759503567770408
5,32,84,28,8051894565877891734416
5,32,84,29,58556767205907886116378
5,32,84,30,413462557112381346348443
5,32,84,31,2835124387423279520555917
5,32,84,32,18881512139233512647241485
5,32,84,33,122135362514823582167504382
5,32,84,34,767291164368892034497558139
5,32,84,35,4680938768879960229735114520
5,32,84,36,27724762507482053170996009598
5,32,84,37,159383504277472925692172009432
5,32,84,38,889017933331316418096438947401
5,32,84,39,4809439459813799050276182688276
5,32,84,40,25222975766897370852139052705555
5,32,84,41,128172501015866186593015675664915
5,32,84,42,630736693102526509230715270229863
5,32,84,43,3003965663779263550053158416708653
5,32,84,44,13837477164800366223975380055322990
5,32,84,45,61608348687499132982901930000341533
5,32,84,46,264931937824217292822957748115245293
5,32,84,47,1099562637349766844158297598082422231
5,32,84,48,4401132103896517082037688912344424744
5,32,84,49,16975639866834202483360620297310117723
5,32,84,50,63045791424689115797848739323180522999
5,32,84,51,225267807569245802418640423283495810746
5,32,84,52,773741412802570483759423361697584342595
5,32,84,53,2552608968311332345983495346462370117968
5,32,84,54,8081683292030257825633727690086348577610
5,32,84,55,24535052767680165827765115043894081088107
5,32,84,56,71364388021293725481194440350478880746531
5,32,84,57,198715865686488040364012157337579017537437
5,32,84,58,529291121657294246244100516615206565803543
5,32,84,59,1347510850287958001140661256710166399810871
5,32,84,60,3276592388767565010119912085682874609885362
5,32,84,61,7604258151707314468410521010046402378662616
5,32,84,62,16832355393785188538331590946526299518590307
5,32,84,63,35515342236578298089691572591005856541616137
5,32,84,64,71387536718458375513526922188956025897704034
5,32,84,65,136628572267242981164681714071929274093812791
5,32,84,66,248873392854519870332470449366356184722800392
5,32,84,67,431288625599538356108307758714923744534163381
5,32,84,68,710847577694089451219942454957638000828354971
5,32,84,69,1114046417386315102834842653775709092000240601
5,32,84,70,1659899615303754715217077384741706877740339312
5,32,84,71,2351148966050086432934528759020800292856616127
5,32,84,72,3165927590422324279889957672672456896549081532
5,32,84,73,4053043485478909576109879196440717429048170807
5,32,84,74,4933909653603972977328025270466825885788523517
5,32,84,75,5712585698082828426593696914359454214978220116
5,32,84,76,6292709425082140816112311246637602296407936804
5,32,84,77,6597286781257850164568433417976844787414306542
5,32,84,78,6585669648673723810226412224547654548188108727
5,32,84,79,6262495993950495178308730479839326866974860384
5,32,84,80,5675873503632611329063532368693534269964038988
5,32,84,81,4905642947936867071619493925530079483991410729
5,32,84,82,4045661433463907233732434037357140297458901518
5,32,84,83,3185478859824117256361635732576811421215912137
5,32,84,84,2396173835259997718772057453637653737515324084
5,32,84,85,1723017214439301459415175819110166780981739340
5,32,84,86,1185106739177143717149653661454214010094799734
5,32,84,87,780166992197707374567070467636498343760963486
5,32,84,88,491858278017320573455492842395429488158430109
5,32,84,89,297143952357034414743579845690416817634341037
5,32,84,90,172111805645497581514188524274134935573880707
5,32,84,91,95631750206498583473240525675693111708217523
5,32,84,92,50998696110239709098865399153018695608745234
5,32,84,93,26114712164353492586587830838175882098791359
5,32,84,94,12846036959874408900309013317788394520098347
5,32,84,95,6072723893288974412731435968209484639826074
5,32,84,96,2759844797817234751344152200597230851434378
5,32,84,97,1206180067902517317855851696771586453707504
5,32,84,98,507094346535004552502196221201541106771434
5,32,84,99,205125902161870784603905131598571282488725
5,32,84,100,79854017589123954125480482869703471228747
5,32,84,101,29922014531375616482285093369295146052284
5,32,84,102,10793452150009847681054051347889839683970
5,32,84,103,3748420436200907426209827720104790094572
5,32,84,104,1253382728870243165674297419155907396942
5,32,84,105,403536745777275840207673950834034468447
5,32,84,106,125098398695516541204163214430223866123
5,32,84,107,37340961052619768085791021365157413801
5,32,84,108,10731798344063875065956202418591616197
5,32,84,109,2969583432922706710916980041548903174
5,32,84,110,791105207094887613584537152460534274
5,32,84,111,202893333209658763013723907145441417
5,32,84,112,50093041251871945781741207671119362
5,32,84,113,11905541600929625228532320632675064
5,32,84,114,2723807321306175930673590157550102
5,32,84,115,599876533561972055499389095227235
5,32,84,116,127180203497187658068262950059571
5,32,84,117,25958234040758983013557246980981
5,32,84,118,5101130083896003700538296612555
5,32,84,119,965253580420229675642002743292
5,32,84,120,175896127870737022695714809184
5,32,84,121,30872451986854238633953956855
5,32,84,122,5219695573047249536580735118
5,32,84,123,850218768032739540193375939
5,32,84,124,133433870274898327085579180
5,32,84,125,20177545256146752701473174
5,32,84,126,2939845847011685154566078
5,32,84,127,412650770595640590670778
5,32,84,128,55787943554406089049202
5,32,84,129,7261589297562901133627
5,32,84,130,909513157328336873178
5,32,84,131,109525842774353147144
5,32,84,132,12666309007911514515
5,32,84,133,1404404928854784239
5,32,84,134,148941981412678956
5,32,84,135,15057653127384639
5,32,84,136,1444237573237490
5,32,84,137,130555831544666
5,32,84,138,11025080872950
5,32,84,139,859663119830
5,32,84,140,60968426682
5,32,84,141,3853250380
5,32,84,142,211393389
5,32,84,143,9640881
5,32,84,144,340704
5,32,84,145,8316
5,32,84,146,64
5,32,84,147,0
5,32,84,148,0
5,32,84,149,0
5,32,84,150,0
5,32,84,151,0
5,32,84,152,0
5,32,84,153,0
5,32,84,154,0
5,32,84,155,0
5,32,84,156,0
5,32,84,157,0
5,32,84,158,0
5,32,84,159,0
5,32,84,160,0
5,32,84,161,0
5,32,84,162,0
5,32,84,163,0
5,32,84,164,0
5,32,84,165,0
5,32,84,166,0
5,32,84,167,0
5,32,84,168,0
5,32,84,169,0
5,32,84,170,0
5,32,84,171,0
5,32,84,172,0
5,32,84,173,0
5,32,84,174,0
5,32,84,175,0
5,32,84,176,0
5,32,84,177,0
5,32,84,178,0
5,32,84,179,0
5,32,84,180,0
5,32,84,181,0
5,32,84,182,0
5,32,84,183,0
5,32,84,184,0
5,32,84,185,0
5,32,84,186,0
5,32,84,187,0
5,32,84,188,0
5,32,84,189,0
5,32,84,190,0
5,32,84,191,0
5,32,84,192,0
5,32,84,193,0
5,32,84,194,0
5,32,84,195,0
5,32,84,196,0
5,32,84,197,0
5,32,84,198,0
5,32,84,199,0
5,32,84,200,0
5,32,84,201,0
5,32,84,202,0
5,32,84,203,0
5,32,84,204,0
5,32,84,205,0
5,32,84,206,0
5,32,84,207,0
5,32,84,208,0
5,32,84,209,0
5,32,84,210,0
5,32,84,211,0
5,32,84,212,0
5,32,84,213,0
5,32,84,214,0
5,32,84,215,0
5,32,84,216,0
5,32,84,217,0
5,32,84,218,0
5,32,84,219,0
5,32,84,220,0
5,32,84,221,0
5,32,84,222,0
5,32,84,223,0
5,32,84,224,0
5,32,84,225,0
5,32,84,226,0
5,32,84,227,0
5,32,84,228,0
5,32,84,229,0
5,32,84,230,0
5,32,84,231,0
5,32,84,232,0
5,32,84,233,0
5,32,84,234,0
5,32,84,235,0
5,32,84,236,0
5,32,84,237,0
5,32,84,238,0
5,32,84,239,0
5,32,84,240,0
5,32,84,241,0
5,32,84,242,0
5,32,84,243,0
5,32,84,244,0
5,32,84,245,0
5,32,84,246,0
5,32,84,247,0
5,32,84,248,0
5,32,84,249,0
5,32,84,250,0
5,32,84,251,0
5,32,84,252,0
5,32,84,253,0
5,32,84,254,0
5,32,84,255,0
5,32,84,256,0
5,32,84,257,0
5,32,84,258,0
5,32,84,259,0
5,32,84,260,0
5,32,84,261,0
5,32,84,262,0
5,32,84,263,0
5,32,84,264,0
5,32,84,265,0
5,32,84,266,0
5,32,84,267,0
5,32,84,268,0
5,32,84,269,0
5,32,84,270,0
5,32,84,271,0
5,32,84,272,0
5,32,84,273,0
5,32,84,274,0
5,32,84,275,0
5,32,84,276,0
5,32,84,277,0
5,32,84,278,0
5,32,84,279,0
5,32,84,280,0
5,32,84,281,0
5,32,84,282,0
5,32,84,283,0
5,32,85,0,0
5,32,85,1,0
5,32,85,2,0
5,32,85,3,0
5,32,85,4,0
5,32,85,5,0
5,32,85,6,0
5,32,85,7,0
5,32,85,8,0
5,32,85,9,0
5,32,85,10,0
5,32,85,11,0
5,32,85,12,0
5,32,85,13,10912
5,32,85,14,290318
5,32,85,15,6619216
5,32,85,16,108681270
5,32,85,17,1560154836
5,32,85,18,20487819684
5,32,85,19,245967584176
5,32,85,20,2770959495834
5,32,85,21,29527638258506
5,32,85,22,299268238648964
5,32,85,23,2901288011091072
5,32,85,24,26990669926648000
5,32,85,25,241593343097623310
5,32,85,26,2085086343862355092
5,32,85,27,17379271803036879624
5,32,85,28,140080326761496441062
5,32,85,29,1092979985851456358226
5,32,85,30,8262134014509241347902
5,32,85,31,60547059178343503545610
5,32,85,32,430349484854790763689820
5,32,85,33,2967725005624310225986560
5,32,85,34,19860675885453670811274026
5,32,85,35,128996839848310276201398900
5,32,85,36,813172975700236411225753734
5,32,85,37,4974747423363256521719081430
5,32,85,38,29530668206298444571492362548
5,32,85,39,170053990535133731166767065424
5,32,85,40,949682838606826163641195838650
5,32,85,41,5141471036326963938138077001610
5,32,85,42,26972802362024428416410841795578
5,32,85,43,137051377780287934431588235671960
5,32,85,44,674102637127294199540544669828780
5,32,85,45,3207747956660303398596369052910278
5,32,85,46,14758215163395435969714460407467284
5,32,85,47,65605147087677316245268920231426490
5,32,85,48,281584414345787351896251773123043148
5,32,85,49,1166081521257705571681221540723662822
5,32,85,50,4655543352431658884557931477568640794
5,32,85,51,17905848072222483930056112542101623186
5,32,85,52,66291288462351026430771347771516448498
5,32,85,53,236049408596103174678105854697578988156
5,32,85,54,807751494074314135170931216443195200784
5,32,85,55,2654129004882182676972191609222117367484
5,32,85,56,8367122130644237214590207850463051703324
5,32,85,57,25286098399089497093686070807731801489934
5,32,85,58,73195514033423530487574628293376303279740
5,32,85,59,202784608293820239721251257728562977852804
5,32,85,60,537269655374955330464314761630330839678818
5,32,85,61,1360271911590001157578563299303161283110304
5,32,85,62,3288648168876869939232341631174860226320196
5,32,85,63,7586911194476572865108483611857337376719002
5,32,85,64,16691071931970331233177725496476975755939512
5,32,85,65,34995449209936995208720835768433213912748746
5,32,85,66,69888679410350324138793955579913920063603888
5,32,85,67,132878778016943839875426797833731779840222078
5,32,85,68,240420597998690812266870864350247229937942460
5,32,85,69,413807993558291094385388169497924518933259768
5,32,85,70,677349859046561026607198363801136151321144786
5,32,85,71,1054200600156506319183173485394677905695867908
5,32,85,72,1559813880018056390303597785278730970559542918
5,32,85,73,2194014457556222787364366522618890005618589522
5,32,85,74,2933835653628100694247536523919295650591587450
5,32,85,75,3729992972534048316072391553722346698862396758
5,32,85,76,4509572158377123116611170336112657289908914992
5,32,85,77,5185947835293496074598923312951098028351387122
5,32,85,78,5674478865573764715280479697970379732120756106
5,32,85,79,5910104553768094940382451188846390721606407002
5,32,85,80,5861732398489286356475775187003925177361207740
5,32,85,81,5538979324724153694513376557576252668236444858
5,32,85,82,4989252970379990050108606148302206961237319226
5,32,85,83,4286343151410772625185997986768035014125898808
5,32,85,84,3514299558737893513462997736082937758393784760
5,32,85,85,2751400102216484345143848482243289537129231122
5,32,85,86,2058255345865765692604365247889502525816757280
5,32,85,87,1472123807963733500167706041166371953288999566
5,32,85,88,1007295347004419712354802900875035752651671956
5,32,85,89,659782322186379855911472685660689042227295348
5,32,85,90,413936322878903645189864020658415736486370814
5,32,85,91,248888382640906690331041794844631846449479872
5,32,85,92,143500298595865058008892130392950736151697790
5,32,85,93,79378878061100571044827179199452462763899104
5,32,85,94,42147769155093336030855341000478925113842864
5,32,85,95,21491202497437133811261166844960676202329476
5,32,85,96,10528025002861285980507282242088520549292470
5,32,85,97,4956791284091419586321393947442031191714690
5,32,85,98,2243741137774396304158534881891953627531606
5,32,85,99,976781035700183333813915965676118441226558
5,32,85,100,409063733562868378987233050821856806712620
5,32,85,101,164836738243462407418503920707715797095048
5,32,85,102,63924831444076107634735095737699744598932
5,32,85,103,23861881508841121115200018973514105549562
5,32,85,104,8574534631630344102014744868349033356292
5,32,85,105,2966358044771018564277387651568615397722
5,32,85,106,988020971241193825454405697546129394910
5,32,85,107,316845898204004990486282907563607436138
5,32,85,108,97829056883297248704351108017306254594
5,32,85,109,29081344923052892585481978155114367034
5,32,85,110,8322798631378888932394821144215631546
5,32,85,111,2293024374659454429671270496730407910
5,32,85,112,608142814743628575333393189225874850
5,32,85,113,155250549955521698821438833099716992
5,32,85,114,38147579291082008429323788488871580
5,32,85,115,9021693546866742929899046116389756
5,32,85,116,2053455998745176305372759569882776
5,32,85,117,449840228574611735083239780716138
5,32,85,118,94845800113307832443044698287610
5,32,85,119,19248157278606039929433833677746
5,32,85,120,3760179384325881903027240971272
5,32,85,121,707171597477813820535873038518
5,32,85,122,128054541544572954136724800366
5,32,85,123,22329584734503609609741534936
5,32,85,124,3750096321216046479836102634
5,32,85,125,606643526767835830296801756
5,32,85,126,94535000650290425532838202
5,32,85,127,14191731133676697604999530
5,32,85,128,2052323797986120931720232
5,32,85,129,285868687248283871362128
5,32,85,130,38343045812894935698638
5,32,85,131,4950250048531417117326
5,32,85,132,614782604714323693626
5,32,85,133,73381435019827822224
5,32,85,134,8407647938660138516
5,32,85,135,923010592754396778
5,32,85,136,96842493001340108
5,32,85,137,9675209047886680
5,32,85,138,915702079297314
5,32,85,139,81524372909996
5,32,85,140,6763778912350
5,32,85,141,516531604448
5,32,85,142,35739830730
5,32,85,143,2193051184
5,32,85,144,115878802
5,32,85,145,5041984
5,32,85,146,166466
5,32,85,147,3600
5,32,85,148,16
5,32,85,149,0
5,32,85,150,0
5,32,85,151,0
5,32,85,152,0
5,32,85,153,0
5,32,85,154,0
5,32,85,155,0
5,32,85,156,0
5,32,85,157,0
5,32,85,158,0
5,32,85,159,0
5,32,85,160,0
5,32,85,161,0
5,32,85,162,0
5,32,85,163,0
5,32,85,164,0
5,32,85,165,0
5,32,85,166,0
5,32,85,167,0
5,32,85,168,0
5,32,85,169,0
5,32,85,170,0
5,32,85,171,0
5,32,85,172,0
5,32,85,173,0
5,32,85,174,0
5,32,85,175,0
5,32,85,176,0
5,32,85,177,0
5,32,85,178,0
5,32,85,179,0
5,32,85,180,0
5,32,85,181,0
5,32,85,182,0
5,32,85,183,0
5,32,85,184,0
5,32,85,185,0
5,32,85,186,0
5,32,85,187,0
5,32,85,188,0
5,32,85,189,0
5,32,85,190,0
5,32,85,191,0
5,32,85,192,0
5,32,85,193,0
5,32,85,194,0
5,32,85,195,0
5,32,85,196,0
5,32,85,197,0
5,32,85,198,0
5,32,85,199,0
5,32,85,200,0
5,32,85,201,0
5,32,85,202,0
5,32,85,203,0
5,32,85,204,0
5,32,85,205,0
5,32,85,206,0
5,32,85,207,0
5,32,85,208,0
5,32,85,209,0
5,32,85,210,0
5,32,85,211,0
5,32,85,212,0
5,32,85,213,0
5,32,85,214,0
5,32,85,215,0
5,32,85,216,0
5,32,85,217,0
5,32,85,218,0
5,32,85,219,0
5,32,85,220,0
5,32,85,221,0
5,32,85,222,0
5,32,85,223,0
5,32,85,224,0
5,32,85,225,0
5,32,85,226,0
5,32,85,227,0
5,32,85,228,0
5,32,85,229,0
5,32,85,230,0
5,32,85,231,0
5,32,85,232,0
5,32,85,233,0
5,32,85,234,0
5,32,85,235,0
5,32,85,236,0
5,32,85,237,0
5,32,85,238,0
5,32,85,239,0
5,32,85,240,0
5,32,85,241,0
5,32,85,242,0
5,32,85,243,0
5,32,85,244,0
5,32,85,245,0
5,32,85,246,0
5,32,85,247,0
5,32,85,248,0
5,32,85,249,0
5,32,85,250,0
5,32,85,251,0
5,32,85,252,0
5,32,85,253,0
5,32,85,254,0
5,32,85,255,0
5,32,85,256,0
5,32,85,257,0
5,32,85,258,0
5,32,85,259,0
5,32,85,260,0
5,32,85,261,0
5,32,85,262,0
5,32,85,263,0
5,32,85,264,0
5,32,85,265,0
5,32,85,266,0
5,32,85,267,0
5,32,85,268,0
5,32,85,269,0
5,32,85,270,0
5,32,85,271,0
5,32,85,272,0
5,32,85,273,0
5,32,85,274,0
5,32,85,275,0
5,32,85,276,0
5,32,85,277,0
5,32,85,278,0
5,32,85,279,0
5,32,85,280,0
5,32,85,281,0
5,32,85,282,0
5,32,85,283,0
5,32,86,0,0
5,32,86,1,0
5,32,86,2,0
5,32,86,3,0
5,32,86,4,0
5,32,86,5,0
5,32,86,6,0
5,32,86,7,0
5,32,86,8,0
5,32,86,9,0
5,32,86,10,0
5,32,86,11,0
5,32,86,12,0
5,32,86,13,0
5,32,86,14,0
5,32,86,15,0
5,32,86,16,81840
5,32,86,17,2128713
5,32,86,18,49535726
5,32,86,19,826537632
5,32,86,20,11913323801
5,32,86,21,156240142966
5,32,86,22,1874056390527
5,32,86,23,21023323882361
5,32,86,24,222605976558938
5,32,86,25,2238222580968467
5,32,86,26,21485836411422601
5,32,86,27,197614940955647820
5,32,86,28,1746328290160794653
5,32,86,29,14860724578720230390
5,32,86,30,121988265397867473696
5,32,86,31,967311563666931155920
5,32,86,32,7417632777009074585822
5,32,86,33,55054361262449251171364
5,32,86,34,395763734728132756786349
5,32,86,35,2756858187767462058158692
5,32,86,36,18615693720435064598722741
5,32,86,37,121878282666773061001324516
5,32,86,38,773751794441193049477146293
5,32,86,39,4763282292514725238250399602
5,32,86,40,28431561665543952355888066871
5,32,86,41,164516042017626349609174289101
5,32,86,42,922610544073076385628519393212
5,32,86,43,5012905574261436859512723858957
5,32,86,44,26378571216490845835836153505667
5,32,86,45,134371456265211538018392181252623
5,32,86,46,662271502520999174451629003262886
5,32,86,47,3156426616397719967378789952601297
5,32,86,48,14538623226608569258485874023225281
5,32,86,49,64675273365178911715890666255214783
5,32,86,50,277679723394865473858047192083951449
5,32,86,51,1149821556228697912635945126017803644
5,32,86,52,4588539541237753668155845979968018650
5,32,86,53,17633698775201517540323967332917162332
5,32,86,54,65207279542317099149133025819040432366
5,32,86,55,231838116661763450842555149337891911798
5,32,86,56,791876620991284472259419173534008460958
5,32,86,57,2596326800493923160700404841823214025756
5,32,86,58,8164601265619908684995939886747426626783
5,32,86,59,24605404173580265238597857753028571366586
5,32,86,60,71006102710332030213013807422745244903944
5,32,86,61,196058714248985203345337703938637616618049
5,32,86,62,517566124587646358478894300255209879050686
5,32,86,63,1305297211945081966370452525729440641554054
5,32,86,64,3142713562992530605643590705026067193797472
5,32,86,65,7218648262329843467311203222480013666662262
5,32,86,66,15808297591975095040008200379538436067042996
5,32,86,67,32986493133167939522251273896288116653309320
5,32,86,68,65550575997883735765044556045323518202563843
5,32,86,69,123993801157245319226506894987920571387195249
5,32,86,70,223166421444566778335586020832883907652760505
5,32,86,71,382046296031019293613609339338184024023383305
5,32,86,72,621937092406310364074964375900843416015706515
5,32,86,73,962584258846126468365775493651466697082946417
5,32,86,74,1416268689723552624387043078815475569835099629
5,32,86,75,1980863266997977502121584102935137127818050370
5,32,86,76,2633825499905145327721235834160579523193715423
5,32,86,77,3329649346331754955614875548383541558235172281
5,32,86,78,4002918519757754552789774909698184418468604603
5,32,86,79,4577624725237700509867491628235413755036911572
5,32,86,80,4981220742717926004055370060134105126562426108
5,32,86,81,5159843895405980618669448854032526240487931268
5,32,86,82,5090245445768785147424422631795750013845057089
5,32,86,83,4784743205024061584247201327498172865913226392
5,32,86,84,4287751335667019593376068754148423198253883688
5,32,86,85,3665207138015269298010086758605408757773248970
5,32,86,86,2990354513389008361718230291236390913461015396
5,32,86,87,2330055922767803009209774266610610707661830792
5,32,86,88,1734992870831726303806337197264850479566991267
5,32,86,89,1235337910222510078397471408337896535951949099
5,32,86,90,841584369923872354779961335446254087206744593
5,32,86,91,548903396788126510282435319589859928897380343
5,32,86,92,342954253300254572655117388316706915126771282
5,32,86,93,205383308034883516344468044653090898024076959
5,32,86,94,117955609330983030369121017394464808907284263
5,32,86,95,65000989230695062615404574378095514068564428
5,32,86,96,34385782362225831275318487040850510348249931
5,32,86,97,17469893089592280939242759857597567056888328
5,32,86,98,8527722835636637381918885957811806333613616
5,32,86,99,4001014432103268905585087356198842952521655
5,32,86,100,1804875489919872955430428662050633577436681
5,32,86,101,783056718892938790380105705207466990995125
5,32,86,102,326828238128102170424519816227548232377732
5,32,86,103,131256462286453143669352301782981205243701
5,32,86,104,50731076357157274248867350070439335542425
5,32,86,105,18872990981651005813429878144635284907768
5,32,86,106,6758740969847326683289217293173725618538
5,32,86,107,2330125730433704106360199056349192681288
5,32,86,108,773387948016886309334851739571431990019
5,32,86,109,247128664342870817349524240922830909188
5,32,86,110,76023589842653941031165232920421887200
5,32,86,111,22514143104073794943332835394871776830
5,32,86,112,6418284747886816032984626659159833860
5,32,86,113,1761199306337251714652571269386211655
5,32,86,114,465147574573242897808481940005292660
5,32,86,115,118231334950301082595065306540876773
5,32,86,116,28920370578657321249263966233095158
5,32,86,117,6807385389722792845967253003681064
5,32,86,118,1541865859369817076259083205124935
5,32,86,119,336045713545821568965191627775839
5,32,86,120,70476516887452152880150261114954
5,32,86,121,14223537218389242184718446207790
5,32,86,122,2762641648731157972487715346630
5,32,86,123,516468967511205795783943402787
5,32,86,124,92944770048227061978740210577
5,32,86,125,16103857970255181693324554301
5,32,86,126,2686714101998131176828334846
5,32,86,127,431672135989147422221702890
5,32,86,128,66798463960251985075659466
5,32,86,129,9955738191223810583849541
5,32,86,130,1429078102906163829088825
5,32,86,131,197538014510936957769067
5,32,86,132,26286791057971071430690
5,32,86,133,3366076248614135696919
5,32,86,134,414498111544276919300
5,32,86,135,49036421868280355946
5,32,86,136,5565699994442774372
5,32,86,137,604891402426720308
5,32,86,138,62773620527999270
5,32,86,139,6195765678978065
5,32,86,140,578404040235035
5,32,86,141,50689886344247
5,32,86,142,4129170153818
5,32,86,143,308622236411
5,32,86,144,20814120490
5,32,86,145,1237951140
5,32,86,146,62954734
5,32,86,147,2606339
5,32,86,148,78836
5,32,86,149,1575
5,32,86,150,0
5,32,86,151,0
5,32,86,152,0
5,32,86,153,0
5,32,86,154,0
5,32,86,155,0
5,32,86,156,0
5,32,86,157,0
5,32,86,158,0
5,32,86,159,0
5,32,86,160,0
5,32,86,161,0
5,32,86,162,0
5,32,86,163,0
5,32,86,164,0
5,32,86,165,0
5,32,86,166,0
5,32,86,167,0
5,32,86,168,0
5,32,86,169,0
5,32,86,170,0
5,32,86,171,0
5,32,86,172,0
5,32,86,173,0
5,32,86,174,0
5,32,86,175,0
5,32,86,176,0
5,32,86,177,0
5,32,86,178,0
5,32,86,179,0
5,32,86,180,0
5,32,86,181,0
5,32,86,182,0
5,32,86,183,0
5,32,86,184,0
5,32,86,185,0
5,32,86,186,0
5,32,86,187,0
5,32,86,188,0
5,32,86,189,0
5,32,86,190,0
5,32,86,191,0
5,32,86,192,0
5,32,86,193,0
5,32,86,194,0
5,32,86,195,0
5,32,86,196,0
5,32,86,197,0
5,32,86,198,0
5,32,86,199,0
5,32,86,200,0
5,32,86,201,0
5,32,86,202,0
5,32,86,203,0
5,32,86,204,0
5,32,86,205,0
5,32,86,206,0
5,32,86,207,0
5,32,86,208,0
5,32,86,209,0
5,32,86,210,0
5,32,86,211,0
5,32,86,212,0
5,32,86,213,0
5,32,86,214,0
5,32,86,215,0
5,32,86,216,0
5,32,86,217,0
5,32,86,218,0
5,32,86,219,0
5,32,86,220,0
5,32,86,221,0
5,32,86,222,0
5,32,86,223,0
5,32,86,224,0
5,32,86,225,0
5,32,86,226,0
5,32,86,227,0
5,32,86,228,0
5,32,86,229,0
5,32,86,230,0
5,32,86,231,0
5,32,86,232,0
5,32,86,233,0
5,32,86,234,0
5,32,86,235,0
5,32,86,236,0
5,32,86,237,0
5,32,86,238,0
5,32,86,239,0
5,32,86,240,0
5,32,86,241,0
5,32,86,242,0
5,32,86,243,0
5,32,86,244,0
5,32,86,245,0
5,32,86,246,0
5,32,86,247,0
5,32,86,248,0
5,32,86,249,0
5,32,86,250,0
5,32,86,251,0
5,32,86,252,0
5,32,86,253,0
5,32,86,254,0
5,32,86,255,0
5,32,86,256,0
5,32,86,257,0
5,32,86,258,0
5,32,86,259,0
5,32,86,260,0
5,32,86,261,0
5,32,86,262,0
5,32,86,263,0
5,32,86,264,0
5,32,86,265,0
5,32,86,266,0
5,32,86,267,0
5,32,86,268,0
5,32,86,269,0
5,32,86,270,0
5,32,86,271,0
5,32,86,272,0
5,32,86,273,0
5,32,86,274,0
5,32,86,275,0
5,32,86,276,0
5,32,86,277,0
5,32,86,278,0
5,32,86,279,0
5,32,86,280,0
5,32,86,281,0
5,32,86,282,0
5,32,86,283,0
5,32,87,0,0
5,32,87,1,0
5,32,87,2,0
5,32,87,3,0
5,32,87,4,0
5,32,87,5,0
5,32,87,6,0
5,32,87,7,0
5,32,87,8,0
5,32,87,9,0
5,32,87,10,0
5,32,87,11,0
5,32,87,12,0
5,32,87,13,0
5,32,87,14,0
5,32,87,15,0
5,32,87,16,0
5,32,87,17,0
5,32,87,18,0
5,32,87,19,474672
5,32,87,20,12687434
5,32,87,21,300051588
5,32,87,22,5143255536
5,32,87,23,75214951964
5,32,87,24,993125261762
5,32,87,25,11980856860040
5,32,87,26,134648809287150
5,32,87,27,1424244359758284
5,32,87,28,14272906663904048
5,32,87,29,136253694189180298
5,32,87,30,1243871681715709420
5,32,87,31,10891949243107008000
5,32,87,32,91701742994227000310
5,32,87,33,743720469082844390848
5,32,87,34,5819068986252038962910
5,32,87,35,43976872919559234385598
5,32,87,36,321311045716287381107650
5,32,87,37,2271262593912352999585616
5,32,87,38,15541026398653471300067038
5,32,87,39,102973220412758748015814384
5,32,87,40,660849673327941089924542986
5,32,87,41,4108310601091849530774495728
5,32,87,42,24740418076431918617391456696
5,32,87,43,144308599251974815224982730290
5,32,87,44,815151500770213470760740945548
5,32,87,45,4457893839245642186887449963496
5,32,87,46,23594925571820629564201469296576
5,32,87,47,120816980590216526581500104860254
5,32,87,48,598210690639245082686496243934492
5,32,87,49,2862657505214823900144207838473288
5,32,87,50,13231956417039226761203610913317628
5,32,87,51,59040373589736896297495220685022512
5,32,87,52,254131272717583497573432481379753194
5,32,87,53,1054507240819835893639301954009085992
5,32,87,54,4215109542981173263028968705111201064
5,32,87,55,16218490031435824300560518618536823214
5,32,87,56,60023272731198879515830825254785374930
5,32,87,57,213498651601163649734995562045296790848
5,32,87,58,729273480836195069905111725340875488374
5,32,87,59,2390321337617994315666042449125342112338
5,32,87,60,7511778267302817837610041604964873918114
5,32,87,61,22615244501818904828294041303696375878044
5,32,87,62,65175894574758000323957561054367365965846
5,32,87,63,179663994234999719961898199688204024562778
5,32,87,64,473361623459797200443118730371686522176466
5,32,87,65,1191142129770337374641719394625680376172306
5,32,87,66,2860664135107745430214823262786409119591176
5,32,87,67,6552595723013506271313966675293117227040166
5,32,87,68,14306471256778695973985817129757214038706146
5,32,87,69,29756057480467731757269257116901397720024870
5,32,87,70,58927393962327594169463550693359818176450440
5,32,87,71,111060594968363943051832016310936796545247064
5,32,87,72,199128988528107210350011505370199244072939778
5,32,87,73,339548923379447389406499088567025829736181412
5,32,87,74,550500442330431954184048475780219705500083724
5,32,87,75,848453589713601614350904731554635092108776760
5,32,87,76,1243012728817677057041892930211239652072895350
5,32,87,77,1730998096070388157072279358316709566501090656
5,32,87,78,2291510141054043152671443625519021211702229868
5,32,87,79,2884132107258177504086297500477386503626605632
5,32,87,80,3452015039404361733122999442843668641063694342
5,32,87,81,3930253369055832139272605198652277198220274044
5,32,87,82,4258070847868095253360600070184567767709912930
5,32,87,83,4391664600617843118341759771404017295266834790
5,32,87,84,4313912677451985755893027703675768480208104060
5,32,87,85,4037948432650763723680732752238197400442327432
5,32,87,86,3603585931718481301463801859103132143306162514
5,32,87,87,3067919607613612624310848152338449429603837240
5,32,87,88,2493146704090865151830285203393200624916350226
5,32,87,89,1935140514607996762348339771704945098704416706
5,32,87,90,1435513080702820423729653593603377573099054800
5,32,87,91,1018359445355941960776475242383157755377315296
5,32,87,92,691291192378454558466025467564496795285417752
5,32,87,93,449312462204071597837275737916019533300651182
5,32,87,94,279780524289494872288937412318010461038951922
5,32,87,95,166998519700611668921157837720002052009026630
5,32,87,96,95602036919180843630699712281321241490249512
5,32,87,97,52517189525688029005243880500497673024994722
5,32,87,98,27696310445840881716827418667397870285114426
5,32,87,99,14028770024816942061648075498549342044871234
5,32,87,100,6827624283116372048129640416387343575613540
5,32,87,101,3193967010642209532783504454585650825545446
5,32,87,102,1436624891498449700110517321828811601845764
5,32,87,103,621487637442017909869247737551392937675286
5,32,87,104,258645126162943604836999167875185389807812
5,32,87,105,103573341603838420728638964038849003901386
5,32,87,106,39914954055476800857671608108517762622492
5,32,87,107,14805484329578210501543798109684209951950
5,32,87,108,5286256679102079034130477585189227659780
5,32,87,109,1816923097694622488832116836784770367098
5,32,87,110,601169987985723806187782222420550589418
5,32,87,111,191481694363480240765273219745716502150
5,32,87,112,58709955884513600434572777907908669640
5,32,87,113,17327119672418213092958566321942478266
5,32,87,114,4921971849146217018637904965216693670
5,32,87,115,1345590092719624757839189889713074096
5,32,87,116,354003496622799792144465632988804264
5,32,87,117,89615676135033070388200186193280342
5,32,87,118,21827602347212028352982674109236138
5,32,87,119,5114982518815324785823616605195994
5,32,87,120,1153130055378574407321551756891438
5,32,87,121,250092398770032371809647195600346
5,32,87,122,52181538954125757710086373735664
5,32,87,123,10474872139715235401638204078004
5,32,87,124,2023169496795590085822593412170
5,32,87,125,376025312962504433505830040138
5,32,87,126,67260934520640626766929178890
5,32,87,127,11580699825218596217048537540
5,32,87,128,1919539434238752665563030274
5,32,87,129,306341312975299199070352948
5,32,87,130,47076021418752744169875250
5,32,87,131,6966155552008966529013284
5,32,87,132,992575607285901950609052
5,32,87,133,136157548076122188408118
5,32,87,134,17976190902993002913700
5,32,87,135,2283093640602762875502
5,32,87,136,278746861433744840304
5,32,87,137,32681941323844075170
5,32,87,138,3674292114330956064
5,32,87,139,395261658551151842
5,32,87,140,40562295405888918
5,32,87,141,3953891970259280
5,32,87,142,363931630692688
5,32,87,143,31379099748788
5,32,87,144,2508144324684
5,32,87,145,183319725430
5,32,87,146,12038380310
5,32,87,147,693578012
5,32,87,148,33798908
5,32,87,149,1330804
5,32,87,150,36994
5,32,87,151,600
5,32,87,152,0
5,32,87,153,0
5,32,87,154,0
5,32,87,155,0
5,32,87,156,0
5,32,87,157,0
5,32,87,158,0
5,32,87,159,0
5,32,87,160,0
5,32,87,161,0
5,32,87,162,0
5,32,87,163,0
5,32,87,164,0
5,32,87,165,0
5,32,87,166,0
5,32,87,167,0
5,32,87,168,0
5,32,87,169,0
5,32,87,170,0
5,32,87,171,0
5,32,87,172,0
5,32,87,173,0
5,32,87,174,0
5,32,87,175,0
5,32,87,176,0
5,32,87,177,0
5,32,87,178,0
5,32,87,179,0
5,32,87,180,0
5,32,87,181,0
5,32,87,182,0
5,32,87,183,0
5,32,87,184,0
5,32,87,185,0
5,32,87,186,0
5,32,87,187,0
5,32,87,188,0
5,32,87,189,0
5,32,87,190,0
5,32,87,191,0
5,32,87,192,0
5,32,87,193,0
5,32,87,194,0
5,32,87,195,0
5,32,87,196,0
5,32,87,197,0
5,32,87,198,0
5,32,87,199,0
5,32,87,200,0
5,32,87,201,0
5,32,87,202,0
5,32,87,203,0
5,32,87,204,0
5,32,87,205,0
5,32,87,206,0
5,32,87,207,0
5,32,87,208,0
5,32,87,209,0
5,32,87,210,0
5,32,87,211,0
5,32,87,212,0
5,32,87,213,0
5,32,87,214,0
5,32,87,215,0
5,32,87,216,0
5,32,87,217,0
5,32,87,218,0
5,32,87,219,0
5,32,87,220,0
5,32,87,221,0
5,32,87,222,0
5,32,87,223,0
5,32,87,224,0
5,32,87,225,0
5,32,87,226,0
5,32,87,227,0
5,32,87,228,0
5,32,87,229,0
5,32,87,230,0
5,32,87,231,0
5,32,87,232,0
5,32,87,233,0
5,32,87,234,0
5,32,87,235,0
5,32,87,236,0
5,32,87,237,0
5,32,87,238,0
5,32,87,239,0
5,32,87,240,0
5,32,87,241,0
5,32,87,242,0
5,32,87,243,0
5,32,87,244,0
5,32,87,245,0
5,32,87,246,0
5,32,87,247,0
5,32,87,248,0
5,32,87,249,0
5,32,87,250,0
5,32,87,251,0
5,32,87,252,0
5,32,87,253,0
5,32,87,254,0
5,32,87,255,0
5,32,87,256,0
5,32,87,257,0
5,32,87,258,0
5,32,87,259,0
5,32,87,260,0
5,32,87,261,0
5,32,87,262,0
5,32,87,263,0
5,32,87,264,0
5,32,87,265,0
5,32,87,266,0
5,32,87,267,0
5,32,87,268,0
5,32,87,269,0
5,32,87,270,0
5,32,87,271,0
5,32,87,272,0
5,32,87,273,0
5,32,87,274,0
5,32,87,275,0
5,32,87,276,0
5,32,87,277,0
5,32,87,278,0
5,32,87,279,0
5,32,87,280,0
5,32,87,281,0
5,32,87,282,0
5,32,87,283,0
5,32,88,0,0
5,32,88,1,0
5,32,88,2,0
5,32,88,3,0
5,32,88,4,0
5,32,88,5,0
5,32,88,6,0
5,32,88,7,0
5,32,88,8,0
5,32,88,9,0
5,32,88,10,0
5,32,88,11,0
5,32,88,12,0
5,32,88,13,0
5,32,88,14,0
5,32,88,15,0
5,32,88,16,0
5,32,88,17,0
5,32,88,18,0
5,32,88,19,0
5,32,88,20,0
5,32,88,21,0
5,32,88,22,2215136
5,32,88,23,62699577
5,32,88,24,1509666326
5,32,88,25,26772777614
5,32,88,26,400285445538
5,32,88,27,5357230144189
5,32,88,28,65333450568865
5,32,88,29,739129631132773
5,32,88,30,7843310618573123
5,32,88,31,78638296162001261
5,32,88,32,749180360190905136
5,32,88,33,6810665180591788678
5,32,88,34,59273765331821028062
5,32,88,35,495137932844617806968
5,32,88,36,3978010310406760951071
5,32,88,37,30788184371121348114592
5,32,88,38,229845389107199584660043
5,32,88,39,1656742654315825307701295
5,32,88,40,11539180082589893855072665
5,32,88,41,77703935962758838545426129
5,32,88,42,506096342012798607812717161
5,32,88,43,3189006046564736022706250098
5,32,88,44,19442980792939757259850701853
5,32,88,45,114698813531007221859086662220
5,32,88,46,654638973691954950588741971395
5,32,88,47,3614177463188899184734073772691
5,32,88,48,19295812647837777143789203446834
5,32,88,49,99588896850595012897827248687306
5,32,88,50,496673998542870023204390300508865
5,32,88,51,2392412575457908388808398877034799
5,32,88,52,11124287848540216449840228064761067
5,32,88,53,49902885174718690329150663492631055
5,32,88,54,215835641945081699858816377741825141
5,32,88,55,899445579563995933947164035748678875
5,32,88,56,3608915341817738626408773103006120395
5,32,88,57,13931965615359107356263787857007120120
5,32,88,58,51707792619464125767031065787743584008
5,32,88,59,184363052245389269075193006349251399021
5,32,88,60,630996573661280077929711693275301023823
5,32,88,61,2071443097683652221729595440544330056130
5,32,88,62,6517312550319081690148360796578027065929
5,32,88,63,19636835567068580734577757712995380294367
5,32,88,64,56616541487478371320533530350182861987936
5,32,88,65,156081534371600160704348503491345165128487
5,32,88,66,411123289321829416161368498949207581948800
5,32,88,67,1033932369981563229075986524684129017337914
5,32,88,68,2480919178634468926642467540534836840887223
5,32,88,69,5676112252673136505773928395529357557136863
5,32,88,70,12374962460394398006385267794065380170029229
5,32,88,71,25695079398590608113161661369515204544178245
5,32,88,72,50786971656724152680323304297572697911892872
5,32,88,73,95512677386202438499390677095214661283193730
5,32,88,74,170850120821141546003675181200284170211182872
5,32,88,75,290593170309434962184992934888396865804955352
5,32,88,76,469866209315031679135856287086817071223174048
5,32,88,77,722134779493074652437352953305444790686597400
5,32,88,78,1054844381682332379935059986869243403888460541
5,32,88,79,1464501671048309746689211076322911564327511250
5,32,88,80,1932688912259558152609571861343181563488841849
5,32,88,81,2424805810934121321026493252355445291072164268
5,32,88,82,2892936060828598869525618052114808233447138402
5,32,88,83,3283078125813394168519764647343252898825921825
5,32,88,84,3545399346988414372104696664067192536691370134
5,32,88,85,3644823065370507965784725163208631369786577182
5,32,88,86,3568803838043789404303958041657596394387552055
5,32,88,87,3329891562278314864493532766887534908032969237
5,32,88,88,2962377074497607500957900676325619268705674363
5,32,88,89,2514242356062805492065727302169086170994908011
5,32,88,90,2037009130064494487959264374315296340583481600
5,32,88,91,1576397948785063723798642354289562681807630026
5,32,88,92,1165993759424783197933475663717481890825944522
5,32,88,93,824810124519318762018666043768110495196138821
5,32,88,94,558349069044929722380333864458000959591110456
5,32,88,95,361919996862913415221914014576937703143379784
5,32,88,96,224764254751378669859320952860540083803695855
5,32,88,97,133811273432705472248143510574851397409514367
5,32,88,98,76408227659726236226015358536610523674829598
5,32,88,99,41868504162142092227897425525350075914492242
5,32,88,100,22026125317671255081711039349551051518387589
5,32,88,101,11129612367231111042653392104981359573173487
5,32,88,102,5403620577447433872768984588812908445050399
5,32,88,103,2521779987728166594741398032231513507010717
5,32,88,104,1131577690482162312356283145802297049631817
5,32,88,105,488355490402530910675154493481612420517517
5,32,88,106,202751590844753771797312254873134482576341
5,32,88,107,80994090552927240813387659628693082544731
5,32,88,108,31136534324221871143715508174392696041969
5,32,88,109,11520336307624736674401722953296454794542
5,32,88,110,4102718659262895377833953728965812036932
5,32,88,111,1406397986057633270276325459795419703113
5,32,88,112,464064548004988539575815616103993753689
5,32,88,113,147391596571065559128143532869192326116
5,32,88,114,45057808919218590273892575660025622700
5,32,88,115,13256821870369312081462080938058378477
5,32,88,116,3753548780903626220636160463501322675
5,32,88,117,1022666518513379467842124068193814983
5,32,88,118,268082766365141776622474824033703955
5,32,88,119,67608413574412600675732426072987467
5,32,88,120,16401646988806410528791574887263861
5,32,88,121,3827312931747780958935224340822992
5,32,88,122,859004491368526312292011051701432
5,32,88,123,185430009144504031782523967483316
5,32,88,124,38499143430100661039976215946995
5,32,88,125,7688263098764324893089769040042
5,32,88,126,1476887326235373515300644529717
5,32,88,127,272934692074201203744096163258
5,32,88,128,48531497827454994764179186954
5,32,88,129,8304422692215675803129455452
5,32,88,130,1367673505745493255933379625
5,32,88,131,216820511383383514643751120
5,32,88,132,33090495868581782594637021
5,32,88,133,4861874755343268784241327
5,32,88,134,687664043070165387039729
5,32,88,135,93614947962059836605164
5,32,88,136,12262244850097984708171
5,32,88,137,1544637488548130553023
5,32,88,138,186973582346209197298
5,32,88,139,21724260036158351811
5,32,88,140,2418920049525486735
5,32,88,141,257517444166151770
5,32,88,142,26125899103328855
5,32,88,143,2514251029925760
5,32,88,144,228072332188479
5,32,88,145,19336986326910
5,32,88,146,1515541464738
5,32,88,147,108245652137
5,32,88,148,6913362552
5,32,88,149,385194767
5,32,88,150,17978737
5,32,88,151,667211
5,32,88,152,17062
5,32,88,153,210
5,32,88,154,0
5,32,88,155,0
5,32,88,156,0
5,32,88,157,0
5,32,88,158,0
5,32,88,159,0
5,32,88,160,0
5,32,88,161,0
5,32,88,162,0
5,32,88,163,0
5,32,88,164,0
5,32,88,165,0
5,32,88,166,0
5,32,88,167,0
5,32,88,168,0
5,32,88,169,0
5,32,88,170,0
5,32,88,171,0
5,32,88,172,0
5,32,88,173,0
5,32,88,174,0
5,32,88,175,0
5,32,88,176,0
5,32,88,177,0
5,32,88,178,0
5,32,88,179,0
5,32,88,180,0
5,32,88,181,0
5,32,88,182,0
5,32,88,183,0
5,32,88,184,0
5,32,88,185,0
5,32,88,186,0
5,32,88,187,0
5,32,88,188,0
5,32,88,189,0
5,32,88,190,0
5,32,88,191,0
5,32,88,192,0
5,32,88,193,0
5,32,88,194,0
5,32,88,195,0
5,32,88,196,0
5,32,88,197,0
5,32,88,198,0
5,32,88,199,0
5,32,88,200,0
5,32,88,201,0
5,32,88,202,0
5,32,88,203,0
5,32,88,204,0
5,32,88,205,0
5,32,88,206,0
5,32,88,207,0
5,32,88,208,0
5,32,88,209,0
5,32,88,210,0
5,32,88,211,0
5,32,88,212,0
5,32,88,213,0
5,32,88,214,0
5,32,88,215,0
5,32,88,216,0
5,32,88,217,0
5,32,88,218,0
5,32,88,219,0
5,32,88,220,0
5,32,88,221,0
5,32,88,222,0
5,32,88,223,0
5,32,88,224,0
5,32,88,225,0
5,32,88,226,0
5,32,88,227,0
5,32,88,228,0
5,32,88,229,0
5,32,88,230,0
5,32,88,231,0
5,32,88,232,0
5,32,88,233,0
5,32,88,234,0
5,32,88,235,0
5,32,88,236,0
5,32,88,237,0
5,32,88,238,0
5,32,88,239,0
5,32,88,240,0
5,32,88,241,0
5,32,88,242,0
5,32,88,243,0
5,32,88,244,0
5,32,88,245,0
5,32,88,246,0
5,32,88,247,0
5,32,88,248,0
5,32,88,249,0
5,32,88,250,0
5,32,88,251,0
5,32,88,252,0
5,32,88,253,0
5,32,88,254,0
5,32,88,255,0
5,32,88,256,0
5,32,88,257,0
5,32,88,258,0
5,32,88,259,0
5,32,88,260,0
5,32,88,261,0
5,32,88,262,0
5,32,88,263,0
5,32,88,264,0
5,32,88,265,0
5,32,88,266,0
5,32,88,267,0
5,32,88,268,0
5,32,88,269,0
5,32,88,270,0
5,32,88,271,0
5,32,88,272,0
5,32,88,273,0
5,32,88,274,0
5,32,88,275,0
5,32,88,276,0
5,32,88,277,0
5,32,88,278,0
5,32,88,279,0
5,32,88,280,0
5,32,88,281,0
5,32,88,282,0
5,32,88,283,0
5,32,89,0,0
5,32,89,1,0
5,32,89,2,0
5,32,89,3,0
5,32,89,4,0
5,32,89,5,0
5,32,89,6,0
5,32,89,7,0
5,32,89,8,0
5,32,89,9,0
5,32,89,10,0
5,32,89,11,0
5,32,89,12,0
5,32,89,13,0
5,32,89,14,0
5,32,89,15,0
5,32,89,16,0
5,32,89,17,0
5,32,89,18,0
5,32,89,19,0
5,32,89,20,0
5,32,89,21,0
5,32,89,22,0
5,32,89,23,0
5,32,89,24,0
5,32,89,25,8544096
5,32,89,26,260856526
5,32,89,27,6428591712
5,32,89,28,118497903238
5,32,89,29,1822147681314
5,32,89,30,24857299481898
5,32,89,31,307742229555132
5,32,89,32,3518467160479118
5,32,89,33,37590399135851694
5,32,89,34,378280867049488064
5,32,89,35,3607315086048353546
5,32,89,36,32747111478852358366
5,32,89,37,283999702351579665322
5,32,89,38,2359549516463187169546
5,32,89,39,18821895344082937892302
5,32,89,40,144403793275010410213732
5,32,89,41,1067021955177024221188516
5,32,89,42,7601784567058927113074266
5,32,89,43,52259412448039969131388930
5,32,89,44,346886762361970498370710160
5,32,89,45,2224200366437720090817946260
5,32,89,46,13779817557086702134994252880
5,32,89,47,82500555986210438241701453808
5,32,89,48,477333141666912895826956781170
5,32,89,49,2668688396530789435716082814442
5,32,89,50,14414638532068175241951171186508
5,32,89,51,75200279010246693712555631376608
5,32,89,52,378783626063482181321208208754460
5,32,89,53,1841343541076742500845331391004498
5,32,89,54,8634536172949873162178998750709962
5,32,89,55,39036273930922110139608949286652304
5,32,89,56,170045921736473402941379314649470388
5,32,89,57,713275784368145883401715086291289286
5,32,89,58,2879062754004600182156596473097919646
5,32,89,59,11174878315766990820386169148690366862
5,32,89,60,41678990587565353650553099174461695522
5,32,89,61,149262409165451479837570795765988035668
5,32,89,62,512876160348307256497876480312362590738
5,32,89,63,1689543874974515829957114120637013062962
5,32,89,64,5331948115876979714602953283089699942796
5,32,89,65,16107469186803266844418421312044996354518
5,32,89,66,46543868644926279879117724167383895660822
5,32,89,67,128548232746319578434806184780153079517340
5,32,89,68,339094980864908708389354651402461055720286
5,32,89,69,853733900499382293250875754156541301734804
5,32,89,70,2050112874731843878364472256638438224966412
5,32,89,71,4692582364161203018190748414107221783987296
5,32,89,72,10232202505475819832448875586286345657648654
5,32,89,73,21242995818471734781948608850387787653457234
5,32,89,74,41970375979574527499407057187550244067928618
5,32,89,75,78880310731654686757238687575304771868895648
5,32,89,76,140974498674751426853931076726461530792079230
5,32,89,77,239517605560604298149285033489364699315909784
5,32,89,78,386785954726657890734309718128488614702022040
5,32,89,79,593588512355101266270848280094779882420841294
5,32,89,80,865687743056803185769390776577573544029136434
5,32,89,81,1199808137177662919623477757214404816598811364
5,32,89,82,1580464221818717565241883520380962924797953168
5,32,89,83,1979065788746016978961020149720444001903063080
5,32,89,84,2356405993752905848043041795728652452305278766
5,32,89,85,2668672245737714468005156780493881338517825034
5,32,89,86,2875831232832226851535001786995152018932146714
5,32,89,87,2950166781460903350481242528634944872637238632
5,32,89,88,2882424393459478354153682834754227510321745366
5,32,89,89,2683667120955250759948531114009678053247391328
5,32,89,90,2382344906034631259544820678196787077375241866
5,32,89,91,2017637755756669753451252720745218771116809844
5,32,89,92,1631209352003157752228672035310343946800807302
5,32,89,93,1259721075688946119245938726835525033847791736
5,32,89,94,929842268990179773142064817238463916916158122
5,32,89,95,656425196644447731221911956778423539042142632
5,32,89,96,443475169266018960027388498241504235461683700
5,32,89,97,286894498483518669369770958542578759725180468
5,32,89,98,177826388349702920092058105862612822096830808
5,32,89,99,105665455715947622213515843727134017721408438
5,32,89,100,60222984056399185282936902613917560357931948
5,32,89,101,32938201393956364949632726310500095487732552
5,32,89,102,17296050901050442516241686833018007237803608
5,32,89,103,8723459212187690607005767086799262018468558
5,32,89,104,4227599303935839172073048517996345679894592
5,32,89,105,1969307611194996176785420664718468990437362
5,32,89,106,882026554988752109783867479744328578326132
5,32,89,107,379939042460164957793600761656827443590458
5,32,89,108,157437497042537204961769672319077406675222
5,32,89,109,62768876588765463953480280072748050831296
5,32,89,110,24081567800345104466660703394121790914100
5,32,89,111,8891488256651626913506968149366138996180
5,32,89,112,3159671439110451683171965239193578899132
5,32,89,113,1080686714578200674175619921283116479896
5,32,89,114,355750901668810379020934488061140057542
5,32,89,115,112710639093671371793767617126563030258
5,32,89,116,34366000369764421982182630850719339444
5,32,89,117,10083252770596809342503648504385317976
5,32,89,118,2846652491939632803970166160971351834
5,32,89,119,773178223447223471709071949574942336
5,32,89,120,202014670256769013037444887006666028
5,32,89,121,50768207423970495235617448996734172
5,32,89,122,12270378713475025335341093021155476
5,32,89,123,2851940724982146138587673355896298
5,32,89,124,637396299298286953700949068118708
5,32,89,125,136977483375702435560878104343648
5,32,89,126,28304781522681961055533088826978
5,32,89,127,5624181937617641333926264275752
5,32,89,128,1074690133000166176096303180790
5,32,89,129,197507044304403533742827764442
5,32,89,130,34915674740548257434589825830
5,32,89,131,5938358393161153973127596216
5,32,89,132,971827996456556795485427446
5,32,89,133,153055573572280528177787972
5,32,89,134,23199923218884858398322892
5,32,89,135,3384646235194700712039188
5,32,89,136,475226216392996584958386
5,32,89,137,64204477599675679953534
5,32,89,138,8343652340303487199216
5,32,89,139,1042392011516005777004
5,32,89,140,125091543569867963058
5,32,89,141,14401897942007743310
5,32,89,142,1587985507309924096
5,32,89,143,167270227418663072
5,32,89,144,16772196265419712
5,32,89,145,1592961756044552
5,32,89,146,142343323419290
5,32,89,147,11860495667306
5,32,89,148,910873147700
5,32,89,149,63518786310
5,32,89,150,3941441808
5,32,89,151,212008736
5,32,89,152,9466058
5,32,89,153,327708
5,32,89,154,7794
5,32,89,155,60
5,32,89,156,0
5,32,89,157,0
5,32,89,158,0
5,32,89,159,0
5,32,89,160,0
5,32,89,161,0
5,32,89,162,0
5,32,89,163,0
5,32,89,164,0
5,32,89,165,0
5,32,89,166,0
5,32,89,167,0
5,32,89,168,0
5,32,89,169,0
5,32,89,170,0
5,32,89,171,0
5,32,89,172,0
5,32,89,173,0
5,32,89,174,0
5,32,89,175,0
5,32,89,176,0
5,32,89,177,0
5,32,89,178,0
5,32,89,179,0
5,32,89,180,0
5,32,89,181,0
5,32,89,182,0
5,32,89,183,0
5,32,89,184,0
5,32,89,185,0
5,32,89,186,0
5,32,89,187,0
5,32,89,188,0
5,32,89,189,0
5,32,89,190,0
5,32,89,191,0
5,32,89,192,0
5,32,89,193,0
5,32,89,194,0
5,32,89,195,0
5,32,89,196,0
5,32,89,197,0
5,32,89,198,0
5,32,89,199,0
5,32,89,200,0
5,32,89,201,0
5,32,89,202,0
5,32,89,203,0
5,32,89,204,0
5,32,89,205,0
5,32,89,206,0
5,32,89,207,0
5,32,89,208,0
5,32,89,209,0
5,32,89,210,0
5,32,89,211,0
5,32,89,212,0
5,32,89,213,0
5,32,89,214,0
5,32,89,215,0
5,32,89,216,0
5,32,89,217,0
5,32,89,218,0
5,32,89,219,0
5,32,89,220,0
5,32,89,221,0
5,32,89,222,0
5,32,89,223,0
5,32,89,224,0
5,32,89,225,0
5,32,89,226,0
5,32,89,227,0
5,32,89,228,0
5,32,89,229,0
5,32,89,230,0
5,32,89,231,0
5,32,89,232,0
5,32,89,233,0
5,32,89,234,0
5,32,89,235,0
5,32,89,236,0
5,32,89,237,0
5,32,89,238,0
5,32,89,239,0
5,32,89,240,0
5,32,89,241,0
5,32,89,242,0
5,32,89,243,0
5,32,89,244,0
5,32,89,245,0
5,32,89,246,0
5,32,89,247,0
5,32,89,248,0
5,32,89,249,0
5,32,89,250,0
5,32,89,251,0
5,32,89,252,0
5,32,89,253,0
5,32,89,254,0
5,32,89,255,0
5,32,89,256,0
5,32,89,257,0
5,32,89,258,0
5,32,89,259,0
5,32,89,260,0
5,32,89,261,0
5,32,89,262,0
5,32,89,263,0
5,32,89,264,0
5,32,89,265,0
5,32,89,266,0
5,32,89,267,0
5,32,89,268,0
5,32,89,269,0
5,32,89,270,0
5,32,89,271,0
5,32,89,272,0
5,32,89,273,0
5,32,89,274,0
5,32,89,275,0
5,32,89,276,0
5,32,89,277,0
5,32,89,278,0
5,32,89,279,0
5,32,89,280,0
5,32,89,281,0
5,32,89,282,0
5,32,89,283,0
5,32,90,0,0
5,32,90,1,0
5,32,90,2,0
5,32,90,3,0
5,32,90,4,0
5,32,90,5,0
5,32,90,6,0
5,32,90,7,0
5,32,90,8,0
5,32,90,9,0
5,32,90,10,0
5,32,90,11,0
5,32,90,12,0
5,32,90,13,0
5,32,90,14,0
5,32,90,15,0
5,32,90,16,0
5,32,90,17,0
5,32,90,18,0
5,32,90,19,0
5,32,90,20,0
5,32,90,21,0
5,32,90,22,0
5,32,90,23,0
5,32,90,24,0
5,32,90,25,0
5,32,90,26,0
5,32,90,27,0
5,32,90,28,27768312
5,32,90,29,924919689
5,32,90,30,23491690620
5,32,90,31,451542453038
5,32,90,32,7175400119786
5,32,90,33,100243729028402
5,32,90,34,1264476628372062
5,32,90,35,14659875154413074
5,32,90,36,158177829097712479
5,32,90,37,1602190806919176132
5,32,90,38,15333645045422326232
5,32,90,39,139343025522981894340
5,32,90,40,1206966153450351184701
5,32,90,41,9994956098916650850691
5,32,90,42,79318573667999184633418
5,32,90,43,604358313885781091186661
5,32,90,44,4427770580837834255231700
5,32,90,45,31228535434407698717723744
5,32,90,46,212218005424298451855835986
5,32,90,47,1390486427615728591936056160
5,32,90,48,8788421809728967636034861491
5,32,90,49,53597879389903297681067217433
5,32,90,50,315461479829194302598734386062
5,32,90,51,1791928241272494297601084876551
5,32,90,52,9822781491943193344120027604355
5,32,90,53,51952686668647409803614230764497
5,32,90,54,265046532790426203696916892346160
5,32,90,55,1303835906008434941572567539757466
5,32,90,56,6181952123736796563598267637500282
5,32,90,57,28236971529463483339020712757635504
5,32,90,58,124183613064443284419728864721755350
5,32,90,59,525541778826898372050959879605536403
5,32,90,60,2138809918301163462550728203618641571
5,32,90,61,8365063962368782438502559519610612529
5,32,90,62,31419282499880274968073307318291883750
5,32,90,63,113250784245162890041014826548642865177
5,32,90,64,391457817924399953960266075832427968517
5,32,90,65,1296593028091147386805206682406888764728
5,32,90,66,4112172698420599521534083883176833037341
5,32,90,67,12478498197749288822930869107703386981547
5,32,90,68,36203779077824826956065183878273006924571
5,32,90,69,100352678245040069469687257265837777809874
5,32,90,70,265569765797265074699047745093439520557686
5,32,90,71,670509651728566532709201362138392582697839
5,32,90,72,1614076559497124461746756735353924381068200
5,32,90,73,3702273634314850067662613783199253545166625
5,32,90,74,8087051885280324469346696173632423492720380
5,32,90,75,16813708776945608964588158457938849797486279
5,32,90,76,33257336187141427020318612507601268675699431
5,32,90,77,62558796783791459108313420566449957828332962
5,32,90,78,111872176053850740248463278297094523007811915
5,32,90,79,190140939955996523374737746374006654295627054
5,32,90,80,307092256783956524083610390132446291191149521
5,32,90,81,471254317644170551610205311106658911037754295
5,32,90,82,687104621385484064536178919190997027329653175
5,32,90,83,951904665392547147112280420487419910880743512
5,32,90,84,1253206790626782738372331493159740091847844545
5,32,90,85,1568190781746097868734960924189814029682484452
5,32,90,86,1865696685365747047425422249112217443914293106
5,32,90,87,2111043444562649677672988469275036038879904404
5,32,90,88,2272698020236289473728445258822217458336977081
5,32,90,89,2329017968012487728648583401720398044827036986
5,32,90,90,2273051295044141468350931789191800847198690641
5,32,90,91,2113912970468628659012629109690845692658976767
5,32,90,92,1874376084281740818726371646598624040974984036
5,32,90,93,1585547270632913157206705604222837674635815585
5,32,90,94,1280333210045252810422242030296213519414947429
5,32,90,95,987554234368389675093537773974459705500447687
5,32,90,96,728059670449035848738032591556119244121400111
5,32,90,97,513349686467418548431154482034510875751730302
5,32,90,98,346391944613556802954780315663697701459447742
5,32,90,99,223816168712440437196835086476628281942762011
5,32,90,100,138559516273215142932903220829491504408811328
5,32,90,101,82232520525739019966612692824100566558838597
5,32,90,102,46810330266243542559003193143173075912202298
5,32,90,103,25570849650676653405192390530964372444821889
5,32,90,104,13410755051748074413943263142411158588400846
5,32,90,105,6755367603627836391047351177738495117920901
5,32,90,106,3269629338582621745976599794359614390443286
5,32,90,107,1521074095573456774079420522609815784402635
5,32,90,108,680354252855387151992959084281893839690996
5,32,90,109,292661161195696532280351518517046062735088
5,32,90,110,121097289167724239048410218659293034573271
5,32,90,111,48207985502297707109324817732858328500948
5,32,90,112,18466165124363725698859326241348328341834
5,32,90,113,6806878697712143445877401041193158508656
5,32,90,114,2414661909624637762749773585566114549481
5,32,90,115,824344979538466648023603051704579782586
5,32,90,116,270830910432850521739302991792450698626
5,32,90,117,85625365426344742614275071990484823682
5,32,90,118,26048804856164214460690729827988713350
5,32,90,119,7624479062261483110074908985499735977
5,32,90,120,2146927300347279390671978613907992755
5,32,90,121,581502532875302207498059211206718591
5,32,90,122,151479141824540475427032513108801142
5,32,90,123,37945623085427225059873562573495655
5,32,90,124,9139516798332366180465795258290609
5,32,90,125,2116365236808178553867201685984997
5,32,90,126,471116873122305827444045231701769
5,32,90,127,100813128337722739151416478710917
5,32,90,128,20737343017191683060069995647355
5,32,90,129,4100651016185923395636947357127
5,32,90,130,779562841757229657565760715301
5,32,90,131,142495120006625989519329032266
5,32,90,132,25047501430979051292356605831
5,32,90,133,4234640956838236361980759131
5,32,90,134,688697053742972569467222205
5,32,90,135,107760917729722469006997888
5,32,90,136,16223993004920221898555012
5,32,90,137,2350327864806044986988728
5,32,90,138,327597670667395796071067
5,32,90,139,43924308645958065583976
5,32,90,140,5663130590319452925697
5,32,90,141,701672083581278734701
5,32,90,142,83472972378327616882
5,32,90,143,9521810711707608633
5,32,90,144,1039511921923591877
5,32,90,145,108316272281162153
5,32,90,146,10731083689023746
5,32,90,147,1005470806180403
5,32,90,148,88462720730039
5,32,90,149,7239798611541
5,32,90,150,544427640961
5,32,90,151,37032692277
5,32,90,152,2230655927
5,32,90,153,115578576
5,32,90,154,4920790
5,32,90,155,159280
5,32,90,156,3360
5,32,90,157,15
5,32,90,158,0
5,32,90,159,0
5,32,90,160,0
5,32,90,161,0
5,32,90,162,0
5,32,90,163,0
5,32,90,164,0
5,32,90,165,0
5,32,90,166,0
5,32,90,167,0
5,32,90,168,0
5,32,90,169,0
5,32,90,170,0
5,32,90,171,0
5,32,90,172,0
5,32,90,173,0
5,32,90,174,0
5,32,90,175,0
5,32,90,176,0
5,32,90,177,0
5,32,90,178,0
5,32,90,179,0
5,32,90,180,0
5,32,90,181,0
5,32,90,182,0
5,32,90,183,0
5,32,90,184,0
5,32,90,185,0
5,32,90,186,0
5,32,90,187,0
5,32,90,188,0
5,32,90,189,0
5,32,90,190,0
5,32,90,191,0
5,32,90,192,0
5,32,90,193,0
5,32,90,194,0
5,32,90,195,0
5,32,90,196,0
5,32,90,197,0
5,32,90,198,0
5,32,90,199,0
5,32,90,200,0
5,32,90,201,0
5,32,90,202,0
5,32,90,203,0
5,32,90,204,0
5,32,90,205,0
5,32,90,206,0
5,32,90,207,0
5,32,90,208,0
5,32,90,209,0
5,32,90,210,0
5,32,90,211,0
5,32,90,212,0
5,32,90,213,0
5,32,90,214,0
5,32,90,215,0
5,32,90,216,0
5,32,90,217,0
5,32,90,218,0
5,32,90,219,0
5,32,90,220,0
5,32,90,221,0
5,32,90,222,0
5,32,90,223,0
5,32,90,224,0
5,32,90,225,0
5,32,90,226,0
5,32,90,227,0
5,32,90,228,0
5,32,90,229,0
5,32,90,230,0
5,32,90,231,0
5,32,90,232,0
5,32,90,233,0
5,32,90,234,0
5,32,90,235,0
5,32,90,236,0
5,32,90,237,0
5,32,90,238,0
5,32,90,239,0
5,32,90,240,0
5,32,90,241,0
5,32,90,242,0
5,32,90,243,0
5,32,90,244,0
5,32,90,245,0
5,32,90,246,0
5,32,90,247,0
5,32,90,248,0
5,32,90,249,0
5,32,90,250,0
5,32,90,251,0
5,32,90,252,0
5,32,90,253,0
5,32,90,254,0
5,32,90,255,0
5,32,90,256,0
5,32,90,257,0
5,32,90,258,0
5,32,90,259,0
5,32,90,260,0
5,32,90,261,0
5,32,90,262,0
5,32,90,263,0
5,32,90,264,0
5,32,90,265,0
5,32,90,266,0
5,32,90,267,0
5,32,90,268,0
5,32,90,269,0
5,32,90,270,0
5,32,90,271,0
5,32,90,272,0
5,32,90,273,0
5,32,90,274,0
5,32,90,275,0
5,32,90,276,0
5,32,90,277,0
5,32,90,278,0
5,32,90,279,0
5,32,90,280,0
5,32,90,281,0
5,32,90,282,0
5,32,90,283,0
5,32,91,0,0
5,32,91,1,0
5,32,91,2,0
5,32,91,3,0
5,32,91,4,0
5,32,91,5,0
5,32,91,6,0
5,32,91,7,0
5,32,91,8,0
5,32,91,9,0
5,32,91,10,0
5,32,91,11,0
5,32,91,12,0
5,32,91,13,0
5,32,91,14,0
5,32,91,15,0
5,32,91,16,0
5,32,91,17,0
5,32,91,18,0
5,32,91,19,0
5,32,91,20,0
5,32,91,21,0
5,32,91,22,0
5,32,91,23,0
5,32,91,24,0
5,32,91,25,0
5,32,91,26,0
5,32,91,27,0
5,32,91,28,0
5,32,91,29,0
5,32,91,30,0
5,32,91,31,77134200
5,32,91,32,2823104778
5,32,91,33,74439201014
5,32,91,34,1495800905324
5,32,91,35,24660248797456
5,32,91,36,354241411355220
5,32,91,37,4567692862556346
5,32,91,38,53862217866255134
5,32,91,39,588579941575748464
5,32,91,40,6016167348719041678
5,32,91,41,57922636433681879438
5,32,91,42,528082878620261207084
5,32,91,43,4577967183126615814826
5,32,91,44,37858802455869237420958
5,32,91,45,299430924054246829710080
5,32,91,46,2269564979837560004878146
5,32,91,47,16512026264726994309259118
5,32,91,48,115455494598533711307791042
5,32,91,49,776613544902157147759474402
5,32,91,50,5029048725791622970065066678
5,32,91,51,31367649809591324863587411022
5,32,91,52,188512789362130787112221163012
5,32,91,53,1091798783630372280355095345282
5,32,91,54,6094088232805594705601356800872
5,32,91,55,32779990144019406523353682809572
5,32,91,56,169889577213476700935250502476170
5,32,91,57,848136957801527256509278831813856
5,32,91,58,4077128886175821320196625355234612
5,32,91,59,18864644261102090673446273921872976
5,32,91,60,83972609624651728224327299194755606
5,32,91,61,359407295581287882816875736175873070
5,32,91,62,1478227641388456484077947765289678346
5,32,91,63,5838869085115055582581506696908325914
5,32,91,64,22134146405133728848529414886143574424
5,32,91,65,80472185895647082984630646214397574852
5,32,91,66,280395910650600169712904229331440678444
5,32,91,67,935682556355837883522064866699777122292
5,32,91,68,2988143404790964526578748623440708489122
5,32,91,69,9125886865905015573449697633447947846218
5,32,91,70,26634006760692329458939082191164034111654
5,32,91,71,74229723375465446390011351928718859675452
5,32,91,72,197423619330162787295836657693721231415346
5,32,91,73,500738588971808367433879737199104398762730
5,32,91,74,1210425502792248645466808173691768390423710
5,32,91,75,2786897508012299531244633630059792125100604
5,32,91,76,6108296450312471026577294177565593005498814
5,32,91,77,12738485858536891024871868912316814531038224
5,32,91,78,25265119113568697279479161161934491688344928
5,32,91,79,47639287566308356411150185025924116796283800
5,32,91,80,85371622462859443457672886132601478142538716
5,32,91,81,145365550816209435798488575839499786642142238
5,32,91,82,235145792430961459634432112091123811722090046
5,32,91,83,361328696356274959699595563423435184358226086
5,32,91,84,527415839906184638150719358292997296865740616
5,32,91,85,731340097983270032754228758455743828122044180
5,32,91,86,963528562948135814792350825384397125800089490
5,32,91,87,1206381267138826185925120308158046743185397008
5,32,91,88,1435839180501345595048333044598780872794339056
5,32,91,89,1625111709564672318727450324120519559244993372
5,32,91,90,1749838084361555388651759446023287542099690968
5,32,91,91,1793304232629735205322185351411679876013293234
5,32,91,92,1750152662531501913341412213973298607482378950
5,32,91,93,1627440187146253128144270696194963633947315334
5,32,91,94,1442766820753097578398747800645799351010620502
5,32,91,95,1220153134350818412581719765569799496288725942
5,32,91,96,984989474853734968698475177280861154956339548
5,32,91,97,759492611319631158832373764913549889819236016
5,32,91,98,559714436992239332181858436764490967333612986
5,32,91,99,394488627674376281139135567394565891037633774
5,32,91,100,266070436694588894401225225199503686578269066
5,32,91,101,171836231262109696150457630883830707526416488
5,32,91,102,106326422647619395036456351090346140678627078
5,32,91,103,63069155144039097588804855196114509452737400
5,32,91,104,35881464597742199484681627972019320426418598
5,32,91,105,19589088022761072514402601194926878220340068
5,32,91,106,10267084989745806230202611946257028436837152
5,32,91,107,5168331940723006014323707076416890491666364
5,32,91,108,2499700891418574321178920025981312501506556
5,32,91,109,1162000475561000296449065068484376785887028
5,32,91,110,519317666494420935610058937759825312697760
5,32,91,111,223191577756992173673138786534692490131712
5,32,91,112,92263769134523189361835508237862809795428
5,32,91,113,36691502842901484657738598216591081832598
5,32,91,114,14038950986544811078057206072928141590928
5,32,91,115,5168621142362801452831324981013394107134
5,32,91,116,1831067502072918970429467966178399019232
5,32,91,117,624202985949306048505524790573287816354
5,32,91,118,204750937884422296488182717514243443742
5,32,91,119,64621507240866225017237954161354339056
5,32,91,120,19621823272280605556200506160395864324
5,32,91,121,5731417469878091228028737411392287662
5,32,91,122,1610223264845917369661228882516428470
5,32,91,123,435057671158058756498753514077636906
5,32,91,124,113025643100697223541204964640525848
5,32,91,125,28229955676485193574161920257845654
5,32,91,126,6777737182777688080533581619820856
5,32,91,127,1564038260568369069869066081293500
5,32,91,128,346862482842752438984395839653636
5,32,91,129,73924715857743555424248122351084
5,32,91,130,15140426798202547949599423081808
5,32,91,131,2980003150788702983018647742326
5,32,91,132,563715333133456025908238508542
5,32,91,133,102499151370530854864146737654
5,32,91,134,17916990478313080732759238208
5,32,91,135,3011405782447021380039094772
5,32,91,136,486751899057396254537276756
5,32,91,137,75673655932952995089083986
5,32,91,138,11316802325873920565134448
5,32,91,139,1628001102387904806693192
5,32,91,140,225268892694982710012730
5,32,91,141,29975438004562048382328
5,32,91,142,3834156766682358070332
5,32,91,143,471119684642199739954
5,32,91,144,55555225625933340384
5,32,91,145,6278121047496174940
5,32,91,146,678498583568830526
5,32,91,147,69920192530067810
5,32,91,148,6842164732789942
5,32,91,149,632202538893722
5,32,91,150,54738031445166
5,32,91,151,4397287513692
5,32,91,152,323559629184
5,32,91,153,21449531128
5,32,91,154,1252118240
5,32,91,155,62435842
5,32,91,156,2529934
5,32,91,157,74930
5,32,91,158,1470
5,32,91,159,0
5,32,91,160,0
5,32,91,161,0
5,32,91,162,0
5,32,91,163,0
5,32,91,164,0
5,32,91,165,0
5,32,91,166,0
5,32,91,167,0
5,32,91,168,0
5,32,91,169,0
5,32,91,170,0
5,32,91,171,0
5,32,91,172,0
5,32,91,173,0
5,32,91,174,0
5,32,91,175,0
5,32,91,176,0
5,32,91,177,0
5,32,91,178,0
5,32,91,179,0
5,32,91,180,0
5,32,91,181,0
5,32,91,182,0
5,32,91,183,0
5,32,91,184,0
5,32,91,185,0
5,32,91,186,0
5,32,91,187,0
5,32,91,188,0
5,32,91,189,0
5,32,91,190,0
5,32,91,191,0
5,32,91,192,0
5,32,91,193,0
5,32,91,194,0
5,32,91,195,0
5,32,91,196,0
5,32,91,197,0
5,32,91,198,0
5,32,91,199,0
5,32,91,200,0
5,32,91,201,0
5,32,91,202,0
5,32,91,203,0
5,32,91,204,0
5,32,91,205,0
5,32,91,206,0
5,32,91,207,0
5,32,91,208,0
5,32,91,209,0
5,32,91,210,0
5,32,91,211,0
5,32,91,212,0
5,32,91,213,0
5,32,91,214,0
5,32,91,215,0
5,32,91,216,0
5,32,91,217,0
5,32,91,218,0
5,32,91,219,0
5,32,91,220,0
5,32,91,221,0
5,32,91,222,0
5,32,91,223,0
5,32,91,224,0
5,32,91,225,0
5,32,91,226,0
5,32,91,227,0
5,32,91,228,0
5,32,91,229,0
5,32,91,230,0
5,32,91,231,0
5,32,91,232,0
5,32,91,233,0
5,32,91,234,0
5,32,91,235,0
5,32,91,236,0
5,32,91,237,0
5,32,91,238,0
5,32,91,239,0
5,32,91,240,0
5,32,91,241,0
5,32,91,242,0
5,32,91,243,0
5,32,91,244,0
5,32,91,245,0
5,32,91,246,0
5,32,91,247,0
5,32,91,248,0
5,32,91,249,0
5,32,91,250,0
5,32,91,251,0
5,32,91,252,0
5,32,91,253,0
5,32,91,254,0
5,32,91,255,0
5,32,91,256,0
5,32,91,257,0
5,32,91,258,0
5,32,91,259,0
5,32,91,260,0
5,32,91,261,0
5,32,91,262,0
5,32,91,263,0
5,32,91,264,0
5,32,91,265,0
5,32,91,266,0
5,32,91,267,0
5,32,91,268,0
5,32,91,269,0
5,32,91,270,0
5,32,91,271,0
5,32,91,272,0
5,32,91,273,0
5,32,91,274,0
5,32,91,275,0
5,32,91,276,0
5,32,91,277,0
5,32,91,278,0
5,32,91,279,0
5,32,91,280,0
5,32,91,281,0
5,32,91,282,0
5,32,91,283,0
5,32,92,0,0
5,32,92,1,0
5,32,92,2,0
5,32,92,3,0
5,32,92,4,0
5,32,92,5,0
5,32,92,6,0
5,32,92,7,0
5,32,92,8,0
5,32,92,9,0
5,32,92,10,0
5,32,92,11,0
5,32,92,12,0
5,32,92,13,0
5,32,92,14,0
5,32,92,15,0
5,32,92,16,0
5,32,92,17,0
5,32,92,18,0
5,32,92,19,0
5,32,92,20,0
5,32,92,21,0
5,32,92,22,0
5,32,92,23,0
5,32,92,24,0
5,32,92,25,0
5,32,92,26,0
5,32,92,27,0
5,32,92,28,0
5,32,92,29,0
5,32,92,30,0
5,32,92,31,0
5,32,92,32,0
5,32,92,33,0
5,32,92,34,185122080
5,32,92,35,7479098445
5,32,92,36,206175943948
5,32,92,37,4340703096890
5,32,92,38,74487363393629
5,32,92,39,1104103175654939
5,32,92,40,14597141359092752
5,32,92,41,175564454898759030
5,32,92,42,1948005148148176306
5,32,92,43,20141349761700031656
5,32,92,44,195513270246477541634
5,32,92,45,1791991474967846460431
5,32,92,46,15577376059706429921703
5,32,92,47,128873620624538395000403
5,32,92,48,1017515578828091062565798
5,32,92,49,7683746012116680891294467
5,32,92,50,55591562483491917816059551
5,32,92,51,385865624401547481641476963
5,32,92,52,2572220628741141938814655020
5,32,92,53,16480354065951117317352849456
5,32,92,54,101544612528742826477745152927
5,32,92,55,601926055169356190401611785642
5,32,92,56,3433351161307862951069932731489
5,32,92,57,18845741297136240968023315713160
5,32,92,58,99541719020741918159048277471982
5,32,92,59,505852056575931309082244391988935
5,32,92,60,2472614131641382425385716122508347
5,32,92,61,11621313056211910331224269992911082
5,32,92,62,52497662154340952421662123120854827
5,32,92,63,227825900234411349726549706848038653
5,32,92,64,949322032239945852884423279147262363
5,32,92,65,3795949998572696764791583702929975385
5,32,92,66,14556486541922151256734276979923418092
5,32,92,67,53498463131601026635547303250451361410
5,32,92,68,188314650248319433001983487413905911068
5,32,92,69,634435147066558968101815567489760943311
5,32,92,70,2044319310139707226055951856436923980984
5,32,92,71,6296008403920403361619488411165904418569
5,32,92,72,18519752063465151822014119019571149362926
5,32,92,73,51994928235145471249888751547829015152365
5,32,92,74,139236379446817109427606572968689433745677
5,32,92,75,355410819992558064286956646282561260698654
5,32,92,76,864227871980315780726948799647828475404080
5,32,92,77,2000761550380281490714127039105503492585180
5,32,92,78,4407585425330748416983114915053825276050625
5,32,92,79,9234967976538488476585281865837444497490191
5,32,92,80,18395640766544987550475226634308578718284152
5,32,92,81,34824279631450934087971476956188949529737436
5,32,92,82,62633876882565168475037249435628383576349001
5,32,92,83,107003966904567865963163459107566942593407776
5,32,92,84,173616136380604807507614724953574521271842837
5,32,92,85,267515998605258899937280862852803970055299360
5,32,92,86,391455870502285454514595619780260138086363944
5,32,92,87,544035343094984170561220876518809334360245503
5,32,92,88,718213961513155439242627732277617102623541439
5,32,92,89,900878584952130297489938296857037488055922548
5,32,92,90,1073984549995429679362104854936610226538751165
5,32,92,91,1217337640962182888870083052587946809141797715
5,32,92,92,1312480628993555208562925949852453340257068076
5,32,92,93,1346647725973765658463792394703368858622607409
5,32,92,94,1315601872373617016886098633454723201735610956
5,32,92,95,1224477824669222528855943180111234095190740812
5,32,92,96,1086408095309528016525062736504948756560655425
5,32,92,97,919432956687140317468721551930411796731756001
5,32,92,98,742690572145588025794367566622967396869279107
5,32,92,99,572974722134621490700479142979424500800748331
5,32,92,100,422456282839855138952856602776196360762642736
5,32,92,101,297867518753677576474080165838014647227319383
5,32,92,102,200969664698007200875497817306605373310765817
5,32,92,103,129827592113576458225540698133941185627253911
5,32,92,104,80349997675989194008882910716656033839349854
5,32,92,105,47668177865965741366055908618514331709125356
5,32,92,106,27122084961525151173546635613856992135206626
5,32,92,107,14807530662475665975591652131160629891831940
5,32,92,108,7760764269001122486689180510465832680852213
5,32,92,109,3906330085789178991817970760524098923935896
5,32,92,110,1889028961982864546276808720703734366032369
5,32,92,111,877926011618556444417888596740354767511742
5,32,92,112,392240635110079851408733883444871075159670
5,32,92,113,168511472295782244658491462810786082741802
5,32,92,114,69626805063425204673056296819712744374599
5,32,92,115,27673401215156418865204398845669044681582
5,32,92,116,10581274451328171058776590920012549013973
5,32,92,117,3892555222674988488057166857628453430629
5,32,92,118,1377739887574172669029432887988697471794
5,32,92,119,469172641793818775421250688028814822592
5,32,92,120,153713697999282332918111183912824726760
5,32,92,121,48447764113903409190138139588681124155
5,32,92,122,14688248604966473159641036441633858801
5,32,92,123,4282961646044265707281987836389324058
5,32,92,124,1200964992253045794322411811051570530
5,32,92,125,323784965548949004396555900738242759
5,32,92,126,83916745535213309772394438228740091
5,32,92,127,20904151491012355043889609117400816
5,32,92,128,5004256558606112851923517075999289
5,32,92,129,1151091402812957375912761925589050
5,32,92,130,254387902403208329637501309826709
5,32,92,131,54009423088133624717057552622178
5,32,92,132,11015875408893523628980121178221
5,32,92,133,2158522618034424005747776820949
5,32,92,134,406364674965849904025757393866
5,32,92,135,73510717602955567115783955533
5,32,92,136,12779974599262732572120041426
5,32,92,137,2135659708123143592247442568
5,32,92,138,343111225977051242944984423
5,32,92,139,53003675043304124997054168
5,32,92,140,7873901386809969148546808
5,32,92,141,1124853873674461854880915
5,32,92,142,154519734454083643547365
5,32,92,143,20405497020425157851807
5,32,92,144,2589364980167228510057
5,32,92,145,315511925202572866583
5,32,92,146,36876863146002357841
5,32,92,147,4127939769192262233
5,32,92,148,441551157111820329
5,32,92,149,44989753471423368
5,32,92,150,4347113799528223
5,32,92,151,395927626729609
5,32,92,152,33718311767304
5,32,92,153,2657221017624
5,32,92,154,191162894244
5,32,92,155,12337674342
5,32,92,156,697558410
5,32,92,157,33333908
5,32,92,158,1284688
5,32,92,159,34930
5,32,92,160,560
5,32,92,161,0
5,32,92,162,0
5,32,92,163,0
5,32,92,164,0
5,32,92,165,0
5,32,92,166,0
5,32,92,167,0
5,32,92,168,0
5,32,92,169,0
5,32,92,170,0
5,32,92,171,0
5,32,92,172,0
5,32,92,173,0
5,32,92,174,0
5,32,92,175,0
5,32,92,176,0
5,32,92,177,0
5,32,92,178,0
5,32,92,179,0
5,32,92,180,0
5,32,92,181,0
5,32,92,182,0
5,32,92,183,0
5,32,92,184,0
5,32,92,185,0
5,32,92,186,0
5,32,92,187,0
5,32,92,188,0
5,32,92,189,0
5,32,92,190,0
5,32,92,191,0
5,32,92,192,0
5,32,92,193,0
5,32,92,194,0
5,32,92,195,0
5,32,92,196,0
5,32,92,197,0
5,32,92,198,0
5,32,92,199,0
5,32,92,200,0
5,32,92,201,0
5,32,92,202,0
5,32,92,203,0
5,32,92,204,0
5,32,92,205,0
5,32,92,206,0
5,32,92,207,0
5,32,92,208,0
5,32,92,209,0
5,32,92,210,0
5,32,92,211,0
5,32,92,212,0
5,32,92,213,0
5,32,92,214,0
5,32,92,215,0
5,32,92,216,0
5,32,92,217,0
5,32,92,218,0
5,32,92,219,0
5,32,92,220,0
5,32,92,221,0
5,32,92,222,0
5,32,92,223,0
5,32,92,224,0
5,32,92,225,0
5,32,92,226,0
5,32,92,227,0
5,32,92,228,0
5,32,92,229,0
5,32,92,230,0
5,32,92,231,0
5,32,92,232,0
5,32,92,233,0
5,32,92,234,0
5,32,92,235,0
5,32,92,236,0
5,32,92,237,0
5,32,92,238,0
5,32,92,239,0
5,32,92,240,0
5,32,92,241,0
5,32,92,242,0
5,32,92,243,0
5,32,92,244,0
5,32,92,245,0
5,32,92,246,0
5,32,92,247,0
5,32,92,248,0
5,32,92,249,0
5,32,92,250,0
5,32,92,251,0
5,32,92,252,0
5,32,92,253,0
5,32,92,254,0
5,32,92,255,0
5,32,92,256,0
5,32,92,257,0
5,32,92,258,0
5,32,92,259,0
5,32,92,260,0
5,32,92,261,0
5,32,92,262,0
5,32,92,263,0
5,32,92,264,0
5,32,92,265,0
5,32,92,266,0
5,32,92,267,0
5,32,92,268,0
5,32,92,269,0
5,32,92,270,0
5,32,92,271,0
5,32,92,272,0
5,32,92,273,0
5,32,92,274,0
5,32,92,275,0
5,32,92,276,0
5,32,92,277,0
5,32,92,278,0
5,32,92,279,0
5,32,92,280,0
5,32,92,281,0
5,32,92,282,0
5,32,92,283,0
5,32,93,0,0
5,32,93,1,0
5,32,93,2,0
5,32,93,3,0
5,32,93,4,0
5,32,93,5,0
5,32,93,6,0
5,32,93,7,0
5,32,93,8,0
5,32,93,9,0
5,32,93,10,0
5,32,93,11,0
5,32,93,12,0
5,32,93,13,0
5,32,93,14,0
5,32,93,15,0
5,32,93,16,0
5,32,93,17,0
5,32,93,18,0
5,32,93,19,0
5,32,93,20,0
5,32,93,21,0
5,32,93,22,0
5,32,93,23,0
5,32,93,24,0
5,32,93,25,0
5,32,93,26,0
5,32,93,27,0
5,32,93,28,0
5,32,93,29,0
5,32,93,30,0
5,32,93,31,0
5,32,93,32,0
5,32,93,33,0
5,32,93,34,0
5,32,93,35,0
5,32,93,36,0
5,32,93,37,387073440
5,32,93,38,17314078470
5,32,93,39,502224812990
5,32,93,40,11101695860688
5,32,93,41,198853561489032
5,32,93,42,3051133035213714
5,32,93,43,41478541859349866
5,32,93,44,510180690063944158
5,32,93,45,5762099711376391158
5,32,93,46,60402124646425345872
5,32,93,47,592397177172761635044
5,32,93,48,5469192127688875170814
5,32,93,49,47758383676171678196598
5,32,93,50,395927694843531654314800
5,32,93,51,3125404917767076823248746
5,32,93,52,23547199110950116191243544
5,32,93,53,169637032187148333364982534
5,32,93,54,1170263159838119705535336910
5,32,93,55,7739591198384288157070154630
5,32,93,56,49112793998580447914160588428
5,32,93,57,299214410733157464652010572768
5,32,93,58,1750910601416916982303847332254
5,32,93,59,9843433229608272606950348218924
5,32,93,60,53170789287318443799029638403148
5,32,93,61,275949627849347966420398298916216
5,32,93,62,1375795586618559356524468275057532
5,32,93,63,6587791624687459560848025425895282
5,32,93,64,30286214997026656257369889796485266
5,32,93,65,133627153368067295040735528616406954
5,32,93,66,565570802352885859908053403660165898
5,32,93,67,2295073606757448753207700086140619744
5,32,93,68,8924403769178054094860547675544007152
5,32,93,69,33233397568216337152998008197488963872
5,32,93,70,118443449066464854223388702829866083506
5,32,93,71,403744926207969411813749471760738884562
5,32,93,72,1315455305614632803036458812334230198608
5,32,93,73,4093820128087353484446664192962240885158
5,32,93,74,12161192649008943062884958514253817849826
5,32,93,75,34461402559595201617316198149578189435536
5,32,93,76,93093698057197368420558523859061120158000
5,32,93,77,239590166462449302861541066166694309486198
5,32,93,78,587114226027397597662381862305751035897202
5,32,93,79,1369116605223946745125739965997395877006376
5,32,93,80,3036690953390327945111860755610282113023596
5,32,93,81,6403285866898923272185470888980200313599234
5,32,93,82,12831328064779339741299631711082179774937892
5,32,93,83,24426320285407351136114201752872007311584268
5,32,93,84,44161392603803560526378430999891922049849266
5,32,93,85,75811909609668257640751864209575284037743726
5,32,93,86,123562402622206379870616683919338755415803620
5,32,93,87,191190931861121599897475004255936741344525428
5,32,93,88,280861388255742858010791651170410994822401022
5,32,93,89,391747455779036303934492846131208844269694390
5,32,93,90,518905729782193993776358425107507598612898398
5,32,93,91,652904302617798617165040153344068945116385760
5,32,93,92,780602968148297046832122849714344063620645228
5,32,93,93,887154520492863733133795890250669856317931230
5,32,93,94,958850593601798162212839875640884383436992804
5,32,93,95,986056732818484492528394073202982972640512894
5,32,93,96,965357543938277585779025538876122182393011662
5,32,93,97,900247464266797829266442593189449443908544424
5,32,93,98,800180182305282953514107461564003830823976192
5,32,93,99,678328194493692176719985303998610980567560384
5,32,93,100,548779765955154462657445612014552334812925210
5,32,93,101,423979748619000086037286743887424525597620352
5,32,93,102,313013625100621513675614505435713451993046160
5,32,93,103,220969112653608698427094257090195898143183560
5,32,93,104,149253098335120849101900455295899193878944208
5,32,93,105,96516958200083274353441605005790821864044216
5,32,93,106,59789795936467346221567117033770628825560056
5,32,93,107,35500638273634849292729754149603295551681820
5,32,93,108,20214338595408488911579555333474188121531732
5,32,93,109,11043598868601500126595829990072899483955066
5,32,93,110,5791439062771199880361732118207369601363010
5,32,93,111,2916533047862742394186940212723613775927670
5,32,93,112,1410956316940674551109384905056439713021312
5,32,93,113,655948257001843936977173624896482540488048
5,32,93,114,293129153147040817266001651206131557931484
5,32,93,115,125946661531968692146445457582494685512242
5,32,93,116,52040080045518728480459536768076221961800
5,32,93,117,20681356540515848963444161355576333878334
5,32,93,118,7906001211239130563989103838377790624326
5,32,93,119,2907366703598997245965200173263752221648
5,32,93,120,1028532349210435842038433189069663936956
5,32,93,121,350029007256271132215561134077530200514
5,32,93,122,114586749473744778161893945725978622612
5,32,93,123,36080313118704720386608727676135575416
5,32,93,124,10925957386016185246645189492876798188
5,32,93,125,3181546595484305693643323533625679292
5,32,93,126,890704873106932874227820853910291576
5,32,93,127,239699449941334982624364503592795140
5,32,93,128,61994887614633713097124543367141790
5,32,93,129,15407036473294844199864662780982536
5,32,93,130,3678581984078037705660878749762406
5,32,93,131,843670543087946127357366210923112
5,32,93,132,185841712800902496401070418702598
5,32,93,133,39314789951544889608735744972200
5,32,93,134,7987243812825074120438654951280
5,32,93,135,1558386690267040973115514576452
5,32,93,136,292027358963177407880473529436
5,32,93,137,52564950104291810631097942558
5,32,93,138,9090020695590467997122289072
5,32,93,139,1510465419971143006172499258
5,32,93,140,241221330597251116228071398
5,32,93,141,37029696267531563809045878
5,32,93,142,5464627481035745653756176
5,32,93,143,775274322059994271285330
5,32,93,144,105727968537372597358576
5,32,93,145,13856336319166917592986
5,32,93,146,1744304714117828579848
5,32,93,147,210755797309977629208
5,32,93,148,24412933001927333914
5,32,93,149,2706521013625823382
5,32,93,150,286483578116875752
5,32,93,151,28853136202459154
5,32,93,152,2751841203677354
5,32,93,153,246944680192008
5,32,93,154,20674539502468
5,32,93,155,1597238879652
5,32,93,156,112264606828
5,32,93,157,7046209218
5,32,93,158,385243260
5,32,93,159,17626892
5,32,93,160,641044
5,32,93,161,15996
5,32,93,162,196
5,32,93,163,0
5,32,93,164,0
5,32,93,165,0
5,32,93,166,0
5,32,93,167,0
5,32,93,168,0
5,32,93,169,0
5,32,93,170,0
5,32,93,171,0
5,32,93,172,0
5,32,93,173,0
5,32,93,174,0
5,32,93,175,0
5,32,93,176,0
5,32,93,177,0
5,32,93,178,0
5,32,93,179,0
5,32,93,180,0
5,32,93,181,0
5,32,93,182,0
5,32,93,183,0
5,32,93,184,0
5,32,93,185,0
5,32,93,186,0
5,32,93,187,0
5,32,93,188,0
5,32,93,189,0
5,32,93,190,0
5,32,93,191,0
5,32,93,192,0
5,32,93,193,0
5,32,93,194,0
5,32,93,195,0
5,32,93,196,0
5,32,93,197,0
5,32,93,198,0
5,32,93,199,0
5,32,93,200,0
5,32,93,201,0
5,32,93,202,0
5,32,93,203,0
5,32,93,204,0
5,32,93,205,0
5,32,93,206,0
5,32,93,207,0
5,32,93,208,0
5,32,93,209,0
5,32,93,210,0
5,32,93,211,0
5,32,93,212,0
5,32,93,213,0
5,32,93,214,0
5,32,93,215,0
5,32,93,216,0
5,32,93,217,0
5,32,93,218,0
5,32,93,219,0
5,32,93,220,0
5,32,93,221,0
5,32,93,222,0
5,32,93,223,0
5,32,93,224,0
5,32,93,225,0
5,32,93,226,0
5,32,93,227,0
5,32,93,228,0
5,32,93,229,0
5,32,93,230,0
5,32,93,231,0
5,32,93,232,0
5,32,93,233,0
5,32,93,234,0
5,32,93,235,0
5,32,93,236,0
5,32,93,237,0
5,32,93,238,0
5,32,93,239,0
5,32,93,240,0
5,32,93,241,0
5,32,93,242,0
5,32,93,243,0
5,32,93,244,0
5,32,93,245,0
5,32,93,246,0
5,32,93,247,0
5,32,93,248,0
5,32,93,249,0
5,32,93,250,0
5,32,93,251,0
5,32,93,252,0
5,32,93,253,0
5,32,93,254,0
5,32,93,255,0
5,32,93,256,0
5,32,93,257,0
5,32,93,258,0
5,32,93,259,0
5,32,93,260,0
5,32,93,261,0
5,32,93,262,0
5,32,93,263,0
5,32,93,264,0
5,32,93,265,0
5,32,93,266,0
5,32,93,267,0
5,32,93,268,0
5,32,93,269,0
5,32,93,270,0
5,32,93,271,0
5,32,93,272,0
5,32,93,273,0
5,32,93,274,0
5,32,93,275,0
5,32,93,276,0
5,32,93,277,0
5,32,93,278,0
5,32,93,279,0
5,32,93,280,0
5,32,93,281,0
5,32,93,282,0
5,32,93,283,0
5,32,94,0,0
5,32,94,1,0
5,32,94,2,0
5,32,94,3,0
5,32,94,4,0
5,32,94,5,0
5,32,94,6,0
5,32,94,7,0
5,32,94,8,0
5,32,94,9,0
5,32,94,10,0
5,32,94,11,0
5,32,94,12,0
5,32,94,13,0
5,32,94,14,0
5,32,94,15,0
5,32,94,16,0
5,32,94,17,0
5,32,94,18,0
5,32,94,19,0
5,32,94,20,0
5,32,94,21,0
5,32,94,22,0
5,32,94,23,0
5,32,94,24,0
5,32,94,25,0
5,32,94,26,0
5,32,94,27,0
5,32,94,28,0
5,32,94,29,0
5,32,94,30,0
5,32,94,31,0
5,32,94,32,0
5,32,94,33,0
5,32,94,34,0
5,32,94,35,0
5,32,94,36,0
5,32,94,37,0
5,32,94,38,0
5,32,94,39,0
5,32,94,40,709634640
5,32,94,41,35216911725
5,32,94,42,1081085720170
5,32,94,43,25144483474984
5,32,94,44,471296946960637
5,32,94,45,7507294768840617
5,32,94,46,105231036142845077
5,32,94,47,1327057110371721694
5,32,94,48,15292857079886426249
5,32,94,49,162889646651769185327
5,32,94,50,1617382691431998354082
5,32,94,51,15069166113813208517064
5,32,94,52,132414258707504091667067
5,32,94,53,1101764692990635057166758
5,32,94,54,8708207192745654059708906
5,32,94,55,65546227381482486997776372
5,32,94,56,470773444836290250793515104
5,32,94,57,3231493536830259127899651041
5,32,94,58,21225172455365694861462260016
5,32,94,59,133523599921807419957928933887
5,32,94,60,805041804814020968239179896916
5,32,94,61,4654097345399308753803491920322
5,32,94,62,25806757554382314632965806253954
5,32,94,63,137267840428857483866558022715634
5,32,94,64,700388916739350292858452985298616
5,32,94,65,3427612889478421607825637266989982
5,32,94,66,16085307794422272965014748477028991
5,32,94,67,72363142923333583036559003793659220
5,32,94,68,311952870977109645708642973139754264
5,32,94,69,1288100853126565361914284460526302118
5,32,94,70,5091937888255560251699735760908239771
5,32,94,71,19259859618172065514373259368324965348
5,32,94,72,69664200797263805560166122426496603079
5,32,94,73,240819361559217730264058041505702851544
5,32,94,74,795114092561632015109947568448391715378
5,32,94,75,2505824871152570099315164359832350614804
5,32,94,76,7533229248314206665661941292524342593790
5,32,94,77,21589827595847024177669875212808609994252
5,32,94,78,58950644377739601346250421320634848645759
5,32,94,79,153264639265697240315645245836994054935070
5,32,94,80,379196230639875649597892275938397166024489
5,32,94,81,892327825664812487016241782570152058157445
5,32,94,82,1996233036786137821932933810537921774648405
5,32,94,83,4243592504363459632061410610658721725037208
5,32,94,84,8568900238808515834948316708697622636089161
5,32,94,85,16430301046243259452459530152645442643129462
5,32,94,86,29907768909551026504439268491434892670218611
5,32,94,87,51672626021742688363868110616292044261977279
5,32,94,88,84728092987600470956250672923257693693548235
5,32,94,89,131847060492148401993516670518879112237290679
5,32,94,90,194719367509136575744298889638315531888438724
5,32,94,91,272958594846902012355354704745419170019269252
5,32,94,92,363261660238589416361688316244813556418848549
5,32,94,93,459087542973820477774472378959049492270435762
5,32,94,94,551153522362128796725226272304247306738883124
5,32,94,95,628820288925867061626121406366015994945586357
5,32,94,96,682116074214350421407216507266911036709712660
5,32,94,97,703867511798834533454847987171503012583038831
5,32,94,98,691300095951914205573552044961031788522470926
5,32,94,99,646611239585089453842580160815294395098734513
5,32,94,100,576356226790736529735545166929568894101900674
5,32,94,101,489879076900986821419195230712660349391915648
5,32,94,102,397302712625481471669958101082196399713550344
5,32,94,103,307663355174485502122796975078554374802119009
5,32,94,104,227634297872483314382532437631144533080790520
5,32,94,105,161023680163521840119426719999951790825964400
5,32,94,106,108970285278094017099896359469401322829419713
5,32,94,107,70592771475564801644501088023502272506736362
5,32,94,108,43802906314823917646424720782174260635816298
5,32,94,109,26048353785716754703816903384736806223963948
5,32,94,110,14853273073629000979385631555944162711601361
5,32,94,111,8125364111218281941172642528000568789972961
5,32,94,112,4266185867861264034343878890056401769180062
5,32,94,113,2150764121358274266821444083186118236434812
5,32,94,114,1041509440526998145935911380837498762729034
5,32,94,115,484611134169485860872780429023298186235919
5,32,94,116,216723607736057259844402915040776988364241
5,32,94,117,93176188012198668117295172033407533609927
5,32,94,118,38518820376186099639228277482065377224341
5,32,94,119,15313484787283580789580821822663328817740
5,32,94,120,5855341522363806683286904933129539456893
5,32,94,121,2153438686398907607170097414208900829685
5,32,94,122,761765226939581634117943603869291396783
5,32,94,123,259182989432460372630105633470747229032
5,32,94,124,84812528803560878859713197034058918737
5,32,94,125,26689320322594682221998742976327934776
5,32,94,126,8075711537244036128881463505579148026
5,32,94,127,2349198104656899812118362024633057934
5,32,94,128,656862152098110811124843933998671975
5,32,94,129,176505444224588708838782523671284424
5,32,94,130,45570258761310580622627483860595893
5,32,94,131,11301999946852971517228048010314573
5,32,94,132,2692126116886762492798571888834386
5,32,94,133,615782435970329576227499892715283
5,32,94,134,135235537777541991525074784069521
5,32,94,135,28513113228304951838284766853425
5,32,94,136,5771249547267367007317837485821
5,32,94,137,1121430957702993088191020556354
5,32,94,138,209210854907109603530475831433
5,32,94,139,37476575954379383226892090175
5,32,94,140,6447233514704744755613147484
5,32,94,141,1065392341032983053411719362
5,32,94,142,169143005260399234114792061
5,32,94,143,25803628284434798497994444
5,32,94,144,3783015691608410083302394
5,32,94,145,533008148837784434064034
5,32,94,146,72163644272458772409059
5,32,94,147,9385691090830825800633
5,32,94,148,1172063109237946175787
5,32,94,149,140414633671008240606
5,32,94,150,16117871259920320214
5,32,94,151,1769467642329376509
5,32,94,152,185300561897077016
5,32,94,153,18441857839938210
5,32,94,154,1735472505055459
5,32,94,155,153375625670334
5,32,94,156,12616430258255
5,32,94,157,954897754917
5,32,94,158,65518514294
5,32,94,159,3994784420
5,32,94,160,210856527
5,32,94,161,9227083
5,32,94,162,313230
5,32,94,163,7268
5,32,94,164,56
5,32,94,165,0
5,32,94,166,0
5,32,94,167,0
5,32,94,168,0
5,32,94,169,0
5,32,94,170,0
5,32,94,171,0
5,32,94,172,0
5,32,94,173,0
5,32,94,174,0
5,32,94,175,0
5,32,94,176,0
5,32,94,177,0
5,32,94,178,0
5,32,94,179,0
5,32,94,180,0
5,32,94,181,0
5,32,94,182,0
5,32,94,183,0
5,32,94,184,0
5,32,94,185,0
5,32,94,186,0
5,32,94,187,0
5,32,94,188,0
5,32,94,189,0
5,32,94,190,0
5,32,94,191,0
5,32,94,192,0
5,32,94,193,0
5,32,94,194,0
5,32,94,195,0
5,32,94,196,0
5,32,94,197,0
5,32,94,198,0
5,32,94,199,0
5,32,94,200,0
5,32,94,201,0
5,32,94,202,0
5,32,94,203,0
5,32,94,204,0
5,32,94,205,0
5,32,94,206,0
5,32,94,207,0
5,32,94,208,0
5,32,94,209,0
5,32,94,210,0
5,32,94,211,0
5,32,94,212,0
5,32,94,213,0
5,32,94,214,0
5,32,94,215,0
5,32,94,216,0
5,32,94,217,0
5,32,94,218,0
5,32,94,219,0
5,32,94,220,0
5,32,94,221,0
5,32,94,222,0
5,32,94,223,0
5,32,94,224,0
5,32,94,225,0
5,32,94,226,0
5,32,94,227,0
5,32,94,228,0
5,32,94,229,0
5,32,94,230,0
5,32,94,231,0
5,32,94,232,0
5,32,94,233,0
5,32,94,234,0
5,32,94,235,0
5,32,94,236,0
5,32,94,237,0
5,32,94,238,0
5,32,94,239,0
5,32,94,240,0
5,32,94,241,0
5,32,94,242,0
5,32,94,243,0
5,32,94,244,0
5,32,94,245,0
5,32,94,246,0
5,32,94,247,0
5,32,94,248,0
5,32,94,249,0
5,32,94,250,0
5,32,94,251,0
5,32,94,252,0
5,32,94,253,0
5,32,94,254,0
5,32,94,255,0
5,32,94,256,0
5,32,94,257,0
5,32,94,258,0
5,32,94,259,0
5,32,94,260,0
5,32,94,261,0
5,32,94,262,0
5,32,94,263,0
5,32,94,264,0
5,32,94,265,0
5,32,94,266,0
5,32,94,267,0
5,32,94,268,0
5,32,94,269,0
5,32,94,270,0
5,32,94,271,0
5,32,94,272,0
5,32,94,273,0
5,32,94,274,0
5,32,94,275,0
5,32,94,276,0
5,32,94,277,0
5,32,94,278,0
5,32,94,279,0
5,32,94,280,0
5,32,94,281,0
5,32,94,282,0
5,32,94,283,0
5,32,95,0,0
5,32,95,1,0
5,32,95,2,0
5,32,95,3,0
5,32,95,4,0
5,32,95,5,0
5,32,95,6,0
5,32,95,7,0
5,32,95,8,0
5,32,95,9,0
5,32,95,10,0
5,32,95,11,0
5,32,95,12,0
5,32,95,13,0
5,32,95,14,0
5,32,95,15,0
5,32,95,16,0
5,32,95,17,0
5,32,95,18,0
5,32,95,19,0
5,32,95,20,0
5,32,95,21,0
5,32,95,22,0
5,32,95,23,0
5,32,95,24,0
5,32,95,25,0
5,32,95,26,0
5,32,95,27,0
5,32,95,28,0
5,32,95,29,0
5,32,95,30,0
5,32,95,31,0
5,32,95,32,0
5,32,95,33,0
5,32,95,34,0
5,32,95,35,0
5,32,95,36,0
5,32,95,37,0
5,32,95,38,0
5,32,95,39,0
5,32,95,40,0
5,32,95,41,0
5,32,95,42,0
5,32,95,43,1146332880
5,32,95,44,63211828050
5,32,95,45,2064100448480
5,32,95,46,50623556354176
5,32,95,47,995207050383594
5,32,95,48,16502247757389524
5,32,95,49,239145831351418312
5,32,95,50,3099911277249343468
5,32,95,51,36535533878467539694
5,32,95,52,396279898091820775808
5,32,95,53,3991653632411572018790
5,32,95,54,37600841257581328402852
5,32,95,55,333041434458699530961198
5,32,95,56,2785578000033128426104220
5,32,95,57,22076161812765257508711004
5,32,95,58,166224595662898477988072662
5,32,95,59,1191683353435382250979141230
5,32,95,60,8148059624729220227421469804
5,32,95,61,53204351636992114682510818400
5,32,95,62,332105835387642567058468174768
5,32,95,63,1983193679734670771653807418182
5,32,95,64,11335459669155646667712989773838
5,32,95,65,62035733659469089790606979062722
5,32,95,66,325121660840703122076487826069084
5,32,95,67,1631783260754942119997856344919740
5,32,95,68,7842428624293085225280023491665188
5,32,95,69,36084790899711304477260146974797586
5,32,95,70,158912829835020484063460087004235376
5,32,95,71,669573186885913135815668883379248442
5,32,95,72,2698096586221008661087302954927229676
5,32,95,73,10392761732003857417698486575575898512
5,32,95,74,38246727904802705494931905180804531828
5,32,95,75,134403153507490645329692403586895956290
5,32,95,76,450742597948574635375275308175161255328
5,32,95,77,1441775441616624314583089820946449301956
5,32,95,78,4396021151888854357591587258824361923296
5,32,95,79,12769066089495349990058020259641629323016
5,32,95,80,35313766462523780301660386151054037292078
5,32,95,81,92933107514470957123001613094902016190520
5,32,95,82,232597662523858157411308980370485186275616
5,32,95,83,553388263944413634700170746048955558698308
5,32,95,84,1250958825702747528439731488195627669629660
5,32,95,85,2685739847238398910878261064786204645248222
5,32,95,86,5474389129216984094219294679956873291350992
5,32,95,87,10590765776244909949033923601035061675552310
5,32,95,88,19441816505125376595215890178004401065581948
5,32,95,89,33860432639774117426198256428696805859191852
5,32,95,90,55944178912725710403162319168954608117072786
5,32,95,91,87683477053004674020184390133937200608004604
5,32,95,92,130379238181141851503705971835084509362671318
5,32,95,93,183944931285107308988071437452427878544452214
5,32,95,94,246291637042255185625440141117509988762005752
5,32,95,95,313054038018813344043871645124582061658167416
5,32,95,96,377878294646294355888994478519284581552669736
5,32,95,97,433341581811843567807659347083510327464381298
5,32,95,98,472348254579422177027086060998527773681146160
5,32,95,99,489640747761123079085719287670015578485184508
5,32,95,100,482974975211759617467519129887923953261626800
5,32,95,101,453594239222800817675601412588371639217296566
5,32,95,102,405865592601052044023606750786019905828326880
5,32,95,103,346220891502187231154593820243243488689233126
5,32,95,104,281754154106751724992346788126902746118919178
5,32,95,105,218889541379374286192757404865817718148974606
5,32,95,106,162445524336990690388376278702149293477380046
5,32,95,107,115240445140268996106668535972546283262298502
5,32,95,108,78198107207709218801808345343724074974865162
5,32,95,109,50786972568747518472528399454789072793396210
5,32,95,110,31588763433996209388777944798753461303416228
5,32,95,111,18827104768315259792516859780826798812669800
5,32,95,112,10758130456251423770066211672640435095017896
5,32,95,113,5896687854522445858360370879231729732542128
5,32,95,114,3101673473896446514415770445870325012853608
5,32,95,115,1566321993647676420087747225013159754162972
5,32,95,116,759669371965226874311408566854539859008290
5,32,95,117,353972008073323891642391597773734255216284
5,32,95,118,158502542172947130501200003778969262766964
5,32,95,119,68222670269064637838621454030945933518748
5,32,95,120,28231131369920851826563428129684926136392
5,32,95,121,11233022732982786388504610562200648263568
5,32,95,122,4298089245049350435450059729976072945074
5,32,95,123,1581563350768941884515386787396910065814
5,32,95,124,559671081938387126022708818622857706560
5,32,95,125,190457694086344367839028385450754178048
5,32,95,126,62323283666480960533723217836478533368
5,32,95,127,19608249504342041780779402596560209960
5,32,95,128,5930617746148495973731516161483368782
5,32,95,129,1724078190431855032238405563465988546
5,32,95,130,481640565542361374297297414811633512
5,32,95,131,129271924033658197639545400204109166
5,32,95,132,33327500327809469134310400288155114
5,32,95,133,8251280569568597628311304764779510
5,32,95,134,1961406929932865388491039257178160
5,32,95,135,447568280660567824243798509527538
5,32,95,136,98023125987500347131435617588120
5,32,95,137,20602863392990740031395006602176
5,32,95,138,4155586927403029868354315605394
5,32,95,139,804350788231992352701668746792
5,32,95,140,149415932486293374311377898882
5,32,95,141,26640484448139603227512062956
5,32,95,142,4559919689049949024752698876
5,32,95,143,749429250877656528660908984
5,32,95,144,118291159240597495574103360
5,32,95,145,17934936973049067412511046
5,32,95,146,2612304817916054196767004
5,32,95,147,365536914120027271435314
5,32,95,148,49132352239296495339658
5,32,95,149,6341559642265230630586
5,32,95,150,785545416776274746742
5,32,95,151,93304421946726166578
5,32,95,152,10612065332629995310
5,32,95,153,1153462524378512242
5,32,95,154,119476226274991370
5,32,95,155,11746571978435512
5,32,95,156,1090280340934740
5,32,95,157,94848839987296
5,32,95,158,7661493422212
5,32,95,159,567690324720
5,32,95,160,37989140962
5,32,95,161,2248135588
5,32,95,162,114323380
5,32,95,163,4767810
5,32,95,164,151478
5,32,95,165,3120
5,32,95,166,14
5,32,95,167,0
5,32,95,168,0
5,32,95,169,0
5,32,95,170,0
5,32,95,171,0
5,32,95,172,0
5,32,95,173,0
5,32,95,174,0
5,32,95,175,0
5,32,95,176,0
5,32,95,177,0
5,32,95,178,0
5,32,95,179,0
5,32,95,180,0
5,32,95,181,0
5,32,95,182,0
5,32,95,183,0
5,32,95,184,0
5,32,95,185,0
5,32,95,186,0
5,32,95,187,0
5,32,95,188,0
5,32,95,189,0
5,32,95,190,0
5,32,95,191,0
5,32,95,192,0
5,32,95,193,0
5,32,95,194,0
5,32,95,195,0
5,32,95,196,0
5,32,95,197,0
5,32,95,198,0
5,32,95,199,0
5,32,95,200,0
5,32,95,201,0
5,32,95,202,0
5,32,95,203,0
5,32,95,204,0
5,32,95,205,0
5,32,95,206,0
5,32,95,207,0
5,32,95,208,0
5,32,95,209,0
5,32,95,210,0
5,32,95,211,0
5,32,95,212,0
5,32,95,213,0
5,32,95,214,0
5,32,95,215,0
5,32,95,216,0
5,32,95,217,0
5,32,95,218,0
5,32,95,219,0
5,32,95,220,0
5,32,95,221,0
5,32,95,222,0
5,32,95,223,0
5,32,95,224,0
5,32,95,225,0
5,32,95,226,0
5,32,95,227,0
5,32,95,228,0
5,32,95,229,0
5,32,95,230,0
5,32,95,231,0
5,32,95,232,0
5,32,95,233,0
5,32,95,234,0
5,32,95,235,0
5,32,95,236,0
5,32,95,237,0
5,32,95,238,0
5,32,95,239,0
5,32,95,240,0
5,32,95,241,0
5,32,95,242,0
5,32,95,243,0
5,32,95,244,0
5,32,95,245,0
5,32,95,246,0
5,32,95,247,0
5,32,95,248,0
5,32,95,249,0
5,32,95,250,0
5,32,95,251,0
5,32,95,252,0
5,32,95,253,0
5,32,95,254,0
5,32,95,255,0
5,32,95,256,0
5,32,95,257,0
5,32,95,258,0
5,32,95,259,0
5,32,95,260,0
5,32,95,261,0
5,32,95,262,0
5,32,95,263,0
5,32,95,264,0
5,32,95,265,0
5,32,95,266,0
5,32,95,267,0
5,32,95,268,0
5,32,95,269,0
5,32,95,270,0
5,32,95,271,0
5,32,95,272,0
5,32,95,273,0
5,32,95,274,0
5,32,95,275,0
5,32,95,276,0
5,32,95,277,0
5,32,95,278,0
5,32,95,279,0
5,32,95,280,0
5,32,95,281,0
5,32,95,282,0
5,32,95,283,0
5,32,96,0,0
5,32,96,1,0
5,32,96,2,0
5,32,96,3,0
5,32,96,4,0
5,32,96,5,0
5,32,96,6,0
5,32,96,7,0
5,32,96,8,0
5,32,96,9,0
5,32,96,10,0
5,32,96,11,0
5,32,96,12,0
5,32,96,13,0
5,32,96,14,0
5,32,96,15,0
5,32,96,16,0
5,32,96,17,0
5,32,96,18,0
5,32,96,19,0
5,32,96,20,0
5,32,96,21,0
5,32,96,22,0
5,32,96,23,0
5,32,96,24,0
5,32,96,25,0
5,32,96,26,0
5,32,96,27,0
5,32,96,28,0
5,32,96,29,0
5,32,96,30,0
5,32,96,31,0
5,32,96,32,0
5,32,96,33,0
5,32,96,34,0
5,32,96,35,0
5,32,96,36,0
5,32,96,37,0
5,32,96,38,0
5,32,96,39,0
5,32,96,40,0
5,32,96,41,0
5,32,96,42,0
5,32,96,43,0
5,32,96,44,0
5,32,96,45,0
5,32,96,46,1637618400
5,32,96,47,100464239085
5,32,96,48,3505348257310
5,32,96,49,90860850560454
5,32,96,50,1877599090463156
5,32,96,51,32493814988886207
5,32,96,52,488115077678494432
5,32,96,53,6519897440665707215
5,32,96,54,78776922990045282304
5,32,96,55,872001158796959478124
5,32,96,56,8928388100253196554233
5,32,96,57,85189723248326917219770
5,32,96,58,761862129525279319090483
5,32,96,59,6415445919127700594091876
5,32,96,60,51052364925388771571318642
5,32,96,61,385034105700622581408373446
5,32,96,62,2758515319172095260552872176
5,32,96,63,18807628891696173789486189937
5,32,96,64,122206040805194900859927935647
5,32,96,65,757574833040764777295595474512
5,32,96,66,4484215309022393702739060002714
5,32,96,67,25358715972868641050440065483466
5,32,96,68,137060706030665901071058119298898
5,32,96,69,708165006306026224708567899742646
5,32,96,70,3497995754491092023148704014231003
5,32,96,71,16517367481113747483196377990472019
5,32,96,72,74546369487831348028434330826913357
5,32,96,73,321487952066843976561422105275224211
5,32,96,74,1324375754634342268715439026786317353
5,32,96,75,5209485558453952751771442793944835627
5,32,96,76,19557911045324073096695088482723337220
5,32,96,77,70046081776153034852994203498592712301
5,32,96,78,239197097460815551075182566546528942938
5,32,96,79,778407209010632014989573027928716206960
5,32,96,80,2412681914162673827623095786314811284521
5,32,96,81,7118654215091922208451716569896252885022
5,32,96,82,19983211236637092594714410824213463120191
5,32,96,83,53342498560492801153395365427112517094740
5,32,96,84,135332776482497158064255802225636841723943
5,32,96,85,326173180988798534847605601604369145108337
5,32,96,86,746482682176925644379004103820844668833712
5,32,96,87,1621615379812575810750343960193847469943153
5,32,96,88,3342610993234014064707609799732057122335922
5,32,96,89,6536007622997890407376530615908487323839500
5,32,96,90,12120902640970935485732865724145652649219539
5,32,96,91,21315239985765043938598919548126986361019098
5,32,96,92,35542444065728191159961561648699145338272236
5,32,96,93,56196333956803363895615426631634045110310705
5,32,96,94,84257305836829456861789602641471549192373670
5,32,96,95,119815953856113783756821341779167110547914982
5,32,96,96,161633189613674465867858372913723665001804409
5,32,96,97,206913126225398778692851585563294304854632905
5,32,96,98,251448851963217752059600988005372107906647485
5,32,96,99,290205322114273800688222607871772864781774777
5,32,96,100,318251162892401652188030058328767333293563414
5,32,96,101,331802907772030208840894654735871098433360099
5,32,96,102,329072203852005130992454539989691496107263081
5,32,96,103,310651542607768208054757180734830825899693568
5,32,96,104,279324708982080953920245998845391049614822284
5,32,96,105,239380743595859327693295066362300556057273821
5,32,96,106,195662876400320939271535090994872920136199324
5,32,96,107,152638449378993895858769838391238566824229247
5,32,96,108,113723741768707945781627964734797589304392441
5,32,96,109,80976870590440584812157058125554084370518207
5,32,96,110,55141349083983220016103253578921605814730268
5,32,96,111,35931451646111232196018199058294221044850480
5,32,96,112,22418985066672165690439838552313121226229365
5,32,96,113,13401404218739977688804227636490610720228628
5,32,96,114,7679131921045691295915281168159310745198808
5,32,96,115,4220066064867807822963512238252633932689596
5,32,96,116,2225214637880415598456200888505862781668984
5,32,96,117,1126294070378927902223899607277202441036406
5,32,96,118,547420825157818901319344922030813297232817
5,32,96,119,255577710172136054764001674170321690278129
5,32,96,120,114651300071869182439252221016651676591184
5,32,96,121,49430039796035367924559530543089122450285
5,32,96,122,20485180518988345646320962038653126950888
5,32,96,123,8161794498822189708484189388636636266735
5,32,96,124,3126569813380502988627977907901294883283
5,32,96,125,1151612951681391703974318629230938689529
5,32,96,126,407849962725017811255835067446768117966
5,32,96,127,138876975708371215225083036084555442255
5,32,96,128,45463026044074672672670294841980829689
5,32,96,129,14306392430451547782799482148112428244
5,32,96,130,4326889285053030127052582670188754042
5,32,96,131,1257512046100032332964356255903956020
5,32,96,132,351111717170657773355570032333456470
5,32,96,133,94161549996620990172012886378194212
5,32,96,134,24248849287104510161356065995136548
5,32,96,135,5995040584319159606993710898407564
5,32,96,136,1422576338847982824260874622297491
5,32,96,137,323929495345254342493452430842100
5,32,96,138,70768707062742953968844234248445
5,32,96,139,14831767175873364237182671891409
5,32,96,140,2981779983403440423923554523613
5,32,96,141,575026541129989783303938970743
5,32,96,142,106379457981784695549177661629
5,32,96,143,18881693204075964398667426619
5,32,96,144,3215997363903819521036579831
5,32,96,145,525743947760709254623002663
5,32,96,146,82510844937577906632888506
5,32,96,147,12433910323086184669469569
5,32,96,148,1799356637044387562948225
5,32,96,149,250060907062048374576716
5,32,96,150,33368253770150499478123
5,32,96,151,4273970980885043711974
5,32,96,152,525138114005703858947
5,32,96,153,61835096876478509743
5,32,96,154,6967504027718024498
5,32,96,155,749667042672601748
5,32,96,156,76785927248668709
5,32,96,157,7455417459402995
5,32,96,158,682242526636279
5,32,96,159,58394885905458
5,32,96,160,4629081501422
5,32,96,161,335559158366
5,32,96,162,21882404536
5,32,96,163,1254843155
5,32,96,164,61410730
5,32,96,165,2437995
5,32,96,166,70798
5,32,96,167,1365
5,32,96,168,0
5,32,96,169,0
5,32,96,170,0
5,32,96,171,0
5,32,96,172,0
5,32,96,173,0
5,32,96,174,0
5,32,96,175,0
5,32,96,176,0
5,32,96,177,0
5,32,96,178,0
5,32,96,179,0
5,32,96,180,0
5,32,96,181,0
5,32,96,182,0
5,32,96,183,0
5,32,96,184,0
5,32,96,185,0
5,32,96,186,0
5,32,96,187,0
5,32,96,188,0
5,32,96,189,0
5,32,96,190,0
5,32,96,191,0
5,32,96,192,0
5,32,96,193,0
5,32,96,194,0
5,32,96,195,0
5,32,96,196,0
5,32,96,197,0
5,32,96,198,0
5,32,96,199,0
5,32,96,200,0
5,32,96,201,0
5,32,96,202,0
5,32,96,203,0
5,32,96,204,0
5,32,96,205,0
5,32,96,206,0
5,32,96,207,0
5,32,96,208,0
5,32,96,209,0
5,32,96,210,0
5,32,96,211,0
5,32,96,212,0
5,32,96,213,0
5,32,96,214,0
5,32,96,215,0
5,32,96,216,0
5,32,96,217,0
5,32,96,218,0
5,32,96,219,0
5,32,96,220,0
5,32,96,221,0
5,32,96,222,0
5,32,96,223,0
5,32,96,224,0
5,32,96,225,0
5,32,96,226,0
5,32,96,227,0
5,32,96,228,0
5,32,96,229,0
5,32,96,230,0
5,32,96,231,0
5,32,96,232,0
5,32,96,233,0
5,32,96,234,0
5,32,96,235,0
5,32,96,236,0
5,32,96,237,0
5,32,96,238,0
5,32,96,239,0
5,32,96,240,0
5,32,96,241,0
5,32,96,242,0
5,32,96,243,0
5,32,96,244,0
5,32,96,245,0
5,32,96,246,0
5,32,96,247,0
5,32,96,248,0
5,32,96,249,0
5,32,96,250,0
5,32,96,251,0
5,32,96,252,0
5,32,96,253,0
5,32,96,254,0
5,32,96,255,0
5,32,96,256,0
5,32,96,257,0
5,32,96,258,0
5,32,96,259,0
5,32,96,260,0
5,32,96,261,0
5,32,96,262,0
5,32,96,263,0
5,32,96,264,0
5,32,96,265,0
5,32,96,266,0
5,32,96,267,0
5,32,96,268,0
5,32,96,269,0
5,32,96,270,0
5,32,96,271,0
5,32,96,272,0
5,32,96,273,0
5,32,96,274,0
5,32,96,275,0
5,32,96,276,0
5,32,96,277,0
5,32,96,278,0
5,32,96,279,0
5,32,96,280,0
5,32,96,281,0
5,32,96,282,0
5,32,96,283,0
5,32,97,0,0
5,32,97,1,0
5,32,97,2,0
5,32,97,3,0
5,32,97,4,0
5,32,97,5,0
5,32,97,6,0
5,32,97,7,0
5,32,97,8,0
5,32,97,9,0
5,32,97,10,0
5,32,97,11,0
5,32,97,12,0
5,32,97,13,0
5,32,97,14,0
5,32,97,15,0
5,32,97,16,0
5,32,97,17,0
5,32,97,18,0
5,32,97,19,0
5,32,97,20,0
5,32,97,21,0
5,32,97,22,0
5,32,97,23,0
5,32,97,24,0
5,32,97,25,0
5,32,97,26,0
5,32,97,27,0
5,32,97,28,0
5,32,97,29,0
5,32,97,30,0
5,32,97,31,0
5,32,97,32,0
5,32,97,33,0
5,32,97,34,0
5,32,97,35,0
5,32,97,36,0
5,32,97,37,0
5,32,97,38,0
5,32,97,39,0
5,32,97,40,0
5,32,97,41,0
5,32,97,42,0
5,32,97,43,0
5,32,97,44,0
5,32,97,45,0
5,32,97,46,0
5,32,97,47,0
5,32,97,48,0
5,32,97,49,2074316640
5,32,97,50,141736950990
5,32,97,51,5305823989880
5,32,97,52,145697359308506
5,32,97,53,3171667005348430
5,32,97,54,57431806975814674
5,32,97,55,896626370033095686
5,32,97,56,12372588015585313768
5,32,97,57,153619819408657529594
5,32,97,58,1739239486101339311582
5,32,97,59,18138710679509546115510
5,32,97,60,175631071145319333849408
5,32,97,61,1588620448999379385236918
5,32,97,62,13489004165577672471222908
5,32,97,63,107935729535424909212825916
5,32,97,64,816432151346580020971431286
5,32,97,65,5852150462225402945674616480
5,32,97,66,39829109875927959033237338500
5,32,97,67,257775834408421111001054813920
5,32,97,68,1588383362357909699751912004044
5,32,97,69,9326695887969428600381928648008
5,32,97,70,52220391855222196644074011225134
5,32,97,71,278921315821055564467603679631992
5,32,97,72,1421558223649856825062436804603354
5,32,97,73,6914094609011591269796836003894398
5,32,97,74,32091075128312643765869448037424328
5,32,97,75,142119910797789623944512919645917002
5,32,97,76,600414494218396022877664276332590524
5,32,97,77,2419045444345218863108556558886464648
5,32,97,78,9291326203351787678741454198221704168
5,32,97,79,34007523646030317289762691681565041634
5,32,97,80,118561119217765897957155878685229161704
5,32,97,81,393526583893265909883503995087605229202
5,32,97,82,1242960626634840482369253115496653563852
5,32,97,83,3734012642839293388844692508001212349116
5,32,97,84,10663836428374958044616196522965689174622
5,32,97,85,28937366508835831260119004089947862302096
5,32,97,86,74577716081782070556541076420756033676352
5,32,97,87,182461901018668851780927862223813404228284
5,32,97,88,423615829763216747803399486988011226416516
5,32,97,89,932935411823228803547519295606942203753736
5,32,97,90,1948385265576635662329202469484647914563134
5,32,97,91,3857724751997427621832251502999361168393960
5,32,97,92,7239982082033906031359329658963546951084534
5,32,97,93,12877748216648570727496848851728090373964228
5,32,97,94,21707820627971321692298040861950048292878950
5,32,97,95,34679799298093704926372716995450713351062998
5,32,97,96,52512696618200196780789050471329771712529670
5,32,97,97,75379967099459129544046442565048627142380460
5,32,97,98,102603098142043033790928326050490217977664170
5,32,97,99,132470233992392577597942516484644179635585228
5,32,97,100,162292869851325223436369988845166586644775522
5,32,97,101,188756224951756674457236888342556391672768464
5,32,97,102,208519158851367558205692829978511229795024708
5,32,97,103,218915922958243435101450817334842853977549802
5,32,97,104,218553513688158737164767900194391373664969754
5,32,97,105,207617853808573705210866253501476193966401152
5,32,97,106,187796296906460991833612134719887875113728454
5,32,97,107,161853380717687208804795291662790432850735612
5,32,97,108,133005790351294782765599454969490641554975592
5,32,97,109,104288452511776478076921959367492248402366332
5,32,97,110,78076408036031708671223141570281585272530520
5,32,97,111,55849283418109478057899796416199703507549212
5,32,97,112,38196042520043631841723023429099576574080964
5,32,97,113,24992002708264545341459972681889770125832106
5,32,97,114,15654262799600702755752785253600505672876828
5,32,97,115,9392173575840173423380308646075801572271938
5,32,97,116,5400563549877319985030063329203722424750568
5,32,97,117,2977640051361128944420690593158712457331618
5,32,97,118,1574954747910496863038119475338349079458452
5,32,97,119,799485062791797263921582091071752286337958
5,32,97,120,389639417478759941668979415073997613364072
5,32,97,121,182376630115791593000457749375021426625028
5,32,97,122,82007198799026063767242661084224828947682
5,32,97,123,35433405052018157245997907387266711612716
5,32,97,124,14714052642777479164084040719129196505504
5,32,97,125,5873126372327535031799377487568041295428
5,32,97,126,2253522941619582410155830482308721826582
5,32,97,127,831241714482296082017737667210094437030
5,32,97,128,294755614485304361151260077938451299068
5,32,97,129,100471576747304313944569007538050091774
5,32,97,130,32917653177962973379375012830991796758
5,32,97,131,10364767454617779586226926762588932690
5,32,97,132,3135882744025462154346277202940791336
5,32,97,133,911465223159062927733134550031170424
5,32,97,134,254448200186070930379961546434298728
5,32,97,135,68206876993978964685314313726600476
5,32,97,136,17551417696327543107290069857598206
5,32,97,137,4334478372052785378786202524585662
5,32,97,138,1027050941087684869010660943716816
5,32,97,139,233441238598942650125004870287162
5,32,97,140,50887295191144105498665578169238
5,32,97,141,10637132460413419629144543675022
5,32,97,142,2131998476428524102113861628640
5,32,97,143,409722864318994083619519889550
5,32,97,144,75502265007783208419916554394
5,32,97,145,13342947468981842928134215062
5,32,97,146,2261757213232923955286561256
5,32,97,147,367822861040007747705782022
5,32,97,148,57402261925527344677426272
5,32,97,149,8598110490702266403336792
5,32,97,150,1236278298670191350191136
5,32,97,151,170637357014975441758458
5,32,97,152,22605329182374088642168
5,32,97,153,2873191893390810788570
5,32,97,154,350143519499063372828
5,32,97,155,40869067665836040910
5,32,97,156,4561610176240442876
5,32,97,157,485746426363532268
5,32,97,158,49186108563661796
5,32,97,159,4714617589078824
5,32,97,160,425177454191022
5,32,97,161,35787163559104
5,32,97,162,2782457812726
5,32,97,163,197171820478
5,32,97,164,12516888286
5,32,97,165,695116284
5,32,97,166,32606164
5,32,97,167,1231204
5,32,97,168,32790
5,32,97,169,520
5,32,97,170,0
5,32,97,171,0
5,32,97,172,0
5,32,97,173,0
5,32,97,174,0
5,32,97,175,0
5,32,97,176,0
5,32,97,177,0
5,32,97,178,0
5,32,97,179,0
5,32,97,180,0
5,32,97,181,0
5,32,97,182,0
5,32,97,183,0
5,32,97,184,0
5,32,97,185,0
5,32,97,186,0
5,32,97,187,0
5,32,97,188,0
5,32,97,189,0
5,32,97,190,0
5,32,97,191,0
5,32,97,192,0
5,32,97,193,0
5,32,97,194,0
5,32,97,195,0
5,32,97,196,0
5,32,97,197,0
5,32,97,198,0
5,32,97,199,0
5,32,97,200,0
5,32,97,201,0
5,32,97,202,0
5,32,97,203,0
5,32,97,204,0
5,32,97,205,0
5,32,97,206,0
5,32,97,207,0
5,32,97,208,0
5,32,97,209,0
5,32,97,210,0
5,32,97,211,0
5,32,97,212,0
5,32,97,213,0
5,32,97,214,0
5,32,97,215,0
5,32,97,216,0
5,32,97,217,0
5,32,97,218,0
5,32,97,219,0
5,32,97,220,0
5,32,97,221,0
5,32,97,222,0
5,32,97,223,0
5,32,97,224,0
5,32,97,225,0
5,32,97,226,0
5,32,97,227,0
5,32,97,228,0
5,32,97,229,0
5,32,97,230,0
5,32,97,231,0
5,32,97,232,0
5,32,97,233,0
5,32,97,234,0
5,32,97,235,0
5,32,97,236,0
5,32,97,237,0
5,32,97,238,0
5,32,97,239,0
5,32,97,240,0
5,32,97,241,0
5,32,97,242,0
5,32,97,243,0
5,32,97,244,0
5,32,97,245,0
5,32,97,246,0
5,32,97,247,0
5,32,97,248,0
5,32,97,249,0
5,32,97,250,0
5,32,97,251,0
5,32,97,252,0
5,32,97,253,0
5,32,97,254,0
5,32,97,255,0
5,32,97,256,0
5,32,97,257,0
5,32,97,258,0
5,32,97,259,0
5,32,97,260,0
5,32,97,261,0
5,32,97,262,0
5,32,97,263,0
5,32,97,264,0
5,32,97,265,0
5,32,97,266,0
5,32,97,267,0
5,32,97,268,0
5,32,97,269,0
5,32,97,270,0
5,32,97,271,0
5,32,97,272,0
5,32,97,273,0
5,32,97,274,0
5,32,97,275,0
5,32,97,276,0
5,32,97,277,0
5,32,97,278,0
5,32,97,279,0
5,32,97,280,0
5,32,97,281,0
5,32,97,282,0
5,32,97,283,0
5,32,98,0,0
5,32,98,1,0
5,32,98,2,0
5,32,98,3,0
5,32,98,4,0
5,32,98,5,0
5,32,98,6,0
5,32,98,7,0
5,32,98,8,0
5,32,98,9,0
5,32,98,10,0
5,32,98,11,0
5,32,98,12,0
5,32,98,13,0
5,32,98,14,0
5,32,98,15,0
5,32,98,16,0
5,32,98,17,0
5,32,98,18,0
5,32,98,19,0
5,32,98,20,0
5,32,98,21,0
5,32,98,22,0
5,32,98,23,0
5,32,98,24,0
5,32,98,25,0
5,32,98,26,0
5,32,98,27,0
5,32,98,28,0
5,32,98,29,0
5,32,98,30,0
5,32,98,31,0
5,32,98,32,0
5,32,98,33,0
5,32,98,34,0
5,32,98,35,0
5,32,98,36,0
5,32,98,37,0
5,32,98,38,0
5,32,98,39,0
5,32,98,40,0
5,32,98,41,0
5,32,98,42,0
5,32,98,43,0
5,32,98,44,0
5,32,98,45,0
5,32,98,46,0
5,32,98,47,0
5,32,98,48,0
5,32,98,49,0
5,32,98,50,0
5,32,98,51,0
5,32,98,52,2333606220
5,32,98,53,177811133205
5,32,98,54,7167954623920
5,32,98,55,209040534945134
5,32,98,56,4804368732963378
5,32,98,57,91255661041281700
5,32,98,58,1484556478610109108
5,32,98,59,21217350938422799847
5,32,98,60,271371434280084764140
5,32,98,61,3149604137250959701142
5,32,98,62,33527574876985193023115
5,32,98,63,330072524425300693146253
5,32,98,64,3024937287570943291901283
5,32,98,65,25940349502330590141481581
5,32,98,66,209018545355067489814649801
5,32,98,67,1587743577400983790325934313
5,32,98,68,11400148156854311452243875624
5,32,98,69,77533307828461616481986883723
5,32,98,70,500303682537506729741612058143
5,32,98,71,3066945891390857772538930347882
5,32,98,72,17878488477347146539576916045056
5,32,98,73,99179079738382889959811300244636
5,32,98,74,523830647979648418400360194948594
5,32,98,75,2634993805822359057492799775623736
5,32,98,76,12625665292313311179716927399141789
5,32,98,77,57626935329390363735609828352554566
5,32,98,78,250527662664625302849180135484612892
5,32,98,79,1037210508712337095201226437189979768
5,32,98,80,4088352055715894807190991594580461945
5,32,98,81,15337770303671676720251870495347536999
5,32,98,82,54745722355808565884788132549887632095
5,32,98,83,185839448432575995609250578798029901546
5,32,98,84,599708568686256021710973263602113992214
5,32,98,85,1838932500857709946422549480511238423027
5,32,98,86,5355759680754789073422472578878495205700
5,32,98,87,14808629462433209163453523062508408049911
5,32,98,88,38856354202806388653184354127258188050260
5,32,98,89,96713608682846425247763038243074459010520
5,32,98,90,228260221848527224841546350926328609237885
5,32,98,91,510676775072541659827612306451783273088956
5,32,98,92,1082709756961512068336543843665806910808984
5,32,98,93,2174847086911871478263868928866273907835414
5,32,98,94,4138313275699021788374199287192477719683832
5,32,98,95,7458510217409921496758899889578870338132238
5,32,98,96,12732151062121492637868596860620200281532338
5,32,98,97,20586920639203300326769984857657767270724002
5,32,98,98,31533533673375949067821912589722024337419219
5,32,98,99,45764650476667595142327815385612602721433670
5,32,98,100,62947849622684514797359180302178964518768514
5,32,98,101,82086758632852967580086206361802803030466233
5,32,98,102,101527697312229546986799884381788270129091676
5,32,98,103,119157198000481379556302766308973247000042523
5,32,98,104,132773109487818014206538533020631245573815226
5,32,98,105,140541806876146880862636915354630844780183736
5,32,98,106,141408779626575879601952706238473033580285581
5,32,98,107,135334175685726801947773548456760321664491404
5,32,98,108,123280703403407363703213642800355841459794156
5,32,98,109,106965408435480087456765110505240822152944537
5,32,98,110,88462809820281713036149366448388335501477682
5,32,98,111,69784144033131431161278927957307764921497744
5,32,98,112,52545897070183067868177423564247622726019801
5,32,98,113,37792809080887864594734734982549840495182823
5,32,98,114,25981386315180558634462658684629407718211002
5,32,98,115,17083721640260572326287488805584595670649723
5,32,98,116,10750817725598069009722253607225945104534594
5,32,98,117,6478834380999326421658445941016573709831255
5,32,98,118,3741021475339833735555030749763320391365342
5,32,98,119,2070835993238850716210407659122099872013966
5,32,98,120,1099433884337488221133865284019086090012353
5,32,98,121,560075658385479153150385524678847740790240
5,32,98,122,273869997499827104670731265951600153842184
5,32,98,123,128590106196801632852884169006661568195901
5,32,98,124,57990898698924887138249455226195763081873
5,32,98,125,25124853520595214737089598313469313547403
5,32,98,126,10459696446233917153884746777345378277922
5,32,98,127,4184706944561118869870245630710858416212
5,32,98,128,1609082375061954231938343648972430270436
5,32,98,129,594667352507964288424069991209651382949
5,32,98,130,211225699255058122131035131181564112136
5,32,98,131,72105777119970045494633976524547165029
5,32,98,132,23653654354057987104409349873602551453
5,32,98,133,7455334905753189581299585783969170045
5,32,98,134,2257333908832510586782748104807790082
5,32,98,135,656429895735232928218823407261434804
5,32,98,136,183289091372459548559569257071773967
5,32,98,137,49127333567230897792295078927684972
5,32,98,138,12636453531355356032149121084273856
5,32,98,139,3118306510144628239471452754273692
5,32,98,140,738047518957715248909973024099571
5,32,98,141,167498946127527447725499321133981
5,32,98,142,36442526448663397268583941111501
5,32,98,143,7599800303676076343620147980730
5,32,98,144,1518971566426570269266478713632
5,32,98,145,290964036282359417253255616941
5,32,98,146,53418726586494472141849114692
5,32,98,147,9400852664859218128414644517
5,32,98,148,1586144431562983567276389201
5,32,98,149,256637415234684276607287192
5,32,98,150,39829324762102474664113087
5,32,98,151,5930379862644073823457705
5,32,98,152,847260572109686349565095
5,32,98,153,116147813564248274414701
5,32,98,154,15275395860006100322766
5,32,98,155,1926572395971758942974
5,32,98,156,232849536705953986757
5,32,98,157,26937863704748253167
5,32,98,158,2977824449981467392
5,32,98,159,313759800243279199
5,32,98,160,31399863444912677
5,32,98,161,2970236843387021
5,32,98,162,263865859681435
5,32,98,163,21829113747390
5,32,98,164,1663550445142
5,32,98,165,115154812110
5,32,98,166,7108840242
5,32,98,167,381742891
5,32,98,168,17141397
5,32,98,169,611471
5,32,98,170,14910
5,32,98,171,182
5,32,98,172,0
5,32,98,173,0
5,32,98,174,0
5,32,98,175,0
5,32,98,176,0
5,32,98,177,0
5,32,98,178,0
5,32,98,179,0
5,32,98,180,0
5,32,98,181,0
5,32,98,182,0
5,32,98,183,0
5,32,98,184,0
5,32,98,185,0
5,32,98,186,0
5,32,98,187,0
5,32,98,188,0
5,32,98,189,0
5,32,98,190,0
5,32,98,191,0
5,32,98,192,0
5,32,98,193,0
5,32,98,194,0
5,32,98,195,0
5,32,98,196,0
5,32,98,197,0
5,32,98,198,0
5,32,98,199,0
5,32,98,200,0
5,32,98,201,0
5,32,98,202,0
5,32,98,203,0
5,32,98,204,0
5,32,98,205,0
5,32,98,206,0
5,32,98,207,0
5,32,98,208,0
5,32,98,209,0
5,32,98,210,0
5,32,98,211,0
5,32,98,212,0
5,32,98,213,0
5,32,98,214,0
5,32,98,215,0
5,32,98,216,0
5,32,98,217,0
5,32,98,218,0
5,32,98,219,0
5,32,98,220,0
5,32,98,221,0
5,32,98,222,0
5,32,98,223,0
5,32,98,224,0
5,32,98,225,0
5,32,98,226,0
5,32,98,227,0
5,32,98,228,0
5,32,98,229,0
5,32,98,230,0
5,32,98,231,0
5,32,98,232,0
5,32,98,233,0
5,32,98,234,0
5,32,98,235,0
5,32,98,236,0
5,32,98,237,0
5,32,98,238,0
5,32,98,239,0
5,32,98,240,0
5,32,98,241,0
5,32,98,242,0
5,32,98,243,0
5,32,98,244,0
5,32,98,245,0
5,32,98,246,0
5,32,98,247,0
5,32,98,248,0
5,32,98,249,0
5,32,98,250,0
5,32,98,251,0
5,32,98,252,0
5,32,98,253,0
5,32,98,254,0
5,32,98,255,0
5,32,98,256,0
5,32,98,257,0
5,32,98,258,0
5,32,98,259,0
5,32,98,260,0
5,32,98,261,0
5,32,98,262,0
5,32,98,263,0
5,32,98,264,0
5,32,98,265,0
5,32,98,266,0
5,32,98,267,0
5,32,98,268,0
5,32,98,269,0
5,32,98,270,0
5,32,98,271,0
5,32,98,272,0
5,32,98,273,0
5,32,98,274,0
5,32,98,275,0
5,32,98,276,0
5,32,98,277,0
5,32,98,278,0
5,32,98,279,0
5,32,98,280,0
5,32,98,281,0
5,32,98,282,0
5,32,98,283,0
5,32,99,0,0
5,32,99,1,0
5,32,99,2,0
5,32,99,3,0
5,32,99,4,0
5,32,99,5,0
5,32,99,6,0
5,32,99,7,0
5,32,99,8,0
5,32,99,9,0
5,32,99,10,0
5,32,99,11,0
5,32,99,12,0
5,32,99,13,0
5,32,99,14,0
5,32,99,15,0
5,32,99,16,0
5,32,99,17,0
5,32,99,18,0
5,32,99,19,0
5,32,99,20,0
5,32,99,21,0
5,32,99,22,0
5,32,99,23,0
5,32,99,24,0
5,32,99,25,0
5,32,99,26,0
5,32,99,27,0
5,32,99,28,0
5,32,99,29,0
5,32,99,30,0
5,32,99,31,0
5,32,99,32,0
5,32,99,33,0
5,32,99,34,0
5,32,99,35,0
5,32,99,36,0
5,32,99,37,0
5,32,99,38,0
5,32,99,39,0
5,32,99,40,0
5,32,99,41,0
5,32,99,42,0
5,32,99,43,0
5,32,99,44,0
5,32,99,45,0
5,32,99,46,0
5,32,99,47,0
5,32,99,48,0
5,32,99,49,0
5,32,99,50,0
5,32,99,51,0
5,32,99,52,0
5,32,99,53,0
5,32,99,54,0
5,32,99,55,2333606220
5,32,99,56,198545220930
5,32,99,57,8649438654830
5,32,99,58,268601558960856
5,32,99,59,6532568769354320
5,32,99,60,130487787103479192
5,32,99,61,2217896904296105310
5,32,99,62,32917091706946941420
5,32,99,63,434779351277286579078
5,32,99,64,5185113360899340630862
5,32,99,65,56460307402433890688514
5,32,99,66,566270083257735925014064
5,32,99,67,5267490238870783497377482
5,32,99,68,45695811331112886229623306
5,32,99,69,371326736546757760988112308
5,32,99,70,2836471535022554951875467628
5,32,99,71,20425515658382177641989857328
5,32,99,72,138970176622960517557778810580
5,32,99,73,894955555951086533285794234266
5,32,99,74,5462865053249862930995396439532
5,32,99,75,31640622963975517572146553428266
5,32,99,76,174029494711690446489753295169304
5,32,99,77,909498238921963054392297656230494
5,32,99,78,4517996029006319383426202027799508
5,32,99,79,21337713634121544813629984956606952
5,32,99,80,95816815519188103271972427809458138
5,32,99,81,409083246701040347527084207124184554
5,32,99,82,1660355907036344062514130806435356028
5,32,99,83,6405017743184234971780982491421525174
5,32,99,84,23477543249410597781036103774581224992
5,32,99,85,81744982055406065886133140666244907250
5,32,99,86,270267390061027113818265295039108728144
5,32,99,87,848180556691648713021807044503396347444
5,32,99,88,2525678045843184267681857970664308648432
5,32,99,89,7133373558511723104305022779336404528992
5,32,99,90,19101843096021623211593780444551768417412
5,32,99,91,48480024378435937077423703155309327565214
5,32,99,92,116577153559386837717039048455172150403840
5,32,99,93,265520846657715960246800971829283100089702
5,32,99,94,572676175578664488870848956513249241968874
5,32,99,95,1169386883576472681430505296053319206714354
5,32,99,96,2260396892776771559565670291016546359198202
5,32,99,97,4135759951171512986786830828434950217108296
5,32,99,98,7162536485257475420141787245434631702484424
5,32,99,99,11742146872633430162442055035732776514834604
5,32,99,100,18224594522372711570239619497537391639303062
5,32,99,101,26784964434579082622088593518268465373646672
5,32,99,102,37288282523235257978037976186367829500629304
5,32,99,103,49187887419776807488303739498626390420415644
5,32,99,104,61508380263688144720832725828787653844477434
5,32,99,105,72948084522110486330675233904883016185541302
5,32,99,106,82098421297697252780792287873504949799154690
5,32,99,107,87731698419774020023501129090073309778493588
5,32,99,108,89075236261683318227375429454106217850919734
5,32,99,109,85986239164770837553701169555298647502646012
5,32,99,110,78972629450429274704806669155288349383814886
5,32,99,111,69057651790265915326230493404223198128884954
5,32,99,112,57537459920470997857831549628806835975925290
5,32,99,113,45709887633745063007777678711569011881033186
5,32,99,114,34650118537336889719092597736921480694216704
5,32,99,115,25080922723991994345834226569029908708993610
5,32,99,116,17347123813859047395863448996670022095445964
5,32,99,117,11472207181819258101487651924753483988729546
5,32,99,118,7259046194982397724931163349740087255511404
5,32,99,119,4397319474603425978642034638403540585250752
5,32,99,120,2551636277328070103298723709265801031632652
5,32,99,121,1419058853172336630612701751574329577679728
5,32,99,122,756732776361293190545963773693017349988942
5,32,99,123,387110380106596125023483086815055232974798
5,32,99,124,190040470814046563107663456776739040510586
5,32,99,125,89562019505590259354772180649915420593902
5,32,99,126,40531604013001720449295597198706990402448
5,32,99,127,17618108590091796209347837893432865305930
5,32,99,128,7357011031024116442095176750174490694202
5,32,99,129,2951744477866089869246543872528741815402
5,32,99,130,1137961415296783100566986520323591442174
5,32,99,131,421562288912048602351184322680453221562
5,32,99,132,150063001155687839016436207796630053306
5,32,99,133,51325615586273163369322368841152389722
5,32,99,134,16865297582625781408127181424917422552
5,32,99,135,5323344353176889840960323428339937138
5,32,99,136,1613687791878981987218298218370904570
5,32,99,137,469674309551455262053760874476438272
5,32,99,138,131220329637240384892619080374777186
5,32,99,139,35180907364355738519069695696492742
5,32,99,140,9048629904405643691408895515779094
5,32,99,141,2232004663378186533251672230173722
5,32,99,142,527854406844975193967696728785710
5,32,99,143,119652021987972565147004312259968
5,32,99,144,25990169913474346002538005577972
5,32,99,145,5408796716791346523725543996500
5,32,99,146,1078308413484331812287019831328
5,32,99,147,205929371284162442592501784298
5,32,99,148,37674284780507570914700555414
5,32,99,149,6603541982944721118636727404
5,32,99,150,1109169464259448590536157232
5,32,99,151,178571322401429759069033424
5,32,99,152,27563062680629771109414378
5,32,99,153,4079820338828668260040192
5,32,99,154,579180337794513774022750
5,32,99,155,78858699112949425698850
5,32,99,156,10296020376061889260304
5,32,99,157,1288492283167769999246
5,32,99,158,154435030842785691362
5,32,99,159,17705983966664002104
5,32,99,160,1938181036706938750
5,32,99,161,202022504026666624
5,32,99,162,19975567522070054
5,32,99,163,1864067383418398
5,32,99,164,163052464834892
5,32,99,165,13250730246018
5,32,99,166,989141787240
5,32,99,167,66832920934
5,32,99,168,4007673992
5,32,99,169,207772358
5,32,99,170,8921256
5,32,99,171,297270
5,32,99,172,6738
5,32,99,173,52
5,32,99,174,0
5,32,99,175,0
5,32,99,176,0
5,32,99,177,0
5,32,99,178,0
5,32,99,179,0
5,32,99,180,0
5,32,99,181,0
5,32,99,182,0
5,32,99,183,0
5,32,99,184,0
5,32,99,185,0
5,32,99,186,0
5,32,99,187,0
5,32,99,188,0
5,32,99,189,0
5,32,99,190,0
5,32,99,191,0
5,32,99,192,0
5,32,99,193,0
5,32,99,194,0
5,32,99,195,0
5,32,99,196,0
5,32,99,197,0
5,32,99,198,0
5,32,99,199,0
5,32,99,200,0
5,32,99,201,0
5,32,99,202,0
5,32,99,203,0
5,32,99,204,0
5,32,99,205,0
5,32,99,206,0
5,32,99,207,0
5,32,99,208,0
5,32,99,209,0
5,32,99,210,0
5,32,99,211,0
5,32,99,212,0
5,32,99,213,0
5,32,99,214,0
5,32,99,215,0
5,32,99,216,0
5,32,99,217,0
5,32,99,218,0
5,32,99,219,0
5,32,99,220,0
5,32,99,221,0
5,32,99,222,0
5,32,99,223,0
5,32,99,224,0
5,32,99,225,0
5,32,99,226,0
5,32,99,227,0
5,32,99,228,0
5,32,99,229,0
5,32,99,230,0
5,32,99,231,0
5,32,99,232,0
5,32,99,233,0
5,32,99,234,0
5,32,99,235,0
5,32,99,236,0
5,32,99,237,0
5,32,99,238,0
5,32,99,239,0
5,32,99,240,0
5,32,99,241,0
5,32,99,242,0
5,32,99,243,0
5,32,99,244,0
5,32,99,245,0
5,32,99,246,0
5,32,99,247,0
5,32,99,248,0
5,32,99,249,0
5,32,99,250,0
5,32,99,251,0
5,32,99,252,0
5,32,99,253,0
5,32,99,254,0
5,32,99,255,0
5,32,99,256,0
5,32,99,257,0
5,32,99,258,0
5,32,99,259,0
5,32,99,260,0
5,32,99,261,0
5,32,99,262,0
5,32,99,263,0
5,32,99,264,0
5,32,99,265,0
5,32,99,266,0
5,32,99,267,0
5,32,99,268,0
5,32,99,269,0
5,32,99,270,0
5,32,99,271,0
5,32,99,272,0
5,32,99,273,0
5,32,99,274,0
5,32,99,275,0
5,32,99,276,0
5,32,99,277,0
5,32,99,278,0
5,32,99,279,0
5,32,99,280,0
5,32,99,281,0
5,32,99,282,0
5,32,99,283,0
5,32,100,0,0
5,32,100,1,0
5,32,100,2,0
5,32,100,3,0
5,32,100,4,0
5,32,100,5,0
5,32,100,6,0
5,32,100,7,0
5,32,100,8,0
5,32,100,9,0
5,32,100,10,0
5,32,100,11,0
5,32,100,12,0
5,32,100,13,0
5,32,100,14,0
5,32,100,15,0
5,32,100,16,0
5,32,100,17,0
5,32,100,18,0
5,32,100,19,0
5,32,100,20,0
5,32,100,21,0
5,32,100,22,0
5,32,100,23,0
5,32,100,24,0
5,32,100,25,0
5,32,100,26,0
5,32,100,27,0
5,32,100,28,0
5,32,100,29,0
5,32,100,30,0
5,32,100,31,0
5,32,100,32,0
5,32,100,33,0
5,32,100,34,0
5,32,100,35,0
5,32,100,36,0
5,32,100,37,0
5,32,100,38,0
5,32,100,39,0
5,32,100,40,0
5,32,100,41,0
5,32,100,42,0
5,32,100,43,0
5,32,100,44,0
5,32,100,45,0
5,32,100,46,0
5,32,100,47,0
5,32,100,48,0
5,32,100,49,0
5,32,100,50,0
5,32,100,51,0
5,32,100,52,0
5,32,100,53,0
5,32,100,54,0
5,32,100,55,0
5,32,100,56,0
5,32,100,57,0
5,32,100,58,2074316640
5,32,100,59,197374089795
5,32,100,60,9323980853470
5,32,100,61,309198975488194
5,32,100,62,7977104914834041
5,32,100,63,168007599381825425
5,32,100,64,2991716794274199175
5,32,100,65,46233956047012251514
5,32,100,66,632281067396700191523
5,32,100,67,7767042327179019667398
5,32,100,68,86708060145172365710585
5,32,100,69,887793388990578227361425
5,32,100,70,8398174609707976737304724
5,32,100,71,73827042721484235569405833
5,32,100,72,605955713213867972017343729
5,32,100,73,4661223070137101842571156022
5,32,100,74,33706192419612714545330075599
5,32,100,75,229681159033616458687833024650
5,32,100,76,1477700122582435485826863453621
5,32,100,77,8989865103120496396596000838791
5,32,100,78,51777093650043607376447943018760
5,32,100,79,282570522316082936031485058659428
5,32,100,80,1462188248561227399519596264892729
5,32,100,81,7177312914142790934228627101686425
5,32,100,82,33429058168955350902281134972782429
5,32,100,83,147757778336861236996840062422705080
5,32,100,84,619797824310283858290600018154007189
5,32,100,85,2467124747600326884436870928121427270
5,32,100,86,9317679416439177697283400595984155478
5,32,100,87,33381639665813968164504494553769121939
5,32,100,88,113417029307833247713991324844427913168
5,32,100,89,365336139235495510468571439474171837320
5,32,100,90,1115359315426049377412356637324816115242
5,32,100,91,3226300239296294854996283702016026361504
5,32,100,92,8839411100810833492577066706920818921632
5,32,100,93,22931710544246667514828827883694593625226
5,32,100,94,56314427431851785850450316914102439983867
5,32,100,95,130876642990116969266597596414847037866674
5,32,100,96,287786526398763728991316356970504386943379
5,32,100,97,598648838280248545967254747545481702029216
5,32,100,98,1177928310613629966500737033324713607319391
5,32,100,99,2192245039066286977745386077188284859731196
5,32,100,100,3859138858100286947038512664971202911757119
5,32,100,101,6426300939467275884990201592577702448744636
5,32,100,102,10124441718976472192622662975871494631349160
5,32,100,103,15094636194486604712478158538165312949280559
5,32,100,104,21303442567075607813553250418953029645210504
5,32,100,105,28471967083482060332388326212015374851751337
5,32,100,106,36051227980645433460393790696755275586753376
5,32,100,107,43269234273668902963761907045125952533057214
5,32,100,108,49253973021137529347281827906633178311841786
5,32,100,109,53207677874567853851376990432525372903854445
5,32,100,110,54583931417279621792961770082853005455851006
5,32,100,111,53212566188943673081824048822162006994307241
5,32,100,112,49332736041519763061487791952431143936107442
5,32,100,113,43525944908920838584554500889119653679999910
5,32,100,114,36574442138976028730547117446429313519763397
5,32,100,115,29291987418907234798794523889665309032626381
5,32,100,116,22376084161615614686325503992332007779156264
5,32,100,117,16315495503173727109415013059607256551084171
5,32,100,118,11363332790583318848734311688477300134394309
5,32,100,119,7564806431836423819597672994140824838692180
5,32,100,120,4816823038602084770658856118236017320254989
5,32,100,121,2935373093807509397464014454809221023809808
5,32,100,122,1713001646673407825316505245646578167786560
5,32,100,123,957806799304194937662959521164102763964026
5,32,100,124,513378908381653395151688503243385506675510
5,32,100,125,263895453642956548621182298068080704776206
5,32,100,126,130146374769356223702831406709235478458639
5,32,100,127,61601186407202515235770960586475883199589
5,32,100,128,27991812908305180156064891118963563255710
5,32,100,129,12214149981857249376452270966438255309203
5,32,100,130,5118798653397055801724060628643037644046
5,32,100,131,2060651790832630803534426974161934898006
5,32,100,132,796909574254407991112619728506508694068
5,32,100,133,296070096584965763765418865058456622348
5,32,100,134,105670009586969066556136956424804628643
5,32,100,135,36228409076582679312183531230157011950
5,32,100,136,11929836121886113195532491675478358443
5,32,100,137,3772546823541441272827354986341696645
5,32,100,138,1145403021950639427854911435694493574
5,32,100,139,333808486853098098143432687947574237
5,32,100,140,93353234443474144483029116222561631
5,32,100,141,25044985012687828307137049319705059
5,32,100,142,6443633497995607672665241278502136
5,32,100,143,1589337959939103685707269416149174
5,32,100,144,375696219204834121030865685848007
5,32,100,145,85086704772246303723430797535079
5,32,100,146,18457649962549736315828859543733
5,32,100,147,3834333900649446528969057312717
5,32,100,148,762678519063346875689313800486
5,32,100,149,145246639503700659656241216007
5,32,100,150,26484840011203419933417129009
5,32,100,151,4624525864991290045888664967
5,32,100,152,773393684325538595186509715
5,32,100,153,123909636056142306551449753
5,32,100,154,19023698268058777423074419
5,32,100,155,2799441247851921445583942
5,32,100,156,394910814855530620220728
5,32,100,157,53404879704466872788421
5,32,100,158,6921985191427647037795
5,32,100,159,859488878729590854404
5,32,100,160,102150331398558684210
5,32,100,161,11604948360567131971
5,32,100,162,1257697424441895397
5,32,100,163,129653186825913084
5,32,100,164,12662432884734239
5,32,100,165,1165230872895365
5,32,100,166,100311024837329
5,32,100,167,8003598642344
5,32,100,168,584822475004
5,32,100,169,38535109581
5,32,100,170,2242607634
5,32,100,171,112035118
5,32,100,172,4582096
5,32,100,173,143060
5,32,100,174,2880
5,32,100,175,13
5,32,100,176,0
5,32,100,177,0
5,32,100,178,0
5,32,100,179,0
5,32,100,180,0
5,32,100,181,0
5,32,100,182,0
5,32,100,183,0
5,32,100,184,0
5,32,100,185,0
5,32,100,186,0
5,32,100,187,0
5,32,100,188,0
5,32,100,189,0
5,32,100,190,0
5,32,100,191,0
5,32,100,192,0
5,32,100,193,0
5,32,100,194,0
5,32,100,195,0
5,32,100,196,0
5,32,100,197,0
5,32,100,198,0
5,32,100,199,0
5,32,100,200,0
5,32,100,201,0
5,32,100,202,0
5,32,100,203,0
5,32,100,204,0
5,32,100,205,0
5,32,100,206,0
5,32,100,207,0
5,32,100,208,0
5,32,100,209,0
5,32,100,210,0
5,32,100,211,0
5,32,100,212,0
5,32,100,213,0
5,32,100,214,0
5,32,100,215,0
5,32,100,216,0
5,32,100,217,0
5,32,100,218,0
5,32,100,219,0
5,32,100,220,0
5,32,100,221,0
5,32,100,222,0
5,32,100,223,0
5,32,100,224,0
5,32,100,225,0
5,32,100,226,0
5,32,100,227,0
5,32,100,228,0
5,32,100,229,0
5,32,100,230,0
5,32,100,231,0
5,32,100,232,0
5,32,100,233,0
5,32,100,234,0
5,32,100,235,0
5,32,100,236,0
5,32,100,237,0
5,32,100,238,0
5,32,100,239,0
5,32,100,240,0
5,32,100,241,0
5,32,100,242,0
5,32,100,243,0
5,32,100,244,0
5,32,100,245,0
5,32,100,246,0
5,32,100,247,0
5,32,100,248,0
5,32,100,249,0
5,32,100,250,0
5,32,100,251,0
5,32,100,252,0
5,32,100,253,0
5,32,100,254,0
5,32,100,255,0
5,32,100,256,0
5,32,100,257,0
5,32,100,258,0
5,32,100,259,0
5,32,100,260,0
5,32,100,261,0
5,32,100,262,0
5,32,100,263,0
5,32,100,264,0
5,32,100,265,0
5,32,100,266,0
5,32,100,267,0
5,32,100,268,0
5,32,100,269,0
5,32,100,270,0
5,32,100,271,0
5,32,100,272,0
5,32,100,273,0
5,32,100,274,0
5,32,100,275,0
5,32,100,276,0
5,32,100,277,0
5,32,100,278,0
5,32,100,279,0
5,32,100,280,0
5,32,100,281,0
5,32,100,282,0
5,32,100,283,0
5,32,101,0,0
5,32,101,1,0
5,32,101,2,0
5,32,101,3,0
5,32,101,4,0
5,32,101,5,0
5,32,101,6,0
5,32,101,7,0
5,32,101,8,0
5,32,101,9,0
5,32,101,10,0
5,32,101,11,0
5,32,101,12,0
5,32,101,13,0
5,32,101,14,0
5,32,101,15,0
5,32,101,16,0
5,32,101,17,0
5,32,101,18,0
5,32,101,19,0
5,32,101,20,0
5,32,101,21,0
5,32,101,22,0
5,32,101,23,0
5,32,101,24,0
5,32,101,25,0
5,32,101,26,0
5,32,101,27,0
5,32,101,28,0
5,32,101,29,0
5,32,101,30,0
5,32,101,31,0
5,32,101,32,0
5,32,101,33,0
5,32,101,34,0
5,32,101,35,0
5,32,101,36,0
5,32,101,37,0
5,32,101,38,0
5,32,101,39,0
5,32,101,40,0
5,32,101,41,0
5,32,101,42,0
5,32,101,43,0
5,32,101,44,0
5,32,101,45,0
5,32,101,46,0
5,32,101,47,0
5,32,101,48,0
5,32,101,49,0
5,32,101,50,0
5,32,101,51,0
5,32,101,52,0
5,32,101,53,0
5,32,101,54,0
5,32,101,55,0
5,32,101,56,0
5,32,101,57,0
5,32,101,58,0
5,32,101,59,0
5,32,101,60,0
5,32,101,61,1637618400
5,32,101,62,174599253930
5,32,101,63,8975282111690
5,32,101,64,318811818125296
5,32,101,65,8748252700097784
5,32,101,66,194800280500429678
5,32,101,67,3644427692589300520
5,32,101,68,58809807120259961508
5,32,101,69,834978846627734239886
5,32,101,70,10592174762269234190726
5,32,101,71,121516885844377256384574
5,32,101,72,1272936110966795199276686
5,32,101,73,12269740332479686132255750
5,32,101,74,109498404037800838701405662
5,32,101,75,909261313418677376540246462
5,32,101,76,7053845357316783169249380086
5,32,101,77,51289612733749394573267397040
5,32,101,78,350455657435521231808095917360
5,32,101,79,2254984173815223974057170731934
5,32,101,80,13686076747879666695598683543786
5,32,101,81,78451462274379848353237071450926
5,32,101,82,425148276319017640397884474808066
5,32,101,83,2179809015742740609558028266232356
5,32,101,84,10579497511317113394968401927705762
5,32,101,85,48622123828731386161659696405143626
5,32,101,86,211648661382011156951159669172539672
5,32,101,87,872666081286452417349838423750426644
5,32,101,88,3408217790400086892360054279680084584
5,32,101,89,12607089575651894847948201068814318204
5,32,101,90,44161673863998809091239615200272849372
5,32,101,91,146465178000780379453007128036659769894
5,32,101,92,459814375963527166372639004593399119824
5,32,101,93,1366101365266802767646979739356783915330
5,32,101,94,3839949156586098126623889917407550006988
5,32,101,95,10209444731613578154641257425710604394724
5,32,101,96,25669148145362110425233262103375351077074
5,32,101,97,61018724618232701627737878322060927092676
5,32,101,98,137114054071309396992355801997649618725808
5,32,101,99,291213718967192203157367480200766568424926
5,32,101,100,584546361106300098783092421967774343899602
5,32,101,101,1108906753923789092519748825751071153155822
5,32,101,102,1988197716861356536167639346337542657854206
5,32,101,103,3369472284738559760330500449747090300945406
5,32,101,104,5398614285982323341507778577901456585684966
5,32,101,105,8179612355331937246191714073782457541397566
5,32,101,106,11723480667713235970875100579620072005514916
5,32,101,107,15901129654457732518825899384754696867429202
5,32,101,108,20419747376687221705130827748939554550547994
5,32,101,109,24840162152579107850523445501845416741114434
5,32,101,110,28641489859196105660457680018965233162794890
5,32,101,111,31322118659622527193738585162499413977414070
5,32,101,112,32509982329389960532261836125604919706816656
5,32,101,113,32048162151885131681428100530901295671264758
5,32,101,114,30028412336940042446070143511068495232483970
5,32,101,115,26762961142641532271631622690776520672313666
5,32,101,116,22706083477351768935150216180789314334507290
5,32,101,117,18352312472148480716243072882828752880241820
5,32,101,118,14142013607323178673100059865461473110255354
5,32,101,119,10397502959866643511797011092916811595518166
5,32,101,120,7298958149616902405766357574286540326014548
5,32,101,121,4895668898395673102217955369899099516363096
5,32,101,122,3139599452054696081990547419439626437227912
5,32,101,123,1926298426544555774130110633842256814439440
5,32,101,124,1131406704850164650729184090074638003109320
5,32,101,125,636501900924265051131000651195144576348950
5,32,101,126,343151836641767132696869194734308468566056
5,32,101,127,177368889208701680949499235896721105065020
5,32,101,128,87932618313753366722027158327055391731062
5,32,101,129,41827162381890945805634065673198671492666
5,32,101,130,19095629458127615386878614300322093982944
5,32,101,131,8369213387354812369805737457916305756432
5,32,101,132,3522042655997150275415532464529079869476
5,32,101,133,1423391275143502876918656051848223151364
5,32,101,134,552472035284477219599733360802231405592
5,32,101,135,205951771372376914117574622661728123624
5,32,101,136,73735993338700225086722207734175959884
5,32,101,137,25352393634609015633159624763465010656
5,32,101,138,8370055659214297418415579897991505472
5,32,101,139,2652962242373651626975765152833862560
5,32,101,140,807106507403527699242173078045752794
5,32,101,141,235620777166886786372351452374595150
5,32,101,142,65985697739780224036079825778340832
5,32,101,143,17721392643472673072118960758187212
5,32,101,144,4562550639656125397266162531910680
5,32,101,145,1125708322276038459033917964389938
5,32,101,146,266073206330512530259458301627144
5,32,101,147,60226985662127485284327196978880
5,32,101,148,13051778096712017824937207879484
5,32,101,149,2707288704060575741662156301606
5,32,101,150,537421311957827740686691976492
5,32,101,151,102088594664518778727808009748
5,32,101,152,18557928204327802248718814344
5,32,101,153,3228649355821902269213965356
5,32,101,154,537696110307256148460934558
5,32,101,155,85740985878069597009271618
5,32,101,156,13094691996449690311235656
5,32,101,157,1915861012389325603559644
5,32,101,158,268573341315426703623678
5,32,101,159,36073985822561106187754
5,32,101,160,4641553292491215142222
5,32,101,161,571800821203637565272
5,32,101,162,67381018049592399810
5,32,101,163,7584172430620531576
5,32,101,164,813607426186862750
5,32,101,165,82930134260495284
5,32,101,166,7997236641661794
5,32,101,167,725429997758658
5,32,101,168,61432214332144
5,32,101,169,4809542199248
5,32,101,170,343767049992
5,32,101,171,22072483356
5,32,101,172,1244668198
5,32,101,173,59843564
5,32,101,174,2330222
5,32,101,175,66440
5,32,101,176,1260
5,32,101,177,0
5,32,101,178,0
5,32,101,179,0
5,32,101,180,0
5,32,101,181,0
5,32,101,182,0
5,32,101,183,0
5,32,101,184,0
5,32,101,185,0
5,32,101,186,0
5,32,101,187,0
5,32,101,188,0
5,32,101,189,0
5,32,101,190,0
5,32,101,191,0
5,32,101,192,0
5,32,101,193,0
5,32,101,194,0
5,32,101,195,0
5,32,101,196,0
5,32,101,197,0
5,32,101,198,0
5,32,101,199,0
5,32,101,200,0
5,32,101,201,0
5,32,101,202,0
5,32,101,203,0
5,32,101,204,0
5,32,101,205,0
5,32,101,206,0
5,32,101,207,0
5,32,101,208,0
5,32,101,209,0
5,32,101,210,0
5,32,101,211,0
5,32,101,212,0
5,32,101,213,0
5,32,101,214,0
5,32,101,215,0
5,32,101,216,0
5,32,101,217,0
5,32,101,218,0
5,32,101,219,0
5,32,101,220,0
5,32,101,221,0
5,32,101,222,0
5,32,101,223,0
5,32,101,224,0
5,32,101,225,0
5,32,101,226,0
5,32,101,227,0
5,32,101,228,0
5,32,101,229,0
5,32,101,230,0
5,32,101,231,0
5,32,101,232,0
5,32,101,233,0
5,32,101,234,0
5,32,101,235,0
5,32,101,236,0
5,32,101,237,0
5,32,101,238,0
5,32,101,239,0
5,32,101,240,0
5,32,101,241,0
5,32,101,242,0
5,32,101,243,0
5,32,101,244,0
5,32,101,245,0
5,32,101,246,0
5,32,101,247,0
5,32,101,248,0
5,32,101,249,0
5,32,101,250,0
5,32,101,251,0
5,32,101,252,0
5,32,101,253,0
5,32,101,254,0
5,32,101,255,0
5,32,101,256,0
5,32,101,257,0
5,32,101,258,0
5,32,101,259,0
5,32,101,260,0
5,32,101,261,0
5,32,101,262,0
5,32,101,263,0
5,32,101,264,0
5,32,101,265,0
5,32,101,266,0
5,32,101,267,0
5,32,101,268,0
5,32,101,269,0
5,32,101,270,0
5,32,101,271,0
5,32,101,272,0
5,32,101,273,0
5,32,101,274,0
5,32,101,275,0
5,32,101,276,0
5,32,101,277,0
5,32,101,278,0
5,32,101,279,0
5,32,101,280,0
5,32,101,281,0
5,32,101,282,0
5,32,101,283,0
5,32,102,0,0
5,32,102,1,0
5,32,102,2,0
5,32,102,3,0
5,32,102,4,0
5,32,102,5,0
5,32,102,6,0
5,32,102,7,0
5,32,102,8,0
5,32,102,9,0
5,32,102,10,0
5,32,102,11,0
5,32,102,12,0
5,32,102,13,0
5,32,102,14,0
5,32,102,15,0
5,32,102,16,0
5,32,102,17,0
5,32,102,18,0
5,32,102,19,0
5,32,102,20,0
5,32,102,21,0
5,32,102,22,0
5,32,102,23,0
5,32,102,24,0
5,32,102,25,0
5,32,102,26,0
5,32,102,27,0
5,32,102,28,0
5,32,102,29,0
5,32,102,30,0
5,32,102,31,0
5,32,102,32,0
5,32,102,33,0
5,32,102,34,0
5,32,102,35,0
5,32,102,36,0
5,32,102,37,0
5,32,102,38,0
5,32,102,39,0
5,32,102,40,0
5,32,102,41,0
5,32,102,42,0
5,32,102,43,0
5,32,102,44,0
5,32,102,45,0
5,32,102,46,0
5,32,102,47,0
5,32,102,48,0
5,32,102,49,0
5,32,102,50,0
5,32,102,51,0
5,32,102,52,0
5,32,102,53,0
5,32,102,54,0
5,32,102,55,0
5,32,102,56,0
5,32,102,57,0
5,32,102,58,0
5,32,102,59,0
5,32,102,60,0
5,32,102,61,0
5,32,102,62,0
5,32,102,63,0
5,32,102,64,1146332880
5,32,102,65,137272293915
5,32,102,66,7706804461090
5,32,102,67,294220959493404
5,32,102,68,8611901738050995
5,32,102,69,203335014534010831
5,32,102,70,4008545623381189529
5,32,102,71,67742709468944627578
5,32,102,72,1001375664189294192371
5,32,102,73,13153370283672548841866
5,32,102,74,155461409339978276558195
5,32,102,75,1669977770987455825418514
5,32,102,76,16436510098884995548128134
5,32,102,77,149195263824150484045445038
5,32,102,78,1255579451354628963536669077
5,32,102,79,9838741166744073899159080231
5,32,102,80,72036003503326338281031244898
5,32,102,81,494188852722815953168281047082
5,32,102,82,3183822807237879981353328889068
5,32,102,83,19297392123888852495962787277247
5,32,102,84,110194149807861229252313654711325
5,32,102,85,593482245761686527245960389709106
5,32,102,86,3017246608801774569531935473121851
5,32,102,87,14488952951518240630594419158512566
5,32,102,88,65747055103699769040268917053865969
5,32,102,89,282002641728438550856982044823358215
5,32,102,90,1143505612164675031828030852820721198
5,32,102,91,4383880880906712357845132273276016602
5,32,102,92,15889376182279704570087965422351174479
5,32,102,93,54443754839210029289585101819980451610
5,32,102,94,176330747389887089343329672179045888166
5,32,102,95,539733032968675671957362322575567171612
5,32,102,96,1561081647386719514622794795646996666953
5,32,102,97,4265702619010225953696597139014229774251
5,32,102,98,11010312752664844737534438116680707416897
5,32,102,99,26840251308667219645046858350854283747579
5,32,102,100,61787055278074600704350885011548690922750
5,32,102,101,134305918782066404633937381629396028325654
5,32,102,102,275652929349821356697462292590783274187299
5,32,102,103,534203304874243962798145376192088929383359
5,32,102,104,977597553520626848186440474680492205326171
5,32,102,105,1689603697126344495765238447454194690229718
5,32,102,106,2758496955395162423439903564184366462927543
5,32,102,107,4255451823484757867777928918391278764124875
5,32,102,108,6205231174194279090876382607484039442801715
5,32,102,109,8556445554970777011199393612195471963985165
5,32,102,110,11162593637316706937066808285916827266321533
5,32,102,111,13785214871475830335834243594957061511522242
5,32,102,112,16125153764062808496285350783032580414688201
5,32,102,113,17878174639483214789750268581494053860019845
5,32,102,114,18800836660102426978455947339918916926044091
5,32,102,115,18766646129943605003757555055885749118407517
5,32,102,116,17794420639205425832645734714485994309380428
5,32,102,117,16040157692212547789824954755860696499338290
5,32,102,118,13756402951897754145947582732565131789010810
5,32,102,119,11233546925399728563072019594043405254284660
5,32,102,120,8741500105582348015100486189295759659356859
5,32,102,121,6487049248496558509279122271317708425408133
5,32,102,122,4594376919096150533787147423446669753944223
5,32,102,123,3107696315089658649849372485662237802660733
5,32,102,124,2009015720594518478738427482472590245688926
5,32,102,125,1242067255718700107111564743843981812312354
5,32,102,126,734835732269393939226553038786093960204071
5,32,102,127,416261085290648446141886744265404461884717
5,32,102,128,225890602216469935104404261588037805745301
5,32,102,129,117487614007010702268622651044148562384568
5,32,102,130,58590855522556942087335581123122977958320
5,32,102,131,28026606229470262248959702625708013674644
5,32,102,132,12863213179655750340361116463598075061709
5,32,102,133,5666018076837124832016514655041340162317
5,32,102,134,2395757377928060234132376457139880528580
5,32,102,135,972537614636886373605017697567355391114
5,32,102,136,379058632091241512200589745443250170894
5,32,102,137,141858710737352513014478671819028819462
5,32,102,138,50973475197981735559836502669468642186
5,32,102,139,17584753323852921654202649803408571062
5,32,102,140,5823367311931674733109099969783959531
5,32,102,141,1850878345206502140174092393020247837
5,32,102,142,564477294103289793022131417849130868
5,32,102,143,165142992806625622737039794614326636
5,32,102,144,46332153804052243344702256228369825
5,32,102,145,12461308115239183320221319186988956
5,32,102,146,3211768360888880901345654037916248
5,32,102,147,792976346070791770072996902183687
5,32,102,148,187477412956459813316427042167889
5,32,102,149,42428316724598560053899399634068
5,32,102,150,9188447273057185655743281149842
5,32,102,151,1903677760778571658833739039406
5,32,102,152,377248491688789406916568524838
5,32,102,153,71499238093189396476634759336
5,32,102,154,12960330344092007826581421541
5,32,102,155,2247071840331290955156390564
5,32,102,156,372725730720798231497653844
5,32,102,157,59162610082409991550791272
5,32,102,158,8989090848137697905564267
5,32,102,159,1307696950403134129286389
5,32,102,160,182176966528173222070250
5,32,102,161,24303909268200916216139
5,32,102,162,3104219142870666889468
5,32,102,163,379382578811271698674
5,32,102,164,44321799160220360734
5,32,102,165,4941839682990809250
5,32,102,166,524661169264790027
5,32,102,167,52862777194345589
5,32,102,168,5031822406141266
5,32,102,169,449741910902868
5,32,102,170,37446673002828
5,32,102,171,2875024179590
5,32,102,172,200864494301
5,32,102,173,12554457500
5,32,102,174,685528080
5,32,102,175,31599697
5,32,102,176,1170280
5,32,102,177,30574
5,32,102,178,480
5,32,102,179,0
5,32,102,180,0
5,32,102,181,0
5,32,102,182,0
5,32,102,183,0
5,32,102,184,0
5,32,102,185,0
5,32,102,186,0
5,32,102,187,0
5,32,102,188,0
5,32,102,189,0
5,32,102,190,0
5,32,102,191,0
5,32,102,192,0
5,32,102,193,0
5,32,102,194,0
5,32,102,195,0
5,32,102,196,0
5,32,102,197,0
5,32,102,198,0
5,32,102,199,0
5,32,102,200,0
5,32,102,201,0
5,32,102,202,0
5,32,102,203,0
5,32,102,204,0
5,32,102,205,0
5,32,102,206,0
5,32,102,207,0
5,32,102,208,0
5,32,102,209,0
5,32,102,210,0
5,32,102,211,0
5,32,102,212,0
5,32,102,213,0
5,32,102,214,0
5,32,102,215,0
5,32,102,216,0
5,32,102,217,0
5,32,102,218,0
5,32,102,219,0
5,32,102,220,0
5,32,102,221,0
5,32,102,222,0
5,32,102,223,0
5,32,102,224,0
5,32,102,225,0
5,32,102,226,0
5,32,102,227,0
5,32,102,228,0
5,32,102,229,0
5,32,102,230,0
5,32,102,231,0
5,32,102,232,0
5,32,102,233,0
5,32,102,234,0
5,32,102,235,0
5,32,102,236,0
5,32,102,237,0
5,32,102,238,0
5,32,102,239,0
5,32,102,240,0
5,32,102,241,0
5,32,102,242,0
5,32,102,243,0
5,32,102,244,0
5,32,102,245,0
5,32,102,246,0
5,32,102,247,0
5,32,102,248,0
5,32,102,249,0
5,32,102,250,0
5,32,102,251,0
5,32,102,252,0
5,32,102,253,0
5,32,102,254,0
5,32,102,255,0
5,32,102,256,0
5,32,102,257,0
5,32,102,258,0
5,32,102,259,0
5,32,102,260,0
5,32,102,261,0
5,32,102,262,0
5,32,102,263,0
5,32,102,264,0
5,32,102,265,0
5,32,102,266,0
5,32,102,267,0
5,32,102,268,0
5,32,102,269,0
5,32,102,270,0
5,32,102,271,0
5,32,102,272,0
5,32,102,273,0
5,32,102,274,0
5,32,102,275,0
5,32,102,276,0
5,32,102,277,0
5,32,102,278,0
5,32,102,279,0
5,32,102,280,0
5,32,102,281,0
5,32,102,282,0
5,32,102,283,0
5,32,103,0,0
5,32,103,1,0
5,32,103,2,0
5,32,103,3,0
5,32,103,4,0
5,32,103,5,0
5,32,103,6,0
5,32,103,7,0
5,32,103,8,0
5,32,103,9,0
5,32,103,10,0
5,32,103,11,0
5,32,103,12,0
5,32,103,13,0
5,32,103,14,0
5,32,103,15,0
5,32,103,16,0
5,32,103,17,0
5,32,103,18,0
5,32,103,19,0
5,32,103,20,0
5,32,103,21,0
5,32,103,22,0
5,32,103,23,0
5,32,103,24,0
5,32,103,25,0
5,32,103,26,0
5,32,103,27,0
5,32,103,28,0
5,32,103,29,0
5,32,103,30,0
5,32,103,31,0
5,32,103,32,0
5,32,103,33,0
5,32,103,34,0
5,32,103,35,0
5,32,103,36,0
5,32,103,37,0
5,32,103,38,0
5,32,103,39,0
5,32,103,40,0
5,32,103,41,0
5,32,103,42,0
5,32,103,43,0
5,32,103,44,0
5,32,103,45,0
5,32,103,46,0
5,32,103,47,0
5,32,103,48,0
5,32,103,49,0
5,32,103,50,0
5,32,103,51,0
5,32,103,52,0
5,32,103,53,0
5,32,103,54,0
5,32,103,55,0
5,32,103,56,0
5,32,103,57,0
5,32,103,58,0
5,32,103,59,0
5,32,103,60,0
5,32,103,61,0
5,32,103,62,0
5,32,103,63,0
5,32,103,64,0
5,32,103,65,0
5,32,103,66,0
5,32,103,67,709634640
5,32,103,68,95726277150
5,32,103,69,5893074347540
5,32,103,70,242706468813776
5,32,103,71,7602290802967142
5,32,103,72,190924091154203760
5,32,103,73,3978635732292417944
5,32,103,74,70633466383935637422
5,32,103,75,1090319867425676270348
5,32,103,76,14871613581720101974768
5,32,103,77,181564330346867275785146
5,32,103,78,2004939001619378060487756
5,32,103,79,20195036657244433190793648
5,32,103,80,186831326292683301646686914
5,32,103,81,1596432018714345058448166306
5,32,103,82,12656965288445679902005045970
5,32,103,83,93454551838544210849527153362
5,32,103,84,644573357276235957200210405814
5,32,103,85,4162970992215594619798103369154
5,32,103,86,25225710079577224882534277358484
5,32,103,87,143637924020877531490767978085808
5,32,103,88,769508125102228414215339382654536
5,32,103,89,3882294393164249671895887658409240
5,32,103,90,18458995813405659682636795827176616
5,32,103,91,82756611126688860251031693327570308
5,32,103,92,349973372270590252747475254566156198
5,32,103,93,1396407075160000951578723976648532234
5,32,103,94,5257702180860000216799209921802235028
5,32,103,95,18681573788654143095198464025395049236
5,32,103,96,62641743079125455473341239828020268124
5,32,103,97,198210473794245502745563056393221785054
5,32,103,98,591790664867307220351892682157686446702
5,32,103,99,1667046669907028535258338964411223059268
5,32,103,100,4430203798694068262059347695415910477368
5,32,103,101,11106013864444865564637453511918066139754
5,32,103,102,26261685161821031591997980347451326810760
5,32,103,103,58573580594183819654506023332778750065848
5,32,103,104,123224891513667338993879622153283036847508
5,32,103,105,244532564003132089339105233412743973520186
5,32,103,106,457788804097732656471685696634183823652908
5,32,103,107,808647953126732489430646826823991069357354
5,32,103,108,1348106447164491166344088483102922006594884
5,32,103,109,2121747688154459667179786372991834069510658
5,32,103,110,3153791586354205215364983134619660712719626
5,32,103,111,4429317138987101165668275892389037713960124
5,32,103,112,5880697537602325407015878596058570391912792
5,32,103,113,7385163289486071188695821275142208829309854
5,32,103,114,8778216805552590136868134212577889211906650
5,32,103,115,9882462875808317590071978875922663815713530
5,32,103,116,10545162577183108824236304514767439121714008
5,32,103,117,10673388581741977499131657772008059503817310
5,32,103,118,10255470910530021722074895153769081469121170
5,32,103,119,9361904148669439681735524015704298240856868
5,32,103,120,8126117995976625410623904345976965288896126
5,32,103,121,6712245158121175698150410911901699609972968
5,32,103,122,5280444928424029952198861991232632164711516
5,32,103,123,3959470677457230123891613114473272762749160
5,32,103,124,2832071191379275687312600922135907658363222
5,32,103,125,1933731064326543573815286397922950347779862
5,32,103,126,1261312922726354400525376496248153390857844
5,32,103,127,786462310097477656212990002859499474181722
5,32,103,128,469068587306963728198184158342756337730436
5,32,103,129,267764693778317552029555779175136333674428
5,32,103,130,146373602310173426877676690741179449699302
5,32,103,131,76661335447856156001665260821504030384782
5,32,103,132,38484221129110474094430173634368332377736
5,32,103,133,18524495757034662622501102244428786425802
5,32,103,134,8552788165276498350462520062428243043774
5,32,103,135,3788628959695747354176779178304737324406
5,32,103,136,1610496323099814548486692289661424919840
5,32,103,137,657060914014609031099257220943106930262
5,32,103,138,257311550157865066267592886562547351904
5,32,103,139,96724132652915550679271023617397132916
5,32,103,140,34899670946171374625371483540895209368
5,32,103,141,12086011080218108776857461567631020364
5,32,103,142,4016612172060764144872165340690303462
5,32,103,143,1280763403496249915408804834583655508
5,32,103,144,391746289403859395686189740443368196
5,32,103,145,114905947384302463039466080460501060
5,32,103,146,32310118601290074163899512740154044
5,32,103,147,8706327924702807270811421237700330
5,32,103,148,2247310331498806366459835851931410
5,32,103,149,555453672252336625884033803600930
5,32,103,150,131405854447782801475703651355966
5,32,103,151,29743784631363184779160982798040
5,32,103,152,6439324969581035954647595125852
5,32,103,153,1332966492358790436117283768730
5,32,103,154,263777731519986304239728235478
5,32,103,155,49893411869846157302883982806
5,32,103,156,9020426622755586370452073628
5,32,103,157,1558943218962519872693159230
5,32,103,158,257594775284088175431617572
5,32,103,159,40706508848371802608810970
5,32,103,160,6153763875729510781448040
5,32,103,161,890197303285941169754076
5,32,103,162,123247008348352949090968
5,32,103,163,16330958424672233746676
5,32,103,164,2070525248123094204690
5,32,103,165,251025571612747543302
5,32,103,166,29070689964191792374
5,32,103,167,3210377912680101960
5,32,103,168,337236651818643398
5,32,103,169,33578203233602014
5,32,103,170,3153761751311208
5,32,103,171,277629702953516
5,32,103,172,22716794721540
5,32,103,173,1709328831834
5,32,103,174,116647443384
5,32,103,175,7089850952
5,32,103,176,374341398
5,32,103,177,16515510
5,32,103,178,578480
5,32,103,179,13804
5,32,103,180,168
5,32,103,181,0
5,32,103,182,0
5,32,103,183,0
5,32,103,184,0
5,32,103,185,0
5,32,103,186,0
5,32,103,187,0
5,32,103,188,0
5,32,103,189,0
5,32,103,190,0
5,32,103,191,0
5,32,103,192,0
5,32,103,193,0
5,32,103,194,0
5,32,103,195,0
5,32,103,196,0
5,32,103,197,0
5,32,103,198,0
5,32,103,199,0
5,32,103,200,0
5,32,103,201,0
5,32,103,202,0
5,32,103,203,0
5,32,103,204,0
5,32,103,205,0
5,32,103,206,0
5,32,103,207,0
5,32,103,208,0
5,32,103,209,0
5,32,103,210,0
5,32,103,211,0
5,32,103,212,0
5,32,103,213,0
5,32,103,214,0
5,32,103,215,0
5,32,103,216,0
5,32,103,217,0
5,32,103,218,0
5,32,103,219,0
5,32,103,220,0
5,32,103,221,0
5,32,103,222,0
5,32,103,223,0
5,32,103,224,0
5,32,103,225,0
5,32,103,226,0
5,32,103,227,0
5,32,103,228,0
5,32,103,229,0
5,32,103,230,0
5,32,103,231,0
5,32,103,232,0
5,32,103,233,0
5,32,103,234,0
5,32,103,235,0
5,32,103,236,0
5,32,103,237,0
5,32,103,238,0
5,32,103,239,0
5,32,103,240,0
5,32,103,241,0
5,32,103,242,0
5,32,103,243,0
5,32,103,244,0
5,32,103,245,0
5,32,103,246,0
5,32,103,247,0
5,32,103,248,0
5,32,103,249,0
5,32,103,250,0
5,32,103,251,0
5,32,103,252,0
5,32,103,253,0
5,32,103,254,0
5,32,103,255,0
5,32,103,256,0
5,32,103,257,0
5,32,103,258,0
5,32,103,259,0
5,32,103,260,0
5,32,103,261,0
5,32,103,262,0
5,32,103,263,0
5,32,103,264,0
5,32,103,265,0
5,32,103,266,0
5,32,103,267,0
5,32,103,268,0
5,32,103,269,0
5,32,103,270,0
5,32,103,271,0
5,32,103,272,0
5,32,103,273,0
5,32,103,274,0
5,32,103,275,0
5,32,103,276,0
5,32,103,277,0
5,32,103,278,0
5,32,103,279,0
5,32,103,280,0
5,32,103,281,0
5,32,103,282,0
5,32,103,283,0
5,32,104,0,0
5,32,104,1,0
5,32,104,2,0
5,32,104,3,0
5,32,104,4,0
5,32,104,5,0
5,32,104,6,0
5,32,104,7,0
5,32,104,8,0
5,32,104,9,0
5,32,104,10,0
5,32,104,11,0
5,32,104,12,0
5,32,104,13,0
5,32,104,14,0
5,32,104,15,0
5,32,104,16,0
5,32,104,17,0
5,32,104,18,0
5,32,104,19,0
5,32,104,20,0
5,32,104,21,0
5,32,104,22,0
5,32,104,23,0
5,32,104,24,0
5,32,104,25,0
5,32,104,26,0
5,32,104,27,0
5,32,104,28,0
5,32,104,29,0
5,32,104,30,0
5,32,104,31,0
5,32,104,32,0
5,32,104,33,0
5,32,104,34,0
5,32,104,35,0
5,32,104,36,0
5,32,104,37,0
5,32,104,38,0
5,32,104,39,0
5,32,104,40,0
5,32,104,41,0
5,32,104,42,0
5,32,104,43,0
5,32,104,44,0
5,32,104,45,0
5,32,104,46,0
5,32,104,47,0
5,32,104,48,0
5,32,104,49,0
5,32,104,50,0
5,32,104,51,0
5,32,104,52,0
5,32,104,53,0
5,32,104,54,0
5,32,104,55,0
5,32,104,56,0
5,32,104,57,0
5,32,104,58,0
5,32,104,59,0
5,32,104,60,0
5,32,104,61,0
5,32,104,62,0
5,32,104,63,0
5,32,104,64,0
5,32,104,65,0
5,32,104,66,0
5,32,104,67,0
5,32,104,68,0
5,32,104,69,0
5,32,104,70,387073440
5,32,104,71,59036694795
5,32,104,72,4003124323450
5,32,104,73,178612962105194
5,32,104,74,6008804250976230
5,32,104,75,161061966397783387
5,32,104,76,3559824799010643671
5,32,104,77,66609674786173943302
5,32,104,78,1077136247691453803338
5,32,104,79,15302100787347421118034
5,32,104,80,193526018655167622398961
5,32,104,81,2202571751686591213090756
5,32,104,82,22759434324542669038919096
5,32,104,83,215068486603069439642339497
5,32,104,84,1869610544903712243694965766
5,32,104,85,15024266720094693669057375109
5,32,104,86,112054049635208867633595995509
5,32,104,87,778145198344631246721855372099
5,32,104,88,5044706876238167452349451053931
5,32,104,89,30596955881201845591428622809740
5,32,104,90,173912394654919833267349529138929
5,32,104,91,927651389780030662483047537272742
5,32,104,92,4648441349299040461899776269273512
5,32,104,93,21900820823245958363407499318680536
5,32,104,94,97077817245254212561464675923238515
5,32,104,95,405034019299371256947365837063706300
5,32,104,96,1591191702729828160707863766500004020
5,32,104,97,5887273556464449162086329875808804325
5,32,104,98,20517822039632042052175183729915977049
5,32,104,99,67361286477351690321936570128318199853
5,32,104,100,208337857782710110016691711359170128946
5,32,104,101,607027424756341361841100167329651140719
5,32,104,102,1666202334068005679219001078627996197348
5,32,104,103,4308468013661555255298931246780341740886
5,32,104,104,10495303923007012734018057127449709232257
5,32,104,105,24085488168878926533560775829178346045536
5,32,104,106,52075089735046593493731351088485629528733
5,32,104,107,106087268670630465204999373962340978265662
5,32,104,108,203667582656172350301247704455353381662399
5,32,104,109,368551163112701546522761936628955680474453
5,32,104,110,628796408039806121981813851688009016851249
5,32,104,111,1011827879926774667387151295932150368783928
5,32,104,112,1536260877902588048605994183362858729538249
5,32,104,113,2201870930062598583120490761422238945867442
5,32,104,114,2980730323718831719299081479603458434448495
5,32,104,115,3813465826335339790022540325878493758853942
5,32,104,116,4613925908549155344637694882011123363807788
5,32,104,117,5283044876771943966183489862357937409575152
5,32,104,118,5729136625984585290478099579361321170508761
5,32,104,119,5888829051951572862149561603443005923726925
5,32,104,120,5741944639097850620783142292283129423661762
5,32,104,121,5315481607338035778366040789179743097785690
5,32,104,122,4675705443092770995489054752069068794063792
5,32,104,123,3911472159625986301317064903121036085772304
5,32,104,124,3114485783747665406467202902487381410980221
5,32,104,125,2362345053671346898185977078642195590630238
5,32,104,126,1708281348698457898739451426990698577435849
5,32,104,127,1178610617582036209261583238931107298616589
5,32,104,128,776420676434655318830812880912866707614839
5,32,104,129,488701295895949832351480714788915697313254
5,32,104,130,294099640041890828141606260435478711824118
5,32,104,131,169322451316221271471896274844727592716214
5,32,104,132,93313883973463346025468763671450098634220
5,32,104,133,49250349966946079422117366403915824488204
5,32,104,134,24905744721779718285118703505285706336276
5,32,104,135,12072247756449591407140439582571191404060
5,32,104,136,5610753870913349785418288869707500491087
5,32,104,137,2501031869951751119172074142491950533569
5,32,104,138,1069489872412604763747521816947331769521
5,32,104,139,438795244731119535083314159776813108184
5,32,104,140,172749579052022393135129996008982131373
5,32,104,141,65261601480803008282093291734433261923
5,32,104,142,23657768437124731555849593423918415170
5,32,104,143,8228658349558109750901163157489239047
5,32,104,144,2745757178872720006165909935354641758
5,32,104,145,878794417502132142501699140273866465
5,32,104,146,269709052161261827368322367272713490
5,32,104,147,79351710101944210500301073553091432
5,32,104,148,22372771176498982813383274234116342
5,32,104,149,6042545327150303337299742863815745
5,32,104,150,1562709553869453896875332470519152
5,32,104,151,386820076760429364204621734545369
5,32,104,152,91606239716281833509600718292543
5,32,104,153,20746529441844748110611312236904
5,32,104,154,4491629166487330285441337631650
5,32,104,155,929304578136074249470740909138
5,32,104,156,183695854729313831075940234996
5,32,104,157,34686584509248640802051265421
5,32,104,158,6256442075845569950140883115
5,32,104,159,1078030978655729182942356399
5,32,104,160,177482248711911748143423811
5,32,104,161,27926517742072592553983102
5,32,104,162,4200991596541386108100213
5,32,104,163,604344145614207659319609
5,32,104,164,83156234373657220509548
5,32,104,165,10944176833979316674973
5,32,104,166,1377299304678067462836
5,32,104,167,165631989473373512464
5,32,104,168,19011896446374035322
5,32,104,169,2079123898885841217
5,32,104,170,216046548631670163
5,32,104,171,21251736041593387
5,32,104,172,1968817519989762
5,32,104,173,170629299495545
5,32,104,174,13713167733714
5,32,104,175,1010634441185
5,32,104,176,67313715842
5,32,104,177,3974178362
5,32,104,178,202587985
5,32,104,179,8545901
5,32,104,180,279828
5,32,104,181,6204
5,32,104,182,48
5,32,104,183,0
5,32,104,184,0
5,32,104,185,0
5,32,104,186,0
5,32,104,187,0
5,32,104,188,0
5,32,104,189,0
5,32,104,190,0
5,32,104,191,0
5,32,104,192,0
5,32,104,193,0
5,32,104,194,0
5,32,104,195,0
5,32,104,196,0
5,32,104,197,0
5,32,104,198,0
5,32,104,199,0
5,32,104,200,0
5,32,104,201,0
5,32,104,202,0
5,32,104,203,0
5,32,104,204,0
5,32,104,205,0
5,32,104,206,0
5,32,104,207,0
5,32,104,208,0
5,32,104,209,0
5,32,104,210,0
5,32,104,211,0
5,32,104,212,0
5,32,104,213,0
5,32,104,214,0
5,32,104,215,0
5,32,104,216,0
5,32,104,217,0
5,32,104,218,0
5,32,104,219,0
5,32,104,220,0
5,32,104,221,0
5,32,104,222,0
5,32,104,223,0
5,32,104,224,0
5,32,104,225,0
5,32,104,226,0
5,32,104,227,0
5,32,104,228,0
5,32,104,229,0
5,32,104,230,0
5,32,104,231,0
5,32,104,232,0
5,32,104,233,0
5,32,104,234,0
5,32,104,235,0
5,32,104,236,0
5,32,104,237,0
5,32,104,238,0
5,32,104,239,0
5,32,104,240,0
5,32,104,241,0
5,32,104,242,0
5,32,104,243,0
5,32,104,244,0
5,32,104,245,0
5,32,104,246,0
5,32,104,247,0
5,32,104,248,0
5,32,104,249,0
5,32,104,250,0
5,32,104,251,0
5,32,104,252,0
5,32,104,253,0
5,32,104,254,0
5,32,104,255,0
5,32,104,256,0
5,32,104,257,0
5,32,104,258,0
5,32,104,259,0
5,32,104,260,0
5,32,104,261,0
5,32,104,262,0
5,32,104,263,0
5,32,104,264,0
5,32,104,265,0
5,32,104,266,0
5,32,104,267,0
5,32,104,268,0
5,32,104,269,0
5,32,104,270,0
5,32,104,271,0
5,32,104,272,0
5,32,104,273,0
5,32,104,274,0
5,32,104,275,0
5,32,104,276,0
5,32,104,277,0
5,32,104,278,0
5,32,104,279,0
5,32,104,280,0
5,32,104,281,0
5,32,104,282,0
5,32,104,283,0
5,32,105,0,0
5,32,105,1,0
5,32,105,2,0
5,32,105,3,0
5,32,105,4,0
5,32,105,5,0
5,32,105,6,0
5,32,105,7,0
5,32,105,8,0
5,32,105,9,0
5,32,105,10,0
5,32,105,11,0
5,32,105,12,0
5,32,105,13,0
5,32,105,14,0
5,32,105,15,0
5,32,105,16,0
5,32,105,17,0
5,32,105,18,0
5,32,105,19,0
5,32,105,20,0
5,32,105,21,0
5,32,105,22,0
5,32,105,23,0
5,32,105,24,0
5,32,105,25,0
5,32,105,26,0
5,32,105,27,0
5,32,105,28,0
5,32,105,29,0
5,32,105,30,0
5,32,105,31,0
5,32,105,32,0
5,32,105,33,0
5,32,105,34,0
5,32,105,35,0
5,32,105,36,0
5,32,105,37,0
5,32,105,38,0
5,32,105,39,0
5,32,105,40,0
5,32,105,41,0
5,32,105,42,0
5,32,105,43,0
5,32,105,44,0
5,32,105,45,0
5,32,105,46,0
5,32,105,47,0
5,32,105,48,0
5,32,105,49,0
5,32,105,50,0
5,32,105,51,0
5,32,105,52,0
5,32,105,53,0
5,32,105,54,0
5,32,105,55,0
5,32,105,56,0
5,32,105,57,0
5,32,105,58,0
5,32,105,59,0
5,32,105,60,0
5,32,105,61,0
5,32,105,62,0
5,32,105,63,0
5,32,105,64,0
5,32,105,65,0
5,32,105,66,0
5,32,105,67,0
5,32,105,68,0
5,32,105,69,0
5,32,105,70,0
5,32,105,71,0
5,32,105,72,0
5,32,105,73,185122080
5,32,105,74,32073696330
5,32,105,75,2407893585032
5,32,105,76,116955976427274
5,32,105,77,4243284543427510
5,32,105,78,121855137203224998
5,32,105,79,2867026622517768404
5,32,105,80,56742883228774765572
5,32,105,81,964521624826325145130
5,32,105,82,14317642303871174753308
5,32,105,83,188144558715160977565796
5,32,105,84,2213212435548995546144514
5,32,105,85,23521459182047128743075882
5,32,105,86,227569257398539804358658302
5,32,105,87,2016930826711424865525879208
5,32,105,88,16460263181761901363311299150
5,32,105,89,124220405719969442733753590476
5,32,105,90,869902398999041380024312394254
5,32,105,91,5668983624625239698698988355120
5,32,105,92,34459066813471269158984059255232
5,32,105,93,195740799104235895386478535286582
5,32,105,94,1040629440377775475324911012937342
5,32,105,95,5184101501252247558540995695884682
5,32,105,96,24223125930375545997699341683622832
5,32,105,97,106241163669315589525377974710369354
5,32,105,98,437637103871172996050433045346960426
5,32,105,99,1693896066140065863646706233489269118
5,32,105,100,6162473511129494031283173549626177888
5,32,105,101,21077812132507648083009694975945896786
5,32,105,102,67791597553943227976996678566087435990
5,32,105,103,205051628149527135053268239435694444542
5,32,105,104,583353162544742754280940100591211279698
5,32,105,105,1561055819955507760190403429152256126154
5,32,105,106,3929716430520985829681263138882397465588
5,32,105,107,9306850756727694331804670381321890920018
5,32,105,108,20739417695870246404563633294807097087592
5,32,105,109,43492206267519445697576040069161119921804
5,32,105,110,85849052293283407690633354052580506666788
5,32,105,111,159543662583829654538674382056407350849154
5,32,105,112,279241358181110432009753160640538631691970
5,32,105,113,460467979779954307977742440805917124647848
5,32,105,114,715698877129872801584550675231984273115358
5,32,105,115,1049041637517398132226315047156202177212220
5,32,105,116,1450891514898931131344277171831714122874614
5,32,105,117,1894663418681477680209319651300649359353744
5,32,105,118,2337674124869225155556767338988390963962672
5,32,105,119,2727172889036061531143259862716689397871986
5,32,105,120,3010643221268666990044129641367362812631176
5,32,105,121,3147607532042764236731246411732660913143000
5,32,105,122,3119213974058317740129087728067579336051890
5,32,105,123,2932444216655488953235124351137967624869338
5,32,105,124,2617671855626668804704613495575690791866636
5,32,105,125,2220663241021917858814636599554939925498644
5,32,105,126,1791885091596711146957344768624182483104172
5,32,105,127,1376476230531456275463460989323241802181286
5,32,105,128,1007441024363955463224928722931966126991580
5,32,105,129,703090740862104645494543668811191260383022
5,32,105,130,468249269641392030604676638476428146863820
5,32,105,131,297805295744540402923718701952495038905140
5,32,105,132,180997847279864405785041120498971297704124
5,32,105,133,105190148297764422248908919106790471660232
5,32,105,134,58491109660723655769249491218005404818440
5,32,105,135,31134837745733850092485156102585375971730
5,32,105,136,15872653319216429863324618469374631992272
5,32,105,137,7753137808811814388230450778174388812286
5,32,105,138,3629806160804164808436605184243758154172
5,32,105,139,1629272736392857484516024145532927913712
5,32,105,140,701307113257244369439088583879034548196
5,32,105,141,289533893938945383983288677355321774584
5,32,105,142,114660203453037446483290550328325822364
5,32,105,143,43557838000535592611811938048511017678
5,32,105,144,15872717160365691151369189052687959760
5,32,105,145,5547940124641837146610375043729344146
5,32,105,146,1859711385697187875635263215013060688
5,32,105,147,597729585262285864258207977142138158
5,32,105,148,184160698236168548800728944243623730
5,32,105,149,54373435022839391605237341077866516
5,32,105,150,15378643790620577474210534218469538
5,32,105,151,4165016581425193406323088143923056
5,32,105,152,1079679473987674688736902187858038
5,32,105,153,267765929093452219894198766899668
5,32,105,154,63503589984557914979382086234300
5,32,105,155,14395561549574692020882336351072
5,32,105,156,3117919010307885184588245681524
5,32,105,157,644984116350295003070107361856
5,32,105,158,127396422519931849752109708490
5,32,105,159,24022007985791375174022362124
5,32,105,160,4323908980532048189941571804
5,32,105,161,742993836652483408664706392
5,32,105,162,121902791080333815694058266
5,32,105,163,19102095764146213973801488
5,32,105,164,2859741203957736909672236
5,32,105,165,409148643152284424902452
5,32,105,166,55953753947124971332900
5,32,105,167,7314258549864880275498
5,32,105,168,913637567214634368054
5,32,105,169,108976190352247975352
5,32,105,170,12396515938463317786
5,32,105,171,1342236466249170476
5,32,105,172,137936648181506074
5,32,105,173,13400455109711580
5,32,105,174,1224077035276498
5,32,105,175,104393281295356
5,32,105,176,8236308619106
5,32,105,177,594126809420
5,32,105,178,38589750734
5,32,105,179,2211040352
5,32,105,180,108634798
5,32,105,181,4362700
5,32,105,182,134026
5,32,105,183,2640
5,32,105,184,12
5,32,105,185,0
5,32,105,186,0
5,32,105,187,0
5,32,105,188,0
5,32,105,189,0
5,32,105,190,0
5,32,105,191,0
5,32,105,192,0
5,32,105,193,0
5,32,105,194,0
5,32,105,195,0
5,32,105,196,0
5,32,105,197,0
5,32,105,198,0
5,32,105,199,0
5,32,105,200,0
5,32,105,201,0
5,32,105,202,0
5,32,105,203,0
5,32,105,204,0
5,32,105,205,0
5,32,105,206,0
5,32,105,207,0
5,32,105,208,0
5,32,105,209,0
5,32,105,210,0
5,32,105,211,0
5,32,105,212,0
5,32,105,213,0
5,32,105,214,0
5,32,105,215,0
5,32,105,216,0
5,32,105,217,0
5,32,105,218,0
5,32,105,219,0
5,32,105,220,0
5,32,105,221,0
5,32,105,222,0
5,32,105,223,0
5,32,105,224,0
5,32,105,225,0
5,32,105,226,0
5,32,105,227,0
5,32,105,228,0
5,32,105,229,0
5,32,105,230,0
5,32,105,231,0
5,32,105,232,0
5,32,105,233,0
5,32,105,234,0
5,32,105,235,0
5,32,105,236,0
5,32,105,237,0
5,32,105,238,0
5,32,105,239,0
5,32,105,240,0
5,32,105,241,0
5,32,105,242,0
5,32,105,243,0
5,32,105,244,0
5,32,105,245,0
5,32,105,246,0
5,32,105,247,0
5,32,105,248,0
5,32,105,249,0
5,32,105,250,0
5,32,105,251,0
5,32,105,252,0
5,32,105,253,0
5,32,105,254,0
5,32,105,255,0
5,32,105,256,0
5,32,105,257,0
5,32,105,258,0
5,32,105,259,0
5,32,105,260,0
5,32,105,261,0
5,32,105,262,0
5,32,105,263,0
5,32,105,264,0
5,32,105,265,0
5,32,105,266,0
5,32,105,267,0
5,32,105,268,0
5,32,105,269,0
5,32,105,270,0
5,32,105,271,0
5,32,105,272,0
5,32,105,273,0
5,32,105,274,0
5,32,105,275,0
5,32,105,276,0
5,32,105,277,0
5,32,105,278,0
5,32,105,279,0
5,32,105,280,0
5,32,105,281,0
5,32,105,282,0
5,32,105,283,0
5,32,106,0,0
5,32,106,1,0
5,32,106,2,0
5,32,106,3,0
5,32,106,4,0
5,32,106,5,0
5,32,106,6,0
5,32,106,7,0
5,32,106,8,0
5,32,106,9,0
5,32,106,10,0
5,32,106,11,0
5,32,106,12,0
5,32,106,13,0
5,32,106,14,0
5,32,106,15,0
5,32,106,16,0
5,32,106,17,0
5,32,106,18,0
5,32,106,19,0
5,32,106,20,0
5,32,106,21,0
5,32,106,22,0
5,32,106,23,0
5,32,106,24,0
5,32,106,25,0
5,32,106,26,0
5,32,106,27,0
5,32,106,28,0
5,32,106,29,0
5,32,106,30,0
5,32,106,31,0
5,32,106,32,0
5,32,106,33,0
5,32,106,34,0
5,32,106,35,0
5,32,106,36,0
5,32,106,37,0
5,32,106,38,0
5,32,106,39,0
5,32,106,40,0
5,32,106,41,0
5,32,106,42,0
5,32,106,43,0
5,32,106,44,0
5,32,106,45,0
5,32,106,46,0
5,32,106,47,0
5,32,106,48,0
5,32,106,49,0
5,32,106,50,0
5,32,106,51,0
5,32,106,52,0
5,32,106,53,0
5,32,106,54,0
5,32,106,55,0
5,32,106,56,0
5,32,106,57,0
5,32,106,58,0
5,32,106,59,0
5,32,106,60,0
5,32,106,61,0
5,32,106,62,0
5,32,106,63,0
5,32,106,64,0
5,32,106,65,0
5,32,106,66,0
5,32,106,67,0
5,32,106,68,0
5,32,106,69,0
5,32,106,70,0
5,32,106,71,0
5,32,106,72,0
5,32,106,73,0
5,32,106,74,0
5,32,106,75,0
5,32,106,76,77134200
5,32,106,77,15271500699
5,32,106,78,1277114676268
5,32,106,79,67907483967826
5,32,106,80,2669734320600350
5,32,106,81,82489912171488250
5,32,106,82,2074394736465344026
5,32,106,83,43592630272633239804
5,32,106,84,781760630196161245148
5,32,106,85,12168054914976378753333
5,32,106,86,166682009857076596587740
5,32,106,87,2032712273377575039047198
5,32,106,88,22281148060667847912793369
5,32,106,89,221272573705519628175412664
5,32,106,90,2004075211500922944852766673
5,32,106,91,16644632658540448735691257594
5,32,106,92,127342877520916865612630095784
5,32,106,93,900820109398723351948539208414
5,32,106,94,5910169265283198258606001088110
5,32,106,95,36054203837054615959475947983636
5,32,106,96,204928293198469359545972333717412
5,32,106,97,1087095111347677065294939600998180
5,32,106,98,5389447472937163672507487214570671
5,32,106,99,24998221190666287330105088969872384
5,32,106,100,108578748406356388135084803281634716
5,32,106,101,441933273652679970262348898105155982
5,32,106,102,1686502814499979020011911230386165768
5,32,106,103,6037092758039097786294906060252444659
5,32,106,104,20278293009312746098701850766858159433
5,32,106,105,63932270668339352160782473690546301954
5,32,106,106,189232246747475996320749924257124417513
5,32,106,107,525949415225557150840851000943754165304
5,32,106,108,1372927722301284031240009722488324616763
5,32,106,109,3366567014005683255898256620406113195836
5,32,106,110,7756210744567069308546730171263776182422
5,32,106,111,16793167951360041412895296202886999025829
5,32,106,112,34178265183208349278098294990263670692233
5,32,106,113,65408631059227704751233952614621579621670
5,32,106,114,117745390142678214142414027936456392349908
5,32,106,115,199460981216345927439348468265441485598506
5,32,106,116,318115865595155053040103122452237148380957
5,32,106,117,477927115519379518643538403780449373862254
5,32,106,118,676783718947544130471521313342181411671684
5,32,106,119,903939303098814071540097751548419124134565
5,32,106,120,1139576807908346469846448653615392820885456
5,32,106,121,1357059557949989644979477808515347461707065
5,32,106,122,1527778580407382593994547617263574058320583
5,32,106,123,1627418252379257584862709328107548101702274
5,32,106,124,1641717332224171806414446746213538691244626
5,32,106,125,1569818487182992750096466153443135668316562
5,32,106,126,1424124873981644994053219944346773448651875
5,32,106,127,1226847012248666089808027678951861540840339
5,32,106,128,1004544625257586119338902736404434290467035
5,32,106,129,782474948121360413116889759986239855569961
5,32,106,130,580322982926488797353135382142907021144260
5,32,106,131,410137833521386350560824314023460948520232
5,32,106,132,276437828292972042105831903435930209820836
5,32,106,133,177828532156572866525312180374642797677865
5,32,106,134,109257286735160165630160538897367737220060
5,32,106,135,64155108672967908907410683408425856276915
5,32,106,136,36025298647424062484234734005063403760373
5,32,106,137,19356136536742764357405548669863203668512
5,32,106,138,9955850113601812794906098881261775582006
5,32,106,139,4904268863803997396379175337944061345300
5,32,106,140,2314553849008413328101490810505545799861
5,32,106,141,1046865607420356517039639334905213222707
5,32,106,142,453890424513991967157222408774911597588
5,32,106,143,188679789395180354891878082182124738988
5,32,106,144,75207935714255867358293312243005001293
5,32,106,145,28746651984756606335593071482485548829
5,32,106,146,10536330219203865789211476656820786396
5,32,106,147,3702841679990138328050850681725160807
5,32,106,148,1247561994343636063668097604967514676
5,32,106,149,402884864195955486297539709695930872
5,32,106,150,124674102965665827829537670475920069
5,32,106,151,36957980275221278148551621964477791
5,32,106,152,10490946631111726750170069006497914
5,32,106,153,2850452607073390700159712514817413
5,32,106,154,740982772195667525543008680357583
5,32,106,155,184199784600130915807691575915909
5,32,106,156,43766702920933609746138693684894
5,32,106,157,9934874070903013169480378154108
5,32,106,158,2153511419995115619353443397335
5,32,106,159,445577792566650667089836618671
5,32,106,160,87973265958913606410436497196
5,32,106,161,16570394757452727258720541526
5,32,106,162,2977336238330221451566247335
5,32,106,163,510331385627859451321839054
5,32,106,164,83460148128274997094729071
5,32,106,165,13026487134105671765337928
5,32,106,166,1941064536449786503828587
5,32,106,167,276218872159174991285679
5,32,106,168,37545445730705533659355
5,32,106,169,4874730248457976513877
5,32,106,170,604356472313825162404
5,32,106,171,71491339548759118149
5,32,106,172,8058381388645160902
5,32,106,173,863710229091313192
5,32,106,174,87759376153858960
5,32,106,175,8417625243533905
5,32,106,176,757864159682781
5,32,106,177,63572931806324
5,32,106,178,4921140686410
5,32,106,179,347223452631
5,32,106,180,21976248786
5,32,106,181,1220069112
5,32,106,182,57698382
5,32,106,183,2206315
5,32,106,184,61856
5,32,106,185,1155
5,32,106,186,0
5,32,106,187,0
5,32,106,188,0
5,32,106,189,0
5,32,106,190,0
5,32,106,191,0
5,32,106,192,0
5,32,106,193,0
5,32,106,194,0
5,32,106,195,0
5,32,106,196,0
5,32,106,197,0
5,32,106,198,0
5,32,106,199,0
5,32,106,200,0
5,32,106,201,0
5,32,106,202,0
5,32,106,203,0
5,32,106,204,0
5,32,106,205,0
5,32,106,206,0
5,32,106,207,0
5,32,106,208,0
5,32,106,209,0
5,32,106,210,0
5,32,106,211,0
5,32,106,212,0
5,32,106,213,0
5,32,106,214,0
5,32,106,215,0
5,32,106,216,0
5,32,106,217,0
5,32,106,218,0
5,32,106,219,0
5,32,106,220,0
5,32,106,221,0
5,32,106,222,0
5,32,106,223,0
5,32,106,224,0
5,32,106,225,0
5,32,106,226,0
5,32,106,227,0
5,32,106,228,0
5,32,106,229,0
5,32,106,230,0
5,32,106,231,0
5,32,106,232,0
5,32,106,233,0
5,32,106,234,0
5,32,106,235,0
5,32,106,236,0
5,32,106,237,0
5,32,106,238,0
5,32,106,239,0
5,32,106,240,0
5,32,106,241,0
5,32,106,242,0
5,32,106,243,0
5,32,106,244,0
5,32,106,245,0
5,32,106,246,0
5,32,106,247,0
5,32,106,248,0
5,32,106,249,0
5,32,106,250,0
5,32,106,251,0
5,32,106,252,0
5,32,106,253,0
5,32,106,254,0
5,32,106,255,0
5,32,106,256,0
5,32,106,257,0
5,32,106,258,0
5,32,106,259,0
5,32,106,260,0
5,32,106,261,0
5,32,106,262,0
5,32,106,263,0
5,32,106,264,0
5,32,106,265,0
5,32,106,266,0
5,32,106,267,0
5,32,106,268,0
5,32,106,269,0
5,32,106,270,0
5,32,106,271,0
5,32,106,272,0
5,32,106,273,0
5,32,106,274,0
5,32,106,275,0
5,32,106,276,0
5,32,106,277,0
5,32,106,278,0
5,32,106,279,0
5,32,106,280,0
5,32,106,281,0
5,32,106,282,0
5,32,106,283,0
5,32,107,0,0
5,32,107,1,0
5,32,107,2,0
5,32,107,3,0
5,32,107,4,0
5,32,107,5,0
5,32,107,6,0
5,32,107,7,0
5,32,107,8,0
5,32,107,9,0
5,32,107,10,0
5,32,107,11,0
5,32,107,12,0
5,32,107,13,0
5,32,107,14,0
5,32,107,15,0
5,32,107,16,0
5,32,107,17,0
5,32,107,18,0
5,32,107,19,0
5,32,107,20,0
5,32,107,21,0
5,32,107,22,0
5,32,107,23,0
5,32,107,24,0
5,32,107,25,0
5,32,107,26,0
5,32,107,27,0
5,32,107,28,0
5,32,107,29,0
5,32,107,30,0
5,32,107,31,0
5,32,107,32,0
5,32,107,33,0
5,32,107,34,0
5,32,107,35,0
5,32,107,36,0
5,32,107,37,0
5,32,107,38,0
5,32,107,39,0
5,32,107,40,0
5,32,107,41,0
5,32,107,42,0
5,32,107,43,0
5,32,107,44,0
5,32,107,45,0
5,32,107,46,0
5,32,107,47,0
5,32,107,48,0
5,32,107,49,0
5,32,107,50,0
5,32,107,51,0
5,32,107,52,0
5,32,107,53,0
5,32,107,54,0
5,32,107,55,0
5,32,107,56,0
5,32,107,57,0
5,32,107,58,0
5,32,107,59,0
5,32,107,60,0
5,32,107,61,0
5,32,107,62,0
5,32,107,63,0
5,32,107,64,0
5,32,107,65,0
5,32,107,66,0
5,32,107,67,0
5,32,107,68,0
5,32,107,69,0
5,32,107,70,0
5,32,107,71,0
5,32,107,72,0
5,32,107,73,0
5,32,107,74,0
5,32,107,75,0
5,32,107,76,0
5,32,107,77,0
5,32,107,78,0
5,32,107,79,27768312
5,32,107,80,6330617310
5,32,107,81,594080729626
5,32,107,82,34809509013300
5,32,107,83,1491179014829432
5,32,107,84,49816125661880892
5,32,107,85,1344981707316872878
5,32,107,86,30138078241601888182
5,32,107,87,572491646432252379130
5,32,107,88,9378588665525516783784
5,32,107,89,134394844640768366062052
5,32,107,90,1704699177163098205256998
5,32,107,91,19330413877028863939748336
5,32,107,92,197593307168628006918566216
5,32,107,93,1833412870914897235180672970
5,32,107,94,15531921284487218698216922678
5,32,107,95,120715991074576821006907203822
5,32,107,96,864214045440357857333434522316
5,32,107,97,5717919360554651581315527904300
5,32,107,98,35059667546763700881341566304626
5,32,107,99,199670645112036435331650357771524
5,32,107,100,1058196856642660034586648726142444
5,32,107,101,5226713130274453012733664598138700
5,32,107,102,24090440645102882695329825898341398
5,32,107,103,103719261901092034307299952156854784
5,32,107,104,417480299909511042784100151589776510
5,32,107,105,1572068852416824825327550993457038148
5,32,107,106,5541281346121430336603912980310834706
5,32,107,107,18291712313668877751346264593874200732
5,32,107,108,56568549796557858062171177965214610688
5,32,107,109,163953555706968287567292655057263683604
5,32,107,110,445477829163201163453035058176772068532
5,32,107,111,1135058693255639523139735139162122740986
5,32,107,112,2712844420589607601926811028967623429046
5,32,107,113,6083857996708513465526373469187727259246
5,32,107,114,12806349745341991930793835712589472283392
5,32,107,115,25311861805201067073695442647332634646128
5,32,107,116,46995390091771238019615746902763975093660
5,32,107,117,82001444479431947525460369918236773732738
5,32,107,118,134539625340625718568643939489005596100996
5,32,107,119,207680028075156968727540849988824848755062
5,32,107,120,301810705624129266702142798565303080330970
5,32,107,121,413214123079708737247243644266074834256660
5,32,107,122,533391057769251177248413863369410002912552
5,32,107,123,649677585109433813432058645876653104680540
5,32,107,124,747312806323883238960477943914908112816320
5,32,107,125,812542652656843253556621750858726033395632
5,32,107,126,835849858362939641235886549269832990738352
5,32,107,127,814247368337821401481874703278870390812544
5,32,107,128,751869612062002740355213558052299655495898
5,32,107,129,658717758979453478833741490630247068426766
5,32,107,130,548070111034411439838702044601066642815478
5,32,107,131,433465960781211201683051033538885837248304
5,32,107,132,326172876697320449105162065026465949167164
5,32,107,133,233718455028606259581791284793566498804932
5,32,107,134,159607249116262283109016155309109441365740
5,32,107,135,103960927062193366771503222308703895285128
5,32,107,136,64635089677297980527084573079025993468346
5,32,107,137,38383758857562023043397991265391702625962
5,32,107,138,21786318329536064133764747105134734997426
5,32,107,139,11825742506219729880868888801461822295650
5,32,107,140,6141946302906675171650213163663643619666
5,32,107,141,3053615574557589161512449109936688415818
5,32,107,142,1453862901727821666456817471199400057944
5,32,107,143,663093893783119670866060489294769829540
5,32,107,144,289789163675722950855942185806497319462
5,32,107,145,121374892427594247065321620725663859780
5,32,107,146,48727039771173307527029675148646106836
5,32,107,147,18751290624382673751043030333492420348
5,32,107,148,6916851222748410086922353003992611930
5,32,107,149,2445506318422967367803798184589323278
5,32,107,150,828610225726193208339820062626676806
5,32,107,151,269006434029969642887122039672717302
5,32,107,152,83654295093028543633095292306451528
5,32,107,153,24910547599252288182561421554045908
5,32,107,154,7100352349600717074693490334067560
5,32,107,155,1936372294510165975224931863353006
5,32,107,156,505013702713954053462054082631854
5,32,107,157,125893396414630834398732056519532
5,32,107,158,29982080708239047189649612198980
5,32,107,159,6817959375946545619335887579496
5,32,107,160,1479675218876485288246553660324
5,32,107,161,306340908058964753847925467938
5,32,107,162,60479911586401264683366886736
5,32,107,163,11383385987059213353005037220
5,32,107,164,2042341888814985266437497114
5,32,107,165,349290435373170585700228536
5,32,107,166,56952420850674664154433912
5,32,107,167,8855680091735211258424858
5,32,107,168,1313596550092737856039382
5,32,107,169,185940622037200944060458
5,32,107,170,25121961076422766926188
5,32,107,171,3239653280674822988036
5,32,107,172,398620235124484570608
5,32,107,173,46760663045848618744
5,32,107,174,5222011740404401650
5,32,107,175,553938602797422460
5,32,107,176,55635105291685476
5,32,107,177,5266968971013760
5,32,107,178,467201996081792
5,32,107,179,38529812221816
5,32,107,180,2924704040652
5,32,107,181,201704005702
5,32,107,182,12427232934
5,32,107,183,668044312
5,32,107,184,30298504
5,32,107,185,1101844
5,32,107,186,28282
5,32,107,187,440
5,32,107,188,0
5,32,107,189,0
5,32,107,190,0
5,32,107,191,0
5,32,107,192,0
5,32,107,193,0
5,32,107,194,0
5,32,107,195,0
5,32,107,196,0
5,32,107,197,0
5,32,107,198,0
5,32,107,199,0
5,32,107,200,0
5,32,107,201,0
5,32,107,202,0
5,32,107,203,0
5,32,107,204,0
5,32,107,205,0
5,32,107,206,0
5,32,107,207,0
5,32,107,208,0
5,32,107,209,0
5,32,107,210,0
5,32,107,211,0
5,32,107,212,0
5,32,107,213,0
5,32,107,214,0
5,32,107,215,0
5,32,107,216,0
5,32,107,217,0
5,32,107,218,0
5,32,107,219,0
5,32,107,220,0
5,32,107,221,0
5,32,107,222,0
5,32,107,223,0
5,32,107,224,0
5,32,107,225,0
5,32,107,226,0
5,32,107,227,0
5,32,107,228,0
5,32,107,229,0
5,32,107,230,0
5,32,107,231,0
5,32,107,232,0
5,32,107,233,0
5,32,107,234,0
5,32,107,235,0
5,32,107,236,0
5,32,107,237,0
5,32,107,238,0
5,32,107,239,0
5,32,107,240,0
5,32,107,241,0
5,32,107,242,0
5,32,107,243,0
5,32,107,244,0
5,32,107,245,0
5,32,107,246,0
5,32,107,247,0
5,32,107,248,0
5,32,107,249,0
5,32,107,250,0
5,32,107,251,0
5,32,107,252,0
5,32,107,253,0
5,32,107,254,0
5,32,107,255,0
5,32,107,256,0
5,32,107,257,0
5,32,107,258,0
5,32,107,259,0
5,32,107,260,0
5,32,107,261,0
5,32,107,262,0
5,32,107,263,0
5,32,107,264,0
5,32,107,265,0
5,32,107,266,0
5,32,107,267,0
5,32,107,268,0
5,32,107,269,0
5,32,107,270,0
5,32,107,271,0
5,32,107,272,0
5,32,107,273,0
5,32,107,274,0
5,32,107,275,0
5,32,107,276,0
5,32,107,277,0
5,32,107,278,0
5,32,107,279,0
5,32,107,280,0
5,32,107,281,0
5,32,107,282,0
5,32,107,283,0
5,32,108,0,0
5,32,108,1,0
5,32,108,2,0
5,32,108,3,0
5,32,108,4,0
5,32,108,5,0
5,32,108,6,0
5,32,108,7,0
5,32,108,8,0
5,32,108,9,0
5,32,108,10,0
5,32,108,11,0
5,32,108,12,0
5,32,108,13,0
5,32,108,14,0
5,32,108,15,0
5,32,108,16,0
5,32,108,17,0
5,32,108,18,0
5,32,108,19,0
5,32,108,20,0
5,32,108,21,0
5,32,108,22,0
5,32,108,23,0
5,32,108,24,0
5,32,108,25,0
5,32,108,26,0
5,32,108,27,0
5,32,108,28,0
5,32,108,29,0
5,32,108,30,0
5,32,108,31,0
5,32,108,32,0
5,32,108,33,0
5,32,108,34,0
5,32,108,35,0
5,32,108,36,0
5,32,108,37,0
5,32,108,38,0
5,32,108,39,0
5,32,108,40,0
5,32,108,41,0
5,32,108,42,0
5,32,108,43,0
5,32,108,44,0
5,32,108,45,0
5,32,108,46,0
5,32,108,47,0
5,32,108,48,0
5,32,108,49,0
5,32,108,50,0
5,32,108,51,0
5,32,108,52,0
5,32,108,53,0
5,32,108,54,0
5,32,108,55,0
5,32,108,56,0
5,32,108,57,0
5,32,108,58,0
5,32,108,59,0
5,32,108,60,0
5,32,108,61,0
5,32,108,62,0
5,32,108,63,0
5,32,108,64,0
5,32,108,65,0
5,32,108,66,0
5,32,108,67,0
5,32,108,68,0
5,32,108,69,0
5,32,108,70,0
5,32,108,71,0
5,32,108,72,0
5,32,108,73,0
5,32,108,74,0
5,32,108,75,0
5,32,108,76,0
5,32,108,77,0
5,32,108,78,0
5,32,108,79,0
5,32,108,80,0
5,32,108,81,0
5,32,108,82,8544096
5,32,108,83,2265420271
5,32,108,84,240726907716
5,32,108,85,15666283289390
5,32,108,86,736089040499799
5,32,108,87,26737961413704081
5,32,108,88,779006324443070066
5,32,108,89,18700735073683244830
5,32,108,90,377927545198400461268
5,32,108,91,6543029016006216727796
5,32,108,92,98461084228033269179208
5,32,108,93,1303624033852858410542746
5,32,108,94,15342726837167498327084901
5,32,108,95,161912650637131257360847287
5,32,108,96,1543337003951849977251816484
5,32,108,97,13369353511740885306612199790
5,32,108,98,105795228283476240879873635528
5,32,108,99,768064251295311002334102825834
5,32,108,100,5134102503713725949202546194165
5,32,108,101,31693170616253842410871788530534
5,32,108,102,181125973581567577802021425383316
5,32,108,103,960298852007494245671767077474270
5,32,108,104,4731371267661267905669334963213881
5,32,108,105,21694035588251171575016837935951816
5,32,108,106,92678611640639984792331833773650721
5,32,108,107,369259554779799172182938598407242729
5,32,108,108,1373264672765133932513285176884400708
5,32,108,109,4770326634252987159201067198043062498
5,32,108,110,15487108887690977691819021983068347071
5,32,108,111,47015878876464137663508754478671739664
5,32,108,112,133527430403666980504035675526137581547
5,32,108,113,354921768546941763580517838701281009948
5,32,108,114,883299456499292677335176228312952522912
5,32,108,115,2059078415202265434312705280487843452629
5,32,108,116,4497896586748849706082913310217825609677
5,32,108,117,9211085605634896336587473672644146386915
5,32,108,118,17692356861421873757032278797963216480912
5,32,108,119,31890561032650728746269933007267634519513
5,32,108,120,53974720437429415555008905772966841337643
5,32,108,121,85831064900189393032495168823337332754766
5,32,108,122,128328550378156932948385667595208301460731
5,32,108,123,180530352524685832197610479426474165570609
5,32,108,124,239151117234932170851564453136294640009836
5,32,108,125,298578628114608759345180587095031597059649
5,32,108,126,351639187321252411887872787195332091766310
5,32,108,127,391014000338714555116203122501916454833181
5,32,108,128,410923174881380352298390013032118260834624
5,32,108,129,408533553326753560330040758083483446766917
5,32,108,130,384612808572385240208511732543295692609725
5,32,108,131,343225411238625843223917951689435210628932
5,32,108,132,290617812269292856798176899075215828170099
5,32,108,133,233707389186605680158558204028657137907984
5,32,108,134,178665117437077467736829295648610161338182
5,32,108,135,129963101097790244518117483082450851498396
5,32,108,136,90031087007143635836319882448693578791020
5,32,108,137,59445227281845884096336440409204244605297
5,32,108,138,37439677341820044544397012745981239822469
5,32,108,139,22508838808085755481204517382349999896750
5,32,108,140,12926187221183903495971090307738292531692
5,32,108,141,7094936556033197526140239197782632963983
5,32,108,142,3724127327786098912005260663102090313270
5,32,108,143,1870284366135151550834811594993568282838
5,32,108,144,899038638797333038192893101540526467988
5,32,108,145,413797501640175269757648385185583096044
5,32,108,146,182413783961233132479657586643273002354
5,32,108,147,77033414630320399897978521754661484981
5,32,108,148,31168325100547148594724301089938311710
5,32,108,149,12083457770856843354204818557184136345
5,32,108,150,4488616719094440442596959787579236692
5,32,108,151,1597522385795874821763950362206027699
5,32,108,152,544670537900156920697378257163619629
5,32,108,153,177861896548967456991482404170428633
5,32,108,154,55612790436090226103179403486522330
5,32,108,155,16644167430264297283141389442057216
5,32,108,156,4766197558484141399198706187753550
5,32,108,157,1305293476816023973458545190290600
5,32,108,158,341707276808257790456540357348034
5,32,108,159,85463156297626476619537477728267
5,32,108,160,20409959733473147798390911089663
5,32,108,161,4651605242334199369883031369974
5,32,108,162,1011180798660915378199095892493
5,32,108,163,209559849836470030169777597174
5,32,108,164,41386785637631421625765719376
5,32,108,165,7786760074488736504324031248
5,32,108,166,1395462685135692523085909107
5,32,108,167,238197052809351399472277864
5,32,108,168,38731820145993062865399109
5,32,108,169,6001035004142958452031875
5,32,108,170,886255632442695033325778
5,32,108,171,124799686116741860426509
5,32,108,172,16760596204161920589980
5,32,108,173,2146771920299153524848
5,32,108,174,262146002397814002222
5,32,108,175,30491730061015356441
5,32,108,176,3373149696676842860
5,32,108,177,354056166085886061
5,32,108,178,35140236472411628
5,32,108,179,3282371656375939
5,32,108,180,286746916019625
5,32,108,181,23237724332190
5,32,108,182,1728673973008
5,32,108,183,116445480683
5,32,108,184,6977106294
5,32,108,185,362675957
5,32,108,186,15742511
5,32,108,187,542059
5,32,108,188,12678
5,32,108,189,154
5,32,108,190,0
5,32,108,191,0
5,32,108,192,0
5,32,108,193,0
5,32,108,194,0
5,32,108,195,0
5,32,108,196,0
5,32,108,197,0
5,32,108,198,0
5,32,108,199,0
5,32,108,200,0
5,32,108,201,0
5,32,108,202,0
5,32,108,203,0
5,32,108,204,0
5,32,108,205,0
5,32,108,206,0
5,32,108,207,0
5,32,108,208,0
5,32,108,209,0
5,32,108,210,0
5,32,108,211,0
5,32,108,212,0
5,32,108,213,0
5,32,108,214,0
5,32,108,215,0
5,32,108,216,0
5,32,108,217,0
5,32,108,218,0
5,32,108,219,0
5,32,108,220,0
5,32,108,221,0
5,32,108,222,0
5,32,108,223,0
5,32,108,224,0
5,32,108,225,0
5,32,108,226,0
5,32,108,227,0
5,32,108,228,0
5,32,108,229,0
5,32,108,230,0
5,32,108,231,0
5,32,108,232,0
5,32,108,233,0
5,32,108,234,0
5,32,108,235,0
5,32,108,236,0
5,32,108,237,0
5,32,108,238,0
5,32,108,239,0
5,32,108,240,0
5,32,108,241,0
5,32,108,242,0
5,32,108,243,0
5,32,108,244,0
5,32,108,245,0
5,32,108,246,0
5,32,108,247,0
5,32,108,248,0
5,32,108,249,0
5,32,108,250,0
5,32,108,251,0
5,32,108,252,0
5,32,108,253,0
5,32,108,254,0
5,32,108,255,0
5,32,108,256,0
5,32,108,257,0
5,32,108,258,0
5,32,108,259,0
5,32,108,260,0
5,32,108,261,0
5,32,108,262,0
5,32,108,263,0
5,32,108,264,0
5,32,108,265,0
5,32,108,266,0
5,32,108,267,0
5,32,108,268,0
5,32,108,269,0
5,32,108,270,0
5,32,108,271,0
5,32,108,272,0
5,32,108,273,0
5,32,108,274,0
5,32,108,275,0
5,32,108,276,0
5,32,108,277,0
5,32,108,278,0
5,32,108,279,0
5,32,108,280,0
5,32,108,281,0
5,32,108,282,0
5,32,108,283,0
5,32,109,0,0
5,32,109,1,0
5,32,109,2,0
5,32,109,3,0
5,32,109,4,0
5,32,109,5,0
5,32,109,6,0
5,32,109,7,0
5,32,109,8,0
5,32,109,9,0
5,32,109,10,0
5,32,109,11,0
5,32,109,12,0
5,32,109,13,0
5,32,109,14,0
5,32,109,15,0
5,32,109,16,0
5,32,109,17,0
5,32,109,18,0
5,32,109,19,0
5,32,109,20,0
5,32,109,21,0
5,32,109,22,0
5,32,109,23,0
5,32,109,24,0
5,32,109,25,0
5,32,109,26,0
5,32,109,27,0
5,32,109,28,0
5,32,109,29,0
5,32,109,30,0
5,32,109,31,0
5,32,109,32,0
5,32,109,33,0
5,32,109,34,0
5,32,109,35,0
5,32,109,36,0
5,32,109,37,0
5,32,109,38,0
5,32,109,39,0
5,32,109,40,0
5,32,109,41,0
5,32,109,42,0
5,32,109,43,0
5,32,109,44,0
5,32,109,45,0
5,32,109,46,0
5,32,109,47,0
5,32,109,48,0
5,32,109,49,0
5,32,109,50,0
5,32,109,51,0
5,32,109,52,0
5,32,109,53,0
5,32,109,54,0
5,32,109,55,0
5,32,109,56,0
5,32,109,57,0
5,32,109,58,0
5,32,109,59,0
5,32,109,60,0
5,32,109,61,0
5,32,109,62,0
5,32,109,63,0
5,32,109,64,0
5,32,109,65,0
5,32,109,66,0
5,32,109,67,0
5,32,109,68,0
5,32,109,69,0
5,32,109,70,0
5,32,109,71,0
5,32,109,72,0
5,32,109,73,0
5,32,109,74,0
5,32,109,75,0
5,32,109,76,0
5,32,109,77,0
5,32,109,78,0
5,32,109,79,0
5,32,109,80,0
5,32,109,81,0
5,32,109,82,0
5,32,109,83,0
5,32,109,84,0
5,32,109,85,2215136
5,32,109,86,692172482
5,32,109,87,84236790386
5,32,109,88,6147577119256
5,32,109,89,319317636761528
5,32,109,90,12695780904627086
5,32,109,91,401492298225824762
5,32,109,92,10380375908841907798
5,32,109,93,224270968274425712250
5,32,109,94,4121963011907522247112
5,32,109,95,65410813680487790034124
5,32,109,96,907497437305425341194800
5,32,109,97,11125174016066606115079716
5,32,109,98,121606773580748729336695846
5,32,109,99,1194346093499362568976728382
5,32,109,100,10608298585854079273438686422
5,32,109,101,85681434270675940803665837876
5,32,109,102,632206692538158593101416160092
5,32,109,103,4278072081892404788029094951962
5,32,109,104,26635907033383697858494601550132
5,32,109,105,153003800069514838660501593307400
5,32,109,106,812728166636079936288078530890498
5,32,109,107,3999718573948445954802680237573346
5,32,109,108,18266433143044199093340483885287470
5,32,109,109,77518756574618493775257456567243868
5,32,109,110,306045503446584683559692812992176044
5,32,109,111,1125160453328935509520806599889910710
5,32,109,112,3855275856838307769237161339400916690
5,32,109,113,12320411918632177090789502284930731440
5,32,109,114,36745503934693508904729976177703572206
5,32,109,115,102340402375292693438002251141123600446
5,32,109,116,266312782768051199064105424720371022620
5,32,109,117,647840916797707702776618890023575066802
5,32,109,118,1474023398351216804914195190736549320538
5,32,109,119,3138580376118188809654167760258777274650
5,32,109,120,6257470018061076980222437026374738113830
5,32,109,121,11688527379723971652240497662167524839024
5,32,109,122,20468867618993077812530322482326133587966
5,32,109,123,33627882501561451539387166317787232218690
5,32,109,124,51867855671556591836391787512162099263662
5,32,109,125,75168293826403536349891816362751524992718
5,32,109,126,102441503996844493137296215602428586338626
5,32,109,127,131404589299269429383442070788301914188956
5,32,109,128,158798341734557570622554941891728430656026
5,32,109,129,180969702201538032874266106891598052748296
5,32,109,130,194682355908498848042915366639462807963674
5,32,109,131,197903443576586113297590515080098514923510
5,32,109,132,190298879617654357267373433857494653820642
5,32,109,133,173271077254574223056466060233518931742908
5,32,109,134,149544493675888543873139971325112858788516
5,32,109,135,122464337033435680380184785028252056734920
5,32,109,136,95251804495259735084787557954016718325214
5,32,109,137,70433047275744851774907992136550419987698
5,32,109,138,49558433671025073409903463239334217194998
5,32,109,139,33210452862713897697801193278727803082336
5,32,109,140,21213110102106619584305423606142936868816
5,32,109,141,12925231907738881458124391303054711823914
5,32,109,142,7517669434206833962179238078833149616984
5,32,109,143,4176556666053399464248660567130872568872
5,32,109,144,2217660403171114751616075360037143532342
5,32,109,145,1125992266409700407443267754203727413224
5,32,109,146,546930183958729154422828798706195669306
5,32,109,147,254241565286936426087209732001597191162
5,32,109,148,113138554265508901149200588296878550226
5,32,109,149,48208557392049864546076972399327451974
5,32,109,150,19672322067194677386697123635237876686
5,32,109,151,7688505634762527593600282037946159234
5,32,109,152,2877982164745963095721585109404770336
5,32,109,153,1031733014583731722664806592527256938
5,32,109,154,354177681618526631769859200380310780
5,32,109,155,116401874328796783388084273904765426
5,32,109,156,36615364294893727058789551611085520
5,32,109,157,11019998134734893724048055077106940
5,32,109,158,3172026270289242856907405779950218
5,32,109,159,872822616567295388618789224961904
5,32,109,160,229468973322986010451816134155962
5,32,109,161,57608701199858441207336633537314
5,32,109,162,13802711033264924932008915008680
5,32,109,163,3154246402584013775662649816318
5,32,109,164,687117478306596217241643909874
5,32,109,165,142606130404121669883031355652
5,32,109,166,28184917325161530895134395490
5,32,109,167,5302886275161881632925480654
5,32,109,168,949575868935671934363817576
5,32,109,169,161823807916809204313045346
5,32,109,170,26247946805823642661966560
5,32,109,171,4053181200346616303865892
5,32,109,172,596063586802863572508856
5,32,109,173,83509640672656300919126
5,32,109,174,11148926421684237174854
5,32,109,175,1418343820798642169294
5,32,109,176,171875155748706471968
5,32,109,177,19820935518184103558
5,32,109,178,2171726247376905744
5,32,109,179,225507288623355166
5,32,109,180,22111495392363712
5,32,109,181,2037155125944988
5,32,109,182,175195996353476
5,32,109,183,13944529169706
5,32,109,184,1016001151468
5,32,109,185,66798420142
5,32,109,186,3888027368
5,32,109,187,195131812
5,32,109,188,8098342
5,32,109,189,260904
5,32,109,190,5666
5,32,109,191,44
5,32,109,192,0
5,32,109,193,0
5,32,109,194,0
5,32,109,195,0
5,32,109,196,0
5,32,109,197,0
5,32,109,198,0
5,32,109,199,0
5,32,109,200,0
5,32,109,201,0
5,32,109,202,0
5,32,109,203,0
5,32,109,204,0
5,32,109,205,0
5,32,109,206,0
5,32,109,207,0
5,32,109,208,0
5,32,109,209,0
5,32,109,210,0
5,32,109,211,0
5,32,109,212,0
5,32,109,213,0
5,32,109,214,0
5,32,109,215,0
5,32,109,216,0
5,32,109,217,0
5,32,109,218,0
5,32,109,219,0
5,32,109,220,0
5,32,109,221,0
5,32,109,222,0
5,32,109,223,0
5,32,109,224,0
5,32,109,225,0
5,32,109,226,0
5,32,109,227,0
5,32,109,228,0
5,32,109,229,0
5,32,109,230,0
5,32,109,231,0
5,32,109,232,0
5,32,109,233,0
5,32,109,234,0
5,32,109,235,0
5,32,109,236,0
5,32,109,237,0
5,32,109,238,0
5,32,109,239,0
5,32,109,240,0
5,32,109,241,0
5,32,109,242,0
5,32,109,243,0
5,32,109,244,0
5,32,109,245,0
5,32,109,246,0
5,32,109,247,0
5,32,109,248,0
5,32,109,249,0
5,32,109,250,0
5,32,109,251,0
5,32,109,252,0
5,32,109,253,0
5,32,109,254,0
5,32,109,255,0
5,32,109,256,0
5,32,109,257,0
5,32,109,258,0
5,32,109,259,0
5,32,109,260,0
5,32,109,261,0
5,32,109,262,0
5,32,109,263,0
5,32,109,264,0
5,32,109,265,0
5,32,109,266,0
5,32,109,267,0
5,32,109,268,0
5,32,109,269,0
5,32,109,270,0
5,32,109,271,0
5,32,109,272,0
5,32,109,273,0
5,32,109,274,0
5,32,109,275,0
5,32,109,276,0
5,32,109,277,0
5,32,109,278,0
5,32,109,279,0
5,32,109,280,0
5,32,109,281,0
5,32,109,282,0
5,32,109,283,0
5,32,110,0,0
5,32,110,1,0
5,32,110,2,0
5,32,110,3,0
5,32,110,4,0
5,32,110,5,0
5,32,110,6,0
5,32,110,7,0
5,32,110,8,0
5,32,110,9,0
5,32,110,10,0
5,32,110,11,0
5,32,110,12,0
5,32,110,13,0
5,32,110,14,0
5,32,110,15,0
5,32,110,16,0
5,32,110,17,0
5,32,110,18,0
5,32,110,19,0
5,32,110,20,0
5,32,110,21,0
5,32,110,22,0
5,32,110,23,0
5,32,110,24,0
5,32,110,25,0
5,32,110,26,0
5,32,110,27,0
5,32,110,28,0
5,32,110,29,0
5,32,110,30,0
5,32,110,31,0
5,32,110,32,0
5,32,110,33,0
5,32,110,34,0
5,32,110,35,0
5,32,110,36,0
5,32,110,37,0
5,32,110,38,0
5,32,110,39,0
5,32,110,40,0
5,32,110,41,0
5,32,110,42,0
5,32,110,43,0
5,32,110,44,0
5,32,110,45,0
5,32,110,46,0
5,32,110,47,0
5,32,110,48,0
5,32,110,49,0
5,32,110,50,0
5,32,110,51,0
5,32,110,52,0
5,32,110,53,0
5,32,110,54,0
5,32,110,55,0
5,32,110,56,0
5,32,110,57,0
5,32,110,58,0
5,32,110,59,0
5,32,110,60,0
5,32,110,61,0
5,32,110,62,0
5,32,110,63,0
5,32,110,64,0
5,32,110,65,0
5,32,110,66,0
5,32,110,67,0
5,32,110,68,0
5,32,110,69,0
5,32,110,70,0
5,32,110,71,0
5,32,110,72,0
5,32,110,73,0
5,32,110,74,0
5,32,110,75,0
5,32,110,76,0
5,32,110,77,0
5,32,110,78,0
5,32,110,79,0
5,32,110,80,0
5,32,110,81,0
5,32,110,82,0
5,32,110,83,0
5,32,110,84,0
5,32,110,85,0
5,32,110,86,0
5,32,110,87,0
5,32,110,88,474672
5,32,110,89,177982063
5,32,110,90,25173272006
5,32,110,91,2084942766544
5,32,110,92,120877593496407
5,32,110,93,5302294192047679
5,32,110,94,183252289657628059
5,32,110,95,5133715493037969482
5,32,110,96,119227963150584812501
5,32,110,97,2338003621730379675369
5,32,110,98,39305620877754219631373
5,32,110,99,573862574689367263443324
5,32,110,100,7356699575751433827686979
5,32,110,101,83592586697127741440617643
5,32,110,102,848706461786234699405638602
5,32,110,103,7752362930243351950124478823
5,32,110,104,64081656407653694263370003012
5,32,110,105,481734285692967961275664904959
5,32,110,106,3307319827817078234989565695972
5,32,110,107,20810305603043724100176166308844
5,32,110,108,120368927924356578947766745256691
5,32,110,109,641627232674905769219661001123138
5,32,110,110,3158737663165752349447793851950931
5,32,110,111,14387836867923228272171033324699684
5,32,110,112,60729552758337265983196834734465295
5,32,110,113,237849249001608357695520777938779705
5,32,110,114,865357829316594307117896194835196543
5,32,110,115,2927608215949016692563827701329749551
5,32,110,116,9217940429856636088418683185988031456
5,32,110,117,27033375182159912852952875153623374991
5,32,110,118,73896820927750159615050036032512902641
5,32,110,119,188410675235459927079822649291120644153
5,32,110,120,448357753242692018889797524936521470995
5,32,110,121,996474047642692674494160561828248836855
5,32,110,122,2069742118840862554272614345072841366938
5,32,110,123,4020424286962239434893752809745216612791
5,32,110,124,7308757987916369762699614676034472518876
5,32,110,125,12443987077502818864233683627084918707272
5,32,110,126,19859483065271550658684348579788136958579
5,32,110,127,29732950108670193045378287927697116586454
5,32,110,128,41798455327085077182258799217173398154459
5,32,110,129,55226239922188481467266850477351750332468
5,32,110,130,68647246338533481287895308329831515699071
5,32,110,131,80359739143734139984258587173588654442408
5,32,110,132,88684914207386140373826105028611781517386
5,32,110,133,92368510256766450003190227868616338887453
5,32,110,134,90893588250769577896773116939489287597470
5,32,110,135,84596177350747991359572141077501749739695
5,32,110,136,74549756066717895087746619971814240577471
5,32,110,137,62270487740827941265932977065591869063457
5,32,110,138,49352637224702355771883631960504590822888
5,32,110,139,37150740781954476592200051510912889309773
5,32,110,140,26587216649081207568019651424757566036330
5,32,110,141,18106118205237925624674361167386221402326
5,32,110,142,11743588589002244030625514351383940115809
5,32,110,143,7260228657427228088930076146984817133244
5,32,110,144,4281521340336538774262495477962946050234
5,32,110,145,2410130499077451264401195623297725974118
5,32,110,146,1295820067184373374942294852017625664492
5,32,110,147,665805602379811967300486058302701276470
5,32,110,148,327080592091295471147011850711534635211
5,32,110,149,153688419807523750707518071546446898155
5,32,110,150,69095375954064141000620815137393705333
5,32,110,151,29729547296159140342171762513261296052
5,32,110,152,12244367048068042788124179361986713667
5,32,110,153,4827667868854874881586077493500041674
5,32,110,154,1822227271782316418588117356049886297
5,32,110,155,658430150674886799025903020160459750
5,32,110,156,227721293527219373900982945969772104
5,32,110,157,75369602739244398895393893337551138
5,32,110,158,23865307508543165413150983033277208
5,32,110,159,7227103462050991476931312220092547
5,32,110,160,2092214772377884542262865094029701
5,32,110,161,578740244067006642021785602053347
5,32,110,162,152884248885758722216080257239334
5,32,110,163,38546917503612868507255064945055
5,32,110,164,9270360633755531329867698754476
5,32,110,165,2125248807010648732226512132737
5,32,110,166,464150833620610438238074161684
5,32,110,167,96514117985384673988636291838
5,32,110,168,19097712859906137749182841248
5,32,110,169,3594617405544750273332425838
5,32,110,170,643408872777167903680979570
5,32,110,171,109506129340127596076971265
5,32,110,172,17722985413148943253942485
5,32,110,173,2728234351379539941160315
5,32,110,174,399594352419589201821956
5,32,110,175,55706390292324092039923
5,32,110,176,7393476512854632214506
5,32,110,177,934224203832002978836
5,32,110,178,112340026158034499851
5,32,110,179,12843138839171662086
5,32,110,180,1393504293772087294
5,32,110,181,143115309012586913
5,32,110,182,13859436232733598
5,32,110,183,1258991326257017
5,32,110,184,106543539002215
5,32,110,185,8324812518404
5,32,110,186,593691367897
5,32,110,187,38065241107
5,32,110,188,2150249781
5,32,110,189,104042492
5,32,110,190,4108674
5,32,110,191,124376
5,32,110,192,2400
5,32,110,193,11
5,32,110,194,0
5,32,110,195,0
5,32,110,196,0
5,32,110,197,0
5,32,110,198,0
5,32,110,199,0
5,32,110,200,0
5,32,110,201,0
5,32,110,202,0
5,32,110,203,0
5,32,110,204,0
5,32,110,205,0
5,32,110,206,0
5,32,110,207,0
5,32,110,208,0
5,32,110,209,0
5,32,110,210,0
5,32,110,211,0
5,32,110,212,0
5,32,110,213,0
5,32,110,214,0
5,32,110,215,0
5,32,110,216,0
5,32,110,217,0
5,32,110,218,0
5,32,110,219,0
5,32,110,220,0
5,32,110,221,0
5,32,110,222,0
5,32,110,223,0
5,32,110,224,0
5,32,110,225,0
5,32,110,226,0
5,32,110,227,0
5,32,110,228,0
5,32,110,229,0
5,32,110,230,0
5,32,110,231,0
5,32,110,232,0
5,32,110,233,0
5,32,110,234,0
5,32,110,235,0
5,32,110,236,0
5,32,110,237,0
5,32,110,238,0
5,32,110,239,0
5,32,110,240,0
5,32,110,241,0
5,32,110,242,0
5,32,110,243,0
5,32,110,244,0
5,32,110,245,0
5,32,110,246,0
5,32,110,247,0
5,32,110,248,0
5,32,110,249,0
5,32,110,250,0
5,32,110,251,0
5,32,110,252,0
5,32,110,253,0
5,32,110,254,0
5,32,110,255,0
5,32,110,256,0
5,32,110,257,0
5,32,110,258,0
5,32,110,259,0
5,32,110,260,0
5,32,110,261,0
5,32,110,262,0
5,32,110,263,0
5,32,110,264,0
5,32,110,265,0
5,32,110,266,0
5,32,110,267,0
5,32,110,268,0
5,32,110,269,0
5,32,110,270,0
5,32,110,271,0
5,32,110,272,0
5,32,110,273,0
5,32,110,274,0
5,32,110,275,0
5,32,110,276,0
5,32,110,277,0
5,32,110,278,0
5,32,110,279,0
5,32,110,280,0
5,32,110,281,0
5,32,110,282,0
5,32,110,283,0
5,32,111,0,0
5,32,111,1,0
5,32,111,2,0
5,32,111,3,0
5,32,111,4,0
5,32,111,5,0
5,32,111,6,0
5,32,111,7,0
5,32,111,8,0
5,32,111,9,0
5,32,111,10,0
5,32,111,11,0
5,32,111,12,0
5,32,111,13,0
5,32,111,14,0
5,32,111,15,0
5,32,111,16,0
5,32,111,17,0
5,32,111,18,0
5,32,111,19,0
5,32,111,20,0
5,32,111,21,0
5,32,111,22,0
5,32,111,23,0
5,32,111,24,0
5,32,111,25,0
5,32,111,26,0
5,32,111,27,0
5,32,111,28,0
5,32,111,29,0
5,32,111,30,0
5,32,111,31,0
5,32,111,32,0
5,32,111,33,0
5,32,111,34,0
5,32,111,35,0
5,32,111,36,0
5,32,111,37,0
5,32,111,38,0
5,32,111,39,0
5,32,111,40,0
5,32,111,41,0
5,32,111,42,0
5,32,111,43,0
5,32,111,44,0
5,32,111,45,0
5,32,111,46,0
5,32,111,47,0
5,32,111,48,0
5,32,111,49,0
5,32,111,50,0
5,32,111,51,0
5,32,111,52,0
5,32,111,53,0
5,32,111,54,0
5,32,111,55,0
5,32,111,56,0
5,32,111,57,0
5,32,111,58,0
5,32,111,59,0
5,32,111,60,0
5,32,111,61,0
5,32,111,62,0
5,32,111,63,0
5,32,111,64,0
5,32,111,65,0
5,32,111,66,0
5,32,111,67,0
5,32,111,68,0
5,32,111,69,0
5,32,111,70,0
5,32,111,71,0
5,32,111,72,0
5,32,111,73,0
5,32,111,74,0
5,32,111,75,0
5,32,111,76,0
5,32,111,77,0
5,32,111,78,0
5,32,111,79,0
5,32,111,80,0
5,32,111,81,0
5,32,111,82,0
5,32,111,83,0
5,32,111,84,0
5,32,111,85,0
5,32,111,86,0
5,32,111,87,0
5,32,111,88,0
5,32,111,89,0
5,32,111,90,0
5,32,111,91,81840
5,32,111,92,37775558
5,32,111,93,6331674056
5,32,111,94,604299778368
5,32,111,95,39576985323110
5,32,111,96,1933897033006024
5,32,111,97,73638385314875908
5,32,111,98,2251046721173657200
5,32,111,99,56548982367866304638
5,32,111,100,1189790724143815338100
5,32,111,101,21299611720634096141888
5,32,111,102,328794387395204482072626
5,32,111,103,4426768876080709069514252
5,32,111,104,52495376094404959751828432
5,32,111,105,552960197750308772107224638
5,32,111,106,5211410246587082695698508614
5,32,111,107,44218506279935137844258797794
5,32,111,108,339583391973134316578647395832
5,32,111,109,2371094262267704611272457435352
5,32,111,110,15110744966930440381637605025106
5,32,111,111,88182709731411592619104753848340
5,32,111,112,472559342782948920956788948614620
5,32,111,113,2330995696432301051183711937545068
5,32,111,114,10605379150133284454482711589648446
5,32,111,115,44583391147827205257042547972797060
5,32,111,116,173436751847943405211366516545467738
5,32,111,117,625178581986806532359345951250312930
5,32,111,118,2090579702973248592114108726058141620
5,32,111,119,6492006911235282692316574473106486506
5,32,111,120,18739092656131989299765065116983836434
5,32,111,121,50321352991264543248194990097021730878
5,32,111,122,125818995969828141651367657105973727712
5,32,111,123,293139528315813939879771424027307718328
5,32,111,124,636908305728231286910219360827110499120
5,32,111,125,1291506651980193453261882516736151809458
5,32,111,126,2446159863455200017277546644108643344508
5,32,111,127,4331173715131302351956117224223633835406
5,32,111,128,7175286382371334648693515332456930889362
5,32,111,129,11132284397149015177014683454883342286420
5,32,111,130,16190433267193823423412172309135680540124
5,32,111,131,22095224712028067689830044551775721035184
5,32,111,132,28324254024953519394040579331588858481894
5,32,111,133,34143535794489414826530685482907895509388
5,32,111,134,38746359190521930696465814826700868820858
5,32,111,135,41439759084515885207890586112031353874464
5,32,111,136,41818085196452854221216620803343238314750
5,32,111,137,39862943787324704088504432190845228062632
5,32,111,138,35935807352677043231447947332114127406390
5,32,111,139,30670824395047406160973674737935370271602
5,32,111,140,24810723342890166919647272132609363647094
5,32,111,141,19042780241555999803130288730942924566276
5,32,111,142,13881648402978445959836308286996459365592
5,32,111,143,9620400150003167007522074227986296168774
5,32,111,144,6344313148465632006341955774714660804514
5,32,111,145,3984626113930630064127679517948328968960
5,32,111,146,2385319051590857760292553412868406555496
5,32,111,147,1361998373708336913467584284317417096860
5,32,111,148,742271533624427163374129179681862482348
5,32,111,149,386330190614305454455770402039711213668
5,32,111,150,192125706069560754779282004081947416882
5,32,111,151,91333867523309667983855003961652507316
5,32,111,152,41519584909996777069838254171047391340
5,32,111,153,18053875338093117128003315705536139578
5,32,111,154,7510546967933904137143412018362371890
5,32,111,155,2989574797832631368996385945091343808
5,32,111,156,1138682040063507733573324468296988808
5,32,111,157,414986971625935064389354312651523178
5,32,111,158,144695307093413253282027294012330664
5,32,111,159,48258845971713657375702785849686520
5,32,111,160,15391548803363065316426605321477032
5,32,111,161,4692645069882681942131058601766948
5,32,111,162,1367093338858518169446559283456266
5,32,111,163,380372234234334098189500887317026
5,32,111,164,101020086351393856502373253893042
5,32,111,165,25593536350798184568706234714600
5,32,111,166,6181514840855320546963556238190
5,32,111,167,1422364387576336898021869560122
5,32,111,168,311593473365605004599919524418
5,32,111,169,64945782816608950058663111292
5,32,111,170,12872130728276615092990596580
5,32,111,171,2424839861820923341705596660
5,32,111,172,434016098730491130024522364
5,32,111,173,73798922446830797167599576
5,32,111,174,11921413093247398701848962
5,32,111,175,1829898447702508344094012
5,32,111,176,266987197317789421293554
5,32,111,177,37040385616933027879330
5,32,111,178,4887614814770163709178
5,32,111,179,613418979574269962304
5,32,111,180,73193141294119116250
5,32,111,181,8294403340761483038
5,32,111,182,891057038199651964
5,32,111,183,90491254968810324
5,32,111,184,8652502721059954
5,32,111,185,774702947301126
5,32,111,186,64484713235294
5,32,111,187,4943585372480
5,32,111,188,344856311772
5,32,111,189,21546782112
5,32,111,190,1179457012
5,32,111,191,54939006
5,32,111,192,2065974
5,32,111,193,57046
5,32,111,194,1050
5,32,111,195,0
5,32,111,196,0
5,32,111,197,0
5,32,111,198,0
5,32,111,199,0
5,32,111,200,0
5,32,111,201,0
5,32,111,202,0
5,32,111,203,0
5,32,111,204,0
5,32,111,205,0
5,32,111,206,0
5,32,111,207,0
5,32,111,208,0
5,32,111,209,0
5,32,111,210,0
5,32,111,211,0
5,32,111,212,0
5,32,111,213,0
5,32,111,214,0
5,32,111,215,0
5,32,111,216,0
5,32,111,217,0
5,32,111,218,0
5,32,111,219,0
5,32,111,220,0
5,32,111,221,0
5,32,111,222,0
5,32,111,223,0
5,32,111,224,0
5,32,111,225,0
5,32,111,226,0
5,32,111,227,0
5,32,111,228,0
5,32,111,229,0
5,32,111,230,0
5,32,111,231,0
5,32,111,232,0
5,32,111,233,0
5,32,111,234,0
5,32,111,235,0
5,32,111,236,0
5,32,111,237,0
5,32,111,238,0
5,32,111,239,0
5,32,111,240,0
5,32,111,241,0
5,32,111,242,0
5,32,111,243,0
5,32,111,244,0
5,32,111,245,0
5,32,111,246,0
5,32,111,247,0
5,32,111,248,0
5,32,111,249,0
5,32,111,250,0
5,32,111,251,0
5,32,111,252,0
5,32,111,253,0
5,32,111,254,0
5,32,111,255,0
5,32,111,256,0
5,32,111,257,0
5,32,111,258,0
5,32,111,259,0
5,32,111,260,0
5,32,111,261,0
5,32,111,262,0
5,32,111,263,0
5,32,111,264,0
5,32,111,265,0
5,32,111,266,0
5,32,111,267,0
5,32,111,268,0
5,32,111,269,0
5,32,111,270,0
5,32,111,271,0
5,32,111,272,0
5,32,111,273,0
5,32,111,274,0
5,32,111,275,0
5,32,111,276,0
5,32,111,277,0
5,32,111,278,0
5,32,111,279,0
5,32,111,280,0
5,32,111,281,0
5,32,111,282,0
5,32,111,283,0
5,32,112,0,0
5,32,112,1,0
5,32,112,2,0
5,32,112,3,0
5,32,112,4,0
5,32,112,5,0
5,32,112,6,0
5,32,112,7,0
5,32,112,8,0
5,32,112,9,0
5,32,112,10,0
5,32,112,11,0
5,32,112,12,0
5,32,112,13,0
5,32,112,14,0
5,32,112,15,0
5,32,112,16,0
5,32,112,17,0
5,32,112,18,0
5,32,112,19,0
5,32,112,20,0
5,32,112,21,0
5,32,112,22,0
5,32,112,23,0
5,32,112,24,0
5,32,112,25,0
5,32,112,26,0
5,32,112,27,0
5,32,112,28,0
5,32,112,29,0
5,32,112,30,0
5,32,112,31,0
5,32,112,32,0
5,32,112,33,0
5,32,112,34,0
5,32,112,35,0
5,32,112,36,0
5,32,112,37,0
5,32,112,38,0
5,32,112,39,0
5,32,112,40,0
5,32,112,41,0
5,32,112,42,0
5,32,112,43,0
5,32,112,44,0
5,32,112,45,0
5,32,112,46,0
5,32,112,47,0
5,32,112,48,0
5,32,112,49,0
5,32,112,50,0
5,32,112,51,0
5,32,112,52,0
5,32,112,53,0
5,32,112,54,0
5,32,112,55,0
5,32,112,56,0
5,32,112,57,0
5,32,112,58,0
5,32,112,59,0
5,32,112,60,0
5,32,112,61,0
5,32,112,62,0
5,32,112,63,0
5,32,112,64,0
5,32,112,65,0
5,32,112,66,0
5,32,112,67,0
5,32,112,68,0
5,32,112,69,0
5,32,112,70,0
5,32,112,71,0
5,32,112,72,0
5,32,112,73,0
5,32,112,74,0
5,32,112,75,0
5,32,112,76,0
5,32,112,77,0
5,32,112,78,0
5,32,112,79,0
5,32,112,80,0
5,32,112,81,0
5,32,112,82,0
5,32,112,83,0
5,32,112,84,0
5,32,112,85,0
5,32,112,86,0
5,32,112,87,0
5,32,112,88,0
5,32,112,89,0
5,32,112,90,0
5,32,112,91,0
5,32,112,92,0
5,32,112,93,0
5,32,112,94,10912
5,32,112,95,6441359
5,32,112,96,1314524048
5,32,112,97,147508588090
5,32,112,98,11081427312139
5,32,112,99,610479084804978
5,32,112,100,25863354478463654
5,32,112,101,869895890765026927
5,32,112,102,23808593999925238449
5,32,112,103,540924030266746716757
5,32,112,104,10371221614298502073463
5,32,112,105,170158836117937088658870
5,32,112,106,2417564314944664386414955
5,32,112,107,30050749782481536279045858
5,32,112,108,329714032876519464639447830
5,32,112,109,3217755163134987689941138335
5,32,112,110,28117310445110436782779035703
5,32,112,111,221244117237695128261316914244
5,32,112,112,1575326172777169516367671754640
5,32,112,113,10192770538671846077216847023960
5,32,112,114,60145095817477266725312392695516
5,32,112,115,324665774695640931737420717462939
5,32,112,116,1607516644552208365735256174838799
5,32,112,117,7317334775723927334799236081821664
5,32,112,118,30682549571061273984424429221949466
5,32,112,119,118719626845846819812149424570617663
5,32,112,120,424527519805072786479024124578708171
5,32,112,121,1404838196827780845474409740922693376
5,32,112,122,4307338842164672727650834332882968785
5,32,112,123,12249908455582379402074188785567179479
5,32,112,124,32347607707993126545012827726677190159
5,32,112,125,79388531089147214010063172976674316779
5,32,112,126,181253393492820716222635054164859084027
5,32,112,127,385325536537599290960453778294579477157
5,32,112,128,763456268817511013387854504929655789815
5,32,112,129,1411118404202576542290963134274694110335
5,32,112,130,2435482659298410084899945653899098187021
5,32,112,131,3929005638693686650230184766310310108025
5,32,112,132,5930703837140854594258103296424091752313
5,32,112,133,8385376828256574371668033591481843538951
5,32,112,134,11117695185546296367959262480140089591978
5,32,112,135,13838229181346528624528293070779199054773
5,32,112,136,16189363181009825755785858804669156001497
5,32,112,137,17823022509828413818186479441965099319970
5,32,112,138,18486696814972091428751812732581144274514
5,32,112,139,18087925864597849793518731305822920349204
5,32,112,140,16714433374627824309972690510465023318730
5,32,112,141,14604360442731450942919100782977758470374
5,32,112,142,12079932509932772403433191812813904551735
5,32,112,143,9469462961063185719573656746793921355656
5,32,112,144,7042617442262905359143204714134948665434
5,32,112,145,4974368103224471226620912939539679874223
5,32,112,146,3340099660607093206362546151383851385980
5,32,112,147,2133999770452387788178397176202983335799
5,32,112,148,1298403636550881029425429844570477411049
5,32,112,149,752908324418368050197350175202270573877
5,32,112,150,416386319425366319312813437642545191973
5,32,112,151,219758180977720283150191105621532917873
5,32,112,152,110745643038509758470047036817029611046
5,32,112,153,53314558227324280238550210333443704575
5,32,112,154,24528579520966123968215298380860568014
5,32,112,155,10788003670522333704881946785284835132
5,32,112,156,4536814555125414455628846835185239108
5,32,112,157,1824591008106384457269941839002267476
5,32,112,158,701797474334074413844230774660261310
5,32,112,159,258155134484624904173216376876713330
5,32,112,160,90808603399497647948381801589071524
5,32,112,161,30539981290155263874582980737808668
5,32,112,162,9817216438632166883124063034638416
5,32,112,163,3015315284168257760142206659943809
5,32,112,164,884534060216293006341653916183756
5,32,112,165,247693232542761295948613366810604
5,32,112,166,66173189421549925516175967351531
5,32,112,167,16855562187918068520176422416190
5,32,112,168,4090745631000094160952477190424
5,32,112,169,945261779255506629989514334912
5,32,112,170,207817432467211930295997237860
5,32,112,171,43440235416453164795123628905
5,32,112,172,8627962261883358066176769765
5,32,112,173,1627415825461471370540793282
5,32,112,174,291401695773268336981173659
5,32,112,175,49521537381547989441798054
5,32,112,176,7987213929038161040698575
5,32,112,177,1222838199886693412210780
5,32,112,178,177767021017030942285990
5,32,112,179,24547085531607830888734
5,32,112,180,3220581982797968764045
5,32,112,181,401475426634924510407
5,32,112,182,47531424703557836973
5,32,112,183,5338580756545771304
5,32,112,184,567747300461608161
5,32,112,185,57000467972165431
5,32,112,186,5379731544977314
5,32,112,187,474583035693092
5,32,112,188,38838077775120
5,32,112,189,2919773998556
5,32,112,190,199095416116
5,32,112,191,12110459592
5,32,112,192,641888502
5,32,112,193,28686570
5,32,112,194,1025824
5,32,112,195,25914
5,32,112,196,400
5,32,112,197,0
5,32,112,198,0
5,32,112,199,0
5,32,112,200,0
5,32,112,201,0
5,32,112,202,0
5,32,112,203,0
5,32,112,204,0
5,32,112,205,0
5,32,112,206,0
5,32,112,207,0
5,32,112,208,0
5,32,112,209,0
5,32,112,210,0
5,32,112,211,0
5,32,112,212,0
5,32,112,213,0
5,32,112,214,0
5,32,112,215,0
5,32,112,216,0
5,32,112,217,0
5,32,112,218,0
5,32,112,219,0
5,32,112,220,0
5,32,112,221,0
5,32,112,222,0
5,32,112,223,0
5,32,112,224,0
5,32,112,225,0
5,32,112,226,0
5,32,112,227,0
5,32,112,228,0
5,32,112,229,0
5,32,112,230,0
5,32,112,231,0
5,32,112,232,0
5,32,112,233,0
5,32,112,234,0
5,32,112,235,0
5,32,112,236,0
5,32,112,237,0
5,32,112,238,0
5,32,112,239,0
5,32,112,240,0
5,32,112,241,0
5,32,112,242,0
5,32,112,243,0
5,32,112,244,0
5,32,112,245,0
5,32,112,246,0
5,32,112,247,0
5,32,112,248,0
5,32,112,249,0
5,32,112,250,0
5,32,112,251,0
5,32,112,252,0
5,32,112,253,0
5,32,112,254,0
5,32,112,255,0
5,32,112,256,0
5,32,112,257,0
5,32,112,258,0
5,32,112,259,0
5,32,112,260,0
5,32,112,261,0
5,32,112,262,0
5,32,112,263,0
5,32,112,264,0
5,32,112,265,0
5,32,112,266,0
5,32,112,267,0
5,32,112,268,0
5,32,112,269,0
5,32,112,270,0
5,32,112,271,0
5,32,112,272,0
5,32,112,273,0
5,32,112,274,0
5,32,112,275,0
5,32,112,276,0
5,32,112,277,0
5,32,112,278,0
5,32,112,279,0
5,32,112,280,0
5,32,112,281,0
5,32,112,282,0
5,32,112,283,0
5,32,113,0,0
5,32,113,1,0
5,32,113,2,0
5,32,113,3,0
5,32,113,4,0
5,32,113,5,0
5,32,113,6,0
5,32,113,7,0
5,32,113,8,0
5,32,113,9,0
5,32,113,10,0
5,32,113,11,0
5,32,113,12,0
5,32,113,13,0
5,32,113,14,0
5,32,113,15,0
5,32,113,16,0
5,32,113,17,0
5,32,113,18,0
5,32,113,19,0
5,32,113,20,0
5,32,113,21,0
5,32,113,22,0
5,32,113,23,0
5,32,113,24,0
5,32,113,25,0
5,32,113,26,0
5,32,113,27,0
5,32,113,28,0
5,32,113,29,0
5,32,113,30,0
5,32,113,31,0
5,32,113,32,0
5,32,113,33,0
5,32,113,34,0
5,32,113,35,0
5,32,113,36,0
5,32,113,37,0
5,32,113,38,0
5,32,113,39,0
5,32,113,40,0
5,32,113,41,0
5,32,113,42,0
5,32,113,43,0
5,32,113,44,0
5,32,113,45,0
5,32,113,46,0
5,32,113,47,0
5,32,113,48,0
5,32,113,49,0
5,32,113,50,0
5,32,113,51,0
5,32,113,52,0
5,32,113,53,0
5,32,113,54,0
5,32,113,55,0
5,32,113,56,0
5,32,113,57,0
5,32,113,58,0
5,32,113,59,0
5,32,113,60,0
5,32,113,61,0
5,32,113,62,0
5,32,113,63,0
5,32,113,64,0
5,32,113,65,0
5,32,113,66,0
5,32,113,67,0
5,32,113,68,0
5,32,113,69,0
5,32,113,70,0
5,32,113,71,0
5,32,113,72,0
5,32,113,73,0
5,32,113,74,0
5,32,113,75,0
5,32,113,76,0
5,32,113,77,0
5,32,113,78,0
5,32,113,79,0
5,32,113,80,0
5,32,113,81,0
5,32,113,82,0
5,32,113,83,0
5,32,113,84,0
5,32,113,85,0
5,32,113,86,0
5,32,113,87,0
5,32,113,88,0
5,32,113,89,0
5,32,113,90,0
5,32,113,91,0
5,32,113,92,0
5,32,113,93,0
5,32,113,94,0
5,32,113,95,0
5,32,113,96,0
5,32,113,97,1056
5,32,113,98,848022
5,32,113,99,219234046
5,32,113,100,29735895250
5,32,113,101,2614649021780
5,32,113,102,164900713797564
5,32,113,103,7867738728368128
5,32,113,104,294087316961068248
5,32,113,105,8844124507568783552
5,32,113,106,218584644502678278042
5,32,113,107,4518007492511592934004
5,32,113,108,79249320145494000408156
5,32,113,109,1194514228391738537201250
5,32,113,110,15639123064260110992075644
5,32,113,111,179520585480197607776221538
5,32,113,112,1821457620713238248999479360
5,32,113,113,16450699721734454029402590122
5,32,113,114,133063926935819894719470808990
5,32,113,115,969036946637007172728824316860
5,32,113,116,6382735272111587540841007676870
5,32,113,117,38174473448456884350557937186994
5,32,113,118,208027423177719089369942291500428
5,32,113,119,1035935871338512845119196424452754
5,32,113,120,4726338213883965230268234634644936
5,32,113,121,19800162851488903945118802437408016
5,32,113,122,76316349086202208385095073965486120
5,32,113,123,271097004330922127103792912141514918
5,32,113,124,888918962862014959573311629777489742
5,32,113,125,2694241235186832099469327659342879500
5,32,113,126,7557931802047235229923366756702825872
5,32,113,127,19646197415317592422234605803160462266
5,32,113,128,47375391988010529314714181719369248248
5,32,113,129,106095872089723185337180018909624476432
5,32,113,130,220891789552237427014573599118113550408
5,32,113,131,428014891664083821100436922067298609650
5,32,113,132,772687397839833767018446793663447020402
5,32,113,133,1301040853531052316443443098887844880844
5,32,113,134,2045544066182099261326093385183155607842
5,32,113,135,3006491560722695755307833165947094043894
5,32,113,136,4135813638689477213969640601103193663948
5,32,113,137,5331404063890236995819463696039382267988
5,32,113,138,6448267897940725121274551611217455202910
5,32,113,139,7326812177464543597492457583849149053844
5,32,113,140,7830910130623277261279689921981967319920
5,32,113,141,7882978361077973826138171036487274243422
5,32,113,142,7483450061083969214189463926823117243188
5,32,113,143,6707981515946325250021115251399613316952
5,32,113,144,5684517827104931790180151278180655073942
5,32,113,145,4559579848647390544076799293675646548588
5,32,113,146,3465642186969274628735241925406684905314
5,32,113,147,2498883338994322948515797078266368573854
5,32,113,148,1711046358187525749366123807200288635084
5,32,113,149,1113661842639359252781336079911920804152
5,32,113,150,689624874874818769112268313969162142974
5,32,113,151,406631562380188683035645117944711832180
5,32,113,152,228478519987586871153232471161316916212
5,32,113,153,122416286356970849155481653306063178678
5,32,113,154,62580779166001861618257772415337674782
5,32,113,155,30540306714266386970514763132419813532
5,32,113,156,14233868826345583863848034441609397136
5,32,113,157,6337813100373547282512475573531808144
5,32,113,158,2696717612709498132252000681008774128
5,32,113,159,1096696178022055362623837925203061570
5,32,113,160,426313928166554204624161277362143864
5,32,113,161,158403441033864929197450101212674228
5,32,113,162,56253954366418816556303755379264306
5,32,113,163,19090538506190228419276407045661552
5,32,113,164,6189354238034583210895717166346056
5,32,113,165,1916383448366850315778994294621442
5,32,113,166,566422774504347470097178900274938
5,32,113,167,159733700140336806630344752938024
5,32,113,168,42953025521544616596412136306058
5,32,113,169,11006451810990707750284064687328
5,32,113,170,2685646186495026312927670110792
5,32,113,171,623553246890116999145705776584
5,32,113,172,137654607327357094389254054258
5,32,113,173,28871949067878422289278174764
5,32,113,174,5749465872475224201389988862
5,32,113,175,1086383814550506077140180422
5,32,113,176,194689092938726309245189598
5,32,113,177,33080974696483120071341148
5,32,113,178,5329158010247353142073624
5,32,113,179,814024200640345299737630
5,32,113,180,117934423593495185612594
5,32,113,181,16211563507571691800892
5,32,113,182,2115012782211228576350
5,32,113,183,261885846019419033960
5,32,113,184,30762608312657631730
5,32,113,185,3424133363828943954
5,32,113,186,360423897828005426
5,32,113,187,35764862178376886
5,32,113,188,3330848254095744
5,32,113,189,289402862800052
5,32,113,190,23274268345494
5,32,113,191,1714872944920
5,32,113,192,114222374944
5,32,113,193,6757722190
5,32,113,194,346373648
5,32,113,195,14815680
5,32,113,196,502196
5,32,113,197,11532
5,32,113,198,140
5,32,113,199,0
5,32,113,200,0
5,32,113,201,0
5,32,113,202,0
5,32,113,203,0
5,32,113,204,0
5,32,113,205,0
5,32,113,206,0
5,32,113,207,0
5,32,113,208,0
5,32,113,209,0
5,32,113,210,0
5,32,113,211,0
5,32,113,212,0
5,32,113,213,0
5,32,113,214,0
5,32,113,215,0
5,32,113,216,0
5,32,113,217,0
5,32,113,218,0
5,32,113,219,0
5,32,113,220,0
5,32,113,221,0
5,32,113,222,0
5,32,113,223,0
5,32,113,224,0
5,32,113,225,0
5,32,113,226,0
5,32,113,227,0
5,32,113,228,0
5,32,113,229,0
5,32,113,230,0
5,32,113,231,0
5,32,113,232,0
5,32,113,233,0
5,32,113,234,0
5,32,113,235,0
5,32,113,236,0
5,32,113,237,0
5,32,113,238,0
5,32,113,239,0
5,32,113,240,0
5,32,113,241,0
5,32,113,242,0
5,32,113,243,0
5,32,113,244,0
5,32,113,245,0
5,32,113,246,0
5,32,113,247,0
5,32,113,248,0
5,32,113,249,0
5,32,113,250,0
5,32,113,251,0
5,32,113,252,0
5,32,113,253,0
5,32,113,254,0
5,32,113,255,0
5,32,113,256,0
5,32,113,257,0
5,32,113,258,0
5,32,113,259,0
5,32,113,260,0
5,32,113,261,0
5,32,113,262,0
5,32,113,263,0
5,32,113,264,0
5,32,113,265,0
5,32,113,266,0
5,32,113,267,0
5,32,113,268,0
5,32,113,269,0
5,32,113,270,0
5,32,113,271,0
5,32,113,272,0
5,32,113,273,0
5,32,113,274,0
5,32,113,275,0
5,32,113,276,0
5,32,113,277,0
5,32,113,278,0
5,32,113,279,0
5,32,113,280,0
5,32,113,281,0
5,32,113,282,0
5,32,113,283,0
5,32,114,0,0
5,32,114,1,0
5,32,114,2,0
5,32,114,3,0
5,32,114,4,0
5,32,114,5,0
5,32,114,6,0
5,32,114,7,0
5,32,114,8,0
5,32,114,9,0
5,32,114,10,0
5,32,114,11,0
5,32,114,12,0
5,32,114,13,0
5,32,114,14,0
5,32,114,15,0
5,32,114,16,0
5,32,114,17,0
5,32,114,18,0
5,32,114,19,0
5,32,114,20,0
5,32,114,21,0
5,32,114,22,0
5,32,114,23,0
5,32,114,24,0
5,32,114,25,0
5,32,114,26,0
5,32,114,27,0
5,32,114,28,0
5,32,114,29,0
5,32,114,30,0
5,32,114,31,0
5,32,114,32,0
5,32,114,33,0
5,32,114,34,0
5,32,114,35,0
5,32,114,36,0
5,32,114,37,0
5,32,114,38,0
5,32,114,39,0
5,32,114,40,0
5,32,114,41,0
5,32,114,42,0
5,32,114,43,0
5,32,114,44,0
5,32,114,45,0
5,32,114,46,0
5,32,114,47,0
5,32,114,48,0
5,32,114,49,0
5,32,114,50,0
5,32,114,51,0
5,32,114,52,0
5,32,114,53,0
5,32,114,54,0
5,32,114,55,0
5,32,114,56,0
5,32,114,57,0
5,32,114,58,0
5,32,114,59,0
5,32,114,60,0
5,32,114,61,0
5,32,114,62,0
5,32,114,63,0
5,32,114,64,0
5,32,114,65,0
5,32,114,66,0
5,32,114,67,0
5,32,114,68,0
5,32,114,69,0
5,32,114,70,0
5,32,114,71,0
5,32,114,72,0
5,32,114,73,0
5,32,114,74,0
5,32,114,75,0
5,32,114,76,0
5,32,114,77,0
5,32,114,78,0
5,32,114,79,0
5,32,114,80,0
5,32,114,81,0
5,32,114,82,0
5,32,114,83,0
5,32,114,84,0
5,32,114,85,0
5,32,114,86,0
5,32,114,87,0
5,32,114,88,0
5,32,114,89,0
5,32,114,90,0
5,32,114,91,0
5,32,114,92,0
5,32,114,93,0
5,32,114,94,0
5,32,114,95,0
5,32,114,96,0
5,32,114,97,0
5,32,114,98,0
5,32,114,99,0
5,32,114,100,66
5,32,114,101,80891
5,32,114,102,28224832
5,32,114,103,4817565432
5,32,114,104,509755469404
5,32,114,105,37554871186646
5,32,114,106,2049303350924475
5,32,114,107,86184050344126207
5,32,114,108,2877005715706418369
5,32,114,109,78024128765963664389
5,32,114,110,1751710937437405464736
5,32,114,111,33069909707992583775457
5,32,114,112,531984041651218142726702
5,32,114,113,7375790973291971547623429
5,32,114,114,89013185790748335199345950
5,32,114,115,943134088368739042783593830
5,32,114,116,8839469177376865738789096335
5,32,114,117,73765942314035792455183266416
5,32,114,118,551239069652205242917969602802
5,32,114,119,3707108336090172553590988802276
5,32,114,120,22532991919103868526206771797097
5,32,114,121,124258240947883305144253187203943
5,32,114,122,623705363575272945968949410911073
5,32,114,123,2857771134299955216230759763805344
5,32,114,124,11982902739723923328838369941961348
5,32,114,125,46083670600190755063158685041271079
5,32,114,126,162868980816311388994630671984295484
5,32,114,127,529910794540998341255605406241988662
5,32,114,128,1589772247242972407427775215670052400
5,32,114,129,4404256471599731506096069431318136483
5,32,114,130,11282629474214186146521591592347655971
5,32,114,131,26761555291019782699673284848767742602
5,32,114,132,58846182005575722852211540317953128498
5,32,114,133,120105310766047802285705292328800807771
5,32,114,134,227808640346526301369401920756452016785
5,32,114,135,402041950198597187234053360069637552590
5,32,114,136,660999960565801807781002941525288458923
5,32,114,137,1013690945516826199309524713100945159840
5,32,114,138,1451910786420967974060467073532553121128
5,32,114,139,1944785634227680063627858480819204724650
5,32,114,140,2439372235710214524352971817078600643604
5,32,114,141,2869086716980020710049545372657958338131
5,32,114,142,3168529766833004618284380616853517994415
5,32,114,143,3290110462911004578127886675053665794178
5,32,114,144,3216536217810234608301326475969955108695
5,32,114,145,2964631580639489140554328145768773036194
5,32,114,146,2579433836073834523757528386401421777714
5,32,114,147,2121291581951562696150037748853435474774
5,32,114,148,1650933673223925776641083623613010619662
5,32,114,149,1217361850522549444786771559652939300625
5,32,114,150,851435167585306579491188472652913865192
5,32,114,151,565427900084332565255811835494329090572
5,32,114,152,356875926885745903212799870576588817694
5,32,114,153,214268907101808652660418241085942429242
5,32,114,154,122477381548626542007283913573973099331
5,32,114,155,66699827988650324213984922737122916978
5,32,114,156,34629501484666209864590873164978502612
5,32,114,157,17149985245990618494858047109488656542
5,32,114,158,8105552280752167717874008489613052481
5,32,114,159,3657377568121954742067375652010434461
5,32,114,160,1575990129032949983131201049265282997
5,32,114,161,648668399126748924216994737696143123
5,32,114,162,255051052788123745861779132512740841
5,32,114,163,95802417822204662825057355073813886
5,32,114,164,34374838522841507723830689380012992
5,32,114,165,11780114417821844460110563939943794
5,32,114,166,3854719306333940133960235585764429
5,32,114,167,1203983294396493643990450190935929
5,32,114,168,358792751945582522997895751902019
5,32,114,169,101961387395265236168409378366342
5,32,114,170,27614334596051646526333136826207
5,32,114,171,7122722090519716169747789173779
5,32,114,172,1748431714102537203933025549553
5,32,114,173,408132572402147875142281329436
5,32,114,174,90521555760964437813799152227
5,32,114,175,19061256740426040376048927202
5,32,114,176,3807752775754108242437203003
5,32,114,177,721123925642859140688029733
5,32,114,178,129401542364027413711011004
5,32,114,179,21993789482191465832236134
5,32,114,180,3540197178199697309031402
5,32,114,181,539701394026021765556794
5,32,114,182,77945441335678732909522
5,32,114,183,10668202601591290771865
5,32,114,184,1384141147001509357715
5,32,114,185,170242630856554557847
5,32,114,186,19840459198688085638
5,32,114,187,2188340468091586914
5,32,114,188,227948058519530316
5,32,114,189,22350874482317381
5,32,114,190,2053410158388845
5,32,114,191,175653455088844
5,32,114,192,13875664834275
5,32,114,193,1001433322238
5,32,114,194,65109826388
5,32,114,195,3742607558
5,32,114,196,185228851
5,32,114,197,7575903
5,32,114,198,240498
5,32,114,199,5124
5,32,114,200,40
5,32,114,201,0
5,32,114,202,0
5,32,114,203,0
5,32,114,204,0
5,32,114,205,0
5,32,114,206,0
5,32,114,207,0
5,32,114,208,0
5,32,114,209,0
5,32,114,210,0
5,32,114,211,0
5,32,114,212,0
5,32,114,213,0
5,32,114,214,0
5,32,114,215,0
5,32,114,216,0
5,32,114,217,0
5,32,114,218,0
5,32,114,219,0
5,32,114,220,0
5,32,114,221,0
5,32,114,222,0
5,32,114,223,0
5,32,114,224,0
5,32,114,225,0
5,32,114,226,0
5,32,114,227,0
5,32,114,228,0
5,32,114,229,0
5,32,114,230,0
5,32,114,231,0
5,32,114,232,0
5,32,114,233,0
5,32,114,234,0
5,32,114,235,0
5,32,114,236,0
5,32,114,237,0
5,32,114,238,0
5,32,114,239,0
5,32,114,240,0
5,32,114,241,0
5,32,114,242,0
5,32,114,243,0
5,32,114,244,0
5,32,114,245,0
5,32,114,246,0
5,32,114,247,0
5,32,114,248,0
5,32,114,249,0
5,32,114,250,0
5,32,114,251,0
5,32,114,252,0
5,32,114,253,0
5,32,114,254,0
5,32,114,255,0
5,32,114,256,0
5,32,114,257,0
5,32,114,258,0
5,32,114,259,0
5,32,114,260,0
5,32,114,261,0
5,32,114,262,0
5,32,114,263,0
5,32,114,264,0
5,32,114,265,0
5,32,114,266,0
5,32,114,267,0
5,32,114,268,0
5,32,114,269,0
5,32,114,270,0
5,32,114,271,0
5,32,114,272,0
5,32,114,273,0
5,32,114,274,0
5,32,114,275,0
5,32,114,276,0
5,32,114,277,0
5,32,114,278,0
5,32,114,279,0
5,32,114,280,0
5,32,114,281,0
5,32,114,282,0
5,32,114,283,0
5,32,115,0,0
5,32,115,1,0
5,32,115,2,0
5,32,115,3,0
5,32,115,4,0
5,32,115,5,0
5,32,115,6,0
5,32,115,7,0
5,32,115,8,0
5,32,115,9,0
5,32,115,10,0
5,32,115,11,0
5,32,115,12,0
5,32,115,13,0
5,32,115,14,0
5,32,115,15,0
5,32,115,16,0
5,32,115,17,0
5,32,115,18,0
5,32,115,19,0
5,32,115,20,0
5,32,115,21,0
5,32,115,22,0
5,32,115,23,0
5,32,115,24,0
5,32,115,25,0
5,32,115,26,0
5,32,115,27,0
5,32,115,28,0
5,32,115,29,0
5,32,115,30,0
5,32,115,31,0
5,32,115,32,0
5,32,115,33,0
5,32,115,34,0
5,32,115,35,0
5,32,115,36,0
5,32,115,37,0
5,32,115,38,0
5,32,115,39,0
5,32,115,40,0
5,32,115,41,0
5,32,115,42,0
5,32,115,43,0
5,32,115,44,0
5,32,115,45,0
5,32,115,46,0
5,32,115,47,0
5,32,115,48,0
5,32,115,49,0
5,32,115,50,0
5,32,115,51,0
5,32,115,52,0
5,32,115,53,0
5,32,115,54,0
5,32,115,55,0
5,32,115,56,0
5,32,115,57,0
5,32,115,58,0
5,32,115,59,0
5,32,115,60,0
5,32,115,61,0
5,32,115,62,0
5,32,115,63,0
5,32,115,64,0
5,32,115,65,0
5,32,115,66,0
5,32,115,67,0
5,32,115,68,0
5,32,115,69,0
5,32,115,70,0
5,32,115,71,0
5,32,115,72,0
5,32,115,73,0
5,32,115,74,0
5,32,115,75,0
5,32,115,76,0
5,32,115,77,0
5,32,115,78,0
5,32,115,79,0
5,32,115,80,0
5,32,115,81,0
5,32,115,82,0
5,32,115,83,0
5,32,115,84,0
5,32,115,85,0
5,32,115,86,0
5,32,115,87,0
5,32,115,88,0
5,32,115,89,0
5,32,115,90,0
5,32,115,91,0
5,32,115,92,0
5,32,115,93,0
5,32,115,94,0
5,32,115,95,0
5,32,115,96,0
5,32,115,97,0
5,32,115,98,0
5,32,115,99,0
5,32,115,100,0
5,32,115,101,0
5,32,115,102,0
5,32,115,103,2
5,32,115,104,4974
5,32,115,105,2632120
5,32,115,106,602726314
5,32,115,107,79910206930
5,32,115,108,7070360680322
5,32,115,109,450293914678420
5,32,115,110,21641422109737524
5,32,115,111,812018082914214292
5,32,115,112,24416125100073718118
5,32,115,113,600686011453328325164
5,32,115,114,12299123566271152175080
5,32,115,115,212597942009728498483950
5,32,115,116,3140481768064719306352366
5,32,115,117,40064638543832711627443858
5,32,115,118,445491593419729513552351192
5,32,115,119,4352289426211311046477275638
5,32,115,120,37622827423643979671323062424
5,32,115,121,289546834531332975765783436866
5,32,115,122,1994651482620061856409526117856
5,32,115,123,12358119632511529575679442595850
5,32,115,124,69147588151654998267519510331490
5,32,115,125,350688745944719613886256243705278
5,32,115,126,1617246956897491750142839154636706
5,32,115,127,6800892148452477420408987521454234
5,32,115,128,26144236087030548691447562675320772
5,32,115,129,92081908438775553855231055291096146
5,32,115,130,297735725011115838225998515031657416
5,32,115,131,885393087610928604494893564241516636
5,32,115,132,2425585655093582079929719781411845504
5,32,115,133,6131267089645696891140691644761356992
5,32,115,134,14321178554328911693768728476250255396
5,32,115,135,30954170807334381839681724134881727954
5,32,115,136,61997373477648759817851582658984748114
5,32,115,137,115222071215490839136192055770163533492
5,32,115,138,198975637882941708857687056621868298596
5,32,115,139,319715059192526175048354240532149812984
5,32,115,140,478661822713443322158382131061310379606
5,32,115,141,668664521141313746611849470364078261832
5,32,115,142,872811412565597043837838734588752434864
5,32,115,143,1066080920560396598995316753423521909386
5,32,115,144,1220242405859300806876027696307330493022
5,32,115,145,1310741504613281720031686098695462169282
5,32,115,146,1323207927371447175004426888682359847884
5,32,115,147,1257176874571379133858386767804531505374
5,32,115,148,1125710523344524006603050443173076554506
5,32,115,149,951277687758590793639237538054228487632
5,32,115,150,759636243214975406414043991823082614956
5,32,115,151,573938078018983660736500517075536223524
5,32,115,152,410772182330446861478473182456751288576
5,32,115,153,278803921998000139115815701827634858874
5,32,115,154,179643331413246533546362461090106370788
5,32,115,155,109990586077577187135053869587434519116
5,32,115,156,64049202259642903705586709295392167394
5,32,115,157,35500123973791182383117504801797603914
5,32,115,158,18741730100297452774228731613491339152
5,32,115,159,9430174314419905601245663875597760866
5,32,115,160,4524668945939335084578133864160355752
5,32,115,161,2071083118236225825349175878011152764
5,32,115,162,904685910187585324274876249618643130
5,32,115,163,377218207548839792621756033789058638
5,32,115,164,150157003988125398574972267561830784
5,32,115,165,57066155750189346002585986578211292
5,32,115,166,20704832962003709170314097673993930
5,32,115,167,7170720766519231936212688274625880
5,32,115,168,2369995486473559347992891667006694
5,32,115,169,747273284564973535140665962035338
5,32,115,170,224683241830354221543765151659068
5,32,115,171,64386198031142105643940520467672
5,32,115,172,17574329018040174802437891312454
5,32,115,173,4565896238093483212753913168656
5,32,115,174,1128239046545249867435107475454
5,32,115,175,264939216886749096683686534434
5,32,115,176,59072958947755950262074239920
5,32,115,177,12495496662591821073996463406
5,32,115,178,2505413421950030559536629668
5,32,115,179,475815474506134675583378146
5,32,115,180,85537955105142711916149114
5,32,115,181,14549434140995102127509194
5,32,115,182,2341002757797771770375166
5,32,115,183,356312102243298340423888
5,32,115,184,51312863072737548587580
5,32,115,185,6994129626162223901674
5,32,115,186,902566125174530908736
5,32,115,187,110274694473656065992
5,32,115,188,12750225295085770454
5,32,115,189,1393385703082373732
5,32,115,190,143606796199347604
5,32,115,191,13910559651939056
5,32,115,192,1260299947494248
5,32,115,193,106100909555938
5,32,115,194,8228796499510
5,32,115,195,581375786376
5,32,115,196,36866496390
5,32,115,197,2056900944
5,32,115,198,98177256
5,32,115,199,3819070
5,32,115,200,114110
5,32,115,201,2160
5,32,115,202,10
5,32,115,203,0
5,32,115,204,0
5,32,115,205,0
5,32,115,206,0
5,32,115,207,0
5,32,115,208,0
5,32,115,209,0
5,32,115,210,0
5,32,115,211,0
5,32,115,212,0
5,32,115,213,0
5,32,115,214,0
5,32,115,215,0
5,32,115,216,0
5,32,115,217,0
5,32,115,218,0
5,32,115,219,0
5,32,115,220,0
5,32,115,221,0
5,32,115,222,0
5,32,115,223,0
5,32,115,224,0
5,32,115,225,0
5,32,115,226,0
5,32,115,227,0
5,32,115,228,0
5,32,115,229,0
5,32,115,230,0
5,32,115,231,0
5,32,115,232,0
5,32,115,233,0
5,32,115,234,0
5,32,115,235,0
5,32,115,236,0
5,32,115,237,0
5,32,115,238,0
5,32,115,239,0
5,32,115,240,0
5,32,115,241,0
5,32,115,242,0
5,32,115,243,0
5,32,115,244,0
5,32,115,245,0
5,32,115,246,0
5,32,115,247,0
5,32,115,248,0
5,32,115,249,0
5,32,115,250,0
5,32,115,251,0
5,32,115,252,0
5,32,115,253,0
5,32,115,254,0
5,32,115,255,0
5,32,115,256,0
5,32,115,257,0
5,32,115,258,0
5,32,115,259,0
5,32,115,260,0
5,32,115,261,0
5,32,115,262,0
5,32,115,263,0
5,32,115,264,0
5,32,115,265,0
5,32,115,266,0
5,32,115,267,0
5,32,115,268,0
5,32,115,269,0
5,32,115,270,0
5,32,115,271,0
5,32,115,272,0
5,32,115,273,0
5,32,115,274,0
5,32,115,275,0
5,32,115,276,0
5,32,115,277,0
5,32,115,278,0
5,32,115,279,0
5,32,115,280,0
5,32,115,281,0
5,32,115,282,0
5,32,115,283,0
5,32,116,0,0
5,32,116,1,0
5,32,116,2,0
5,32,116,3,0
5,32,116,4,0
5,32,116,5,0
5,32,116,6,0
5,32,116,7,0
5,32,116,8,0
5,32,116,9,0
5,32,116,10,0
5,32,116,11,0
5,32,116,12,0
5,32,116,13,0
5,32,116,14,0
5,32,116,15,0
5,32,116,16,0
5,32,116,17,0
5,32,116,18,0
5,32,116,19,0
5,32,116,20,0
5,32,116,21,0
5,32,116,22,0
5,32,116,23,0
5,32,116,24,0
5,32,116,25,0
5,32,116,26,0
5,32,116,27,0
5,32,116,28,0
5,32,116,29,0
5,32,116,30,0
5,32,116,31,0
5,32,116,32,0
5,32,116,33,0
5,32,116,34,0
5,32,116,35,0
5,32,116,36,0
5,32,116,37,0
5,32,116,38,0
5,32,116,39,0
5,32,116,40,0
5,32,116,41,0
5,32,116,42,0
5,32,116,43,0
5,32,116,44,0
5,32,116,45,0
5,32,116,46,0
5,32,116,47,0
5,32,116,48,0
5,32,116,49,0
5,32,116,50,0
5,32,116,51,0
5,32,116,52,0
5,32,116,53,0
5,32,116,54,0
5,32,116,55,0
5,32,116,56,0
5,32,116,57,0
5,32,116,58,0
5,32,116,59,0
5,32,116,60,0
5,32,116,61,0
5,32,116,62,0
5,32,116,63,0
5,32,116,64,0
5,32,116,65,0
5,32,116,66,0
5,32,116,67,0
5,32,116,68,0
5,32,116,69,0
5,32,116,70,0
5,32,116,71,0
5,32,116,72,0
5,32,116,73,0
5,32,116,74,0
5,32,116,75,0
5,32,116,76,0
5,32,116,77,0
5,32,116,78,0
5,32,116,79,0
5,32,116,80,0
5,32,116,81,0
5,32,116,82,0
5,32,116,83,0
5,32,116,84,0
5,32,116,85,0
5,32,116,86,0
5,32,116,87,0
5,32,116,88,0
5,32,116,89,0
5,32,116,90,0
5,32,116,91,0
5,32,116,92,0
5,32,116,93,0
5,32,116,94,0
5,32,116,95,0
5,32,116,96,0
5,32,116,97,0
5,32,116,98,0
5,32,116,99,0
5,32,116,100,0
5,32,116,101,0
5,32,116,102,0
5,32,116,103,0
5,32,116,104,0
5,32,116,105,0
5,32,116,106,0
5,32,116,107,148
5,32,116,108,158179
5,32,116,109,54638238
5,32,116,110,9677814777
5,32,116,111,1070747276512
5,32,116,112,81832824613182
5,32,116,113,4587312888331672
5,32,116,114,196543136440096343
5,32,116,115,6635887616372569030
5,32,116,116,180791637059750554976
5,32,116,117,4050954860575302302210
5,32,116,118,75832005937175974296066
5,32,116,119,1201748486117292511883963
5,32,116,120,16306959517587600897179840
5,32,116,121,191343201023503244838190046
5,32,116,122,1958305593883068372706051405
5,32,116,123,17614410224344513054988418365
5,32,116,124,140176749925342792438357126271
5,32,116,125,992796063154397354591453965307
5,32,116,126,6290327481745178825257862999806
5,32,116,127,35818038349004703565573771962132
5,32,116,128,184033853561911290885004467127981
5,32,116,129,856266143981087124920362698681925
5,32,116,130,3619143222848288584221197733267674
5,32,116,131,13935024048039382323522773979341355
5,32,116,132,49000992580388397558837060288657398
5,32,116,133,157717466905155590341177945633587261
5,32,116,134,465614545785434745969131340261652450
5,32,116,135,1263188253225569008391680117730887170
5,32,116,136,3154800278392855403967401124872785671
5,32,116,137,7265469706702964581759383143307130421
5,32,116,138,15453956630914027950613585274683261659
5,32,116,139,30407207918878956521411718275836253548
5,32,116,140,55429361456247423059901798818558072494
5,32,116,141,93754196089758687358564687054076091588
5,32,116,142,147363573979224889523846396277088762753
5,32,116,143,215576867961920500439205766933524790321
5,32,116,144,293964436252864492966138967265550410026
5,32,116,145,374231006221919594425062064159351606730
5,32,116,146,445462110264654831850408787197867071326
5,32,116,147,496570234750283061483479484242992509572
5,32,116,148,519180063985983311289265681218043833715
5,32,116,149,509897356680187564899742944488332874465
5,32,116,150,471109787057538686200799271963667932034
5,32,116,151,410077631798170720428772407337641274974
5,32,116,152,336762083207260006465975306460615719682
5,32,116,153,261262280753074800996442499096566677565
5,32,116,154,191726064178134634814748940954403046982
5,32,116,155,133247549787729893453830684916503285963
5,32,116,156,87800973742457755387164574376003725897
5,32,116,157,54910253499908756762998091576653456813
5,32,116,158,32623871345046425070879594549361199368
5,32,116,159,18429773725296992376408027328923609322
5,32,116,160,9906975789008913318297133025609934835
5,32,116,161,5070978226633872852247564187703418185
5,32,116,162,2472994277200095596047530327910075500
5,32,116,163,1149593009892874664544041577700097100
5,32,116,164,509590128424046810367799704800010305
5,32,116,165,215465136838186183196498102664760615
5,32,116,166,86914446428500465270123259518520927
5,32,116,167,33450453497166853465303719255419221
5,32,116,168,12282851950502938212262936523777348
5,32,116,169,4302603693929791696245912760656073
5,32,116,170,1437479426235695433434080184909968
5,32,116,171,457898075190255185029487185604304
5,32,116,172,139010436093248821517166834194389
5,32,116,173,40198377384846265921362623063061
5,32,116,174,11065765326242813340835308989297
5,32,116,175,2897719252628534223983891079899
5,32,116,176,721253897391767184961792495269
5,32,116,177,170491761566810626199118827578
5,32,116,178,38239174398255379246175058220
5,32,116,179,8130223546321284169623817484
5,32,116,180,1637166794209692130102140132
5,32,116,181,311972386342646123115018093
5,32,116,182,56216090493251724898311415
5,32,116,183,9573956904275299510550665
5,32,116,184,1540534636395067863701643
5,32,116,185,234191929464828568458694
5,32,116,186,33640602019876699931044
5,32,116,187,4567516951843763967273
5,32,116,188,586335402946751488544
5,32,116,189,71166974758304377679
5,32,116,190,8163374607060842779
5,32,116,191,883833578738262778
5,32,116,192,90111905335458659
5,32,116,193,8620996592150012
5,32,116,194,770013717082005
5,32,116,195,63773108407757
5,32,116,196,4853569920300
5,32,116,197,335474612814
5,32,116,198,20733681328
5,32,116,199,1121177331
5,32,116,200,51529052
5,32,116,201,1908899
5,32,116,202,52010
5,32,116,203,945
5,32,116,204,0
5,32,116,205,0
5,32,116,206,0
5,32,116,207,0
5,32,116,208,0
5,32,116,209,0
5,32,116,210,0
5,32,116,211,0
5,32,116,212,0
5,32,116,213,0
5,32,116,214,0
5,32,116,215,0
5,32,116,216,0
5,32,116,217,0
5,32,116,218,0
5,32,116,219,0
5,32,116,220,0
5,32,116,221,0
5,32,116,222,0
5,32,116,223,0
5,32,116,224,0
5,32,116,225,0
5,32,116,226,0
5,32,116,227,0
5,32,116,228,0
5,32,116,229,0
5,32,116,230,0
5,32,116,231,0
5,32,116,232,0
5,32,116,233,0
5,32,116,234,0
5,32,116,235,0
5,32,116,236,0
5,32,116,237,0
5,32,116,238,0
5,32,116,239,0
5,32,116,240,0
5,32,116,241,0
5,32,116,242,0
5,32,116,243,0
5,32,116,244,0
5,32,116,245,0
5,32,116,246,0
5,32,116,247,0
5,32,116,248,0
5,32,116,249,0
5,32,116,250,0
5,32,116,251,0
5,32,116,252,0
5,32,116,253,0
5,32,116,254,0
5,32,116,255,0
5,32,116,256,0
5,32,116,257,0
5,32,116,258,0
5,32,116,259,0
5,32,116,260,0
5,32,116,261,0
5,32,116,262,0
5,32,116,263,0
5,32,116,264,0
5,32,116,265,0
5,32,116,266,0
5,32,116,267,0
5,32,116,268,0
5,32,116,269,0
5,32,116,270,0
5,32,116,271,0
5,32,116,272,0
5,32,116,273,0
5,32,116,274,0
5,32,116,275,0
5,32,116,276,0
5,32,116,277,0
5,32,116,278,0
5,32,116,279,0
5,32,116,280,0
5,32,116,281,0
5,32,116,282,0
5,32,116,283,0
5,32,117,0,0
5,32,117,1,0
5,32,117,2,0
5,32,117,3,0
5,32,117,4,0
5,32,117,5,0
5,32,117,6,0
5,32,117,7,0
5,32,117,8,0
5,32,117,9,0
5,32,117,10,0
5,32,117,11,0
5,32,117,12,0
5,32,117,13,0
5,32,117,14,0
5,32,117,15,0
5,32,117,16,0
5,32,117,17,0
5,32,117,18,0
5,32,117,19,0
5,32,117,20,0
5,32,117,21,0
5,32,117,22,0
5,32,117,23,0
5,32,117,24,0
5,32,117,25,0
5,32,117,26,0
5,32,117,27,0
5,32,117,28,0
5,32,117,29,0
5,32,117,30,0
5,32,117,31,0
5,32,117,32,0
5,32,117,33,0
5,32,117,34,0
5,32,117,35,0
5,32,117,36,0
5,32,117,37,0
5,32,117,38,0
5,32,117,39,0
5,32,117,40,0
5,32,117,41,0
5,32,117,42,0
5,32,117,43,0
5,32,117,44,0
5,32,117,45,0
5,32,117,46,0
5,32,117,47,0
5,32,117,48,0
5,32,117,49,0
5,32,117,50,0
5,32,117,51,0
5,32,117,52,0
5,32,117,53,0
5,32,117,54,0
5,32,117,55,0
5,32,117,56,0
5,32,117,57,0
5,32,117,58,0
5,32,117,59,0
5,32,117,60,0
5,32,117,61,0
5,32,117,62,0
5,32,117,63,0
5,32,117,64,0
5,32,117,65,0
5,32,117,66,0
5,32,117,67,0
5,32,117,68,0
5,32,117,69,0
5,32,117,70,0
5,32,117,71,0
5,32,117,72,0
5,32,117,73,0
5,32,117,74,0
5,32,117,75,0
5,32,117,76,0
5,32,117,77,0
5,32,117,78,0
5,32,117,79,0
5,32,117,80,0
5,32,117,81,0
5,32,117,82,0
5,32,117,83,0
5,32,117,84,0
5,32,117,85,0
5,32,117,86,0
5,32,117,87,0
5,32,117,88,0
5,32,117,89,0
5,32,117,90,0
5,32,117,91,0
5,32,117,92,0
5,32,117,93,0
5,32,117,94,0
5,32,117,95,0
5,32,117,96,0
5,32,117,97,0
5,32,117,98,0
5,32,117,99,0
5,32,117,100,0
5,32,117,101,0
5,32,117,102,0
5,32,117,103,0
5,32,117,104,0
5,32,117,105,0
5,32,117,106,0
5,32,117,107,0
5,32,117,108,0
5,32,117,109,0
5,32,117,110,0
5,32,117,111,4598
5,32,117,112,3192626
5,32,117,113,849585844
5,32,117,114,125321767118
5,32,117,115,11967725201508
5,32,117,116,804672036816606
5,32,117,117,40187075027173528
5,32,117,118,1548057548405458110
5,32,117,119,47310229880897289102
5,32,117,120,1172535122309669186038
5,32,117,121,23987714685955184806128
5,32,117,122,411071697772746257865372
5,32,117,123,5974637118425106856408174
5,32,117,124,74442762602020491557124510
5,32,117,125,802613713093388128037760862
5,32,117,126,7549688942928928224851422084
5,32,117,127,62407754786631769366758659920
5,32,117,128,456270486052388007706417199198
5,32,117,129,2967223094806270686732458412754
5,32,117,130,17250864620175153028373986976460
5,32,117,131,90062686616610354702152292661580
5,32,117,132,423910552414585202942426209929678
5,32,117,133,1805218645086815143664532626327522
5,32,117,134,6977139195162445195675946005508040
5,32,117,135,24543782241975702221074414360206708
5,32,117,136,78782123733131545854865062752879182
5,32,117,137,231282642079766073475386575040034976
5,32,117,138,622321445608813283101749313447019126
5,32,117,139,1537825282350034214129244420271397240
5,32,117,140,3496517004609543515618245302271367982
5,32,117,141,7327930145669354106953254202094398068
5,32,117,142,14180783396105067330878292708419033824
5,32,117,143,25382418336399721353820693234680337116
5,32,117,144,42093160874393701265013924554784000300
5,32,117,145,64783406301555235094258670045430962474
5,32,117,146,92686509266445446673159612195436951804
5,32,117,147,123479965801380286898814415264702876048
5,32,117,148,153436882200705019637267923119054101600
5,32,117,149,178131118479516262346381848848806656236
5,32,117,150,193528297938453348881521443496309871612
5,32,117,151,197084445978660757891592865259155018254
5,32,117,152,188433618553867858791638005029817033722
5,32,117,153,169410216648150389560396245686872520618
5,32,117,154,143433532077194825379971529817998384708
5,32,117,155,114530197180428408726722334845711076676
5,32,117,156,86366595443632900314523262499416679450
5,32,117,157,61587561505769017021246331294222200438
5,32,117,158,41580577441095111239210398567055916646
5,32,117,159,26609020374026236147465043996995264068
5,32,117,160,16156919471360574372108960205377882604
5,32,117,161,9317265057322896540735422793658357000
5,32,117,162,5107223475202814412607119807629921898
5,32,117,163,2662997030824086064228522818527896026
5,32,117,164,1321675291582829011941660516921236136
5,32,117,165,624714346907676102096492018041105172
5,32,117,166,281339207521184431990792578027934588
5,32,117,167,120757831917712350092277077262193022
5,32,117,168,49412316917216514445358126940479412
5,32,117,169,19277141564074574706608596911459186
5,32,117,170,7170408407159246915538163391669402
5,32,117,171,2542720676524046037049282724624492
5,32,117,172,859448069346259852207078415305336
5,32,117,173,276804065967535921987666314569526
5,32,117,174,84913305949253457577664142079500
5,32,117,175,24797143962675879552659903451744
5,32,117,176,6889332603113879124336894637116
5,32,117,177,1819642980724065345985420090678
5,32,117,178,456534365255817155482861937096
5,32,117,179,108705169814057599557353055922
5,32,117,180,24541576399406860682316607158
5,32,117,181,5248112328287912735057073246
5,32,117,182,1062008095968621020793982624
5,32,117,183,203177388432352502684235524
5,32,117,184,36719111285407219616955908
5,32,117,185,6264677502607505175991724
5,32,117,186,1008588706890009563380228
5,32,117,187,153204291142098521447442
5,32,117,188,21958925786942798828668
5,32,117,189,2970649918730461381874
5,32,117,190,379413727212731436766
5,32,117,191,45752586259430179518
5,32,117,192,5206574925242011160
5,32,117,193,558419197173395918
5,32,117,194,56312755549719892
5,32,117,195,5319643211436176
5,32,117,196,468271216575038
5,32,117,197,38137805998160
5,32,117,198,2846876677278
5,32,117,199,192382760586
5,32,117,200,11577733574
5,32,117,201,606257620
5,32,117,202,26747848
5,32,117,203,942148
5,32,117,204,23470
5,32,117,205,360
5,32,117,206,0
5,32,117,207,0
5,32,117,208,0
5,32,117,209,0
5,32,117,210,0
5,32,117,211,0
5,32,117,212,0
5,32,117,213,0
5,32,117,214,0
5,32,117,215,0
5,32,117,216,0
5,32,117,217,0
5,32,117,218,0
5,32,117,219,0
5,32,117,220,0
5,32,117,221,0
5,32,117,222,0
5,32,117,223,0
5,32,117,224,0
5,32,117,225,0
5,32,117,226,0
5,32,117,227,0
5,32,117,228,0
5,32,117,229,0
5,32,117,230,0
5,32,117,231,0
5,32,117,232,0
5,32,117,233,0
5,32,117,234,0
5,32,117,235,0
5,32,117,236,0
5,32,117,237,0
5,32,117,238,0
5,32,117,239,0
5,32,117,240,0
5,32,117,241,0
5,32,117,242,0
5,32,117,243,0
5,32,117,244,0
5,32,117,245,0
5,32,117,246,0
5,32,117,247,0
5,32,117,248,0
5,32,117,249,0
5,32,117,250,0
5,32,117,251,0
5,32,117,252,0
5,32,117,253,0
5,32,117,254,0
5,32,117,255,0
5,32,117,256,0
5,32,117,257,0
5,32,117,258,0
5,32,117,259,0
5,32,117,260,0
5,32,117,261,0
5,32,117,262,0
5,32,117,263,0
5,32,117,264,0
5,32,117,265,0
5,32,117,266,0
5,32,117,267,0
5,32,117,268,0
5,32,117,269,0
5,32,117,270,0
5,32,117,271,0
5,32,117,272,0
5,32,117,273,0
5,32,117,274,0
5,32,117,275,0
5,32,117,276,0
5,32,117,277,0
5,32,117,278,0
5,32,117,279,0
5,32,117,280,0
5,32,117,281,0
5,32,117,282,0
5,32,117,283,0
5,32,118,0,0
5,32,118,1,0
5,32,118,2,0
5,32,118,3,0
5,32,118,4,0
5,32,118,5,0
5,32,118,6,0
5,32,118,7,0
5,32,118,8,0
5,32,118,9,0
5,32,118,10,0
5,32,118,11,0
5,32,118,12,0
5,32,118,13,0
5,32,118,14,0
5,32,118,15,0
5,32,118,16,0
5,32,118,17,0
5,32,118,18,0
5,32,118,19,0
5,32,118,20,0
5,32,118,21,0
5,32,118,22,0
5,32,118,23,0
5,32,118,24,0
5,32,118,25,0
5,32,118,26,0
5,32,118,27,0
5,32,118,28,0
5,32,118,29,0
5,32,118,30,0
5,32,118,31,0
5,32,118,32,0
5,32,118,33,0
5,32,118,34,0
5,32,118,35,0
5,32,118,36,0
5,32,118,37,0
5,32,118,38,0
5,32,118,39,0
5,32,118,40,0
5,32,118,41,0
5,32,118,42,0
5,32,118,43,0
5,32,118,44,0
5,32,118,45,0
5,32,118,46,0
5,32,118,47,0
5,32,118,48,0
5,32,118,49,0
5,32,118,50,0
5,32,118,51,0
5,32,118,52,0
5,32,118,53,0
5,32,118,54,0
5,32,118,55,0
5,32,118,56,0
5,32,118,57,0
5,32,118,58,0
5,32,118,59,0
5,32,118,60,0
5,32,118,61,0
5,32,118,62,0
5,32,118,63,0
5,32,118,64,0
5,32,118,65,0
5,32,118,66,0
5,32,118,67,0
5,32,118,68,0
5,32,118,69,0
5,32,118,70,0
5,32,118,71,0
5,32,118,72,0
5,32,118,73,0
5,32,118,74,0
5,32,118,75,0
5,32,118,76,0
5,32,118,77,0
5,32,118,78,0
5,32,118,79,0
5,32,118,80,0
5,32,118,81,0
5,32,118,82,0
5,32,118,83,0
5,32,118,84,0
5,32,118,85,0
5,32,118,86,0
5,32,118,87,0
5,32,118,88,0
5,32,118,89,0
5,32,118,90,0
5,32,118,91,0
5,32,118,92,0
5,32,118,93,0
5,32,118,94,0
5,32,118,95,0
5,32,118,96,0
5,32,118,97,0
5,32,118,98,0
5,32,118,99,0
5,32,118,100,0
5,32,118,101,0
5,32,118,102,0
5,32,118,103,0
5,32,118,104,0
5,32,118,105,0
5,32,118,106,0
5,32,118,107,0
5,32,118,108,0
5,32,118,109,0
5,32,118,110,0
5,32,118,111,0
5,32,118,112,0
5,32,118,113,0
5,32,118,114,0
5,32,118,115,90252
5,32,118,116,48091360
5,32,118,117,10635671219
5,32,118,118,1353157506376
5,32,118,119,113644270366829
5,32,118,120,6804427110924475
5,32,118,121,305333847225694989
5,32,118,122,10637364211604227024
5,32,118,123,295424476867848897214
5,32,118,124,6677000923067594728719
5,32,118,125,124880125379276735027655
5,32,118,126,1959815926680286283337985
5,32,118,127,26114261336200995118973251
5,32,118,128,298482619631625986857816845
5,32,118,129,2952751141676924928839787227
5,32,118,130,25482068219226398592885478892
5,32,118,131,193192223593510052757278477494
5,32,118,132,1294798528622223637542625170050
5,32,118,133,7714100249793699377956581913101
5,32,118,134,41057025339402815268417665188495
5,32,118,135,196075315726382399721898566902694
5,32,118,136,843527257002077640969159423246562
5,32,118,137,3280525146455580492462248282995546
5,32,118,138,11569850292316434653353535985687219
5,32,118,139,37110135626333906138317369064660504
5,32,118,140,108534591562175376571965855694047059
5,32,118,141,290131679077656964741813518855237122
5,32,118,142,710464157128416177789159428346001966
5,32,118,143,1597063495476250198840751206430578844
5,32,118,144,3302221967634571363836930441546623377
5,32,118,145,6292675225539782570745835275213151170
5,32,118,146,11072087925678432214315134169452257824
5,32,118,147,18021690182333392630913025417554337163
5,32,118,148,27185127055281302667827280661776285045
5,32,118,149,38074083337699604821311975980060656227
5,32,118,150,49599516763001589087609528243538172275
5,32,118,151,60208461911633952601324538991936698251
5,32,118,152,68225123675063691256007124166852801778
5,32,118,153,72293904498725392361929498920560224558
5,32,118,154,71759390311674839200730647084595993216
5,32,118,155,66835267473117042675384025280033094575
5,32,118,156,58504509566473534874282025167718541268
5,32,118,157,48206865332012436276264688689993339634
5,32,118,158,37446565765090318430185207342900898624
5,32,118,159,27460680375025088640521495763447246743
5,32,118,160,19036252061723224959486300290419620479
5,32,118,161,12489834233416787693213220711226484005
5,32,118,162,7764773538750495719608756000709773746
5,32,118,163,4578737004254063365840675249190659831
5,32,118,164,2563363586849479503841005162479242697
5,32,118,165,1363575625619207139880468856279249155
5,32,118,166,689704582829355173259429008807388496
5,32,118,167,331913719232491967265467271851786604
5,32,118,168,152048264962769877989044783349445295
5,32,118,169,66328496952847439489813983689624322
5,32,118,170,27561412695555216302869411393103774
5,32,118,171,10910816236849456778890180486576763
5,32,118,172,4115195824332895740514735274583280
5,32,118,173,1478683240353380840959050049515792
5,32,118,174,506099037027641779940266380569033
5,32,118,175,164947633966140051916761267028956
5,32,118,176,51171891390442731373541058991886
5,32,118,177,15103116998991258890757372031073
5,32,118,178,4238162701030385443328272173848
5,32,118,179,1129909958868319929043887961827
5,32,118,180,285957012230362205319777391824
5,32,118,181,68634953573126347783850615349
5,32,118,182,15607878709317791377131750849
5,32,118,183,3359257104881332425707890196
5,32,118,184,683575610687697079328079374
5,32,118,185,131381339351839633798306417
5,32,118,186,23827936621931655032056215
5,32,118,187,4074900317786913844459497
5,32,118,188,656743122415075117429811
5,32,118,189,99726347809072167568226
5,32,118,190,14268113932266089763544
5,32,118,191,1923802390876026781584
5,32,118,192,244514669839523798965
5,32,118,193,29296916083890970931
5,32,118,194,3307549238661498484
5,32,118,195,351387418199031141
5,32,118,196,35042598949535766
5,32,118,197,3267891930598877
5,32,118,198,283411242721855
5,32,118,199,22689081017278
5,32,118,200,1660336628984
5,32,118,201,109620736090
5,32,118,202,6418052102
5,32,118,203,325051415
5,32,118,204,13728297
5,32,118,205,458879
5,32,118,206,10366
5,32,118,207,126
5,32,118,208,0
5,32,118,209,0
5,32,118,210,0
5,32,118,211,0
5,32,118,212,0
5,32,118,213,0
5,32,118,214,0
5,32,118,215,0
5,32,118,216,0
5,32,118,217,0
5,32,118,218,0
5,32,118,219,0
5,32,118,220,0
5,32,118,221,0
5,32,118,222,0
5,32,118,223,0
5,32,118,224,0
5,32,118,225,0
5,32,118,226,0
5,32,118,227,0
5,32,118,228,0
5,32,118,229,0
5,32,118,230,0
5,32,118,231,0
5,32,118,232,0
5,32,118,233,0
5,32,118,234,0
5,32,118,235,0
5,32,118,236,0
5,32,118,237,0
5,32,118,238,0
5,32,118,239,0
5,32,118,240,0
5,32,118,241,0
5,32,118,242,0
5,32,118,243,0
5,32,118,244,0
5,32,118,245,0
5,32,118,246,0
5,32,118,247,0
5,32,118,248,0
5,32,118,249,0
5,32,118,250,0
5,32,118,251,0
5,32,118,252,0
5,32,118,253,0
5,32,118,254,0
5,32,118,255,0
5,32,118,256,0
5,32,118,257,0
5,32,118,258,0
5,32,118,259,0
5,32,118,260,0
5,32,118,261,0
5,32,118,262,0
5,32,118,263,0
5,32,118,264,0
5,32,118,265,0
5,32,118,266,0
5,32,118,267,0
5,32,118,268,0
5,32,118,269,0
5,32,118,270,0
5,32,118,271,0
5,32,118,272,0
5,32,118,273,0
5,32,118,274,0
5,32,118,275,0
5,32,118,276,0
5,32,118,277,0
5,32,118,278,0
5,32,118,279,0
5,32,118,280,0
5,32,118,281,0
5,32,118,282,0
5,32,118,283,0
5,32,119,0,0
5,32,119,1,0
5,32,119,2,0
5,32,119,3,0
5,32,119,4,0
5,32,119,5,0
5,32,119,6,0
5,32,119,7,0
5,32,119,8,0
5,32,119,9,0
5,32,119,10,0
5,32,119,11,0
5,32,119,12,0
5,32,119,13,0
5,32,119,14,0
5,32,119,15,0
5,32,119,16,0
5,32,119,17,0
5,32,119,18,0
5,32,119,19,0
5,32,119,20,0
5,32,119,21,0
5,32,119,22,0
5,32,119,23,0
5,32,119,24,0
5,32,119,25,0
5,32,119,26,0
5,32,119,27,0
5,32,119,28,0
5,32,119,29,0
5,32,119,30,0
5,32,119,31,0
5,32,119,32,0
5,32,119,33,0
5,32,119,34,0
5,32,119,35,0
5,32,119,36,0
5,32,119,37,0
5,32,119,38,0
5,32,119,39,0
5,32,119,40,0
5,32,119,41,0
5,32,119,42,0
5,32,119,43,0
5,32,119,44,0
5,32,119,45,0
5,32,119,46,0
5,32,119,47,0
5,32,119,48,0
5,32,119,49,0
5,32,119,50,0
5,32,119,51,0
5,32,119,52,0
5,32,119,53,0
5,32,119,54,0
5,32,119,55,0
5,32,119,56,0
5,32,119,57,0
5,32,119,58,0
5,32,119,59,0
5,32,119,60,0
5,32,119,61,0
5,32,119,62,0
5,32,119,63,0
5,32,119,64,0
5,32,119,65,0
5,32,119,66,0
5,32,119,67,0
5,32,119,68,0
5,32,119,69,0
5,32,119,70,0
5,32,119,71,0
5,32,119,72,0
5,32,119,73,0
5,32,119,74,0
5,32,119,75,0
5,32,119,76,0
5,32,119,77,0
5,32,119,78,0
5,32,119,79,0
5,32,119,80,0
5,32,119,81,0
5,32,119,82,0
5,32,119,83,0
5,32,119,84,0
5,32,119,85,0
5,32,119,86,0
5,32,119,87,0
5,32,119,88,0
5,32,119,89,0
5,32,119,90,0
5,32,119,91,0
5,32,119,92,0
5,32,119,93,0
5,32,119,94,0
5,32,119,95,0
5,32,119,96,0
5,32,119,97,0
5,32,119,98,0
5,32,119,99,0
5,32,119,100,0
5,32,119,101,0
5,32,119,102,0
5,32,119,103,0
5,32,119,104,0
5,32,119,105,0
5,32,119,106,0
5,32,119,107,0
5,32,119,108,0
5,32,119,109,0
5,32,119,110,0
5,32,119,111,0
5,32,119,112,0
5,32,119,113,0
5,32,119,114,0
5,32,119,115,0
5,32,119,116,0
5,32,119,117,0
5,32,119,118,0
5,32,119,119,1317422
5,32,119,120,582189774
5,32,119,121,110974217088
5,32,119,122,12414132709192
5,32,119,123,928157578403420
5,32,119,124,49907906501028000
5,32,119,125,2024021539691699676
5,32,119,126,64023931194669802732
5,32,119,127,1619818603174745240362
5,32,119,128,33429319862740603284342
5,32,119,129,571805216095834159418028
5,32,119,130,8214902625064016637318202
5,32,119,131,100258116076636569019613592
5,32,119,132,1049741621550383027994361180
5,32,119,133,9511746436732016734613108156
5,32,119,134,75161867376953751061884236150
5,32,119,135,521525361858794563682973335168
5,32,119,136,3197101074689341167334524894968
5,32,119,137,17410836880164108517882077319278
5,32,119,138,84643195580262479723892320341278
5,32,119,139,368957402239224476211776627813402
5,32,119,140,1447697345698356120307945165986268
5,32,119,141,5131345664363100265349284645806726
5,32,119,142,16482574348047000371114042716951036
5,32,119,143,48119877433391341823548534837313312
5,32,119,144,128024688372642149664362430805668512
5,32,119,145,311182322759655888398336103047670636
5,32,119,146,692637270864050627815971312364018454
5,32,119,147,1414929793170912925435732789443865006
5,32,119,148,2658480915553592161273170077917496308
5,32,119,149,4603696225681848799261109036490193114
5,32,119,150,7362749465328189479420453554066674792
5,32,119,151,10896967030060001968761474666773659362
5,32,119,152,14954251251972192794168506876355558416
5,32,119,153,19066386391042912343647476133840642506
5,32,119,154,22628578583573874159654633864518719128
5,32,119,155,25047175343227270072994511008465262404
5,32,119,156,25905016127925298698692717246877742370
5,32,119,157,25079751604250433045562722509420437678
5,32,119,158,22768935734146525423526431424274204336
5,32,119,159,19416867601357254661844416426135750658
5,32,119,160,15578876996709322328889604784167293682
5,32,119,161,11778238905289668041346258129129663964
5,32,119,162,8403077394726198904526817803567623036
5,32,119,163,5664921795916541318186442093090197788
5,32,119,164,3613148681729208448667301324779395766
5,32,119,165,2182761622296592528648307086640969238
5,32,119,166,1250258190856400880423063417904935634
5,32,119,167,679612968762304875990133394804522312
5,32,119,168,350863683278003231974859853002983014
5,32,119,169,172157692936175495648336339557544632
5,32,119,170,80328931971835217277984471541997128
5,32,119,171,35659145544670455740053628640964370
5,32,119,172,15064972758075318790105510117048940
5,32,119,173,6058404647028705420653424603102134
5,32,119,174,2319440813640626491735631295566726
5,32,119,175,845345245845946302339396606280610
5,32,119,176,293257497145325074997918502977712
5,32,119,177,96808608292666771150705415809016
5,32,119,178,30399141796954846333407941839764
5,32,119,179,9075505590018118963773644166684
5,32,119,180,2574362613728150268772892410516
5,32,119,181,693320707342960439146339574400
5,32,119,182,177129941975932598592347990066
5,32,119,183,42887142374073783314568739056
5,32,119,184,9830754432922570935114889934
5,32,119,185,2131044253046723349378237274
5,32,119,186,436369441998915535610277000
5,32,119,187,84312546536384960650650522
5,32,119,188,15355396587236039402203142
5,32,119,189,2633788968716236695545832
5,32,119,190,425175451529701921130230
5,32,119,191,64574236128988612247624
5,32,119,192,9226100307647841112410
5,32,119,193,1240256129281936503544
5,32,119,194,156906183316374921716
5,32,119,195,18682143229894876210
5,32,119,196,2092520556569965374
5,32,119,197,220186540943665372
5,32,119,198,21711817000082950
5,32,119,199,1998291835192664
5,32,119,200,170688226289242
5,32,119,201,13426474255822
5,32,119,202,962658304718
5,32,119,203,62055375322
5,32,119,204,3530960696
5,32,119,205,172700650
5,32,119,206,6975908
5,32,119,207,218610
5,32,119,208,4578
5,32,119,209,36
5,32,119,210,0
5,32,119,211,0
5,32,119,212,0
5,32,119,213,0
5,32,119,214,0
5,32,119,215,0
5,32,119,216,0
5,32,119,217,0
5,32,119,218,0
5,32,119,219,0
5,32,119,220,0
5,32,119,221,0
5,32,119,222,0
5,32,119,223,0
5,32,119,224,0
5,32,119,225,0
5,32,119,226,0
5,32,119,227,0
5,32,119,228,0
5,32,119,229,0
5,32,119,230,0
5,32,119,231,0
5,32,119,232,0
5,32,119,233,0
5,32,119,234,0
5,32,119,235,0
5,32,119,236,0
5,32,119,237,0
5,32,119,238,0
5,32,119,239,0
5,32,119,240,0
5,32,119,241,0
5,32,119,242,0
5,32,119,243,0
5,32,119,244,0
5,32,119,245,0
5,32,119,246,0
5,32,119,247,0
5,32,119,248,0
5,32,119,249,0
5,32,119,250,0
5,32,119,251,0
5,32,119,252,0
5,32,119,253,0
5,32,119,254,0
5,32,119,255,0
5,32,119,256,0
5,32,119,257,0
5,32,119,258,0
5,32,119,259,0
5,32,119,260,0
5,32,119,261,0
5,32,119,262,0
5,32,119,263,0
5,32,119,264,0
5,32,119,265,0
5,32,119,266,0
5,32,119,267,0
5,32,119,268,0
5,32,119,269,0
5,32,119,270,0
5,32,119,271,0
5,32,119,272,0
5,32,119,273,0
5,32,119,274,0
5,32,119,275,0
5,32,119,276,0
5,32,119,277,0
5,32,119,278,0
5,32,119,279,0
5,32,119,280,0
5,32,119,281,0
5,32,119,282,0
5,32,119,283,0
5,32,120,0,0
5,32,120,1,0
5,32,120,2,0
5,32,120,3,0
5,32,120,4,0
5,32,120,5,0
5,32,120,6,0
5,32,120,7,0
5,32,120,8,0
5,32,120,9,0
5,32,120,10,0
5,32,120,11,0
5,32,120,12,0
5,32,120,13,0
5,32,120,14,0
5,32,120,15,0
5,32,120,16,0
5,32,120,17,0
5,32,120,18,0
5,32,120,19,0
5,32,120,20,0
5,32,120,21,0
5,32,120,22,0
5,32,120,23,0
5,32,120,24,0
5,32,120,25,0
5,32,120,26,0
5,32,120,27,0
5,32,120,28,0
5,32,120,29,0
5,32,120,30,0
5,32,120,31,0
5,32,120,32,0
5,32,120,33,0
5,32,120,34,0
5,32,120,35,0
5,32,120,36,0
5,32,120,37,0
5,32,120,38,0
5,32,120,39,0
5,32,120,40,0
5,32,120,41,0
5,32,120,42,0
5,32,120,43,0
5,32,120,44,0
5,32,120,45,0
5,32,120,46,0
5,32,120,47,0
5,32,120,48,0
5,32,120,49,0
5,32,120,50,0
5,32,120,51,0
5,32,120,52,0
5,32,120,53,0
5,32,120,54,0
5,32,120,55,0
5,32,120,56,0
5,32,120,57,0
5,32,120,58,0
5,32,120,59,0
5,32,120,60,0
5,32,120,61,0
5,32,120,62,0
5,32,120,63,0
5,32,120,64,0
5,32,120,65,0
5,32,120,66,0
5,32,120,67,0
5,32,120,68,0
5,32,120,69,0
5,32,120,70,0
5,32,120,71,0
5,32,120,72,0
5,32,120,73,0
5,32,120,74,0
5,32,120,75,0
5,32,120,76,0
5,32,120,77,0
5,32,120,78,0
5,32,120,79,0
5,32,120,80,0
5,32,120,81,0
5,32,120,82,0
5,32,120,83,0
5,32,120,84,0
5,32,120,85,0
5,32,120,86,0
5,32,120,87,0
5,32,120,88,0
5,32,120,89,0
5,32,120,90,0
5,32,120,91,0
5,32,120,92,0
5,32,120,93,0
5,32,120,94,0
5,32,120,95,0
5,32,120,96,0
5,32,120,97,0
5,32,120,98,0
5,32,120,99,0
5,32,120,100,0
5,32,120,101,0
5,32,120,102,0
5,32,120,103,0
5,32,120,104,0
5,32,120,105,0
5,32,120,106,0
5,32,120,107,0
5,32,120,108,0
5,32,120,109,0
5,32,120,110,0
5,32,120,111,0
5,32,120,112,0
5,32,120,113,0
5,32,120,114,0
5,32,120,115,0
5,32,120,116,0
5,32,120,117,0
5,32,120,118,0
5,32,120,119,0
5,32,120,120,0
5,32,120,121,0
5,32,120,122,0
5,32,120,123,15427084
5,32,120,124,5871893518
5,32,120,125,983976297715
5,32,120,126,97975916352947
5,32,120,127,6576377380999953
5,32,120,128,319427312583137943
5,32,120,129,11753851818274531504
5,32,120,130,338403746532814023146
5,32,120,131,7809583073079606115605
5,32,120,132,147222052731267949227387
5,32,120,133,2302196429211740620414365
5,32,120,134,30249636951407153159081579
5,32,120,135,337670005530059137046711258
5,32,120,136,3233235028475843680860045698
5,32,120,137,26782307210011956516957404378
5,32,120,138,193381633462301029600707641896
5,32,120,139,1225412524995177549860606349572
5,32,120,140,6856239313733078366777067292693
5,32,120,141,34055657859470897849665916872950
5,32,120,142,150907643975314051570985955834633
5,32,120,143,599176575600008774332774977663933
5,32,120,144,2140100328307134523288215509219343
5,32,120,145,6900818648465092245148025992819780
5,32,120,146,20154313498731825156459204382785573
5,32,120,147,53473126377475327777446952659153241
5,32,120,148,129243665683613694692980441492075885
5,32,120,149,285312357243362090673658104705226804
5,32,120,150,576690623732903049580005160365052718
5,32,120,151,1069806159167282885235753596585582202
5,32,120,152,1825587107880378617594399142574784376
5,32,120,153,2872138231270928460618657805757416565
5,32,120,154,4175069780224443671322555963078064970
5,32,120,155,5619678298703522143317485096055613358
5,32,120,156,7018858406866056549204377497554321212
5,32,120,157,8151361812575399066247575837143988924
5,32,120,158,8820329812381766155244235298664329777
5,32,120,159,8910257331078665720928140973004187281
5,32,120,160,8419371380889498445721793968818034888
5,32,120,161,7455133506191849730001409851354043073
5,32,120,162,6197046114652399829737844937260192744
5,32,120,163,4843906057512440064070250456136656241
5,32,120,164,3565939553828160213914807031017800819
5,32,120,165,2476051470127998904499534890484117456
5,32,120,166,1623847051710905723460567077602652413
5,32,120,167,1007101050493987695780708767309650136
5,32,120,168,591337200745683161386332755067701750
5,32,120,169,329057213977729974434855610584691203
5,32,120,170,173687666246344846971030752499747139
5,32,120,171,87028639621308767449390456235667519
5,32,120,172,41422097610746423570937110832817008
5,32,120,173,18737263768625700565764232199889211
5,32,120,174,8058574133817347242351872331060468
5,32,120,175,3296157260352126151327165196666677
5,32,120,176,1282391619693097908553247348797050
5,32,120,177,474577314852884422741716306941258
5,32,120,178,167040601420230315849663051324036
5,32,120,179,55906881016984168311661041233306
5,32,120,180,17786059746464301145477842689299
5,32,120,181,5375911568687951226326500370013
5,32,120,182,1542810935443244807289229453344
5,32,120,183,420084364147742798484910530559
5,32,120,184,108428963540926365363455124827
5,32,120,185,26504003774140782710762753070
5,32,120,186,6128645476456885848061227120
5,32,120,187,1339062044389924636983389568
5,32,120,188,276119914938739708844004601
5,32,120,189,53670353112536672147373371
5,32,120,190,9822384493386885399394669
5,32,120,191,1690868436855330436578284
5,32,120,192,273571032909278587033228
5,32,120,193,41579233552473456557447
5,32,120,194,5935299057608489319603
5,32,120,195,795791116684215835826
5,32,120,196,100237277925177712712
5,32,120,197,11861886632101585800
5,32,120,198,1318182915571481292
5,32,120,199,137376869543479051
5,32,120,200,13392130447891997
5,32,120,201,1216189115662042
5,32,120,202,102281901861709
5,32,120,203,7901923891075
5,32,120,204,554796704078
5,32,120,205,34890938491
5,32,120,206,1927506328
5,32,120,207,90957138
5,32,120,208,3492940
5,32,120,209,103228
5,32,120,210,1920
5,32,120,211,9
5,32,120,212,0
5,32,120,213,0
5,32,120,214,0
5,32,120,215,0
5,32,120,216,0
5,32,120,217,0
5,32,120,218,0
5,32,120,219,0
5,32,120,220,0
5,32,120,221,0
5,32,120,222,0
5,32,120,223,0
5,32,120,224,0
5,32,120,225,0
5,32,120,226,0
5,32,120,227,0
5,32,120,228,0
5,32,120,229,0
5,32,120,230,0
5,32,120,231,0
5,32,120,232,0
5,32,120,233,0
5,32,120,234,0
5,32,120,235,0
5,32,120,236,0
5,32,120,237,0
5,32,120,238,0
5,32,120,239,0
5,32,120,240,0
5,32,120,241,0
5,32,120,242,0
5,32,120,243,0
5,32,120,244,0
5,32,120,245,0
5,32,120,246,0
5,32,120,247,0
5,32,120,248,0
5,32,120,249,0
5,32,120,250,0
5,32,120,251,0
5,32,120,252,0
5,32,120,253,0
5,32,120,254,0
5,32,120,255,0
5,32,120,256,0
5,32,120,257,0
5,32,120,258,0
5,32,120,259,0
5,32,120,260,0
5,32,120,261,0
5,32,120,262,0
5,32,120,263,0
5,32,120,264,0
5,32,120,265,0
5,32,120,266,0
5,32,120,267,0
5,32,120,268,0
5,32,120,269,0
5,32,120,270,0
5,32,120,271,0
5,32,120,272,0
5,32,120,273,0
5,32,120,274,0
5,32,120,275,0
5,32,120,276,0
5,32,120,277,0
5,32,120,278,0
5,32,120,279,0
5,32,120,280,0
5,32,120,281,0
5,32,120,282,0
5,32,120,283,0
5,32,121,0,0
5,32,121,1,0
5,32,121,2,0
5,32,121,3,0
5,32,121,4,0
5,32,121,5,0
5,32,121,6,0
5,32,121,7,0
5,32,121,8,0
5,32,121,9,0
5,32,121,10,0
5,32,121,11,0
5,32,121,12,0
5,32,121,13,0
5,32,121,14,0
5,32,121,15,0
5,32,121,16,0
5,32,121,17,0
5,32,121,18,0
5,32,121,19,0
5,32,121,20,0
5,32,121,21,0
5,32,121,22,0
5,32,121,23,0
5,32,121,24,0
5,32,121,25,0
5,32,121,26,0
5,32,121,27,0
5,32,121,28,0
5,32,121,29,0
5,32,121,30,0
5,32,121,31,0
5,32,121,32,0
5,32,121,33,0
5,32,121,34,0
5,32,121,35,0
5,32,121,36,0
5,32,121,37,0
5,32,121,38,0
5,32,121,39,0
5,32,121,40,0
5,32,121,41,0
5,32,121,42,0
5,32,121,43,0
5,32,121,44,0
5,32,121,45,0
5,32,121,46,0
5,32,121,47,0
5,32,121,48,0
5,32,121,49,0
5,32,121,50,0
5,32,121,51,0
5,32,121,52,0
5,32,121,53,0
5,32,121,54,0
5,32,121,55,0
5,32,121,56,0
5,32,121,57,0
5,32,121,58,0
5,32,121,59,0
5,32,121,60,0
5,32,121,61,0
5,32,121,62,0
5,32,121,63,0
5,32,121,64,0
5,32,121,65,0
5,32,121,66,0
5,32,121,67,0
5,32,121,68,0
5,32,121,69,0
5,32,121,70,0
5,32,121,71,0
5,32,121,72,0
5,32,121,73,0
5,32,121,74,0
5,32,121,75,0
5,32,121,76,0
5,32,121,77,0
5,32,121,78,0
5,32,121,79,0
5,32,121,80,0
5,32,121,81,0
5,32,121,82,0
5,32,121,83,0
5,32,121,84,0
5,32,121,85,0
5,32,121,86,0
5,32,121,87,0
5,32,121,88,0
5,32,121,89,0
5,32,121,90,0
5,32,121,91,0
5,32,121,92,0
5,32,121,93,0
5,32,121,94,0
5,32,121,95,0
5,32,121,96,0
5,32,121,97,0
5,32,121,98,0
5,32,121,99,0
5,32,121,100,0
5,32,121,101,0
5,32,121,102,0
5,32,121,103,0
5,32,121,104,0
5,32,121,105,0
5,32,121,106,0
5,32,121,107,0
5,32,121,108,0
5,32,121,109,0
5,32,121,110,0
5,32,121,111,0
5,32,121,112,0
5,32,121,113,0
5,32,121,114,0
5,32,121,115,0
5,32,121,116,0
5,32,121,117,0
5,32,121,118,0
5,32,121,119,0
5,32,121,120,0
5,32,121,121,0
5,32,121,122,0
5,32,121,123,0
5,32,121,124,0
5,32,121,125,0
5,32,121,126,0
5,32,121,127,150439204
5,32,121,128,50335612310
5,32,121,129,7507859531152
5,32,121,130,671025888361788
5,32,121,131,40671406351477894
5,32,121,132,1791434806156762052
5,32,121,133,59954569842187963124
5,32,121,134,1573097108253935789588
5,32,121,135,33126131072192414959724
5,32,121,136,570215671734858824667534
5,32,121,137,8144260811740471582853042
5,32,121,138,97737370714184064731005248
5,32,121,139,996231575253104918765096128
5,32,121,140,8706956152357726176540812308
5,32,121,141,65800828865662541939510831930
5,32,121,142,433230997565283833290383184414
5,32,121,143,2501828674596132745796271145212
5,32,121,144,12748902868685905068615745761712
5,32,121,145,57640165290610934640705886982116
5,32,121,146,232346964748219608877305588698340
5,32,121,147,838728282694613779336195515997384
5,32,121,148,2722136653290372704070069202383798
5,32,121,149,7972237092020423794614078795783522
5,32,121,150,21138782358161224697259590812944762
5,32,121,151,50903843245647542704702820666709216
5,32,121,152,111647102466217231377037234828223252
5,32,121,153,223644342111851950068052077207213912
5,32,121,154,410219207488083811367123884361677998
5,32,121,155,690739591479543655547477815540114046
5,32,121,156,1070318846151038856217905762033441742
5,32,121,157,1529840555230931274769914964948987556
5,32,121,158,2021733538469610245611846791861440518
5,32,121,159,2475909876940130167455528981747592266
5,32,121,160,2816074940647159664219299511054952318
5,32,121,161,2981204109486807729395984876822926868
5,32,121,162,2943661557624239868347203924029745472
5,32,121,163,2716501925260160636298864511441597466
5,32,121,164,2347458781766299998878521813136703000
5,32,121,165,1903049237491261057090570556739817988
5,32,121,166,1449836960034590458018230017914916990
5,32,121,167,1039704572694936411803672630044482652
5,32,121,168,702871454776619398636252889469282914
5,32,121,169,448556865485398017156998152306438900
5,32,121,170,270570687707749539056813069112777796
5,32,121,171,154438682035132395564711671888637702
5,32,121,172,83498337322076715518464662981601716
5,32,121,173,42798021219969518719015361619354456
5,32,121,174,20812036692992305544589510061193018
5,32,121,175,9607589609564104646001151490283046
5,32,121,176,4212404610221262673359281559986938
5,32,121,177,1754732654351793408736412984886026
5,32,121,178,694622599163943547399134501302106
5,32,121,179,261323044539666228538985849670892
5,32,121,180,93427035647798926208065655325748
5,32,121,181,31735806715216836362523481583176
5,32,121,182,10239174465535951740366432526172
5,32,121,183,3136280473468726951030139614148
5,32,121,184,911454943104752459146657855512
5,32,121,185,251131891477697434001456724110
5,32,121,186,65543948519949980802440592410
5,32,121,187,16187881109199283020708751606
5,32,121,188,3779089087330443684834787304
5,32,121,189,832906802836484545703475878
5,32,121,190,173086491219658018296789394
5,32,121,191,33870757574737105739010248
5,32,121,192,6233574548785882474218692
5,32,121,193,1077719829031698528090430
5,32,121,194,174873440743271310621472
5,32,121,195,26613679798257881560936
5,32,121,196,3797556680647228995154
5,32,121,197,508051909758522129126
5,32,121,198,63734577352630943060
5,32,121,199,7497571750044965352
5,32,121,200,826709469039501548
5,32,121,201,85327927849286580
5,32,121,202,8222382938888412
5,32,121,203,736608495393294
5,32,121,204,60974134854898
5,32,121,205,4624509329732
5,32,121,206,317761693580
5,32,121,207,19482956532
5,32,121,208,1043510150
5,32,121,209,47431912
5,32,121,210,1734790
5,32,121,211,46748
5,32,121,212,840
5,32,121,213,0
5,32,121,214,0
5,32,121,215,0
5,32,121,216,0
5,32,121,217,0
5,32,121,218,0
5,32,121,219,0
5,32,121,220,0
5,32,121,221,0
5,32,121,222,0
5,32,121,223,0
5,32,121,224,0
5,32,121,225,0
5,32,121,226,0
5,32,121,227,0
5,32,121,228,0
5,32,121,229,0
5,32,121,230,0
5,32,121,231,0
5,32,121,232,0
5,32,121,233,0
5,32,121,234,0
5,32,121,235,0
5,32,121,236,0
5,32,121,237,0
5,32,121,238,0
5,32,121,239,0
5,32,121,240,0
5,32,121,241,0
5,32,121,242,0
5,32,121,243,0
5,32,121,244,0
5,32,121,245,0
5,32,121,246,0
5,32,121,247,0
5,32,121,248,0
5,32,121,249,0
5,32,121,250,0
5,32,121,251,0
5,32,121,252,0
5,32,121,253,0
5,32,121,254,0
5,32,121,255,0
5,32,121,256,0
5,32,121,257,0
5,32,121,258,0
5,32,121,259,0
5,32,121,260,0
5,32,121,261,0
5,32,121,262,0
5,32,121,263,0
5,32,121,264,0
5,32,121,265,0
5,32,121,266,0
5,32,121,267,0
5,32,121,268,0
5,32,121,269,0
5,32,121,270,0
5,32,121,271,0
5,32,121,272,0
5,32,121,273,0
5,32,121,274,0
5,32,121,275,0
5,32,121,276,0
5,32,121,277,0
5,32,121,278,0
5,32,121,279,0
5,32,121,280,0
5,32,121,281,0
5,32,121,282,0
5,32,121,283,0
5,32,122,0,0
5,32,122,1,0
5,32,122,2,0
5,32,122,3,0
5,32,122,4,0
5,32,122,5,0
5,32,122,6,0
5,32,122,7,0
5,32,122,8,0
5,32,122,9,0
5,32,122,10,0
5,32,122,11,0
5,32,122,12,0
5,32,122,13,0
5,32,122,14,0
5,32,122,15,0
5,32,122,16,0
5,32,122,17,0
5,32,122,18,0
5,32,122,19,0
5,32,122,20,0
5,32,122,21,0
5,32,122,22,0
5,32,122,23,0
5,32,122,24,0
5,32,122,25,0
5,32,122,26,0
5,32,122,27,0
5,32,122,28,0
5,32,122,29,0
5,32,122,30,0
5,32,122,31,0
5,32,122,32,0
5,32,122,33,0
5,32,122,34,0
5,32,122,35,0
5,32,122,36,0
5,32,122,37,0
5,32,122,38,0
5,32,122,39,0
5,32,122,40,0
5,32,122,41,0
5,32,122,42,0
5,32,122,43,0
5,32,122,44,0
5,32,122,45,0
5,32,122,46,0
5,32,122,47,0
5,32,122,48,0
5,32,122,49,0
5,32,122,50,0
5,32,122,51,0
5,32,122,52,0
5,32,122,53,0
5,32,122,54,0
5,32,122,55,0
5,32,122,56,0
5,32,122,57,0
5,32,122,58,0
5,32,122,59,0
5,32,122,60,0
5,32,122,61,0
5,32,122,62,0
5,32,122,63,0
5,32,122,64,0
5,32,122,65,0
5,32,122,66,0
5,32,122,67,0
5,32,122,68,0
5,32,122,69,0
5,32,122,70,0
5,32,122,71,0
5,32,122,72,0
5,32,122,73,0
5,32,122,74,0
5,32,122,75,0
5,32,122,76,0
5,32,122,77,0
5,32,122,78,0
5,32,122,79,0
5,32,122,80,0
5,32,122,81,0
5,32,122,82,0
5,32,122,83,0
5,32,122,84,0
5,32,122,85,0
5,32,122,86,0
5,32,122,87,0
5,32,122,88,0
5,32,122,89,0
5,32,122,90,0
5,32,122,91,0
5,32,122,92,0
5,32,122,93,0
5,32,122,94,0
5,32,122,95,0
5,32,122,96,0
5,32,122,97,0
5,32,122,98,0
5,32,122,99,0
5,32,122,100,0
5,32,122,101,0
5,32,122,102,0
5,32,122,103,0
5,32,122,104,0
5,32,122,105,0
5,32,122,106,0
5,32,122,107,0
5,32,122,108,0
5,32,122,109,0
5,32,122,110,0
5,32,122,111,0
5,32,122,112,0
5,32,122,113,0
5,32,122,114,0
5,32,122,115,0
5,32,122,116,0
5,32,122,117,0
5,32,122,118,0
5,32,122,119,0
5,32,122,120,0
5,32,122,121,0
5,32,122,122,0
5,32,122,123,0
5,32,122,124,0
5,32,122,125,0
5,32,122,126,0
5,32,122,127,0
5,32,122,128,0
5,32,122,129,0
5,32,122,130,0
5,32,122,131,1247134984
5,32,122,132,371458074309
5,32,122,133,49731327295197
5,32,122,134,4012803748411542
5,32,122,135,220473750149026722
5,32,122,136,8827466789411824162
5,32,122,137,269037969976931038949
5,32,122,138,6435378018559326196471
5,32,122,139,123608768948233621323961
5,32,122,140,1941049275866867634292538
5,32,122,141,25287451950874890824827347
5,32,122,142,276711375089926162692641527
5,32,122,143,2570677225641170843057908681
5,32,122,144,20467030241813885502770373286
5,32,122,145,140827447957856605738552261308
5,32,122,146,843729029184627289213858397958
5,32,122,147,4431260522766222994895243364433
5,32,122,148,20525328224283941818353632896381
5,32,122,149,84305985323726574597529091043877
5,32,122,150,308579329418192346188726162523944
5,32,122,151,1010991572970463685494712985433283
5,32,122,152,2976863481301792395043924902866241
5,32,122,153,7907019010846852305446120999723147
5,32,122,154,19010755772034558385307048035902736
5,32,122,155,41505901981822863522225778187630705
5,32,122,156,82538335111727088272831852015237302
5,32,122,157,149928804463485256583213103660665435
5,32,122,158,249457041366114284349758059096490849
5,32,122,159,381192989924447793098663291684628111
5,32,122,160,536358928214484317438544414336228310
5,32,122,161,696658829955001463652469048095586674
5,32,122,162,837340297385437118558196035361185783
5,32,122,163,933542127923805903610875756026710311
5,32,122,164,967644792217459279751176013427195091
5,32,122,165,934569889917216945984060958722397161
5,32,122,166,842839028681243276358040937304467972
5,32,122,167,711202430478876553135973772534524795
5,32,122,168,562584602774919195844105594575848935
5,32,122,169,417933210686818698338916468016921432
5,32,122,170,292061342897260759820700821680179171
5,32,122,171,192289796025149825587197994999131264
5,32,122,172,119443261170657291927169370443137163
5,32,122,173,70087243137151711902217326229021302
5,32,122,174,38893458618724175963873311409665923
5,32,122,175,20431586394383764501301345408734170
5,32,122,176,10169096751741406900829514468990574
5,32,122,177,4798697355729988299054017898639835
5,32,122,178,2148176685604568408343912009073770
5,32,122,179,912654077670594417295022171835934
5,32,122,180,368090483666216656117878466480126
5,32,122,181,140953600178744347216024592204547
5,32,122,182,51247161665629944355262387085159
5,32,122,183,17687710773816213915997409796315
5,32,122,184,5793676652573289170258911165346
5,32,122,185,1800222664700592651478425473952
5,32,122,186,530312090613613660348396416143
5,32,122,187,147995893474200738188584433240
5,32,122,188,39092784692335535006891329936
5,32,122,189,9763987693721632110443575350
5,32,122,190,2303243909548254282017558407
5,32,122,191,512489088558667585127812602
5,32,122,192,107417514798996115138626567
5,32,122,193,21179096010471899762611765
5,32,122,194,3922702317824104215987867
5,32,122,195,681637263384785218721085
5,32,122,196,111003101522442845571607
5,32,122,197,16926716829447595602906
5,32,122,198,2415761533320736546101
5,32,122,199,322635035465122666323
5,32,122,200,40324691582910003928
5,32,122,201,4716695726354179140
5,32,122,202,516089724680576889
5,32,122,203,52754120311324820
5,32,122,204,5024334463477151
5,32,122,205,443921926099504
5,32,122,206,36156249458232
5,32,122,207,2690888156250
5,32,122,208,180846026819
5,32,122,209,10800964650
5,32,122,210,560322044
5,32,122,211,24466259
5,32,122,212,850744
5,32,122,213,20950
5,32,122,214,320
5,32,122,215,0
5,32,122,216,0
5,32,122,217,0
5,32,122,218,0
5,32,122,219,0
5,32,122,220,0
5,32,122,221,0
5,32,122,222,0
5,32,122,223,0
5,32,122,224,0
5,32,122,225,0
5,32,122,226,0
5,32,122,227,0
5,32,122,228,0
5,32,122,229,0
5,32,122,230,0
5,32,122,231,0
5,32,122,232,0
5,32,122,233,0
5,32,122,234,0
5,32,122,235,0
5,32,122,236,0
5,32,122,237,0
5,32,122,238,0
5,32,122,239,0
5,32,122,240,0
5,32,122,241,0
5,32,122,242,0
5,32,122,243,0
5,32,122,244,0
5,32,122,245,0
5,32,122,246,0
5,32,122,247,0
5,32,122,248,0
5,32,122,249,0
5,32,122,250,0
5,32,122,251,0
5,32,122,252,0
5,32,122,253,0
5,32,122,254,0
5,32,122,255,0
5,32,122,256,0
5,32,122,257,0
5,32,122,258,0
5,32,122,259,0
5,32,122,260,0
5,32,122,261,0
5,32,122,262,0
5,32,122,263,0
5,32,122,264,0
5,32,122,265,0
5,32,122,266,0
5,32,122,267,0
5,32,122,268,0
5,32,122,269,0
5,32,122,270,0
5,32,122,271,0
5,32,122,272,0
5,32,122,273,0
5,32,122,274,0
5,32,122,275,0
5,32,122,276,0
5,32,122,277,0
5,32,122,278,0
5,32,122,279,0
5,32,122,280,0
5,32,122,281,0
5,32,122,282,0
5,32,122,283,0
5,32,123,0,0
5,32,123,1,0
5,32,123,2,0
5,32,123,3,0
5,32,123,4,0
5,32,123,5,0
5,32,123,6,0
5,32,123,7,0
5,32,123,8,0
5,32,123,9,0
5,32,123,10,0
5,32,123,11,0
5,32,123,12,0
5,32,123,13,0
5,32,123,14,0
5,32,123,15,0
5,32,123,16,0
5,32,123,17,0
5,32,123,18,0
5,32,123,19,0
5,32,123,20,0
5,32,123,21,0
5,32,123,22,0
5,32,123,23,0
5,32,123,24,0
5,32,123,25,0
5,32,123,26,0
5,32,123,27,0
5,32,123,28,0
5,32,123,29,0
5,32,123,30,0
5,32,123,31,0
5,32,123,32,0
5,32,123,33,0
5,32,123,34,0
5,32,123,35,0
5,32,123,36,0
5,32,123,37,0
5,32,123,38,0
5,32,123,39,0
5,32,123,40,0
5,32,123,41,0
5,32,123,42,0
5,32,123,43,0
5,32,123,44,0
5,32,123,45,0
5,32,123,46,0
5,32,123,47,0
5,32,123,48,0
5,32,123,49,0
5,32,123,50,0
5,32,123,51,0
5,32,123,52,0
5,32,123,53,0
5,32,123,54,0
5,32,123,55,0
5,32,123,56,0
5,32,123,57,0
5,32,123,58,0
5,32,123,59,0
5,32,123,60,0
5,32,123,61,0
5,32,123,62,0
5,32,123,63,0
5,32,123,64,0
5,32,123,65,0
5,32,123,66,0
5,32,123,67,0
5,32,123,68,0
5,32,123,69,0
5,32,123,70,0
5,32,123,71,0
5,32,123,72,0
5,32,123,73,0
5,32,123,74,0
5,32,123,75,0
5,32,123,76,0
5,32,123,77,0
5,32,123,78,0
5,32,123,79,0
5,32,123,80,0
5,32,123,81,0
5,32,123,82,0
5,32,123,83,0
5,32,123,84,0
5,32,123,85,0
5,32,123,86,0
5,32,123,87,0
5,32,123,88,0
5,32,123,89,0
5,32,123,90,0
5,32,123,91,0
5,32,123,92,0
5,32,123,93,0
5,32,123,94,0
5,32,123,95,0
5,32,123,96,0
5,32,123,97,0
5,32,123,98,0
5,32,123,99,0
5,32,123,100,0
5,32,123,101,0
5,32,123,102,0
5,32,123,103,0
5,32,123,104,0
5,32,123,105,0
5,32,123,106,0
5,32,123,107,0
5,32,123,108,0
5,32,123,109,0
5,32,123,110,0
5,32,123,111,0
5,32,123,112,0
5,32,123,113,0
5,32,123,114,0
5,32,123,115,0
5,32,123,116,0
5,32,123,117,0
5,32,123,118,0
5,32,123,119,0
5,32,123,120,0
5,32,123,121,0
5,32,123,122,0
5,32,123,123,0
5,32,123,124,0
5,32,123,125,0
5,32,123,126,0
5,32,123,127,0
5,32,123,128,0
5,32,123,129,0
5,32,123,130,0
5,32,123,131,0
5,32,123,132,0
5,32,123,133,0
5,32,123,134,0
5,32,123,135,8904345398
5,32,123,136,2380837134926
5,32,123,137,287754211764438
5,32,123,138,21042516902462114
5,32,123,139,1050500074718521170
5,32,123,140,38280513266834943238
5,32,123,141,1062808240710682326826
5,32,123,142,23167405691187344570404
5,32,123,143,405516337791884292033154
5,32,123,144,5801378716915805374487730
5,32,123,145,68824837246554620898913476
5,32,123,146,685465382038773589726420568
5,32,123,147,5792723769582809437316321598
5,32,123,148,41929904602746357881624253230
5,32,123,149,262151491422628746846345000488
5,32,123,150,1426376465315551169163612915102
5,32,123,151,6799928467519906296990392786698
5,32,123,152,28576207734047627573148778612404
5,32,123,153,106443067350249171423761992756626
5,32,123,154,353181770210661706576224846599088
5,32,123,155,1048593376285790730798953280183200
5,32,123,156,2797289956810907742133099018330866
5,32,123,157,6730450887684331967294479893860566
5,32,123,158,14657760363100423361326713922390398
5,32,123,159,28990484856670989273943589782960776
5,32,123,160,52237262753016816524935099356165510
5,32,123,161,86011083865065847895270344889293976
5,32,123,162,129789487818161975231846627788460374
5,32,123,163,179992718495912610224887013983763732
5,32,123,164,230028244250813113266770232813183390
5,32,123,165,271619702385321033717202008409279588
5,32,123,166,297098192216848144595310819885301464
5,32,123,167,301759781614763132305772129860906988
5,32,123,168,285275850268305175864555685549737828
5,32,123,169,251583665464885506229574788712327460
5,32,123,170,207411558315248200373468615560214056
5,32,123,171,160169586218669345037051663589318306
5,32,123,172,116072237165770771983646020110531896
5,32,123,173,79071712122924254455766321322417354
5,32,123,174,50715249524207567102303110151001454
5,32,123,175,30668775452412852322127033013139704
5,32,123,176,17508361418643670490082595082960750
5,32,123,177,9446504353736653528572243498785552
5,32,123,178,4821622449501830711067784444748834
5,32,123,179,2330055075425065237041906050972930
5,32,123,180,1066790720404907571211077169502758
5,32,123,181,462973550939093970860048895613848
5,32,123,182,190526557012408426722158699251484
5,32,123,183,74365258682376477063559346836226
5,32,123,184,27531297246927238751839108248770
5,32,123,185,9666857885081689975587124682612
5,32,123,186,3218389895973206545624688466958
5,32,123,187,1015572484405581110860709850422
5,32,123,188,303568991734098817052639809960
5,32,123,189,85894230664079483802440613770
5,32,123,190,22985162513697398885799821564
5,32,123,191,5811091606729458967147788064
5,32,123,192,1386373847537090788773973764
5,32,123,193,311705588120751226471989566
5,32,123,194,65952899446842507287796176
5,32,123,195,13113037301167453202700428
5,32,123,196,2446268004550134780477532
5,32,123,197,427579234892635032051142
5,32,123,198,69934466890607555089934
5,32,123,199,10692796372292187044294
5,32,123,200,1527313271371727767384
5,32,123,201,203737030222988604648
5,32,123,202,25380514465571531560
5,32,123,203,2952625429559559058
5,32,123,204,320634839614829488
5,32,123,205,32459221432498192
5,32,123,206,3055117321124332
5,32,123,207,266163666847606
5,32,123,208,21323040556494
5,32,123,209,1556535263470
5,32,123,210,102250938960
5,32,123,211,5943676876
5,32,123,212,298316002
5,32,123,213,12473642
5,32,123,214,412096
5,32,123,215,9180
5,32,123,216,112
5,32,123,217,0
5,32,123,218,0
5,32,123,219,0
5,32,123,220,0
5,32,123,221,0
5,32,123,222,0
5,32,123,223,0
5,32,123,224,0
5,32,123,225,0
5,32,123,226,0
5,32,123,227,0
5,32,123,228,0
5,32,123,229,0
5,32,123,230,0
5,32,123,231,0
5,32,123,232,0
5,32,123,233,0
5,32,123,234,0
5,32,123,235,0
5,32,123,236,0
5,32,123,237,0
5,32,123,238,0
5,32,123,239,0
5,32,123,240,0
5,32,123,241,0
5,32,123,242,0
5,32,123,243,0
5,32,123,244,0
5,32,123,245,0
5,32,123,246,0
5,32,123,247,0
5,32,123,248,0
5,32,123,249,0
5,32,123,250,0
5,32,123,251,0
5,32,123,252,0
5,32,123,253,0
5,32,123,254,0
5,32,123,255,0
5,32,123,256,0
5,32,123,257,0
5,32,123,258,0
5,32,123,259,0
5,32,123,260,0
5,32,123,261,0
5,32,123,262,0
5,32,123,263,0
5,32,123,264,0
5,32,123,265,0
5,32,123,266,0
5,32,123,267,0
5,32,123,268,0
5,32,123,269,0
5,32,123,270,0
5,32,123,271,0
5,32,123,272,0
5,32,123,273,0
5,32,123,274,0
5,32,123,275,0
5,32,123,276,0
5,32,123,277,0
5,32,123,278,0
5,32,123,279,0
5,32,123,280,0
5,32,123,281,0
5,32,123,282,0
5,32,123,283,0
5,32,124,0,0
5,32,124,1,0
5,32,124,2,0
5,32,124,3,0
5,32,124,4,0
5,32,124,5,0
5,32,124,6,0
5,32,124,7,0
5,32,124,8,0
5,32,124,9,0
5,32,124,10,0
5,32,124,11,0
5,32,124,12,0
5,32,124,13,0
5,32,124,14,0
5,32,124,15,0
5,32,124,16,0
5,32,124,17,0
5,32,124,18,0
5,32,124,19,0
5,32,124,20,0
5,32,124,21,0
5,32,124,22,0
5,32,124,23,0
5,32,124,24,0
5,32,124,25,0
5,32,124,26,0
5,32,124,27,0
5,32,124,28,0
5,32,124,29,0
5,32,124,30,0
5,32,124,31,0
5,32,124,32,0
5,32,124,33,0
5,32,124,34,0
5,32,124,35,0
5,32,124,36,0
5,32,124,37,0
5,32,124,38,0
5,32,124,39,0
5,32,124,40,0
5,32,124,41,0
5,32,124,42,0
5,32,124,43,0
5,32,124,44,0
5,32,124,45,0
5,32,124,46,0
5,32,124,47,0
5,32,124,48,0
5,32,124,49,0
5,32,124,50,0
5,32,124,51,0
5,32,124,52,0
5,32,124,53,0
5,32,124,54,0
5,32,124,55,0
5,32,124,56,0
5,32,124,57,0
5,32,124,58,0
5,32,124,59,0
5,32,124,60,0
5,32,124,61,0
5,32,124,62,0
5,32,124,63,0
5,32,124,64,0
5,32,124,65,0
5,32,124,66,0
5,32,124,67,0
5,32,124,68,0
5,32,124,69,0
5,32,124,70,0
5,32,124,71,0
5,32,124,72,0
5,32,124,73,0
5,32,124,74,0
5,32,124,75,0
5,32,124,76,0
5,32,124,77,0
5,32,124,78,0
5,32,124,79,0
5,32,124,80,0
5,32,124,81,0
5,32,124,82,0
5,32,124,83,0
5,32,124,84,0
5,32,124,85,0
5,32,124,86,0
5,32,124,87,0
5,32,124,88,0
5,32,124,89,0
5,32,124,90,0
5,32,124,91,0
5,32,124,92,0
5,32,124,93,0
5,32,124,94,0
5,32,124,95,0
5,32,124,96,0
5,32,124,97,0
5,32,124,98,0
5,32,124,99,0
5,32,124,100,0
5,32,124,101,0
5,32,124,102,0
5,32,124,103,0
5,32,124,104,0
5,32,124,105,0
5,32,124,106,0
5,32,124,107,0
5,32,124,108,0
5,32,124,109,0
5,32,124,110,0
5,32,124,111,0
5,32,124,112,0
5,32,124,113,0
5,32,124,114,0
5,32,124,115,0
5,32,124,116,0
5,32,124,117,0
5,32,124,118,0
5,32,124,119,0
5,32,124,120,0
5,32,124,121,0
5,32,124,122,0
5,32,124,123,0
5,32,124,124,0
5,32,124,125,0
5,32,124,126,0
5,32,124,127,0
5,32,124,128,0
5,32,124,129,0
5,32,124,130,0
5,32,124,131,0
5,32,124,132,0
5,32,124,133,0
5,32,124,134,0
5,32,124,135,0
5,32,124,136,0
5,32,124,137,0
5,32,124,138,0
5,32,124,139,55247732452
5,32,124,140,13336836338426
5,32,124,141,1460717323752105
5,32,124,142,97033052425613696
5,32,124,143,4406911891102172534
5,32,124,144,146203015961695663729
5,32,124,145,3696280253761259030457
5,32,124,146,73357547201567836473669
5,32,124,147,1168559914443586607326992
5,32,124,148,15205652100105002608051712
5,32,124,149,163975763649276051201969964
5,32,124,150,1483568253300956501619740459
5,32,124,151,11382311924867685331109995698
5,32,124,152,74757099180712265517728513685
5,32,124,153,423872598132358183169853744493
5,32,124,154,2090561414162780567533159360978
5,32,124,155,9030005114201283343872329519694
5,32,124,156,34369396961151247392814714472029
5,32,124,157,115909957936658179141933219792260
5,32,124,158,348112377829548596754690086715313
5,32,124,159,935328698712379724788346619391687
5,32,124,160,2257836871062583387493192082799977
5,32,124,161,4915979809122508867840169272529424
5,32,124,162,9689792264697939495806168371162608
5,32,124,163,17350620036589016747411952617540565
5,32,124,164,28317082335094728322821390892096920
5,32,124,165,42256266791793104785914708527463782
5,32,124,166,57831753879995515245337570291846090
5,32,124,167,72803059153354165026571672088658748
5,32,124,168,84541482618974328541558293933785028
5,32,124,169,90804798734523320119832058302063182
5,32,124,170,90447926133568723056531267096410831
5,32,124,171,83756497174318250045030271016762518
5,32,124,172,72275473680034539344936437154602066
5,32,124,173,58247589663153136886490432632500854
5,32,124,174,43931681504198056312216020292368350
5,32,124,175,31068651806207404599808327661586352
5,32,124,176,20638357411831398141417267419583848
5,32,124,177,12898215899309302212429539458924972
5,32,124,178,7594672652302910673167353756724373
5,32,124,179,4218573772169867439886175563544976
5,32,124,180,2212997101341978874787577501449149
5,32,124,181,1097401273642950859231136832376725
5,32,124,182,514825372585982168053329644908262
5,32,124,183,228630731513432905412349358502305
5,32,124,184,96158951548682997799621191061675
5,32,124,185,38313815738578574641599201443266
5,32,124,186,14464096366409796288235447253866
5,32,124,187,5173518374859216851101415721274
5,32,124,188,1752896135607711285456331194656
5,32,124,189,562400585986649515759096025832
5,32,124,190,170775222324108493441743781933
5,32,124,191,49044359659644524039047224376
5,32,124,192,13309424829182937175776069276
5,32,124,193,3409436475010467864104185454
5,32,124,194,823445790846166403082549660
5,32,124,195,187252238757198505085076327
5,32,124,196,40032566855809994762643787
5,32,124,197,8033580725402673087845403
5,32,124,198,1510819749392613684767570
5,32,124,199,265851192654231346177170
5,32,124,200,43707877527478171363642
5,32,124,201,6705848999564382568501
5,32,124,202,959282032990540955397
5,32,124,203,127888081311259092758
5,32,124,204,15886755998152466423
5,32,124,205,1838765389625411903
5,32,124,206,198208073173840756
5,32,124,207,19872881572016985
5,32,124,208,1848322170853444
5,32,124,209,158745024357003
5,32,124,210,12504839114946
5,32,124,211,894907964768
5,32,124,212,57426579948
5,32,124,213,3245779784
5,32,124,214,157365299
5,32,124,215,6295681
5,32,124,216,195240
5,32,124,217,4028
5,32,124,218,32
5,32,124,219,0
5,32,124,220,0
5,32,124,221,0
5,32,124,222,0
5,32,124,223,0
5,32,124,224,0
5,32,124,225,0
5,32,124,226,0
5,32,124,227,0
5,32,124,228,0
5,32,124,229,0
5,32,124,230,0
5,32,124,231,0
5,32,124,232,0
5,32,124,233,0
5,32,124,234,0
5,32,124,235,0
5,32,124,236,0
5,32,124,237,0
5,32,124,238,0
5,32,124,239,0
5,32,124,240,0
5,32,124,241,0
5,32,124,242,0
5,32,124,243,0
5,32,124,244,0
5,32,124,245,0
5,32,124,246,0
5,32,124,247,0
5,32,124,248,0
5,32,124,249,0
5,32,124,250,0
5,32,124,251,0
5,32,124,252,0
5,32,124,253,0
5,32,124,254,0
5,32,124,255,0
5,32,124,256,0
5,32,124,257,0
5,32,124,258,0
5,32,124,259,0
5,32,124,260,0
5,32,124,261,0
5,32,124,262,0
5,32,124,263,0
5,32,124,264,0
5,32,124,265,0
5,32,124,266,0
5,32,124,267,0
5,32,124,268,0
5,32,124,269,0
5,32,124,270,0
5,32,124,271,0
5,32,124,272,0
5,32,124,273,0
5,32,124,274,0
5,32,124,275,0
5,32,124,276,0
5,32,124,277,0
5,32,124,278,0
5,32,124,279,0
5,32,124,280,0
5,32,124,281,0
5,32,124,282,0
5,32,124,283,0
5,32,125,0,0
5,32,125,1,0
5,32,125,2,0
5,32,125,3,0
5,32,125,4,0
5,32,125,5,0
5,32,125,6,0
5,32,125,7,0
5,32,125,8,0
5,32,125,9,0
5,32,125,10,0
5,32,125,11,0
5,32,125,12,0
5,32,125,13,0
5,32,125,14,0
5,32,125,15,0
5,32,125,16,0
5,32,125,17,0
5,32,125,18,0
5,32,125,19,0
5,32,125,20,0
5,32,125,21,0
5,32,125,22,0
5,32,125,23,0
5,32,125,24,0
5,32,125,25,0
5,32,125,26,0
5,32,125,27,0
5,32,125,28,0
5,32,125,29,0
5,32,125,30,0
5,32,125,31,0
5,32,125,32,0
5,32,125,33,0
5,32,125,34,0
5,32,125,35,0
5,32,125,36,0
5,32,125,37,0
5,32,125,38,0
5,32,125,39,0
5,32,125,40,0
5,32,125,41,0
5,32,125,42,0
5,32,125,43,0
5,32,125,44,0
5,32,125,45,0
5,32,125,46,0
5,32,125,47,0
5,32,125,48,0
5,32,125,49,0
5,32,125,50,0
5,32,125,51,0
5,32,125,52,0
5,32,125,53,0
5,32,125,54,0
5,32,125,55,0
5,32,125,56,0
5,32,125,57,0
5,32,125,58,0
5,32,125,59,0
5,32,125,60,0
5,32,125,61,0
5,32,125,62,0
5,32,125,63,0
5,32,125,64,0
5,32,125,65,0
5,32,125,66,0
5,32,125,67,0
5,32,125,68,0
5,32,125,69,0
5,32,125,70,0
5,32,125,71,0
5,32,125,72,0
5,32,125,73,0
5,32,125,74,0
5,32,125,75,0
5,32,125,76,0
5,32,125,77,0
5,32,125,78,0
5,32,125,79,0
5,32,125,80,0
5,32,125,81,0
5,32,125,82,0
5,32,125,83,0
5,32,125,84,0
5,32,125,85,0
5,32,125,86,0
5,32,125,87,0
5,32,125,88,0
5,32,125,89,0
5,32,125,90,0
5,32,125,91,0
5,32,125,92,0
5,32,125,93,0
5,32,125,94,0
5,32,125,95,0
5,32,125,96,0
5,32,125,97,0
5,32,125,98,0
5,32,125,99,0
5,32,125,100,0
5,32,125,101,0
5,32,125,102,0
5,32,125,103,0
5,32,125,104,0
5,32,125,105,0
5,32,125,106,0
5,32,125,107,0
5,32,125,108,0
5,32,125,109,0
5,32,125,110,0
5,32,125,111,0
5,32,125,112,0
5,32,125,113,0
5,32,125,114,0
5,32,125,115,0
5,32,125,116,0
5,32,125,117,0
5,32,125,118,0
5,32,125,119,0
5,32,125,120,0
5,32,125,121,0
5,32,125,122,0
5,32,125,123,0
5,32,125,124,0
5,32,125,125,0
5,32,125,126,0
5,32,125,127,0
5,32,125,128,0
5,32,125,129,0
5,32,125,130,0
5,32,125,131,0
5,32,125,132,0
5,32,125,133,0
5,32,125,134,0
5,32,125,135,0
5,32,125,136,0
5,32,125,137,0
5,32,125,138,0
5,32,125,139,0
5,32,125,140,0
5,32,125,141,0
5,32,125,142,0
5,32,125,143,299771689044
5,32,125,144,65580548496884
5,32,125,145,6524057337109888
5,32,125,146,394155277126982164
5,32,125,147,16290358490251941944
5,32,125,148,491837626539953532282
5,32,125,149,11312453082211075987936
5,32,125,150,204134263283369167227636
5,32,125,151,2954595389501099965292008
5,32,125,152,34906511113709388964170184
5,32,125,153,341524356851142205100656000
5,32,125,154,2801556202239419577453138502
5,32,125,155,19476470084968829583093131572
5,32,125,156,115847757560001605188735977076
5,32,125,157,594593997414828275955876799792
5,32,125,158,2653491838242157141471699055294
5,32,125,159,10367095351484059970741158843564
5,32,125,160,35680193897772661936254851056142
5,32,125,161,108784265834539822152253352989970
5,32,125,162,295322718065406724496447846424322
5,32,125,163,717234058835512477332726669596996
5,32,125,164,1565120474284508479099079327416326
5,32,125,165,3081210109672609040877622647203466
5,32,125,166,5493405630297192758077942051067988
5,32,125,167,8901903017692175967796883287648538
5,32,125,168,13156670377960895724005406083639788
5,32,125,169,17793782618058156257080545727413444
5,32,125,170,22091654518467388944495076081666062
5,32,125,171,25255021715619532293712539132867722
5,32,125,172,26661926228579363976829241683372792
5,32,125,173,26065434250506421708092161494855556
5,32,125,174,23659792585295332764384382052633924
5,32,125,175,19989697130768407963720997363218612
5,32,125,176,15756441337688358949675472636796008
5,32,125,177,11611857101581935323681662267037148
5,32,125,178,8016730148565537440742321393494004
5,32,125,179,5194326301798778028638863883637816
5,32,125,180,3163770769335032583346704552858812
5,32,125,181,1814073398764117702540141318552608
5,32,125,182,980464657549627197501665700419814
5,32,125,183,500049228282045233246511878153932
5,32,125,184,240878250760752895273901151093534
5,32,125,185,109675837713359374011275051169716
5,32,125,186,47228265452869221400545948995264
5,32,125,187,19241747503458326737805864155672
5,32,125,188,7418854575790758068441756271156
5,32,125,189,2707082248592429501289123121060
5,32,125,190,934725308310396780047187115066
5,32,125,191,305318064717303010307078403196
5,32,125,192,94296606724112458931437344060
5,32,125,193,27518441880562635111323240820
5,32,125,194,7581659642332373136145248342
5,32,125,195,1969995821493414132188585712
5,32,125,196,482165326822944612888302958
5,32,125,197,111007123264893306030678906
5,32,125,198,24002597890471958545008632
5,32,125,199,4866249630989404329758118
5,32,125,200,923432790501056790463376
5,32,125,201,163733906428671992696756
5,32,125,202,27082325659516947184618
5,32,125,203,4172854305640489295554
5,32,125,204,598288302399175999408
5,32,125,205,79766950842575693352
5,32,125,206,9886323266620306396
5,32,125,207,1138875409306699952
5,32,125,208,121888252402693790
5,32,125,209,12104423574893426
5,32,125,210,1112389630278616
5,32,125,211,94165606807924
5,32,125,212,7291288681222
5,32,125,213,511313036172
5,32,125,214,32028241986
5,32,125,215,1758425620
5,32,125,216,82299162
5,32,125,217,3129336
5,32,125,218,91730
5,32,125,219,1680
5,32,125,220,8
5,32,125,221,0
5,32,125,222,0
5,32,125,223,0
5,32,125,224,0
5,32,125,225,0
5,32,125,226,0
5,32,125,227,0
5,32,125,228,0
5,32,125,229,0
5,32,125,230,0
5,32,125,231,0
5,32,125,232,0
5,32,125,233,0
5,32,125,234,0
5,32,125,235,0
5,32,125,236,0
5,32,125,237,0
5,32,125,238,0
5,32,125,239,0
5,32,125,240,0
5,32,125,241,0
5,32,125,242,0
5,32,125,243,0
5,32,125,244,0
5,32,125,245,0
5,32,125,246,0
5,32,125,247,0
5,32,125,248,0
5,32,125,249,0
5,32,125,250,0
5,32,125,251,0
5,32,125,252,0
5,32,125,253,0
5,32,125,254,0
5,32,125,255,0
5,32,125,256,0
5,32,125,257,0
5,32,125,258,0
5,32,125,259,0
5,32,125,260,0
5,32,125,261,0
5,32,125,262,0
5,32,125,263,0
5,32,125,264,0
5,32,125,265,0
5,32,125,266,0
5,32,125,267,0
5,32,125,268,0
5,32,125,269,0
5,32,125,270,0
5,32,125,271,0
5,32,125,272,0
5,32,125,273,0
5,32,125,274,0
5,32,125,275,0
5,32,125,276,0
5,32,125,277,0
5,32,125,278,0
5,32,125,279,0
5,32,125,280,0
5,32,125,281,0
5,32,125,282,0
5,32,125,283,0
5,32,126,0,0
5,32,126,1,0
5,32,126,2,0
5,32,126,3,0
5,32,126,4,0
5,32,126,5,0
5,32,126,6,0
5,32,126,7,0
5,32,126,8,0
5,32,126,9,0
5,32,126,10,0
5,32,126,11,0
5,32,126,12,0
5,32,126,13,0
5,32,126,14,0
5,32,126,15,0
5,32,126,16,0
5,32,126,17,0
5,32,126,18,0
5,32,126,19,0
5,32,126,20,0
5,32,126,21,0
5,32,126,22,0
5,32,126,23,0
5,32,126,24,0
5,32,126,25,0
5,32,126,26,0
5,32,126,27,0
5,32,126,28,0
5,32,126,29,0
5,32,126,30,0
5,32,126,31,0
5,32,126,32,0
5,32,126,33,0
5,32,126,34,0
5,32,126,35,0
5,32,126,36,0
5,32,126,37,0
5,32,126,38,0
5,32,126,39,0
5,32,126,40,0
5,32,126,41,0
5,32,126,42,0
5,32,126,43,0
5,32,126,44,0
5,32,126,45,0
5,32,126,46,0
5,32,126,47,0
5,32,126,48,0
5,32,126,49,0
5,32,126,50,0
5,32,126,51,0
5,32,126,52,0
5,32,126,53,0
5,32,126,54,0
5,32,126,55,0
5,32,126,56,0
5,32,126,57,0
5,32,126,58,0
5,32,126,59,0
5,32,126,60,0
5,32,126,61,0
5,32,126,62,0
5,32,126,63,0
5,32,126,64,0
5,32,126,65,0
5,32,126,66,0
5,32,126,67,0
5,32,126,68,0
5,32,126,69,0
5,32,126,70,0
5,32,126,71,0
5,32,126,72,0
5,32,126,73,0
5,32,126,74,0
5,32,126,75,0
5,32,126,76,0
5,32,126,77,0
5,32,126,78,0
5,32,126,79,0
5,32,126,80,0
5,32,126,81,0
5,32,126,82,0
5,32,126,83,0
5,32,126,84,0
5,32,126,85,0
5,32,126,86,0
5,32,126,87,0
5,32,126,88,0
5,32,126,89,0
5,32,126,90,0
5,32,126,91,0
5,32,126,92,0
5,32,126,93,0
5,32,126,94,0
5,32,126,95,0
5,32,126,96,0
5,32,126,97,0
5,32,126,98,0
5,32,126,99,0
5,32,126,100,0
5,32,126,101,0
5,32,126,102,0
5,32,126,103,0
5,32,126,104,0
5,32,126,105,0
5,32,126,106,0
5,32,126,107,0
5,32,126,108,0
5,32,126,109,0
5,32,126,110,0
5,32,126,111,0
5,32,126,112,0
5,32,126,113,0
5,32,126,114,0
5,32,126,115,0
5,32,126,116,0
5,32,126,117,0
5,32,126,118,0
5,32,126,119,0
5,32,126,120,0
5,32,126,121,0
5,32,126,122,0
5,32,126,123,0
5,32,126,124,0
5,32,126,125,0
5,32,126,126,0
5,32,126,127,0
5,32,126,128,0
5,32,126,129,0
5,32,126,130,0
5,32,126,131,0
5,32,126,132,0
5,32,126,133,0
5,32,126,134,0
5,32,126,135,0
5,32,126,136,0
5,32,126,137,0
5,32,126,138,0
5,32,126,139,0
5,32,126,140,0
5,32,126,141,0
5,32,126,142,0
5,32,126,143,0
5,32,126,144,0
5,32,126,145,0
5,32,126,146,0
5,32,126,147,1428713131666
5,32,126,148,283904173943546
5,32,126,149,25683495562062894
5,32,126,150,1411649776843343362
5,32,126,151,53071982798343477149
5,32,126,152,1456869637635759478317
5,32,126,153,30444324138630135637850
5,32,126,154,498712112614253036962585
5,32,126,155,6546932477683570198560622
5,32,126,156,70095390426570894733520250
5,32,126,157,621037963012561054543611972
5,32,126,158,4610198817870361766583575437
5,32,126,159,28987129447735827823431432940
5,32,126,160,155863791558999708952786167749
5,32,126,161,722873538690611940844085654836
5,32,126,162,2914049312275521567983790599496
5,32,126,163,10281557506986994905767862520508
5,32,126,164,31950122485344478400363233803952
5,32,126,165,87946092517385603139506953433198
5,32,126,166,215556611724940563019308401226308
5,32,126,167,472718007182403914963427440464328
5,32,126,168,931725767038262208240725714302615
5,32,126,169,1657474523207092963235709907022789
5,32,126,170,2671801598988583213129501829942215
5,32,126,171,3917409110103658585731696250945321
5,32,126,172,5243159091608220604017193994879283
5,32,126,173,6428028487851361901132087221916654
5,32,126,174,7242296390441442789348351089144875
5,32,126,175,7522173434397280442195447124979223
5,32,126,176,7223763448527185296587975076950888
5,32,126,177,6432032740116456180942223535614103
5,32,126,178,5323933290347006254478651661463060
5,32,126,179,4106504740645706956758207897460481
5,32,126,180,2958294565408328258402421157025105
5,32,126,181,1994483529908146914816816281101648
5,32,126,182,1260798517692587654990165497780724
5,32,126,183,748529202465834808630788352560870
5,32,126,184,417981321355878022673081537432689
5,32,126,185,219808006588577899990300091259487
5,32,126,186,108978049162897263512830263072583
5,32,126,187,50983720414968664843910263014314
5,32,126,188,22523061194176715157556820753193
5,32,126,189,9400519995538025247072677286596
5,32,126,190,3708078409024636206805199938997
5,32,126,191,1382550710060604354508873561195
5,32,126,192,487224158675604764180965258445
5,32,126,193,162251783799624935296314360838
5,32,126,194,51035926434587078721268875716
5,32,126,195,15153589906752844420935873142
5,32,126,196,4243734559238683591980925840
5,32,126,197,1119764276948277621530937769
5,32,126,198,278045837931283106537680954
5,32,126,199,64878285611303823460638380
5,32,126,200,14202999401043242749774309
5,32,126,201,2912044906677414786928746
5,32,126,202,558146228323200179370475
5,32,126,203,99818234338905853393586
5,32,126,204,16626137539405503737360
5,32,126,205,2575019983334508358519
5,32,126,206,370341803466150938747
5,32,126,207,49415435356581545676
5,32,126,208,6114264878596134506
5,32,126,209,701344524243420449
5,32,126,210,74546784719570892
5,32,126,211,7333338487920813
5,32,126,212,665870895550079
5,32,126,213,55546391944379
5,32,126,214,4226263795772
5,32,126,215,290268434455
5,32,126,216,17736931066
5,32,126,217,944670078
5,32,126,218,42610754
5,32,126,219,1543347
5,32,126,220,41260
5,32,126,221,735
5,32,126,222,0
5,32,126,223,0
5,32,126,224,0
5,32,126,225,0
5,32,126,226,0
5,32,126,227,0
5,32,126,228,0
5,32,126,229,0
5,32,126,230,0
5,32,126,231,0
5,32,126,232,0
5,32,126,233,0
5,32,126,234,0
5,32,126,235,0
5,32,126,236,0
5,32,126,237,0
5,32,126,238,0
5,32,126,239,0
5,32,126,240,0
5,32,126,241,0
5,32,126,242,0
5,32,126,243,0
5,32,126,244,0
5,32,126,245,0
5,32,126,246,0
5,32,126,247,0
5,32,126,248,0
5,32,126,249,0
5,32,126,250,0
5,32,126,251,0
5,32,126,252,0
5,32,126,253,0
5,32,126,254,0
5,32,126,255,0
5,32,126,256,0
5,32,126,257,0
5,32,126,258,0
5,32,126,259,0
5,32,126,260,0
5,32,126,261,0
5,32,126,262,0
5,32,126,263,0
5,32,126,264,0
5,32,126,265,0
5,32,126,266,0
5,32,126,267,0
5,32,126,268,0
5,32,126,269,0
5,32,126,270,0
5,32,126,271,0
5,32,126,272,0
5,32,126,273,0
5,32,126,274,0
5,32,126,275,0
5,32,126,276,0
5,32,126,277,0
5,32,126,278,0
5,32,126,279,0
5,32,126,280,0
5,32,126,281,0
5,32,126,282,0
5,32,126,283,0
5,32,127,0,0
5,32,127,1,0
5,32,127,2,0
5,32,127,3,0
5,32,127,4,0
5,32,127,5,0
5,32,127,6,0
5,32,127,7,0
5,32,127,8,0
5,32,127,9,0
5,32,127,10,0
5,32,127,11,0
5,32,127,12,0
5,32,127,13,0
5,32,127,14,0
5,32,127,15,0
5,32,127,16,0
5,32,127,17,0
5,32,127,18,0
5,32,127,19,0
5,32,127,20,0
5,32,127,21,0
5,32,127,22,0
5,32,127,23,0
5,32,127,24,0
5,32,127,25,0
5,32,127,26,0
5,32,127,27,0
5,32,127,28,0
5,32,127,29,0
5,32,127,30,0
5,32,127,31,0
5,32,127,32,0
5,32,127,33,0
5,32,127,34,0
5,32,127,35,0
5,32,127,36,0
5,32,127,37,0
5,32,127,38,0
5,32,127,39,0
5,32,127,40,0
5,32,127,41,0
5,32,127,42,0
5,32,127,43,0
5,32,127,44,0
5,32,127,45,0
5,32,127,46,0
5,32,127,47,0
5,32,127,48,0
5,32,127,49,0
5,32,127,50,0
5,32,127,51,0
5,32,127,52,0
5,32,127,53,0
5,32,127,54,0
5,32,127,55,0
5,32,127,56,0
5,32,127,57,0
5,32,127,58,0
5,32,127,59,0
5,32,127,60,0
5,32,127,61,0
5,32,127,62,0
5,32,127,63,0
5,32,127,64,0
5,32,127,65,0
5,32,127,66,0
5,32,127,67,0
5,32,127,68,0
5,32,127,69,0
5,32,127,70,0
5,32,127,71,0
5,32,127,72,0
5,32,127,73,0
5,32,127,74,0
5,32,127,75,0
5,32,127,76,0
5,32,127,77,0
5,32,127,78,0
5,32,127,79,0
5,32,127,80,0
5,32,127,81,0
5,32,127,82,0
5,32,127,83,0
5,32,127,84,0
5,32,127,85,0
5,32,127,86,0
5,32,127,87,0
5,32,127,88,0
5,32,127,89,0
5,32,127,90,0
5,32,127,91,0
5,32,127,92,0
5,32,127,93,0
5,32,127,94,0
5,32,127,95,0
5,32,127,96,0
5,32,127,97,0
5,32,127,98,0
5,32,127,99,0
5,32,127,100,0
5,32,127,101,0
5,32,127,102,0
5,32,127,103,0
5,32,127,104,0
5,32,127,105,0
5,32,127,106,0
5,32,127,107,0
5,32,127,108,0
5,32,127,109,0
5,32,127,110,0
5,32,127,111,0
5,32,127,112,0
5,32,127,113,0
5,32,127,114,0
5,32,127,115,0
5,32,127,116,0
5,32,127,117,0
5,32,127,118,0
5,32,127,119,0
5,32,127,120,0
5,32,127,121,0
5,32,127,122,0
5,32,127,123,0
5,32,127,124,0
5,32,127,125,0
5,32,127,126,0
5,32,127,127,0
5,32,127,128,0
5,32,127,129,0
5,32,127,130,0
5,32,127,131,0
5,32,127,132,0
5,32,127,133,0
5,32,127,134,0
5,32,127,135,0
5,32,127,136,0
5,32,127,137,0
5,32,127,138,0
5,32,127,139,0
5,32,127,140,0
5,32,127,141,0
5,32,127,142,0
5,32,127,143,0
5,32,127,144,0
5,32,127,145,0
5,32,127,146,0
5,32,127,147,0
5,32,127,148,0
5,32,127,149,0
5,32,127,150,0
5,32,127,151,5998907801520
5,32,127,152,1084034717463044
5,32,127,153,89204670967479660
5,32,127,154,4458700962364112346
5,32,127,155,152341284798452352558
5,32,127,156,3797206544424743619024
5,32,127,157,71979749901388551571916
5,32,127,158,1068499686920656954022806
5,32,127,159,12698848619126585944291724
5,32,127,160,122981614251201768771531190
5,32,127,161,984838534227149787782024944
5,32,127,162,6603671296881930050476442242
5,32,127,163,37485232167071996619524841108
5,32,127,164,181887415673106807852403314296
5,32,127,165,760982764520086792620344696750
5,32,127,166,2766658662839213660730669254826
5,32,127,167,8802280537038416284427145396346
5,32,127,168,24663936395357472373570444131802
5,32,127,169,61218991168018175561477676576604
5,32,127,170,135329739587209189000522212866968
5,32,127,171,267756867542259154340378289442686
5,32,127,172,476368536994846925014475144279726
5,32,127,173,765412110370783436502385502195384
5,32,127,174,1115292706304914835906530650856626
5,32,127,175,1479529186314913737497719348838836
5,32,127,176,1793555050242153036338028657135834
5,32,127,177,1993868419303452457501551884635808
5,32,127,178,2039492523042535006658217717462250
5,32,127,179,1925583616009566471343848383269956
5,32,127,180,1683073626300531145606655306082656
5,32,127,181,1365659347338341018365161519924824
5,32,127,182,1031307137317530059414565346039310
5,32,127,183,726533823373512743780809437942130
5,32,127,184,478485234355275815179540406212510
5,32,127,185,295158629542935105169064642543744
5,32,127,186,170825621868484703551674755381988
5,32,127,187,92897759937009390973655943188118
5,32,127,188,47529708736911642351515153714282
5,32,127,189,22903175061458556257845684912058
5,32,127,190,10403292633060320121336857935080
5,32,127,191,4457345173560413888445649541574
5,32,127,192,1802229223960249895999211795808
5,32,127,193,687831911095151190059830057030
5,32,127,194,247807905396148904599124010262
5,32,127,195,84263872932065137786501387516
5,32,127,196,27033577249251795195624193532
5,32,127,197,8178088707540791252685790432
5,32,127,198,2331003716318701542938563616
5,32,127,199,625372299513135204378575136
5,32,127,200,157726713261415979104800764
5,32,127,201,37343549852471436956791614
5,32,127,202,8286169322609114263758672
5,32,127,203,1719988266132638183714342
5,32,127,204,333330914564678932811232
5,32,127,205,60188951094394683938806
5,32,127,206,10105799097851593370594
5,32,127,207,1574789001799494858490
5,32,127,208,227396040524817071248
5,32,127,209,30390899878219563242
5,32,127,210,3756578921759951158
5,32,127,211,429291877233693572
5,32,127,212,45332530131471448
5,32,127,213,4418153845743026
5,32,127,214,396366656585204
5,32,127,215,32577424346804
5,32,127,216,2434781256576
5,32,127,217,163698034186
5,32,127,218,9750341586
5,32,127,219,503225504
5,32,127,220,21825692
5,32,127,221,751540
5,32,127,222,18354
5,32,127,223,280
5,32,127,224,0
5,32,127,225,0
5,32,127,226,0
5,32,127,227,0
5,32,127,228,0
5,32,127,229,0
5,32,127,230,0
5,32,127,231,0
5,32,127,232,0
5,32,127,233,0
5,32,127,234,0
5,32,127,235,0
5,32,127,236,0
5,32,127,237,0
5,32,127,238,0
5,32,127,239,0
5,32,127,240,0
5,32,127,241,0
5,32,127,242,0
5,32,127,243,0
5,32,127,244,0
5,32,127,245,0
5,32,127,246,0
5,32,127,247,0
5,32,127,248,0
5,32,127,249,0
5,32,127,250,0
5,32,127,251,0
5,32,127,252,0
5,32,127,253,0
5,32,127,254,0
5,32,127,255,0
5,32,127,256,0
5,32,127,257,0
5,32,127,258,0
5,32,127,259,0
5,32,127,260,0
5,32,127,261,0
5,32,127,262,0
5,32,127,263,0
5,32,127,264,0
5,32,127,265,0
5,32,127,266,0
5,32,127,267,0
5,32,127,268,0
5,32,127,269,0
5,32,127,270,0
5,32,127,271,0
5,32,127,272,0
5,32,127,273,0
5,32,127,274,0
5,32,127,275,0
5,32,127,276,0
5,32,127,277,0
5,32,127,278,0
5,32,127,279,0
5,32,127,280,0
5,32,127,281,0
5,32,127,282,0
5,32,127,283,0
5,32,128,0,0
5,32,128,1,0
5,32,128,2,0
5,32,128,3,0
5,32,128,4,0
5,32,128,5,0
5,32,128,6,0
5,32,128,7,0
5,32,128,8,0
5,32,128,9,0
5,32,128,10,0
5,32,128,11,0
5,32,128,12,0
5,32,128,13,0
5,32,128,14,0
5,32,128,15,0
5,32,128,16,0
5,32,128,17,0
5,32,128,18,0
5,32,128,19,0
5,32,128,20,0
5,32,128,21,0
5,32,128,22,0
5,32,128,23,0
5,32,128,24,0
5,32,128,25,0
5,32,128,26,0
5,32,128,27,0
5,32,128,28,0
5,32,128,29,0
5,32,128,30,0
5,32,128,31,0
5,32,128,32,0
5,32,128,33,0
5,32,128,34,0
5,32,128,35,0
5,32,128,36,0
5,32,128,37,0
5,32,128,38,0
5,32,128,39,0
5,32,128,40,0
5,32,128,41,0
5,32,128,42,0
5,32,128,43,0
5,32,128,44,0
5,32,128,45,0
5,32,128,46,0
5,32,128,47,0
5,32,128,48,0
5,32,128,49,0
5,32,128,50,0
5,32,128,51,0
5,32,128,52,0
5,32,128,53,0
5,32,128,54,0
5,32,128,55,0
5,32,128,56,0
5,32,128,57,0
5,32,128,58,0
5,32,128,59,0
5,32,128,60,0
5,32,128,61,0
5,32,128,62,0
5,32,128,63,0
5,32,128,64,0
5,32,128,65,0
5,32,128,66,0
5,32,128,67,0
5,32,128,68,0
5,32,128,69,0
5,32,128,70,0
5,32,128,71,0
5,32,128,72,0
5,32,128,73,0
5,32,128,74,0
5,32,128,75,0
5,32,128,76,0
5,32,128,77,0
5,32,128,78,0
5,32,128,79,0
5,32,128,80,0
5,32,128,81,0
5,32,128,82,0
5,32,128,83,0
5,32,128,84,0
5,32,128,85,0
5,32,128,86,0
5,32,128,87,0
5,32,128,88,0
5,32,128,89,0
5,32,128,90,0
5,32,128,91,0
5,32,128,92,0
5,32,128,93,0
5,32,128,94,0
5,32,128,95,0
5,32,128,96,0
5,32,128,97,0
5,32,128,98,0
5,32,128,99,0
5,32,128,100,0
5,32,128,101,0
5,32,128,102,0
5,32,128,103,0
5,32,128,104,0
5,32,128,105,0
5,32,128,106,0
5,32,128,107,0
5,32,128,108,0
5,32,128,109,0
5,32,128,110,0
5,32,128,111,0
5,32,128,112,0
5,32,128,113,0
5,32,128,114,0
5,32,128,115,0
5,32,128,116,0
5,32,128,117,0
5,32,128,118,0
5,32,128,119,0
5,32,128,120,0
5,32,128,121,0
5,32,128,122,0
5,32,128,123,0
5,32,128,124,0
5,32,128,125,0
5,32,128,126,0
5,32,128,127,0
5,32,128,128,0
5,32,128,129,0
5,32,128,130,0
5,32,128,131,0
5,32,128,132,0
5,32,128,133,0
5,32,128,134,0
5,32,128,135,0
5,32,128,136,0
5,32,128,137,0
5,32,128,138,0
5,32,128,139,0
5,32,128,140,0
5,32,128,141,0
5,32,128,142,0
5,32,128,143,0
5,32,128,144,0
5,32,128,145,0
5,32,128,146,0
5,32,128,147,0
5,32,128,148,0
5,32,128,149,0
5,32,128,150,0
5,32,128,151,0
5,32,128,152,0
5,32,128,153,0
5,32,128,154,0
5,32,128,155,22232725687528
5,32,128,156,3654483046497644
5,32,128,157,273436188705258079
5,32,128,158,12417156129396207508
5,32,128,159,385064032298138325048
5,32,128,160,8701333069577901041105
5,32,128,161,149360064114725389778715
5,32,128,162,2005495939796419181750332
5,32,128,163,21537802576895231709487013
5,32,128,164,188317308689455973495875159
5,32,128,165,1360539725767231827933137625
5,32,128,166,8225612963000743477180653979
5,32,128,167,42079715126371848340822295405
5,32,128,168,183944347480979458338588452110
5,32,128,169,693134178262064084779740501943
5,32,128,170,2269294206942726435554861947024
5,32,128,171,6501398371369970044064343105529
5,32,128,172,16405456768643319809359428864488
5,32,128,173,36679578344387886522516977215485
5,32,128,174,73064485536697689947195164647243
5,32,128,175,130334544344585973004481587584040
5,32,128,176,209203019901632651290956021390002
5,32,128,177,303524280332627026650627407565468
5,32,128,178,399750661317299291874090399307947
5,32,128,179,479852838106937347442450121093278
5,32,128,180,526995322289664552483493000496454
5,32,128,181,531430900708263610114239093792611
5,32,128,182,493734579472163289685404571297769
5,32,128,183,423949469273103459961853950507978
5,32,128,184,337423321953020261046823679476507
5,32,128,185,249597871455696891876342642946544
5,32,128,186,172017384696443138922792978668612
5,32,128,187,110694658281245984840256025589214
5,32,128,188,66643494108840843451585674667614
5,32,128,189,37602551714992535226452323406011
5,32,128,190,19913895878520371204254961013846
5,32,128,191,9911198469626426531294765901293
5,32,128,192,4640674463118642615905001609451
5,32,128,193,2045872536563102390369327819846
5,32,128,194,849729339119570790158896392647
5,32,128,195,332624456547476482324459024061
5,32,128,196,122735726750816607088941566905
5,32,128,197,42688105315108337667353793957
5,32,128,198,13990731743486648553423722455
5,32,128,199,4318683134561915542596706737
5,32,128,200,1254637910600636752298887934
5,32,128,201,342702783180780862418439979
5,32,128,202,87906502075021472740150274
5,32,128,203,21144468557776209867932048
5,32,128,204,4761158851132728186252516
5,32,128,205,1001714125103314725894522
5,32,128,206,196511491383349092825886
5,32,128,207,35866704191248497316472
5,32,128,208,6076994502564368444739
5,32,128,209,953800933538861257099
5,32,128,210,138415986601778428080
5,32,128,211,18545506054544448434
5,32,128,212,2291872117211965634
5,32,128,213,261087623420572553
5,32,128,214,27401960601690399
5,32,128,215,2646435814386608
5,32,128,216,234580863630259
5,32,128,217,18993098210164
5,32,128,218,1393931326044
5,32,128,219,91689764539
5,32,128,220,5319392394
5,32,128,221,265763957
5,32,128,222,11044995
5,32,128,223,361835
5,32,128,224,7974
5,32,128,225,98
5,32,128,226,0
5,32,128,227,0
5,32,128,228,0
5,32,128,229,0
5,32,128,230,0
5,32,128,231,0
5,32,128,232,0
5,32,128,233,0
5,32,128,234,0
5,32,128,235,0
5,32,128,236,0
5,32,128,237,0
5,32,128,238,0
5,32,128,239,0
5,32,128,240,0
5,32,128,241,0
5,32,128,242,0
5,32,128,243,0
5,32,128,244,0
5,32,128,245,0
5,32,128,246,0
5,32,128,247,0
5,32,128,248,0
5,32,128,249,0
5,32,128,250,0
5,32,128,251,0
5,32,128,252,0
5,32,128,253,0
5,32,128,254,0
5,32,128,255,0
5,32,128,256,0
5,32,128,257,0
5,32,128,258,0
5,32,128,259,0
5,32,128,260,0
5,32,128,261,0
5,32,128,262,0
5,32,128,263,0
5,32,128,264,0
5,32,128,265,0
5,32,128,266,0
5,32,128,267,0
5,32,128,268,0
5,32,128,269,0
5,32,128,270,0
5,32,128,271,0
5,32,128,272,0
5,32,128,273,0
5,32,128,274,0
5,32,128,275,0
5,32,128,276,0
5,32,128,277,0
5,32,128,278,0
5,32,128,279,0
5,32,128,280,0
5,32,128,281,0
5,32,128,282,0
5,32,128,283,0
5,32,129,0,0
5,32,129,1,0
5,32,129,2,0
5,32,129,3,0
5,32,129,4,0
5,32,129,5,0
5,32,129,6,0
5,32,129,7,0
5,32,129,8,0
5,32,129,9,0
5,32,129,10,0
5,32,129,11,0
5,32,129,12,0
5,32,129,13,0
5,32,129,14,0
5,32,129,15,0
5,32,129,16,0
5,32,129,17,0
5,32,129,18,0
5,32,129,19,0
5,32,129,20,0
5,32,129,21,0
5,32,129,22,0
5,32,129,23,0
5,32,129,24,0
5,32,129,25,0
5,32,129,26,0
5,32,129,27,0
5,32,129,28,0
5,32,129,29,0
5,32,129,30,0
5,32,129,31,0
5,32,129,32,0
5,32,129,33,0
5,32,129,34,0
5,32,129,35,0
5,32,129,36,0
5,32,129,37,0
5,32,129,38,0
5,32,129,39,0
5,32,129,40,0
5,32,129,41,0
5,32,129,42,0
5,32,129,43,0
5,32,129,44,0
5,32,129,45,0
5,32,129,46,0
5,32,129,47,0
5,32,129,48,0
5,32,129,49,0
5,32,129,50,0
5,32,129,51,0
5,32,129,52,0
5,32,129,53,0
5,32,129,54,0
5,32,129,55,0
5,32,129,56,0
5,32,129,57,0
5,32,129,58,0
5,32,129,59,0
5,32,129,60,0
5,32,129,61,0
5,32,129,62,0
5,32,129,63,0
5,32,129,64,0
5,32,129,65,0
5,32,129,66,0
5,32,129,67,0
5,32,129,68,0
5,32,129,69,0
5,32,129,70,0
5,32,129,71,0
5,32,129,72,0
5,32,129,73,0
5,32,129,74,0
5,32,129,75,0
5,32,129,76,0
5,32,129,77,0
5,32,129,78,0
5,32,129,79,0
5,32,129,80,0
5,32,129,81,0
5,32,129,82,0
5,32,129,83,0
5,32,129,84,0
5,32,129,85,0
5,32,129,86,0
5,32,129,87,0
5,32,129,88,0
5,32,129,89,0
5,32,129,90,0
5,32,129,91,0
5,32,129,92,0
5,32,129,93,0
5,32,129,94,0
5,32,129,95,0
5,32,129,96,0
5,32,129,97,0
5,32,129,98,0
5,32,129,99,0
5,32,129,100,0
5,32,129,101,0
5,32,129,102,0
5,32,129,103,0
5,32,129,104,0
5,32,129,105,0
5,32,129,106,0
5,32,129,107,0
5,32,129,108,0
5,32,129,109,0
5,32,129,110,0
5,32,129,111,0
5,32,129,112,0
5,32,129,113,0
5,32,129,114,0
5,32,129,115,0
5,32,129,116,0
5,32,129,117,0
5,32,129,118,0
5,32,129,119,0
5,32,129,120,0
5,32,129,121,0
5,32,129,122,0
5,32,129,123,0
5,32,129,124,0
5,32,129,125,0
5,32,129,126,0
5,32,129,127,0
5,32,129,128,0
5,32,129,129,0
5,32,129,130,0
5,32,129,131,0
5,32,129,132,0
5,32,129,133,0
5,32,129,134,0
5,32,129,135,0
5,32,129,136,0
5,32,129,137,0
5,32,129,138,0
5,32,129,139,0
5,32,129,140,0
5,32,129,141,0
5,32,129,142,0
5,32,129,143,0
5,32,129,144,0
5,32,129,145,0
5,32,129,146,0
5,32,129,147,0
5,32,129,148,0
5,32,129,149,0
5,32,129,150,0
5,32,129,151,0
5,32,129,152,0
5,32,129,153,0
5,32,129,154,0
5,32,129,155,0
5,32,129,156,0
5,32,129,157,0
5,32,129,158,0
5,32,129,159,72805747710774
5,32,129,160,10881387483788740
5,32,129,161,739605232520613440
5,32,129,162,30475220413222967980
5,32,129,163,856407126763670530282
5,32,129,164,17514111089754555721456
5,32,129,165,271736908610921307095724
5,32,129,166,3294219257064775666316194
5,32,129,167,31909113990754301857654766
5,32,129,168,251430935583626288929120274
5,32,129,169,1635885847773105831260156688
5,32,129,170,8901915158375406360058439940
5,32,129,171,40971245509707003028181962322
5,32,129,172,161085542423038930488818294408
5,32,129,173,545855818886654819506683601286
5,32,129,174,1607033354842531124456433213172
5,32,129,175,4140542714602925481945173619236
5,32,129,176,9398593332884340793101956805586
5,32,129,177,18910349969222629461753971968004
5,32,129,178,33918042231805557677343817848458
5,32,129,179,54519757450233131920727083155112
5,32,129,180,78926407621595596221534855586854
5,32,129,181,103385798833379432348865579580726
5,32,129,182,123076699495820431595566706650570
5,32,129,183,133708858229513251892950474751208
5,32,129,184,133074684314101519515550314985212
5,32,129,185,121773105580312129576825237239040
5,32,129,186,102797971778123550723802836409478
5,32,129,187,80303921472382679928431357830054
5,32,129,188,58214881174710669456602493852042
5,32,129,189,39263250672442635857940981407784
5,32,129,190,24693796640862056199884680354124
5,32,129,191,14511725244729922263978572696602
5,32,129,192,7982659386666429413797234981844
5,32,129,193,4116527774180617146656182946002
5,32,129,194,1992593800211257437095618853868
5,32,129,195,906262296844383992270198026530
5,32,129,196,387592081477802788430450131148
5,32,129,197,155961153750736143102541312736
5,32,129,198,59062236021205374335937144164
5,32,129,199,21051490234362788475406352924
5,32,129,200,7060868735205996452945857014
5,32,129,201,2227676238797303247591581680
5,32,129,202,660651219172795279427391406
5,32,129,203,183998849425128985755144978
5,32,129,204,48068868550988722834957566
5,32,129,205,11762174210314325833353000
5,32,129,206,2691177505436424733043076
5,32,129,207,574614982935503904555648
5,32,129,208,114247171272255822700752
5,32,129,209,21102308060368014404930
5,32,129,210,3612249080406893017796
5,32,129,211,571683240504273869416
5,32,129,212,83468084201488048306
5,32,129,213,11222677710458448178
5,32,129,214,1387803158866084708
5,32,129,215,157711024844309730
5,32,129,216,16459183715547040
5,32,129,217,1575628722922932
5,32,129,218,138002149048288
5,32,129,219,11005525597454
5,32,129,220,792886581020
5,32,129,221,50998428438
5,32,129,222,2879406200
5,32,129,223,139037416
5,32,129,224,5532546
5,32,129,225,170388
5,32,129,226,3474
5,32,129,227,28
5,32,129,228,0
5,32,129,229,0
5,32,129,230,0
5,32,129,231,0
5,32,129,232,0
5,32,129,233,0
5,32,129,234,0
5,32,129,235,0
5,32,129,236,0
5,32,129,237,0
5,32,129,238,0
5,32,129,239,0
5,32,129,240,0
5,32,129,241,0
5,32,129,242,0
5,32,129,243,0
5,32,129,244,0
5,32,129,245,0
5,32,129,246,0
5,32,129,247,0
5,32,129,248,0
5,32,129,249,0
5,32,129,250,0
5,32,129,251,0
5,32,129,252,0
5,32,129,253,0
5,32,129,254,0
5,32,129,255,0
5,32,129,256,0
5,32,129,257,0
5,32,129,258,0
5,32,129,259,0
5,32,129,260,0
5,32,129,261,0
5,32,129,262,0
5,32,129,263,0
5,32,129,264,0
5,32,129,265,0
5,32,129,266,0
5,32,129,267,0
5,32,129,268,0
5,32,129,269,0
5,32,129,270,0
5,32,129,271,0
5,32,129,272,0
5,32,129,273,0
5,32,129,274,0
5,32,129,275,0
5,32,129,276,0
5,32,129,277,0
5,32,129,278,0
5,32,129,279,0
5,32,129,280,0
5,32,129,281,0
5,32,129,282,0
5,32,129,283,0
5,32,130,0,0
5,32,130,1,0
5,32,130,2,0
5,32,130,3,0
5,32,130,4,0
5,32,130,5,0
5,32,130,6,0
5,32,130,7,0
5,32,130,8,0
5,32,130,9,0
5,32,130,10,0
5,32,130,11,0
5,32,130,12,0
5,32,130,13,0
5,32,130,14,0
5,32,130,15,0
5,32,130,16,0
5,32,130,17,0
5,32,130,18,0
5,32,130,19,0
5,32,130,20,0
5,32,130,21,0
5,32,130,22,0
5,32,130,23,0
5,32,130,24,0
5,32,130,25,0
5,32,130,26,0
5,32,130,27,0
5,32,130,28,0
5,32,130,29,0
5,32,130,30,0
5,32,130,31,0
5,32,130,32,0
5,32,130,33,0
5,32,130,34,0
5,32,130,35,0
5,32,130,36,0
5,32,130,37,0
5,32,130,38,0
5,32,130,39,0
5,32,130,40,0
5,32,130,41,0
5,32,130,42,0
5,32,130,43,0
5,32,130,44,0
5,32,130,45,0
5,32,130,46,0
5,32,130,47,0
5,32,130,48,0
5,32,130,49,0
5,32,130,50,0
5,32,130,51,0
5,32,130,52,0
5,32,130,53,0
5,32,130,54,0
5,32,130,55,0
5,32,130,56,0
5,32,130,57,0
5,32,130,58,0
5,32,130,59,0
5,32,130,60,0
5,32,130,61,0
5,32,130,62,0
5,32,130,63,0
5,32,130,64,0
5,32,130,65,0
5,32,130,66,0
5,32,130,67,0
5,32,130,68,0
5,32,130,69,0
5,32,130,70,0
5,32,130,71,0
5,32,130,72,0
5,32,130,73,0
5,32,130,74,0
5,32,130,75,0
5,32,130,76,0
5,32,130,77,0
5,32,130,78,0
5,32,130,79,0
5,32,130,80,0
5,32,130,81,0
5,32,130,82,0
5,32,130,83,0
5,32,130,84,0
5,32,130,85,0
5,32,130,86,0
5,32,130,87,0
5,32,130,88,0
5,32,130,89,0
5,32,130,90,0
5,32,130,91,0
5,32,130,92,0
5,32,130,93,0
5,32,130,94,0
5,32,130,95,0
5,32,130,96,0
5,32,130,97,0
5,32,130,98,0
5,32,130,99,0
5,32,130,100,0
5,32,130,101,0
5,32,130,102,0
5,32,130,103,0
5,32,130,104,0
5,32,130,105,0
5,32,130,106,0
5,32,130,107,0
5,32,130,108,0
5,32,130,109,0
5,32,130,110,0
5,32,130,111,0
5,32,130,112,0
5,32,130,113,0
5,32,130,114,0
5,32,130,115,0
5,32,130,116,0
5,32,130,117,0
5,32,130,118,0
5,32,130,119,0
5,32,130,120,0
5,32,130,121,0
5,32,130,122,0
5,32,130,123,0
5,32,130,124,0
5,32,130,125,0
5,32,130,126,0
5,32,130,127,0
5,32,130,128,0
5,32,130,129,0
5,32,130,130,0
5,32,130,131,0
5,32,130,132,0
5,32,130,133,0
5,32,130,134,0
5,32,130,135,0
5,32,130,136,0
5,32,130,137,0
5,32,130,138,0
5,32,130,139,0
5,32,130,140,0
5,32,130,141,0
5,32,130,142,0
5,32,130,143,0
5,32,130,144,0
5,32,130,145,0
5,32,130,146,0
5,32,130,147,0
5,32,130,148,0
5,32,130,149,0
5,32,130,150,0
5,32,130,151,0
5,32,130,152,0
5,32,130,153,0
5,32,130,154,0
5,32,130,155,0
5,32,130,156,0
5,32,130,157,0
5,32,130,158,0
5,32,130,159,0
5,32,130,160,0
5,32,130,161,0
5,32,130,162,0
5,32,130,163,210755891203072
5,32,130,164,28614562163486775
5,32,130,165,1764532206060523597
5,32,130,166,65869666950195752922
5,32,130,167,1674549050655008599335
5,32,130,168,30936916168359501202320
5,32,130,169,433060281785300186130173
5,32,130,170,4731132252764633577948296
5,32,130,171,41258391545523275937787955
5,32,130,172,292445521202306158560154938
5,32,130,173,1710493874410416126069195936
5,32,130,174,8363238216821318204420428469
5,32,130,175,34572993475066161960067309065
5,32,130,176,122064305180418266612940731919
5,32,130,177,371412261021127486350924687153
5,32,130,178,981948113211810495545157593672
5,32,130,179,2272566543555522170026160422563
5,32,130,180,4635567817108897827340944623378
5,32,130,181,8386528864745242523091153460140
5,32,130,182,13536122188113209922505681820923
5,32,130,183,19597875101878447324868243448029
5,32,130,184,25582606152164989147121991044796
5,32,130,185,30253825301610957316264432412342
5,32,130,186,32558253545293807315370704136499
5,32,130,187,32018623263394228340659273510965
5,32,130,188,28886225741527383495688163908135
5,32,130,189,23992815240312019658666378759757
5,32,130,190,18407664751241080866815013237558
5,32,130,191,13083896249226078856892531102053
5,32,130,192,8638930094464214744665242798352
5,32,130,193,5311316492338645753712065116392
5,32,130,194,3046998488942785449609980311067
5,32,130,195,1634010859365525516544490620122
5,32,130,196,820378490865988900801089428284
5,32,130,197,386096709191820856916981031789
5,32,130,198,170502420162780531256093139697
5,32,130,199,70702323212109953174336319391
5,32,130,200,27542830638057870537019110538
5,32,130,201,10081970982957226226552835436
5,32,130,202,3467536319438514587773296375
5,32,130,203,1120203596052679351207046559
5,32,130,204,339717248239618555272532930
5,32,130,205,96628916036263253251995658
5,32,130,206,25749373042124201409661548
5,32,130,207,6419070771473994203094845
5,32,130,208,1494424062614155273774471
5,32,130,209,324264531623598881192130
5,32,130,210,65427994560428587426459
5,32,130,211,12245803399731059886511
5,32,130,212,2120466938222628336045
5,32,130,213,338805158063524402025
5,32,130,214,49826691125491567426
5,32,130,215,6730352980099444733
5,32,130,216,833626377539365782
5,32,130,217,94578124650338065
5,32,130,218,9820641434178242
5,32,130,219,932179215783645
5,32,130,220,80682113941587
5,32,130,221,6336866341915
5,32,130,222,448010890497
5,32,130,223,28160086213
5,32,130,224,1545865027
5,32,130,225,72119328
5,32,130,226,2727310
5,32,130,227,79616
5,32,130,228,1440
5,32,130,229,7
5,32,130,230,0
5,32,130,231,0
5,32,130,232,0
5,32,130,233,0
5,32,130,234,0
5,32,130,235,0
5,32,130,236,0
5,32,130,237,0
5,32,130,238,0
5,32,130,239,0
5,32,130,240,0
5,32,130,241,0
5,32,130,242,0
5,32,130,243,0
5,32,130,244,0
5,32,130,245,0
5,32,130,246,0
5,32,130,247,0
5,32,130,248,0
5,32,130,249,0
5,32,130,250,0
5,32,130,251,0
5,32,130,252,0
5,32,130,253,0
5,32,130,254,0
5,32,130,255,0
5,32,130,256,0
5,32,130,257,0
5,32,130,258,0
5,32,130,259,0
5,32,130,260,0
5,32,130,261,0
5,32,130,262,0
5,32,130,263,0
5,32,130,264,0
5,32,130,265,0
5,32,130,266,0
5,32,130,267,0
5,32,130,268,0
5,32,130,269,0
5,32,130,270,0
5,32,130,271,0
5,32,130,272,0
5,32,130,273,0
5,32,130,274,0
5,32,130,275,0
5,32,130,276,0
5,32,130,277,0
5,32,130,278,0
5,32,130,279,0
5,32,130,280,0
5,32,130,281,0
5,32,130,282,0
5,32,130,283,0
5,32,131,0,0
5,32,131,1,0
5,32,131,2,0
5,32,131,3,0
5,32,131,4,0
5,32,131,5,0
5,32,131,6,0
5,32,131,7,0
5,32,131,8,0
5,32,131,9,0
5,32,131,10,0
5,32,131,11,0
5,32,131,12,0
5,32,131,13,0
5,32,131,14,0
5,32,131,15,0
5,32,131,16,0
5,32,131,17,0
5,32,131,18,0
5,32,131,19,0
5,32,131,20,0
5,32,131,21,0
5,32,131,22,0
5,32,131,23,0
5,32,131,24,0
5,32,131,25,0
5,32,131,26,0
5,32,131,27,0
5,32,131,28,0
5,32,131,29,0
5,32,131,30,0
5,32,131,31,0
5,32,131,32,0
5,32,131,33,0
5,32,131,34,0
5,32,131,35,0
5,32,131,36,0
5,32,131,37,0
5,32,131,38,0
5,32,131,39,0
5,32,131,40,0
5,32,131,41,0
5,32,131,42,0
5,32,131,43,0
5,32,131,44,0
5,32,131,45,0
5,32,131,46,0
5,32,131,47,0
5,32,131,48,0
5,32,131,49,0
5,32,131,50,0
5,32,131,51,0
5,32,131,52,0
5,32,131,53,0
5,32,131,54,0
5,32,131,55,0
5,32,131,56,0
5,32,131,57,0
5,32,131,58,0
5,32,131,59,0
5,32,131,60,0
5,32,131,61,0
5,32,131,62,0
5,32,131,63,0
5,32,131,64,0
5,32,131,65,0
5,32,131,66,0
5,32,131,67,0
5,32,131,68,0
5,32,131,69,0
5,32,131,70,0
5,32,131,71,0
5,32,131,72,0
5,32,131,73,0
5,32,131,74,0
5,32,131,75,0
5,32,131,76,0
5,32,131,77,0
5,32,131,78,0
5,32,131,79,0
5,32,131,80,0
5,32,131,81,0
5,32,131,82,0
5,32,131,83,0
5,32,131,84,0
5,32,131,85,0
5,32,131,86,0
5,32,131,87,0
5,32,131,88,0
5,32,131,89,0
5,32,131,90,0
5,32,131,91,0
5,32,131,92,0
5,32,131,93,0
5,32,131,94,0
5,32,131,95,0
5,32,131,96,0
5,32,131,97,0
5,32,131,98,0
5,32,131,99,0
5,32,131,100,0
5,32,131,101,0
5,32,131,102,0
5,32,131,103,0
5,32,131,104,0
5,32,131,105,0
5,32,131,106,0
5,32,131,107,0
5,32,131,108,0
5,32,131,109,0
5,32,131,110,0
5,32,131,111,0
5,32,131,112,0
5,32,131,113,0
5,32,131,114,0
5,32,131,115,0
5,32,131,116,0
5,32,131,117,0
5,32,131,118,0
5,32,131,119,0
5,32,131,120,0
5,32,131,121,0
5,32,131,122,0
5,32,131,123,0
5,32,131,124,0
5,32,131,125,0
5,32,131,126,0
5,32,131,127,0
5,32,131,128,0
5,32,131,129,0
5,32,131,130,0
5,32,131,131,0
5,32,131,132,0
5,32,131,133,0
5,32,131,134,0
5,32,131,135,0
5,32,131,136,0
5,32,131,137,0
5,32,131,138,0
5,32,131,139,0
5,32,131,140,0
5,32,131,141,0
5,32,131,142,0
5,32,131,143,0
5,32,131,144,0
5,32,131,145,0
5,32,131,146,0
5,32,131,147,0
5,32,131,148,0
5,32,131,149,0
5,32,131,150,0
5,32,131,151,0
5,32,131,152,0
5,32,131,153,0
5,32,131,154,0
5,32,131,155,0
5,32,131,156,0
5,32,131,157,0
5,32,131,158,0
5,32,131,159,0
5,32,131,160,0
5,32,131,161,0
5,32,131,162,0
5,32,131,163,0
5,32,131,164,0
5,32,131,165,0
5,32,131,166,0
5,32,131,167,539299579760406
5,32,131,168,66431515587866518
5,32,131,169,3710907488785080526
5,32,131,170,125288233426321926208
5,32,131,171,2876247195680900654522
5,32,131,172,47916157771549851976774
5,32,131,173,604037326388848588367348
5,32,131,174,5936015994076131186543272
5,32,131,175,46519531350592244639987426
5,32,131,176,296083854724587313906562346
5,32,131,177,1554053146314731477021686766
5,32,131,178,6815448288474499067205707688
5,32,131,179,25264255255137450140679765038
5,32,131,180,79975275703634326056843949248
5,32,131,181,218195255722577859465315870016
5,32,131,182,517372833979924288007999634934
5,32,131,183,1074345563728174505662348881762
5,32,131,184,1967489358036693599037055014344
5,32,131,185,3198346707795749829539829894822
5,32,131,186,4643016493957270188408257862942
5,32,131,187,6053054241834582623663828270656
5,32,131,188,7123972289408503255271543256592
5,32,131,189,7606079699749987714403602233384
5,32,131,190,7400421727248803726265589926706
5,32,131,191,6589081741217891658381515423414
5,32,131,192,5389300945199596156195026144012
5,32,131,193,4063461866553799572384260831894
5,32,131,194,2833251170079814512042788432490
5,32,131,195,1831984374845229347302337523820
5,32,131,196,1101248787005908631668276331080
5,32,131,197,616758645166090332486483044914
5,32,131,198,322414070313840375044835809578
5,32,131,199,157562134118851906663924627270
5,32,131,200,72072530285055436452065542158
5,32,131,201,30887454892985402652966213948
5,32,131,202,12410198232945592531496508092
5,32,131,203,4676551595109732824521504060
5,32,131,204,1652972528602199169361275536
5,32,131,205,547918623707170709759656524
5,32,131,206,170242354545601245948892132
5,32,131,207,49542838011061207395354688
5,32,131,208,13489098011750676691258966
5,32,131,209,3431341010484291502590930
5,32,131,210,814094704066046604838952
5,32,131,211,179774828503453288844580
5,32,131,212,36864341012368573558146
5,32,131,213,7001189171609310360124
5,32,131,214,1228010535770159427738
5,32,131,215,198352250780577569526
5,32,131,216,29420664658337654556
5,32,131,217,3997167064812711412
5,32,131,218,496432964172158102
5,32,131,219,56280888279674034
5,32,131,220,5818481689436882
5,32,131,221,547856079369536
5,32,131,222,46866262879250
5,32,131,223,3624872025956
5,32,131,224,251406276456
5,32,131,225,15434144868
5,32,131,226,822806124
5,32,131,227,37028522
5,32,131,228,1334270
5,32,131,229,35546
5,32,131,230,630
5,32,131,231,0
5,32,131,232,0
5,32,131,233,0
5,32,131,234,0
5,32,131,235,0
5,32,131,236,0
5,32,131,237,0
5,32,131,238,0
5,32,131,239,0
5,32,131,240,0
5,32,131,241,0
5,32,131,242,0
5,32,131,243,0
5,32,131,244,0
5,32,131,245,0
5,32,131,246,0
5,32,131,247,0
5,32,131,248,0
5,32,131,249,0
5,32,131,250,0
5,32,131,251,0
5,32,131,252,0
5,32,131,253,0
5,32,131,254,0
5,32,131,255,0
5,32,131,256,0
5,32,131,257,0
5,32,131,258,0
5,32,131,259,0
5,32,131,260,0
5,32,131,261,0
5,32,131,262,0
5,32,131,263,0
5,32,131,264,0
5,32,131,265,0
5,32,131,266,0
5,32,131,267,0
5,32,131,268,0
5,32,131,269,0
5,32,131,270,0
5,32,131,271,0
5,32,131,272,0
5,32,131,273,0
5,32,131,274,0
5,32,131,275,0
5,32,131,276,0
5,32,131,277,0
5,32,131,278,0
5,32,131,279,0
5,32,131,280,0
5,32,131,281,0
5,32,131,282,0
5,32,131,283,0
5,32,132,0,0
5,32,132,1,0
5,32,132,2,0
5,32,132,3,0
5,32,132,4,0
5,32,132,5,0
5,32,132,6,0
5,32,132,7,0
5,32,132,8,0
5,32,132,9,0
5,32,132,10,0
5,32,132,11,0
5,32,132,12,0
5,32,132,13,0
5,32,132,14,0
5,32,132,15,0
5,32,132,16,0
5,32,132,17,0
5,32,132,18,0
5,32,132,19,0
5,32,132,20,0
5,32,132,21,0
5,32,132,22,0
5,32,132,23,0
5,32,132,24,0
5,32,132,25,0
5,32,132,26,0
5,32,132,27,0
5,32,132,28,0
5,32,132,29,0
5,32,132,30,0
5,32,132,31,0
5,32,132,32,0
5,32,132,33,0
5,32,132,34,0
5,32,132,35,0
5,32,132,36,0
5,32,132,37,0
5,32,132,38,0
5,32,132,39,0
5,32,132,40,0
5,32,132,41,0
5,32,132,42,0
5,32,132,43,0
5,32,132,44,0
5,32,132,45,0
5,32,132,46,0
5,32,132,47,0
5,32,132,48,0
5,32,132,49,0
5,32,132,50,0
5,32,132,51,0
5,32,132,52,0
5,32,132,53,0
5,32,132,54,0
5,32,132,55,0
5,32,132,56,0
5,32,132,57,0
5,32,132,58,0
5,32,132,59,0
5,32,132,60,0
5,32,132,61,0
5,32,132,62,0
5,32,132,63,0
5,32,132,64,0
5,32,132,65,0
5,32,132,66,0
5,32,132,67,0
5,32,132,68,0
5,32,132,69,0
5,32,132,70,0
5,32,132,71,0
5,32,132,72,0
5,32,132,73,0
5,32,132,74,0
5,32,132,75,0
5,32,132,76,0
5,32,132,77,0
5,32,132,78,0
5,32,132,79,0
5,32,132,80,0
5,32,132,81,0
5,32,132,82,0
5,32,132,83,0
5,32,132,84,0
5,32,132,85,0
5,32,132,86,0
5,32,132,87,0
5,32,132,88,0
5,32,132,89,0
5,32,132,90,0
5,32,132,91,0
5,32,132,92,0
5,32,132,93,0
5,32,132,94,0
5,32,132,95,0
5,32,132,96,0
5,32,132,97,0
5,32,132,98,0
5,32,132,99,0
5,32,132,100,0
5,32,132,101,0
5,32,132,102,0
5,32,132,103,0
5,32,132,104,0
5,32,132,105,0
5,32,132,106,0
5,32,132,107,0
5,32,132,108,0
5,32,132,109,0
5,32,132,110,0
5,32,132,111,0
5,32,132,112,0
5,32,132,113,0
5,32,132,114,0
5,32,132,115,0
5,32,132,116,0
5,32,132,117,0
5,32,132,118,0
5,32,132,119,0
5,32,132,120,0
5,32,132,121,0
5,32,132,122,0
5,32,132,123,0
5,32,132,124,0
5,32,132,125,0
5,32,132,126,0
5,32,132,127,0
5,32,132,128,0
5,32,132,129,0
5,32,132,130,0
5,32,132,131,0
5,32,132,132,0
5,32,132,133,0
5,32,132,134,0
5,32,132,135,0
5,32,132,136,0
5,32,132,137,0
5,32,132,138,0
5,32,132,139,0
5,32,132,140,0
5,32,132,141,0
5,32,132,142,0
5,32,132,143,0
5,32,132,144,0
5,32,132,145,0
5,32,132,146,0
5,32,132,147,0
5,32,132,148,0
5,32,132,149,0
5,32,132,150,0
5,32,132,151,0
5,32,132,152,0
5,32,132,153,0
5,32,132,154,0
5,32,132,155,0
5,32,132,156,0
5,32,132,157,0
5,32,132,158,0
5,32,132,159,0
5,32,132,160,0
5,32,132,161,0
5,32,132,162,0
5,32,132,163,0
5,32,132,164,0
5,32,132,165,0
5,32,132,166,0
5,32,132,167,0
5,32,132,168,0
5,32,132,169,0
5,32,132,170,0
5,32,132,171,1219506044209516
5,32,132,172,136085232320676815
5,32,132,173,6874735661109164706
5,32,132,174,209553360315822609570
5,32,132,175,4336377385459583544137
5,32,132,176,65022473441667015542719
5,32,132,177,736812710873214452103037
5,32,132,178,6501370145262097024851956
5,32,132,179,45702854260241593046446141
5,32,132,180,260724372585648605058758830
5,32,132,181,1225838155654047322408677247
5,32,132,182,4813777174486973144958266743
5,32,132,183,15974636320566303311992355705
5,32,132,184,45269862975604370381516114761
5,32,132,185,110589489474918448867352042163
5,32,132,186,234890559586976799874600902294
5,32,132,187,437189690867560306056896579537
5,32,132,188,718228293608662279422826052317
5,32,132,189,1048439359732455223034460412557
5,32,132,190,1368364329452476108982290444408
5,32,132,191,1605956439833471627950739482329
5,32,132,192,1703933116152669495100196287441
5,32,132,193,1642458614821712386789200522710
5,32,132,194,1444847544627439218155319581951
5,32,132,195,1164731834230898810973914329411
5,32,132,196,863627834609021844853331657251
5,32,132,197,590985366374524312412720197712
5,32,132,198,374338464506752486517229799624
5,32,132,199,220048197294015249147241024956
5,32,132,200,120312109392934254322016242898
5,32,132,201,61300072813726650012144223863
5,32,132,202,29150686517790926131154342331
5,32,132,203,12954088709787237341979023983
5,32,132,204,5384317215716297734703132487
5,32,132,205,2094492717561155899484139517
5,32,132,206,762736353293180765712894690
5,32,132,207,260018375694727677414711031
5,32,132,208,82949959510117679823823153
5,32,132,209,24746758656801086613989613
5,32,132,210,6897202155233568766431621
5,32,132,211,1793466489314281919910377
5,32,132,212,434349558477940838110229
5,32,132,213,97772492922349704568467
5,32,132,214,20406977988704137572165
5,32,132,215,3938567524025843621629
5,32,132,216,700797682207842921965
5,32,132,217,114595725632675711528
5,32,132,218,17166952662016966387
5,32,132,219,2349057832838188074
5,32,132,220,292889602301465359
5,32,132,221,33215147905578590
5,32,132,222,3421616599683600
5,32,132,223,319749599434155
5,32,132,224,27040740914392
5,32,132,225,2059500469020
5,32,132,226,140081315384
5,32,132,227,8394295594
5,32,132,228,434085084
5,32,132,229,18810004
5,32,132,230,644464
5,32,132,231,15682
5,32,132,232,240
5,32,132,233,0
5,32,132,234,0
5,32,132,235,0
5,32,132,236,0
5,32,132,237,0
5,32,132,238,0
5,32,132,239,0
5,32,132,240,0
5,32,132,241,0
5,32,132,242,0
5,32,132,243,0
5,32,132,244,0
5,32,132,245,0
5,32,132,246,0
5,32,132,247,0
5,32,132,248,0
5,32,132,249,0
5,32,132,250,0
5,32,132,251,0
5,32,132,252,0
5,32,132,253,0
5,32,132,254,0
5,32,132,255,0
5,32,132,256,0
5,32,132,257,0
5,32,132,258,0
5,32,132,259,0
5,32,132,260,0
5,32,132,261,0
5,32,132,262,0
5,32,132,263,0
5,32,132,264,0
5,32,132,265,0
5,32,132,266,0
5,32,132,267,0
5,32,132,268,0
5,32,132,269,0
5,32,132,270,0
5,32,132,271,0
5,32,132,272,0
5,32,132,273,0
5,32,132,274,0
5,32,132,275,0
5,32,132,276,0
5,32,132,277,0
5,32,132,278,0
5,32,132,279,0
5,32,132,280,0
5,32,132,281,0
5,32,132,282,0
5,32,132,283,0
5,32,133,0,0
5,32,133,1,0
5,32,133,2,0
5,32,133,3,0
5,32,133,4,0
5,32,133,5,0
5,32,133,6,0
5,32,133,7,0
5,32,133,8,0
5,32,133,9,0
5,32,133,10,0
5,32,133,11,0
5,32,133,12,0
5,32,133,13,0
5,32,133,14,0
5,32,133,15,0
5,32,133,16,0
5,32,133,17,0
5,32,133,18,0
5,32,133,19,0
5,32,133,20,0
5,32,133,21,0
5,32,133,22,0
5,32,133,23,0
5,32,133,24,0
5,32,133,25,0
5,32,133,26,0
5,32,133,27,0
5,32,133,28,0
5,32,133,29,0
5,32,133,30,0
5,32,133,31,0
5,32,133,32,0
5,32,133,33,0
5,32,133,34,0
5,32,133,35,0
5,32,133,36,0
5,32,133,37,0
5,32,133,38,0
5,32,133,39,0
5,32,133,40,0
5,32,133,41,0
5,32,133,42,0
5,32,133,43,0
5,32,133,44,0
5,32,133,45,0
5,32,133,46,0
5,32,133,47,0
5,32,133,48,0
5,32,133,49,0
5,32,133,50,0
5,32,133,51,0
5,32,133,52,0
5,32,133,53,0
5,32,133,54,0
5,32,133,55,0
5,32,133,56,0
5,32,133,57,0
5,32,133,58,0
5,32,133,59,0
5,32,133,60,0
5,32,133,61,0
5,32,133,62,0
5,32,133,63,0
5,32,133,64,0
5,32,133,65,0
5,32,133,66,0
5,32,133,67,0
5,32,133,68,0
5,32,133,69,0
5,32,133,70,0
5,32,133,71,0
5,32,133,72,0
5,32,133,73,0
5,32,133,74,0
5,32,133,75,0
5,32,133,76,0
5,32,133,77,0
5,32,133,78,0
5,32,133,79,0
5,32,133,80,0
5,32,133,81,0
5,32,133,82,0
5,32,133,83,0
5,32,133,84,0
5,32,133,85,0
5,32,133,86,0
5,32,133,87,0
5,32,133,88,0
5,32,133,89,0
5,32,133,90,0
5,32,133,91,0
5,32,133,92,0
5,32,133,93,0
5,32,133,94,0
5,32,133,95,0
5,32,133,96,0
5,32,133,97,0
5,32,133,98,0
5,32,133,99,0
5,32,133,100,0
5,32,133,101,0
5,32,133,102,0
5,32,133,103,0
5,32,133,104,0
5,32,133,105,0
5,32,133,106,0
5,32,133,107,0
5,32,133,108,0
5,32,133,109,0
5,32,133,110,0
5,32,133,111,0
5,32,133,112,0
5,32,133,113,0
5,32,133,114,0
5,32,133,115,0
5,32,133,116,0
5,32,133,117,0
5,32,133,118,0
5,32,133,119,0
5,32,133,120,0
5,32,133,121,0
5,32,133,122,0
5,32,133,123,0
5,32,133,124,0
5,32,133,125,0
5,32,133,126,0
5,32,133,127,0
5,32,133,128,0
5,32,133,129,0
5,32,133,130,0
5,32,133,131,0
5,32,133,132,0
5,32,133,133,0
5,32,133,134,0
5,32,133,135,0
5,32,133,136,0
5,32,133,137,0
5,32,133,138,0
5,32,133,139,0
5,32,133,140,0
5,32,133,141,0
5,32,133,142,0
5,32,133,143,0
5,32,133,144,0
5,32,133,145,0
5,32,133,146,0
5,32,133,147,0
5,32,133,148,0
5,32,133,149,0
5,32,133,150,0
5,32,133,151,0
5,32,133,152,0
5,32,133,153,0
5,32,133,154,0
5,32,133,155,0
5,32,133,156,0
5,32,133,157,0
5,32,133,158,0
5,32,133,159,0
5,32,133,160,0
5,32,133,161,0
5,32,133,162,0
5,32,133,163,0
5,32,133,164,0
5,32,133,165,0
5,32,133,166,0
5,32,133,167,0
5,32,133,168,0
5,32,133,169,0
5,32,133,170,0
5,32,133,171,0
5,32,133,172,0
5,32,133,173,0
5,32,133,174,0
5,32,133,175,2435761713755082
5,32,133,176,245828329362984324
5,32,133,177,11211440636174099336
5,32,133,178,307986009245028545766
5,32,133,179,5734427447894800459798
5,32,133,180,77251978183951945783280
5,32,133,181,785437398120855440557528
5,32,133,182,6211087415559839869306700
5,32,133,183,39092582690857959159075930
5,32,133,184,199519924708660748159557224
5,32,133,185,838778246167692980973908248
5,32,133,186,2944153987058954451463825562
5,32,133,187,8732061673394998181516368074
5,32,133,188,22118717093762734268146142438
5,32,133,189,48315645031667037256144552244
5,32,133,190,91817347959222755480512049566
5,32,133,191,153029875285872045205373791090
5,32,133,192,225356183373966404868489540892
5,32,133,193,295245605822601495769593675440
5,32,133,194,346313467239040915708061589420
5,32,133,195,365817298045876834519347820108
5,32,133,196,349863569927409044143504746840
5,32,133,197,304440327877579507616365401782
5,32,133,198,242106284480939326834386688726
5,32,133,199,176663710928364084939119390382
5,32,133,200,118706005362566813945943777656
5,32,133,201,73678965415121752984791615600
5,32,133,202,42358634782836982029345091926
5,32,133,203,22608779650627675407107822260
5,32,133,204,11225130225921777198056721556
5,32,133,205,5192375329393686515326544952
5,32,133,206,2240403591253387244707567368
5,32,133,207,902494011073594190089575730
5,32,133,208,339580029261120054505441858
5,32,133,209,119369009238319166389741798
5,32,133,210,39193453574637930366240738
5,32,133,211,12013655100491549386568060
5,32,133,212,3434677265312998720486244
5,32,133,213,914729306741980756786072
5,32,133,214,226555145581966559315174
5,32,133,215,52075903166424085278472
5,32,133,216,11081937428739428419392
5,32,133,217,2177104979689847523696
5,32,133,218,393595775544968741240
5,32,133,219,65259667744290693798
5,32,133,220,9888717814370028310
5,32,133,221,1364819082628478372
5,32,133,222,171070236160089086
5,32,133,223,19428989307708014
5,32,133,224,1996163315933636
5,32,133,225,185254271058696
5,32,133,226,15492529194054
5,32,133,227,1161924969964
5,32,133,228,77479014056
5,32,133,229,4529198190
5,32,133,230,226981620
5,32,133,231,9435636
5,32,133,232,308084
5,32,133,233,6748
5,32,133,234,84
5,32,133,235,0
5,32,133,236,0
5,32,133,237,0
5,32,133,238,0
5,32,133,239,0
5,32,133,240,0
5,32,133,241,0
5,32,133,242,0
5,32,133,243,0
5,32,133,244,0
5,32,133,245,0
5,32,133,246,0
5,32,133,247,0
5,32,133,248,0
5,32,133,249,0
5,32,133,250,0
5,32,133,251,0
5,32,133,252,0
5,32,133,253,0
5,32,133,254,0
5,32,133,255,0
5,32,133,256,0
5,32,133,257,0
5,32,133,258,0
5,32,133,259,0
5,32,133,260,0
5,32,133,261,0
5,32,133,262,0
5,32,133,263,0
5,32,133,264,0
5,32,133,265,0
5,32,133,266,0
5,32,133,267,0
5,32,133,268,0
5,32,133,269,0
5,32,133,270,0
5,32,133,271,0
5,32,133,272,0
5,32,133,273,0
5,32,133,274,0
5,32,133,275,0
5,32,133,276,0
5,32,133,277,0
5,32,133,278,0
5,32,133,279,0
5,32,133,280,0
5,32,133,281,0
5,32,133,282,0
5,32,133,283,0
5,32,134,0,0
5,32,134,1,0
5,32,134,2,0
5,32,134,3,0
5,32,134,4,0
5,32,134,5,0
5,32,134,6,0
5,32,134,7,0
5,32,134,8,0
5,32,134,9,0
5,32,134,10,0
5,32,134,11,0
5,32,134,12,0
5,32,134,13,0
5,32,134,14,0
5,32,134,15,0
5,32,134,16,0
5,32,134,17,0
5,32,134,18,0
5,32,134,19,0
5,32,134,20,0
5,32,134,21,0
5,32,134,22,0
5,32,134,23,0
5,32,134,24,0
5,32,134,25,0
5,32,134,26,0
5,32,134,27,0
5,32,134,28,0
5,32,134,29,0
5,32,134,30,0
5,32,134,31,0
5,32,134,32,0
5,32,134,33,0
5,32,134,34,0
5,32,134,35,0
5,32,134,36,0
5,32,134,37,0
5,32,134,38,0
5,32,134,39,0
5,32,134,40,0
5,32,134,41,0
5,32,134,42,0
5,32,134,43,0
5,32,134,44,0
5,32,134,45,0
5,32,134,46,0
5,32,134,47,0
5,32,134,48,0
5,32,134,49,0
5,32,134,50,0
5,32,134,51,0
5,32,134,52,0
5,32,134,53,0
5,32,134,54,0
5,32,134,55,0
5,32,134,56,0
5,32,134,57,0
5,32,134,58,0
5,32,134,59,0
5,32,134,60,0
5,32,134,61,0
5,32,134,62,0
5,32,134,63,0
5,32,134,64,0
5,32,134,65,0
5,32,134,66,0
5,32,134,67,0
5,32,134,68,0
5,32,134,69,0
5,32,134,70,0
5,32,134,71,0
5,32,134,72,0
5,32,134,73,0
5,32,134,74,0
5,32,134,75,0
5,32,134,76,0
5,32,134,77,0
5,32,134,78,0
5,32,134,79,0
5,32,134,80,0
5,32,134,81,0
5,32,134,82,0
5,32,134,83,0
5,32,134,84,0
5,32,134,85,0
5,32,134,86,0
5,32,134,87,0
5,32,134,88,0
5,32,134,89,0
5,32,134,90,0
5,32,134,91,0
5,32,134,92,0
5,32,134,93,0
5,32,134,94,0
5,32,134,95,0
5,32,134,96,0
5,32,134,97,0
5,32,134,98,0
5,32,134,99,0
5,32,134,100,0
5,32,134,101,0
5,32,134,102,0
5,32,134,103,0
5,32,134,104,0
5,32,134,105,0
5,32,134,106,0
5,32,134,107,0
5,32,134,108,0
5,32,134,109,0
5,32,134,110,0
5,32,134,111,0
5,32,134,112,0
5,32,134,113,0
5,32,134,114,0
5,32,134,115,0
5,32,134,116,0
5,32,134,117,0
5,32,134,118,0
5,32,134,119,0
5,32,134,120,0
5,32,134,121,0
5,32,134,122,0
5,32,134,123,0
5,32,134,124,0
5,32,134,125,0
5,32,134,126,0
5,32,134,127,0
5,32,134,128,0
5,32,134,129,0
5,32,134,130,0
5,32,134,131,0
5,32,134,132,0
5,32,134,133,0
5,32,134,134,0
5,32,134,135,0
5,32,134,136,0
5,32,134,137,0
5,32,134,138,0
5,32,134,139,0
5,32,134,140,0
5,32,134,141,0
5,32,134,142,0
5,32,134,143,0
5,32,134,144,0
5,32,134,145,0
5,32,134,146,0
5,32,134,147,0
5,32,134,148,0
5,32,134,149,0
5,32,134,150,0
5,32,134,151,0
5,32,134,152,0
5,32,134,153,0
5,32,134,154,0
5,32,134,155,0
5,32,134,156,0
5,32,134,157,0
5,32,134,158,0
5,32,134,159,0
5,32,134,160,0
5,32,134,161,0
5,32,134,162,0
5,32,134,163,0
5,32,134,164,0
5,32,134,165,0
5,32,134,166,0
5,32,134,167,0
5,32,134,168,0
5,32,134,169,0
5,32,134,170,0
5,32,134,171,0
5,32,134,172,0
5,32,134,173,0
5,32,134,174,0
5,32,134,175,0
5,32,134,176,0
5,32,134,177,0
5,32,134,178,0
5,32,134,179,4294813165768824
5,32,134,180,391353963973115477
5,32,134,181,16084872548317550478
5,32,134,182,397499538579162437826
5,32,134,183,6647040178807400163657
5,32,134,184,80301584540947427987010
5,32,134,185,731162894784086675351542
5,32,134,186,5171855816214446933714289
5,32,134,187,29088610593469772721467221
5,32,134,188,132566430581630262415709772
5,32,134,189,497377746599878329452261867
5,32,134,190,1557675341302753218259845171
5,32,134,191,4122049855333782538349991096
5,32,134,192,9318778913463367368092607839
5,32,134,193,18177354847811725172287240653
5,32,134,194,30872076942636560830350403550
5,32,134,195,46033382787244987221205277461
5,32,134,196,60724907088285539979232445319
5,32,134,197,71366512887688071774857064827
5,32,134,198,75205710394838841300624970825
5,32,134,199,71480903667069754184167563869
5,32,134,200,61607343304904155495875843479
5,32,134,201,48380492906109553882517986887
5,32,134,202,34767452386495632195746342842
5,32,134,203,22950554520780041675075661221
5,32,134,204,13962879413606117750853029043
5,32,134,205,7851647426013023360398797374
5,32,134,206,4090722580234238444485165722
5,32,134,207,1978594893261359653080001150
5,32,134,208,889850822049841422046479234
5,32,134,209,372558194776408403284950535
5,32,134,210,145322213578613407803040495
5,32,134,211,52833405030304026949904295
5,32,134,212,17903384933198721576387783
5,32,134,213,5652681268814026368225224
5,32,134,214,1661641431720575673088515
5,32,134,215,454230902288792152251313
5,32,134,216,115287372174786360593684
5,32,134,217,27112627143071565303558
5,32,134,218,5893476347695350827641
5,32,134,219,1180633559451401887870
5,32,134,220,217248920991180596731
5,32,134,221,36585497005657775199
5,32,134,222,5616890044145094913
5,32,134,223,783181450182850662
5,32,134,224,98833475128941124
5,32,134,225,11256476815447312
5,32,134,226,1154695642722193
5,32,134,227,106502785800629
5,32,134,228,8811117691499
5,32,134,229,650749988494
5,32,134,230,42528791140
5,32,134,231,2423826458
5,32,134,232,117528147
5,32,134,233,4683827
5,32,134,234,144054
5,32,134,235,2916
5,32,134,236,24
5,32,134,237,0
5,32,134,238,0
5,32,134,239,0
5,32,134,240,0
5,32,134,241,0
5,32,134,242,0
5,32,134,243,0
5,32,134,244,0
5,32,134,245,0
5,32,134,246,0
5,32,134,247,0
5,32,134,248,0
5,32,134,249,0
5,32,134,250,0
5,32,134,251,0
5,32,134,252,0
5,32,134,253,0
5,32,134,254,0
5,32,134,255,0
5,32,134,256,0
5,32,134,257,0
5,32,134,258,0
5,32,134,259,0
5,32,134,260,0
5,32,134,261,0
5,32,134,262,0
5,32,134,263,0
5,32,134,264,0
5,32,134,265,0
5,32,134,266,0
5,32,134,267,0
5,32,134,268,0
5,32,134,269,0
5,32,134,270,0
5,32,134,271,0
5,32,134,272,0
5,32,134,273,0
5,32,134,274,0
5,32,134,275,0
5,32,134,276,0
5,32,134,277,0
5,32,134,278,0
5,32,134,279,0
5,32,134,280,0
5,32,134,281,0
5,32,134,282,0
5,32,134,283,0
5,32,135,0,0
5,32,135,1,0
5,32,135,2,0
5,32,135,3,0
5,32,135,4,0
5,32,135,5,0
5,32,135,6,0
5,32,135,7,0
5,32,135,8,0
5,32,135,9,0
5,32,135,10,0
5,32,135,11,0
5,32,135,12,0
5,32,135,13,0
5,32,135,14,0
5,32,135,15,0
5,32,135,16,0
5,32,135,17,0
5,32,135,18,0
5,32,135,19,0
5,32,135,20,0
5,32,135,21,0
5,32,135,22,0
5,32,135,23,0
5,32,135,24,0
5,32,135,25,0
5,32,135,26,0
5,32,135,27,0
5,32,135,28,0
5,32,135,29,0
5,32,135,30,0
5,32,135,31,0
5,32,135,32,0
5,32,135,33,0
5,32,135,34,0
5,32,135,35,0
5,32,135,36,0
5,32,135,37,0
5,32,135,38,0
5,32,135,39,0
5,32,135,40,0
5,32,135,41,0
5,32,135,42,0
5,32,135,43,0
5,32,135,44,0
5,32,135,45,0
5,32,135,46,0
5,32,135,47,0
5,32,135,48,0
5,32,135,49,0
5,32,135,50,0
5,32,135,51,0
5,32,135,52,0
5,32,135,53,0
5,32,135,54,0
5,32,135,55,0
5,32,135,56,0
5,32,135,57,0
5,32,135,58,0
5,32,135,59,0
5,32,135,60,0
5,32,135,61,0
5,32,135,62,0
5,32,135,63,0
5,32,135,64,0
5,32,135,65,0
5,32,135,66,0
5,32,135,67,0
5,32,135,68,0
5,32,135,69,0
5,32,135,70,0
5,32,135,71,0
5,32,135,72,0
5,32,135,73,0
5,32,135,74,0
5,32,135,75,0
5,32,135,76,0
5,32,135,77,0
5,32,135,78,0
5,32,135,79,0
5,32,135,80,0
5,32,135,81,0
5,32,135,82,0
5,32,135,83,0
5,32,135,84,0
5,32,135,85,0
5,32,135,86,0
5,32,135,87,0
5,32,135,88,0
5,32,135,89,0
5,32,135,90,0
5,32,135,91,0
5,32,135,92,0
5,32,135,93,0
5,32,135,94,0
5,32,135,95,0
5,32,135,96,0
5,32,135,97,0
5,32,135,98,0
5,32,135,99,0
5,32,135,100,0
5,32,135,101,0
5,32,135,102,0
5,32,135,103,0
5,32,135,104,0
5,32,135,105,0
5,32,135,106,0
5,32,135,107,0
5,32,135,108,0
5,32,135,109,0
5,32,135,110,0
5,32,135,111,0
5,32,135,112,0
5,32,135,113,0
5,32,135,114,0
5,32,135,115,0
5,32,135,116,0
5,32,135,117,0
5,32,135,118,0
5,32,135,119,0
5,32,135,120,0
5,32,135,121,0
5,32,135,122,0
5,32,135,123,0
5,32,135,124,0
5,32,135,125,0
5,32,135,126,0
5,32,135,127,0
5,32,135,128,0
5,32,135,129,0
5,32,135,130,0
5,32,135,131,0
5,32,135,132,0
5,32,135,133,0
5,32,135,134,0
5,32,135,135,0
5,32,135,136,0
5,32,135,137,0
5,32,135,138,0
5,32,135,139,0
5,32,135,140,0
5,32,135,141,0
5,32,135,142,0
5,32,135,143,0
5,32,135,144,0
5,32,135,145,0
5,32,135,146,0
5,32,135,147,0
5,32,135,148,0
5,32,135,149,0
5,32,135,150,0
5,32,135,151,0
5,32,135,152,0
5,32,135,153,0
5,32,135,154,0
5,32,135,155,0
5,32,135,156,0
5,32,135,157,0
5,32,135,158,0
5,32,135,159,0
5,32,135,160,0
5,32,135,161,0
5,32,135,162,0
5,32,135,163,0
5,32,135,164,0
5,32,135,165,0
5,32,135,166,0
5,32,135,167,0
5,32,135,168,0
5,32,135,169,0
5,32,135,170,0
5,32,135,171,0
5,32,135,172,0
5,32,135,173,0
5,32,135,174,0
5,32,135,175,0
5,32,135,176,0
5,32,135,177,0
5,32,135,178,0
5,32,135,179,0
5,32,135,180,0
5,32,135,181,0
5,32,135,182,0
5,32,135,183,6681455899929248
5,32,135,184,548746970638858036
5,32,135,185,20289334398307463614
5,32,135,186,450244764718691989342
5,32,135,187,6749411071164505830110
5,32,135,188,72980775390781957316058
5,32,135,189,593928462006650739140652
5,32,135,190,3750344129360726904976232
5,32,135,191,18811191764649506247163724
5,32,135,192,76395749549277949532546802
5,32,135,193,255305979782440703659555980
5,32,135,194,712065584389154730866132030
5,32,135,195,1678385363095166766983785004
5,32,135,196,3381245910961692811114844968
5,32,135,197,5881961233160239945738175114
5,32,135,198,8918331117057897177358296462
5,32,135,199,11886920645412704815136772766
5,32,135,200,14036889073971980401460192932
5,32,135,201,14790517179360278974793166258
5,32,135,202,13996516134284335034803346150
5,32,135,203,11965243647314852802007800864
5,32,135,204,9288916839641212892544429998
5,32,135,205,6579177225465967702599079478
5,32,135,206,4268891986551521248531354954
5,32,135,207,2546436224497477642816240076
5,32,135,208,1400666805752486522415855604
5,32,135,209,712221967126876113499810750
5,32,135,210,335476356859467616614913064
5,32,135,211,146610061893042101475156042
5,32,135,212,59513907957652228277120852
5,32,135,213,22456191643015644080356406
5,32,135,214,7878460044369977919511036
5,32,135,215,2569643056205506465407460
5,32,135,216,778717790650653362658190
5,32,135,217,219037497137600105210348
5,32,135,218,57100733108950448313892
5,32,135,219,13768737354095506109296
5,32,135,220,3063401035378358429626
5,32,135,221,627018154833359677374
5,32,135,222,117657687650958595544
5,32,135,223,20162069904209662248
5,32,135,224,3141977653256910248
5,32,135,225,443370869709217826
5,32,135,226,56425714394005154
5,32,135,227,6454346748618822
5,32,135,228,661878438563872
5,32,135,229,60727215223436
5,32,135,230,4972655087830
5,32,135,231,361698247548
5,32,135,232,23159908842
5,32,135,233,1285876596
5,32,135,234,60332612
5,32,135,235,2285914
5,32,135,236,66886
5,32,135,237,1200
5,32,135,238,6
5,32,135,239,0
5,32,135,240,0
5,32,135,241,0
5,32,135,242,0
5,32,135,243,0
5,32,135,244,0
5,32,135,245,0
5,32,135,246,0
5,32,135,247,0
5,32,135,248,0
5,32,135,249,0
5,32,135,250,0
5,32,135,251,0
5,32,135,252,0
5,32,135,253,0
5,32,135,254,0
5,32,135,255,0
5,32,135,256,0
5,32,135,257,0
5,32,135,258,0
5,32,135,259,0
5,32,135,260,0
5,32,135,261,0
5,32,135,262,0
5,32,135,263,0
5,32,135,264,0
5,32,135,265,0
5,32,135,266,0
5,32,135,267,0
5,32,135,268,0
5,32,135,269,0
5,32,135,270,0
5,32,135,271,0
5,32,135,272,0
5,32,135,273,0
5,32,135,274,0
5,32,135,275,0
5,32,135,276,0
5,32,135,277,0
5,32,135,278,0
5,32,135,279,0
5,32,135,280,0
5,32,135,281,0
5,32,135,282,0
5,32,135,283,0
5,32,136,0,0
5,32,136,1,0
5,32,136,2,0
5,32,136,3,0
5,32,136,4,0
5,32,136,5,0
5,32,136,6,0
5,32,136,7,0
5,32,136,8,0
5,32,136,9,0
5,32,136,10,0
5,32,136,11,0
5,32,136,12,0
5,32,136,13,0
5,32,136,14,0
5,32,136,15,0
5,32,136,16,0
5,32,136,17,0
5,32,136,18,0
5,32,136,19,0
5,32,136,20,0
5,32,136,21,0
5,32,136,22,0
5,32,136,23,0
5,32,136,24,0
5,32,136,25,0
5,32,136,26,0
5,32,136,27,0
5,32,136,28,0
5,32,136,29,0
5,32,136,30,0
5,32,136,31,0
5,32,136,32,0
5,32,136,33,0
5,32,136,34,0
5,32,136,35,0
5,32,136,36,0
5,32,136,37,0
5,32,136,38,0
5,32,136,39,0
5,32,136,40,0
5,32,136,41,0
5,32,136,42,0
5,32,136,43,0
5,32,136,44,0
5,32,136,45,0
5,32,136,46,0
5,32,136,47,0
5,32,136,48,0
5,32,136,49,0
5,32,136,50,0
5,32,136,51,0
5,32,136,52,0
5,32,136,53,0
5,32,136,54,0
5,32,136,55,0
5,32,136,56,0
5,32,136,57,0
5,32,136,58,0
5,32,136,59,0
5,32,136,60,0
5,32,136,61,0
5,32,136,62,0
5,32,136,63,0
5,32,136,64,0
5,32,136,65,0
5,32,136,66,0
5,32,136,67,0
5,32,136,68,0
5,32,136,69,0
5,32,136,70,0
5,32,136,71,0
5,32,136,72,0
5,32,136,73,0
5,32,136,74,0
5,32,136,75,0
5,32,136,76,0
5,32,136,77,0
5,32,136,78,0
5,32,136,79,0
5,32,136,80,0
5,32,136,81,0
5,32,136,82,0
5,32,136,83,0
5,32,136,84,0
5,32,136,85,0
5,32,136,86,0
5,32,136,87,0
5,32,136,88,0
5,32,136,89,0
5,32,136,90,0
5,32,136,91,0
5,32,136,92,0
5,32,136,93,0
5,32,136,94,0
5,32,136,95,0
5,32,136,96,0
5,32,136,97,0
5,32,136,98,0
5,32,136,99,0
5,32,136,100,0
5,32,136,101,0
5,32,136,102,0
5,32,136,103,0
5,32,136,104,0
5,32,136,105,0
5,32,136,106,0
5,32,136,107,0
5,32,136,108,0
5,32,136,109,0
5,32,136,110,0
5,32,136,111,0
5,32,136,112,0
5,32,136,113,0
5,32,136,114,0
5,32,136,115,0
5,32,136,116,0
5,32,136,117,0
5,32,136,118,0
5,32,136,119,0
5,32,136,120,0
5,32,136,121,0
5,32,136,122,0
5,32,136,123,0
5,32,136,124,0
5,32,136,125,0
5,32,136,126,0
5,32,136,127,0
5,32,136,128,0
5,32,136,129,0
5,32,136,130,0
5,32,136,131,0
5,32,136,132,0
5,32,136,133,0
5,32,136,134,0
5,32,136,135,0
5,32,136,136,0
5,32,136,137,0
5,32,136,138,0
5,32,136,139,0
5,32,136,140,0
5,32,136,141,0
5,32,136,142,0
5,32,136,143,0
5,32,136,144,0
5,32,136,145,0
5,32,136,146,0
5,32,136,147,0
5,32,136,148,0
5,32,136,149,0
5,32,136,150,0
5,32,136,151,0
5,32,136,152,0
5,32,136,153,0
5,32,136,154,0
5,32,136,155,0
5,32,136,156,0
5,32,136,157,0
5,32,136,158,0
5,32,136,159,0
5,32,136,160,0
5,32,136,161,0
5,32,136,162,0
5,32,136,163,0
5,32,136,164,0
5,32,136,165,0
5,32,136,166,0
5,32,136,167,0
5,32,136,168,0
5,32,136,169,0
5,32,136,170,0
5,32,136,171,0
5,32,136,172,0
5,32,136,173,0
5,32,136,174,0
5,32,136,175,0
5,32,136,176,0
5,32,136,177,0
5,32,136,178,0
5,32,136,179,0
5,32,136,180,0
5,32,136,181,0
5,32,136,182,0
5,32,136,183,0
5,32,136,184,0
5,32,136,185,0
5,32,136,186,0
5,32,136,187,9166147179636964
5,32,136,188,677339056017340392
5,32,136,189,22489080897984470374
5,32,136,190,447312584259578073701
5,32,136,191,5999560113991040484631
5,32,136,192,57948188872829888509877
5,32,136,193,420628972722781451967142
5,32,136,194,2365993566824239391968218
5,32,136,195,10560612812651209937007660
5,32,136,196,38137764588066567796288128
5,32,136,197,113289514887145542470662045
5,32,136,198,280852068864683596242864080
5,32,136,199,588604041207078723344649196
5,32,136,200,1055066284304249700106007949
5,32,136,201,1634677917245299939315275689
5,32,136,202,2210307644056381191644918937
5,32,136,203,2631104779987577883915150651
5,32,136,204,2779301953351262049732525785
5,32,136,205,2623984522683023665786611924
5,32,136,206,2228499217523917348109424987
5,32,136,207,1712302905825898003325468389
5,32,136,208,1196359442766552453038455476
5,32,136,209,763429471296309978583682095
5,32,136,210,446627714503500764905634752
5,32,136,211,240313946774185868332274868
5,32,136,212,119237457318219739064062866
5,32,136,213,54671301270567959894931848
5,32,136,214,23201190137118898839412264
5,32,136,215,9123101833503535504998961
5,32,136,216,3326014766949841183968004
5,32,136,217,1124386219010426090702742
5,32,136,218,352344594149783579900009
5,32,136,219,102262804501493693117852
5,32,136,220,27452496068388451305981
5,32,136,221,6803707853815466254669
5,32,136,222,1552939992953638396016
5,32,136,223,325467135844122606833
5,32,136,224,62410041792572428196
5,32,136,225,10904798816506340931
5,32,136,226,1728352062742612448
5,32,136,227,247307601295426455
5,32,136,228,31799629298500807
5,32,136,229,3659418809586390
5,32,136,230,375684077618294
5,32,136,231,34324473859335
5,32,136,232,2783673616310
5,32,136,233,199448573546
5,32,136,234,12509256290
5,32,136,235,676001617
5,32,136,236,30647936
5,32,136,237,1107259
5,32,136,238,29606
5,32,136,239,525
5,32,136,240,0
5,32,136,241,0
5,32,136,242,0
5,32,136,243,0
5,32,136,244,0
5,32,136,245,0
5,32,136,246,0
5,32,136,247,0
5,32,136,248,0
5,32,136,249,0
5,32,136,250,0
5,32,136,251,0
5,32,136,252,0
5,32,136,253,0
5,32,136,254,0
5,32,136,255,0
5,32,136,256,0
5,32,136,257,0
5,32,136,258,0
5,32,136,259,0
5,32,136,260,0
5,32,136,261,0
5,32,136,262,0
5,32,136,263,0
5,32,136,264,0
5,32,136,265,0
5,32,136,266,0
5,32,136,267,0
5,32,136,268,0
5,32,136,269,0
5,32,136,270,0
5,32,136,271,0
5,32,136,272,0
5,32,136,273,0
5,32,136,274,0
5,32,136,275,0
5,32,136,276,0
5,32,136,277,0
5,32,136,278,0
5,32,136,279,0
5,32,136,280,0
5,32,136,281,0
5,32,136,282,0
5,32,136,283,0
5,32,137,0,0
5,32,137,1,0
5,32,137,2,0
5,32,137,3,0
5,32,137,4,0
5,32,137,5,0
5,32,137,6,0
5,32,137,7,0
5,32,137,8,0
5,32,137,9,0
5,32,137,10,0
5,32,137,11,0
5,32,137,12,0
5,32,137,13,0
5,32,137,14,0
5,32,137,15,0
5,32,137,16,0
5,32,137,17,0
5,32,137,18,0
5,32,137,19,0
5,32,137,20,0
5,32,137,21,0
5,32,137,22,0
5,32,137,23,0
5,32,137,24,0
5,32,137,25,0
5,32,137,26,0
5,32,137,27,0
5,32,137,28,0
5,32,137,29,0
5,32,137,30,0
5,32,137,31,0
5,32,137,32,0
5,32,137,33,0
5,32,137,34,0
5,32,137,35,0
5,32,137,36,0
5,32,137,37,0
5,32,137,38,0
5,32,137,39,0
5,32,137,40,0
5,32,137,41,0
5,32,137,42,0
5,32,137,43,0
5,32,137,44,0
5,32,137,45,0
5,32,137,46,0
5,32,137,47,0
5,32,137,48,0
5,32,137,49,0
5,32,137,50,0
5,32,137,51,0
5,32,137,52,0
5,32,137,53,0
5,32,137,54,0
5,32,137,55,0
5,32,137,56,0
5,32,137,57,0
5,32,137,58,0
5,32,137,59,0
5,32,137,60,0
5,32,137,61,0
5,32,137,62,0
5,32,137,63,0
5,32,137,64,0
5,32,137,65,0
5,32,137,66,0
5,32,137,67,0
5,32,137,68,0
5,32,137,69,0
5,32,137,70,0
5,32,137,71,0
5,32,137,72,0
5,32,137,73,0
5,32,137,74,0
5,32,137,75,0
5,32,137,76,0
5,32,137,77,0
5,32,137,78,0
5,32,137,79,0
5,32,137,80,0
5,32,137,81,0
5,32,137,82,0
5,32,137,83,0
5,32,137,84,0
5,32,137,85,0
5,32,137,86,0
5,32,137,87,0
5,32,137,88,0
5,32,137,89,0
5,32,137,90,0
5,32,137,91,0
5,32,137,92,0
5,32,137,93,0
5,32,137,94,0
5,32,137,95,0
5,32,137,96,0
5,32,137,97,0
5,32,137,98,0
5,32,137,99,0
5,32,137,100,0
5,32,137,101,0
5,32,137,102,0
5,32,137,103,0
5,32,137,104,0
5,32,137,105,0
5,32,137,106,0
5,32,137,107,0
5,32,137,108,0
5,32,137,109,0
5,32,137,110,0
5,32,137,111,0
5,32,137,112,0
5,32,137,113,0
5,32,137,114,0
5,32,137,115,0
5,32,137,116,0
5,32,137,117,0
5,32,137,118,0
5,32,137,119,0
5,32,137,120,0
5,32,137,121,0
5,32,137,122,0
5,32,137,123,0
5,32,137,124,0
5,32,137,125,0
5,32,137,126,0
5,32,137,127,0
5,32,137,128,0
5,32,137,129,0
5,32,137,130,0
5,32,137,131,0
5,32,137,132,0
5,32,137,133,0
5,32,137,134,0
5,32,137,135,0
5,32,137,136,0
5,32,137,137,0
5,32,137,138,0
5,32,137,139,0
5,32,137,140,0
5,32,137,141,0
5,32,137,142,0
5,32,137,143,0
5,32,137,144,0
5,32,137,145,0
5,32,137,146,0
5,32,137,147,0
5,32,137,148,0
5,32,137,149,0
5,32,137,150,0
5,32,137,151,0
5,32,137,152,0
5,32,137,153,0
5,32,137,154,0
5,32,137,155,0
5,32,137,156,0
5,32,137,157,0
5,32,137,158,0
5,32,137,159,0
5,32,137,160,0
5,32,137,161,0
5,32,137,162,0
5,32,137,163,0
5,32,137,164,0
5,32,137,165,0
5,32,137,166,0
5,32,137,167,0
5,32,137,168,0
5,32,137,169,0
5,32,137,170,0
5,32,137,171,0
5,32,137,172,0
5,32,137,173,0
5,32,137,174,0
5,32,137,175,0
5,32,137,176,0
5,32,137,177,0
5,32,137,178,0
5,32,137,179,0
5,32,137,180,0
5,32,137,181,0
5,32,137,182,0
5,32,137,183,0
5,32,137,184,0
5,32,137,185,0
5,32,137,186,0
5,32,137,187,0
5,32,137,188,0
5,32,137,189,0
5,32,137,190,0
5,32,137,191,11083570492239276
5,32,137,192,735617864552945638
5,32,137,193,21892353594604391612
5,32,137,194,389543672921822265008
5,32,137,195,4665257956177086105398
5,32,137,196,40164881670010347624872
5,32,137,197,259459296095237121548832
5,32,137,198,1297062624134459415898566
5,32,137,199,5139933997268084937480688
5,32,137,200,16468138329293611566590218
5,32,137,201,43388509452674477942019506
5,32,137,202,95414978643778685204750232
5,32,137,203,177481743897725936623577652
5,32,137,204,282620303753510068851817696
5,32,137,205,389483774849976369697594090
5,32,137,206,469125936649403994905209040
5,32,137,207,498272971828826879384393872
5,32,137,208,470430770730007397522830706
5,32,137,209,397625351389016817337179800
5,32,137,210,302791896363814469582128676
5,32,137,211,208884459573966907443857134
5,32,137,212,131169815228738884361310800
5,32,137,213,75282363942105495817729702
5,32,137,214,39624025815192231359505766
5,32,137,215,19179160750439445825057078
5,32,137,216,8555504599770006657403284
5,32,137,217,3522878087428538362234288
5,32,137,218,1340406555060235857146452
5,32,137,219,471496311175010216307842
5,32,137,220,153322046602667469489580
5,32,137,221,46063829098917790751034
5,32,137,222,12771597788355821418144
5,32,137,223,3262172800325926989500
5,32,137,224,765819079068809377294
5,32,137,225,164742871926084155040
5,32,137,226,32357026156462286666
5,32,137,227,5777713211843261472
5,32,137,228,933404305408226834
5,32,137,229,135720940383228356
5,32,137,230,17668618122056278
5,32,137,231,2049456644249806
5,32,137,232,210985002399250
5,32,137,233,19220227504656
5,32,137,234,1544968721416
5,32,137,235,109071900358
5,32,137,236,6699464582
5,32,137,237,351991212
5,32,137,238,15403020
5,32,137,239,529444
5,32,137,240,12934
5,32,137,241,200
5,32,137,242,0
5,32,137,243,0
5,32,137,244,0
5,32,137,245,0
5,32,137,246,0
5,32,137,247,0
5,32,137,248,0
5,32,137,249,0
5,32,137,250,0
5,32,137,251,0
5,32,137,252,0
5,32,137,253,0
5,32,137,254,0
5,32,137,255,0
5,32,137,256,0
5,32,137,257,0
5,32,137,258,0
5,32,137,259,0
5,32,137,260,0
5,32,137,261,0
5,32,137,262,0
5,32,137,263,0
5,32,137,264,0
5,32,137,265,0
5,32,137,266,0
5,32,137,267,0
5,32,137,268,0
5,32,137,269,0
5,32,137,270,0
5,32,137,271,0
5,32,137,272,0
5,32,137,273,0
5,32,137,274,0
5,32,137,275,0
5,32,137,276,0
5,32,137,277,0
5,32,137,278,0
5,32,137,279,0
5,32,137,280,0
5,32,137,281,0
5,32,137,282,0
5,32,137,283,0
5,32,138,0,0
5,32,138,1,0
5,32,138,2,0
5,32,138,3,0
5,32,138,4,0
5,32,138,5,0
5,32,138,6,0
5,32,138,7,0
5,32,138,8,0
5,32,138,9,0
5,32,138,10,0
5,32,138,11,0
5,32,138,12,0
5,32,138,13,0
5,32,138,14,0
5,32,138,15,0
5,32,138,16,0
5,32,138,17,0
5,32,138,18,0
5,32,138,19,0
5,32,138,20,0
5,32,138,21,0
5,32,138,22,0
5,32,138,23,0
5,32,138,24,0
5,32,138,25,0
5,32,138,26,0
5,32,138,27,0
5,32,138,28,0
5,32,138,29,0
5,32,138,30,0
5,32,138,31,0
5,32,138,32,0
5,32,138,33,0
5,32,138,34,0
5,32,138,35,0
5,32,138,36,0
5,32,138,37,0
5,32,138,38,0
5,32,138,39,0
5,32,138,40,0
5,32,138,41,0
5,32,138,42,0
5,32,138,43,0
5,32,138,44,0
5,32,138,45,0
5,32,138,46,0
5,32,138,47,0
5,32,138,48,0
5,32,138,49,0
5,32,138,50,0
5,32,138,51,0
5,32,138,52,0
5,32,138,53,0
5,32,138,54,0
5,32,138,55,0
5,32,138,56,0
5,32,138,57,0
5,32,138,58,0
5,32,138,59,0
5,32,138,60,0
5,32,138,61,0
5,32,138,62,0
5,32,138,63,0
5,32,138,64,0
5,32,138,65,0
5,32,138,66,0
5,32,138,67,0
5,32,138,68,0
5,32,138,69,0
5,32,138,70,0
5,32,138,71,0
5,32,138,72,0
5,32,138,73,0
5,32,138,74,0
5,32,138,75,0
5,32,138,76,0
5,32,138,77,0
5,32,138,78,0
5,32,138,79,0
5,32,138,80,0
5,32,138,81,0
5,32,138,82,0
5,32,138,83,0
5,32,138,84,0
5,32,138,85,0
5,32,138,86,0
5,32,138,87,0
5,32,138,88,0
5,32,138,89,0
5,32,138,90,0
5,32,138,91,0
5,32,138,92,0
5,32,138,93,0
5,32,138,94,0
5,32,138,95,0
5,32,138,96,0
5,32,138,97,0
5,32,138,98,0
5,32,138,99,0
5,32,138,100,0
5,32,138,101,0
5,32,138,102,0
5,32,138,103,0
5,32,138,104,0
5,32,138,105,0
5,32,138,106,0
5,32,138,107,0
5,32,138,108,0
5,32,138,109,0
5,32,138,110,0
5,32,138,111,0
5,32,138,112,0
5,32,138,113,0
5,32,138,114,0
5,32,138,115,0
5,32,138,116,0
5,32,138,117,0
5,32,138,118,0
5,32,138,119,0
5,32,138,120,0
5,32,138,121,0
5,32,138,122,0
5,32,138,123,0
5,32,138,124,0
5,32,138,125,0
5,32,138,126,0
5,32,138,127,0
5,32,138,128,0
5,32,138,129,0
5,32,138,130,0
5,32,138,131,0
5,32,138,132,0
5,32,138,133,0
5,32,138,134,0
5,32,138,135,0
5,32,138,136,0
5,32,138,137,0
5,32,138,138,0
5,32,138,139,0
5,32,138,140,0
5,32,138,141,0
5,32,138,142,0
5,32,138,143,0
5,32,138,144,0
5,32,138,145,0
5,32,138,146,0
5,32,138,147,0
5,32,138,148,0
5,32,138,149,0
5,32,138,150,0
5,32,138,151,0
5,32,138,152,0
5,32,138,153,0
5,32,138,154,0
5,32,138,155,0
5,32,138,156,0
5,32,138,157,0
5,32,138,158,0
5,32,138,159,0
5,32,138,160,0
5,32,138,161,0
5,32,138,162,0
5,32,138,163,0
5,32,138,164,0
5,32,138,165,0
5,32,138,166,0
5,32,138,167,0
5,32,138,168,0
5,32,138,169,0
5,32,138,170,0
5,32,138,171,0
5,32,138,172,0
5,32,138,173,0
5,32,138,174,0
5,32,138,175,0
5,32,138,176,0
5,32,138,177,0
5,32,138,178,0
5,32,138,179,0
5,32,138,180,0
5,32,138,181,0
5,32,138,182,0
5,32,138,183,0
5,32,138,184,0
5,32,138,185,0
5,32,138,186,0
5,32,138,187,0
5,32,138,188,0
5,32,138,189,0
5,32,138,190,0
5,32,138,191,0
5,32,138,192,0
5,32,138,193,0
5,32,138,194,0
5,32,138,195,11807250548740096
5,32,138,196,702572994876479093
5,32,138,197,18705862770697129403
5,32,138,198,297154022546440087584
5,32,138,199,3170782499648366303970
5,32,138,200,24276205393178760399320
5,32,138,201,139222318534246623051280
5,32,138,202,617003793647595076307899
5,32,138,203,2165265402585712201951107
5,32,138,204,6139784414516231757234882
5,32,138,205,14314447703466023213637000
5,32,138,206,27864715512310881648427378
5,32,138,207,45917020759352882958414639
5,32,138,208,64851143671627055532589908
5,32,138,209,79385214625210610795564794
5,32,138,210,85074735881997398817489044
5,32,138,211,80537501515931844359236706
5,32,138,212,67887453226378696330441893
5,32,138,213,51311246403728971563523231
5,32,138,214,34986987663559851732794595
5,32,138,215,21633846038282893672423951
5,32,138,216,12184329087452206839485817
5,32,138,217,6273140072268938332075851
5,32,138,218,2961054462534679835032293
5,32,138,219,1284263034139117284504343
5,32,138,220,512619903554966655975978
5,32,138,221,188489772232918354134272
5,32,138,222,63867804940315096089682
5,32,138,223,19937149845288237616968
5,32,138,224,5728553138528525795073
5,32,138,225,1512727537074275580625
5,32,138,226,366310420021700081769
5,32,138,227,81103624555773571593
5,32,138,228,16358421091066675053
5,32,138,229,2992510598934403129
5,32,138,230,493971906672401683
5,32,138,231,73161148529736280
5,32,138,232,9665066372963073
5,32,138,233,1132462876476686
5,32,138,234,117128387829971
5,32,138,235,10654688972568
5,32,138,236,849713237584
5,32,138,237,59129832635
5,32,138,238,3556285730
5,32,138,239,181545123
5,32,138,240,7638845
5,32,138,241,250831
5,32,138,242,5502
5,32,138,243,70
5,32,138,244,0
5,32,138,245,0
5,32,138,246,0
5,32,138,247,0
5,32,138,248,0
5,32,138,249,0
5,32,138,250,0
5,32,138,251,0
5,32,138,252,0
5,32,138,253,0
5,32,138,254,0
5,32,138,255,0
5,32,138,256,0
5,32,138,257,0
5,32,138,258,0
5,32,138,259,0
5,32,138,260,0
5,32,138,261,0
5,32,138,262,0
5,32,138,263,0
5,32,138,264,0
5,32,138,265,0
5,32,138,266,0
5,32,138,267,0
5,32,138,268,0
5,32,138,269,0
5,32,138,270,0
5,32,138,271,0
5,32,138,272,0
5,32,138,273,0
5,32,138,274,0
5,32,138,275,0
5,32,138,276,0
5,32,138,277,0
5,32,138,278,0
5,32,138,279,0
5,32,138,280,0
5,32,138,281,0
5,32,138,282,0
5,32,138,283,0
5,32,139,0,0
5,32,139,1,0
5,32,139,2,0
5,32,139,3,0
5,32,139,4,0
5,32,139,5,0
5,32,139,6,0
5,32,139,7,0
5,32,139,8,0
5,32,139,9,0
5,32,139,10,0
5,32,139,11,0
5,32,139,12,0
5,32,139,13,0
5,32,139,14,0
5,32,139,15,0
5,32,139,16,0
5,32,139,17,0
5,32,139,18,0
5,32,139,19,0
5,32,139,20,0
5,32,139,21,0
5,32,139,22,0
5,32,139,23,0
5,32,139,24,0
5,32,139,25,0
5,32,139,26,0
5,32,139,27,0
5,32,139,28,0
5,32,139,29,0
5,32,139,30,0
5,32,139,31,0
5,32,139,32,0
5,32,139,33,0
5,32,139,34,0
5,32,139,35,0
5,32,139,36,0
5,32,139,37,0
5,32,139,38,0
5,32,139,39,0
5,32,139,40,0
5,32,139,41,0
5,32,139,42,0
5,32,139,43,0
5,32,139,44,0
5,32,139,45,0
5,32,139,46,0
5,32,139,47,0
5,32,139,48,0
5,32,139,49,0
5,32,139,50,0
5,32,139,51,0
5,32,139,52,0
5,32,139,53,0
5,32,139,54,0
5,32,139,55,0
5,32,139,56,0
5,32,139,57,0
5,32,139,58,0
5,32,139,59,0
5,32,139,60,0
5,32,139,61,0
5,32,139,62,0
5,32,139,63,0
5,32,139,64,0
5,32,139,65,0
5,32,139,66,0
5,32,139,67,0
5,32,139,68,0
5,32,139,69,0
5,32,139,70,0
5,32,139,71,0
5,32,139,72,0
5,32,139,73,0
5,32,139,74,0
5,32,139,75,0
5,32,139,76,0
5,32,139,77,0
5,32,139,78,0
5,32,139,79,0
5,32,139,80,0
5,32,139,81,0
5,32,139,82,0
5,32,139,83,0
5,32,139,84,0
5,32,139,85,0
5,32,139,86,0
5,32,139,87,0
5,32,139,88,0
5,32,139,89,0
5,32,139,90,0
5,32,139,91,0
5,32,139,92,0
5,32,139,93,0
5,32,139,94,0
5,32,139,95,0
5,32,139,96,0
5,32,139,97,0
5,32,139,98,0
5,32,139,99,0
5,32,139,100,0
5,32,139,101,0
5,32,139,102,0
5,32,139,103,0
5,32,139,104,0
5,32,139,105,0
5,32,139,106,0
5,32,139,107,0
5,32,139,108,0
5,32,139,109,0
5,32,139,110,0
5,32,139,111,0
5,32,139,112,0
5,32,139,113,0
5,32,139,114,0
5,32,139,115,0
5,32,139,116,0
5,32,139,117,0
5,32,139,118,0
5,32,139,119,0
5,32,139,120,0
5,32,139,121,0
5,32,139,122,0
5,32,139,123,0
5,32,139,124,0
5,32,139,125,0
5,32,139,126,0
5,32,139,127,0
5,32,139,128,0
5,32,139,129,0
5,32,139,130,0
5,32,139,131,0
5,32,139,132,0
5,32,139,133,0
5,32,139,134,0
5,32,139,135,0
5,32,139,136,0
5,32,139,137,0
5,32,139,138,0
5,32,139,139,0
5,32,139,140,0
5,32,139,141,0
5,32,139,142,0
5,32,139,143,0
5,32,139,144,0
5,32,139,145,0
5,32,139,146,0
5,32,139,147,0
5,32,139,148,0
5,32,139,149,0
5,32,139,150,0
5,32,139,151,0
5,32,139,152,0
5,32,139,153,0
5,32,139,154,0
5,32,139,155,0
5,32,139,156,0
5,32,139,157,0
5,32,139,158,0
5,32,139,159,0
5,32,139,160,0
5,32,139,161,0
5,32,139,162,0
5,32,139,163,0
5,32,139,164,0
5,32,139,165,0
5,32,139,166,0
5,32,139,167,0
5,32,139,168,0
5,32,139,169,0
5,32,139,170,0
5,32,139,171,0
5,32,139,172,0
5,32,139,173,0
5,32,139,174,0
5,32,139,175,0
5,32,139,176,0
5,32,139,177,0
5,32,139,178,0
5,32,139,179,0
5,32,139,180,0
5,32,139,181,0
5,32,139,182,0
5,32,139,183,0
5,32,139,184,0
5,32,139,185,0
5,32,139,186,0
5,32,139,187,0
5,32,139,188,0
5,32,139,189,0
5,32,139,190,0
5,32,139,191,0
5,32,139,192,0
5,32,139,193,0
5,32,139,194,0
5,32,139,195,0
5,32,139,196,0
5,32,139,197,0
5,32,139,198,0
5,32,139,199,11076198759881510
5,32,139,200,589774698286494870
5,32,139,201,14019655202542411046
5,32,139,202,198392698311960553670
5,32,139,203,1881660914832456610926
5,32,139,204,12778819371378868753744
5,32,139,205,64886954021030937626018
5,32,139,206,254229347890016894825292
5,32,139,207,787920357046021762128440
5,32,139,208,1972104558321185450282762
5,32,139,209,4058572077368809991705030
5,32,139,210,6977949452273818258512780
5,32,139,211,10166738444220299448595734
5,32,139,212,12714017866094649161378384
5,32,139,213,13803571964528304396189944
5,32,139,214,13143649613652081114010078
5,32,139,215,11074960657643568102118486
5,32,139,216,8322637684083257749256054
5,32,139,217,5615592914074627780578012
5,32,139,218,3421606535438750225452788
5,32,139,219,1891637043544619553124082
5,32,139,220,952598265521937822555982
5,32,139,221,438308652361328361045418
5,32,139,222,184691749300481586273722
5,32,139,223,71382634016778844082370
5,32,139,224,25327250154517075997276
5,32,139,225,8250943908181490605264
5,32,139,226,2466631478031475792126
5,32,139,227,675837090165520087366
5,32,139,228,169372317113682527266
5,32,139,229,38715659713323810886
5,32,139,230,8042536353802738508
5,32,139,231,1511487526171836030
5,32,139,232,255620353295627568
5,32,139,233,38665008287465870
5,32,139,234,5196644993755644
5,32,139,235,616567612226996
5,32,139,236,64208084218204
5,32,139,237,5842524028080
5,32,139,238,462816669186
5,32,139,239,31762493386
5,32,139,240,1870668976
5,32,139,241,92645166
5,32,139,242,3746848
5,32,139,243,116238
5,32,139,244,2354
5,32,139,245,20
5,32,139,246,0
5,32,139,247,0
5,32,139,248,0
5,32,139,249,0
5,32,139,250,0
5,32,139,251,0
5,32,139,252,0
5,32,139,253,0
5,32,139,254,0
5,32,139,255,0
5,32,139,256,0
5,32,139,257,0
5,32,139,258,0
5,32,139,259,0
5,32,139,260,0
5,32,139,261,0
5,32,139,262,0
5,32,139,263,0
5,32,139,264,0
5,32,139,265,0
5,32,139,266,0
5,32,139,267,0
5,32,139,268,0
5,32,139,269,0
5,32,139,270,0
5,32,139,271,0
5,32,139,272,0
5,32,139,273,0
5,32,139,274,0
5,32,139,275,0
5,32,139,276,0
5,32,139,277,0
5,32,139,278,0
5,32,139,279,0
5,32,139,280,0
5,32,139,281,0
5,32,139,282,0
5,32,139,283,0
5,32,140,0,0
5,32,140,1,0
5,32,140,2,0
5,32,140,3,0
5,32,140,4,0
5,32,140,5,0
5,32,140,6,0
5,32,140,7,0
5,32,140,8,0
5,32,140,9,0
5,32,140,10,0
5,32,140,11,0
5,32,140,12,0
5,32,140,13,0
5,32,140,14,0
5,32,140,15,0
5,32,140,16,0
5,32,140,17,0
5,32,140,18,0
5,32,140,19,0
5,32,140,20,0
5,32,140,21,0
5,32,140,22,0
5,32,140,23,0
5,32,140,24,0
5,32,140,25,0
5,32,140,26,0
5,32,140,27,0
5,32,140,28,0
5,32,140,29,0
5,32,140,30,0
5,32,140,31,0
5,32,140,32,0
5,32,140,33,0
5,32,140,34,0
5,32,140,35,0
5,32,140,36,0
5,32,140,37,0
5,32,140,38,0
5,32,140,39,0
5,32,140,40,0
5,32,140,41,0
5,32,140,42,0
5,32,140,43,0
5,32,140,44,0
5,32,140,45,0
5,32,140,46,0
5,32,140,47,0
5,32,140,48,0
5,32,140,49,0
5,32,140,50,0
5,32,140,51,0
5,32,140,52,0
5,32,140,53,0
5,32,140,54,0
5,32,140,55,0
5,32,140,56,0
5,32,140,57,0
5,32,140,58,0
5,32,140,59,0
5,32,140,60,0
5,32,140,61,0
5,32,140,62,0
5,32,140,63,0
5,32,140,64,0
5,32,140,65,0
5,32,140,66,0
5,32,140,67,0
5,32,140,68,0
5,32,140,69,0
5,32,140,70,0
5,32,140,71,0
5,32,140,72,0
5,32,140,73,0
5,32,140,74,0
5,32,140,75,0
5,32,140,76,0
5,32,140,77,0
5,32,140,78,0
5,32,140,79,0
5,32,140,80,0
5,32,140,81,0
5,32,140,82,0
5,32,140,83,0
5,32,140,84,0
5,32,140,85,0
5,32,140,86,0
5,32,140,87,0
5,32,140,88,0
5,32,140,89,0
5,32,140,90,0
5,32,140,91,0
5,32,140,92,0
5,32,140,93,0
5,32,140,94,0
5,32,140,95,0
5,32,140,96,0
5,32,140,97,0
5,32,140,98,0
5,32,140,99,0
5,32,140,100,0
5,32,140,101,0
5,32,140,102,0
5,32,140,103,0
5,32,140,104,0
5,32,140,105,0
5,32,140,106,0
5,32,140,107,0
5,32,140,108,0
5,32,140,109,0
5,32,140,110,0
5,32,140,111,0
5,32,140,112,0
5,32,140,113,0
5,32,140,114,0
5,32,140,115,0
5,32,140,116,0
5,32,140,117,0
5,32,140,118,0
5,32,140,119,0
5,32,140,120,0
5,32,140,121,0
5,32,140,122,0
5,32,140,123,0
5,32,140,124,0
5,32,140,125,0
5,32,140,126,0
5,32,140,127,0
5,32,140,128,0
5,32,140,129,0
5,32,140,130,0
5,32,140,131,0
5,32,140,132,0
5,32,140,133,0
5,32,140,134,0
5,32,140,135,0
5,32,140,136,0
5,32,140,137,0
5,32,140,138,0
5,32,140,139,0
5,32,140,140,0
5,32,140,141,0
5,32,140,142,0
5,32,140,143,0
5,32,140,144,0
5,32,140,145,0
5,32,140,146,0
5,32,140,147,0
5,32,140,148,0
5,32,140,149,0
5,32,140,150,0
5,32,140,151,0
5,32,140,152,0
5,32,140,153,0
5,32,140,154,0
5,32,140,155,0
5,32,140,156,0
5,32,140,157,0
5,32,140,158,0
5,32,140,159,0
5,32,140,160,0
5,32,140,161,0
5,32,140,162,0
5,32,140,163,0
5,32,140,164,0
5,32,140,165,0
5,32,140,166,0
5,32,140,167,0
5,32,140,168,0
5,32,140,169,0
5,32,140,170,0
5,32,140,171,0
5,32,140,172,0
5,32,140,173,0
5,32,140,174,0
5,32,140,175,0
5,32,140,176,0
5,32,140,177,0
5,32,140,178,0
5,32,140,179,0
5,32,140,180,0
5,32,140,181,0
5,32,140,182,0
5,32,140,183,0
5,32,140,184,0
5,32,140,185,0
5,32,140,186,0
5,32,140,187,0
5,32,140,188,0
5,32,140,189,0
5,32,140,190,0
5,32,140,191,0
5,32,140,192,0
5,32,140,193,0
5,32,140,194,0
5,32,140,195,0
5,32,140,196,0
5,32,140,197,0
5,32,140,198,0
5,32,140,199,0
5,32,140,200,0
5,32,140,201,0
5,32,140,202,0
5,32,140,203,9144948135966334
5,32,140,204,434868562155972272
5,32,140,205,9209113158364592733
5,32,140,206,115808224727849443346
5,32,140,207,973729229491565690657
5,32,140,208,5849090132709482433585
5,32,140,209,26217786156949689816181
5,32,140,210,90537590393976918279618
5,32,140,211,247065348835268740848700
5,32,140,212,544278674258965636395652
5,32,140,213,986150104777805740642648
5,32,140,214,1493995336430088347077733
5,32,140,215,1920591712734146704284255
5,32,140,216,2122705414205467954266688
5,32,140,217,2040525590467385971380262
5,32,140,218,1723443210727299427550028
5,32,140,219,1290241206144327541764224
5,32,140,220,862636035599807873285264
5,32,140,221,518340519312270380395419
5,32,140,222,281386459559796422405363
5,32,140,223,138585687516648978127377
5,32,140,224,62126457955091392703904
5,32,140,225,25410290038188722414114
5,32,140,226,9496968109639661539201
5,32,140,227,3245771489417587365179
5,32,140,228,1014321146279305005900
5,32,140,229,289582274793589277764
5,32,140,230,75397507185054543951
5,32,140,231,17856492010672752321
5,32,140,232,3833079003905784443
5,32,140,233,742405554130522131
5,32,140,234,129023429748648529
5,32,140,235,19989954390474580
5,32,140,236,2741199925187779
5,32,140,237,330238661070107
5,32,140,238,34712962534981
5,32,140,239,3166139016853
5,32,140,240,249481249780
5,32,140,241,16896446861
5,32,140,242,974357572
5,32,140,243,46852966
5,32,140,244,1804200
5,32,140,245,53540
5,32,140,246,960
5,32,140,247,5
5,32,140,248,0
5,32,140,249,0
5,32,140,250,0
5,32,140,251,0
5,32,140,252,0
5,32,140,253,0
5,32,140,254,0
5,32,140,255,0
5,32,140,256,0
5,32,140,257,0
5,32,140,258,0
5,32,140,259,0
5,32,140,260,0
5,32,140,261,0
5,32,140,262,0
5,32,140,263,0
5,32,140,264,0
5,32,140,265,0
5,32,140,266,0
5,32,140,267,0
5,32,140,268,0
5,32,140,269,0
5,32,140,270,0
5,32,140,271,0
5,32,140,272,0
5,32,140,273,0
5,32,140,274,0
5,32,140,275,0
5,32,140,276,0
5,32,140,277,0
5,32,140,278,0
5,32,140,279,0
5,32,140,280,0
5,32,140,281,0
5,32,140,282,0
5,32,140,283,0
5,32,141,0,0
5,32,141,1,0
5,32,141,2,0
5,32,141,3,0
5,32,141,4,0
5,32,141,5,0
5,32,141,6,0
5,32,141,7,0
5,32,141,8,0
5,32,141,9,0
5,32,141,10,0
5,32,141,11,0
5,32,141,12,0
5,32,141,13,0
5,32,141,14,0
5,32,141,15,0
5,32,141,16,0
5,32,141,17,0
5,32,141,18,0
5,32,141,19,0
5,32,141,20,0
5,32,141,21,0
5,32,141,22,0
5,32,141,23,0
5,32,141,24,0
5,32,141,25,0
5,32,141,26,0
5,32,141,27,0
5,32,141,28,0
5,32,141,29,0
5,32,141,30,0
5,32,141,31,0
5,32,141,32,0
5,32,141,33,0
5,32,141,34,0
5,32,141,35,0
5,32,141,36,0
5,32,141,37,0
5,32,141,38,0
5,32,141,39,0
5,32,141,40,0
5,32,141,41,0
5,32,141,42,0
5,32,141,43,0
5,32,141,44,0
5,32,141,45,0
5,32,141,46,0
5,32,141,47,0
5,32,141,48,0
5,32,141,49,0
5,32,141,50,0
5,32,141,51,0
5,32,141,52,0
5,32,141,53,0
5,32,141,54,0
5,32,141,55,0
5,32,141,56,0
5,32,141,57,0
5,32,141,58,0
5,32,141,59,0
5,32,141,60,0
5,32,141,61,0
5,32,141,62,0
5,32,141,63,0
5,32,141,64,0
5,32,141,65,0
5,32,141,66,0
5,32,141,67,0
5,32,141,68,0
5,32,141,69,0
5,32,141,70,0
5,32,141,71,0
5,32,141,72,0
5,32,141,73,0
5,32,141,74,0
5,32,141,75,0
5,32,141,76,0
5,32,141,77,0
5,32,141,78,0
5,32,141,79,0
5,32,141,80,0
5,32,141,81,0
5,32,141,82,0
5,32,141,83,0
5,32,141,84,0
5,32,141,85,0
5,32,141,86,0
5,32,141,87,0
5,32,141,88,0
5,32,141,89,0
5,32,141,90,0
5,32,141,91,0
5,32,141,92,0
5,32,141,93,0
5,32,141,94,0
5,32,141,95,0
5,32,141,96,0
5,32,141,97,0
5,32,141,98,0
5,32,141,99,0
5,32,141,100,0
5,32,141,101,0
5,32,141,102,0
5,32,141,103,0
5,32,141,104,0
5,32,141,105,0
5,32,141,106,0
5,32,141,107,0
5,32,141,108,0
5,32,141,109,0
5,32,141,110,0
5,32,141,111,0
5,32,141,112,0
5,32,141,113,0
5,32,141,114,0
5,32,141,115,0
5,32,141,116,0
5,32,141,117,0
5,32,141,118,0
5,32,141,119,0
5,32,141,120,0
5,32,141,121,0
5,32,141,122,0
5,32,141,123,0
5,32,141,124,0
5,32,141,125,0
5,32,141,126,0
5,32,141,127,0
5,32,141,128,0
5,32,141,129,0
5,32,141,130,0
5,32,141,131,0
5,32,141,132,0
5,32,141,133,0
5,32,141,134,0
5,32,141,135,0
5,32,141,136,0
5,32,141,137,0
5,32,141,138,0
5,32,141,139,0
5,32,141,140,0
5,32,141,141,0
5,32,141,142,0
5,32,141,143,0
5,32,141,144,0
5,32,141,145,0
5,32,141,146,0
5,32,141,147,0
5,32,141,148,0
5,32,141,149,0
5,32,141,150,0
5,32,141,151,0
5,32,141,152,0
5,32,141,153,0
5,32,141,154,0
5,32,141,155,0
5,32,141,156,0
5,32,141,157,0
5,32,141,158,0
5,32,141,159,0
5,32,141,160,0
5,32,141,161,0
5,32,141,162,0
5,32,141,163,0
5,32,141,164,0
5,32,141,165,0
5,32,141,166,0
5,32,141,167,0
5,32,141,168,0
5,32,141,169,0
5,32,141,170,0
5,32,141,171,0
5,32,141,172,0
5,32,141,173,0
5,32,141,174,0
5,32,141,175,0
5,32,141,176,0
5,32,141,177,0
5,32,141,178,0
5,32,141,179,0
5,32,141,180,0
5,32,141,181,0
5,32,141,182,0
5,32,141,183,0
5,32,141,184,0
5,32,141,185,0
5,32,141,186,0
5,32,141,187,0
5,32,141,188,0
5,32,141,189,0
5,32,141,190,0
5,32,141,191,0
5,32,141,192,0
5,32,141,193,0
5,32,141,194,0
5,32,141,195,0
5,32,141,196,0
5,32,141,197,0
5,32,141,198,0
5,32,141,199,0
5,32,141,200,0
5,32,141,201,0
5,32,141,202,0
5,32,141,203,0
5,32,141,204,0
5,32,141,205,0
5,32,141,206,0
5,32,141,207,6641297068084012
5,32,141,208,281425203331440012
5,32,141,209,5296330631559593672
5,32,141,210,59027814097861116542
5,32,141,211,438682706631791969222
5,32,141,212,2323350049857403893344
5,32,141,213,9162427078580864170152
5,32,141,214,27793034339741928590628
5,32,141,215,66559235550802690223712
5,32,141,216,128655621969810850531978
5,32,141,217,204643615184240099608684
5,32,141,218,272492948401161272420004
5,32,141,219,308379245266025993347414
5,32,141,220,300592664116647490750102
5,32,141,221,255314705266514415729488
5,32,141,222,190859129809657304415018
5,32,141,223,126638705235188585788520
5,32,141,224,75110853775450146864504
5,32,141,225,40052121950153662737110
5,32,141,226,19289540195282929696164
5,32,141,227,8419806241860322186076
5,32,141,228,3339127199123068530392
5,32,141,229,1204928520855180875246
5,32,141,230,395846823982588693930
5,32,141,231,118349528711146027752
5,32,141,232,32159040199399867302
5,32,141,233,7923736738472784974
5,32,141,234,1764346215742214146
5,32,141,235,353438599781762540
5,32,141,236,63337407751410210
5,32,141,237,10084575470651110
5,32,141,238,1415491121487534
5,32,141,239,173688101263842
5,32,141,240,18481290876872
5,32,141,241,1693752951262
5,32,141,242,132990205354
5,32,141,243,8896000892
5,32,141,244,502274118
5,32,141,245,23431492
5,32,141,246,862014
5,32,141,247,23440
5,32,141,248,420
5,32,141,249,0
5,32,141,250,0
5,32,141,251,0
5,32,141,252,0
5,32,141,253,0
5,32,141,254,0
5,32,141,255,0
5,32,141,256,0
5,32,141,257,0
5,32,141,258,0
5,32,141,259,0
5,32,141,260,0
5,32,141,261,0
5,32,141,262,0
5,32,141,263,0
5,32,141,264,0
5,32,141,265,0
5,32,141,266,0
5,32,141,267,0
5,32,141,268,0
5,32,141,269,0
5,32,141,270,0
5,32,141,271,0
5,32,141,272,0
5,32,141,273,0
5,32,141,274,0
5,32,141,275,0
5,32,141,276,0
5,32,141,277,0
5,32,141,278,0
5,32,141,279,0
5,32,141,280,0
5,32,141,281,0
5,32,141,282,0
5,32,141,283,0
5,32,142,0,0
5,32,142,1,0
5,32,142,2,0
5,32,142,3,0
5,32,142,4,0
5,32,142,5,0
5,32,142,6,0
5,32,142,7,0
5,32,142,8,0
5,32,142,9,0
5,32,142,10,0
5,32,142,11,0
5,32,142,12,0
5,32,142,13,0
5,32,142,14,0
5,32,142,15,0
5,32,142,16,0
5,32,142,17,0
5,32,142,18,0
5,32,142,19,0
5,32,142,20,0
5,32,142,21,0
5,32,142,22,0
5,32,142,23,0
5,32,142,24,0
5,32,142,25,0
5,32,142,26,0
5,32,142,27,0
5,32,142,28,0
5,32,142,29,0
5,32,142,30,0
5,32,142,31,0
5,32,142,32,0
5,32,142,33,0
5,32,142,34,0
5,32,142,35,0
5,32,142,36,0
5,32,142,37,0
5,32,142,38,0
5,32,142,39,0
5,32,142,40,0
5,32,142,41,0
5,32,142,42,0
5,32,142,43,0
5,32,142,44,0
5,32,142,45,0
5,32,142,46,0
5,32,142,47,0
5,32,142,48,0
5,32,142,49,0
5,32,142,50,0
5,32,142,51,0
5,32,142,52,0
5,32,142,53,0
5,32,142,54,0
5,32,142,55,0
5,32,142,56,0
5,32,142,57,0
5,32,142,58,0
5,32,142,59,0
5,32,142,60,0
5,32,142,61,0
5,32,142,62,0
5,32,142,63,0
5,32,142,64,0
5,32,142,65,0
5,32,142,66,0
5,32,142,67,0
5,32,142,68,0
5,32,142,69,0
5,32,142,70,0
5,32,142,71,0
5,32,142,72,0
5,32,142,73,0
5,32,142,74,0
5,32,142,75,0
5,32,142,76,0
5,32,142,77,0
5,32,142,78,0
5,32,142,79,0
5,32,142,80,0
5,32,142,81,0
5,32,142,82,0
5,32,142,83,0
5,32,142,84,0
5,32,142,85,0
5,32,142,86,0
5,32,142,87,0
5,32,142,88,0
5,32,142,89,0
5,32,142,90,0
5,32,142,91,0
5,32,142,92,0
5,32,142,93,0
5,32,142,94,0
5,32,142,95,0
5,32,142,96,0
5,32,142,97,0
5,32,142,98,0
5,32,142,99,0
5,32,142,100,0
5,32,142,101,0
5,32,142,102,0
5,32,142,103,0
5,32,142,104,0
5,32,142,105,0
5,32,142,106,0
5,32,142,107,0
5,32,142,108,0
5,32,142,109,0
5,32,142,110,0
5,32,142,111,0
5,32,142,112,0
5,32,142,113,0
5,32,142,114,0
5,32,142,115,0
5,32,142,116,0
5,32,142,117,0
5,32,142,118,0
5,32,142,119,0
5,32,142,120,0
5,32,142,121,0
5,32,142,122,0
5,32,142,123,0
5,32,142,124,0
5,32,142,125,0
5,32,142,126,0
5,32,142,127,0
5,32,142,128,0
5,32,142,129,0
5,32,142,130,0
5,32,142,131,0
5,32,142,132,0
5,32,142,133,0
5,32,142,134,0
5,32,142,135,0
5,32,142,136,0
5,32,142,137,0
5,32,142,138,0
5,32,142,139,0
5,32,142,140,0
5,32,142,141,0
5,32,142,142,0
5,32,142,143,0
5,32,142,144,0
5,32,142,145,0
5,32,142,146,0
5,32,142,147,0
5,32,142,148,0
5,32,142,149,0
5,32,142,150,0
5,32,142,151,0
5,32,142,152,0
5,32,142,153,0
5,32,142,154,0
5,32,142,155,0
5,32,142,156,0
5,32,142,157,0
5,32,142,158,0
5,32,142,159,0
5,32,142,160,0
5,32,142,161,0
5,32,142,162,0
5,32,142,163,0
5,32,142,164,0
5,32,142,165,0
5,32,142,166,0
5,32,142,167,0
5,32,142,168,0
5,32,142,169,0
5,32,142,170,0
5,32,142,171,0
5,32,142,172,0
5,32,142,173,0
5,32,142,174,0
5,32,142,175,0
5,32,142,176,0
5,32,142,177,0
5,32,142,178,0
5,32,142,179,0
5,32,142,180,0
5,32,142,181,0
5,32,142,182,0
5,32,142,183,0
5,32,142,184,0
5,32,142,185,0
5,32,142,186,0
5,32,142,187,0
5,32,142,188,0
5,32,142,189,0
5,32,142,190,0
5,32,142,191,0
5,32,142,192,0
5,32,142,193,0
5,32,142,194,0
5,32,142,195,0
5,32,142,196,0
5,32,142,197,0
5,32,142,198,0
5,32,142,199,0
5,32,142,200,0
5,32,142,201,0
5,32,142,202,0
5,32,142,203,0
5,32,142,204,0
5,32,142,205,0
5,32,142,206,0
5,32,142,207,0
5,32,142,208,0
5,32,142,209,0
5,32,142,210,0
5,32,142,211,4239069813725170
5,32,142,212,159684916718552892
5,32,142,213,2663448889139446005
5,32,142,214,26227759741626804248
5,32,142,215,171708104566330283491
5,32,142,216,798912979078769575061
5,32,142,217,2761515868219164051282
5,32,142,218,7330314766874870524452
5,32,142,219,15349675278401152012200
5,32,142,220,25945129346676948970898
5,32,142,221,36118916904022415539333
5,32,142,222,42153434701914907149118
5,32,142,223,41887709505885584765585
5,32,142,224,35919068237131809051674
5,32,142,225,26885931973319978275239
5,32,142,226,17736615727508179748350
5,32,142,227,10394807117466594357786
5,32,142,228,5446897899624793073765
5,32,142,229,2564764029869401897042
5,32,142,230,1089259866524050100089
5,32,142,231,418316756861751390751
5,32,142,232,145473534005745756549
5,32,142,233,45825677763520421103
5,32,142,234,13066133932404141010
5,32,142,235,3365719158114143354
5,32,142,236,780847021710591051
5,32,142,237,162452150922773143
5,32,142,238,30135816603560525
5,32,142,239,4949471050235414
5,32,142,240,713683797195556
5,32,142,241,89509971192244
5,32,142,242,9673048794682
5,32,142,243,893284157992
5,32,142,244,70041072237
5,32,142,245,4633106238
5,32,142,246,256007660
5,32,142,247,11588533
5,32,142,248,406408
5,32,142,249,10110
5,32,142,250,160
5,32,142,251,0
5,32,142,252,0
5,32,142,253,0
5,32,142,254,0
5,32,142,255,0
5,32,142,256,0
5,32,142,257,0
5,32,142,258,0
5,32,142,259,0
5,32,142,260,0
5,32,142,261,0
5,32,142,262,0
5,32,142,263,0
5,32,142,264,0
5,32,142,265,0
5,32,142,266,0
5,32,142,267,0
5,32,142,268,0
5,32,142,269,0
5,32,142,270,0
5,32,142,271,0
5,32,142,272,0
5,32,142,273,0
5,32,142,274,0
5,32,142,275,0
5,32,142,276,0
5,32,142,277,0
5,32,142,278,0
5,32,142,279,0
5,32,142,280,0
5,32,142,281,0
5,32,142,282,0
5,32,142,283,0
5,32,143,0,0
5,32,143,1,0
5,32,143,2,0
5,32,143,3,0
5,32,143,4,0
5,32,143,5,0
5,32,143,6,0
5,32,143,7,0
5,32,143,8,0
5,32,143,9,0
5,32,143,10,0
5,32,143,11,0
5,32,143,12,0
5,32,143,13,0
5,32,143,14,0
5,32,143,15,0
5,32,143,16,0
5,32,143,17,0
5,32,143,18,0
5,32,143,19,0
5,32,143,20,0
5,32,143,21,0
5,32,143,22,0
5,32,143,23,0
5,32,143,24,0
5,32,143,25,0
5,32,143,26,0
5,32,143,27,0
5,32,143,28,0
5,32,143,29,0
5,32,143,30,0
5,32,143,31,0
5,32,143,32,0
5,32,143,33,0
5,32,143,34,0
5,32,143,35,0
5,32,143,36,0
5,32,143,37,0
5,32,143,38,0
5,32,143,39,0
5,32,143,40,0
5,32,143,41,0
5,32,143,42,0
5,32,143,43,0
5,32,143,44,0
5,32,143,45,0
5,32,143,46,0
5,32,143,47,0
5,32,143,48,0
5,32,143,49,0
5,32,143,50,0
5,32,143,51,0
5,32,143,52,0
5,32,143,53,0
5,32,143,54,0
5,32,143,55,0
5,32,143,56,0
5,32,143,57,0
5,32,143,58,0
5,32,143,59,0
5,32,143,60,0
5,32,143,61,0
5,32,143,62,0
5,32,143,63,0
5,32,143,64,0
5,32,143,65,0
5,32,143,66,0
5,32,143,67,0
5,32,143,68,0
5,32,143,69,0
5,32,143,70,0
5,32,143,71,0
5,32,143,72,0
5,32,143,73,0
5,32,143,74,0
5,32,143,75,0
5,32,143,76,0
5,32,143,77,0
5,32,143,78,0
5,32,143,79,0
5,32,143,80,0
5,32,143,81,0
5,32,143,82,0
5,32,143,83,0
5,32,143,84,0
5,32,143,85,0
5,32,143,86,0
5,32,143,87,0
5,32,143,88,0
5,32,143,89,0
5,32,143,90,0
5,32,143,91,0
5,32,143,92,0
5,32,143,93,0
5,32,143,94,0
5,32,143,95,0
5,32,143,96,0
5,32,143,97,0
5,32,143,98,0
5,32,143,99,0
5,32,143,100,0
5,32,143,101,0
5,32,143,102,0
5,32,143,103,0
5,32,143,104,0
5,32,143,105,0
5,32,143,106,0
5,32,143,107,0
5,32,143,108,0
5,32,143,109,0
5,32,143,110,0
5,32,143,111,0
5,32,143,112,0
5,32,143,113,0
5,32,143,114,0
5,32,143,115,0
5,32,143,116,0
5,32,143,117,0
5,32,143,118,0
5,32,143,119,0
5,32,143,120,0
5,32,143,121,0
5,32,143,122,0
5,32,143,123,0
5,32,143,124,0
5,32,143,125,0
5,32,143,126,0
5,32,143,127,0
5,32,143,128,0
5,32,143,129,0
5,32,143,130,0
5,32,143,131,0
5,32,143,132,0
5,32,143,133,0
5,32,143,134,0
5,32,143,135,0
5,32,143,136,0
5,32,143,137,0
5,32,143,138,0
5,32,143,139,0
5,32,143,140,0
5,32,143,141,0
5,32,143,142,0
5,32,143,143,0
5,32,143,144,0
5,32,143,145,0
5,32,143,146,0
5,32,143,147,0
5,32,143,148,0
5,32,143,149,0
5,32,143,150,0
5,32,143,151,0
5,32,143,152,0
5,32,143,153,0
5,32,143,154,0
5,32,143,155,0
5,32,143,156,0
5,32,143,157,0
5,32,143,158,0
5,32,143,159,0
5,32,143,160,0
5,32,143,161,0
5,32,143,162,0
5,32,143,163,0
5,32,143,164,0
5,32,143,165,0
5,32,143,166,0
5,32,143,167,0
5,32,143,168,0
5,32,143,169,0
5,32,143,170,0
5,32,143,171,0
5,32,143,172,0
5,32,143,173,0
5,32,143,174,0
5,32,143,175,0
5,32,143,176,0
5,32,143,177,0
5,32,143,178,0
5,32,143,179,0
5,32,143,180,0
5,32,143,181,0
5,32,143,182,0
5,32,143,183,0
5,32,143,184,0
5,32,143,185,0
5,32,143,186,0
5,32,143,187,0
5,32,143,188,0
5,32,143,189,0
5,32,143,190,0
5,32,143,191,0
5,32,143,192,0
5,32,143,193,0
5,32,143,194,0
5,32,143,195,0
5,32,143,196,0
5,32,143,197,0
5,32,143,198,0
5,32,143,199,0
5,32,143,200,0
5,32,143,201,0
5,32,143,202,0
5,32,143,203,0
5,32,143,204,0
5,32,143,205,0
5,32,143,206,0
5,32,143,207,0
5,32,143,208,0
5,32,143,209,0
5,32,143,210,0
5,32,143,211,0
5,32,143,212,0
5,32,143,213,0
5,32,143,214,0
5,32,143,215,2375769766347846
5,32,143,216,79341537074725314
5,32,143,217,1169248096031097320
5,32,143,218,10137908119649341056
5,32,143,219,58243515969692843340
5,32,143,220,237089855600871397742
5,32,143,221,715255919283621060996
5,32,143,222,1654416975590116416860
5,32,143,223,3016954748959848741146
5,32,143,224,4442618109117342722412
5,32,143,225,5394465363487149840080
5,32,143,226,5500714833250146183188
5,32,143,227,4784876843757086548152
5,32,143,228,3598187091528782076788
5,32,143,229,2365233741565347714724
5,32,143,230,1371437262568464884658
5,32,143,231,706518428831824864666
5,32,143,232,325181891863672326234
5,32,143,233,134256393220177735812
5,32,143,234,49853064905406527540
5,32,143,235,16671155871753965230
5,32,143,236,5020726294906290258
5,32,143,237,1360008378903899628
5,32,143,238,330485616363738630
5,32,143,239,71752554967384964
5,32,143,240,13840801405100056
5,32,143,241,2354912446172470
5,32,143,242,350279775040180
5,32,143,243,45084111969938
5,32,143,244,4966945554668
5,32,143,245,463745656864
5,32,143,246,36404092072
5,32,143,247,2384974920
5,32,143,248,129020390
5,32,143,249,5647902
5,32,143,250,190064
5,32,143,251,4236
5,32,143,252,56
5,32,143,253,0
5,32,143,254,0
5,32,143,255,0
5,32,143,256,0
5,32,143,257,0
5,32,143,258,0
5,32,143,259,0
5,32,143,260,0
5,32,143,261,0
5,32,143,262,0
5,32,143,263,0
5,32,143,264,0
5,32,143,265,0
5,32,143,266,0
5,32,143,267,0
5,32,143,268,0
5,32,143,269,0
5,32,143,270,0
5,32,143,271,0
5,32,143,272,0
5,32,143,273,0
5,32,143,274,0
5,32,143,275,0
5,32,143,276,0
5,32,143,277,0
5,32,143,278,0
5,32,143,279,0
5,32,143,280,0
5,32,143,281,0
5,32,143,282,0
5,32,143,283,0
5,32,144,0,0
5,32,144,1,0
5,32,144,2,0
5,32,144,3,0
5,32,144,4,0
5,32,144,5,0
5,32,144,6,0
5,32,144,7,0
5,32,144,8,0
5,32,144,9,0
5,32,144,10,0
5,32,144,11,0
5,32,144,12,0
5,32,144,13,0
5,32,144,14,0
5,32,144,15,0
5,32,144,16,0
5,32,144,17,0
5,32,144,18,0
5,32,144,19,0
5,32,144,20,0
5,32,144,21,0
5,32,144,22,0
5,32,144,23,0
5,32,144,24,0
5,32,144,25,0
5,32,144,26,0
5,32,144,27,0
5,32,144,28,0
5,32,144,29,0
5,32,144,30,0
5,32,144,31,0
5,32,144,32,0
5,32,144,33,0
5,32,144,34,0
5,32,144,35,0
5,32,144,36,0
5,32,144,37,0
5,32,144,38,0
5,32,144,39,0
5,32,144,40,0
5,32,144,41,0
5,32,144,42,0
5,32,144,43,0
5,32,144,44,0
5,32,144,45,0
5,32,144,46,0
5,32,144,47,0
5,32,144,48,0
5,32,144,49,0
5,32,144,50,0
5,32,144,51,0
5,32,144,52,0
5,32,144,53,0
5,32,144,54,0
5,32,144,55,0
5,32,144,56,0
5,32,144,57,0
5,32,144,58,0
5,32,144,59,0
5,32,144,60,0
5,32,144,61,0
5,32,144,62,0
5,32,144,63,0
5,32,144,64,0
5,32,144,65,0
5,32,144,66,0
5,32,144,67,0
5,32,144,68,0
5,32,144,69,0
5,32,144,70,0
5,32,144,71,0
5,32,144,72,0
5,32,144,73,0
5,32,144,74,0
5,32,144,75,0
5,32,144,76,0
5,32,144,77,0
5,32,144,78,0
5,32,144,79,0
5,32,144,80,0
5,32,144,81,0
5,32,144,82,0
5,32,144,83,0
5,32,144,84,0
5,32,144,85,0
5,32,144,86,0
5,32,144,87,0
5,32,144,88,0
5,32,144,89,0
5,32,144,90,0
5,32,144,91,0
5,32,144,92,0
5,32,144,93,0
5,32,144,94,0
5,32,144,95,0
5,32,144,96,0
5,32,144,97,0
5,32,144,98,0
5,32,144,99,0
5,32,144,100,0
5,32,144,101,0
5,32,144,102,0
5,32,144,103,0
5,32,144,104,0
5,32,144,105,0
5,32,144,106,0
5,32,144,107,0
5,32,144,108,0
5,32,144,109,0
5,32,144,110,0
5,32,144,111,0
5,32,144,112,0
5,32,144,113,0
5,32,144,114,0
5,32,144,115,0
5,32,144,116,0
5,32,144,117,0
5,32,144,118,0
5,32,144,119,0
5,32,144,120,0
5,32,144,121,0
5,32,144,122,0
5,32,144,123,0
5,32,144,124,0
5,32,144,125,0
5,32,144,126,0
5,32,144,127,0
5,32,144,128,0
5,32,144,129,0
5,32,144,130,0
5,32,144,131,0
5,32,144,132,0
5,32,144,133,0
5,32,144,134,0
5,32,144,135,0
5,32,144,136,0
5,32,144,137,0
5,32,144,138,0
5,32,144,139,0
5,32,144,140,0
5,32,144,141,0
5,32,144,142,0
5,32,144,143,0
5,32,144,144,0
5,32,144,145,0
5,32,144,146,0
5,32,144,147,0
5,32,144,148,0
5,32,144,149,0
5,32,144,150,0
5,32,144,151,0
5,32,144,152,0
5,32,144,153,0
5,32,144,154,0
5,32,144,155,0
5,32,144,156,0
5,32,144,157,0
5,32,144,158,0
5,32,144,159,0
5,32,144,160,0
5,32,144,161,0
5,32,144,162,0
5,32,144,163,0
5,32,144,164,0
5,32,144,165,0
5,32,144,166,0
5,32,144,167,0
5,32,144,168,0
5,32,144,169,0
5,32,144,170,0
5,32,144,171,0
5,32,144,172,0
5,32,144,173,0
5,32,144,174,0
5,32,144,175,0
5,32,144,176,0
5,32,144,177,0
5,32,144,178,0
5,32,144,179,0
5,32,144,180,0
5,32,144,181,0
5,32,144,182,0
5,32,144,183,0
5,32,144,184,0
5,32,144,185,0
5,32,144,186,0
5,32,144,187,0
5,32,144,188,0
5,32,144,189,0
5,32,144,190,0
5,32,144,191,0
5,32,144,192,0
5,32,144,193,0
5,32,144,194,0
5,32,144,195,0
5,32,144,196,0
5,32,144,197,0
5,32,144,198,0
5,32,144,199,0
5,32,144,200,0
5,32,144,201,0
5,32,144,202,0
5,32,144,203,0
5,32,144,204,0
5,32,144,205,0
5,32,144,206,0
5,32,144,207,0
5,32,144,208,0
5,32,144,209,0
5,32,144,210,0
5,32,144,211,0
5,32,144,212,0
5,32,144,213,0
5,32,144,214,0
5,32,144,215,0
5,32,144,216,0
5,32,144,217,0
5,32,144,218,0
5,32,144,219,1167616119521364
5,32,144,220,34463286097725741
5,32,144,221,447147170072418871
5,32,144,222,3400014609683685031
5,32,144,223,17066068818127362606
5,32,144,224,60493160273854795281
5,32,144,225,158506877616316917046
5,32,144,226,317955638195749465415
5,32,144,227,502663997069187916941
5,32,144,228,642176025927682370634
5,32,144,229,677518042276930870170
5,32,144,230,601390689164448421483
5,32,144,231,456209371356462264536
5,32,144,232,299612102162310412354
5,32,144,233,172138721794126420640
5,32,144,234,87234351020226745995
5,32,144,235,39235550184170948302
5,32,144,236,15731165497431477952
5,32,144,237,5637849320892884532
5,32,144,238,1808165817166384884
5,32,144,239,518763653514688481
5,32,144,240,132881405963776138
5,32,144,241,30280670683511778
5,32,144,242,6105870073468145
5,32,144,243,1081564596588669
5,32,144,244,166744109611553
5,32,144,245,22125886470355
5,32,144,246,2496008221560
5,32,144,247,236534663687
5,32,144,248,18647720494
5,32,144,249,1212738960
5,32,144,250,64192675
5,32,144,251,2718933
5,32,144,252,86940
5,32,144,253,1788
5,32,144,254,16
5,32,144,255,0
5,32,144,256,0
5,32,144,257,0
5,32,144,258,0
5,32,144,259,0
5,32,144,260,0
5,32,144,261,0
5,32,144,262,0
5,32,144,263,0
5,32,144,264,0
5,32,144,265,0
5,32,144,266,0
5,32,144,267,0
5,32,144,268,0
5,32,144,269,0
5,32,144,270,0
5,32,144,271,0
5,32,144,272,0
5,32,144,273,0
5,32,144,274,0
5,32,144,275,0
5,32,144,276,0
5,32,144,277,0
5,32,144,278,0
5,32,144,279,0
5,32,144,280,0
5,32,144,281,0
5,32,144,282,0
5,32,144,283,0
5,32,145,0,0
5,32,145,1,0
5,32,145,2,0
5,32,145,3,0
5,32,145,4,0
5,32,145,5,0
5,32,145,6,0
5,32,145,7,0
5,32,145,8,0
5,32,145,9,0
5,32,145,10,0
5,32,145,11,0
5,32,145,12,0
5,32,145,13,0
5,32,145,14,0
5,32,145,15,0
5,32,145,16,0
5,32,145,17,0
5,32,145,18,0
5,32,145,19,0
5,32,145,20,0
5,32,145,21,0
5,32,145,22,0
5,32,145,23,0
5,32,145,24,0
5,32,145,25,0
5,32,145,26,0
5,32,145,27,0
5,32,145,28,0
5,32,145,29,0
5,32,145,30,0
5,32,145,31,0
5,32,145,32,0
5,32,145,33,0
5,32,145,34,0
5,32,145,35,0
5,32,145,36,0
5,32,145,37,0
5,32,145,38,0
5,32,145,39,0
5,32,145,40,0
5,32,145,41,0
5,32,145,42,0
5,32,145,43,0
5,32,145,44,0
5,32,145,45,0
5,32,145,46,0
5,32,145,47,0
5,32,145,48,0
5,32,145,49,0
5,32,145,50,0
5,32,145,51,0
5,32,145,52,0
5,32,145,53,0
5,32,145,54,0
5,32,145,55,0
5,32,145,56,0
5,32,145,57,0
5,32,145,58,0
5,32,145,59,0
5,32,145,60,0
5,32,145,61,0
5,32,145,62,0
5,32,145,63,0
5,32,145,64,0
5,32,145,65,0
5,32,145,66,0
5,32,145,67,0
5,32,145,68,0
5,32,145,69,0
5,32,145,70,0
5,32,145,71,0
5,32,145,72,0
5,32,145,73,0
5,32,145,74,0
5,32,145,75,0
5,32,145,76,0
5,32,145,77,0
5,32,145,78,0
5,32,145,79,0
5,32,145,80,0
5,32,145,81,0
5,32,145,82,0
5,32,145,83,0
5,32,145,84,0
5,32,145,85,0
5,32,145,86,0
5,32,145,87,0
5,32,145,88,0
5,32,145,89,0
5,32,145,90,0
5,32,145,91,0
5,32,145,92,0
5,32,145,93,0
5,32,145,94,0
5,32,145,95,0
5,32,145,96,0
5,32,145,97,0
5,32,145,98,0
5,32,145,99,0
5,32,145,100,0
5,32,145,101,0
5,32,145,102,0
5,32,145,103,0
5,32,145,104,0
5,32,145,105,0
5,32,145,106,0
5,32,145,107,0
5,32,145,108,0
5,32,145,109,0
5,32,145,110,0
5,32,145,111,0
5,32,145,112,0
5,32,145,113,0
5,32,145,114,0
5,32,145,115,0
5,32,145,116,0
5,32,145,117,0
5,32,145,118,0
5,32,145,119,0
5,32,145,120,0
5,32,145,121,0
5,32,145,122,0
5,32,145,123,0
5,32,145,124,0
5,32,145,125,0
5,32,145,126,0
5,32,145,127,0
5,32,145,128,0
5,32,145,129,0
5,32,145,130,0
5,32,145,131,0
5,32,145,132,0
5,32,145,133,0
5,32,145,134,0
5,32,145,135,0
5,32,145,136,0
5,32,145,137,0
5,32,145,138,0
5,32,145,139,0
5,32,145,140,0
5,32,145,141,0
5,32,145,142,0
5,32,145,143,0
5,32,145,144,0
5,32,145,145,0
5,32,145,146,0
5,32,145,147,0
5,32,145,148,0
5,32,145,149,0
5,32,145,150,0
5,32,145,151,0
5,32,145,152,0
5,32,145,153,0
5,32,145,154,0
5,32,145,155,0
5,32,145,156,0
5,32,145,157,0
5,32,145,158,0
5,32,145,159,0
5,32,145,160,0
5,32,145,161,0
5,32,145,162,0
5,32,145,163,0
5,32,145,164,0
5,32,145,165,0
5,32,145,166,0
5,32,145,167,0
5,32,145,168,0
5,32,145,169,0
5,32,145,170,0
5,32,145,171,0
5,32,145,172,0
5,32,145,173,0
5,32,145,174,0
5,32,145,175,0
5,32,145,176,0
5,32,145,177,0
5,32,145,178,0
5,32,145,179,0
5,32,145,180,0
5,32,145,181,0
5,32,145,182,0
5,32,145,183,0
5,32,145,184,0
5,32,145,185,0
5,32,145,186,0
5,32,145,187,0
5,32,145,188,0
5,32,145,189,0
5,32,145,190,0
5,32,145,191,0
5,32,145,192,0
5,32,145,193,0
5,32,145,194,0
5,32,145,195,0
5,32,145,196,0
5,32,145,197,0
5,32,145,198,0
5,32,145,199,0
5,32,145,200,0
5,32,145,201,0
5,32,145,202,0
5,32,145,203,0
5,32,145,204,0
5,32,145,205,0
5,32,145,206,0
5,32,145,207,0
5,32,145,208,0
5,32,145,209,0
5,32,145,210,0
5,32,145,211,0
5,32,145,212,0
5,32,145,213,0
5,32,145,214,0
5,32,145,215,0
5,32,145,216,0
5,32,145,217,0
5,32,145,218,0
5,32,145,219,0
5,32,145,220,0
5,32,145,221,0
5,32,145,222,0
5,32,145,223,502396072088764
5,32,145,224,13059331956688758
5,32,145,225,148568311332945792
5,32,145,226,986128830901445614
5,32,145,227,4302493009038032940
5,32,145,228,13207961407895668922
5,32,145,229,29892284745281294000
5,32,145,230,51720497807486231192
5,32,145,231,70526792581613314858
5,32,145,232,77801099075398025120
5,32,145,233,70999540167007090830
5,32,145,234,54611757713409918866
5,32,145,235,35952120480801492720
5,32,145,236,20505775649251528406
5,32,145,237,10229448508861963050
5,32,145,238,4494696435565140230
5,32,145,239,1747891568811100234
5,32,145,240,603277991861307946
5,32,145,241,184974435177453890
5,32,145,242,50337701219953816
5,32,145,243,12123549309738648
5,32,145,244,2571600227466850
5,32,145,245,477013579919470
5,32,145,246,76645613343792
5,32,145,247,10541365294396
5,32,145,248,1223895418356
5,32,145,249,118266100244
5,32,145,250,9398308480
5,32,145,251,608253936
5,32,145,252,31593318
5,32,145,253,1281220
5,32,145,254,39578
5,32,145,255,720
5,32,145,256,4
5,32,145,257,0
5,32,145,258,0
5,32,145,259,0
5,32,145,260,0
5,32,145,261,0
5,32,145,262,0
5,32,145,263,0
5,32,145,264,0
5,32,145,265,0
5,32,145,266,0
5,32,145,267,0
5,32,145,268,0
5,32,145,269,0
5,32,145,270,0
5,32,145,271,0
5,32,145,272,0
5,32,145,273,0
5,32,145,274,0
5,32,145,275,0
5,32,145,276,0
5,32,145,277,0
5,32,145,278,0
5,32,145,279,0
5,32,145,280,0
5,32,145,281,0
5,32,145,282,0
5,32,145,283,0
5,32,146,0,0
5,32,146,1,0
5,32,146,2,0
5,32,146,3,0
5,32,146,4,0
5,32,146,5,0
5,32,146,6,0
5,32,146,7,0
5,32,146,8,0
5,32,146,9,0
5,32,146,10,0
5,32,146,11,0
5,32,146,12,0
5,32,146,13,0
5,32,146,14,0
5,32,146,15,0
5,32,146,16,0
5,32,146,17,0
5,32,146,18,0
5,32,146,19,0
5,32,146,20,0
5,32,146,21,0
5,32,146,22,0
5,32,146,23,0
5,32,146,24,0
5,32,146,25,0
5,32,146,26,0
5,32,146,27,0
5,32,146,28,0
5,32,146,29,0
5,32,146,30,0
5,32,146,31,0
5,32,146,32,0
5,32,146,33,0
5,32,146,34,0
5,32,146,35,0
5,32,146,36,0
5,32,146,37,0
5,32,146,38,0
5,32,146,39,0
5,32,146,40,0
5,32,146,41,0
5,32,146,42,0
5,32,146,43,0
5,32,146,44,0
5,32,146,45,0
5,32,146,46,0
5,32,146,47,0
5,32,146,48,0
5,32,146,49,0
5,32,146,50,0
5,32,146,51,0
5,32,146,52,0
5,32,146,53,0
5,32,146,54,0
5,32,146,55,0
5,32,146,56,0
5,32,146,57,0
5,32,146,58,0
5,32,146,59,0
5,32,146,60,0
5,32,146,61,0
5,32,146,62,0
5,32,146,63,0
5,32,146,64,0
5,32,146,65,0
5,32,146,66,0
5,32,146,67,0
5,32,146,68,0
5,32,146,69,0
5,32,146,70,0
5,32,146,71,0
5,32,146,72,0
5,32,146,73,0
5,32,146,74,0
5,32,146,75,0
5,32,146,76,0
5,32,146,77,0
5,32,146,78,0
5,32,146,79,0
5,32,146,80,0
5,32,146,81,0
5,32,146,82,0
5,32,146,83,0
5,32,146,84,0
5,32,146,85,0
5,32,146,86,0
5,32,146,87,0
5,32,146,88,0
5,32,146,89,0
5,32,146,90,0
5,32,146,91,0
5,32,146,92,0
5,32,146,93,0
5,32,146,94,0
5,32,146,95,0
5,32,146,96,0
5,32,146,97,0
5,32,146,98,0
5,32,146,99,0
5,32,146,100,0
5,32,146,101,0
5,32,146,102,0
5,32,146,103,0
5,32,146,104,0
5,32,146,105,0
5,32,146,106,0
5,32,146,107,0
5,32,146,108,0
5,32,146,109,0
5,32,146,110,0
5,32,146,111,0
5,32,146,112,0
5,32,146,113,0
5,32,146,114,0
5,32,146,115,0
5,32,146,116,0
5,32,146,117,0
5,32,146,118,0
5,32,146,119,0
5,32,146,120,0
5,32,146,121,0
5,32,146,122,0
5,32,146,123,0
5,32,146,124,0
5,32,146,125,0
5,32,146,126,0
5,32,146,127,0
5,32,146,128,0
5,32,146,129,0
5,32,146,130,0
5,32,146,131,0
5,32,146,132,0
5,32,146,133,0
5,32,146,134,0
5,32,146,135,0
5,32,146,136,0
5,32,146,137,0
5,32,146,138,0
5,32,146,139,0
5,32,146,140,0
5,32,146,141,0
5,32,146,142,0
5,32,146,143,0
5,32,146,144,0
5,32,146,145,0
5,32,146,146,0
5,32,146,147,0
5,32,146,148,0
5,32,146,149,0
5,32,146,150,0
5,32,146,151,0
5,32,146,152,0
5,32,146,153,0
5,32,146,154,0
5,32,146,155,0
5,32,146,156,0
5,32,146,157,0
5,32,146,158,0
5,32,146,159,0
5,32,146,160,0
5,32,146,161,0
5,32,146,162,0
5,32,146,163,0
5,32,146,164,0
5,32,146,165,0
5,32,146,166,0
5,32,146,167,0
5,32,146,168,0
5,32,146,169,0
5,32,146,170,0
5,32,146,171,0
5,32,146,172,0
5,32,146,173,0
5,32,146,174,0
5,32,146,175,0
5,32,146,176,0
5,32,146,177,0
5,32,146,178,0
5,32,146,179,0
5,32,146,180,0
5,32,146,181,0
5,32,146,182,0
5,32,146,183,0
5,32,146,184,0
5,32,146,185,0
5,32,146,186,0
5,32,146,187,0
5,32,146,188,0
5,32,146,189,0
5,32,146,190,0
5,32,146,191,0
5,32,146,192,0
5,32,146,193,0
5,32,146,194,0
5,32,146,195,0
5,32,146,196,0
5,32,146,197,0
5,32,146,198,0
5,32,146,199,0
5,32,146,200,0
5,32,146,201,0
5,32,146,202,0
5,32,146,203,0
5,32,146,204,0
5,32,146,205,0
5,32,146,206,0
5,32,146,207,0
5,32,146,208,0
5,32,146,209,0
5,32,146,210,0
5,32,146,211,0
5,32,146,212,0
5,32,146,213,0
5,32,146,214,0
5,32,146,215,0
5,32,146,216,0
5,32,146,217,0
5,32,146,218,0
5,32,146,219,0
5,32,146,220,0
5,32,146,221,0
5,32,146,222,0
5,32,146,223,0
5,32,146,224,0
5,32,146,225,0
5,32,146,226,0
5,32,146,227,188858180497988
5,32,146,228,4305680452122735
5,32,146,229,42745456294800056
5,32,146,230,246334689226681056
5,32,146,231,928654755718050720
5,32,146,232,2453374850113691410
5,32,146,233,4765276165128787575
5,32,146,234,7067914767916143128
5,32,146,235,8264959031660685844
5,32,146,236,7829571818202573733
5,32,146,237,6146613117155321726
5,32,146,238,4073194120734167509
5,32,146,239,2311770255942224083
5,32,146,240,1136257868933386317
5,32,146,241,487562307322649799
5,32,146,242,183624490324835438
5,32,146,243,60875211750729807
5,32,146,244,17775399239044222
5,32,146,245,4563901050331540
5,32,146,246,1026186144512627
5,32,146,247,200726677434210
5,32,146,248,33833917160360
5,32,146,249,4853251594814
5,32,146,250,583451485088
5,32,146,251,57809427733
5,32,146,252,4650889818
5,32,146,253,300510004
5,32,146,254,15341462
5,32,146,255,598235
5,32,146,256,17048
5,32,146,257,315
5,32,146,258,0
5,32,146,259,0
5,32,146,260,0
5,32,146,261,0
5,32,146,262,0
5,32,146,263,0
5,32,146,264,0
5,32,146,265,0
5,32,146,266,0
5,32,146,267,0
5,32,146,268,0
5,32,146,269,0
5,32,146,270,0
5,32,146,271,0
5,32,146,272,0
5,32,146,273,0
5,32,146,274,0
5,32,146,275,0
5,32,146,276,0
5,32,146,277,0
5,32,146,278,0
5,32,146,279,0
5,32,146,280,0
5,32,146,281,0
5,32,146,282,0
5,32,146,283,0
5,32,147,0,0
5,32,147,1,0
5,32,147,2,0
5,32,147,3,0
5,32,147,4,0
5,32,147,5,0
5,32,147,6,0
5,32,147,7,0
5,32,147,8,0
5,32,147,9,0
5,32,147,10,0
5,32,147,11,0
5,32,147,12,0
5,32,147,13,0
5,32,147,14,0
5,32,147,15,0
5,32,147,16,0
5,32,147,17,0
5,32,147,18,0
5,32,147,19,0
5,32,147,20,0
5,32,147,21,0
5,32,147,22,0
5,32,147,23,0
5,32,147,24,0
5,32,147,25,0
5,32,147,26,0
5,32,147,27,0
5,32,147,28,0
5,32,147,29,0
5,32,147,30,0
5,32,147,31,0
5,32,147,32,0
5,32,147,33,0
5,32,147,34,0
5,32,147,35,0
5,32,147,36,0
5,32,147,37,0
5,32,147,38,0
5,32,147,39,0
5,32,147,40,0
5,32,147,41,0
5,32,147,42,0
5,32,147,43,0
5,32,147,44,0
5,32,147,45,0
5,32,147,46,0
5,32,147,47,0
5,32,147,48,0
5,32,147,49,0
5,32,147,50,0
5,32,147,51,0
5,32,147,52,0
5,32,147,53,0
5,32,147,54,0
5,32,147,55,0
5,32,147,56,0
5,32,147,57,0
5,32,147,58,0
5,32,147,59,0
5,32,147,60,0
5,32,147,61,0
5,32,147,62,0
5,32,147,63,0
5,32,147,64,0
5,32,147,65,0
5,32,147,66,0
5,32,147,67,0
5,32,147,68,0
5,32,147,69,0
5,32,147,70,0
5,32,147,71,0
5,32,147,72,0
5,32,147,73,0
5,32,147,74,0
5,32,147,75,0
5,32,147,76,0
5,32,147,77,0
5,32,147,78,0
5,32,147,79,0
5,32,147,80,0
5,32,147,81,0
5,32,147,82,0
5,32,147,83,0
5,32,147,84,0
5,32,147,85,0
5,32,147,86,0
5,32,147,87,0
5,32,147,88,0
5,32,147,89,0
5,32,147,90,0
5,32,147,91,0
5,32,147,92,0
5,32,147,93,0
5,32,147,94,0
5,32,147,95,0
5,32,147,96,0
5,32,147,97,0
5,32,147,98,0
5,32,147,99,0
5,32,147,100,0
5,32,147,101,0
5,32,147,102,0
5,32,147,103,0
5,32,147,104,0
5,32,147,105,0
5,32,147,106,0
5,32,147,107,0
5,32,147,108,0
5,32,147,109,0
5,32,147,110,0
5,32,147,111,0
5,32,147,112,0
5,32,147,113,0
5,32,147,114,0
5,32,147,115,0
5,32,147,116,0
5,32,147,117,0
5,32,147,118,0
5,32,147,119,0
5,32,147,120,0
5,32,147,121,0
5,32,147,122,0
5,32,147,123,0
5,32,147,124,0
5,32,147,125,0
5,32,147,126,0
5,32,147,127,0
5,32,147,128,0
5,32,147,129,0
5,32,147,130,0
5,32,147,131,0
5,32,147,132,0
5,32,147,133,0
5,32,147,134,0
5,32,147,135,0
5,32,147,136,0
5,32,147,137,0
5,32,147,138,0
5,32,147,139,0
5,32,147,140,0
5,32,147,141,0
5,32,147,142,0
5,32,147,143,0
5,32,147,144,0
5,32,147,145,0
5,32,147,146,0
5,32,147,147,0
5,32,147,148,0
5,32,147,149,0
5,32,147,150,0
5,32,147,151,0
5,32,147,152,0
5,32,147,153,0
5,32,147,154,0
5,32,147,155,0
5,32,147,156,0
5,32,147,157,0
5,32,147,158,0
5,32,147,159,0
5,32,147,160,0
5,32,147,161,0
5,32,147,162,0
5,32,147,163,0
5,32,147,164,0
5,32,147,165,0
5,32,147,166,0
5,32,147,167,0
5,32,147,168,0
5,32,147,169,0
5,32,147,170,0
5,32,147,171,0
5,32,147,172,0
5,32,147,173,0
5,32,147,174,0
5,32,147,175,0
5,32,147,176,0
5,32,147,177,0
5,32,147,178,0
5,32,147,179,0
5,32,147,180,0
5,32,147,181,0
5,32,147,182,0
5,32,147,183,0
5,32,147,184,0
5,32,147,185,0
5,32,147,186,0
5,32,147,187,0
5,32,147,188,0
5,32,147,189,0
5,32,147,190,0
5,32,147,191,0
5,32,147,192,0
5,32,147,193,0
5,32,147,194,0
5,32,147,195,0
5,32,147,196,0
5,32,147,197,0
5,32,147,198,0
5,32,147,199,0
5,32,147,200,0
5,32,147,201,0
5,32,147,202,0
5,32,147,203,0
5,32,147,204,0
5,32,147,205,0
5,32,147,206,0
5,32,147,207,0
5,32,147,208,0
5,32,147,209,0
5,32,147,210,0
5,32,147,211,0
5,32,147,212,0
5,32,147,213,0
5,32,147,214,0
5,32,147,215,0
5,32,147,216,0
5,32,147,217,0
5,32,147,218,0
5,32,147,219,0
5,32,147,220,0
5,32,147,221,0
5,32,147,222,0
5,32,147,223,0
5,32,147,224,0
5,32,147,225,0
5,32,147,226,0
5,32,147,227,0
5,32,147,228,0
5,32,147,229,0
5,32,147,230,0
5,32,147,231,61861545188260
5,32,147,232,1231035415441240
5,32,147,233,10605529435853146
5,32,147,234,52726415189685788
5,32,147,235,170547549605807592
5,32,147,236,384879520220933796
5,32,147,237,636817141907198638
5,32,147,238,803916473073586872
5,32,147,239,800707135556216074
5,32,147,240,647070554023368256
5,32,147,241,433968381562977710
5,32,147,242,245834279238632868
5,32,147,243,119190026357647778
5,32,147,244,49926541289235048
5,32,147,245,18177687170886994
5,32,147,246,5769762712784458
5,32,147,247,1596767162096682
5,32,147,248,384237359347480
5,32,147,249,79933024248486
5,32,147,250,14244989676304
5,32,147,251,2147048018082
5,32,147,252,269176363008
5,32,147,253,27532597264
5,32,147,254,2254942014
5,32,147,255,145890044
5,32,147,256,7350304
5,32,147,257,275284
5,32,147,258,7210
5,32,147,259,120
5,32,147,260,0
5,32,147,261,0
5,32,147,262,0
5,32,147,263,0
5,32,147,264,0
5,32,147,265,0
5,32,147,266,0
5,32,147,267,0
5,32,147,268,0
5,32,147,269,0
5,32,147,270,0
5,32,147,271,0
5,32,147,272,0
5,32,147,273,0
5,32,147,274,0
5,32,147,275,0
5,32,147,276,0
5,32,147,277,0
5,32,147,278,0
5,32,147,279,0
5,32,147,280,0
5,32,147,281,0
5,32,147,282,0
5,32,147,283,0
5,32,148,0,0
5,32,148,1,0
5,32,148,2,0
5,32,148,3,0
5,32,148,4,0
5,32,148,5,0
5,32,148,6,0
5,32,148,7,0
5,32,148,8,0
5,32,148,9,0
5,32,148,10,0
5,32,148,11,0
5,32,148,12,0
5,32,148,13,0
5,32,148,14,0
5,32,148,15,0
5,32,148,16,0
5,32,148,17,0
5,32,148,18,0
5,32,148,19,0
5,32,148,20,0
5,32,148,21,0
5,32,148,22,0
5,32,148,23,0
5,32,148,24,0
5,32,148,25,0
5,32,148,26,0
5,32,148,27,0
5,32,148,28,0
5,32,148,29,0
5,32,148,30,0
5,32,148,31,0
5,32,148,32,0
5,32,148,33,0
5,32,148,34,0
5,32,148,35,0
5,32,148,36,0
5,32,148,37,0
5,32,148,38,0
5,32,148,39,0
5,32,148,40,0
5,32,148,41,0
5,32,148,42,0
5,32,148,43,0
5,32,148,44,0
5,32,148,45,0
5,32,148,46,0
5,32,148,47,0
5,32,148,48,0
5,32,148,49,0
5,32,148,50,0
5,32,148,51,0
5,32,148,52,0
5,32,148,53,0
5,32,148,54,0
5,32,148,55,0
5,32,148,56,0
5,32,148,57,0
5,32,148,58,0
5,32,148,59,0
5,32,148,60,0
5,32,148,61,0
5,32,148,62,0
5,32,148,63,0
5,32,148,64,0
5,32,148,65,0
5,32,148,66,0
5,32,148,67,0
5,32,148,68,0
5,32,148,69,0
5,32,148,70,0
5,32,148,71,0
5,32,148,72,0
5,32,148,73,0
5,32,148,74,0
5,32,148,75,0
5,32,148,76,0
5,32,148,77,0
5,32,148,78,0
5,32,148,79,0
5,32,148,80,0
5,32,148,81,0
5,32,148,82,0
5,32,148,83,0
5,32,148,84,0
5,32,148,85,0
5,32,148,86,0
5,32,148,87,0
5,32,148,88,0
5,32,148,89,0
5,32,148,90,0
5,32,148,91,0
5,32,148,92,0
5,32,148,93,0
5,32,148,94,0
5,32,148,95,0
5,32,148,96,0
5,32,148,97,0
5,32,148,98,0
5,32,148,99,0
5,32,148,100,0
5,32,148,101,0
5,32,148,102,0
5,32,148,103,0
5,32,148,104,0
5,32,148,105,0
5,32,148,106,0
5,32,148,107,0
5,32,148,108,0
5,32,148,109,0
5,32,148,110,0
5,32,148,111,0
5,32,148,112,0
5,32,148,113,0
5,32,148,114,0
5,32,148,115,0
5,32,148,116,0
5,32,148,117,0
5,32,148,118,0
5,32,148,119,0
5,32,148,120,0
5,32,148,121,0
5,32,148,122,0
5,32,148,123,0
5,32,148,124,0
5,32,148,125,0
5,32,148,126,0
5,32,148,127,0
5,32,148,128,0
5,32,148,129,0
5,32,148,130,0
5,32,148,131,0
5,32,148,132,0
5,32,148,133,0
5,32,148,134,0
5,32,148,135,0
5,32,148,136,0
5,32,148,137,0
5,32,148,138,0
5,32,148,139,0
5,32,148,140,0
5,32,148,141,0
5,32,148,142,0
5,32,148,143,0
5,32,148,144,0
5,32,148,145,0
5,32,148,146,0
5,32,148,147,0
5,32,148,148,0
5,32,148,149,0
5,32,148,150,0
5,32,148,151,0
5,32,148,152,0
5,32,148,153,0
5,32,148,154,0
5,32,148,155,0
5,32,148,156,0
5,32,148,157,0
5,32,148,158,0
5,32,148,159,0
5,32,148,160,0
5,32,148,161,0
5,32,148,162,0
5,32,148,163,0
5,32,148,164,0
5,32,148,165,0
5,32,148,166,0
5,32,148,167,0
5,32,148,168,0
5,32,148,169,0
5,32,148,170,0
5,32,148,171,0
5,32,148,172,0
5,32,148,173,0
5,32,148,174,0
5,32,148,175,0
5,32,148,176,0
5,32,148,177,0
5,32,148,178,0
5,32,148,179,0
5,32,148,180,0
5,32,148,181,0
5,32,148,182,0
5,32,148,183,0
5,32,148,184,0
5,32,148,185,0
5,32,148,186,0
5,32,148,187,0
5,32,148,188,0
5,32,148,189,0
5,32,148,190,0
5,32,148,191,0
5,32,148,192,0
5,32,148,193,0
5,32,148,194,0
5,32,148,195,0
5,32,148,196,0
5,32,148,197,0
5,32,148,198,0
5,32,148,199,0
5,32,148,200,0
5,32,148,201,0
5,32,148,202,0
5,32,148,203,0
5,32,148,204,0
5,32,148,205,0
5,32,148,206,0
5,32,148,207,0
5,32,148,208,0
5,32,148,209,0
5,32,148,210,0
5,32,148,211,0
5,32,148,212,0
5,32,148,213,0
5,32,148,214,0
5,32,148,215,0
5,32,148,216,0
5,32,148,217,0
5,32,148,218,0
5,32,148,219,0
5,32,148,220,0
5,32,148,221,0
5,32,148,222,0
5,32,148,223,0
5,32,148,224,0
5,32,148,225,0
5,32,148,226,0
5,32,148,227,0
5,32,148,228,0
5,32,148,229,0
5,32,148,230,0
5,32,148,231,0
5,32,148,232,0
5,32,148,233,0
5,32,148,234,0
5,32,148,235,17597695407628
5,32,148,236,303941035913791
5,32,148,237,2257273771211051
5,32,148,238,9608255475236929
5,32,148,239,26443101193796692
5,32,148,240,50528625535164613
5,32,148,241,70596688060744125
5,32,148,242,75217015732369860
5,32,148,243,63291862103458478
5,32,148,244,43267875383554689
5,32,148,245,24561435414382671
5,32,148,246,11765206920756534
5,32,148,247,4808963545703521
5,32,148,248,1688945470985718
5,32,148,249,511229519573600
5,32,148,250,133289878586879
5,32,148,251,29806622501324
5,32,148,252,5670212011986
5,32,148,253,906042186768
5,32,148,254,119490857383
5,32,148,255,12721258129
5,32,148,256,1068008584
5,32,148,257,69509997
5,32,148,258,3456087
5,32,148,259,125771
5,32,148,260,2950
5,32,148,261,42
5,32,148,262,0
5,32,148,263,0
5,32,148,264,0
5,32,148,265,0
5,32,148,266,0
5,32,148,267,0
5,32,148,268,0
5,32,148,269,0
5,32,148,270,0
5,32,148,271,0
5,32,148,272,0
5,32,148,273,0
5,32,148,274,0
5,32,148,275,0
5,32,148,276,0
5,32,148,277,0
5,32,148,278,0
5,32,148,279,0
5,32,148,280,0
5,32,148,281,0
5,32,148,282,0
5,32,148,283,0
5,32,149,0,0
5,32,149,1,0
5,32,149,2,0
5,32,149,3,0
5,32,149,4,0
5,32,149,5,0
5,32,149,6,0
5,32,149,7,0
5,32,149,8,0
5,32,149,9,0
5,32,149,10,0
5,32,149,11,0
5,32,149,12,0
5,32,149,13,0
5,32,149,14,0
5,32,149,15,0
5,32,149,16,0
5,32,149,17,0
5,32,149,18,0
5,32,149,19,0
5,32,149,20,0
5,32,149,21,0
5,32,149,22,0
5,32,149,23,0
5,32,149,24,0
5,32,149,25,0
5,32,149,26,0
5,32,149,27,0
5,32,149,28,0
5,32,149,29,0
5,32,149,30,0
5,32,149,31,0
5,32,149,32,0
5,32,149,33,0
5,32,149,34,0
5,32,149,35,0
5,32,149,36,0
5,32,149,37,0
5,32,149,38,0
5,32,149,39,0
5,32,149,40,0
5,32,149,41,0
5,32,149,42,0
5,32,149,43,0
5,32,149,44,0
5,32,149,45,0
5,32,149,46,0
5,32,149,47,0
5,32,149,48,0
5,32,149,49,0
5,32,149,50,0
5,32,149,51,0
5,32,149,52,0
5,32,149,53,0
5,32,149,54,0
5,32,149,55,0
5,32,149,56,0
5,32,149,57,0
5,32,149,58,0
5,32,149,59,0
5,32,149,60,0
5,32,149,61,0
5,32,149,62,0
5,32,149,63,0
5,32,149,64,0
5,32,149,65,0
5,32,149,66,0
5,32,149,67,0
5,32,149,68,0
5,32,149,69,0
5,32,149,70,0
5,32,149,71,0
5,32,149,72,0
5,32,149,73,0
5,32,149,74,0
5,32,149,75,0
5,32,149,76,0
5,32,149,77,0
5,32,149,78,0
5,32,149,79,0
5,32,149,80,0
5,32,149,81,0
5,32,149,82,0
5,32,149,83,0
5,32,149,84,0
5,32,149,85,0
5,32,149,86,0
5,32,149,87,0
5,32,149,88,0
5,32,149,89,0
5,32,149,90,0
5,32,149,91,0
5,32,149,92,0
5,32,149,93,0
5,32,149,94,0
5,32,149,95,0
5,32,149,96,0
5,32,149,97,0
5,32,149,98,0
5,32,149,99,0
5,32,149,100,0
5,32,149,101,0
5,32,149,102,0
5,32,149,103,0
5,32,149,104,0
5,32,149,105,0
5,32,149,106,0
5,32,149,107,0
5,32,149,108,0
5,32,149,109,0
5,32,149,110,0
5,32,149,111,0
5,32,149,112,0
5,32,149,113,0
5,32,149,114,0
5,32,149,115,0
5,32,149,116,0
5,32,149,117,0
5,32,149,118,0
5,32,149,119,0
5,32,149,120,0
5,32,149,121,0
5,32,149,122,0
5,32,149,123,0
5,32,149,124,0
5,32,149,125,0
5,32,149,126,0
5,32,149,127,0
5,32,149,128,0
5,32,149,129,0
5,32,149,130,0
5,32,149,131,0
5,32,149,132,0
5,32,149,133,0
5,32,149,134,0
5,32,149,135,0
5,32,149,136,0
5,32,149,137,0
5,32,149,138,0
5,32,149,139,0
5,32,149,140,0
5,32,149,141,0
5,32,149,142,0
5,32,149,143,0
5,32,149,144,0
5,32,149,145,0
5,32,149,146,0
5,32,149,147,0
5,32,149,148,0
5,32,149,149,0
5,32,149,150,0
5,32,149,151,0
5,32,149,152,0
5,32,149,153,0
5,32,149,154,0
5,32,149,155,0
5,32,149,156,0
5,32,149,157,0
5,32,149,158,0
5,32,149,159,0
5,32,149,160,0
5,32,149,161,0
5,32,149,162,0
5,32,149,163,0
5,32,149,164,0
5,32,149,165,0
5,32,149,166,0
5,32,149,167,0
5,32,149,168,0
5,32,149,169,0
5,32,149,170,0
5,32,149,171,0
5,32,149,172,0
5,32,149,173,0
5,32,149,174,0
5,32,149,175,0
5,32,149,176,0
5,32,149,177,0
5,32,149,178,0
5,32,149,179,0
5,32,149,180,0
5,32,149,181,0
5,32,149,182,0
5,32,149,183,0
5,32,149,184,0
5,32,149,185,0
5,32,149,186,0
5,32,149,187,0
5,32,149,188,0
5,32,149,189,0
5,32,149,190,0
5,32,149,191,0
5,32,149,192,0
5,32,149,193,0
5,32,149,194,0
5,32,149,195,0
5,32,149,196,0
5,32,149,197,0
5,32,149,198,0
5,32,149,199,0
5,32,149,200,0
5,32,149,201,0
5,32,149,202,0
5,32,149,203,0
5,32,149,204,0
5,32,149,205,0
5,32,149,206,0
5,32,149,207,0
5,32,149,208,0
5,32,149,209,0
5,32,149,210,0
5,32,149,211,0
5,32,149,212,0
5,32,149,213,0
5,32,149,214,0
5,32,149,215,0
5,32,149,216,0
5,32,149,217,0
5,32,149,218,0
5,32,149,219,0
5,32,149,220,0
5,32,149,221,0
5,32,149,222,0
5,32,149,223,0
5,32,149,224,0
5,32,149,225,0
5,32,149,226,0
5,32,149,227,0
5,32,149,228,0
5,32,149,229,0
5,32,149,230,0
5,32,149,231,0
5,32,149,232,0
5,32,149,233,0
5,32,149,234,0
5,32,149,235,0
5,32,149,236,0
5,32,149,237,0
5,32,149,238,0
5,32,149,239,4329385036378
5,32,149,240,64463756090034
5,32,149,241,409438596739232
5,32,149,242,1478558248935082
5,32,149,243,3427392063324572
5,32,149,244,5487018703949824
5,32,149,245,6405944123736440
5,32,149,246,5702090439713278
5,32,149,247,4012250068952208
5,32,149,248,2294613581315006
5,32,149,249,1088279938786244
5,32,149,250,433886403289626
5,32,149,251,146596408515654
5,32,149,252,42105073362730
5,32,149,253,10263216074684
5,32,149,254,2109420956596
5,32,149,255,361283420634
5,32,149,256,50645284306
5,32,149,257,5670219282
5,32,149,258,492630826
5,32,149,259,32382968
5,32,149,260,1597406
5,32,149,261,56160
5,32,149,262,1218
5,32,149,263,12
5,32,149,264,0
5,32,149,265,0
5,32,149,266,0
5,32,149,267,0
5,32,149,268,0
5,32,149,269,0
5,32,149,270,0
5,32,149,271,0
5,32,149,272,0
5,32,149,273,0
5,32,149,274,0
5,32,149,275,0
5,32,149,276,0
5,32,149,277,0
5,32,149,278,0
5,32,149,279,0
5,32,149,280,0
5,32,149,281,0
5,32,149,282,0
5,32,149,283,0
5,32,150,0,0
5,32,150,1,0
5,32,150,2,0
5,32,150,3,0
5,32,150,4,0
5,32,150,5,0
5,32,150,6,0
5,32,150,7,0
5,32,150,8,0
5,32,150,9,0
5,32,150,10,0
5,32,150,11,0
5,32,150,12,0
5,32,150,13,0
5,32,150,14,0
5,32,150,15,0
5,32,150,16,0
5,32,150,17,0
5,32,150,18,0
5,32,150,19,0
5,32,150,20,0
5,32,150,21,0
5,32,150,22,0
5,32,150,23,0
5,32,150,24,0
5,32,150,25,0
5,32,150,26,0
5,32,150,27,0
5,32,150,28,0
5,32,150,29,0
5,32,150,30,0
5,32,150,31,0
5,32,150,32,0
5,32,150,33,0
5,32,150,34,0
5,32,150,35,0
5,32,150,36,0
5,32,150,37,0
5,32,150,38,0
5,32,150,39,0
5,32,150,40,0
5,32,150,41,0
5,32,150,42,0
5,32,150,43,0
5,32,150,44,0
5,32,150,45,0
5,32,150,46,0
5,32,150,47,0
5,32,150,48,0
5,32,150,49,0
5,32,150,50,0
5,32,150,51,0
5,32,150,52,0
5,32,150,53,0
5,32,150,54,0
5,32,150,55,0
5,32,150,56,0
5,32,150,57,0
5,32,150,58,0
5,32,150,59,0
5,32,150,60,0
5,32,150,61,0
5,32,150,62,0
5,32,150,63,0
5,32,150,64,0
5,32,150,65,0
5,32,150,66,0
5,32,150,67,0
5,32,150,68,0
5,32,150,69,0
5,32,150,70,0
5,32,150,71,0
5,32,150,72,0
5,32,150,73,0
5,32,150,74,0
5,32,150,75,0
5,32,150,76,0
5,32,150,77,0
5,32,150,78,0
5,32,150,79,0
5,32,150,80,0
5,32,150,81,0
5,32,150,82,0
5,32,150,83,0
5,32,150,84,0
5,32,150,85,0
5,32,150,86,0
5,32,150,87,0
5,32,150,88,0
5,32,150,89,0
5,32,150,90,0
5,32,150,91,0
5,32,150,92,0
5,32,150,93,0
5,32,150,94,0
5,32,150,95,0
5,32,150,96,0
5,32,150,97,0
5,32,150,98,0
5,32,150,99,0
5,32,150,100,0
5,32,150,101,0
5,32,150,102,0
5,32,150,103,0
5,32,150,104,0
5,32,150,105,0
5,32,150,106,0
5,32,150,107,0
5,32,150,108,0
5,32,150,109,0
5,32,150,110,0
5,32,150,111,0
5,32,150,112,0
5,32,150,113,0
5,32,150,114,0
5,32,150,115,0
5,32,150,116,0
5,32,150,117,0
5,32,150,118,0
5,32,150,119,0
5,32,150,120,0
5,32,150,121,0
5,32,150,122,0
5,32,150,123,0
5,32,150,124,0
5,32,150,125,0
5,32,150,126,0
5,32,150,127,0
5,32,150,128,0
5,32,150,129,0
5,32,150,130,0
5,32,150,131,0
5,32,150,132,0
5,32,150,133,0
5,32,150,134,0
5,32,150,135,0
5,32,150,136,0
5,32,150,137,0
5,32,150,138,0
5,32,150,139,0
5,32,150,140,0
5,32,150,141,0
5,32,150,142,0
5,32,150,143,0
5,32,150,144,0
5,32,150,145,0
5,32,150,146,0
5,32,150,147,0
5,32,150,148,0
5,32,150,149,0
5,32,150,150,0
5,32,150,151,0
5,32,150,152,0
5,32,150,153,0
5,32,150,154,0
5,32,150,155,0
5,32,150,156,0
5,32,150,157,0
5,32,150,158,0
5,32,150,159,0
5,32,150,160,0
5,32,150,161,0
5,32,150,162,0
5,32,150,163,0
5,32,150,164,0
5,32,150,165,0
5,32,150,166,0
5,32,150,167,0
5,32,150,168,0
5,32,150,169,0
5,32,150,170,0
5,32,150,171,0
5,32,150,172,0
5,32,150,173,0
5,32,150,174,0
5,32,150,175,0
5,32,150,176,0
5,32,150,177,0
5,32,150,178,0
5,32,150,179,0
5,32,150,180,0
5,32,150,181,0
5,32,150,182,0
5,32,150,183,0
5,32,150,184,0
5,32,150,185,0
5,32,150,186,0
5,32,150,187,0
5,32,150,188,0
5,32,150,189,0
5,32,150,190,0
5,32,150,191,0
5,32,150,192,0
5,32,150,193,0
5,32,150,194,0
5,32,150,195,0
5,32,150,196,0
5,32,150,197,0
5,32,150,198,0
5,32,150,199,0
5,32,150,200,0
5,32,150,201,0
5,32,150,202,0
5,32,150,203,0
5,32,150,204,0
5,32,150,205,0
5,32,150,206,0
5,32,150,207,0
5,32,150,208,0
5,32,150,209,0
5,32,150,210,0
5,32,150,211,0
5,32,150,212,0
5,32,150,213,0
5,32,150,214,0
5,32,150,215,0
5,32,150,216,0
5,32,150,217,0
5,32,150,218,0
5,32,150,219,0
5,32,150,220,0
5,32,150,221,0
5,32,150,222,0
5,32,150,223,0
5,32,150,224,0
5,32,150,225,0
5,32,150,226,0
5,32,150,227,0
5,32,150,228,0
5,32,150,229,0
5,32,150,230,0
5,32,150,231,0
5,32,150,232,0
5,32,150,233,0
5,32,150,234,0
5,32,150,235,0
5,32,150,236,0
5,32,150,237,0
5,32,150,238,0
5,32,150,239,0
5,32,150,240,0
5,32,150,241,0
5,32,150,242,0
5,32,150,243,916331635882
5,32,150,244,11667337836756
5,32,150,245,62765552641247
5,32,150,246,190146925027032
5,32,150,247,366670738492406
5,32,150,248,485476612489652
5,32,150,249,467562998208217
5,32,150,250,343303970287373
5,32,150,251,199283756776040
5,32,150,252,93864717350335
5,32,150,253,36489370336217
5,32,150,254,11820225308232
5,32,150,255,3200827330509
5,32,150,256,722162558371
5,32,150,257,134418826368
5,32,150,258,20287565149
5,32,150,259,2419005805
5,32,150,260,220131649
5,32,150,261,14771747
5,32,150,262,716026
5,32,150,263,25000
5,32,150,264,480
5,32,150,265,3
5,32,150,266,0
5,32,150,267,0
5,32,150,268,0
5,32,150,269,0
5,32,150,270,0
5,32,150,271,0
5,32,150,272,0
5,32,150,273,0
5,32,150,274,0
5,32,150,275,0
5,32,150,276,0
5,32,150,277,0
5,32,150,278,0
5,32,150,279,0
5,32,150,280,0
5,32,150,281,0
5,32,150,282,0
5,32,150,283,0
5,32,151,0,0
5,32,151,1,0
5,32,151,2,0
5,32,151,3,0
5,32,151,4,0
5,32,151,5,0
5,32,151,6,0
5,32,151,7,0
5,32,151,8,0
5,32,151,9,0
5,32,151,10,0
5,32,151,11,0
5,32,151,12,0
5,32,151,13,0
5,32,151,14,0
5,32,151,15,0
5,32,151,16,0
5,32,151,17,0
5,32,151,18,0
5,32,151,19,0
5,32,151,20,0
5,32,151,21,0
5,32,151,22,0
5,32,151,23,0
5,32,151,24,0
5,32,151,25,0
5,32,151,26,0
5,32,151,27,0
5,32,151,28,0
5,32,151,29,0
5,32,151,30,0
5,32,151,31,0
5,32,151,32,0
5,32,151,33,0
5,32,151,34,0
5,32,151,35,0
5,32,151,36,0
5,32,151,37,0
5,32,151,38,0
5,32,151,39,0
5,32,151,40,0
5,32,151,41,0
5,32,151,42,0
5,32,151,43,0
5,32,151,44,0
5,32,151,45,0
5,32,151,46,0
5,32,151,47,0
5,32,151,48,0
5,32,151,49,0
5,32,151,50,0
5,32,151,51,0
5,32,151,52,0
5,32,151,53,0
5,32,151,54,0
5,32,151,55,0
5,32,151,56,0
5,32,151,57,0
5,32,151,58,0
5,32,151,59,0
5,32,151,60,0
5,32,151,61,0
5,32,151,62,0
5,32,151,63,0
5,32,151,64,0
5,32,151,65,0
5,32,151,66,0
5,32,151,67,0
5,32,151,68,0
5,32,151,69,0
5,32,151,70,0
5,32,151,71,0
5,32,151,72,0
5,32,151,73,0
5,32,151,74,0
5,32,151,75,0
5,32,151,76,0
5,32,151,77,0
5,32,151,78,0
5,32,151,79,0
5,32,151,80,0
5,32,151,81,0
5,32,151,82,0
5,32,151,83,0
5,32,151,84,0
5,32,151,85,0
5,32,151,86,0
5,32,151,87,0
5,32,151,88,0
5,32,151,89,0
5,32,151,90,0
5,32,151,91,0
5,32,151,92,0
5,32,151,93,0
5,32,151,94,0
5,32,151,95,0
5,32,151,96,0
5,32,151,97,0
5,32,151,98,0
5,32,151,99,0
5,32,151,100,0
5,32,151,101,0
5,32,151,102,0
5,32,151,103,0
5,32,151,104,0
5,32,151,105,0
5,32,151,106,0
5,32,151,107,0
5,32,151,108,0
5,32,151,109,0
5,32,151,110,0
5,32,151,111,0
5,32,151,112,0
5,32,151,113,0
5,32,151,114,0
5,32,151,115,0
5,32,151,116,0
5,32,151,117,0
5,32,151,118,0
5,32,151,119,0
5,32,151,120,0
5,32,151,121,0
5,32,151,122,0
5,32,151,123,0
5,32,151,124,0
5,32,151,125,0
5,32,151,126,0
5,32,151,127,0
5,32,151,128,0
5,32,151,129,0
5,32,151,130,0
5,32,151,131,0
5,32,151,132,0
5,32,151,133,0
5,32,151,134,0
5,32,151,135,0
5,32,151,136,0
5,32,151,137,0
5,32,151,138,0
5,32,151,139,0
5,32,151,140,0
5,32,151,141,0
5,32,151,142,0
5,32,151,143,0
5,32,151,144,0
5,32,151,145,0
5,32,151,146,0
5,32,151,147,0
5,32,151,148,0
5,32,151,149,0
5,32,151,150,0
5,32,151,151,0
5,32,151,152,0
5,32,151,153,0
5,32,151,154,0
5,32,151,155,0
5,32,151,156,0
5,32,151,157,0
5,32,151,158,0
5,32,151,159,0
5,32,151,160,0
5,32,151,161,0
5,32,151,162,0
5,32,151,163,0
5,32,151,164,0
5,32,151,165,0
5,32,151,166,0
5,32,151,167,0
5,32,151,168,0
5,32,151,169,0
5,32,151,170,0
5,32,151,171,0
5,32,151,172,0
5,32,151,173,0
5,32,151,174,0
5,32,151,175,0
5,32,151,176,0
5,32,151,177,0
5,32,151,178,0
5,32,151,179,0
5,32,151,180,0
5,32,151,181,0
5,32,151,182,0
5,32,151,183,0
5,32,151,184,0
5,32,151,185,0
5,32,151,186,0
5,32,151,187,0
5,32,151,188,0
5,32,151,189,0
5,32,151,190,0
5,32,151,191,0
5,32,151,192,0
5,32,151,193,0
5,32,151,194,0
5,32,151,195,0
5,32,151,196,0
5,32,151,197,0
5,32,151,198,0
5,32,151,199,0
5,32,151,200,0
5,32,151,201,0
5,32,151,202,0
5,32,151,203,0
5,32,151,204,0
5,32,151,205,0
5,32,151,206,0
5,32,151,207,0
5,32,151,208,0
5,32,151,209,0
5,32,151,210,0
5,32,151,211,0
5,32,151,212,0
5,32,151,213,0
5,32,151,214,0
5,32,151,215,0
5,32,151,216,0
5,32,151,217,0
5,32,151,218,0
5,32,151,219,0
5,32,151,220,0
5,32,151,221,0
5,32,151,222,0
5,32,151,223,0
5,32,151,224,0
5,32,151,225,0
5,32,151,226,0
5,32,151,227,0
5,32,151,228,0
5,32,151,229,0
5,32,151,230,0
5,32,151,231,0
5,32,151,232,0
5,32,151,233,0
5,32,151,234,0
5,32,151,235,0
5,32,151,236,0
5,32,151,237,0
5,32,151,238,0
5,32,151,239,0
5,32,151,240,0
5,32,151,241,0
5,32,151,242,0
5,32,151,243,0
5,32,151,244,0
5,32,151,245,0
5,32,151,246,0
5,32,151,247,165752871798
5,32,151,248,1786903499874
5,32,151,249,8045006736376
5,32,151,250,20161479008570
5,32,151,251,31841867835622
5,32,151,252,34305170103796
5,32,151,253,26817442716324
5,32,151,254,15971667880742
5,32,151,255,7503871329082
5,32,151,256,2843579509458
5,32,151,257,879383905754
5,32,151,258,222614645444
5,32,151,259,45870427750
5,32,151,260,7575172368
5,32,151,261,976890060
5,32,151,262,94637022
5,32,151,263,6564658
5,32,151,264,315622
5,32,151,265,10430
5,32,151,266,210
5,32,151,267,0
5,32,151,268,0
5,32,151,269,0
5,32,151,270,0
5,32,151,271,0
5,32,151,272,0
5,32,151,273,0
5,32,151,274,0
5,32,151,275,0
5,32,151,276,0
5,32,151,277,0
5,32,151,278,0
5,32,151,279,0
5,32,151,280,0
5,32,151,281,0
5,32,151,282,0
5,32,151,283,0
5,32,152,0,0
5,32,152,1,0
5,32,152,2,0
5,32,152,3,0
5,32,152,4,0
5,32,152,5,0
5,32,152,6,0
5,32,152,7,0
5,32,152,8,0
5,32,152,9,0
5,32,152,10,0
5,32,152,11,0
5,32,152,12,0
5,32,152,13,0
5,32,152,14,0
5,32,152,15,0
5,32,152,16,0
5,32,152,17,0
5,32,152,18,0
5,32,152,19,0
5,32,152,20,0
5,32,152,21,0
5,32,152,22,0
5,32,152,23,0
5,32,152,24,0
5,32,152,25,0
5,32,152,26,0
5,32,152,27,0
5,32,152,28,0
5,32,152,29,0
5,32,152,30,0
5,32,152,31,0
5,32,152,32,0
5,32,152,33,0
5,32,152,34,0
5,32,152,35,0
5,32,152,36,0
5,32,152,37,0
5,32,152,38,0
5,32,152,39,0
5,32,152,40,0
5,32,152,41,0
5,32,152,42,0
5,32,152,43,0
5,32,152,44,0
5,32,152,45,0
5,32,152,46,0
5,32,152,47,0
5,32,152,48,0
5,32,152,49,0
5,32,152,50,0
5,32,152,51,0
5,32,152,52,0
5,32,152,53,0
5,32,152,54,0
5,32,152,55,0
5,32,152,56,0
5,32,152,57,0
5,32,152,58,0
5,32,152,59,0
5,32,152,60,0
5,32,152,61,0
5,32,152,62,0
5,32,152,63,0
5,32,152,64,0
5,32,152,65,0
5,32,152,66,0
5,32,152,67,0
5,32,152,68,0
5,32,152,69,0
5,32,152,70,0
5,32,152,71,0
5,32,152,72,0
5,32,152,73,0
5,32,152,74,0
5,32,152,75,0
5,32,152,76,0
5,32,152,77,0
5,32,152,78,0
5,32,152,79,0
5,32,152,80,0
5,32,152,81,0
5,32,152,82,0
5,32,152,83,0
5,32,152,84,0
5,32,152,85,0
5,32,152,86,0
5,32,152,87,0
5,32,152,88,0
5,32,152,89,0
5,32,152,90,0
5,32,152,91,0
5,32,152,92,0
5,32,152,93,0
5,32,152,94,0
5,32,152,95,0
5,32,152,96,0
5,32,152,97,0
5,32,152,98,0
5,32,152,99,0
5,32,152,100,0
5,32,152,101,0
5,32,152,102,0
5,32,152,103,0
5,32,152,104,0
5,32,152,105,0
5,32,152,106,0
5,32,152,107,0
5,32,152,108,0
5,32,152,109,0
5,32,152,110,0
5,32,152,111,0
5,32,152,112,0
5,32,152,113,0
5,32,152,114,0
5,32,152,115,0
5,32,152,116,0
5,32,152,117,0
5,32,152,118,0
5,32,152,119,0
5,32,152,120,0
5,32,152,121,0
5,32,152,122,0
5,32,152,123,0
5,32,152,124,0
5,32,152,125,0
5,32,152,126,0
5,32,152,127,0
5,32,152,128,0
5,32,152,129,0
5,32,152,130,0
5,32,152,131,0
5,32,152,132,0
5,32,152,133,0
5,32,152,134,0
5,32,152,135,0
5,32,152,136,0
5,32,152,137,0
5,32,152,138,0
5,32,152,139,0
5,32,152,140,0
5,32,152,141,0
5,32,152,142,0
5,32,152,143,0
5,32,152,144,0
5,32,152,145,0
5,32,152,146,0
5,32,152,147,0
5,32,152,148,0
5,32,152,149,0
5,32,152,150,0
5,32,152,151,0
5,32,152,152,0
5,32,152,153,0
5,32,152,154,0
5,32,152,155,0
5,32,152,156,0
5,32,152,157,0
5,32,152,158,0
5,32,152,159,0
5,32,152,160,0
5,32,152,161,0
5,32,152,162,0
5,32,152,163,0
5,32,152,164,0
5,32,152,165,0
5,32,152,166,0
5,32,152,167,0
5,32,152,168,0
5,32,152,169,0
5,32,152,170,0
5,32,152,171,0
5,32,152,172,0
5,32,152,173,0
5,32,152,174,0
5,32,152,175,0
5,32,152,176,0
5,32,152,177,0
5,32,152,178,0
5,32,152,179,0
5,32,152,180,0
5,32,152,181,0
5,32,152,182,0
5,32,152,183,0
5,32,152,184,0
5,32,152,185,0
5,32,152,186,0
5,32,152,187,0
5,32,152,188,0
5,32,152,189,0
5,32,152,190,0
5,32,152,191,0
5,32,152,192,0
5,32,152,193,0
5,32,152,194,0
5,32,152,195,0
5,32,152,196,0
5,32,152,197,0
5,32,152,198,0
5,32,152,199,0
5,32,152,200,0
5,32,152,201,0
5,32,152,202,0
5,32,152,203,0
5,32,152,204,0
5,32,152,205,0
5,32,152,206,0
5,32,152,207,0
5,32,152,208,0
5,32,152,209,0
5,32,152,210,0
5,32,152,211,0
5,32,152,212,0
5,32,152,213,0
5,32,152,214,0
5,32,152,215,0
5,32,152,216,0
5,32,152,217,0
5,32,152,218,0
5,32,152,219,0
5,32,152,220,0
5,32,152,221,0
5,32,152,222,0
5,32,152,223,0
5,32,152,224,0
5,32,152,225,0
5,32,152,226,0
5,32,152,227,0
5,32,152,228,0
5,32,152,229,0
5,32,152,230,0
5,32,152,231,0
5,32,152,232,0
5,32,152,233,0
5,32,152,234,0
5,32,152,235,0
5,32,152,236,0
5,32,152,237,0
5,32,152,238,0
5,32,152,239,0
5,32,152,240,0
5,32,152,241,0
5,32,152,242,0
5,32,152,243,0
5,32,152,244,0
5,32,152,245,0
5,32,152,246,0
5,32,152,247,0
5,32,152,248,0
5,32,152,249,0
5,32,152,250,0
5,32,152,251,25409633146
5,32,152,252,229085402410
5,32,152,253,850190520898
5,32,152,254,1731114547099
5,32,152,255,2194570234729
5,32,152,256,1883938569230
5,32,152,257,1170041084703
5,32,152,258,551969645184
5,32,152,259,203881043571
5,32,152,260,59861447739
5,32,152,261,14003609197
5,32,152,262,2586426783
5,32,152,263,367879023
5,32,152,264,38668970
5,32,152,265,2834824
5,32,152,266,136000
5,32,152,267,4234
5,32,152,268,80
5,32,152,269,0
5,32,152,270,0
5,32,152,271,0
5,32,152,272,0
5,32,152,273,0
5,32,152,274,0
5,32,152,275,0
5,32,152,276,0
5,32,152,277,0
5,32,152,278,0
5,32,152,279,0
5,32,152,280,0
5,32,152,281,0
5,32,152,282,0
5,32,152,283,0
5,32,153,0,0
5,32,153,1,0
5,32,153,2,0
5,32,153,3,0
5,32,153,4,0
5,32,153,5,0
5,32,153,6,0
5,32,153,7,0
5,32,153,8,0
5,32,153,9,0
5,32,153,10,0
5,32,153,11,0
5,32,153,12,0
5,32,153,13,0
5,32,153,14,0
5,32,153,15,0
5,32,153,16,0
5,32,153,17,0
5,32,153,18,0
5,32,153,19,0
5,32,153,20,0
5,32,153,21,0
5,32,153,22,0
5,32,153,23,0
5,32,153,24,0
5,32,153,25,0
5,32,153,26,0
5,32,153,27,0
5,32,153,28,0
5,32,153,29,0
5,32,153,30,0
5,32,153,31,0
5,32,153,32,0
5,32,153,33,0
5,32,153,34,0
5,32,153,35,0
5,32,153,36,0
5,32,153,37,0
5,32,153,38,0
5,32,153,39,0
5,32,153,40,0
5,32,153,41,0
5,32,153,42,0
5,32,153,43,0
5,32,153,44,0
5,32,153,45,0
5,32,153,46,0
5,32,153,47,0
5,32,153,48,0
5,32,153,49,0
5,32,153,50,0
5,32,153,51,0
5,32,153,52,0
5,32,153,53,0
5,32,153,54,0
5,32,153,55,0
5,32,153,56,0
5,32,153,57,0
5,32,153,58,0
5,32,153,59,0
5,32,153,60,0
5,32,153,61,0
5,32,153,62,0
5,32,153,63,0
5,32,153,64,0
5,32,153,65,0
5,32,153,66,0
5,32,153,67,0
5,32,153,68,0
5,32,153,69,0
5,32,153,70,0
5,32,153,71,0
5,32,153,72,0
5,32,153,73,0
5,32,153,74,0
5,32,153,75,0
5,32,153,76,0
5,32,153,77,0
5,32,153,78,0
5,32,153,79,0
5,32,153,80,0
5,32,153,81,0
5,32,153,82,0
5,32,153,83,0
5,32,153,84,0
5,32,153,85,0
5,32,153,86,0
5,32,153,87,0
5,32,153,88,0
5,32,153,89,0
5,32,153,90,0
5,32,153,91,0
5,32,153,92,0
5,32,153,93,0
5,32,153,94,0
5,32,153,95,0
5,32,153,96,0
5,32,153,97,0
5,32,153,98,0
5,32,153,99,0
5,32,153,100,0
5,32,153,101,0
5,32,153,102,0
5,32,153,103,0
5,32,153,104,0
5,32,153,105,0
5,32,153,106,0
5,32,153,107,0
5,32,153,108,0
5,32,153,109,0
5,32,153,110,0
5,32,153,111,0
5,32,153,112,0
5,32,153,113,0
5,32,153,114,0
5,32,153,115,0
5,32,153,116,0
5,32,153,117,0
5,32,153,118,0
5,32,153,119,0
5,32,153,120,0
5,32,153,121,0
5,32,153,122,0
5,32,153,123,0
5,32,153,124,0
5,32,153,125,0
5,32,153,126,0
5,32,153,127,0
5,32,153,128,0
5,32,153,129,0
5,32,153,130,0
5,32,153,131,0
5,32,153,132,0
5,32,153,133,0
5,32,153,134,0
5,32,153,135,0
5,32,153,136,0
5,32,153,137,0
5,32,153,138,0
5,32,153,139,0
5,32,153,140,0
5,32,153,141,0
5,32,153,142,0
5,32,153,143,0
5,32,153,144,0
5,32,153,145,0
5,32,153,146,0
5,32,153,147,0
5,32,153,148,0
5,32,153,149,0
5,32,153,150,0
5,32,153,151,0
5,32,153,152,0
5,32,153,153,0
5,32,153,154,0
5,32,153,155,0
5,32,153,156,0
5,32,153,157,0
5,32,153,158,0
5,32,153,159,0
5,32,153,160,0
5,32,153,161,0
5,32,153,162,0
5,32,153,163,0
5,32,153,164,0
5,32,153,165,0
5,32,153,166,0
5,32,153,167,0
5,32,153,168,0
5,32,153,169,0
5,32,153,170,0
5,32,153,171,0
5,32,153,172,0
5,32,153,173,0
5,32,153,174,0
5,32,153,175,0
5,32,153,176,0
5,32,153,177,0
5,32,153,178,0
5,32,153,179,0
5,32,153,180,0
5,32,153,181,0
5,32,153,182,0
5,32,153,183,0
5,32,153,184,0
5,32,153,185,0
5,32,153,186,0
5,32,153,187,0
5,32,153,188,0
5,32,153,189,0
5,32,153,190,0
5,32,153,191,0
5,32,153,192,0
5,32,153,193,0
5,32,153,194,0
5,32,153,195,0
5,32,153,196,0
5,32,153,197,0
5,32,153,198,0
5,32,153,199,0
5,32,153,200,0
5,32,153,201,0
5,32,153,202,0
5,32,153,203,0
5,32,153,204,0
5,32,153,205,0
5,32,153,206,0
5,32,153,207,0
5,32,153,208,0
5,32,153,209,0
5,32,153,210,0
5,32,153,211,0
5,32,153,212,0
5,32,153,213,0
5,32,153,214,0
5,32,153,215,0
5,32,153,216,0
5,32,153,217,0
5,32,153,218,0
5,32,153,219,0
5,32,153,220,0
5,32,153,221,0
5,32,153,222,0
5,32,153,223,0
5,32,153,224,0
5,32,153,225,0
5,32,153,226,0
5,32,153,227,0
5,32,153,228,0
5,32,153,229,0
5,32,153,230,0
5,32,153,231,0
5,32,153,232,0
5,32,153,233,0
5,32,153,234,0
5,32,153,235,0
5,32,153,236,0
5,32,153,237,0
5,32,153,238,0
5,32,153,239,0
5,32,153,240,0
5,32,153,241,0
5,32,153,242,0
5,32,153,243,0
5,32,153,244,0
5,32,153,245,0
5,32,153,246,0
5,32,153,247,0
5,32,153,248,0
5,32,153,249,0
5,32,153,250,0
5,32,153,251,0
5,32,153,252,0
5,32,153,253,0
5,32,153,254,0
5,32,153,255,3265598426
5,32,153,256,24237652334
5,32,153,257,72698691084
5,32,153,258,117428793440
5,32,153,259,116314380376
5,32,153,260,77339165464
5,32,153,261,37018385390
5,32,153,262,13333062374
5,32,153,263,3688773330
5,32,153,264,784724350
5,32,153,265,126337890
5,32,153,266,14794766
5,32,153,267,1172684
5,32,153,268,57940
5,32,153,269,1644
5,32,153,270,28
5,32,153,271,0
5,32,153,272,0
5,32,153,273,0
5,32,153,274,0
5,32,153,275,0
5,32,153,276,0
5,32,153,277,0
5,32,153,278,0
5,32,153,279,0
5,32,153,280,0
5,32,153,281,0
5,32,153,282,0
5,32,153,283,0
5,32,154,0,0
5,32,154,1,0
5,32,154,2,0
5,32,154,3,0
5,32,154,4,0
5,32,154,5,0
5,32,154,6,0
5,32,154,7,0
5,32,154,8,0
5,32,154,9,0
5,32,154,10,0
5,32,154,11,0
5,32,154,12,0
5,32,154,13,0
5,32,154,14,0
5,32,154,15,0
5,32,154,16,0
5,32,154,17,0
5,32,154,18,0
5,32,154,19,0
5,32,154,20,0
5,32,154,21,0
5,32,154,22,0
5,32,154,23,0
5,32,154,24,0
5,32,154,25,0
5,32,154,26,0
5,32,154,27,0
5,32,154,28,0
5,32,154,29,0
5,32,154,30,0
5,32,154,31,0
5,32,154,32,0
5,32,154,33,0
5,32,154,34,0
5,32,154,35,0
5,32,154,36,0
5,32,154,37,0
5,32,154,38,0
5,32,154,39,0
5,32,154,40,0
5,32,154,41,0
5,32,154,42,0
5,32,154,43,0
5,32,154,44,0
5,32,154,45,0
5,32,154,46,0
5,32,154,47,0
5,32,154,48,0
5,32,154,49,0
5,32,154,50,0
5,32,154,51,0
5,32,154,52,0
5,32,154,53,0
5,32,154,54,0
5,32,154,55,0
5,32,154,56,0
5,32,154,57,0
5,32,154,58,0
5,32,154,59,0
5,32,154,60,0
5,32,154,61,0
5,32,154,62,0
5,32,154,63,0
5,32,154,64,0
5,32,154,65,0
5,32,154,66,0
5,32,154,67,0
5,32,154,68,0
5,32,154,69,0
5,32,154,70,0
5,32,154,71,0
5,32,154,72,0
5,32,154,73,0
5,32,154,74,0
5,32,154,75,0
5,32,154,76,0
5,32,154,77,0
5,32,154,78,0
5,32,154,79,0
5,32,154,80,0
5,32,154,81,0
5,32,154,82,0
5,32,154,83,0
5,32,154,84,0
5,32,154,85,0
5,32,154,86,0
5,32,154,87,0
5,32,154,88,0
5,32,154,89,0
5,32,154,90,0
5,32,154,91,0
5,32,154,92,0
5,32,154,93,0
5,32,154,94,0
5,32,154,95,0
5,32,154,96,0
5,32,154,97,0
5,32,154,98,0
5,32,154,99,0
5,32,154,100,0
5,32,154,101,0
5,32,154,102,0
5,32,154,103,0
5,32,154,104,0
5,32,154,105,0
5,32,154,106,0
5,32,154,107,0
5,32,154,108,0
5,32,154,109,0
5,32,154,110,0
5,32,154,111,0
5,32,154,112,0
5,32,154,113,0
5,32,154,114,0
5,32,154,115,0
5,32,154,116,0
5,32,154,117,0
5,32,154,118,0
5,32,154,119,0
5,32,154,120,0
5,32,154,121,0
5,32,154,122,0
5,32,154,123,0
5,32,154,124,0
5,32,154,125,0
5,32,154,126,0
5,32,154,127,0
5,32,154,128,0
5,32,154,129,0
5,32,154,130,0
5,32,154,131,0
5,32,154,132,0
5,32,154,133,0
5,32,154,134,0
5,32,154,135,0
5,32,154,136,0
5,32,154,137,0
5,32,154,138,0
5,32,154,139,0
5,32,154,140,0
5,32,154,141,0
5,32,154,142,0
5,32,154,143,0
5,32,154,144,0
5,32,154,145,0
5,32,154,146,0
5,32,154,147,0
5,32,154,148,0
5,32,154,149,0
5,32,154,150,0
5,32,154,151,0
5,32,154,152,0
5,32,154,153,0
5,32,154,154,0
5,32,154,155,0
5,32,154,156,0
5,32,154,157,0
5,32,154,158,0
5,32,154,159,0
5,32,154,160,0
5,32,154,161,0
5,32,154,162,0
5,32,154,163,0
5,32,154,164,0
5,32,154,165,0
5,32,154,166,0
5,32,154,167,0
5,32,154,168,0
5,32,154,169,0
5,32,154,170,0
5,32,154,171,0
5,32,154,172,0
5,32,154,173,0
5,32,154,174,0
5,32,154,175,0
5,32,154,176,0
5,32,154,177,0
5,32,154,178,0
5,32,154,179,0
5,32,154,180,0
5,32,154,181,0
5,32,154,182,0
5,32,154,183,0
5,32,154,184,0
5,32,154,185,0
5,32,154,186,0
5,32,154,187,0
5,32,154,188,0
5,32,154,189,0
5,32,154,190,0
5,32,154,191,0
5,32,154,192,0
5,32,154,193,0
5,32,154,194,0
5,32,154,195,0
5,32,154,196,0
5,32,154,197,0
5,32,154,198,0
5,32,154,199,0
5,32,154,200,0
5,32,154,201,0
5,32,154,202,0
5,32,154,203,0
5,32,154,204,0
5,32,154,205,0
5,32,154,206,0
5,32,154,207,0
5,32,154,208,0
5,32,154,209,0
5,32,154,210,0
5,32,154,211,0
5,32,154,212,0
5,32,154,213,0
5,32,154,214,0
5,32,154,215,0
5,32,154,216,0
5,32,154,217,0
5,32,154,218,0
5,32,154,219,0
5,32,154,220,0
5,32,154,221,0
5,32,154,222,0
5,32,154,223,0
5,32,154,224,0
5,32,154,225,0
5,32,154,226,0
5,32,154,227,0
5,32,154,228,0
5,32,154,229,0
5,32,154,230,0
5,32,154,231,0
5,32,154,232,0
5,32,154,233,0
5,32,154,234,0
5,32,154,235,0
5,32,154,236,0
5,32,154,237,0
5,32,154,238,0
5,32,154,239,0
5,32,154,240,0
5,32,154,241,0
5,32,154,242,0
5,32,154,243,0
5,32,154,244,0
5,32,154,245,0
5,32,154,246,0
5,32,154,247,0
5,32,154,248,0
5,32,154,249,0
5,32,154,250,0
5,32,154,251,0
5,32,154,252,0
5,32,154,253,0
5,32,154,254,0
5,32,154,255,0
5,32,154,256,0
5,32,154,257,0
5,32,154,258,0
5,32,154,259,346887728
5,32,154,260,2076228362
5,32,154,261,4900165390
5,32,154,262,6073888516
5,32,154,263,4525218909
5,32,154,264,2237233052
5,32,154,265,786776331
5,32,154,266,202882596
5,32,154,267,38342893
5,32,154,268,5144899
5,32,154,269,460934
5,32,154,270,23898
5,32,154,271,644
5,32,154,272,8
5,32,154,273,0
5,32,154,274,0
5,32,154,275,0
5,32,154,276,0
5,32,154,277,0
5,32,154,278,0
5,32,154,279,0
5,32,154,280,0
5,32,154,281,0
5,32,154,282,0
5,32,154,283,0
5,32,155,0,0
5,32,155,1,0
5,32,155,2,0
5,32,155,3,0
5,32,155,4,0
5,32,155,5,0
5,32,155,6,0
5,32,155,7,0
5,32,155,8,0
5,32,155,9,0
5,32,155,10,0
5,32,155,11,0
5,32,155,12,0
5,32,155,13,0
5,32,155,14,0
5,32,155,15,0
5,32,155,16,0
5,32,155,17,0
5,32,155,18,0
5,32,155,19,0
5,32,155,20,0
5,32,155,21,0
5,32,155,22,0
5,32,155,23,0
5,32,155,24,0
5,32,155,25,0
5,32,155,26,0
5,32,155,27,0
5,32,155,28,0
5,32,155,29,0
5,32,155,30,0
5,32,155,31,0
5,32,155,32,0
5,32,155,33,0
5,32,155,34,0
5,32,155,35,0
5,32,155,36,0
5,32,155,37,0
5,32,155,38,0
5,32,155,39,0
5,32,155,40,0
5,32,155,41,0
5,32,155,42,0
5,32,155,43,0
5,32,155,44,0
5,32,155,45,0
5,32,155,46,0
5,32,155,47,0
5,32,155,48,0
5,32,155,49,0
5,32,155,50,0
5,32,155,51,0
5,32,155,52,0
5,32,155,53,0
5,32,155,54,0
5,32,155,55,0
5,32,155,56,0
5,32,155,57,0
5,32,155,58,0
5,32,155,59,0
5,32,155,60,0
5,32,155,61,0
5,32,155,62,0
5,32,155,63,0
5,32,155,64,0
5,32,155,65,0
5,32,155,66,0
5,32,155,67,0
5,32,155,68,0
5,32,155,69,0
5,32,155,70,0
5,32,155,71,0
5,32,155,72,0
5,32,155,73,0
5,32,155,74,0
5,32,155,75,0
5,32,155,76,0
5,32,155,77,0
5,32,155,78,0
5,32,155,79,0
5,32,155,80,0
5,32,155,81,0
5,32,155,82,0
5,32,155,83,0
5,32,155,84,0
5,32,155,85,0
5,32,155,86,0
5,32,155,87,0
5,32,155,88,0
5,32,155,89,0
5,32,155,90,0
5,32,155,91,0
5,32,155,92,0
5,32,155,93,0
5,32,155,94,0
5,32,155,95,0
5,32,155,96,0
5,32,155,97,0
5,32,155,98,0
5,32,155,99,0
5,32,155,100,0
5,32,155,101,0
5,32,155,102,0
5,32,155,103,0
5,32,155,104,0
5,32,155,105,0
5,32,155,106,0
5,32,155,107,0
5,32,155,108,0
5,32,155,109,0
5,32,155,110,0
5,32,155,111,0
5,32,155,112,0
5,32,155,113,0
5,32,155,114,0
5,32,155,115,0
5,32,155,116,0
5,32,155,117,0
5,32,155,118,0
5,32,155,119,0
5,32,155,120,0
5,32,155,121,0
5,32,155,122,0
5,32,155,123,0
5,32,155,124,0
5,32,155,125,0
5,32,155,126,0
5,32,155,127,0
5,32,155,128,0
5,32,155,129,0
5,32,155,130,0
5,32,155,131,0
5,32,155,132,0
5,32,155,133,0
5,32,155,134,0
5,32,155,135,0
5,32,155,136,0
5,32,155,137,0
5,32,155,138,0
5,32,155,139,0
5,32,155,140,0
5,32,155,141,0
5,32,155,142,0
5,32,155,143,0
5,32,155,144,0
5,32,155,145,0
5,32,155,146,0
5,32,155,147,0
5,32,155,148,0
5,32,155,149,0
5,32,155,150,0
5,32,155,151,0
5,32,155,152,0
5,32,155,153,0
5,32,155,154,0
5,32,155,155,0
5,32,155,156,0
5,32,155,157,0
5,32,155,158,0
5,32,155,159,0
5,32,155,160,0
5,32,155,161,0
5,32,155,162,0
5,32,155,163,0
5,32,155,164,0
5,32,155,165,0
5,32,155,166,0
5,32,155,167,0
5,32,155,168,0
5,32,155,169,0
5,32,155,170,0
5,32,155,171,0
5,32,155,172,0
5,32,155,173,0
5,32,155,174,0
5,32,155,175,0
5,32,155,176,0
5,32,155,177,0
5,32,155,178,0
5,32,155,179,0
5,32,155,180,0
5,32,155,181,0
5,32,155,182,0
5,32,155,183,0
5,32,155,184,0
5,32,155,185,0
5,32,155,186,0
5,32,155,187,0
5,32,155,188,0
5,32,155,189,0
5,32,155,190,0
5,32,155,191,0
5,32,155,192,0
5,32,155,193,0
5,32,155,194,0
5,32,155,195,0
5,32,155,196,0
5,32,155,197,0
5,32,155,198,0
5,32,155,199,0
5,32,155,200,0
5,32,155,201,0
5,32,155,202,0
5,32,155,203,0
5,32,155,204,0
5,32,155,205,0
5,32,155,206,0
5,32,155,207,0
5,32,155,208,0
5,32,155,209,0
5,32,155,210,0
5,32,155,211,0
5,32,155,212,0
5,32,155,213,0
5,32,155,214,0
5,32,155,215,0
5,32,155,216,0
5,32,155,217,0
5,32,155,218,0
5,32,155,219,0
5,32,155,220,0
5,32,155,221,0
5,32,155,222,0
5,32,155,223,0
5,32,155,224,0
5,32,155,225,0
5,32,155,226,0
5,32,155,227,0
5,32,155,228,0
5,32,155,229,0
5,32,155,230,0
5,32,155,231,0
5,32,155,232,0
5,32,155,233,0
5,32,155,234,0
5,32,155,235,0
5,32,155,236,0
5,32,155,237,0
5,32,155,238,0
5,32,155,239,0
5,32,155,240,0
5,32,155,241,0
5,32,155,242,0
5,32,155,243,0
5,32,155,244,0
5,32,155,245,0
5,32,155,246,0
5,32,155,247,0
5,32,155,248,0
5,32,155,249,0
5,32,155,250,0
5,32,155,251,0
5,32,155,252,0
5,32,155,253,0
5,32,155,254,0
5,32,155,255,0
5,32,155,256,0
5,32,155,257,0
5,32,155,258,0
5,32,155,259,0
5,32,155,260,0
5,32,155,261,0
5,32,155,262,0
5,32,155,263,29879764
5,32,155,264,140199444
5,32,155,265,250593420
5,32,155,266,226875294
5,32,155,267,119994302
5,32,155,268,41316534
5,32,155,269,9772290
5,32,155,270,1579326
5,32,155,271,163610
5,32,155,272,9806
5,32,155,273,240
5,32,155,274,2
5,32,155,275,0
5,32,155,276,0
5,32,155,277,0
5,32,155,278,0
5,32,155,279,0
5,32,155,280,0
5,32,155,281,0
5,32,155,282,0
5,32,155,283,0
5,32,156,0,0
5,32,156,1,0
5,32,156,2,0
5,32,156,3,0
5,32,156,4,0
5,32,156,5,0
5,32,156,6,0
5,32,156,7,0
5,32,156,8,0
5,32,156,9,0
5,32,156,10,0
5,32,156,11,0
5,32,156,12,0
5,32,156,13,0
5,32,156,14,0
5,32,156,15,0
5,32,156,16,0
5,32,156,17,0
5,32,156,18,0
5,32,156,19,0
5,32,156,20,0
5,32,156,21,0
5,32,156,22,0
5,32,156,23,0
5,32,156,24,0
5,32,156,25,0
5,32,156,26,0
5,32,156,27,0
5,32,156,28,0
5,32,156,29,0
5,32,156,30,0
5,32,156,31,0
5,32,156,32,0
5,32,156,33,0
5,32,156,34,0
5,32,156,35,0
5,32,156,36,0
5,32,156,37,0
5,32,156,38,0
5,32,156,39,0
5,32,156,40,0
5,32,156,41,0
5,32,156,42,0
5,32,156,43,0
5,32,156,44,0
5,32,156,45,0
5,32,156,46,0
5,32,156,47,0
5,32,156,48,0
5,32,156,49,0
5,32,156,50,0
5,32,156,51,0
5,32,156,52,0
5,32,156,53,0
5,32,156,54,0
5,32,156,55,0
5,32,156,56,0
5,32,156,57,0
5,32,156,58,0
5,32,156,59,0
5,32,156,60,0
5,32,156,61,0
5,32,156,62,0
5,32,156,63,0
5,32,156,64,0
5,32,156,65,0
5,32,156,66,0
5,32,156,67,0
5,32,156,68,0
5,32,156,69,0
5,32,156,70,0
5,32,156,71,0
5,32,156,72,0
5,32,156,73,0
5,32,156,74,0
5,32,156,75,0
5,32,156,76,0
5,32,156,77,0
5,32,156,78,0
5,32,156,79,0
5,32,156,80,0
5,32,156,81,0
5,32,156,82,0
5,32,156,83,0
5,32,156,84,0
5,32,156,85,0
5,32,156,86,0
5,32,156,87,0
5,32,156,88,0
5,32,156,89,0
5,32,156,90,0
5,32,156,91,0
5,32,156,92,0
5,32,156,93,0
5,32,156,94,0
5,32,156,95,0
5,32,156,96,0
5,32,156,97,0
5,32,156,98,0
5,32,156,99,0
5,32,156,100,0
5,32,156,101,0
5,32,156,102,0
5,32,156,103,0
5,32,156,104,0
5,32,156,105,0
5,32,156,106,0
5,32,156,107,0
5,32,156,108,0
5,32,156,109,0
5,32,156,110,0
5,32,156,111,0
5,32,156,112,0
5,32,156,113,0
5,32,156,114,0
5,32,156,115,0
5,32,156,116,0
5,32,156,117,0
5,32,156,118,0
5,32,156,119,0
5,32,156,120,0
5,32,156,121,0
5,32,156,122,0
5,32,156,123,0
5,32,156,124,0
5,32,156,125,0
5,32,156,126,0
5,32,156,127,0
5,32,156,128,0
5,32,156,129,0
5,32,156,130,0
5,32,156,131,0
5,32,156,132,0
5,32,156,133,0
5,32,156,134,0
5,32,156,135,0
5,32,156,136,0
5,32,156,137,0
5,32,156,138,0
5,32,156,139,0
5,32,156,140,0
5,32,156,141,0
5,32,156,142,0
5,32,156,143,0
5,32,156,144,0
5,32,156,145,0
5,32,156,146,0
5,32,156,147,0
5,32,156,148,0
5,32,156,149,0
5,32,156,150,0
5,32,156,151,0
5,32,156,152,0
5,32,156,153,0
5,32,156,154,0
5,32,156,155,0
5,32,156,156,0
5,32,156,157,0
5,32,156,158,0
5,32,156,159,0
5,32,156,160,0
5,32,156,161,0
5,32,156,162,0
5,32,156,163,0
5,32,156,164,0
5,32,156,165,0
5,32,156,166,0
5,32,156,167,0
5,32,156,168,0
5,32,156,169,0
5,32,156,170,0
5,32,156,171,0
5,32,156,172,0
5,32,156,173,0
5,32,156,174,0
5,32,156,175,0
5,32,156,176,0
5,32,156,177,0
5,32,156,178,0
5,32,156,179,0
5,32,156,180,0
5,32,156,181,0
5,32,156,182,0
5,32,156,183,0
5,32,156,184,0
5,32,156,185,0
5,32,156,186,0
5,32,156,187,0
5,32,156,188,0
5,32,156,189,0
5,32,156,190,0
5,32,156,191,0
5,32,156,192,0
5,32,156,193,0
5,32,156,194,0
5,32,156,195,0
5,32,156,196,0
5,32,156,197,0
5,32,156,198,0
5,32,156,199,0
5,32,156,200,0
5,32,156,201,0
5,32,156,202,0
5,32,156,203,0
5,32,156,204,0
5,32,156,205,0
5,32,156,206,0
5,32,156,207,0
5,32,156,208,0
5,32,156,209,0
5,32,156,210,0
5,32,156,211,0
5,32,156,212,0
5,32,156,213,0
5,32,156,214,0
5,32,156,215,0
5,32,156,216,0
5,32,156,217,0
5,32,156,218,0
5,32,156,219,0
5,32,156,220,0
5,32,156,221,0
5,32,156,222,0
5,32,156,223,0
5,32,156,224,0
5,32,156,225,0
5,32,156,226,0
5,32,156,227,0
5,32,156,228,0
5,32,156,229,0
5,32,156,230,0
5,32,156,231,0
5,32,156,232,0
5,32,156,233,0
5,32,156,234,0
5,32,156,235,0
5,32,156,236,0
5,32,156,237,0
5,32,156,238,0
5,32,156,239,0
5,32,156,240,0
5,32,156,241,0
5,32,156,242,0
5,32,156,243,0
5,32,156,244,0
5,32,156,245,0
5,32,156,246,0
5,32,156,247,0
5,32,156,248,0
5,32,156,249,0
5,32,156,250,0
5,32,156,251,0
5,32,156,252,0
5,32,156,253,0
5,32,156,254,0
5,32,156,255,0
5,32,156,256,0
5,32,156,257,0
5,32,156,258,0
5,32,156,259,0
5,32,156,260,0
5,32,156,261,0
5,32,156,262,0
5,32,156,263,0
5,32,156,264,0
5,32,156,265,0
5,32,156,266,0
5,32,156,267,2032026
5,32,156,268,7174393
5,32,156,269,9153193
5,32,156,270,5580480
5,32,156,271,1898026
5,32,156,272,400956
5,32,156,273,51595
5,32,156,274,3586
5,32,156,275,105
5,32,156,276,0
5,32,156,277,0
5,32,156,278,0
5,32,156,279,0
5,32,156,280,0
5,32,156,281,0
5,32,156,282,0
5,32,156,283,0
5,32,157,0,0
5,32,157,1,0
5,32,157,2,0
5,32,157,3,0
5,32,157,4,0
5,32,157,5,0
5,32,157,6,0
5,32,157,7,0
5,32,157,8,0
5,32,157,9,0
5,32,157,10,0
5,32,157,11,0
5,32,157,12,0
5,32,157,13,0
5,32,157,14,0
5,32,157,15,0
5,32,157,16,0
5,32,157,17,0
5,32,157,18,0
5,32,157,19,0
5,32,157,20,0
5,32,157,21,0
5,32,157,22,0
5,32,157,23,0
5,32,157,24,0
5,32,157,25,0
5,32,157,26,0
5,32,157,27,0
5,32,157,28,0
5,32,157,29,0
5,32,157,30,0
5,32,157,31,0
5,32,157,32,0
5,32,157,33,0
5,32,157,34,0
5,32,157,35,0
5,32,157,36,0
5,32,157,37,0
5,32,157,38,0
5,32,157,39,0
5,32,157,40,0
5,32,157,41,0
5,32,157,42,0
5,32,157,43,0
5,32,157,44,0
5,32,157,45,0
5,32,157,46,0
5,32,157,47,0
5,32,157,48,0
5,32,157,49,0
5,32,157,50,0
5,32,157,51,0
5,32,157,52,0
5,32,157,53,0
5,32,157,54,0
5,32,157,55,0
5,32,157,56,0
5,32,157,57,0
5,32,157,58,0
5,32,157,59,0
5,32,157,60,0
5,32,157,61,0
5,32,157,62,0
5,32,157,63,0
5,32,157,64,0
5,32,157,65,0
5,32,157,66,0
5,32,157,67,0
5,32,157,68,0
5,32,157,69,0
5,32,157,70,0
5,32,157,71,0
5,32,157,72,0
5,32,157,73,0
5,32,157,74,0
5,32,157,75,0
5,32,157,76,0
5,32,157,77,0
5,32,157,78,0
5,32,157,79,0
5,32,157,80,0
5,32,157,81,0
5,32,157,82,0
5,32,157,83,0
5,32,157,84,0
5,32,157,85,0
5,32,157,86,0
5,32,157,87,0
5,32,157,88,0
5,32,157,89,0
5,32,157,90,0
5,32,157,91,0
5,32,157,92,0
5,32,157,93,0
5,32,157,94,0
5,32,157,95,0
5,32,157,96,0
5,32,157,97,0
5,32,157,98,0
5,32,157,99,0
5,32,157,100,0
5,32,157,101,0
5,32,157,102,0
5,32,157,103,0
5,32,157,104,0
5,32,157,105,0
5,32,157,106,0
5,32,157,107,0
5,32,157,108,0
5,32,157,109,0
5,32,157,110,0
5,32,157,111,0
5,32,157,112,0
5,32,157,113,0
5,32,157,114,0
5,32,157,115,0
5,32,157,116,0
5,32,157,117,0
5,32,157,118,0
5,32,157,119,0
5,32,157,120,0
5,32,157,121,0
5,32,157,122,0
5,32,157,123,0
5,32,157,124,0
5,32,157,125,0
5,32,157,126,0
5,32,157,127,0
5,32,157,128,0
5,32,157,129,0
5,32,157,130,0
5,32,157,131,0
5,32,157,132,0
5,32,157,133,0
5,32,157,134,0
5,32,157,135,0
5,32,157,136,0
5,32,157,137,0
5,32,157,138,0
5,32,157,139,0
5,32,157,140,0
5,32,157,141,0
5,32,157,142,0
5,32,157,143,0
5,32,157,144,0
5,32,157,145,0
5,32,157,146,0
5,32,157,147,0
5,32,157,148,0
5,32,157,149,0
5,32,157,150,0
5,32,157,151,0
5,32,157,152,0
5,32,157,153,0
5,32,157,154,0
5,32,157,155,0
5,32,157,156,0
5,32,157,157,0
5,32,157,158,0
5,32,157,159,0
5,32,157,160,0
5,32,157,161,0
5,32,157,162,0
5,32,157,163,0
5,32,157,164,0
5,32,157,165,0
5,32,157,166,0
5,32,157,167,0
5,32,157,168,0
5,32,157,169,0
5,32,157,170,0
5,32,157,171,0
5,32,157,172,0
5,32,157,173,0
5,32,157,174,0
5,32,157,175,0
5,32,157,176,0
5,32,157,177,0
5,32,157,178,0
5,32,157,179,0
5,32,157,180,0
5,32,157,181,0
5,32,157,182,0
5,32,157,183,0
5,32,157,184,0
5,32,157,185,0
5,32,157,186,0
5,32,157,187,0
5,32,157,188,0
5,32,157,189,0
5,32,157,190,0
5,32,157,191,0
5,32,157,192,0
5,32,157,193,0
5,32,157,194,0
5,32,157,195,0
5,32,157,196,0
5,32,157,197,0
5,32,157,198,0
5,32,157,199,0
5,32,157,200,0
5,32,157,201,0
5,32,157,202,0
5,32,157,203,0
5,32,157,204,0
5,32,157,205,0
5,32,157,206,0
5,32,157,207,0
5,32,157,208,0
5,32,157,209,0
5,32,157,210,0
5,32,157,211,0
5,32,157,212,0
5,32,157,213,0
5,32,157,214,0
5,32,157,215,0
5,32,157,216,0
5,32,157,217,0
5,32,157,218,0
5,32,157,219,0
5,32,157,220,0
5,32,157,221,0
5,32,157,222,0
5,32,157,223,0
5,32,157,224,0
5,32,157,225,0
5,32,157,226,0
5,32,157,227,0
5,32,157,228,0
5,32,157,229,0
5,32,157,230,0
5,32,157,231,0
5,32,157,232,0
5,32,157,233,0
5,32,157,234,0
5,32,157,235,0
5,32,157,236,0
5,32,157,237,0
5,32,157,238,0
5,32,157,239,0
5,32,157,240,0
5,32,157,241,0
5,32,157,242,0
5,32,157,243,0
5,32,157,244,0
5,32,157,245,0
5,32,157,246,0
5,32,157,247,0
5,32,157,248,0
5,32,157,249,0
5,32,157,250,0
5,32,157,251,0
5,32,157,252,0
5,32,157,253,0
5,32,157,254,0
5,32,157,255,0
5,32,157,256,0
5,32,157,257,0
5,32,157,258,0
5,32,157,259,0
5,32,157,260,0
5,32,157,261,0
5,32,157,262,0
5,32,157,263,0
5,32,157,264,0
5,32,157,265,0
5,32,157,266,0
5,32,157,267,0
5,32,157,268,0
5,32,157,269,0
5,32,157,270,0
5,32,157,271,104890
5,32,157,272,261188
5,32,157,273,214282
5,32,157,274,75026
5,32,157,275,13312
5,32,157,276,1182
5,32,157,277,40
5,32,157,278,0
5,32,157,279,0
5,32,157,280,0
5,32,157,281,0
5,32,157,282,0
5,32,157,283,0
5,32,158,0,0
5,32,158,1,0
5,32,158,2,0
5,32,158,3,0
5,32,158,4,0
5,32,158,5,0
5,32,158,6,0
5,32,158,7,0
5,32,158,8,0
5,32,158,9,0
5,32,158,10,0
5,32,158,11,0
5,32,158,12,0
5,32,158,13,0
5,32,158,14,0
5,32,158,15,0
5,32,158,16,0
5,32,158,17,0
5,32,158,18,0
5,32,158,19,0
5,32,158,20,0
5,32,158,21,0
5,32,158,22,0
5,32,158,23,0
5,32,158,24,0
5,32,158,25,0
5,32,158,26,0
5,32,158,27,0
5,32,158,28,0
5,32,158,29,0
5,32,158,30,0
5,32,158,31,0
5,32,158,32,0
5,32,158,33,0
5,32,158,34,0
5,32,158,35,0
5,32,158,36,0
5,32,158,37,0
5,32,158,38,0
5,32,158,39,0
5,32,158,40,0
5,32,158,41,0
5,32,158,42,0
5,32,158,43,0
5,32,158,44,0
5,32,158,45,0
5,32,158,46,0
5,32,158,47,0
5,32,158,48,0
5,32,158,49,0
5,32,158,50,0
5,32,158,51,0
5,32,158,52,0
5,32,158,53,0
5,32,158,54,0
5,32,158,55,0
5,32,158,56,0
5,32,158,57,0
5,32,158,58,0
5,32,158,59,0
5,32,158,60,0
5,32,158,61,0
5,32,158,62,0
5,32,158,63,0
5,32,158,64,0
5,32,158,65,0
5,32,158,66,0
5,32,158,67,0
5,32,158,68,0
5,32,158,69,0
5,32,158,70,0
5,32,158,71,0
5,32,158,72,0
5,32,158,73,0
5,32,158,74,0
5,32,158,75,0
5,32,158,76,0
5,32,158,77,0
5,32,158,78,0
5,32,158,79,0
5,32,158,80,0
5,32,158,81,0
5,32,158,82,0
5,32,158,83,0
5,32,158,84,0
5,32,158,85,0
5,32,158,86,0
5,32,158,87,0
5,32,158,88,0
5,32,158,89,0
5,32,158,90,0
5,32,158,91,0
5,32,158,92,0
5,32,158,93,0
5,32,158,94,0
5,32,158,95,0
5,32,158,96,0
5,32,158,97,0
5,32,158,98,0
5,32,158,99,0
5,32,158,100,0
5,32,158,101,0
5,32,158,102,0
5,32,158,103,0
5,32,158,104,0
5,32,158,105,0
5,32,158,106,0
5,32,158,107,0
5,32,158,108,0
5,32,158,109,0
5,32,158,110,0
5,32,158,111,0
5,32,158,112,0
5,32,158,113,0
5,32,158,114,0
5,32,158,115,0
5,32,158,116,0
5,32,158,117,0
5,32,158,118,0
5,32,158,119,0
5,32,158,120,0
5,32,158,121,0
5,32,158,122,0
5,32,158,123,0
5,32,158,124,0
5,32,158,125,0
5,32,158,126,0
5,32,158,127,0
5,32,158,128,0
5,32,158,129,0
5,32,158,130,0
5,32,158,131,0
5,32,158,132,0
5,32,158,133,0
5,32,158,134,0
5,32,158,135,0
5,32,158,136,0
5,32,158,137,0
5,32,158,138,0
5,32,158,139,0
5,32,158,140,0
5,32,158,141,0
5,32,158,142,0
5,32,158,143,0
5,32,158,144,0
5,32,158,145,0
5,32,158,146,0
5,32,158,147,0
5,32,158,148,0
5,32,158,149,0
5,32,158,150,0
5,32,158,151,0
5,32,158,152,0
5,32,158,153,0
5,32,158,154,0
5,32,158,155,0
5,32,158,156,0
5,32,158,157,0
5,32,158,158,0
5,32,158,159,0
5,32,158,160,0
5,32,158,161,0
5,32,158,162,0
5,32,158,163,0
5,32,158,164,0
5,32,158,165,0
5,32,158,166,0
5,32,158,167,0
5,32,158,168,0
5,32,158,169,0
5,32,158,170,0
5,32,158,171,0
5,32,158,172,0
5,32,158,173,0
5,32,158,174,0
5,32,158,175,0
5,32,158,176,0
5,32,158,177,0
5,32,158,178,0
5,32,158,179,0
5,32,158,180,0
5,32,158,181,0
5,32,158,182,0
5,32,158,183,0
5,32,158,184,0
5,32,158,185,0
5,32,158,186,0
5,32,158,187,0
5,32,158,188,0
5,32,158,189,0
5,32,158,190,0
5,32,158,191,0
5,32,158,192,0
5,32,158,193,0
5,32,158,194,0
5,32,158,195,0
5,32,158,196,0
5,32,158,197,0
5,32,158,198,0
5,32,158,199,0
5,32,158,200,0
5,32,158,201,0
5,32,158,202,0
5,32,158,203,0
5,32,158,204,0
5,32,158,205,0
5,32,158,206,0
5,32,158,207,0
5,32,158,208,0
5,32,158,209,0
5,32,158,210,0
5,32,158,211,0
5,32,158,212,0
5,32,158,213,0
5,32,158,214,0
5,32,158,215,0
5,32,158,216,0
5,32,158,217,0
5,32,158,218,0
5,32,158,219,0
5,32,158,220,0
5,32,158,221,0
5,32,158,222,0
5,32,158,223,0
5,32,158,224,0
5,32,158,225,0
5,32,158,226,0
5,32,158,227,0
5,32,158,228,0
5,32,158,229,0
5,32,158,230,0
5,32,158,231,0
5,32,158,232,0
5,32,158,233,0
5,32,158,234,0
5,32,158,235,0
5,32,158,236,0
5,32,158,237,0
5,32,158,238,0
5,32,158,239,0
5,32,158,240,0
5,32,158,241,0
5,32,158,242,0
5,32,158,243,0
5,32,158,244,0
5,32,158,245,0
5,32,158,246,0
5,32,158,247,0
5,32,158,248,0
5,32,158,249,0
5,32,158,250,0
5,32,158,251,0
5,32,158,252,0
5,32,158,253,0
5,32,158,254,0
5,32,158,255,0
5,32,158,256,0
5,32,158,257,0
5,32,158,258,0
5,32,158,259,0
5,32,158,260,0
5,32,158,261,0
5,32,158,262,0
5,32,158,263,0
5,32,158,264,0
5,32,158,265,0
5,32,158,266,0
5,32,158,267,0
5,32,158,268,0
5,32,158,269,0
5,32,158,270,0
5,32,158,271,0
5,32,158,272,0
5,32,158,273,0
5,32,158,274,0
5,32,158,275,3858
5,32,158,276,6021
5,32,158,277,2509
5,32,158,278,318
5,32,158,279,14
5,32,158,280,0
5,32,158,281,0
5,32,158,282,0
5,32,158,283,0
5,32,159,0,0
5,32,159,1,0
5,32,159,2,0
5,32,159,3,0
5,32,159,4,0
5,32,159,5,0
5,32,159,6,0
5,32,159,7,0
5,32,159,8,0
5,32,159,9,0
5,32,159,10,0
5,32,159,11,0
5,32,159,12,0
5,32,159,13,0
5,32,159,14,0
5,32,159,15,0
5,32,159,16,0
5,32,159,17,0
5,32,159,18,0
5,32,159,19,0
5,32,159,20,0
5,32,159,21,0
5,32,159,22,0
5,32,159,23,0
5,32,159,24,0
5,32,159,25,0
5,32,159,26,0
5,32,159,27,0
5,32,159,28,0
5,32,159,29,0
5,32,159,30,0
5,32,159,31,0
5,32,159,32,0
5,32,159,33,0
5,32,159,34,0
5,32,159,35,0
5,32,159,36,0
5,32,159,37,0
5,32,159,38,0
5,32,159,39,0
5,32,159,40,0
5,32,159,41,0
5,32,159,42,0
5,32,159,43,0
5,32,159,44,0
5,32,159,45,0
5,32,159,46,0
5,32,159,47,0
5,32,159,48,0
5,32,159,49,0
5,32,159,50,0
5,32,159,51,0
5,32,159,52,0
5,32,159,53,0
5,32,159,54,0
5,32,159,55,0
5,32,159,56,0
5,32,159,57,0
5,32,159,58,0
5,32,159,59,0
5,32,159,60,0
5,32,159,61,0
5,32,159,62,0
5,32,159,63,0
5,32,159,64,0
5,32,159,65,0
5,32,159,66,0
5,32,159,67,0
5,32,159,68,0
5,32,159,69,0
5,32,159,70,0
5,32,159,71,0
5,32,159,72,0
5,32,159,73,0
5,32,159,74,0
5,32,159,75,0
5,32,159,76,0
5,32,159,77,0
5,32,159,78,0
5,32,159,79,0
5,32,159,80,0
5,32,159,81,0
5,32,159,82,0
5,32,159,83,0
5,32,159,84,0
5,32,159,85,0
5,32,159,86,0
5,32,159,87,0
5,32,159,88,0
5,32,159,89,0
5,32,159,90,0
5,32,159,91,0
5,32,159,92,0
5,32,159,93,0
5,32,159,94,0
5,32,159,95,0
5,32,159,96,0
5,32,159,97,0
5,32,159,98,0
5,32,159,99,0
5,32,159,100,0
5,32,159,101,0
5,32,159,102,0
5,32,159,103,0
5,32,159,104,0
5,32,159,105,0
5,32,159,106,0
5,32,159,107,0
5,32,159,108,0
5,32,159,109,0
5,32,159,110,0
5,32,159,111,0
5,32,159,112,0
5,32,159,113,0
5,32,159,114,0
5,32,159,115,0
5,32,159,116,0
5,32,159,117,0
5,32,159,118,0
5,32,159,119,0
5,32,159,120,0
5,32,159,121,0
5,32,159,122,0
5,32,159,123,0
5,32,159,124,0
5,32,159,125,0
5,32,159,126,0
5,32,159,127,0
5,32,159,128,0
5,32,159,129,0
5,32,159,130,0
5,32,159,131,0
5,32,159,132,0
5,32,159,133,0
5,32,159,134,0
5,32,159,135,0
5,32,159,136,0
5,32,159,137,0
5,32,159,138,0
5,32,159,139,0
5,32,159,140,0
5,32,159,141,0
5,32,159,142,0
5,32,159,143,0
5,32,159,144,0
5,32,159,145,0
5,32,159,146,0
5,32,159,147,0
5,32,159,148,0
5,32,159,149,0
5,32,159,150,0
5,32,159,151,0
5,32,159,152,0
5,32,159,153,0
5,32,159,154,0
5,32,159,155,0
5,32,159,156,0
5,32,159,157,0
5,32,159,158,0
5,32,159,159,0
5,32,159,160,0
5,32,159,161,0
5,32,159,162,0
5,32,159,163,0
5,32,159,164,0
5,32,159,165,0
5,32,159,166,0
5,32,159,167,0
5,32,159,168,0
5,32,159,169,0
5,32,159,170,0
5,32,159,171,0
5,32,159,172,0
5,32,159,173,0
5,32,159,174,0
5,32,159,175,0
5,32,159,176,0
5,32,159,177,0
5,32,159,178,0
5,32,159,179,0
5,32,159,180,0
5,32,159,181,0
5,32,159,182,0
5,32,159,183,0
5,32,159,184,0
5,32,159,185,0
5,32,159,186,0
5,32,159,187,0
5,32,159,188,0
5,32,159,189,0
5,32,159,190,0
5,32,159,191,0
5,32,159,192,0
5,32,159,193,0
5,32,159,194,0
5,32,159,195,0
5,32,159,196,0
5,32,159,197,0
5,32,159,198,0
5,32,159,199,0
5,32,159,200,0
5,32,159,201,0
5,32,159,202,0
5,32,159,203,0
5,32,159,204,0
5,32,159,205,0
5,32,159,206,0
5,32,159,207,0
5,32,159,208,0
5,32,159,209,0
5,32,159,210,0
5,32,159,211,0
5,32,159,212,0
5,32,159,213,0
5,32,159,214,0
5,32,159,215,0
5,32,159,216,0
5,32,159,217,0
5,32,159,218,0
5,32,159,219,0
5,32,159,220,0
5,32,159,221,0
5,32,159,222,0
5,32,159,223,0
5,32,159,224,0
5,32,159,225,0
5,32,159,226,0
5,32,159,227,0
5,32,159,228,0
5,32,159,229,0
5,32,159,230,0
5,32,159,231,0
5,32,159,232,0
5,32,159,233,0
5,32,159,234,0
5,32,159,235,0
5,32,159,236,0
5,32,159,237,0
5,32,159,238,0
5,32,159,239,0
5,32,159,240,0
5,32,159,241,0
5,32,159,242,0
5,32,159,243,0
5,32,159,244,0
5,32,159,245,0
5,32,159,246,0
5,32,159,247,0
5,32,159,248,0
5,32,159,249,0
5,32,159,250,0
5,32,159,251,0
5,32,159,252,0
5,32,159,253,0
5,32,159,254,0
5,32,159,255,0
5,32,159,256,0
5,32,159,257,0
5,32,159,258,0
5,32,159,259,0
5,32,159,260,0
5,32,159,261,0
5,32,159,262,0
5,32,159,263,0
5,32,159,264,0
5,32,159,265,0
5,32,159,266,0
5,32,159,267,0
5,32,159,268,0
5,32,159,269,0
5,32,159,270,0
5,32,159,271,0
5,32,159,272,0
5,32,159,273,0
5,32,159,274,0
5,32,159,275,0
5,32,159,276,0
5,32,159,277,0
5,32,159,278,0
5,32,159,279,90
5,32,159,280,66
5,32,159,281,4
5,32,159,282,0
5,32,159,283,0
5,32,160,0,0
5,32,160,1,0
5,32,160,2,0
5,32,160,3,0
5,32,160,4,0
5,32,160,5,0
5,32,160,6,0
5,32,160,7,0
5,32,160,8,0
5,32,160,9,0
5,32,160,10,0
5,32,160,11,0
5,32,160,12,0
5,32,160,13,0
5,32,160,14,0
5,32,160,15,0
5,32,160,16,0
5,32,160,17,0
5,32,160,18,0
5,32,160,19,0
5,32,160,20,0
5,32,160,21,0
5,32,160,22,0
5,32,160,23,0
5,32,160,24,0
5,32,160,25,0
5,32,160,26,0
5,32,160,27,0
5,32,160,28,0
5,32,160,29,0
5,32,160,30,0
5,32,160,31,0
5,32,160,32,0
5,32,160,33,0
5,32,160,34,0
5,32,160,35,0
5,32,160,36,0
5,32,160,37,0
5,32,160,38,0
5,32,160,39,0
5,32,160,40,0
5,32,160,41,0
5,32,160,42,0
5,32,160,43,0
5,32,160,44,0
5,32,160,45,0
5,32,160,46,0
5,32,160,47,0
5,32,160,48,0
5,32,160,49,0
5,32,160,50,0
5,32,160,51,0
5,32,160,52,0
5,32,160,53,0
5,32,160,54,0
5,32,160,55,0
5,32,160,56,0
5,32,160,57,0
5,32,160,58,0
5,32,160,59,0
5,32,160,60,0
5,32,160,61,0
5,32,160,62,0
5,32,160,63,0
5,32,160,64,0
5,32,160,65,0
5,32,160,66,0
5,32,160,67,0
5,32,160,68,0
5,32,160,69,0
5,32,160,70,0
5,32,160,71,0
5,32,160,72,0
5,32,160,73,0
5,32,160,74,0
5,32,160,75,0
5,32,160,76,0
5,32,160,77,0
5,32,160,78,0
5,32,160,79,0
5,32,160,80,0
5,32,160,81,0
5,32,160,82,0
5,32,160,83,0
5,32,160,84,0
5,32,160,85,0
5,32,160,86,0
5,32,160,87,0
5,32,160,88,0
5,32,160,89,0
5,32,160,90,0
5,32,160,91,0
5,32,160,92,0
5,32,160,93,0
5,32,160,94,0
5,32,160,95,0
5,32,160,96,0
5,32,160,97,0
5,32,160,98,0
5,32,160,99,0
5,32,160,100,0
5,32,160,101,0
5,32,160,102,0
5,32,160,103,0
5,32,160,104,0
5,32,160,105,0
5,32,160,106,0
5,32,160,107,0
5,32,160,108,0
5,32,160,109,0
5,32,160,110,0
5,32,160,111,0
5,32,160,112,0
5,32,160,113,0
5,32,160,114,0
5,32,160,115,0
5,32,160,116,0
5,32,160,117,0
5,32,160,118,0
5,32,160,119,0
5,32,160,120,0
5,32,160,121,0
5,32,160,122,0
5,32,160,123,0
5,32,160,124,0
5,32,160,125,0
5,32,160,126,0
5,32,160,127,0
5,32,160,128,0
5,32,160,129,0
5,32,160,130,0
5,32,160,131,0
5,32,160,132,0
5,32,160,133,0
5,32,160,134,0
5,32,160,135,0
5,32,160,136,0
5,32,160,137,0
5,32,160,138,0
5,32,160,139,0
5,32,160,140,0
5,32,160,141,0
5,32,160,142,0
5,32,160,143,0
5,32,160,144,0
5,32,160,145,0
5,32,160,146,0
5,32,160,147,0
5,32,160,148,0
5,32,160,149,0
5,32,160,150,0
5,32,160,151,0
5,32,160,152,0
5,32,160,153,0
5,32,160,154,0
5,32,160,155,0
5,32,160,156,0
5,32,160,157,0
5,32,160,158,0
5,32,160,159,0
5,32,160,160,0
5,32,160,161,0
5,32,160,162,0
5,32,160,163,0
5,32,160,164,0
5,32,160,165,0
5,32,160,166,0
5,32,160,167,0
5,32,160,168,0
5,32,160,169,0
5,32,160,170,0
5,32,160,171,0
5,32,160,172,0
5,32,160,173,0
5,32,160,174,0
5,32,160,175,0
5,32,160,176,0
5,32,160,177,0
5,32,160,178,0
5,32,160,179,0
5,32,160,180,0
5,32,160,181,0
5,32,160,182,0
5,32,160,183,0
5,32,160,184,0
5,32,160,185,0
5,32,160,186,0
5,32,160,187,0
5,32,160,188,0
5,32,160,189,0
5,32,160,190,0
5,32,160,191,0
5,32,160,192,0
5,32,160,193,0
5,32,160,194,0
5,32,160,195,0
5,32,160,196,0
5,32,160,197,0
5,32,160,198,0
5,32,160,199,0
5,32,160,200,0
5,32,160,201,0
5,32,160,202,0
5,32,160,203,0
5,32,160,204,0
5,32,160,205,0
5,32,160,206,0
5,32,160,207,0
5,32,160,208,0
5,32,160,209,0
5,32,160,210,0
5,32,160,211,0
5,32,160,212,0
5,32,160,213,0
5,32,160,214,0
5,32,160,215,0
5,32,160,216,0
5,32,160,217,0
5,32,160,218,0
5,32,160,219,0
5,32,160,220,0
5,32,160,221,0
5,32,160,222,0
5,32,160,223,0
5,32,160,224,0
5,32,160,225,0
5,32,160,226,0
5,32,160,227,0
5,32,160,228,0
5,32,160,229,0
5,32,160,230,0
5,32,160,231,0
5,32,160,232,0
5,32,160,233,0
5,32,160,234,0
5,32,160,235,0
5,32,160,236,0
5,32,160,237,0
5,32,160,238,0
5,32,160,239,0
5,32,160,240,0
5,32,160,241,0
5,32,160,242,0
5,32,160,243,0
5,32,160,244,0
5,32,160,245,0
5,32,160,246,0
5,32,160,247,0
5,32,160,248,0
5,32,160,249,0
5,32,160,250,0
5,32,160,251,0
5,32,160,252,0
5,32,160,253,0
5,32,160,254,0
5,32,160,255,0
5,32,160,256,0
5,32,160,257,0
5,32,160,258,0
5,32,160,259,0
5,32,160,260,0
5,32,160,261,0
5,32,160,262,0
5,32,160,263,0
5,32,160,264,0
5,32,160,265,0
5,32,160,266,0
5,32,160,267,0
5,32,160,268,0
5,32,160,269,0
5,32,160,270,0
5,32,160,271,0
5,32,160,272,0
5,32,160,273,0
5,32,160,274,0
5,32,160,275,0
5,32,160,276,0
5,32,160,277,0
5,32,160,278,0
5,32,160,279,0
5,32,160,280,0
5,32,160,281,0
5,32,160,282,0
5,32,160,283,1
.DONE.
